0000000000000000000000000000000000000000000000000000000000000000000000
0000000000000000000000000000000000000000000000000000000000000000000000
0000000000000000000000000000000000000000000000000000000000000000000000
0000000000000000000000000000000000000000000000000000000000000000000000
0000000000000000000000000000000000000000000000000000000000000000000000
0000000000000000000000000000000000000000000000000000000000000000000000
0000000000000000000000000000000000000000000000000000000000000000000000
0000000000000000000000000000000000000000000000000000000000000000000000
0000000000000000000000000000000000000000000000000000000000000000000000
0000000000000000000000000000000000000000000000000000000000000000000000
0000000000000000000000000000000000000000000000000000000000000000000000
0000000000000000000000000000000000000000000000000000000000000000000000
0000000000000000000000000000000000000000000000000000000000000000000000
0000000000000000000000000000000000000000000000000000000000000000000000
0000000000000000000000000000000000000000000000000000000000000000000000
0000000000000000000000000000000000000000000000000000000000000000000000
0000000000000000000000000000000000000000000000000000000000000000000000
0000000000000000000000000000000000000000000000000000000000000000000000
0000000000000000000000000000000000000000000000000000000000000000000000
0000000000000000000000000000000000000000000000000000000000000000000000
0000000000000000000000000000000000000000000000000000000000000000000000
0000000000000000000000000000000000000000000000000000000000000000000000
0000000000000000000000000000000000000000000000000000000000000000000000
0000000000000000000000000000000000000000000000000000000000000000000000
0000000000000000000000000000000000000000000000000000000000000000000000
0000000000000000000000000000000000000000000000000000000000000000000000
0000000000000000000000000000000000000000000000000000000000000000000000
0000000000000000000000000000000000000000000000000000000000000000000000
0000000000000000000000000000000000000000000000000000000000000000000000
0000000000000000000000000000000000000000000000000000000000000000000000
0000000000000000000000000000000000000000000000000000000000000000000000
0000000000000000000000000000000000000000000000000000000000000000000000
0000000000000000000000000000000000000000000000000000000000000000000000
0000000000000000000000000000000000000000000000000000000000000000000000
0000000000000000000000000000000000000000000000000000000000000000000000
0000000000000000000000000000000000000000000000000000000000000000000000
0000000000000000000000000000000000000000000000000000000000000000000000
0000000000000000000000000000000000000000000000000000000000000000000000
0000000000000000000000000000000000000000000000000000000000000000000000
0000000000000000000000000000000000000000000000000000000000000000000000
0000000000000000000000000000000000000000000000000000000000000000000000
0000000000000000000000000000000000000000000000000000000000000000000000
0000000000000000000000000000000000000000000000000000000000000000000000
0000000000000000000000000000000000000000000000000000000000000000000000
0000000000000000000000000000000000000000000000000000000000000000000000
0000000000000000000000000000000000000000000000000000000000000000000000
0000000000000000000000000000000000000000000000000000000000000000000000
0000000000000000000000000000000000000000000000000000000000000000000000
0000000000000000000000000000000000000000000000000000000000000000000000
0000000000000000000000000000000000000000000000000000000000000000000000
0000000000000000000000000000000000000000000000000000000000000000000000
0000000000000000000000000000000000000000000000000000000000000000000000
0000000000000000000000000000000000000000000000000000000000000000000000
0000000000000000000000000000000000000000000000000000000000000000000000
0000000000000000000000000000000000000000000000000000000000000000000000
0000000000000000000000000000000000000000000000000000000000000000000000
0000000000000000000000000000000000000000000000000000000000000000000000
0000000000000000000000000000000000000000000000000000000000000000000000
0000000000000000000000000000000000000000000000000000000000000000000000
0000000000000000000000000000000000000000000000000000000000000000000000
0000000000000000000000000000000000000000000000000000000000000000000000
0000000000000000000000000000000000000000000000000000000000000000000000
0000000000000000000000000000000000000000000000000000000000000000000000
0000000000000000000000000000000000000000000000000000000000000000000000
0000000000000000000000000000000000000000000000000000000000000000000000
0000000000000000000000000000000000000000000000000000000000000000000000
0000000000000000000000000000000000000000000000000000000000000000000000
0000000000000000000000000000000000000000000000000000000000000000000000
0000000000000000000000000000000000000000000000000000000000000000000000
0000000000000000000000000000000000000000000000000000000000000000000000
0000000000000000000000000000000000000000000000000000000000000000000000
0000000000000000000000000000000000000000000000000000000000000000000000
0000000000000000000000000000000000000000000000000000000000000000000000
0000000000000000000000000000000000000000000000000000000000000000000000
0000000000000000000000000000000000000000000000000000000000000000000000
0000000000000000000000000000000000000000000000000000000000000000000000
0000000000000000000000000000000000000000000000000000000000000000000000
0000000000000000000000000000000000000000000000000000000000000000000000
0000000000000000000000000000000000000000000000000000000000000000000000
0000000000000000000000000000000000000000000000000000000000000000000000
0000000000000000000000000000000000000000000000000000000000000000000000
0000000000000000000000000000000000000000000000000000000000000000000000
0000000000000000000000000000000000000000000000000000000000000000000000
0000000000000000000000000000000000000000000000000000000000000000000000
0000000000000000000000000000000000000000000000000000000000000000000000
0000000000000000000000000000000000000000000000000000000000000000000000
0000000000000000000000000000000000000000000000000000000000000000000000
0000000000000000000000000000000000000000000000000000000000000000000000
0000000000000000000000000000000000000000000000000000000000000000000000
0000000000000000000000000000000000000000000000000000000000000000000000
0000000000000000000000000000000000000000000000000000000000000000000000
0000000000000000000000000000000000000000000000000000000000000000000000
0000000000000000000000000000000000000000000000000000000000000000000000
0000000000000000000000000000000000000000000000000000000000000000000000
0000000000000000000000000000000000000000000000000000000000000000000000
0000000000000000000000000000000000000000000000000000000000000000000000
0000000000000000000000000000000000000000000000000000000000000000000000
0000000000000000000000000000000000000000000000000000000000000000000000
0000000000000000000000000000000000000000000000000000000000000000000000
0000000000000000000000000000000000000000000000000000000000000000000000
0000000000000000000000000000000000000000000000000000000000000000000000
0000000000000000000000000000000000000000000000000000000000000000000000
0000000000000000000000000000000000000000000000000000000000000000000000
0000000000000000000000000000000000000000000000000000000000000000000000
0000000000000000000000000000000000000000000000000000000000000000000000
0000000000000000000000000000000000000000000000000000000000000000000000
0000000000000000000000000000000000000000000000000000000000000000000000
0000000000000000000000000000000000000000000000000000000000000000000000
0000000000000000000000000000000000000000000000000000000000000000000000
0000000000000000000000000000000000000000000000000000000000000000000000
0000000000000000000000000000000000000000000000000000000000000000000000
0000000000000000000000000000000000000000000000000000000000000000000000
0000000000000000000000000000000000000000000000000000000000000000000000
0000000000000000000000000000000000000000000000000000000000000000000000
0000000000000000000000000000000000000000000000000000000000000000000000
0000000000000000000000000000000000000000000000000000000000000000000000
0000000000000000000000000000000000000000000000000000000000000000000000
0000000000000000000000000000000000000000000000000000000000000000000000
0000000000000000000000000000000000000000000000000000000000000000000000
0000000000000000000000000000000000000000000000000000000000000000000000
0000000000000000000000000000000000000000000000000000000000000000000000
0000000000000000000000000000000000000000000000000000000000000000000000
0000000000000000000000000000000000000000000000000000000000000000000000
0000000000000000000000000000000000000000000000000000000000000000000000
0000000000000000000000000000000000000000000000000000000000000000000000
0000000000000000000000000000000000000000000000000000000000000000000000
0000000000000000000000000000000000000000000000000000000000000000000000
0000000000000000000000000000000000000000000000000000000000000000000000
0000000000000000000000000000000000000000000000000000000000000000000000
0000000000000000000000000000000000000000000000000000000000000000000000
0000000000000000000000000000000000000000000000000000000000000000000000
0000000000000000000000000000000000000000000000000000000000000000000000
0000000000000000000000000000000000000000000000000000000000000000000000
0000000000000000000000000000000000000000000000000000000000000000000000
0000000000000000000000000000000000000000000000000000000000000000000000
0000000000000000000000000000000000000000000000000000000000000000000000
0000000000000000000000000000000000000000000000000000000000000000000000
0000000000000000000000000000000000000000000000000000000000000000000000
0000000000000000000000000000000000000000000000000000000000000000000000
0000000000000000000000000000000000000000000000000000000000000000000000
0000000000000000000000000000000000000000000000000000000000000000000000
0000000000000000000000000000000000000000000000000000000000000000000000
0000000000000000000000000000000000000000000000000000000000000000000000
0000000000000000000000000000000000000000000000000000000000000000000000
0000000000000000000000000000000000000000000000000000000000000000000000
0000000000000000000000000000000000000000000000000000000000000000000000
0000000000000000000000000000000000000000000000000000000000000000000000
0000000000000000000000000000000000000000000000000000000000000000000000
0000000000000000000000000000000000000000000000000000000000000000000000
0000000000000000000000000000000000000000000000000000000000000000000000
0000000000000000000000000000000000000000000000000000000000000000000000
0000000000000000000000000000000000000000000000000000000000000000000000
0000000000000000000000000000000000000000000000000000000000000000000000
0000000000000000000000000000000000000000000000000000000000000000000000
0000000000000000000000000000000000000000000000000000000000000000000000
0000000000000000000000000000000000000000000000000000000000000000000000
0000000000000000000000000000000000000000000000000000000000000000000000
0000000000000000000000000000000000000000000000000000000000000000000000
0000000000000000000000000000000000000000000000000000000000000000000000
0000000000000000000000000000000000000000000000000000000000000000000000
0000000000000000000000000000000000000000000000000000000000000000000000
0000000000000000000000000000000000000000000000000000000000000000000000
0000000000000000000000000000000000000000000000000000000000000000000000
0000000000000000000000000000000000000000000000000000000000000000000000
0000000000000000000000000000000000000000000000000000000000000000000000
0000000000000000000000000000000000000000000000000000000000000000000000
0000000000000000000000000000000000000000000000000000000000000000000000
0000000000000000000000000000000000000000000000000000000000000000000000
0000000000000000000000000000000000000000000000000000000000000000000000
0000000000000000000000000000000000000000000000000000000000000000000000
0000000000000000000000000000000000000000000000000000000000000000000000
0000000000000000000000000000000000000000000000000000000000000000000000
0000000000000000000000000000000000000000000000000000000000000000000000
0000000000000000000000000000000000000000000000000000000000000000000000
0000000000000000000000000000000000000000000000000000000000000000000000
0000000000000000000000000000000000000000000000000000000000000000000000
0000000000000000000000000000000000000000000000000000000000000000000000
0000000000000000000000000000000000000000000000000000000000000000000000
0000000000000000000000000000000000000000000000000000000000000000000000
0000000000000000000000000000000000000000000000000000000000000000000000
0000000000000000000000000000000000000000000000000000000000000000000000
0000000000000000000000000000000000000000000000000000000000000000000000
0000000000000000000000000000000000000000000000000000000000000000000000
0000000000000000000000000000000000000000000000000000000000000000000000
0000000000000000000000000000000000000000000000000000000000000000000000
0000000000000000000000000000000000000000000000000000000000000000000000
0000000000000000000000000000000000000000000000000000000000000000000000
0000000000000000000000000000000000000000000000000000000000000000000000
0000000000000000000000000000000000000000000000000000000000000000000000
0000000000000000000000000000000000000000000000000000000000000000000000
0000000000000000000000000000000000000000000000000000000000000000000000
0000000000000000000000000000000000000000000000000000000000000000000000
0000000000000000000000000000000000000000000000000000000000000000000000
0000000000000000000000000000000000000000000000000000000000000000000000
0000000000000000000000000000000000000000000000000000000000000000000000
0000000000000000000000000000000000000000000000000000000000000000000000
0000000000000000000000000000000000000000000000000000000000000000000000
0000000000000000000000000000000000000000000000000000000000000000000000
0000000000000000000000000000000000000000000000000000000000000000000000
0000000000000000000000000000000000000000000000000000000000000000000000
0000000000000000000000000000000000000000000000000000000000000000000000
0000000000000000000000000000000000000000000000000000000000000000000000
0000000000000000000000000000000000000000000000000000000000000000000000
0000000000000000000000000000000000000000000000000000000000000000000000
0000000000000000000000000000000000000000000000000000000000000000000000
0000000000000000000000000000000000000000000000000000000000000000000000
0000000000000000000000000000000000000000000000000000000000000000000000
0000000000000000000000000000000000000000000000000000000000000000000000
0000000000000000000000000000000000000000000000000000000000000000000000
0000000000000000000000000000000000000000000000000000000000000000000000
0000000000000000000000000000000000000000000000000000000000000000000000
0000000000000000000000000000000000000000000000000000000000000000000000
0000000000000000000000000000000000000000000000000000000000000000000000
0000000000000000000000000000000000000000000000000000000000000000000000
0000000000000000000000000000000000000000000000000000000000000000000000
0000000000000000000000000000000000000000000000000000000000000000000000
0000000000000000000000000000000000000000000000000000000000000000000000
0000000000000000000000000000000000000000000000000000000000000000000000
0000000000000000000000000000000000000000000000000000000000000000000000
0000000000000000000000000000000000000000000000000000000000000000000000
0000000000000000000000000000000000000000000000000000000000000000000000
0000000000000000000000000000000000000000000000000000000000000000000000
0000000000000000000000000000000000000000000000000000000000000000000000
0000000000000000000000000000000000000000000000000000000000000000000000
0000000000000000000000000000000000000000000000000000000000000000000000
0000000000000000000000000000000000000000000000000000000000000000000000
0000000000000000000000000000000000000000000000000000000000000000000000
0000000000000000000000000000000000000000000000000000000000000000000000
0000000000000000000000000000000000000000000000000000000000000000000000
0000000000000000000000000000000000000000000000000000000000000000000000
0000000000000000000000000000000000000000000000000000000000000000000000
0000000000000000000000000000000000000000000000000000000000000000000000
0000000000000000000000000000000000000000000000000000000000000000000000
0000000000000000000000000000000000000000000000000000000000000000000000
0000000000000000000000000000000000000000000000000000000000000000000000
0000000000000000000000000000000000000000000000000000000000000000000000
0000000000000000000000000000000000000000000000000000000000000000000000
0000000000000000000000000000000000000000000000000000000000000000000000
0000000000000000000000000000000000000000000000000000000000000000000000
0000000000000000000000000000000000000000000000000000000000000000000000
0000000000000000000000000000000000000000000000000000000000000000000000
0000000000000000000000000000000000000000000000000000000000000000000000
0000000000000000000000000000000000000000000000000000000000000000000000
0000000000000000000000000000000000000000000000000000000000000000000000
0000000000000000000000000000000000000000000000000000000000000000000000
0000000000000000000000000000000000000000000000000000000000000000000000
0000000000000000000000000000000000000000000000000000000000000000000000
0000000000000000000000000000000000000000000000000000000000000000000000
0000000000000000000000000000000000000000000000000000000000000000000000
0000000000000000000000000000000000000000000000000000000000000000000000
0000000000000000000000000000000000000000000000000000000000000000000000
0000000000000000000000000000000000000000000000000000000000000000000000
0000000000000000000000000000000000000000000000000000000000000000000000
0000000000000000000000000000000000000000000000000000000000000000000000
0000000000000000000000000000000000000000000000000000000000000000000000
0000000000000000000000000000000000000000000000000000000000000000000000
000000801ffffff800000002007fffffe00000000801ffffff800000002007fffffe00
000000801ffffff800000002007fffffe00000000801ffffff800000002007fffffe00
000000801ffffff800000002007fffffe00000000801ffffff800000002007fffffe00
000000801ffffff800000002007fffffe00000000801ffffff800000002007fffffe00
000000801ffffff800000002007fffffe00000000801ffffff800000002007fffffe00
000000801ffffff800000002007fffffe00000000801ffffff800000002007fffffe00
000000801ffffff800000002007fffffe00000000801ffffff800000002007fffffe00
000000801ffffff800000002007fffffe00000000801ffffff800000002007fffffe00
000000801ffffff800000002007fffffe00000000801ffffff800000002007fffffe00
000000801ffffff800000002007fffffe00000000801ffffff800000002007fffffe00
000000801ffffff800000002007fffffe00000000801ffffff800000002007fffffe00
000000801ffffff800000002007fffffe00000000801ffffff800000002007fffffe00
000000801ffffff800000002007fffffe00000000801ffffff800000002007fffffe00
000000801ffffff800000002007fffffe00000000801ffffff800000002007fffffe00
000000801ffffff800000002007fffffe00000000801ffffff800000002007fffffe00
000000801ffffff800000002007fffffe00000000801ffffff800000002007fffffe00
000000801ffffff800000002007fffffe00000000801ffffff800000002007fffffe00
000000801ffffff800000002007fffffe00000000801ffffff800000002007fffffe00
000000801ffffff800000002007fffffe00000000801ffffff800000002007fffffe00
000000801ffffff800000002007fffffe00000000801ffffff800000002007fffffe00
000000801ffffff800000002007fffffe00000000801ffffff800000002007fffffe00
000000801ffffff800000002007fffffe00000000801ffffff800000002007fffffe00
000000801ffffff800000002007fffffe00000000801ffffff800000002007fffffe00
000000801ffffff800000002007fffffe00000000801ffffff800000002007fffffe00
000000801ffffff800000002007fffffe00000000801ffffff800000002007fffffe00
000000801ffffff800000002007fffffe00000000801ffffff800000002007fffffe00
000000801ffffff800000002007fffffe00000000801ffffff800000002007fffffe00
000000801ffffff800000002007fffffe00000000801ffffff800000002007fffffe00
000000801ffffff800000002007fffffe00000000801ffffff800000002007fffffe00
000000801ffffff800000002007fffffe00000000801ffffff800000002007fffffe00
000000801ffffff800000002007fffffe00000000801ffffff800000002007fffffe00
000000801ffffff800000002007fffffe00000000801ffffff800000002007fffffe00
000000801ffffff800000002007fffffe00000000801ffffff800000002007fffffe00
000000801ffffff800000002007fffffe00000000801ffffff800000002007fffffe00
000000801ffffff800000002007fffffe00000000801ffffff800000002007fffffe00
000000801ffffff800000002007fffffe00000000801ffffff800000002007fffffe00
000000801ffffff800000002007fffffe00000000801ffffff800000002007fffffe00
000000801ffffff800000002007fffffe00000000801ffffff800000002007fffffe00
000000801ffffff800000002007fffffe00000000801ffffff800000002007fffffe00
000000801ffffff800000002007fffffe00000000801ffffff800000002007fffffe00
000000801ffffff800000002007fffffe00000000801ffffff800000002007fffffe00
000000801ffffff800000002007fffffe00000000801ffffff800000002007fffffe00
000000801ffffff800000002007fffffe00000000801ffffff800000002007fffffe00
000000801ffffff800000002007fffffe00000000801ffffff800000002007fffffe00
000000801ffffff800000002007fffffe00000000801ffffff800000002007fffffe00
000000801ffffff800000002007fffffe00000000801ffffff800000002007fffffe00
000000801ffffff800000002007fffffe00000000801ffffff800000002007fffffe00
000000801ffffff800000002007fffffe00000000801ffffff800000002007fffffe00
000000801ffffff800000002007fffffe00000000801ffffff800000002007fffffe00
000000801ffffff800000002007fffffe00000000801ffffff800000002007fffffe00
000000801ffffff800000002007fffffe00000000801ffffff800000002007fffffe00
000000801ffffff800000002007fffffe00000000801ffffff800000002007fffffe00
000000801ffffff800000002007fffffe00000000801ffffff800000002007fffffe00
000000801ffffff800000002007fffffe00000000801ffffff800000002007fffffe00
000000801ffffff800000002007fffffe00000000801ffffff800000002007fffffe00
000000801ffffff800000002007fffffe00000000801ffffff800000002007fffffe00
000000801ffffff800000002007fffffe00000000801ffffff800000002007fffffe00
000000801ffffff800000002007fffffe00000000801ffffff800000002007fffffe00
000000801ffffff800000002007fffffe00000000801ffffff800000002007fffffe00
000000801ffffff800000002007fffffe00000000801ffffff800000002007fffffe00
000000801ffffff800000002007fffffe00000000801ffffff800000002007fffffe00
000000801ffffff800000002007fffffe00000000801ffffff800000002007fffffe00
000000801ffffff800000002007fffffe00000000801ffffff800000002007fffffe00
000000801ffffff800000002007fffffe00000000801ffffff800000002007fffffe00
000000801ffffff800000002007fffffe00000000801ffffff800000002007fffffe00
000000801ffffff800000002007fffffe00000000801ffffff800000002007fffffe00
000000801ffffff800000002007fffffe00000000801ffffff800000002007fffffe00
000000801ffffff800000002007fffffe00000000801ffffff800000002007fffffe00
000000801ffffff800000002007fffffe00000000801ffffff800000002007fffffe00
000000801ffffff800000002007fffffe00000000801ffffff800000002007fffffe00
000000801ffffff800000002007fffffe00000000801ffffff800000002007fffffe00
000000801ffffff800000002007fffffe00000000801ffffff800000002007fffffe00
000000801ffffff800000002007fffffe00000000801ffffff800000002007fffffe00
000000801ffffff800000002007fffffe00000000801ffffff800000002007fffffe00
000000801ffffff800000002007fffffe00000000801ffffff800000002007fffffe00
000000801ffffff800000002007fffffe00000000801ffffff800000002007fffffe00
000000801ffffff800000002007fffffe00000000801ffffff800000002007fffffe00
000000801ffffff800000002007fffffe00000000801ffffff800000002007fffffe00
000000801ffffff800000002007fffffe00000000801ffffff800000002007fffffe00
000000801ffffff800000002007fffffe00000000801ffffff800000002007fffffe00
000000801ffffff800000002007fffffe00000000801ffffff800000002007fffffe00
000000801ffffff800000002007fffffe00000000801ffffff800000002007fffffe00
000000801ffffff800000002007fffffe00000000801ffffff800000002007fffffe00
000000801ffffff800000002007fffffe00000000801ffffff800000002007fffffe00
000000801ffffff800000002007fffffe00000000801ffffff800000002007fffffe00
000000801ffffff800000002007fffffe00000000801ffffff800000002007fffffe00
000000801ffffff800000002007fffffe00000000801ffffff800000002007fffffe00
000000801ffffff800000002007fffffe00000000801ffffff800000002007fffffe00
000000801ffffff800000002007fffffe00000000801ffffff800000002007fffffe00
000000801ffffff800000002007fffffe00000000801ffffff800000002007fffffe00
000000801ffffff800000002007fffffe00000000801ffffff800000002007fffffe00
000000801ffffff800000002007fffffe00000000801ffffff800000002007fffffe00
000000801ffffff800000002007fffffe00000000801ffffff800000002007fffffe00
000000801ffffff800000002007fffffe00000000801ffffff800000002007fffffe00
000000801ffffff800000002007fffffe00000000801ffffff800000002007fffffe00
000000801ffffff800000002007fffffe00000000801ffffff800000002007fffffe00
000000801ffffff800000002007fffffe00000000801ffffff800000002007fffffe00
000000801ffffff800000002007fffffe00000000801ffffff800000002007fffffe00
000000801ffffff800000002007fffffe00000000801ffffff800000002007fffffe00
000000801ffffff800000002007fffffe00000000801ffffff800000002007fffffe00
000000801ffffff800000002007fffffe00000000801ffffff800000002007fffffe00
000000801ffffff800000002007fffffe00000000801ffffff800000002007fffffe00
000000801ffffff800000002007fffffe00000000801ffffff800000002007fffffe00
000000801ffffff800000002007fffffe00000000801ffffff800000002007fffffe00
000000801ffffff800000002007fffffe00000000801ffffff800000002007fffffe00
000000801ffffff800000002007fffffe00000000801ffffff800000002007fffffe00
000000801ffffff800000002007fffffe00000000801ffffff800000002007fffffe00
000000801ffffff800000002007fffffe00000000801ffffff800000002007fffffe00
000000801ffffff800000002007fffffe00000000801ffffff800000002007fffffe00
000000801ffffff800000002007fffffe00000000801ffffff800000002007fffffe00
000000801ffffff800000002007fffffe00000000801ffffff800000002007fffffe00
000000801ffffff800000002007fffffe00000000801ffffff800000002007fffffe00
000000801ffffff800000002007fffffe00000000801ffffff800000002007fffffe00
000000801ffffff800000002007fffffe00000000801ffffff800000002007fffffe00
000000801ffffff800000002007fffffe00000000801ffffff800000002007fffffe00
000000801ffffff800000002007fffffe00000000801ffffff800000002007fffffe00
000000801ffffff800000002007fffffe00000000801ffffff800000002007fffffe00
000000801ffffff800000002007fffffe00000000801ffffff800000002007fffffe00
000000801ffffff800000002007fffffe00000000801ffffff800000002007fffffe00
000000801ffffff800000002007fffffe00000000801ffffff800000002007fffffe00
000000801ffffff800000002007fffffe00000000801ffffff800000002007fffffe00
000000801ffffff800000002007fffffe00000000801ffffff800000002007fffffe00
000000801ffffff800000002007fffffe00000000801ffffff800000002007fffffe00
000000801ffffff800000002007fffffe00000000801ffffff800000002007fffffe00
000000801ffffff800000002007fffffe00000000801ffffff800000002007fffffe00
000000801ffffff800000002007fffffe00000000801ffffff800000002007fffffe00
000000801ffffff800000002007fffffe00000000801ffffff800000002007fffffe00
000000801ffffff800000002007fffffe00000000801ffffff800000002007fffffe00
000000801ffffff800000002007fffffe00000000801ffffff800000002007fffffe00
000000801ffffff800000002007fffffe00000000801ffffff800000002007fffffe00
000000801ffffff800000002007fffffe00000000801ffffff800000002007fffffe00
000000801ffffff800000002007fffffe00000000801ffffff800000002007fffffe00
000000801ffffff800000002007fffffe00000000801ffffff800000002007fffffe00
000000801ffffff800000002007fffffe00000000801ffffff800000002007fffffe00
000000801ffffff800000002007fffffe00000000801ffffff800000002007fffffe00
000000801ffffff800000002007fffffe00000000801ffffff800000002007fffffe00
000000801ffffff800000002007fffffe00000000801ffffff800000002007fffffe00
000000801ffffff800000002007fffffe00000000801ffffff800000002007fffffe00
000000801ffffff800000002007fffffe00000000801ffffff800000002007fffffe00
000000801ffffff800000002007fffffe00000000801ffffff800000002007fffffe00
000000801ffffff800000002007fffffe00000000801ffffff800000002007fffffe00
000000801ffffff800000002007fffffe00000000801ffffff800000002007fffffe00
000000801ffffff800000002007fffffe00000000801ffffff800000002007fffffe00
000000801ffffff800000002007fffffe00000000801ffffff800000002007fffffe00
000000801ffffff800000002007fffffe00000000801ffffff800000002007fffffe00
000000801ffffff800000002007fffffe00000000801ffffff800000002007fffffe00
000000801ffffff800000002007fffffe00000000801ffffff800000002007fffffe00
000000801ffffff800000002007fffffe00000000801ffffff800000002007fffffe00
000000801ffffff800000002007fffffe00000000801ffffff800000002007fffffe00
000000801ffffff800000002007fffffe00000000801ffffff800000002007fffffe00
000000801ffffff800000002007fffffe00000000801ffffff800000002007fffffe00
000000801ffffff800000002007fffffe00000000801ffffff800000002007fffffe00
000000801ffffff800000002007fffffe00000000801ffffff800000002007fffffe00
000000801ffffff800000002007fffffe00000000801ffffff800000002007fffffe00
000000801ffffff800000002007fffffe00000000801ffffff800000002007fffffe00
000000801ffffff800000002007fffffe00000000801ffffff800000002007fffffe00
000000801ffffff800000002007fffffe00000000801ffffff800000002007fffffe00
000000801ffffff800000002007fffffe00000000801ffffff800000002007fffffe00
000000801ffffff800000002007fffffe00000000801ffffff800000002007fffffe00
000000801ffffff800000002007fffffe00000000801ffffff800000002007fffffe00
000000801ffffff800000002007fffffe00000000801ffffff800000002007fffffe00
000000801ffffff800000002007fffffe00000000801ffffff800000002007fffffe00
000000801ffffff800000002007fffffe00000000801ffffff800000002007fffffe00
000000801ffffff800000002007fffffe00000000801ffffff800000002007fffffe00
000000801ffffff800000002007fffffe00000000801ffffff800000002007fffffe00
000000801ffffff800000002007fffffe00000000801ffffff800000002007fffffe00
000000801ffffff800000002007fffffe00000000801ffffff800000002007fffffe00
000000801ffffff800000002007fffffe00000000801ffffff800000002007fffffe00
000000801ffffff800000002007fffffe00000000801ffffff800000002007fffffe00
000000801ffffff800000002007fffffe00000000801ffffff800000002007fffffe00
000000801ffffff800000002007fffffe00000000801ffffff800000002007fffffe00
000000801ffffff800000002007fffffe00000000801ffffff800000002007fffffe00
000000801ffffff800000002007fffffe00000000801ffffff800000002007fffffe00
000000801ffffff800000002007fffffe00000000801ffffff800000002007fffffe00
000000801ffffff800000002007fffffe00000000801ffffff800000002007fffffe00
000000801ffffff800000002007fffffe00000000801ffffff800000002007fffffe00
000000801ffffff800000002007fffffe00000000801ffffff800000002007fffffe00
000000801ffffff800000002007fffffe00000000801ffffff800000002007fffffe00
000000801ffffff800000002007fffffe00000000801ffffff800000002007fffffe00
000000801ffffff800000002007fffffe00000000801ffffff800000002007fffffe00
000000801ffffff800000002007fffffe00000000801ffffff800000002007fffffe00
000000801ffffff800000002007fffffe00000000801ffffff800000002007fffffe00
000000801ffffff800000002007fffffe00000000801ffffff800000002007fffffe00
000000801ffffff800000002007fffffe00000000801ffffff800000002007fffffe00
000000801ffffff800000002007fffffe00000000801ffffff800000002007fffffe00
000000801ffffff800000002007fffffe00000000801ffffff800000002007fffffe00
000000801ffffff800000002007fffffe00000000801ffffff800000002007fffffe00
000000801ffffff800000002007fffffe00000000801ffffff800000002007fffffe00
000000801ffffff800000002007fffffe00000000801ffffff800000002007fffffe00
000000801ffffff800000002007fffffe00000000801ffffff800000002007fffffe00
000000801ffffff800000002007fffffe00000000801ffffff800000002007fffffe00
000000801ffffff800000002007fffffe00000000801ffffff800000002007fffffe00
000000801ffffff800000002007fffffe00000000801ffffff800000002007fffffe00
000000801ffffff800000002007fffffe00000000801ffffff800000002007fffffe00
000000801ffffff800000002007fffffe00000000801ffffff800000002007fffffe00
000000801ffffff800000002007fffffe00000000801ffffff800000002007fffffe00
000000801ffffff800000002007fffffe00000000801ffffff800000002007fffffe00
000000801ffffff800000002007fffffe00000000801ffffff800000002007fffffe00
000000801ffffff800000002007fffffe00000000801ffffff800000002007fffffe00
000000801ffffff800000002007fffffe00000000801ffffff800000002007fffffe00
000000801ffffff800000002007fffffe00000000801ffffff800000002007fffffe00
000000801ffffff800000002007fffffe00000000801ffffff800000002007fffffe00
000000801ffffff800000002007fffffe00000000801ffffff800000002007fffffe00
000000801ffffff800000002007fffffe00000000801ffffff800000002007fffffe00
000000801ffffff800000002007fffffe00000000801ffffff800000002007fffffe00
000000801ffffff800000002007fffffe00000000801ffffff800000002007fffffe00
000000801ffffff800000002007fffffe00000000801ffffff800000002007fffffe00
000000801ffffff800000002007fffffe00000000801ffffff800000002007fffffe00
000000801ffffff800000002007fffffe00000000801ffffff800000002007fffffe00
000000801ffffff800000002007fffffe00000000801ffffff800000002007fffffe00
000000801ffffff800000002007fffffe00000000801ffffff800000002007fffffe00
000000801ffffff800000002007fffffe00000000801ffffff800000002007fffffe00
000000801ffffff800000002007fffffe00000000801ffffff800000002007fffffe00
000000801ffffff800000002007fffffe00000000801ffffff800000002007fffffe00
000000801ffffff800000002007fffffe00000000801ffffff800000002007fffffe00
000000801ffffff800000002007fffffe00000000801ffffff800000002007fffffe00
000000801ffffff800000002007fffffe00000000801ffffff800000002007fffffe00
000000801ffffff800000002007fffffe00000000801ffffff800000002007fffffe00
000000801ffffff800000002007fffffe00000000801ffffff800000002007fffffe00
000000801ffffff800000002007fffffe00000000801ffffff800000002007fffffe00
000000801ffffff800000002007fffffe00000000801ffffff800000002007fffffe00
000000801ffffff800000002007fffffe00000000801ffffff800000002007fffffe00
000000801ffffff800000002007fffffe00000000801ffffff800000002007fffffe00
000000801ffffff800000002007fffffe00000000801ffffff800000002007fffffe00
000000801ffffff800000002007fffffe00000000801ffffff800000002007fffffe00
000000801ffffff800000002007fffffe00000000801ffffff800000002007fffffe00
000000801ffffff800000002007fffffe00000000801ffffff800000002007fffffe00
000000801ffffff800000002007fffffe00000000801ffffff800000002007fffffe00
000000801ffffff800000002007fffffe00000000801ffffff800000002007fffffe00
000000801ffffff800000002007fffffe00000000801ffffff800000002007fffffe00
000000801ffffff800000002007fffffe00000000801ffffff800000002007fffffe00
000000801ffffff800000002007fffffe00000000801ffffff800000002007fffffe00
000000801ffffff800000002007fffffe00000000801ffffff800000002007fffffe00
000000801ffffff800000002007fffffe00000000801ffffff800000002007fffffe00
000000801ffffff800000002007fffffe00000000801ffffff800000002007fffffe00
000000801ffffff800000002007fffffe00000000801ffffff800000002007fffffe00
000000801ffffff800000002007fffffe00000000801ffffff800000002007fffffe00
000000801ffffff800000002007fffffe00000000801ffffff800000002007fffffe00
000000801ffffff800000002007fffffe00000000801ffffff800000002007fffffe00
000000801ffffff800000002007fffffe00000000801ffffff800000002007fffffe00
000000801ffffff800000002007fffffe00000000801ffffff800000002007fffffe00
000000801ffffff800000002007fffffe00000000801ffffff800000002007fffffe00
000000801ffffff800000002007fffffe00000000801ffffff800000002007fffffe00
000000801ffffff800000002007fffffe00000000801ffffff800000002007fffffe00
000000801ffffff800000002007fffffe00000000801ffffff800000002007fffffe00
000000801ffffff800000002007fffffe00000000801ffffff800000002007fffffe00
000000801ffffff800000002007fffffe00000000801ffffff800000002007fffffe00
000000801ffffff800000002007fffffe00000000801ffffff800000002007fffffe00
000000801ffffff800000002007fffffe00000000801ffffff800000002007fffffe00
000000801ffffff800000002007fffffe00000000801ffffff800000002007fffffe00
000000801ffffff800000002007fffffe00000000801ffffff800000002007fffffe00
000000801ffffff800000002007fffffe00000000801ffffff800000002007fffffe00
000000801ffffff800000002007fffffe00000000801ffffff800000002007fffffe00
000000801ffffff800000002007fffffe00000000801ffffff800000002007fffffe00
000000801ffffff800000002007fffffe00000000801ffffff800000002007fffffe00
000000801ffffff800000002007fffffe00000000801ffffff800000002007fffffe00
ffffff800000000800000002007fffffe00ffffffc01ffffff00000000100000000400
ffffff783ffffffa540000021f00000016a0000002d5fffffef0bffffff4b00000043e
ffffff7140000001440000023b7ffffffaffffffff5ffffffee2800000028800000476
ffffff93fffffff444000001b08000002ee0000005ddffffff27ffffffe89000000361
ffffff75e0000004b8000002287fffffed2ffffffda3fffffeec000000097000000450
ffffff83bffffff724000001f180000023700000046fffffff077fffffee48000003e2
ffffff721ffffffdc00000023800000008f00000011ffffffee43ffffffb8800000470
ffffffa85ffffff1dc0000015f000000389000000711ffffff50bfffffe3b8000002be
ffffff7a400000066400000216ffffffe67ffffffccffffffef48000000cc80000042d
ffffff7d5ffffff8b40000020a8000001d30000003a5fffffefabffffff16800000415
ffffff70ffffffff800000023c00000001f00000003ffffffee1ffffffff0800000478
ffffff9d9ffffff3000000018980000033f00000067fffffff3b7fffffe60000000313
ffffff72e00000030000000234fffffff3fffffffe7ffffffee5c00000060000000468
ffffff8b3ffffff5a8000001d300000029600000052bffffff167fffffeb50000003a6
ffffff747ffffffc080000022e0000000fe0000001fdfffffee8fffffff8100000045c
ffffffb3dffffff0dc000001310000003c9000000791ffffff67bfffffe1b800000262
ffffff7d00000007340000020c7fffffe33ffffffc67fffffefa0000000e6800000418
ffffff7a9ffffff9840000021580000019f00000033ffffffef57ffffff3080000042b
ffffff70e0000000640000023cfffffffe7fffffffcffffffee1c0000000c800000478
ffffff98bffffff3a00000019d80000031800000062fffffff317fffffe7400000033b
ffffff7440000003dc0000022f7ffffff08ffffffe11fffffee880000007c00000045d
ffffff875ffffff660000001e30000002670000004cfffffff0ebfffffecc8000003c5
ffffff731ffffffce4000002340000000c700000018dfffffee63ffffff9c800000467
ffffffadfffffff158000001488000003aa000000755ffffff5bffffffe2b000000290
ffffff77e000000590000002207fffffe9cffffffd39fffffef00000000b2000000440
ffffff805ffffff7e8000001fe80000020500000040bffffff00ffffffefd0000003fd
ffffff715ffffffea00000023b0000000570000000affffffee2bffffffd4800000475
ffffffa2dffffff26c000001748000003650000006cbffffff45bfffffe4d8000002e9
ffffff71e00000022400000238fffffff77ffffffeeffffffee3c00000044800000470
ffffff8f7ffffff4f4000001c28000002c3000000587ffffff1effffffe9e800000384
ffffff763ffffffb2c00000227800000134000000269fffffeec7ffffff6580000044e
ffffffb9dffffff068000001190000003e60000007cbffffff73bfffffe0d000000231
ffffff7e6000000798000002067fffffe19ffffffc33fffffefcc000000f300000040c
ffffff797ffffff9ec0000021a800000185000000309fffffef2fffffff3d800000435
ffffff7100000000d40000023c7ffffffcbfffffff97fffffee200000001a800000477
ffffff963ffffff3f0000001a7000000303000000607ffffff2c7fffffe7e80000034e
ffffff75000000044c0000022bffffffeedffffffddbfffffeea000000089800000457
ffffff857ffffff6c0000001ea00000024f00000049fffffff0affffffed88000003d4
ffffff729ffffffd50000002360000000ab000000157fffffee53ffffffaa80000046c
ffffffab1ffffff19800000154000000399000000733ffffff563fffffe330000002a7
ffffff7920000005f80000021bffffffe81ffffffd03fffffef24000000bf800000437
ffffff7edffffff84c000002050000001ec0000003d9fffffefdbffffff09800000409
ffffff711fffffff100000023b80000003b000000077fffffee23ffffffe2000000477
ffffffa03ffffff2b40000017f8000003520000006a5ffffff407fffffe568000002fe
ffffff72600000029000000236fffffff5bffffffeb7fffffee4c0000005280000046d
ffffff8d5ffffff54c000001cb0000002ac000000559ffffff1abfffffea9800000396
ffffff755ffffffb980000022b000000119000000233fffffeeabffffff73800000456
ffffffb6bffffff0a0000001250000003d70000007afffffff6dbfffffe1400000024a
ffffff7ba0000006cc00000211ffffffe4dffffffc99fffffef74000000d9800000423
ffffff7bfffffff918000002108000001b9000000373fffffef7fffffff23800000420
ffffff70fffffffff00000023c800000003000000007fffffee1ffffffffe800000479
ffffff9b1ffffff3500000019380000032c000000657ffffff363fffffe6a000000327
ffffff73800000037000000231fffffff24ffffffe47fffffee700000006e000000463
ffffff893ffffff604000001db00000027f0000004fdffffff12bfffffec08000003b6
ffffff73bffffffc74000002310000000e20000001c5fffffee77ffffff8e800000462
ffffffb0dffffff1180000013d0000003ba000000773ffffff61bfffffe23000000279
ffffff76e000000524000002247fffffeb7ffffffd6dfffffeedc000000a4800000448
ffffff81fffffff784000001f800000021e00000043dffffff03ffffffef08000003f0
ffffff719ffffffe30000002398000000730000000e7fffffee37ffffffc6000000473
ffffffa59ffffff2240000016a0000003770000006efffffff4b3fffffe448000002d4
ffffff7180000001b40000023a7ffffff93fffffff27fffffee3000000036800000473
ffffff919ffffff49c000001b98000002d90000005b1ffffff237fffffe93800000373
ffffff773ffffffac00000022380000014f00000029ffffffeee7ffffff58000000446
ffffffbcdffffff0300000010c8000003f30000007e7ffffff79ffffffe06800000219
ffffff7f20000007cc000002037fffffe0dffffffc19fffffefe8000000f9800000406
ffffff78dffffffa200000021d0000001770000002effffffef1bffffff44000000439
ffffff71200000010c0000023bfffffffbdfffffff7bfffffee2400000021800000477
ffffff951ffffff41c000001ac0000002f90000005f3ffffff2a3fffffe83800000357
ffffff7580000004800000022a7fffffedfffffffdbffffffeeb000000090800000454
ffffff849ffffff6f0000001ed800000243000000487ffffff093fffffede8000003db
ffffff723ffffffd880000023700000009d00000013bfffffee4bffffffb180000046e
ffffffa9bffffff1b800000159800000391000000723ffffff537fffffe378000002b2
ffffff79a000000630000002197fffffe74ffffffce9fffffef38000000c6000000432
ffffff7e1ffffff880000002080000001e00000003bffffffefc3ffffff1000000040f
ffffff70ffffffff480000023c00000002d00000005bfffffee23ffffffe9800000478
ffffff9efffffff2dc00000184800000349000000693ffffff3dffffffe5b800000309
ffffff72a0000002c800000235fffffff4dffffffe9bfffffee540000005980000046b
ffffff8c5ffffff578000001cf0000002a1000000543ffffff18bfffffeaf80000039e
ffffff74dffffffbd00000022c80000010b000000217fffffee9fffffff7a000000459
ffffffb53ffffff0bc0000012b0000003d00000007a1ffffff6abfffffe17800000256
ffffff7c40000007000000020effffffe40ffffffc81fffffef88000000e000000041d
ffffff7b5ffffff950000002130000001ac000000359fffffef6bffffff2a000000426
ffffff70e0000000280000023cffffffff5fffffffebfffffee1c00000005800000479
ffffff99dffffff37800000198800000322000000643ffffff33ffffffe6f000000331
ffffff73e0000003a800000230fffffff16ffffffe2dfffffee7c00000075000000460
ffffff885ffffff630000001df0000002730000004e7ffffff10bfffffec68000003be
ffffff737ffffffcac000002328000000d50000001a9fffffee6fffffff95800000465
ffffffaf5ffffff138000001428000003b2000000765ffffff5effffffe27000000285
ffffff776000000558000002227fffffea9ffffffd53fffffeeec000000ab800000444
ffffff813ffffff7b8000001fb800000212000000425ffffff027fffffef70000003f6
ffffff717ffffffe680000023a0000000650000000cbfffffee2fffffffcd000000474
ffffffa43ffffff2440000016f80000036e0000006ddffffff487fffffe490000002df
ffffff71a0000001ec000002397ffffff85fffffff0bfffffee380000003d800000472
ffffff907ffffff4c8000001be0000002ce00000059bffffff213fffffe9900000037c
ffffff76bffffffaf800000225800000142000000285fffffeed7ffffff5f00000044a
ffffffbb5ffffff04c000001128000003ec0000007d9ffffff76bfffffe09800000225
ffffff7da000000764000002097fffffe26ffffffc4dfffffefb8000000ed000000412
ffffff79fffffff9b800000218000000192000000325fffffef43ffffff37000000430
ffffff70e00000009c0000023c7ffffffd9fffffffb3fffffee2000000013800000478
ffffff977ffffff3c8000001a280000030e00000061bffffff2effffffe79000000344
ffffff74a0000004140000022dffffffefaffffffdf5fffffee940000008280000045a
ffffff867ffffff690000001e680000025b0000004b7ffffff0cffffffed28000003cd
ffffff72dffffffd1c000002350000000b9000000173fffffee5bffffffa3800000469
ffffffac7ffffff1780000014e0000003a2000000743ffffff593fffffe2f00000029c
ffffff7880000005c40000021e7fffffe8effffffd1dfffffef10000000b880000043b
ffffff7f9ffffff81c000002018000001f90000003f3fffffeff3ffffff03800000403
ffffff713ffffffed80000023b800000049000000093fffffee27ffffffdb000000476
ffffffa17ffffff2900000017a00000035c0000006b7ffffff433fffffe520000002f4
ffffff72200000025c00000237fffffff69ffffffed3fffffee440000004b80000046f
ffffff8e5ffffff520000001c68000002b8000000571ffffff1cbfffffea400000038d
ffffff75bffffffb640000022900000012700000024ffffffeeb7ffffff6c800000452
ffffffb85ffffff0840000011f0000003df0000007bdffffff70bfffffe1080000023e
ffffff7ae000000698000002147fffffe5affffffcb3fffffef60000000d3000000428
ffffff7c9ffffff8e80000020d8000001c600000038dfffffef97ffffff1d00000041b
ffffff70ffffffffb80000023c800000011000000023fffffee1ffffffff7800000478
ffffff9c5ffffff3280000018e80000033500000066bffffff38bfffffe6500000031d
ffffff732000000338000002337ffffff31ffffffe63fffffee6800000067000000466
ffffff8a3ffffff5d4000001d700000028a000000515ffffff14bfffffebb0000003ae
ffffff741ffffffc3c0000022f8000000f00000001e1fffffee83ffffff8800000045f
ffffffb25ffffff0f8000001370000003c1000000783ffffff64bfffffe1f00000026d
ffffff7660000004ec000002267fffffec4ffffffd89fffffeecc0000009e00000044c
ffffff82dffffff754000001f500000022b000000455ffffff05bfffffeea8000003e9
ffffff71dffffffdf800000238800000081000000103fffffee3bffffffbf000000471
ffffffa6fffffff200000001648000003800000006ffffffff4dffffffe400000002c9
ffffff71600000017c0000023afffffffa1fffffff43fffffee2c0000002f800000475
ffffff92bffffff470000001b50000002e30000005c7ffffff25bfffffe8e00000036a
ffffff77bffffffa8c0000022100000015d0000002b9fffffeef7ffffff51800000442
ffffffbe7ffffff018000001060000003fa0000007f3ffffff7cffffffe0300000020c
ffffff7f80000007e400000201ffffffe06ffffffc0dfffffeff4000000fc800000403
ffffff789ffffffa3c0000021e0000001710000002e1fffffef13ffffff4780000043c
ffffff7120000001280000023b7ffffffb6fffffff6dfffffee2400000025000000476
ffffff947ffffff430000001ae0000002f30000005e7ffffff28ffffffe8600000035c
ffffff75a00000049c000002297fffffed8ffffffdb1fffffeeb800000093800000452
ffffff841ffffff708000001ef80000023d00000047bffffff087fffffee18000003df
ffffff723ffffffda40000023780000009600000012dfffffee47ffffffb500000046f
ffffffa8fffffff1cc0000015c00000038d00000071bffffff51ffffffe398000002b8
ffffff7a0000000648000002187fffffe6dffffffcdbfffffef40000000c900000042f
ffffff7dbffffff898000002090000001d90000003b3fffffefb7ffffff13800000412
ffffff70ffffffff640000023c00000002600000004dfffffee23ffffffed000000478
ffffff9e3ffffff2ec00000187000000344000000689ffffff3cbfffffe5e00000030e
ffffff72c0000002e4000002357ffffff46ffffffe8dfffffee580000005d000000469
ffffff8bbffffff590000001d100000029c000000537ffffff17bfffffeb20000003a2
ffffff74bffffffbec0000022d800000105000000209fffffee97ffffff7d80000045b
ffffffb49ffffff0cc0000012e0000003cd000000799ffffff693fffffe1980000025c
ffffff7ca0000007180000020dffffffe39ffffffc73fffffef94000000e300000041a
ffffff7afffffff968000002148000001a500000034bfffffef5fffffff2d000000428
ffffff70e0000000480000023cfffffffeefffffffddfffffee1c00000009000000479
ffffff993ffffff38c0000019b00000031d000000639ffffff32bfffffe71800000336
ffffff7400000003c00000022ffffffff0fffffffe1ffffffee840000007880000045f
ffffff87dffffff648000001e100000026d0000004dbffffff0fbfffffec98000003c2
ffffff733ffffffcc8000002330000000ce00000019bfffffee67ffffff99000000466
ffffffaebffffff148000001458000003ae00000075dffffff5d7fffffe2900000028b
ffffff77a000000574000002217fffffea2ffffffd45fffffeef8000000ae800000442
ffffff80bffffff7d0000001fd00000020c000000419ffffff01bfffffefa0000003fa
ffffff715ffffffe840000023a80000005e0000000bdfffffee2fffffffd0800000475
ffffffa37ffffff258000001720000003690000006d3ffffff473fffffe4b0000002e4
ffffff71c00000020800000238fffffff7effffffefdfffffee3800000041000000471
ffffff8ffffffff4dc000001c00000002c8000000591ffffff1fffffffe9b800000380
ffffff767ffffffb100000022680000013b000000277fffffeecfffffff6280000044c
ffffffba9ffffff05c000001158000003e90000007d3ffffff753fffffe0b80000022b
ffffff7e000000078000000207ffffffe20ffffffc3ffffffefc4000000f000000040f
ffffff79bffffff9d00000021900000018b000000317fffffef37ffffff3a000000432
ffffff7100000000b80000023c7ffffffd2fffffffa5fffffee2000000017000000478
ffffff96dffffff3dc000001a4800000308000000611ffffff2dbfffffe7b800000349
ffffff74e0000004300000022cffffffef4ffffffde7fffffee9c00000086000000459
ffffff85fffffff6a8000001e88000002550000004abffffff0bffffffed58000003d1
ffffff72bffffffd38000002358000000b2000000165fffffee57ffffffa700000046b
ffffffabdffffff1880000015100000039e00000073bffffff57bfffffe310000002a2
ffffff78c0000005e00000021cffffffe88ffffffd11fffffef18000000bc000000439
ffffff7f3ffffff834000002038000001f30000003e5fffffefe7ffffff06800000406
ffffff713ffffffef40000023b800000042000000085fffffee27ffffffde800000477
ffffffa0dffffff2a00000017c8000003570000006afffffff41bfffffe548000002f9
ffffff724000000278000002377ffffff62ffffffec5fffffee480000004f00000046e
ffffff8ddffffff534000001c90000002b2000000565ffffff1bbfffffea7000000391
ffffff757ffffffb800000022a000000120000000241fffffeeb3ffffff70000000454
ffffffb79ffffff090000001220000003db0000007b7ffffff6f3fffffe12800000244
ffffff7b40000006b0000002137fffffe53ffffffca7fffffef68000000d6800000425
ffffff7c5ffffff9000000020f0000001bf00000037ffffffef8bffffff2000000041e
ffffff70ffffffffd40000023c80000000a000000015fffffee1ffffffffb000000479
ffffff9bbffffff33c00000191000000331000000661ffffff377fffffe67800000322
ffffff73600000035400000232fffffff2bffffffe55fffffee6c0000006a800000465
ffffff89bffffff5ec000001d9000000284000000509ffffff137fffffebd8000003b2
ffffff73fffffffc58000002308000000e90000001d3fffffee7fffffff8b800000461
ffffffb19ffffff1080000013a0000003be00000077bffffff633fffffe21000000273
ffffff76a000000508000002257fffffebdffffffd7bfffffeed4000000a100000044a
ffffff827ffffff76c000001f6800000225000000449ffffff04ffffffeed8000003ed
ffffff71bffffffe140000023900000007a0000000f5fffffee37ffffffc2800000472
ffffffa63ffffff2100000016700000037b0000006f7ffffff4c7fffffe420000002ce
ffffff7160000001980000023a7ffffff9afffffff35fffffee2c00000033000000474
ffffff923ffffff488000001b78000002de0000005bdffffff247fffffe9100000036e
ffffff777ffffffaa8000002228000001560000002adfffffeeefffffff55000000444
ffffffbdbffffff024000001098000003f60000007edffffff7b7fffffe04800000212
ffffff7ec0000007b400000204ffffffe13ffffffc27fffffefdc000000f6800000409
ffffff791ffffffa040000021b80000017e0000002fdfffffef27ffffff41000000437
ffffff7100000000f00000023bfffffffc4fffffff89fffffee200000001e000000477
ffffff959ffffff408000001a98000002fe0000005fdffffff2b7fffffe81000000353
ffffff7540000004680000022b7fffffee6ffffffdcdfffffeea80000008d000000455
ffffff851ffffff6d8000001ec000000249000000493ffffff0a3fffffedb8000003d8
ffffff725ffffffd6c000002368000000a4000000149fffffee4fffffffae00000046d
ffffffaa5ffffff1a80000015680000039500000072bffffff54ffffffe358000002ad
ffffff7960000006140000021affffffe7bffffffcf5fffffef2c000000c2800000434
ffffff7e7ffffff868000002068000001e60000003cdfffffefcfffffff0d00000040c
ffffff711fffffff2c0000023c000000034000000069fffffee23ffffffe5800000477
ffffff9f9ffffff2c80000018200000034e00000069bffffff3f3fffffe59000000304
ffffff7280000002ac000002367ffffff54ffffffea9fffffee500000005600000046c
ffffff8cbffffff564000001cd0000002a700000054fffffff19bfffffeac80000039a
ffffff751ffffffbb40000022b800000112000000225fffffeea3ffffff76800000457
ffffffb5fffffff0b0000001280000003d40000007a9ffffff6c3fffffe16000000250
ffffff7be0000006e4000002107fffffe46ffffffc8dfffffef80000000dd000000420
ffffff7b9ffffff934000002118000001b3000000365fffffef77ffffff26800000423
ffffff70e00000000c0000023cffffffffcffffffff9fffffee1c00000002000000479
ffffff9a7ffffff3640000019600000032700000064fffffff34ffffffe6c80000032c
ffffff73a00000038c000002317ffffff1dffffffe3bfffffee7800000071800000462
ffffff88bffffff61c000001dd0000002790000004f1ffffff11bfffffec38000003ba
ffffff739ffffffc90000002320000000db0000001b7fffffee73ffffff92000000463
ffffffb01ffffff1280000013f8000003b600000076dffffff603fffffe2500000027f
ffffff772000000540000002237fffffeb0ffffffd61fffffeee4000000a8000000446
ffffff819ffffff79c000001fa000000218000000431ffffff033fffffef40000003f3
ffffff719ffffffe4c0000023a00000006c0000000d9fffffee33ffffffc9800000473
ffffffa4dffffff2340000016c8000003720000006e5ffffff49bfffffe468000002d9
ffffff71a0000001d000000239fffffff8cfffffff19fffffee340000003a000000473
ffffff911ffffff4b0000001bc0000002d30000005a7ffffff223fffffe96800000377
ffffff76fffffffadc00000224800000149000000291fffffeedfffffff5b800000448
ffffffbc1ffffff0400000010f8000003f00000007dfffffff787fffffe0800000021f
ffffff7d400000074c0000020affffffe2cffffffc59fffffefac000000e9800000415
ffffff7a5ffffff99c00000216800000198000000331fffffef4bffffff3380000042d
ffffff70e0000000800000023c7ffffffe0fffffffc1fffffee1c00000010000000478
ffffff981ffffff3b4000001a0000000312000000625ffffff303fffffe7680000033f
ffffff7460000003f80000022e7ffffff01ffffffe03fffffee900000007f00000045c
ffffff86dffffff678000001e48000002610000004c3ffffff0dbfffffecf8000003c9
ffffff72fffffffd00000002348000000c0000000181fffffee5fffffffa0000000469
ffffffad3ffffff1680000014b8000003a600000074bffffff5a7fffffe2d000000296
ffffff7840000005a80000021f7fffffe95ffffffd2bfffffef08000000b580000043e
ffffff7ffffffff800000002000000001ff0000003fffffffefffffffff00800000400
ffffff713ffffffebc0000023b0000000500000000a1fffffee2bffffffd7800000476
ffffffa23ffffff27c000001778000003600000006c1ffffff447fffffe4f8000002ef
ffffff720000000240000002387ffffff70ffffffee1fffffee400000004800000046f
ffffff8efffffff508000001c48000002bd00000057bffffff1dffffffea1000000389
ffffff75fffffffb480000022800000012d00000025bfffffeebfffffff69000000450
ffffffb91ffffff0740000011c0000003e20000007c5ffffff723fffffe0f000000238
ffffff7aa00000067c00000215ffffffe60ffffffcc1fffffef54000000cf80000042a
ffffff7cfffffff8cc0000020c0000001cc000000399fffffef9fffffff19800000418
ffffff70ffffffff9c0000023c800000018000000031fffffee1ffffffff4000000478
ffffff9cfffffff3140000018c00000033a000000675ffffff39ffffffe62800000318
ffffff73000000031c00000233fffffff38ffffffe71fffffee6000000063800000467
ffffff8abffffff5c0000001d5000000290000000521ffffff157fffffeb80000003aa
ffffff745ffffffc240000022f0000000f70000001effffffee8bffffff8480000045e
ffffffb31ffffff0e8000001340000003c500000078bffffff663fffffe1d800000268
ffffff7620000004d4000002277fffffecbffffffd97fffffeec40000009a80000044e
ffffff833ffffff73c000001f3000000231000000461ffffff06bfffffee78000003e6
ffffff71fffffffddc00000238800000088000000111fffffee3fffffffbb800000471
ffffffa79ffffff1ec00000161800000384000000709ffffff4f3fffffe3e0000002c3
ffffff7140000001600000023afffffffa8fffffff51fffffee280000002c000000475
ffffff935ffffff45c000001b30000002e90000005d3ffffff26bfffffe8b800000365
ffffff77fffffffa70000002200000001630000002c7fffffeeffffffff4e000000440
ffffffbf3ffffff00c000001030000003fd0000007fbffffff7e7fffffe01800000206
000000000000000200000006007fffffd80000000500000000c00000000c07ffffff00
00000054a000000a60000001adffffff967000000ef2000001790000001437fffffe1c
00000022e00000097800000429ffffff96200000076a00000148400000170fffffff1c
0000005d80000008900000006a7fffffc710000016da000000be400000068ffffffe71
0000000b20000006640000054a7fffffb0600000058a00000102000000126fffffff58
0000005f4000000944000000d2ffffffac10000013560000013a8000000daffffffe03
0000003e4000000abc000002ddffffff8da000000ab20000017880000017c7fffffe94
000000552000000958000000707fffffdfb000001894000000158000000167ffffff57
00000003a00000044c000005b5ffffffc2f000000520000000df0000000f47ffffff42
0000005b80000009d800000132ffffffa02000001130000001620000001137fffffe00
00000030c000000a5800000384ffffff8fa0000008e400000164c0000017f7fffffedc
00000059a0000008b8000000617fffffd420000017fa0000006dc000000397fffffed8
00000015e000000824000004c3ffffffa1400000064a00000126400000151fffffff49
0000005fc0000008c80000008fffffffb96000001544000001034000000a07fffffe29
0000004aa000000ab80000023e7fffff901000000cbe0000017fc00000167ffffffe50
000000516000000a7000000091ffffffe92000001897ffffffba400000002fffffffe8
000000014000000328000005df7fffffcd4000000506000000cec000000d9fffffff26
000000588000000a200000016d7fffff9af0000010120000016f40000012cffffffe0a
00000029a0000009f8000003d7ffffff92500000081c0000015780000017a7fffffefe
0000005bc000000898000000627fffffcdc00000177a0000009700000004fffffffea0
00000010200000075000000509ffffffa850000005de0000011440000013d7ffffff55
0000005fc000000900000000ad7fffffb2a00000145600000120c000000bd7fffffe11
00000044a000000ac80000028c7fffff8e5000000bb20000017dc000001747fffffe71
0000005320000009d40000007f7fffffe4b0000018a9ffffffe800000000a7ffffff9e
00000006e00000055c00000583ffffffb9400000054a000000f040000010e7ffffff52
0000005dc00000098c000000ff7fffffa5e000001248000001504000000f7ffffffdfd
00000037a000000a98000003317fffff8e10000009c2000001700000001807fffffeb8
0000005760000008f800000065ffffffda200000185800000042400000025fffffff15
0000001c20000008dc00000478ffffff9b20000006ce00000137c00000162fffffff36
0000005ee0000008a4000000797fffffc0400000161a000000e2400000083ffffffe48
0000004fe000000a94000001f37fffff92d000000dd40000017e4000001577fffffe34
000000504000000b28000000a7ffffffece00000185fffffff8cbffffffff000000033
000000006000000294000005f0ffffffd29000000500000000c74000000ccfffffff14
00000056a000000a400000018cffffff989000000f8200000174c000001387fffffe12
0000002640000009bc000004017fffff9410000007c000000150400000175fffffff0e
0000005cc00000089400000065ffffffca700000172e000000ab00000005bffffffe88
0000000d80000006dc0000052affffffac40000005b00000010b4000001327ffffff58
0000005fa000000920000000bf7fffffaf50000013d80000012e4000000cc7fffffe09
000000418000000ac4000002b4ffffff8dd000000b300000017b800000178ffffffe82
000000542000000994000000777fffffe250000018a3fffffffec0000000ffffffff7a
0000000520000004d40000059dffffffbe0000000532000000e78000001017ffffff4b
0000005cc0000009b0000001187fffffa2e0000011be00000159800000105ffffffdfd
000000342000000a7c0000035affffff8eb0000009500000016ac000001807fffffeca
0000005880000008d400000062ffffffd7300000182e0000005800000002f7fffffef5
0000001900000008840000049effffff9e100000068a0000012f00000015b7ffffff40
0000005f60000008b400000083ffffffbce0000015b2000000f3400000091ffffffe37
0000004d4000000aa8000002187fffff915000000d4a0000017f8000001607fffffe41
00000050c000000acc0000009cffffffeb200000187fffffffa340000000000000000d
0000000240000003bc000005cbffffffc80000000510000000d6c000000e6fffffff35
0000005a20000009fc0000014f7fffff9d70000010a2000001694000001207fffffe04
0000002d2000000a2c000003ae7fffff90d00000087e0000015e40000017d7fffffeed
0000005ac0000008a400000060ffffffd0f0000017be000000828000000447fffffebb
0000001300000007bc000004e7ffffffa4a0000006120000011d4000001487ffffff50
0000005fe0000008e40000009d7fffffb600000014d0000001128000000aeffffffe1c
00000047a000000ac400000264ffffff8f1000000c360000017f40000016e7fffffe60
000000524000000a2000000087ffffffe700000018a5ffffffd1000000005fffffffc3
00000008e0000005e000000567ffffffb4b000000566000000f900000011a7ffffff56
0000005ea000000964000000e7ffffffa8e0000012d000000145c000000e97fffffdff
0000003b0000000ab0000003077fffff8db000000a380000017480000017effffffea6
0000005640000009240000006a7fffffdcf00000187c0000002c00000001dfffffff35
0000001f6000000930000004517fffff98800000071a0000014040000016a7ffffff2a
0000005e400000089800000070ffffffc3b00000167e000000d08000000767fffffe5b
000000524000000a7c000001cfffffff949000000e640000017c00000014e7fffffe27
000000500000000b94000000b47fffffee9000001833ffffff767ffffffff000000059
000000002000000248000005f8ffffffd54000000500000000c38000000c6fffffff0a
00000055a000000a500000019cffffff978000000f3a0000017700000013dffffffe17
00000024800000099c000004157fffff9510000007940000014c4000001737ffffff15
0000005d200000089000000067ffffffc8c000001706000000b48000000627fffffe7c
0000000c400000069c0000053affffffae400000059c0000010680000012cfffffff58
0000005f6000000930000000c87fffffada000001398000001348000000d3ffffffe06
0000003fe000000ac0000002c97fffff8db000000af00000017a00000017affffffe8b
00000054a000000974000000737fffffe1000000189c0000000a400000012fffffff69
000000044000000490000005a9ffffffc07000000528000000e34000000fafffffff47
0000005c40000009c4000001257fffffa170000011760000015dc0000010c7fffffdfe
000000326000000a6c0000036fffffff8f200000091a00000167c0000017fffffffed3
0000005920000008c800000061ffffffd5a000001816000000630000000347fffffee7
000000176000000854000004b17fffff9f900000066a0000012ac000001567ffffff45
0000005fa0000008c0000000897fffffbb200000157c000000fb400000098ffffffe30
0000004c0000000ab00000022b7fffff90b000000d04000001800000001647fffffe49
000000510000000a9c000000977fffffea200000188dffffffaec000000017fffffffb
00000001c000000370000005d5ffffffca900000050a000000d2c000000e07ffffff2e
000000594000000a0c0000015dffffff9c200000105a0000016c8000001267fffffe07
0000002b6000000a10000003c37fffff91800000084c0000015b00000017bffffffef5
0000005b40000008a000000061ffffffcf600000179e0000008d000000049ffffffeae
000000118000000784000004f8ffffffa670000005f800000118c000001437ffffff53
0000005fe0000008f4000000a57fffffb4500000149400000119c000000b67fffffe16
000000464000000ac400000278ffffff8eb000000bf40000017e800000171ffffffe68
00000052a0000009f800000083ffffffe5e0000018a7ffffffdc800000007fffffffb0
00000007e0000005a0000005767fffffb6f000000558000000f48000001147ffffff54
0000005e4000000978000000f37fffffa7500000128c0000014b4000000f07fffffdfe
000000394000000aa40000031bffffff8dd0000009fc0000017240000017f7fffffeaf
00000056e000000910000000687fffffdb900000186c00000037400000021fffffff25
0000001dc000000908000004657fffff99d0000006f20000013c000000166fffffff30
0000005ea00000089c00000074ffffffc1f00000164e000000d980000007cffffffe51
000000512000000a88000001e17fffff93a000000e1c0000017d400000152ffffffe2d
000000502000000b5c000000adffffffedc00000184bffffff817ffffffff000000046
00000000c0000002e0000005e87fffffcfe000000504000000cb0000000d37ffffff1e
00000057a000000a300000017cffffff99b000000fca00000172400000132ffffffe0e
0000002800000009dc000003ecffffff9330000007ee000001540000001787ffffff06
0000005c400000089400000063ffffffcc2000001754000000a1000000055ffffffe94
0000000ee0000007180000051affffffaa40000005c80000010fc000001387ffffff57
0000005fc000000910000000b5ffffffb0f000001418000001278000000c4ffffffe0d
000000432000000ac8000002a0ffffff8e1000000b700000017cc00000176ffffffe79
00000053a0000009b00000007affffffe380000018a7fffffff340000000cfffffff8c
00000006000000051c000005917fffffbba00000053e000000ec000000107fffffff4f
0000005d40000009a00000010b7fffffa46000001204000001550000000feffffffdfd
00000035e000000a8c00000345ffffff8e500000098a0000016d4000001807fffffec1
0000005800000008e8000000647fffffd8b0000018440000004d40000002a7ffffff05
0000001a80000008b00000048bffffff9c90000006ac0000013380000015f7ffffff3b
0000005f20000008ac0000007e7fffffbe90000015e8000000eb00000008affffffe40
0000004ea000000aa000000205ffffff921000000d8e0000017f00000015bffffffe3a
00000050a000000af8000000a27fffffec0000001871ffffff97fffffffff800000020
00000002e000000404000005c0ffffffc57000000518000000db0000000edfffffff3c
0000005ae0000009ec00000140ffffff9ec0000010ea00000165c00000119ffffffe02
0000002ee000000a40000003997fffff9020000008b000000161c0000017e7fffffee5
0000005a40000008b000000060ffffffd290000017de0000007800000003effffffec9
0000001460000007f0000004d5ffffffa2e00000062e00000121c0000014d7ffffff4d
0000005fe0000008d8000000967fffffb7b00000150a0000010b0000000a77fffffe22
000000492000000abc000002517fffff8f8000000c7a0000017f80000016b7fffffe58
00000051c000000a440000008cffffffe8100000189fffffffc5c000000047ffffffd5
0000000a0000000624000005597fffffb28000000578000000fd800000120fffffff58
0000005ee000000954000000dcffffffaa8000001314000001408000000e27fffffe01
0000003ca000000ab8000002f27fffff8da000000a740000017680000017dffffffe9d
00000055c00000093c0000006d7fffffde600000188800000020c00000019fffffff46
0000002120000009580000043dffffff9750000007420000014440000016dfffffff23
0000005e00000008940000006dffffffc560000016ac000000c780000006f7fffffe66
000000536000000a6c000001be7fffff957000000eaa0000017a800000148ffffffe21
0000004fe000000bc8000000b9ffffffef500000181bffffff6b3ffffffff80000006c
000000000000000224000005fcffffffd6a000000500000000c1c000000c37ffffff05
000000552000000a58000001a57fffff96f000000f1600000177c00000140ffffffe19
00000023a00000098c0000041fffffff95a0000007800000014a8000001727ffffff19
0000005d600000089400000068ffffffc7f0000016f0000000b9400000065ffffffe76
0000000bc00000068000000542ffffffaf500000059200000104400000129fffffff58
0000005f400000093c000000cd7ffffface000001378000001378000000d77fffffe04
0000003f2000000ac0000002d3ffffff8db000000ad00000017940000017b7fffffe8f
00000054e00000096400000071ffffffe050000018980000000fc00000014fffffff60
00000003e00000046c000005afffffffc1b000000522000000e14000000f77ffffff44
0000005bc0000009cc0000012bffffffa0c0000011540000016000000010fffffffdff
000000318000000a6000000379ffffff8f50000009000000016680000017fffffffed8
0000005960000008c000000061ffffffd4f00000180800000068400000036ffffffedf
00000016a00000083c000004baffffffa0600000065a000001288000001547ffffff47
0000005fa0000008c40000008cffffffba4000001560000000ff80000009cffffffe2c
0000004b4000000ab4000002347fffff906000000ce00000017fc00000165ffffffe4c
000000514000000a8400000094ffffffe9a000001891ffffffb4400000001ffffffff1
00000001800000034c000005daffffffcbe00000050a000000d0c000000dd7ffffff2a
00000058e000000a18000001657fffff9b90000010360000016e000000129ffffffe09
0000002a8000000a04000003cd7fffff91e0000008340000015940000017b7fffffefa
0000005b800000089c00000061ffffffce900000178c0000009200000004cffffffea7
00000010e00000076c00000501ffffffa760000005ec000001168000001407ffffff54
0000005fe0000008f8000000a97fffffb370000014740000011d4000000b9ffffffe14
000000458000000ac400000282ffffff8e7000000bd20000017e400000172ffffffe6d
00000052e0000009e8000000817fffffe550000018a9ffffffe24000000097ffffffa7
0000000760000005800000057cffffffb82000000550000000f24000001117ffffff53
0000005e0000000984000000f97fffffa6a00000126a0000014dc000000f3ffffffdfd
000000386000000aa0000003267fffff8df0000009de0000017140000017fffffffeb4
00000057200000090400000066ffffffdae0000018620000003cc00000023fffffff1d
0000001ce0000008f00000046effffff9a70000006e00000013a000000164fffffff33
0000005ec0000008a0000000777fffffc12000001634000000de0000000807fffffe4d
000000508000000a8c000001ea7fffff933000000df80000017dc000001557fffffe30
000000502000000b44000000aaffffffed6000001855ffffff873ffffffff00000003c
00000000a0000002b8000005ecffffffd13000000502000000c90000000d07ffffff19
000000572000000a3800000184ffffff992000000fa6000001738000001357fffffe10
0000002700000009cc000003f6ffffff93a0000007d600000152000000176fffffff09
0000005c800000089400000064ffffffcb4000001742000000a6000000058ffffffe8e
0000000e40000006f800000522ffffffab30000005bc0000010d4000001357ffffff57
0000005fa000000918000000ba7fffffb020000013f80000012b0000000c87fffffe0b
000000424000000ac4000002aaffffff8df000000b500000017c400000177ffffffe7e
00000053e0000009a4000000797fffffe2e0000018a5fffffff900000000e7ffffff83
0000000580000004f8000005977fffffbcd000000536000000e9c000001047ffffff4d
0000005d00000009a800000111ffffffa3a0000011e000000157400000101ffffffdfd
000000350000000a84000003507fffff8e800000096c0000016c4000001807fffffec6
0000005840000008dc000000637fffffd7f00000183a00000052c0000002cffffffefe
00000019c00000089c000004957fffff9d500000069a0000013140000015cfffffff3e
0000005f40000008b000000080ffffffbdb0000015ce000000ef00000008effffffe3b
0000004e0000000aa40000020effffff91b000000d6c0000017f40000015e7fffffe3e
00000050a000000ae00000009f7fffffeb9000001879ffffff9d800000000000000017
0000000280000003dc000005c67fffffc6b000000514000000d8c000000ea7ffffff38
0000005a60000009f400000147ffffff9e10000010c40000016780000011cffffffe03
0000002e0000000a38000003a3ffffff9080000008960000016000000017dffffffee9
0000005a80000008a800000060ffffffd1c0000017ce0000007d4000000417fffffec2
00000013c0000007d8000004deffffffa3c0000006200000011f80000014afffffff4f
0000005fe0000008dc00000099ffffffb6d0000014ee0000010ec000000ab7fffffe1f
000000488000000ac00000025b7fffff8f5000000c580000017f80000016d7fffffe5c
000000520000000a300000008affffffe790000018a3ffffffcb8000000057ffffffcc
00000009800000060400000560ffffffb3a000000570000000fb40000011dfffffff57
0000005ec00000095c000000e2ffffffa9b0000012f2000001434000000e5ffffffe00
0000003bc000000ab0000002fcffffff8da000000a560000017580000017e7fffffea1
0000005600000009300000006bffffffdda0000018820000002640000001bfffffff3e
00000020400000094000000447ffffff97e00000072c0000014240000016bfffffff26
0000005e20000008940000006f7fffffc48000001696000000cc000000072ffffffe61
00000052e000000a74000001c77fffff950000000e860000017b80000014b7fffffe24
0000004fe000000bac000000b77fffffeef000001827ffffff70bffffffff000000062
00000000400000026c000005f4ffffffd3e000000500000000c54000000c9fffffff0f
000000562000000a4800000194ffffff981000000f5e00000175c0000013b7fffffe14
0000002560000009ac0000040b7fffff9490000007aa0000014e400000174fffffff12
0000005d000000089000000066ffffffc9900000171a000000afc0000005f7fffffe82
0000000ce0000006c000000532ffffffad40000005a600000108c0000012f7ffffff58
0000005fa000000928000000c3ffffffae70000013b8000001314000000cfffffffe07
00000040c000000ac4000002bf7fffff8dc000000b100000017ac00000179ffffffe86
000000546000000980000000757fffffe1a0000018a0000000048000000117ffffff72
00000004a0000004b4000005a3ffffffbf400000052c000000e58000000fdfffffff49
0000005c80000009bc0000011effffffa2300000119a0000015bc00000108ffffffdfe
000000334000000a74000003657fffff8ee000000936000001694000001807fffffece
00000058e0000008d0000000627fffffd670000018220000005d8000000317fffffeee
00000018200000086c000004a7ffffff9ed00000067a0000012d000000158fffffff43
0000005f80000008b800000086ffffffbbf000001598000000f74000000957fffffe33
0000004ca000000aac00000221ffffff910000000d260000017fc000001627fffffe45
00000050e000000ab000000099ffffffeaa000001885ffffffa9000000000800000004
000000020000000394000005d0ffffffc9400000050e000000d4c000000e3fffffff32
00000059a000000a04000001567fffff9cc00000107e0000016ac000001237fffffe05
0000002c4000000a1c000003b8ffffff9120000008660000015cc0000017cffffffef1
0000005b00000008a4000000617fffffd030000017ae00000087c00000046ffffffeb5
0000001240000007a0000004f07fffffa580000006040000011b0000001457ffffff52
0000005fe0000008e8000000a17fffffb520000014b2000001160000000b2ffffffe19
000000470000000ac40000026effffff8ee000000c140000017f00000016fffffffe65
000000528000000a0c00000085ffffffe670000018a7ffffffd6c000000077ffffffba
0000000860000005c00000056f7fffffb5d00000055e000000f6c000001177ffffff55
0000005e6000000970000000ed7fffffa820000012ae000001488000000ecffffffdfe
0000003a2000000aa8000003117fffff8dc000000a1a0000017380000017f7fffffeab
000000568000000918000000697fffffdc40000018740000003180000001ffffffff2d
0000001e800000091c0000045b7fffff9920000007060000013e4000001687ffffff2d
0000005e800000089c000000737fffffc2d000001666000000d50000000797fffffe56
00000051c000000a84000001d8ffffff941000000e400000017cc000001507fffffe2a
000000500000000b74000000b0ffffffee200000183fffffff7bfffffffff000000050
000000010000000304000005e47fffffce9000000506000000cd0000000d6fffffff22
000000580000000a2800000174ffffff9a5000000fee00000170c0000012fffffffe0c
00000028c0000009e8000003e27fffff92b00000080600000155c000001797ffffff02
0000005c0000000898000000637fffffccf0000017680000009c000000052ffffffe9a
0000000f8000000730000005127fffffa940000005d20000011200000013afffffff56
0000005fc000000908000000b17fffffb1d000001436000001244000000c17fffffe10
00000043e000000ac8000002967fffff8e3000000b900000017d4000001757fffffe75
0000005360000009c40000007d7fffffe420000018a9ffffffedc0000000bfffffff95
00000006600000053c0000058a7fffffba7000000542000000ee00000010afffffff50
0000005d8000000994000001057fffffa5200000122600000152c000000fb7fffffdfd
00000036c000000a940000033b7fffff8e30000009a60000016ec000001807fffffebd
00000057c0000008f0000000657fffffd9700000185000000047c000000287ffffff0d
0000001b40000008c8000004827fffff9bd0000006be00000135c000001617ffffff39
0000005f00000008a80000007bffffffbf6000001602000000e6c000000877fffffe44
0000004f4000000a98000001fcffffff926000000db20000017ec00000159ffffffe37
000000506000000b10000000a57fffffec7000001867ffffff927ffffffff000000029
000000034000000428000005bb7fffffc4300000051c000000dd0000000f0fffffff3f
0000005b40000009e000000139ffffff9f600000110c00000163c000001167fffffe01
0000002fc000000a4c0000038f7fffff8fe0000008ca0000016340000017effffffee0
00000059e0000008b400000060ffffffd350000017ec00000072c0000003bffffffed0
00000015200000080c000004ccffffffa2100000063c0000012400000014f7ffffff4b
0000005fc0000008d000000092ffffffb89000001528000001074000000a47fffffe26
00000049e000000abc00000247ffffff8fd000000c9c0000017fc000001697fffffe54
00000051a000000a5c0000008f7fffffe8a00000189bffffffbfc000000037ffffffdf
0000000aa00000064400000551ffffffb17000000580000000ffc00000123fffffff58
0000005f2000000948000000d7ffffffab40000013360000013d8000000deffffffe02
0000003d8000000abc000002e87fffff8da000000a920000017780000017cffffffe98
0000005580000009480000006effffffdf000000188e0000001b000000017fffffff4f
00000022000000096800000433ffffff96c0000007560000014640000016f7ffffff20
0000005dc0000008940000006bffffffc640000016c4000000c2c0000006c7fffffe6c
000000540000000a64000001b5ffffff95f000000ece00000179c000001467fffffe1f
0000004fe000000be4000000bd7fffffefb00000180dffffff65bffffffff800000075
00000000000000000000020000000000000ffffc0001ffff80000000100007fffe0000
0000000000000000000000000000000000000000000000000000000000000000000000
0000000000000000000000000000000000000000000000000000000000000000000000
0000000000000000000000000000000000000000000000000000000000000000000000
0000000000000000000000000000000000000000000000000000000000000000000000
0000000000000000000000000000000000000000000000000000000000000000000000
0000000000000000000000000000000000000000000000000000000000000000000000
0000000000000000000000000000000000000000000000000000000000000000000000
0000000000000000000000000000000000000000000000000000000000000000000000
0000000000000000000000000000000000000000000000000000000000000000000000
0000000000000000000000000000000000000000000000000000000000000000000000
0000000000000000000000000000000000000000000000000000000000000000000000
0000000000000000000000000000000000000000000000000000000000000000000000
0000000000000000000000000000000000000000000000000000000000000000000000
0000000000000000000000000000000000000000000000000000000000000000000000
0000000000000000000000000000000000000000000000000000000000000000000000
0000000000000000000000000000000000000000000000000000000000000000000000
0000000000000000000000000000000000000000000000000000000000000000000000
0000000000000000000000000000000000000000000000000000000000000000000000
0000000000000000000000000000000000000000000000000000000000000000000000
0000000000000000000000000000000000000000000000000000000000000000000000
0000000000000000000000000000000000000000000000000000000000000000000000
0000000000000000000000000000000000000000000000000000000000000000000000
0000000000000000000000000000000000000000000000000000000000000000000000
0000000000000000000000000000000000000000000000000000000000000000000000
0000000000000000000000000000000000000000000000000000000000000000000000
0000000000000000000000000000000000000000000000000000000000000000000000
0000000000000000000000000000000000000000000000000000000000000000000000
0000000000000000000000000000000000000000000000000000000000000000000000
0000000000000000000000000000000000000000000000000000000000000000000000
0000000000000000000000000000000000000000000000000000000000000000000000
0000000000000000000000000000000000000000000000000000000000000000000000
0000000000000000000000000000000000000000000000000000000000000000000000
0000000000000000000000000000000000000000000000000000000000000000000000
0000000000000000000000000000000000000000000000000000000000000000000000
0000000000000000000000000000000000000000000000000000000000000000000000
0000000000000000000000000000000000000000000000000000000000000000000000
0000000000000000000000000000000000000000000000000000000000000000000000
0000000000000000000000000000000000000000000000000000000000000000000000
0000000000000000000000000000000000000000000000000000000000000000000000
0000000000000000000000000000000000000000000000000000000000000000000000
0000000000000000000000000000000000000000000000000000000000000000000000
0000000000000000000000000000000000000000000000000000000000000000000000
0000000000000000000000000000000000000000000000000000000000000000000000
0000000000000000000000000000000000000000000000000000000000000000000000
0000000000000000000000000000000000000000000000000000000000000000000000
0000000000000000000000000000000000000000000000000000000000000000000000
0000000000000000000000000000000000000000000000000000000000000000000000
0000000000000000000000000000000000000000000000000000000000000000000000
0000000000000000000000000000000000000000000000000000000000000000000000
0000000000000000000000000000000000000000000000000000000000000000000000
0000000000000000000000000000000000000000000000000000000000000000000000
0000000000000000000000000000000000000000000000000000000000000000000000
0000000000000000000000000000000000000000000000000000000000000000000000
0000000000000000000000000000000000000000000000000000000000000000000000
0000000000000000000000000000000000000000000000000000000000000000000000
0000000000000000000000000000000000000000000000000000000000000000000000
0000000000000000000000000000000000000000000000000000000000000000000000
0000000000000000000000000000000000000000000000000000000000000000000000
0000000000000000000000000000000000000000000000000000000000000000000000
0000000000000000000000000000000000000000000000000000000000000000000000
0000000000000000000000000000000000000000000000000000000000000000000000
0000000000000000000000000000000000000000000000000000000000000000000000
0000000000000000000000000000000000000000000000000000000000000000000000
0000000000000000000000000000000000000000000000000000000000000000000000
0000000000000000000000000000000000000000000000000000000000000000000000
0000000000000000000000000000000000000000000000000000000000000000000000
0000000000000000000000000000000000000000000000000000000000000000000000
0000000000000000000000000000000000000000000000000000000000000000000000
0000000000000000000000000000000000000000000000000000000000000000000000
0000000000000000000000000000000000000000000000000000000000000000000000
0000000000000000000000000000000000000000000000000000000000000000000000
0000000000000000000000000000000000000000000000000000000000000000000000
0000000000000000000000000000000000000000000000000000000000000000000000
0000000000000000000000000000000000000000000000000000000000000000000000
0000000000000000000000000000000000000000000000000000000000000000000000
0000000000000000000000000000000000000000000000000000000000000000000000
0000000000000000000000000000000000000000000000000000000000000000000000
0000000000000000000000000000000000000000000000000000000000000000000000
0000000000000000000000000000000000000000000000000000000000000000000000
0000000000000000000000000000000000000000000000000000000000000000000000
0000000000000000000000000000000000000000000000000000000000000000000000
0000000000000000000000000000000000000000000000000000000000000000000000
0000000000000000000000000000000000000000000000000000000000000000000000
0000000000000000000000000000000000000000000000000000000000000000000000
0000000000000000000000000000000000000000000000000000000000000000000000
0000000000000000000000000000000000000000000000000000000000000000000000
0000000000000000000000000000000000000000000000000000000000000000000000
0000000000000000000000000000000000000000000000000000000000000000000000
0000000000000000000000000000000000000000000000000000000000000000000000
0000000000000000000000000000000000000000000000000000000000000000000000
0000000000000000000000000000000000000000000000000000000000000000000000
0000000000000000000000000000000000000000000000000000000000000000000000
0000000000000000000000000000000000000000000000000000000000000000000000
0000000000000000000000000000000000000000000000000000000000000000000000
0000000000000000000000000000000000000000000000000000000000000000000000
0000000000000000000000000000000000000000000000000000000000000000000000
0000000000000000000000000000000000000000000000000000000000000000000000
0000000000000000000000000000000000000000000000000000000000000000000000
0000000000000000000000000000000000000000000000000000000000000000000000
0000000000000000000000000000000000000000000000000000000000000000000000
0000000000000000000000000000000000000000000000000000000000000000000000
0000000000000000000000000000000000000000000000000000000000000000000000
0000000000000000000000000000000000000000000000000000000000000000000000
0000000000000000000000000000000000000000000000000000000000000000000000
0000000000000000000000000000000000000000000000000000000000000000000000
0000000000000000000000000000000000000000000000000000000000000000000000
0000000000000000000000000000000000000000000000000000000000000000000000
0000000000000000000000000000000000000000000000000000000000000000000000
0000000000000000000000000000000000000000000000000000000000000000000000
0000000000000000000000000000000000000000000000000000000000000000000000
0000000000000000000000000000000000000000000000000000000000000000000000
0000000000000000000000000000000000000000000000000000000000000000000000
0000000000000000000000000000000000000000000000000000000000000000000000
0000000000000000000000000000000000000000000000000000000000000000000000
0000000000000000000000000000000000000000000000000000000000000000000000
0000000000000000000000000000000000000000000000000000000000000000000000
0000000000000000000000000000000000000000000000000000000000000000000000
0000000000000000000000000000000000000000000000000000000000000000000000
0000000000000000000000000000000000000000000000000000000000000000000000
0000000000000000000000000000000000000000000000000000000000000000000000
0000000000000000000000000000000000000000000000000000000000000000000000
0000000000000000000000000000000000000000000000000000000000000000000000
0000000000000000000000000000000000000000000000000000000000000000000000
0000000000000000000000000000000000000000000000000000000000000000000000
0000000000000000000000000000000000000000000000000000000000000000000000
0000000000000000000000000000000000000000000000000000000000000000000000
0000000000000000000000000000000000000000000000000000000000000000000000
0000000000000000000000000000000000000000000000000000000000000000000000
0000000000000000000000000000000000000000000000000000000000000000000000
0000000000000000000000000000000000000000000000000000000000000000000000
0000000000000000000000000000000000000000000000000000000000000000000000
0000000000000000000000000000000000000000000000000000000000000000000000
0000000000000000000000000000000000000000000000000000000000000000000000
0000000000000000000000000000000000000000000000000000000000000000000000
0000000000000000000000000000000000000000000000000000000000000000000000
0000000000000000000000000000000000000000000000000000000000000000000000
0000000000000000000000000000000000000000000000000000000000000000000000
0000000000000000000000000000000000000000000000000000000000000000000000
0000000000000000000000000000000000000000000000000000000000000000000000
0000000000000000000000000000000000000000000000000000000000000000000000
0000000000000000000000000000000000000000000000000000000000000000000000
0000000000000000000000000000000000000000000000000000000000000000000000
0000000000000000000000000000000000000000000000000000000000000000000000
0000000000000000000000000000000000000000000000000000000000000000000000
0000000000000000000000000000000000000000000000000000000000000000000000
0000000000000000000000000000000000000000000000000000000000000000000000
0000000000000000000000000000000000000000000000000000000000000000000000
0000000000000000000000000000000000000000000000000000000000000000000000
0000000000000000000000000000000000000000000000000000000000000000000000
0000000000000000000000000000000000000000000000000000000000000000000000
0000000000000000000000000000000000000000000000000000000000000000000000
0000000000000000000000000000000000000000000000000000000000000000000000
0000000000000000000000000000000000000000000000000000000000000000000000
0000000000000000000000000000000000000000000000000000000000000000000000
0000000000000000000000000000000000000000000000000000000000000000000000
0000000000000000000000000000000000000000000000000000000000000000000000
0000000000000000000000000000000000000000000000000000000000000000000000
0000000000000000000000000000000000000000000000000000000000000000000000
0000000000000000000000000000000000000000000000000000000000000000000000
0000000000000000000000000000000000000000000000000000000000000000000000
0000000000000000000000000000000000000000000000000000000000000000000000
0000000000000000000000000000000000000000000000000000000000000000000000
0000000000000000000000000000000000000000000000000000000000000000000000
0000000000000000000000000000000000000000000000000000000000000000000000
0000000000000000000000000000000000000000000000000000000000000000000000
0000000000000000000000000000000000000000000000000000000000000000000000
0000000000000000000000000000000000000000000000000000000000000000000000
0000000000000000000000000000000000000000000000000000000000000000000000
0000000000000000000000000000000000000000000000000000000000000000000000
0000000000000000000000000000000000000000000000000000000000000000000000
0000000000000000000000000000000000000000000000000000000000000000000000
0000000000000000000000000000000000000000000000000000000000000000000000
0000000000000000000000000000000000000000000000000000000000000000000000
0000000000000000000000000000000000000000000000000000000000000000000000
0000000000000000000000000000000000000000000000000000000000000000000000
0000000000000000000000000000000000000000000000000000000000000000000000
0000000000000000000000000000000000000000000000000000000000000000000000
0000000000000000000000000000000000000000000000000000000000000000000000
0000000000000000000000000000000000000000000000000000000000000000000000
0000000000000000000000000000000000000000000000000000000000000000000000
0000000000000000000000000000000000000000000000000000000000000000000000
0000000000000000000000000000000000000000000000000000000000000000000000
0000000000000000000000000000000000000000000000000000000000000000000000
0000000000000000000000000000000000000000000000000000000000000000000000
0000000000000000000000000000000000000000000000000000000000000000000000
0000000000000000000000000000000000000000000000000000000000000000000000
0000000000000000000000000000000000000000000000000000000000000000000000
0000000000000000000000000000000000000000000000000000000000000000000000
0000000000000000000000000000000000000000000000000000000000000000000000
0000000000000000000000000000000000000000000000000000000000000000000000
0000000000000000000000000000000000000000000000000000000000000000000000
0000000000000000000000000000000000000000000000000000000000000000000000
0000000000000000000000000000000000000000000000000000000000000000000000
0000000000000000000000000000000000000000000000000000000000000000000000
0000000000000000000000000000000000000000000000000000000000000000000000
0000000000000000000000000000000000000000000000000000000000000000000000
0000000000000000000000000000000000000000000000000000000000000000000000
0000000000000000000000000000000000000000000000000000000000000000000000
0000000000000000000000000000000000000000000000000000000000000000000000
0000000000000000000000000000000000000000000000000000000000000000000000
0000000000000000000000000000000000000000000000000000000000000000000000
0000000000000000000000000000000000000000000000000000000000000000000000
0000000000000000000000000000000000000000000000000000000000000000000000
0000000000000000000000000000000000000000000000000000000000000000000000
0000000000000000000000000000000000000000000000000000000000000000000000
0000000000000000000000000000000000000000000000000000000000000000000000
0000000000000000000000000000000000000000000000000000000000000000000000
0000000000000000000000000000000000000000000000000000000000000000000000
0000000000000000000000000000000000000000000000000000000000000000000000
0000000000000000000000000000000000000000000000000000000000000000000000
0000000000000000000000000000000000000000000000000000000000000000000000
0000000000000000000000000000000000000000000000000000000000000000000000
0000000000000000000000000000000000000000000000000000000000000000000000
0000000000000000000000000000000000000000000000000000000000000000000000
0000000000000000000000000000000000000000000000000000000000000000000000
0000000000000000000000000000000000000000000000000000000000000000000000
0000000000000000000000000000000000000000000000000000000000000000000000
0000000000000000000000000000000000000000000000000000000000000000000000
0000000000000000000000000000000000000000000000000000000000000000000000
0000000000000000000000000000000000000000000000000000000000000000000000
0000000000000000000000000000000000000000000000000000000000000000000000
0000000000000000000000000000000000000000000000000000000000000000000000
0000000000000000000000000000000000000000000000000000000000000000000000
0000000000000000000000000000000000000000000000000000000000000000000000
0000000000000000000000000000000000000000000000000000000000000000000000
0000000000000000000000000000000000000000000000000000000000000000000000
0000000000000000000000000000000000000000000000000000000000000000000000
0000000000000000000000000000000000000000000000000000000000000000000000
0000000000000000000000000000000000000000000000000000000000000000000000
0000000000000000000000000000000000000000000000000000000000000000000000
0000000000000000000000000000000000000000000000000000000000000000000000
0000000000000000000000000000000000000000000000000000000000000000000000
0000000000000000000000000000000000000000000000000000000000000000000000
0000000000000000000000000000000000000000000000000000000000000000000000
0000000000000000000000000000000000000000000000000000000000000000000000
0000000000000000000000000000000000000000000000000000000000000000000000
0000000000000000000000000000000000000000000000000000000000000000000000
0000000000000000000000000000000000000000000000000000000000000000000000
0000000000000000000000000000000000000000000000000000000000000000000000
0000000000000000000000000000000000000000000000000000000000000000000000
0000000000000000000000000000000000000000000000000000000000000000000000
0000000000000000000000000000000000000000000000000000000000000000000000
0000000000000000000000000000000000000000000000000000000000000000000000
0000000000000000000000000000000000000000000000000000000000000000000000
0000000000000000000000000000000000000000000000000000000000000000000000
0000000000000000000000000000000000000000000000000000000000000000000000
0000000000000000000000000000000000000000000000000000000000000000000000
0000000000000000000000000000000000000000000000000000000000000000000000
0000000000000000000000000000000000000000000000000000000000000000000000
0000000000000000000000000000000000000000000000000000000000000000000000
0000000000000000000000000000000000000000000000000000000000000000000000
0000000000000000000000000000000000000000000000000000000000000000000000
0000000000000000000000000000000000000000000000000000000000000000000000
0000000000000000000000000000000000000000000000000000000000000000000000
0000000000000000000000000000000000000000000000000000000000000000000000
ffffffc01ffffff803ffffff00000000200000000000000001003fffffe00000000000
0000005a8000001b53fffffe9600000012cffffffda8000000b53fffffc967fffffd2c
00000101a000003037fffffecd00000019affffffeac000000d5bfffffd817ffffff02
0000001fc0000013fbfffffe550000000aaffffffcca00000099bfffff9f97fffff7f2
00000249a000005937fffffee68000001cdfffffff48000000e93fffffdc87ffffff90
00000037a0000016f7fffffe770000000eeffffffd36000000a6ffffffbb47fffffb67
00000092e00000225ffffffeb2800000164ffffffe22000000c47fffffd217fffffe42
0000000de0000011bffffffe2e00000005cffffffc640000008cbfffff4d97ffffedb0
000004d6a00000aad7fffffef38000001e7fffffffa0000000f43fffffde5fffffffcb
0000004740000018ebfffffe8700000010effffffd6e000000adffffffc34ffffffc68
000000bf60000027effffffebf80000017fffffffe66000000ccffffffd557fffffeaa
0000001620000012c7fffffe42000000084ffffffc9600000092ffffff8427fffff484
0000016f4000003deffffffeda0000001b4ffffffef6000000deffffffda6fffffff4d
0000002ac00000155bfffffe668000000cdffffffd00000000a03fffffb027fffffa03
00000072c000001e5bfffffea4800000148ffffffde4000000bcbfffffce2ffffffdc5
0000000680000010d7fffffe18000000030ffffffc32000000867ffffeaa57ffffd949
000009eee000014ddffffffef98000001f3fffffffce000000f9ffffffdf37ffffffe6
000000504000001a0bfffffe8e80000011dffffffd8a000000b17fffffc68ffffffcd0
000000dce000002b9ffffffec680000018dffffffe88000000d13fffffd6bffffffed7
0000001ac00000135bfffffe4c000000097ffffffcb0000000967fffff93d7fffff678
000001c6c0000048dbfffffee08000001c1fffffff1e000000e3ffffffdb87ffffff6f
00000030e00000161ffffffe6f0000000deffffffd1a000000a3bfffffb637fffffac5
00000081a000002037fffffeab800000157ffffffe04000000c07fffffd03ffffffe06
0000000a2000001147fffffe23800000046ffffffc4a00000089bfffff171fffffe6e2
000003236000007473fffffeed0000001dafffffff72000000eebfffffdd77ffffffae
0000003f00000017e3fffffe7f0000000feffffffd52000000aa7fffffbf97fffffbf2
000000a720000024e7fffffeb9000000172ffffffe42000000c8bfffffd3c7fffffe78
00000011e000001243fffffe38000000070ffffffc7e0000008fffffff6e4ffffff1c8
00000130a00000361bfffffed38000001a7ffffffed0000000da3fffffd94fffffff28
0000002500000014a3fffffe5e0000000bcffffffce60000009cbfffffa8c7fffff917
00000065c000001cbbfffffe9d00000013affffffdc6000000b8ffffffcbeffffffd7d
000000030000001067fffffe0c000000018ffffffc18000000837ffffd6447ffffb087
0000141ea0000293d7fffffefd0000001fafffffffe6000000fd3fffffdf9ffffffff3
000000552000001aabfffffe92000000124ffffffd98000000b37fffffc7fffffffcff
000000ee2000002dcbfffffec9800000194ffffffe9a000000d37fffffd76ffffffeed
0000001d20000013abfffffe508000000a1ffffffcbc00000097ffffff9a17fffff741
00000200e00000501ffffffee38000001c7fffffff32000000e6bfffffdc07ffffff80
00000034200000168bfffffe730000000e6ffffffd28000000a53fffffb8dffffffb19
00000089e00000213ffffffeaf00000015effffffe12000000c2bfffffd12ffffffe25
0000000be000001183fffffe28800000051ffffffc560000008b3fffff3637ffffeac6
000003d18000008a33fffffef00000001e0fffffff88000000f17fffffddefffffffbd
000000430000001867fffffe83000000106ffffffd60000000ac3fffffc17ffffffc2f
000000b2a00000265bfffffebc800000179ffffffe54000000cabfffffd48ffffffe91
000000140000001283fffffe3d80000007affffffc8a000000917fffff7a37fffff345
0000014d80000039b7fffffed68000001aeffffffee4000000dcbfffffd9e7ffffff3b
00000027c0000014fbfffffe628000000c4ffffffcf20000009e7fffffaca7fffff993
0000006c0000001d87fffffea1000000142ffffffdd4000000baffffffcd17fffffda2
00000004c00000109ffffffe12800000024ffffffc2400000084fffffe3d9fffffcbb2
00000689600000e12ffffffef68000001edfffffffb6000000f6ffffffdecfffffffd8
0000004ba000001977fffffe8b000000115ffffffd7c000000afbfffffc4f7fffffc9e
000000cd40000029affffffec3000000186ffffffe76000000cf3fffffd60ffffffec1
000000186000001313fffffe4700000008effffffca400000094ffffff8c97fffff591
0000019700000042e3fffffedd0000001bafffffff0a000000e17fffffdaffffffff5e
0000002da0000015bbfffffe6a8000000d6ffffffd0c000000a1ffffffb34ffffffa69
00000079e000001f3ffffffea800000014fffffffdf4000000be7fffffcf3ffffffde6
00000008400000110ffffffe1d80000003bffffffc3e00000087fffffeeb97ffffe171
000002a6e0000064e3fffffee98000001d4fffffff5c000000ebbfffffdcffffffff9f
0000003b400000176bfffffe7b8000000f6ffffffd42000000a8bfffffbd87fffffbaf
0000009c8000002393fffffeb600000016bffffffe34000000c6bfffffd2f7fffffe5d
0000000fe0000011fffffffe33000000066ffffffc700000008e3fffff5fbfffffeff6
00000117a0000032f7fffffed08000001a1ffffffebe000000d7ffffffd8b7ffffff15
00000022400000144bfffffe598000000b2ffffffcd80000009b3fffffa46ffffff88d
0000005fe000001bfffffffe99800000133ffffffdb6000000b6ffffffcaaffffffd55
000000016000001033fffffe0600000000cffffffc0a00000081bffffad84fffff5f07
0000287e0000051fc3fffffefe8000001fdffffffff2000000fe7fffffdfcffffffff9
00000057c000001afffffffe94000000128ffffffda0000000b43fffffc8b7fffffd15
000000f78000002ef7fffffecb800000197ffffffea2000000d4bfffffd7bffffffef7
0000001e60000013cffffffe528000000a5ffffffcc400000098bfffff9ceffffff79c
000002232000005467fffffee50000001cafffffff3e000000e7ffffffdc47ffffff88
00000035e0000016bffffffe750000000eaffffffd2e000000a63fffffba17fffffb42
0000008e40000021cffffffeb0800000161ffffffe1a000000c37fffffd19ffffffe33
0000000ce00000119ffffffe2b000000056ffffffc5e0000008bffffff42afffffec54
0000044580000098b3fffffef18000001e3fffffff94000000f2bfffffde27ffffffc3
0000004520000018a7fffffe8500000010affffffd66000000acffffffc26ffffffc4c
000000b8e00000271ffffffebe00000017cffffffe5e000000cbbfffffd4f7fffffe9d
0000001520000012a7fffffe40000000080ffffffc90000000927fffff7f6ffffff3ec
0000015dc000003bbbfffffed88000001b0ffffffeec000000ddffffffda27ffffff44
00000029400000152bfffffe648000000c9ffffffcf80000009f7fffffae6ffffff9cd
0000006f6000001deffffffea2800000145ffffffddc000000bbbfffffcda7fffffdb4
00000005a0000010b7fffffe1500000002affffffc2c00000085bffffe7bbfffffd376
000007e52000010cabfffffef80000001f0fffffffc2000000f87fffffdeffffffffdf
0000004de0000019bffffffe8c800000119ffffffd82000000b07fffffc5c7fffffcb7
000000d4e000002a9ffffffec5000000189ffffffe80000000d03fffffd667fffffecc
00000019a000001337fffffe49800000092ffffffcaa00000095bfffff9057fffff609
000001adc0000045bbfffffedf0000001bdfffffff14000000e2bfffffdb3fffffff67
0000002f40000015effffffe6c8000000daffffffd14000000a2bfffffb4cffffffa98
0000007da000001fbbfffffea9800000153ffffffdfa000000bfbfffffcfb7fffffdf7
00000009200000112bfffffe20800000041ffffffc4400000088ffffff0357ffffe469
000002e06000006c13fffffeeb0000001d7fffffff68000000ed3fffffdd3fffffffa7
0000003d20000017a7fffffe7d0000000faffffffd4a000000a97fffffbe8ffffffbd1
000000a1a00000243bfffffeb780000016fffffffe3a000000c7bfffffd35ffffffe6b
00000010e00000121ffffffe3580000006bffffffc760000008effffff6767fffff0eb
00000123a00000347bfffffed20000001a4ffffffec6000000d93fffffd8ffffffff1f
00000023a000001477fffffe5b8000000b7ffffffcde0000009bffffffa6a7fffff8d4
00000062c000001c5bfffffe9b800000137ffffffdbc000000b7ffffffcb4ffffffd69
00000002400000104bfffffe09000000012ffffffc12000000827ffffc8af7ffff955b
00000d54200001ba87fffffefb8000001f6fffffffda000000fb7fffffdf67ffffffec
00000052a000001a5bfffffe90000000121ffffffd90000000b23fffffc747fffffce8
000000e54000002cabfffffec8000000190ffffffe90000000d27fffffd717fffffee2
0000001c0000001383fffffe4e00000009cffffffcb600000096ffffff970ffffff6e0
000001e24000004c4ffffffee20000001c4fffffff2a000000e57fffffdbc7ffffff78
000000328000001657fffffe710000000e2ffffffd22000000a47fffffb78ffffffaf1
00000085a0000020b7fffffead00000015affffffe0a000000c17fffffd0b7fffffe15
0000000ae000001167fffffe2600000004cffffffc500000008a7fffff27dfffffe8fa
000003728000007e53fffffeee8000001ddfffffff7e000000efffffffddb7ffffffb5
000000410000001827fffffe81000000102ffffffd58000000ab3fffffc08ffffffc11
000000acc00000259bfffffebb000000175ffffffe4c000000c9bfffffd42ffffffe85
000000130000001263fffffe3b000000075ffffffc8400000090bfffff748ffffff28f
0000013e80000037d7fffffed50000001aaffffffeda000000db7fffffd997ffffff32
0000002660000014cffffffe600000000c0ffffffcec0000009dbfffffaac7fffff957
00000068e000001d1ffffffe9f00000013effffffdcc000000b9bfffffcc87fffffd8f
00000003e00000107ffffffe0f00000001effffffc1e00000083fffffde6afffffc0d3
00000590e00000c21ffffffef48000001eafffffffaa000000f57fffffde97ffffffd1
00000049600000192ffffffe89000000111ffffffd74000000aebfffffc427fffffc83
000000c620000028cbfffffec1800000183ffffffe6e000000cdffffffd5b7fffffeb5
0000001740000012effffffe4480000008affffffc9c00000093ffffff888ffffff50f
00000182400000404bfffffedb8000001b7fffffff00000000e03fffffdab7ffffff55
0000002c200000158bfffffe690000000d1ffffffd06000000a0ffffffb1c7fffffa37
000000762000001ecbfffffea600000014dffffffdea000000bdbfffffceb7fffffdd6
0000000760000010effffffe1b000000035ffffffc38000000873ffffece97ffffddd1
000002752000005ea7fffffee80000001d0fffffff52000000ea7fffffdcc7ffffff97
00000039600000172ffffffe790000000f2ffffffd3c000000a7bfffffbc67fffffb8c
00000097a0000022f7fffffeb4000000168ffffffe2a000000c5bfffffd287fffffe50
0000000ee0000011dffffffe30800000061ffffffc6a0000008d7fffff5737ffffeee4
0000010c400000318bfffffece80000019dffffffeb4000000d6bfffffd85fffffff0b
00000020e000001423fffffe570000000aeffffffcd20000009a7fffffa217fffff841
0000005d2000001ba7fffffe98000000130ffffffdae000000b63fffffca0ffffffd41
00000000a00000101bfffffe03000000006ffffffc0400000080fffff5c07ffffebc0d
0000513c60000a378ffffffeff0000001feffffffff8000000ff3fffffdfe7fffffffc
000000592000001b27fffffe95000000129ffffffda4000000b4bfffffc90ffffffd21
000000fc8000002f93fffffecc000000198ffffffea6000000d4ffffffd7e7fffffefc
0000001f00000013e7fffffe538000000a8ffffffcc8000000993fffff9e47fffff7c8
00000235c0000056bffffffee60000001ccfffffff42000000e8bfffffdc67ffffff8c
00000036c0000016dbfffffe760000000ecffffffd32000000a67fffffbaaffffffb54
000000908000002217fffffeb1800000163ffffffe1e000000c3ffffffd1dffffffe3a
0000000d40000011affffffe2c800000059ffffffc600000008c7fffff484fffffed08
00000489c00000a13bfffffef28000001e5fffffff9a000000f37fffffde47ffffffc7
0000004620000018c7fffffe8600000010cffffffd6a000000ad7fffffc2dffffffc5a
000000bc0000002783fffffebf00000017effffffe60000000cc7fffffd527fffffea3
00000015a0000012bbfffffe41000000082ffffffc9400000092bfffff81d7fffff439
000001666000003ccffffffed90000001b2ffffffef2000000de7fffffda4fffffff49
0000002a0000001543fffffe658000000cbffffffcfe0000009fbfffffaf4ffffff9e8
000000710000001e23fffffea3800000147ffffffde0000000bc3fffffcdeffffffdbc
0000000620000010c3fffffe1680000002dffffffc2e00000085fffffe949fffffd691
000008cd00000129a7fffffef88000001f2fffffffc8000000f93fffffdf1fffffffe3
0000004f00000019e7fffffe8d80000011bffffffd86000000b13fffffc627fffffcc4
000000d8c000002b1bfffffec580000018bffffffe82000000d0bfffffd697fffffed1
0000001a2000001347fffffe4a800000095ffffffcae00000095ffffff921ffffff641
000001b9e000004743fffffedf8000001bffffffff18000000e37fffffdb5fffffff6b
000000300000001603fffffe6e0000000dcffffffd16000000a33fffffb57ffffffaaf
0000007fa000001ff7fffffeaa800000155ffffffe00000000c03fffffcffffffffdff
00000009a000001137fffffe22000000043ffffffc48000000893fffff0dafffffe5b3
000003008000007017fffffeec0000001d9fffffff6c000000edbfffffdd57ffffffaa
0000003e20000017c7fffffe7e0000000fcffffffd4e000000a9ffffffbf17fffffbe1
000000a46000002493fffffeb8800000171ffffffe3e000000c83fffffd397fffffe71
00000011600000122ffffffe3700000006effffffc7a0000008f7fffff6aeffffff15c
0000012a0000003547fffffed28000001a5ffffffecc000000d9bfffffd927ffffff24
00000024400000148bfffffe5c8000000b9ffffffce20000009c7fffffa7bffffff8f6
000000644000001c8bfffffe9c800000138ffffffdc0000000b87fffffcb9ffffffd73
00000002c00000105bfffffe0a800000016ffffffc1400000082fffffd071fffffa4e2
0000100b8000021173fffffefc0000001f8fffffffe0000000fc3fffffdf87ffffffef
00000053e000001a83fffffe91800000123ffffffd94000000b2ffffffc7a7fffffcf4
000000e9c000002d3bfffffec9000000192ffffffe96000000d2ffffffd747fffffee8
0000001c8000001393fffffe4f00000009effffffcba000000977fffff9897fffff711
000001f12000004e2bfffffee28000001c6fffffff2c000000e5ffffffdbe7ffffff7c
00000033400000166ffffffe720000000e4ffffffd24000000a4ffffffb837fffffb05
00000087a0000020fbfffffeae00000015cffffffe0e000000c23fffffd0effffffe1d
0000000b8000001173fffffe2700000004fffffffc540000008abfffff2f4fffffe9e8
0000039fc0000083fbfffffeef8000001defffffff84000000f0bfffffddcfffffffb9
000000420000001847fffffe82000000104ffffffd5c000000abbfffffc10ffffffc20
000000afa0000025fbfffffebb800000178ffffffe4e000000ca3fffffd45ffffffe8b
000000138000001273fffffe3c000000078ffffffc86000000913fffff7777fffff2ed
00000145e0000038c3fffffed60000001acffffffede000000dbffffffd9bfffffff36
0000002700000014e7fffffe610000000c2ffffffcf00000009e3fffffabb7fffff975
0000006a6000001d53fffffea0000000140ffffffdd0000000ba3fffffcccffffffd98
00000004600000108ffffffe10800000021ffffffc22000000847ffffe161fffffc6c1
00000603800000d077fffffef58000001ebfffffffb0000000f63fffffdeafffffffd5
0000004a8000001953fffffe8a000000113ffffffd78000000af3fffffc48ffffffc90
000000c9c00000293bfffffec2800000185ffffffe72000000ce7fffffd5e7fffffebb
00000017e0000012fffffffe4600000008bffffffca2000000943fffff8a97fffff551
0000018c8000004193fffffedc8000001b9fffffff06000000e0ffffffdadfffffff5a
0000002ce0000015a3fffffe698000000d4ffffffd0a000000a17fffffb28ffffffa50
000000780000001f07fffffea700000014effffffdee000000be3fffffcefffffffddf
00000007c0000010fffffffe1c000000039ffffffc3a00000087bffffedddfffffdfb9
0000028d20000061abfffffee90000001d2fffffff58000000eb3fffffdce7ffffff9b
0000003a400000174ffffffe7a0000000f4ffffffd40000000a83fffffbcf7fffffb9d
0000009a2000002347fffffeb500000016affffffe30000000c63fffffd2bffffffe57
0000000f60000011effffffe32000000063ffffffc6e0000008dffffff5b97ffffef71
00000111e00000323ffffffecf80000019fffffffeba000000d77fffffd88fffffff11
00000021a00000143bfffffe588000000b1ffffffcd40000009affffffa347fffff868
0000005e6000001bd3fffffe98800000132ffffffdb2000000b6bfffffca5ffffffd4b
000000010000001023fffffe04800000009ffffffc08000000813ffff925b7ffff28b3
00001ae92000036d27fffffefd8000001fbfffffffec000000fdbfffffdfb7fffffff6
000000566000001ad3fffffe93000000127ffffffd9c000000b3bfffffc85ffffffd0a
000000f2c000002e5ffffffeca800000195ffffffe9e000000d3ffffffd797fffffef2
0000001dc0000013bffffffe518000000a3ffffffcc0000000987fffff9b87fffff76f
000002118000005237fffffee40000001c9fffffff38000000e73fffffdc27ffffff84
0000003500000016a3fffffe740000000e8ffffffd2c000000a5bfffffb97ffffffb2e
0000008c0000002187fffffeaf800000160ffffffe16000000c2ffffffd167fffffe2c
0000000c6000001193fffffe2a000000054ffffffc5a0000008b7fffff3cafffffeb93
000004088000009113fffffef10000001e2fffffff8e000000f1ffffffde07ffffffc0
000000440000001887fffffe84000000108ffffffd62000000acbfffffc1f7fffffc3e
000000b5c0000026bbfffffebd80000017bffffffe58000000cb3fffffd4c7fffffe97
00000014a000001293fffffe3e80000007dffffffc8c00000091ffffff7cdffffff39a
000001558000003ab7fffffed78000001afffffffee8000000dd3fffffda07ffffff40
000000288000001513fffffe638000000c6ffffffcf60000009effffffad8ffffff9b0
0000006da000001db7fffffea1800000143ffffffdd8000000bb3fffffcd5ffffffdab
0000000540000010abfffffe13800000027ffffffc28000000853ffffe5f17ffffcfe0
00000727600000f4f3fffffef70000001effffffffbc000000f7ffffffdee7ffffffdc
0000004cc00000199bfffffe8b800000117ffffffd80000000b03fffffc567fffffcab
000000d12000002a27fffffec4000000188ffffffe7c000000cf7fffffd63ffffffec6
000000190000001323fffffe48000000090ffffffca600000094ffffff8e7ffffff5ce
000001a2200000444bfffffede0000001bcfffffff0e000000e23fffffdb1fffffff63
0000002e80000015d3fffffe6b8000000d7ffffffd10000000a23fffffb40ffffffa80
0000007bc000001f7bfffffea8800000151ffffffdf8000000beffffffcf7ffffffdef
00000008c00000111bfffffe1f00000003effffffc40000000883ffffef807ffffe2ff
000002c2a000006857fffffeeb0000001d5fffffff62000000ecbfffffdd1fffffffa3
0000003c200000178bfffffe7c0000000f8ffffffd48000000a8ffffffbe0ffffffbc0
0000009f20000023e7fffffeb680000016dffffffe36000000c6ffffffd327fffffe64
00000010600000120ffffffe34800000069ffffffc720000008ebfffff63affffff074
0000011d80000033b3fffffed10000001a2ffffffec2000000d87fffffd8dfffffff1a
00000022e000001463fffffe5a8000000b5ffffffcdc0000009bbfffffa597fffff8b1
000000616000001c2ffffffe9a800000135ffffffdba000000b77fffffcb07fffffd5f
00000001e00000103ffffffe0800000000fffffffc10000000823ffffbdd17ffff7fa0
00000b636000017c6ffffffefa8000001f5fffffffd4000000fabfffffdf57ffffffe9
000000518000001a33fffffe8f80000011fffffffd8c000000b1ffffffc6e7fffffcdc
000000e10000002c23fffffec780000018effffffe8e000000d1bfffffd6effffffedc
0000001b600000136ffffffe4d00000009affffffcb200000096bfffff9577fffff6ad
000001d42000004a87fffffee10000001c2fffffff22000000e4bfffffdba7ffffff74
00000031a00000163bfffffe700000000e0ffffffd1e000000a3ffffffb6e7fffffadb
00000083a000002077fffffeac000000159ffffffe06000000c0ffffffd077fffffe0e
0000000a8000001157fffffe24800000049ffffffc4e00000089ffffff1fd7ffffe7f9
00000349400000792bfffffeed8000001dbfffffff78000000ef3fffffdd97ffffffb2
000000400000001803fffffe80000000100ffffffd54000000aaffffffc017fffffc01
000000a9e000002543fffffeba000000174ffffffe46000000c93fffffd3f7fffffe7e
000000128000001253fffffe39800000073ffffffc82000000903fffff717ffffff22e
0000013780000036f3fffffed48000001a9ffffffed6000000daffffffd977ffffff2e
00000025a0000014bbfffffe5f0000000beffffffce80000009d3fffffa9c7fffff937
000000674000001cebfffffe9e80000013cffffffdca000000b97fffffcc3ffffffd86
000000038000001073fffffe0d80000001bffffffc1a00000083bffffdacb7ffffb994
0000052d600000b5b3fffffef40000001e8fffffffa4000000f4ffffffde77ffffffce
00000048600000190ffffffe88000000110ffffffd72000000ae7fffffc3bffffffc77
000000c2c00000285bfffffec0800000181ffffffe6a000000cd7fffffd587fffffeb0
00000016c0000012dbfffffe43800000087ffffffc9a000000937fffff8667fffff4cb
000001788000003f17fffffeda8000001b5ffffffefc000000dfbfffffda97ffffff52
0000002b600000156ffffffe678000000cfffffffd02000000a07fffffb0f7fffffa1d
000000748000001e93fffffea580000014bffffffde6000000bd3fffffce77fffffdcd
00000006e0000010e3fffffe19800000033ffffffc3400000086fffffebd87ffffdbaf
0000025ea000005bdbfffffee78000001cffffffff4e000000e9ffffffdca7ffffff94
000000388000001713fffffe780000000f0ffffffd3a000000a77fffffbbdffffffb7a
0000009520000022abfffffeb3000000167ffffffe26000000c53fffffd24ffffffe49
0000000e60000011cffffffe2f80000005effffffc660000008cffffff5287ffffee4f
00000106c0000030dffffffecd80000019bffffffeb0000000d63fffffd83fffffff06
00000020400000140ffffffe560000000acffffffcce00000099ffffffa0d7fffff819
0000005bc000001b7bfffffe9700000012effffffdac000000b5bfffffc9bffffffd36
00000000400000100bfffffe01800000003ffffffc02000000807fffeb90dffffd7619
00000000000000000020000000000000000fc0000001f80000000100000007e0000000
0000000000000000000000000000000000000000000000000000000000000000000000
0000000000000000000000000000000000000000000000000000000000000000000000
0000000000000000000000000000000000000000000000000000000000000000000000
0000000000000000000000000000000000000000000000000000000000000000000000
0000000000000000000000000000000000000000000000000000000000000000000000
0000000000000000000000000000000000000000000000000000000000000000000000
0000000000000000000000000000000000000000000000000000000000000000000000
0000000000000000000000000000000000000000000000000000000000000000000000
0000000000000000000000000000000000000000000000000000000000000000000000
0000000000000000000000000000000000000000000000000000000000000000000000
0000000000000000000000000000000000000000000000000000000000000000000000
0000000000000000000000000000000000000000000000000000000000000000000000
0000000000000000000000000000000000000000000000000000000000000000000000
0000000000000000000000000000000000000000000000000000000000000000000000
0000000000000000000000000000000000000000000000000000000000000000000000
0000000000000000000000000000000000000000000000000000000000000000000000
0000000000000000000000000000000000000000000000000000000000000000000000
0000000000000000000000000000000000000000000000000000000000000000000000
0000000000000000000000000000000000000000000000000000000000000000000000
0000000000000000000000000000000000000000000000000000000000000000000000
0000000000000000000000000000000000000000000000000000000000000000000000
0000000000000000000000000000000000000000000000000000000000000000000000
0000000000000000000000000000000000000000000000000000000000000000000000
0000000000000000000000000000000000000000000000000000000000000000000000
0000000000000000000000000000000000000000000000000000000000000000000000
0000000000000000000000000000000000000000000000000000000000000000000000
0000000000000000000000000000000000000000000000000000000000000000000000
0000000000000000000000000000000000000000000000000000000000000000000000
0000000000000000000000000000000000000000000000000000000000000000000000
0000000000000000000000000000000000000000000000000000000000000000000000
0000000000000000000000000000000000000000000000000000000000000000000000
0000000000000000000000000000000000000000000000000000000000000000000000
0000000000000000000000000000000000000000000000000000000000000000000000
0000000000000000000000000000000000000000000000000000000000000000000000
0000000000000000000000000000000000000000000000000000000000000000000000
0000000000000000000000000000000000000000000000000000000000000000000000
0000000000000000000000000000000000000000000000000000000000000000000000
0000000000000000000000000000000000000000000000000000000000000000000000
0000000000000000000000000000000000000000000000000000000000000000000000
0000000000000000000000000000000000000000000000000000000000000000000000
0000000000000000000000000000000000000000000000000000000000000000000000
0000000000000000000000000000000000000000000000000000000000000000000000
0000000000000000000000000000000000000000000000000000000000000000000000
0000000000000000000000000000000000000000000000000000000000000000000000
0000000000000000000000000000000000000000000000000000000000000000000000
0000000000000000000000000000000000000000000000000000000000000000000000
0000000000000000000000000000000000000000000000000000000000000000000000
0000000000000000000000000000000000000000000000000000000000000000000000
0000000000000000000000000000000000000000000000000000000000000000000000
0000000000000000000000000000000000000000000000000000000000000000000000
0000000000000000000000000000000000000000000000000000000000000000000000
0000000000000000000000000000000000000000000000000000000000000000000000
0000000000000000000000000000000000000000000000000000000000000000000000
0000000000000000000000000000000000000000000000000000000000000000000000
0000000000000000000000000000000000000000000000000000000000000000000000
0000000000000000000000000000000000000000000000000000000000000000000000
0000000000000000000000000000000000000000000000000000000000000000000000
0000000000000000000000000000000000000000000000000000000000000000000000
0000000000000000000000000000000000000000000000000000000000000000000000
0000000000000000000000000000000000000000000000000000000000000000000000
0000000000000000000000000000000000000000000000000000000000000000000000
0000000000000000000000000000000000000000000000000000000000000000000000
0000000000000000000000000000000000000000000000000000000000000000000000
0000000000000000000000000000000000000000000000000000000000000000000000
0000000000000000000000000000000000000000000000000000000000000000000000
0000000000000000000000000000000000000000000000000000000000000000000000
0000000000000000000000000000000000000000000000000000000000000000000000
0000000000000000000000000000000000000000000000000000000000000000000000
0000000000000000000000000000000000000000000000000000000000000000000000
0000000000000000000000000000000000000000000000000000000000000000000000
0000000000000000000000000000000000000000000000000000000000000000000000
0000000000000000000000000000000000000000000000000000000000000000000000
0000000000000000000000000000000000000000000000000000000000000000000000
0000000000000000000000000000000000000000000000000000000000000000000000
0000000000000000000000000000000000000000000000000000000000000000000000
0000000000000000000000000000000000000000000000000000000000000000000000
0000000000000000000000000000000000000000000000000000000000000000000000
0000000000000000000000000000000000000000000000000000000000000000000000
0000000000000000000000000000000000000000000000000000000000000000000000
0000000000000000000000000000000000000000000000000000000000000000000000
0000000000000000000000000000000000000000000000000000000000000000000000
0000000000000000000000000000000000000000000000000000000000000000000000
0000000000000000000000000000000000000000000000000000000000000000000000
0000000000000000000000000000000000000000000000000000000000000000000000
0000000000000000000000000000000000000000000000000000000000000000000000
0000000000000000000000000000000000000000000000000000000000000000000000
0000000000000000000000000000000000000000000000000000000000000000000000
0000000000000000000000000000000000000000000000000000000000000000000000
0000000000000000000000000000000000000000000000000000000000000000000000
0000000000000000000000000000000000000000000000000000000000000000000000
0000000000000000000000000000000000000000000000000000000000000000000000
0000000000000000000000000000000000000000000000000000000000000000000000
0000000000000000000000000000000000000000000000000000000000000000000000
0000000000000000000000000000000000000000000000000000000000000000000000
0000000000000000000000000000000000000000000000000000000000000000000000
0000000000000000000000000000000000000000000000000000000000000000000000
0000000000000000000000000000000000000000000000000000000000000000000000
0000000000000000000000000000000000000000000000000000000000000000000000
0000000000000000000000000000000000000000000000000000000000000000000000
0000000000000000000000000000000000000000000000000000000000000000000000
0000000000000000000000000000000000000000000000000000000000000000000000
0000000000000000000000000000000000000000000000000000000000000000000000
0000000000000000000000000000000000000000000000000000000000000000000000
0000000000000000000000000000000000000000000000000000000000000000000000
0000000000000000000000000000000000000000000000000000000000000000000000
0000000000000000000000000000000000000000000000000000000000000000000000
0000000000000000000000000000000000000000000000000000000000000000000000
0000000000000000000000000000000000000000000000000000000000000000000000
0000000000000000000000000000000000000000000000000000000000000000000000
0000000000000000000000000000000000000000000000000000000000000000000000
0000000000000000000000000000000000000000000000000000000000000000000000
0000000000000000000000000000000000000000000000000000000000000000000000
0000000000000000000000000000000000000000000000000000000000000000000000
0000000000000000000000000000000000000000000000000000000000000000000000
0000000000000000000000000000000000000000000000000000000000000000000000
0000000000000000000000000000000000000000000000000000000000000000000000
0000000000000000000000000000000000000000000000000000000000000000000000
0000000000000000000000000000000000000000000000000000000000000000000000
0000000000000000000000000000000000000000000000000000000000000000000000
0000000000000000000000000000000000000000000000000000000000000000000000
0000000000000000000000000000000000000000000000000000000000000000000000
0000000000000000000000000000000000000000000000000000000000000000000000
0000000000000000000000000000000000000000000000000000000000000000000000
0000000000000000000000000000000000000000000000000000000000000000000000
0000000000000000000000000000000000000000000000000000000000000000000000
0000000000000000000000000000000000000000000000000000000000000000000000
0000000000000000000000000000000000000000000000000000000000000000000000
0000000000000000000000000000000000000000000000000000000000000000000000
0000000000000000000000000000000000000000000000000000000000000000000000
0000000000000000000000000000000000000000000000000000000000000000000000
0000000000000000000000000000000000000000000000000000000000000000000000
0000000000000000000000000000000000000000000000000000000000000000000000
0000000000000000000000000000000000000000000000000000000000000000000000
0000000000000000000000000000000000000000000000000000000000000000000000
0000000000000000000000000000000000000000000000000000000000000000000000
0000000000000000000000000000000000000000000000000000000000000000000000
0000000000000000000000000000000000000000000000000000000000000000000000
0000000000000000000000000000000000000000000000000000000000000000000000
0000000000000000000000000000000000000000000000000000000000000000000000
0000000000000000000000000000000000000000000000000000000000000000000000
0000000000000000000000000000000000000000000000000000000000000000000000
0000000000000000000000000000000000000000000000000000000000000000000000
0000000000000000000000000000000000000000000000000000000000000000000000
0000000000000000000000000000000000000000000000000000000000000000000000
0000000000000000000000000000000000000000000000000000000000000000000000
0000000000000000000000000000000000000000000000000000000000000000000000
0000000000000000000000000000000000000000000000000000000000000000000000
0000000000000000000000000000000000000000000000000000000000000000000000
0000000000000000000000000000000000000000000000000000000000000000000000
0000000000000000000000000000000000000000000000000000000000000000000000
0000000000000000000000000000000000000000000000000000000000000000000000
0000000000000000000000000000000000000000000000000000000000000000000000
0000000000000000000000000000000000000000000000000000000000000000000000
0000000000000000000000000000000000000000000000000000000000000000000000
0000000000000000000000000000000000000000000000000000000000000000000000
0000000000000000000000000000000000000000000000000000000000000000000000
0000000000000000000000000000000000000000000000000000000000000000000000
0000000000000000000000000000000000000000000000000000000000000000000000
0000000000000000000000000000000000000000000000000000000000000000000000
0000000000000000000000000000000000000000000000000000000000000000000000
0000000000000000000000000000000000000000000000000000000000000000000000
0000000000000000000000000000000000000000000000000000000000000000000000
0000000000000000000000000000000000000000000000000000000000000000000000
0000000000000000000000000000000000000000000000000000000000000000000000
0000000000000000000000000000000000000000000000000000000000000000000000
0000000000000000000000000000000000000000000000000000000000000000000000
0000000000000000000000000000000000000000000000000000000000000000000000
0000000000000000000000000000000000000000000000000000000000000000000000
0000000000000000000000000000000000000000000000000000000000000000000000
0000000000000000000000000000000000000000000000000000000000000000000000
0000000000000000000000000000000000000000000000000000000000000000000000
0000000000000000000000000000000000000000000000000000000000000000000000
0000000000000000000000000000000000000000000000000000000000000000000000
0000000000000000000000000000000000000000000000000000000000000000000000
0000000000000000000000000000000000000000000000000000000000000000000000
0000000000000000000000000000000000000000000000000000000000000000000000
0000000000000000000000000000000000000000000000000000000000000000000000
0000000000000000000000000000000000000000000000000000000000000000000000
0000000000000000000000000000000000000000000000000000000000000000000000
0000000000000000000000000000000000000000000000000000000000000000000000
0000000000000000000000000000000000000000000000000000000000000000000000
0000000000000000000000000000000000000000000000000000000000000000000000
0000000000000000000000000000000000000000000000000000000000000000000000
0000000000000000000000000000000000000000000000000000000000000000000000
0000000000000000000000000000000000000000000000000000000000000000000000
0000000000000000000000000000000000000000000000000000000000000000000000
0000000000000000000000000000000000000000000000000000000000000000000000
0000000000000000000000000000000000000000000000000000000000000000000000
0000000000000000000000000000000000000000000000000000000000000000000000
0000000000000000000000000000000000000000000000000000000000000000000000
0000000000000000000000000000000000000000000000000000000000000000000000
0000000000000000000000000000000000000000000000000000000000000000000000
0000000000000000000000000000000000000000000000000000000000000000000000
0000000000000000000000000000000000000000000000000000000000000000000000
0000000000000000000000000000000000000000000000000000000000000000000000
0000000000000000000000000000000000000000000000000000000000000000000000
0000000000000000000000000000000000000000000000000000000000000000000000
0000000000000000000000000000000000000000000000000000000000000000000000
0000000000000000000000000000000000000000000000000000000000000000000000
0000000000000000000000000000000000000000000000000000000000000000000000
0000000000000000000000000000000000000000000000000000000000000000000000
0000000000000000000000000000000000000000000000000000000000000000000000
0000000000000000000000000000000000000000000000000000000000000000000000
0000000000000000000000000000000000000000000000000000000000000000000000
0000000000000000000000000000000000000000000000000000000000000000000000
0000000000000000000000000000000000000000000000000000000000000000000000
0000000000000000000000000000000000000000000000000000000000000000000000
0000000000000000000000000000000000000000000000000000000000000000000000
0000000000000000000000000000000000000000000000000000000000000000000000
0000000000000000000000000000000000000000000000000000000000000000000000
0000000000000000000000000000000000000000000000000000000000000000000000
0000000000000000000000000000000000000000000000000000000000000000000000
0000000000000000000000000000000000000000000000000000000000000000000000
0000000000000000000000000000000000000000000000000000000000000000000000
0000000000000000000000000000000000000000000000000000000000000000000000
0000000000000000000000000000000000000000000000000000000000000000000000
0000000000000000000000000000000000000000000000000000000000000000000000
0000000000000000000000000000000000000000000000000000000000000000000000
0000000000000000000000000000000000000000000000000000000000000000000000
0000000000000000000000000000000000000000000000000000000000000000000000
0000000000000000000000000000000000000000000000000000000000000000000000
0000000000000000000000000000000000000000000000000000000000000000000000
0000000000000000000000000000000000000000000000000000000000000000000000
0000000000000000000000000000000000000000000000000000000000000000000000
0000000000000000000000000000000000000000000000000000000000000000000000
0000000000000000000000000000000000000000000000000000000000000000000000
0000000000000000000000000000000000000000000000000000000000000000000000
0000000000000000000000000000000000000000000000000000000000000000000000
0000000000000000000000000000000000000000000000000000000000000000000000
0000000000000000000000000000000000000000000000000000000000000000000000
0000000000000000000000000000000000000000000000000000000000000000000000
0000000000000000000000000000000000000000000000000000000000000000000000
0000000000000000000000000000000000000000000000000000000000000000000000
0000000000000000000000000000000000000000000000000000000000000000000000
0000000000000000000000000000000000000000000000000000000000000000000000
0000000000000000000000000000000000000000000000000000000000000000000000
0000000000000000000000000000000000000000000000000000000000000000000000
0000000000000000000000000000000000000000000000000000000000000000000000
0000000000000000000000000000000000000000000000000000000000000000000000
0000000000000000000000000000000000000000000000000000000000000000000000
0000000000000000000000000000000000000000000000000000000000000000000000
0000000000000000000000000000000000000000000000000000000000000000000000
0000000000000000000000000000000000000000000000000000000000000000000000
0000000000000000000000000000000000000000000000000000000000000000000000
0000000000000000000000000000000000000000000000000000000000000000000000
0000000000000000000000000000000000000000000000000000000000000000000000
0000000000000000000000000000000000000000000000000000000000000000000000
0000000000000000000000000000000000000000000000000000000000000000000000
0000000000000000000000000000000000000000000000000000000000000000000000
0000000000000000000000000000000000000000000000000000000000000000000000
0000000000000000000000000000000000000000000000000000000000000000000000
0000000000000000000000000000000000000000000000000000000000000000000000
0000000000000000000000000000000000000000000000000000000000000000000000
0000000000000000000000000000000000000000000000000000000000000000000000
0000000000000000000000000000000000000000000000000000000000000000000000
00000e141fffffb98800002ad27ffff4c0efffff51c8000014ab0000009ff7ffffd9a6
fffffa572000006c5fffffe9ad7fffff17d00000eb93fffff9e2bfffff395fffffb24f
fffff9ac60000018f40000109cfffff6e05ffffff0360000060fc000006c0800003151
000002d9400000c1c7ffffaa4dfffff9b36fffff58b1fffffa7780000307e800004d87
fffffdbba000002643fffff67efffffe3e6fffffbcd1fffff9d87ffffd7f700000475e
000007085fffffe698000032a480000469a000004cea00001435c0000308d8000002f3
00000b41c000007d53ffffaf997ffff9bd7000001ee5ffffd429fffffd026fffffa432
fffff68d6000002d80000008b3000008e86000006dafffffdc74fffffd1a4800001d86
fffffde1dfffffec8fffffcd257ffffc39cfffff0cd1ffffe9c2800003913fffffea9d
ffffeae2bfffff5ec00000165780000686e000007d82000011744000009e07fffff23c
fffffa04a00000536bffffdbacfffffae2a00000d13200001900000004ece000000c2b
ffffff751fffff762400002fb10000009b3ffffff386000008823ffffff3580000193c
fffffa2e8000023a03ffffebb7fffff63a5fffffa474000002d57fffff83c800004087
0000004ce00000e0d8000020937fffffa37fffff214fffffea51c00001194fffffbe4e
000006afdffffec483ffffe58f7ffffaf0a000008e580000049f40000277b000001cf6
0000050bc000011e1800000cbb7ffffc79b0000024f40000084d000000cc7ffffff3c4
000001c660000076abfffff5490000038c30000052d1fffff8277fffff0ca7ffff9eeb
fffff9fba00001d70bfffff17a7ffff998afffffe605ffffe8c07ffffeafb7ffffd50e
0000116900000012cfffffd8b3800005ef1000002cadffffeaccc00000b71fffffb455
0000063b5ffffed70c000009c87ffffff20fffffb46dfffff3c8fffffe74d000002064
fffffb505ffffeba24000032e2fffffd319fffffc73e00001700c00000527fffffd911
00000c6c6000017abbfffff19700000242bfffff9890000013a2000001daa00000987b
ffffff789fffff2764000006410000058b2000001f2e00001975c00000a1f800000dcb
fffff344800000e968000001a57ffffcdfd000002098000004458000009ef800003f7c
fffff8d1fffffe4e1400005587fffffde43fffff97dfffffe6d980000036e80000083a
fffff8b0bffffe60cfffffe57dfffffe1bcfffffcdb4000002057ffffdde2fffffec4d
fffffbfc6000015b5bffffff1d0000006e6000007d05ffffdb9ac00005e78800003b8f
fffff3869fffffc5e800002abbffffff7c3000003554000008cb0000009d5fffffb291
fffff5bce00001015400000194000006a14ffffff9dbfffff58e800003755800002b59
fffff8007ffffda973ffffe7c0fffff6ff2fffffb8bc00002d378000025a68000055e8
fffffee62000012188000004a07ffffef2fffffffb6800000d3680000279bfffff7400
fffffc948000000a8bffffc122fffffe42f00000c701fffff71d000002977fffffd782
fffff43e7fffffe1cbffffe1177fffff25a000004c31fffff13b000000f68000001e08
0000034bbfffffefd8000010077ffffecf4000006e61fffff87c8000038e8000004911
fffffc823fffff55b0000004be7ffffdd7a0000001e9fffffcc8800000d6e800000f29
00000c21e000003a6000001296800009b28fffff3edc00001d283fffffa53000001851
000004fd0000005a33fffff35080000317afffff6acc0000038e3ffffecb9000003039
00000895ffffff0c0800001ce87ffffc44cfffffef8a0000033b4000027defffffda7c
fffff06c400000c1180000223d000000569fffffc095fffffe10bffffe95b7ffffe1d6
000008f0c0000102f3ffffea9500000284d0000106f20000215200000028cfffffd801
00000709a00000d9f7ffffcbf08000006a800000d95bffffdba18000020877ffff6f1a
fffffe401fffff1f6c00001ce380000969cfffff9f02000012800000011de000004646
000001f6c000010eec000000fe00000be30000000aac00000672000001fa90000053d5
00000d84a00002d41fffffe97bfffffbd0400000749400002ce37ffffb1c17ffffe87c
ffffed7c4000003be7ffffd9ac8000031d4000007c1000002ab93ffffe1b5fffffa4fa
000006f500000135ac000005e37ffff9520000008f2a0000108bc000012037ffffb744
00001055a00001e760000034408000008c200000ca20000004693ffffed26fffff6afb
fffffc8d9fffff70fc00000122fffffcb85000008d1600001809c00001b49fffff75de
000006ceffffff0293ffffdeb17ffffdf33fffffa7920000029bffffff569800001436
000009717fffff2dd80000052e7ffffa14effffe6b9bfffff7c2c00001c5cfffffad3c
000002a8bfffffd113ffffc3dd800005fdcfffffee58000013743fffff81a7ffffbf4c
fffff3143ffffeb1bffffff962800002c510000022ca000011593ffffcb70800006db9
fffffd40800000d25000001b697fffff921000001445fffffb797ffffd608fffffc239
0000097b800000fdec0000126580000360a00000a5ce000006f5bffffd4290000004c8
00000ae7200001e423ffffdfcdfffff6993fffffb04dfffff3b17fffff914800005cb2
00000b3aa000020cfbffffe61600000143800000eca5ffffe23d7ffffd0de7ffffd0b5
fffffb40600001ab3bffffb037fffff7bab0000053960000123ac00000ca40000062d8
fffffe3ddffffe196c000030978000035480000007d4000004af7fffff0d77ffff580a
fffff8b4c00001ea93fffffa7d7ffffdcd400000670a000008408000014808000010ba
000002509fffff195fffffd8bc7ffffcf02ffffefe42000002a1000000426000002fb9
fffffc2ea00000a85fffffc82c0000063cafffff8929ffffe5fe7ffffef878000059f1
fffffcc8bffffed24800001aa6800004242fffff9046000008c03fffff1317ffffe901
fffffb9f200001c2a400000334fffffab30000001a94000010ddc000012b60000023bd
00000e92dffffd080fffffc8680000031c400000b789fffff8527ffffe772000007364
fffffdffe000009f9400001fbd000009d3cfffffdc4dffffec0b7fffff9247ffffdad1
fffffbe58000018b2fffffcaa3800002066000001c9dffffe5d400000020680000546a
0000039ac00000994fffffcd257ffffd18cfffff218800001fbc4000005a9ffffffca5
00000126a000001f60000002f87ffffaf67000007ed1fffff0327ffffddbf8000056fc
000001a8dffffe2c5ffffff2017ffffa5cffffff691ffffff48c7ffffdc547ffff94b6
000007217ffffec97bffffc0c9800001464fffffa4c800000195800000309000008ff1
fffff6131ffffecf6000003b35fffffb284fffffac2600001be43ffffdc46800003519
ffffff473fffff193c00001c54800006af700000caa5ffffffa5800003b30000003a0a
00000d2c800000961800001e557fffffc91ffffff5d4000001c43ffffea82fffffa64a
fffffd08bffffe940bffffe588000006783fffff54a40000029e7ffffe1f4fffffb3db
00001364e00001619c000002e1fffff9993ffffee557fffff7d87ffffe35e8000036ed
fffffa80200000bdc8000003f5800005a5800000577400001a53c0000163e800001855
000007596000004ea7ffffddcf000005aa8ffffff05a000014223ffffdb9a800002e2d
000009a43ffffec2ffffffcb6a800000048000010c5ffffff8340000028d07ffffb8fc
fffffa74400000fd90000007c57ffffc7ae0000031340000119b7fffff6f88000001b3
0000009e400001dc94000051db7ffffdc500000060b1fffffd11c0000273f800004531
ffffff60a000018447ffffea06800000964fffff65ebffffe6280000027a18000050fd
fffff3511fffff9bb000000057800006a4c000004065fffff63e7ffffe5e7000000505
0000161f9fffffaef8000039547ffff62d6fffff590bfffff80abffffd852ffffff8d3
000001dc2000023f2fffffd62c7ffff6f20fffff4781fffff36abfffff4c2800004cf7
00000d6cfffffd422fffffcf8b800007872000003647ffffe29a3ffffcc97fffffdfbc
000011e21fffffebb800001b2e000003f4200000c22dffffdca6800001159000004574
00000e330000009c10000025887ffffed8cfffff9561ffffe92f800003c74000009ef6
fffff526a00000e327ffffb551000002e0a000010d19fffff8d94000002cdffffface3
00000ba13fffff18c800001732000000245fffff809600000711800000ebd7ffffc611
fffff99c7fffffc7a400002b3bfffffd177ffffef2a3ffffec43c000014557ffffeb31
fffff3f49fffff5a24000024068000041fafffffa7dfffffe97600000060c000000b62
000003494000017a7c00000fa1000001d5f0000066d3fffff2e27ffffedd37fffffe49
fffff925e0000047880000046a0000019a800000a95bfffff42fc00002ebe7ffffc198
00000352dffffec4e00000272d800003bfdfffffc935fffffede3ffffe7d5000003ad9
0000074f9fffff06a7ffff95f7800001ebc0000019ec0000153e8000002f07ffffe051
000000c25fffff184c00002fb0fffffa591000003b3dffffeec6c00000fa4800003f6f
fffff1e160000056d8000003c100000275efffff801bfffff53cfffffd7648000082c3
000008d9200000dd6c00001ea90000010ea0000027580000021b0000010bf00000057d
fffff413600000555000002151ffffffd86fffffda4e000008153ffffb85c7ffffe528
000012fe800001341bffffec6f800002b3bfffff7906000003a2000000dd47ffff3811
fffffd73bfffffd56bffffc731fffffa757fffffef61ffffff2a3ffffdd2bfffffd83f
fffff9fa800000ad83ffffdc0900000504f000008dd5fffffbab40000024f800000b37
fffffb79a00001a53fffffd95bfffff778b0000010e6000002848000025258000013bf
fffffec2bfffff1a77ffffd4db800003704fffffdcec00000e87fffffece2fffffb3fc
fffffa3ebfffffde73fffffdd18000008d1fffff93f5ffffe46b40000123780000427c
000008fe9fffff85abffffe132000009091000002b79ffffedc17ffffcfc27ffffc038
00000478dfffff52dc00001d48fffffe96ffffff2a5dffffe4d9bffffda1b7fffff86e
fffff64e3fffff70d400000ef08000000ae00001741e00000d75c000011cd7ffffe870
0000022d600000204c00003485000000d1e0000029860000143d7ffffaf30000005142
00000211400001187fffffd6e6000006c0900000414200000dcf7ffffc6d0800003c14
fffffa19800000d597fffff73d800004c9bfffffb49200000ca20000003157ffffe3bd
000008b05fffffb0280000170f7ffff9656000000c4a00000f31c0000646200000710e
fffffe76bffffe59f800000d1780000344cfffff843600000afb3ffffcf28800003405
000017eb9ffffecca7ffffe0e0fffff493ffffffea05fffff793c0000218c7ffffe84d
fffffbc9a00000493c00002bdd0000019fcfffffb7e7fffff2454000010e50000000d7
000000c63fffff7717ffffeb8efffffe4e700000e671fffff47d8000057f4000001495
fffffcc44000008ab40000053cfffffd191000002d2800000928fffffdfb700000118a
00000e88600000508800002d0780000713f0000071d5fffffc96800000aa0000001448
fffffbfadfffff48effffff7f2800000f390000003bbffffff307ffffeb09fffff972d
fffff99bbffffee9680000139b7ffffdc5900000b66dfffff0308000018f0fffff846e
000005562000016f1800001b10000005be7fffff45620000143c3fffff450800000957
fffff6da7ffffed057ffffcc94000002acdfffff6bdbfffff3faffffff6eb000009e69
fffff0a8400001694fffffc58c7ffffdaa7ffffffd0fffffede1c00000f297ffffbde9
fffffafb8000002fd7ffffe4087ffffb7cafffff591a000009143ffffe040ffffffe82
00001595e00000d714000023817ffffdedb000007541fffff1e2bfffffc158000014dd
0000019d4000000683ffffe850000000ab5fffffce4dfffff469ffffff337800001753
00000d134000003e23ffffc05f800002cdefffffebbdfffffeb8bfffff83a800003ee9
fffffba2c000002f07fffff8a7000007df6fffffbb8c00001971fffffdc070000074f2
000011305fffff88afffffd55900000347400000472a00002002c0000335f7ffffe593
fffffe753fffff3ac0000016907ffffe870fffff43660000160e7ffffe3470000031b0
ffffe2a7fffffea268000024a2800000eb3000005a7fffffe904c00000c7f7ffffd501
00000121800000ae6fffffdec68000006c6fffffc4dbffffbd50000002ce7800001d26
fffff4639fffff267c0000386b000000a89fffff696e00000d02c000020d7800000d5b
fffffbd9c000031d5800005a5580000343ffffffc8affffff308bffffc6017fffff35c
fffff75e200001421bffffffe780000971cfffffb7e20000039d00000076efffffe089
fffffbc8c0000083a8000006887ffffef83ffffef4b3ffffe586800001b638000023ca
00000657a0000200b800001f657ffffb4a9ffffffc83fffffb643ffffe69d7ffff73a8
fffffc2e3fffff404bffffd5f6800000155fffff62a6000002d0bffffe44f800006b7a
fffffd163fffff00bbffffe8430000018f8fffffdfa200000f317fffffcdb800004d8b
000002b83fffffb35400000b5e000003493ffffff44bffffea237ffffee01000004420
fffffed0600000853000000c74800001359fffffa3e9ffffe907fffffe0e1800005315
00000801dfffff1f2bffffde287ffffa4eb000003a2dfffff5b0fffffedffffffff71e
000003c69ffffeba2800004e9b8000060d10000095ae00001663bfffff89e000006e71
00000bcc9fffff80b400001737fffff8a68000000c8a000026373ffffda62000003fd3
0000087620000107c3fffff21effffff07f00000dbd5fffff8a7c000005dbfffffb310
fffff872dfffffe650000035ab7ffffe8b2fffffaa6200000f7e4000018b980000b60d
000000e520000196ffffffe4217ffffba720000064edfffffa7340000298ffffffc696
fffff8b0200000dcb800001e2c800010c02fffff15aa00001c7c800000b26000006c2c
fffff71460000162cbfffff62c000000fa2fffffe003ffffe0a00000041ef000003bb4
00000711fffffe0937ffffd6f9fffffca65fffffe24dffffdb60800000adbfffff727b
fffff402bffffffacbfffff3cbfffffcb7afffff0b47fffff54a400000da1ffffff60c
0000056d9ffffedf0ffffffb400000039abfffffcbc2000028d140000274b000002112
00000069600000f027fffff7dd00000234700000c22200000c3c3ffffdcd8ffffffb18
00000080600000c9d7ffffe98a000005a9efffffa1da00000b37800001ab68000001c9
00001237000000bbac000000e3fffffc67900000c7edffffee718000040620000028ee
000007e000000115a3fffff2377ffff4c88fffff7cac000012f43ffffdc69800000a03
fffff3cba000003d8fffffd6ac0000023b7fffffc692000006d97ffffca6efffffd143
fffff9cb600000042fffffe86dfffff6951fffff3ae200001db07fffffae0000002168
fffff0d29ffffeaab400001205000008834fffff7c4bfffff810400000a3a000000d7f
0000054aa000011df7fffff7e47ffffc48e0000041a5ffffebb5bffffff6cfffffc190
fffffc736000003f04000009a60000007bffffffe2e80000117780000178b00000a874
ffffeda27fffff2e0c000036ba80000b7e900000bc8a000000db800002471000006a18
fffff00adffffff0e400001cdc00000887afffffaa9200000265000000b6b0000023e4
000004f5c00000feec00000e7c7ffffeef200000008a000001694000030ce8000010ae
00000043bfffffaef7ffffa9710000011fa00001398e0000022effffffba4800001c46
000000315fffff7203ffffecf8fffffbf35fffff4da1ffffff6e7ffffa9bd7ffffa34b
fffffd51a0000158d7ffffde130000025effffffe7e5fffffcbcbffffdbf200000020c
ffffffa6dffffdee9fffffbe8c7ffff86fb0000040b6000016f4000001f3f000000597
00000657e000007b14000002fbfffffc451fffffe57e000000dfc0000158bfffffaf57
0000166b600002a7c000000483fffff9b6c000014706000003dcc00001b78800002d91
0000100280000097b3ffffe9870000035a4fffff3b880000063dfffffbbdd7ffff257d
00000206e00000e107ffffe9d67ffff7f00fffff59ae00003841c00000147000004796
fffffe23000000f4d8000009ad000005b7700000486600000a7a400000bd10000067bf
00000d2d3fffff9abfffffbcd800000202500000ed4600000c197ffffbfd9800008769
0000079ee000003b700000059cfffffdb9d000002113ffffec5640000228d7ffffa1f0
fffff308e000009db0000034d5fffffbc12fffffbb01ffffeee5fffffe472ffffffb7e
ffffef3460000221fc00002599000001906000009481fffff902c000027b6800002011
fffffea3e0000115bfffffdd11fffffe77a000001622000006814000015587ffffb768
fffffbfddfffff0dcc00001a280000055f3fffff2873ffffd6d5fffffe816000000a50
fffff9e70000019b6c000001e8800004b2900000ce19ffffec6a400004dd780000546f
0000070ddfffffeef0000009697ffff6e03fffffc13ffffffbcaffffffd370000011bf
fffff7bc5fffffe28400000ffb000005756000008f87ffffff047ffffefb37ffffc918
0000033adffffdd8e800002ab480000549200000001dfffff411c00003a39fffffcb4f
fffff95d9ffffffa20000035270000028b1000001237fffff4880000008a90000026aa
00000502200000d3c000000a20fffffbd6dfffffd214000005ba3fffffd058000000b2
fffffcc09fffffa22c00001c8d7ffff8702fffff39ddfffff7003fffffd3cffffff6ab
00000f87c000014d8bffffe5b0fffffadddfffff4219fffff002400000b4afffffd26d
fffff3efdffffe4d98000015147ffffb3a8fffffaf13ffffefdc3ffffd91dfffffc7e2
ffffff291ffffee1600000062c80000d7e8000002b9ffffffd2e0000008d20000039cf
00000ad8200000aa67ffffe14d8000011b10000040f1fffffeab7ffffc4bd000008213
000002ffa00000ddcfffffffea000005aae000006700000009d640000002d000002db5
00000505200000dea400002676800005ac1000002c25ffffea2c4000008517ffffeb9b
000001381fffff3607ffffdeb00000022ec00000b85bffffedc4c00004a2b80000734f
000003e4e00000f53000001e3080000309afffffdcc5fffff54fc00003d0dffffff3e3
fffffa451fffffcbf000005b8580000123afffff2961ffffe3a18000038a6fffffc5fb
fffffa022000004e3c00003a6c7fffff522000006ee40000155a400003ac7fffffdcd8
000006fda000004d63fffff942800001430fffffe28a00000e897ffffdd650000078c7
fffffe14ffffffeb77fffff5367ffffed7e000002c08000029d58000050fb000000539
fffffd5edffffff89000001f6880000467c000008109ffffe5c14000021b180000258d
000007b59fffff9bd800006780800005a6b00000ac03ffffda88fffffea19000002cc3
fffffb402000003a1bfffff3e28000008dafffff32cc00002435800004f7b7ffffd04f
fffff954dfffffe39800001ad5800004328000002f33fffffea9400000c86000002395
000000225fffffd87000003f30ffffff6f900000708dffffeda0c00000502fffff6129
ffffead97ffffdf9f7ffffd87a800003e9bfffffbde60000121dbffffbff3fffffe322
fffff1589ffffef7abffffb109800000fc5fffff7c93fffff718fffffd8affffff9231
fffff8aebfffffd15fffffece97ffffb830000006da6000021ddfffffcb3f000003078
000000d37ffffeebefffffeda5fffff9cf700000a97e0000106c80000435b800000b23
00000b115fffffd604000007ab80000068e000005b7dfffffcabfffffff357fffff423
ffffeb454000006827fffff831000003e08000004f79ffffec177ffffe3d40000010e4
000001b47ffffe5494000042218000005f8ffffff855fffff94bfffffee900000005a1
00000b008000026fb3fffff2af000001c5a000006293ffffe42a4000009db8000030c7
fffffe13dffffd98b000000897fffffbc9efffffc59a0000082cfffffa2b6000009530
fffffccc5fffff3f43ffffece0fffffcbb4fffffbf49fffff4a8bffffb76b800002a7e
fffff52effffffbacfffffb934800000b9dfffff7335fffffa173ffffedc78000089a2
ffffe7e0e000018890000036587ffff6f1dfffff3171ffffffed3ffffdc22fffffae5c
fffffccf400000ab60000016d5fffffaac400000a4fa000003a7400001c577ffffbb26
fffffa403ffffef51000004b54fffffcf80ffffff4b1fffff380fffffda737ffffd8e6
ffffeedaa000008daffffff66300000db17fffff8c99fffff9b97ffffe784000002970
fffff72a200000fde7ffff9e94fffffb131fffff1e49fffff83e3ffffdfe77ffffe437
000005fc9ffffff507ffffd444000002cc3fffff7dfa00000edaffffff9f4800005e46
0000041fe0000072c800002e5bfffff9d65fffffa033ffffeffdfffffe2588000047b6
fffff9d7c0000032c0000005b47fffff46efffffed4e000009b1bffffd2cd800006b47
000002eb200000f4e3ffffef1d800003051fffffb0effffff24740000038b800009670
0000073200000080abffffdcb58000015e1fffff797bfffff0c48000006b57fffffd4c
fffffbe3ffffffc3ffffffe7027ffff5689fffff7a85ffffe5c980000054f000001ecf
00000f827ffffe76a00000282b800000cd100000b58c000006077ffffe24a00000aab2
0000020160000093e8000024c77ffffda72fffffe7540000155c000003da1800000b6d
000001529ffffd2a63fffff8b47ffffed7efffff639e00000267c000046277fffffc40
fffffd82e00001c3f000000ead7ffffd2cf00000b555ffffdd683fffff930ffffffe88
00000cf1c000022ddfffffec16fffffefd6ffffef169ffffff29bffffd619fffffb838
fffff6eb2000007518000030d40000058a0ffffec6edffffe4afbffffda157fffff346
fffffff0400002623bffffdb15ffffffa36000002b2400000d13bfffffb18800007be0
0000072f200000688400001f057ffffdfa4000000351ffffd2bd800001c8d000007fca
000009f6bffffe3c47ffffbf48fffffffbafffffd2f40000094e7fffff1f8800008603
00000a10c00001a567ffffdbc4fffffa53e0000030d7fffff6717ffffef647ffffede8
fffff8263ffffec4e800000c9b7fffff7f8000006effffffe587800001fd8fffff8e56
000000e06000007f0400001133800000851fffff09d9ffffff17fffffc548fffffb83a
000000393ffffe78efffffe46d7ffff7110000000b11ffffee7f000000d6f7ffffb83c
ffffe3fa60000005dfffffe03f7ffffb739000009cbffffffe093ffffed7f80000478f
fffffb9da00001972ffffffbc980000795e00000ecd6000003523fffff664fffff6373
fffff5394000003fc80000167f800002b13000009465ffffed10400001f0e7ffff88aa
fffffee5200000d593ffffdd00000001493fffffc43c000017697ffffed44800005cc6
000017fcffffff60680000147efffffb4e4fffff9649fffff029400001ccdfffffb8b7
000000f67fffff3837fffffc0c00000203f00001009800000df6000000edd000002b6c
00000c48dfffff6b0bffffff967fffffab8fffffe2de000016614000007c0fffff5e81
fffff4f9fffffdce23fffff738800002b22fffffadf1ffffd905bffffbf0c7ffff6164
fffff54d4000013b70000015cffffffb40900000af23fffffcee000001b018000076d6
00000ab99ffffe356400001cd30000038b700000ea4dfffff0c0400003ba300000160b
fffff986c000000103ffffdc5f0000027eb0000055ce00000b967ffffda6e800001f09
fffff4ab5ffffea447ffffd1b6fffffd89a000004e2e00000300bffffb665ffffff565
fffff84f0000005aefffffece700000c5780000057ec0000030c800003a5f800001217
000007bd7ffffeaecbfffff8e97fffff5f400000c282000002d7c000006d2ffffff389
fffff11edffffef11800001ecb000003bd600000959200000d833fffff49e0000096f2
000005fcc000008dabffffd2667ffffd6caffffeff7ffffff8d840000032c0000074d2
fffff37b1fffffbb1800001b37ffffff458ffffec7fbffffd47e400000b91fffffc96b
000001cc5ffffeda940000090d80000391ffffff9317ffffeed7c00001631000000775
