experiment_id,architecture,scenario,stages,variant_bit,variant_component,per_stage_outcome,expected_class,final_match,pass_fail
SUPP-CONC-V1-001,S3,stage_pair,1+2,0,real,ecc:sym1:ok;ecc:sym2:ok,concurrent_in_model_all_recovered,1,PASS
SUPP-CONC-V1-001,S3,stage_pair,1+2,0,imag,ecc:sym1:ok;ecc:sym2:ok,concurrent_in_model_all_recovered,1,PASS
SUPP-CONC-V1-001,S3,stage_pair,1+2,34,real,ecc:sym1:ok;ecc:sym2:ok,concurrent_in_model_all_recovered,1,PASS
SUPP-CONC-V1-001,S3,stage_pair,1+2,34,imag,ecc:sym1:ok;ecc:sym2:ok,concurrent_in_model_all_recovered,1,PASS
SUPP-CONC-V1-001,S3,stage_pair,1+3,0,real,ecc:sym1:ok;ecc:sym3:ok,concurrent_in_model_all_recovered,1,PASS
SUPP-CONC-V1-001,S3,stage_pair,1+3,0,imag,ecc:sym1:ok;ecc:sym3:ok,concurrent_in_model_all_recovered,1,PASS
SUPP-CONC-V1-001,S3,stage_pair,1+3,34,real,ecc:sym1:ok;ecc:sym3:ok,concurrent_in_model_all_recovered,1,PASS
SUPP-CONC-V1-001,S3,stage_pair,1+3,34,imag,ecc:sym1:ok;ecc:sym3:ok,concurrent_in_model_all_recovered,1,PASS
SUPP-CONC-V1-001,S3,stage_pair,1+4,0,real,ecc:sym1:ok;ecc:sym0:ok,concurrent_in_model_all_recovered,1,PASS
SUPP-CONC-V1-001,S3,stage_pair,1+4,0,imag,ecc:sym1:ok;ecc:sym0:ok,concurrent_in_model_all_recovered,1,PASS
SUPP-CONC-V1-001,S3,stage_pair,1+4,34,real,ecc:sym1:ok;ecc:sym0:ok,concurrent_in_model_all_recovered,1,PASS
SUPP-CONC-V1-001,S3,stage_pair,1+4,34,imag,ecc:sym1:ok;ecc:sym0:ok,concurrent_in_model_all_recovered,1,PASS
SUPP-CONC-V1-001,S3,stage_pair,1+5,0,real,ecc:sym1:ok;ecc:sym1:ok,concurrent_in_model_all_recovered,1,PASS
SUPP-CONC-V1-001,S3,stage_pair,1+5,0,imag,ecc:sym1:ok;ecc:sym1:ok,concurrent_in_model_all_recovered,1,PASS
SUPP-CONC-V1-001,S3,stage_pair,1+5,34,real,ecc:sym1:ok;ecc:sym1:ok,concurrent_in_model_all_recovered,1,PASS
SUPP-CONC-V1-001,S3,stage_pair,1+5,34,imag,ecc:sym1:ok;ecc:sym1:ok,concurrent_in_model_all_recovered,1,PASS
SUPP-CONC-V1-001,S3,stage_pair,1+6,0,real,ecc:sym1:ok;ecc:sym2:ok,concurrent_in_model_all_recovered,1,PASS
SUPP-CONC-V1-001,S3,stage_pair,1+6,0,imag,ecc:sym1:ok;ecc:sym2:ok,concurrent_in_model_all_recovered,1,PASS
SUPP-CONC-V1-001,S3,stage_pair,1+6,34,real,ecc:sym1:ok;ecc:sym2:ok,concurrent_in_model_all_recovered,1,PASS
SUPP-CONC-V1-001,S3,stage_pair,1+6,34,imag,ecc:sym1:ok;ecc:sym2:ok,concurrent_in_model_all_recovered,1,PASS
SUPP-CONC-V1-001,S3,stage_pair,1+7,0,real,ecc:sym1:ok;ecc:sym3:ok,concurrent_in_model_all_recovered,1,PASS
SUPP-CONC-V1-001,S3,stage_pair,1+7,0,imag,ecc:sym1:ok;ecc:sym3:ok,concurrent_in_model_all_recovered,1,PASS
SUPP-CONC-V1-001,S3,stage_pair,1+7,34,real,ecc:sym1:ok;ecc:sym3:ok,concurrent_in_model_all_recovered,1,PASS
SUPP-CONC-V1-001,S3,stage_pair,1+7,34,imag,ecc:sym1:ok;ecc:sym3:ok,concurrent_in_model_all_recovered,1,PASS
SUPP-CONC-V1-001,S3,stage_pair,1+8,0,real,ecc:sym1:ok;ecc:sym0:ok,concurrent_in_model_all_recovered,1,PASS
SUPP-CONC-V1-001,S3,stage_pair,1+8,0,imag,ecc:sym1:ok;ecc:sym0:ok,concurrent_in_model_all_recovered,1,PASS
SUPP-CONC-V1-001,S3,stage_pair,1+8,34,real,ecc:sym1:ok;ecc:sym0:ok,concurrent_in_model_all_recovered,1,PASS
SUPP-CONC-V1-001,S3,stage_pair,1+8,34,imag,ecc:sym1:ok;ecc:sym0:ok,concurrent_in_model_all_recovered,1,PASS
SUPP-CONC-V1-001,S3,stage_pair,1+9,0,real,ecc:sym1:ok;tmr:rep0:ok,concurrent_in_model_all_recovered,1,PASS
SUPP-CONC-V1-001,S3,stage_pair,1+9,0,imag,ecc:sym1:ok;tmr:rep0:ok,concurrent_in_model_all_recovered,1,PASS
SUPP-CONC-V1-001,S3,stage_pair,1+9,34,real,ecc:sym1:ok;tmr:rep0:ok,concurrent_in_model_all_recovered,1,PASS
SUPP-CONC-V1-001,S3,stage_pair,1+9,34,imag,ecc:sym1:ok;tmr:rep0:ok,concurrent_in_model_all_recovered,1,PASS
SUPP-CONC-V1-001,S3,stage_pair,1+10,0,real,ecc:sym1:ok;tmr:rep1:ok,concurrent_in_model_all_recovered,1,PASS
SUPP-CONC-V1-001,S3,stage_pair,1+10,0,imag,ecc:sym1:ok;tmr:rep1:ok,concurrent_in_model_all_recovered,1,PASS
SUPP-CONC-V1-001,S3,stage_pair,1+10,34,real,ecc:sym1:ok;tmr:rep1:ok,concurrent_in_model_all_recovered,1,PASS
SUPP-CONC-V1-001,S3,stage_pair,1+10,34,imag,ecc:sym1:ok;tmr:rep1:ok,concurrent_in_model_all_recovered,1,PASS
SUPP-CONC-V1-001,S3,stage_pair,2+3,0,real,ecc:sym2:ok;ecc:sym3:ok,concurrent_in_model_all_recovered,1,PASS
SUPP-CONC-V1-001,S3,stage_pair,2+3,0,imag,ecc:sym2:ok;ecc:sym3:ok,concurrent_in_model_all_recovered,1,PASS
SUPP-CONC-V1-001,S3,stage_pair,2+3,34,real,ecc:sym2:ok;ecc:sym3:ok,concurrent_in_model_all_recovered,1,PASS
SUPP-CONC-V1-001,S3,stage_pair,2+3,34,imag,ecc:sym2:ok;ecc:sym3:ok,concurrent_in_model_all_recovered,1,PASS
SUPP-CONC-V1-001,S3,stage_pair,2+4,0,real,ecc:sym2:ok;ecc:sym0:ok,concurrent_in_model_all_recovered,1,PASS
SUPP-CONC-V1-001,S3,stage_pair,2+4,0,imag,ecc:sym2:ok;ecc:sym0:ok,concurrent_in_model_all_recovered,1,PASS
SUPP-CONC-V1-001,S3,stage_pair,2+4,34,real,ecc:sym2:ok;ecc:sym0:ok,concurrent_in_model_all_recovered,1,PASS
SUPP-CONC-V1-001,S3,stage_pair,2+4,34,imag,ecc:sym2:ok;ecc:sym0:ok,concurrent_in_model_all_recovered,1,PASS
SUPP-CONC-V1-001,S3,stage_pair,2+5,0,real,ecc:sym2:ok;ecc:sym1:ok,concurrent_in_model_all_recovered,1,PASS
SUPP-CONC-V1-001,S3,stage_pair,2+5,0,imag,ecc:sym2:ok;ecc:sym1:ok,concurrent_in_model_all_recovered,1,PASS
SUPP-CONC-V1-001,S3,stage_pair,2+5,34,real,ecc:sym2:ok;ecc:sym1:ok,concurrent_in_model_all_recovered,1,PASS
SUPP-CONC-V1-001,S3,stage_pair,2+5,34,imag,ecc:sym2:ok;ecc:sym1:ok,concurrent_in_model_all_recovered,1,PASS
SUPP-CONC-V1-001,S3,stage_pair,2+6,0,real,ecc:sym2:ok;ecc:sym2:ok,concurrent_in_model_all_recovered,1,PASS
SUPP-CONC-V1-001,S3,stage_pair,2+6,0,imag,ecc:sym2:ok;ecc:sym2:ok,concurrent_in_model_all_recovered,1,PASS
SUPP-CONC-V1-001,S3,stage_pair,2+6,34,real,ecc:sym2:ok;ecc:sym2:ok,concurrent_in_model_all_recovered,1,PASS
SUPP-CONC-V1-001,S3,stage_pair,2+6,34,imag,ecc:sym2:ok;ecc:sym2:ok,concurrent_in_model_all_recovered,1,PASS
SUPP-CONC-V1-001,S3,stage_pair,2+7,0,real,ecc:sym2:ok;ecc:sym3:ok,concurrent_in_model_all_recovered,1,PASS
SUPP-CONC-V1-001,S3,stage_pair,2+7,0,imag,ecc:sym2:ok;ecc:sym3:ok,concurrent_in_model_all_recovered,1,PASS
SUPP-CONC-V1-001,S3,stage_pair,2+7,34,real,ecc:sym2:ok;ecc:sym3:ok,concurrent_in_model_all_recovered,1,PASS
SUPP-CONC-V1-001,S3,stage_pair,2+7,34,imag,ecc:sym2:ok;ecc:sym3:ok,concurrent_in_model_all_recovered,1,PASS
SUPP-CONC-V1-001,S3,stage_pair,2+8,0,real,ecc:sym2:ok;ecc:sym0:ok,concurrent_in_model_all_recovered,1,PASS
SUPP-CONC-V1-001,S3,stage_pair,2+8,0,imag,ecc:sym2:ok;ecc:sym0:ok,concurrent_in_model_all_recovered,1,PASS
SUPP-CONC-V1-001,S3,stage_pair,2+8,34,real,ecc:sym2:ok;ecc:sym0:ok,concurrent_in_model_all_recovered,1,PASS
SUPP-CONC-V1-001,S3,stage_pair,2+8,34,imag,ecc:sym2:ok;ecc:sym0:ok,concurrent_in_model_all_recovered,1,PASS
SUPP-CONC-V1-001,S3,stage_pair,2+9,0,real,ecc:sym2:ok;tmr:rep0:ok,concurrent_in_model_all_recovered,1,PASS
SUPP-CONC-V1-001,S3,stage_pair,2+9,0,imag,ecc:sym2:ok;tmr:rep0:ok,concurrent_in_model_all_recovered,1,PASS
SUPP-CONC-V1-001,S3,stage_pair,2+9,34,real,ecc:sym2:ok;tmr:rep0:ok,concurrent_in_model_all_recovered,1,PASS
SUPP-CONC-V1-001,S3,stage_pair,2+9,34,imag,ecc:sym2:ok;tmr:rep0:ok,concurrent_in_model_all_recovered,1,PASS
SUPP-CONC-V1-001,S3,stage_pair,2+10,0,real,ecc:sym2:ok;tmr:rep1:ok,concurrent_in_model_all_recovered,1,PASS
SUPP-CONC-V1-001,S3,stage_pair,2+10,0,imag,ecc:sym2:ok;tmr:rep1:ok,concurrent_in_model_all_recovered,1,PASS
SUPP-CONC-V1-001,S3,stage_pair,2+10,34,real,ecc:sym2:ok;tmr:rep1:ok,concurrent_in_model_all_recovered,1,PASS
SUPP-CONC-V1-001,S3,stage_pair,2+10,34,imag,ecc:sym2:ok;tmr:rep1:ok,concurrent_in_model_all_recovered,1,PASS
SUPP-CONC-V1-001,S3,stage_pair,3+4,0,real,ecc:sym3:ok;ecc:sym0:ok,concurrent_in_model_all_recovered,1,PASS
SUPP-CONC-V1-001,S3,stage_pair,3+4,0,imag,ecc:sym3:ok;ecc:sym0:ok,concurrent_in_model_all_recovered,1,PASS
SUPP-CONC-V1-001,S3,stage_pair,3+4,34,real,ecc:sym3:ok;ecc:sym0:ok,concurrent_in_model_all_recovered,1,PASS
SUPP-CONC-V1-001,S3,stage_pair,3+4,34,imag,ecc:sym3:ok;ecc:sym0:ok,concurrent_in_model_all_recovered,1,PASS
SUPP-CONC-V1-001,S3,stage_pair,3+5,0,real,ecc:sym3:ok;ecc:sym1:ok,concurrent_in_model_all_recovered,1,PASS
SUPP-CONC-V1-001,S3,stage_pair,3+5,0,imag,ecc:sym3:ok;ecc:sym1:ok,concurrent_in_model_all_recovered,1,PASS
SUPP-CONC-V1-001,S3,stage_pair,3+5,34,real,ecc:sym3:ok;ecc:sym1:ok,concurrent_in_model_all_recovered,1,PASS
SUPP-CONC-V1-001,S3,stage_pair,3+5,34,imag,ecc:sym3:ok;ecc:sym1:ok,concurrent_in_model_all_recovered,1,PASS
SUPP-CONC-V1-001,S3,stage_pair,3+6,0,real,ecc:sym3:ok;ecc:sym2:ok,concurrent_in_model_all_recovered,1,PASS
SUPP-CONC-V1-001,S3,stage_pair,3+6,0,imag,ecc:sym3:ok;ecc:sym2:ok,concurrent_in_model_all_recovered,1,PASS
SUPP-CONC-V1-001,S3,stage_pair,3+6,34,real,ecc:sym3:ok;ecc:sym2:ok,concurrent_in_model_all_recovered,1,PASS
SUPP-CONC-V1-001,S3,stage_pair,3+6,34,imag,ecc:sym3:ok;ecc:sym2:ok,concurrent_in_model_all_recovered,1,PASS
SUPP-CONC-V1-001,S3,stage_pair,3+7,0,real,ecc:sym3:ok;ecc:sym3:ok,concurrent_in_model_all_recovered,1,PASS
SUPP-CONC-V1-001,S3,stage_pair,3+7,0,imag,ecc:sym3:ok;ecc:sym3:ok,concurrent_in_model_all_recovered,1,PASS
SUPP-CONC-V1-001,S3,stage_pair,3+7,34,real,ecc:sym3:ok;ecc:sym3:ok,concurrent_in_model_all_recovered,1,PASS
SUPP-CONC-V1-001,S3,stage_pair,3+7,34,imag,ecc:sym3:ok;ecc:sym3:ok,concurrent_in_model_all_recovered,1,PASS
SUPP-CONC-V1-001,S3,stage_pair,3+8,0,real,ecc:sym3:ok;ecc:sym0:ok,concurrent_in_model_all_recovered,1,PASS
SUPP-CONC-V1-001,S3,stage_pair,3+8,0,imag,ecc:sym3:ok;ecc:sym0:ok,concurrent_in_model_all_recovered,1,PASS
SUPP-CONC-V1-001,S3,stage_pair,3+8,34,real,ecc:sym3:ok;ecc:sym0:ok,concurrent_in_model_all_recovered,1,PASS
SUPP-CONC-V1-001,S3,stage_pair,3+8,34,imag,ecc:sym3:ok;ecc:sym0:ok,concurrent_in_model_all_recovered,1,PASS
SUPP-CONC-V1-001,S3,stage_pair,3+9,0,real,ecc:sym3:ok;tmr:rep0:ok,concurrent_in_model_all_recovered,1,PASS
SUPP-CONC-V1-001,S3,stage_pair,3+9,0,imag,ecc:sym3:ok;tmr:rep0:ok,concurrent_in_model_all_recovered,1,PASS
SUPP-CONC-V1-001,S3,stage_pair,3+9,34,real,ecc:sym3:ok;tmr:rep0:ok,concurrent_in_model_all_recovered,1,PASS
SUPP-CONC-V1-001,S3,stage_pair,3+9,34,imag,ecc:sym3:ok;tmr:rep0:ok,concurrent_in_model_all_recovered,1,PASS
SUPP-CONC-V1-001,S3,stage_pair,3+10,0,real,ecc:sym3:ok;tmr:rep1:ok,concurrent_in_model_all_recovered,1,PASS
SUPP-CONC-V1-001,S3,stage_pair,3+10,0,imag,ecc:sym3:ok;tmr:rep1:ok,concurrent_in_model_all_recovered,1,PASS
SUPP-CONC-V1-001,S3,stage_pair,3+10,34,real,ecc:sym3:ok;tmr:rep1:ok,concurrent_in_model_all_recovered,1,PASS
SUPP-CONC-V1-001,S3,stage_pair,3+10,34,imag,ecc:sym3:ok;tmr:rep1:ok,concurrent_in_model_all_recovered,1,PASS
SUPP-CONC-V1-001,S3,stage_pair,4+5,0,real,ecc:sym0:ok;ecc:sym1:ok,concurrent_in_model_all_recovered,1,PASS
SUPP-CONC-V1-001,S3,stage_pair,4+5,0,imag,ecc:sym0:ok;ecc:sym1:ok,concurrent_in_model_all_recovered,1,PASS
SUPP-CONC-V1-001,S3,stage_pair,4+5,34,real,ecc:sym0:ok;ecc:sym1:ok,concurrent_in_model_all_recovered,1,PASS
SUPP-CONC-V1-001,S3,stage_pair,4+5,34,imag,ecc:sym0:ok;ecc:sym1:ok,concurrent_in_model_all_recovered,1,PASS
SUPP-CONC-V1-001,S3,stage_pair,4+6,0,real,ecc:sym0:ok;ecc:sym2:ok,concurrent_in_model_all_recovered,1,PASS
SUPP-CONC-V1-001,S3,stage_pair,4+6,0,imag,ecc:sym0:ok;ecc:sym2:ok,concurrent_in_model_all_recovered,1,PASS
SUPP-CONC-V1-001,S3,stage_pair,4+6,34,real,ecc:sym0:ok;ecc:sym2:ok,concurrent_in_model_all_recovered,1,PASS
SUPP-CONC-V1-001,S3,stage_pair,4+6,34,imag,ecc:sym0:ok;ecc:sym2:ok,concurrent_in_model_all_recovered,1,PASS
SUPP-CONC-V1-001,S3,stage_pair,4+7,0,real,ecc:sym0:ok;ecc:sym3:ok,concurrent_in_model_all_recovered,1,PASS
SUPP-CONC-V1-001,S3,stage_pair,4+7,0,imag,ecc:sym0:ok;ecc:sym3:ok,concurrent_in_model_all_recovered,1,PASS
SUPP-CONC-V1-001,S3,stage_pair,4+7,34,real,ecc:sym0:ok;ecc:sym3:ok,concurrent_in_model_all_recovered,1,PASS
SUPP-CONC-V1-001,S3,stage_pair,4+7,34,imag,ecc:sym0:ok;ecc:sym3:ok,concurrent_in_model_all_recovered,1,PASS
SUPP-CONC-V1-001,S3,stage_pair,4+8,0,real,ecc:sym0:ok;ecc:sym0:ok,concurrent_in_model_all_recovered,1,PASS
SUPP-CONC-V1-001,S3,stage_pair,4+8,0,imag,ecc:sym0:ok;ecc:sym0:ok,concurrent_in_model_all_recovered,1,PASS
SUPP-CONC-V1-001,S3,stage_pair,4+8,34,real,ecc:sym0:ok;ecc:sym0:ok,concurrent_in_model_all_recovered,1,PASS
SUPP-CONC-V1-001,S3,stage_pair,4+8,34,imag,ecc:sym0:ok;ecc:sym0:ok,concurrent_in_model_all_recovered,1,PASS
SUPP-CONC-V1-001,S3,stage_pair,4+9,0,real,ecc:sym0:ok;tmr:rep0:ok,concurrent_in_model_all_recovered,1,PASS
SUPP-CONC-V1-001,S3,stage_pair,4+9,0,imag,ecc:sym0:ok;tmr:rep0:ok,concurrent_in_model_all_recovered,1,PASS
SUPP-CONC-V1-001,S3,stage_pair,4+9,34,real,ecc:sym0:ok;tmr:rep0:ok,concurrent_in_model_all_recovered,1,PASS
SUPP-CONC-V1-001,S3,stage_pair,4+9,34,imag,ecc:sym0:ok;tmr:rep0:ok,concurrent_in_model_all_recovered,1,PASS
SUPP-CONC-V1-001,S3,stage_pair,4+10,0,real,ecc:sym0:ok;tmr:rep1:ok,concurrent_in_model_all_recovered,1,PASS
SUPP-CONC-V1-001,S3,stage_pair,4+10,0,imag,ecc:sym0:ok;tmr:rep1:ok,concurrent_in_model_all_recovered,1,PASS
SUPP-CONC-V1-001,S3,stage_pair,4+10,34,real,ecc:sym0:ok;tmr:rep1:ok,concurrent_in_model_all_recovered,1,PASS
SUPP-CONC-V1-001,S3,stage_pair,4+10,34,imag,ecc:sym0:ok;tmr:rep1:ok,concurrent_in_model_all_recovered,1,PASS
SUPP-CONC-V1-001,S3,stage_pair,5+6,0,real,ecc:sym1:ok;ecc:sym2:ok,concurrent_in_model_all_recovered,1,PASS
SUPP-CONC-V1-001,S3,stage_pair,5+6,0,imag,ecc:sym1:ok;ecc:sym2:ok,concurrent_in_model_all_recovered,1,PASS
SUPP-CONC-V1-001,S3,stage_pair,5+6,34,real,ecc:sym1:ok;ecc:sym2:ok,concurrent_in_model_all_recovered,1,PASS
SUPP-CONC-V1-001,S3,stage_pair,5+6,34,imag,ecc:sym1:ok;ecc:sym2:ok,concurrent_in_model_all_recovered,1,PASS
SUPP-CONC-V1-001,S3,stage_pair,5+7,0,real,ecc:sym1:ok;ecc:sym3:ok,concurrent_in_model_all_recovered,1,PASS
SUPP-CONC-V1-001,S3,stage_pair,5+7,0,imag,ecc:sym1:ok;ecc:sym3:ok,concurrent_in_model_all_recovered,1,PASS
SUPP-CONC-V1-001,S3,stage_pair,5+7,34,real,ecc:sym1:ok;ecc:sym3:ok,concurrent_in_model_all_recovered,1,PASS
SUPP-CONC-V1-001,S3,stage_pair,5+7,34,imag,ecc:sym1:ok;ecc:sym3:ok,concurrent_in_model_all_recovered,1,PASS
SUPP-CONC-V1-001,S3,stage_pair,5+8,0,real,ecc:sym1:ok;ecc:sym0:ok,concurrent_in_model_all_recovered,1,PASS
SUPP-CONC-V1-001,S3,stage_pair,5+8,0,imag,ecc:sym1:ok;ecc:sym0:ok,concurrent_in_model_all_recovered,1,PASS
SUPP-CONC-V1-001,S3,stage_pair,5+8,34,real,ecc:sym1:ok;ecc:sym0:ok,concurrent_in_model_all_recovered,1,PASS
SUPP-CONC-V1-001,S3,stage_pair,5+8,34,imag,ecc:sym1:ok;ecc:sym0:ok,concurrent_in_model_all_recovered,1,PASS
SUPP-CONC-V1-001,S3,stage_pair,5+9,0,real,ecc:sym1:ok;tmr:rep0:ok,concurrent_in_model_all_recovered,1,PASS
SUPP-CONC-V1-001,S3,stage_pair,5+9,0,imag,ecc:sym1:ok;tmr:rep0:ok,concurrent_in_model_all_recovered,1,PASS
SUPP-CONC-V1-001,S3,stage_pair,5+9,34,real,ecc:sym1:ok;tmr:rep0:ok,concurrent_in_model_all_recovered,1,PASS
SUPP-CONC-V1-001,S3,stage_pair,5+9,34,imag,ecc:sym1:ok;tmr:rep0:ok,concurrent_in_model_all_recovered,1,PASS
SUPP-CONC-V1-001,S3,stage_pair,5+10,0,real,ecc:sym1:ok;tmr:rep1:ok,concurrent_in_model_all_recovered,1,PASS
SUPP-CONC-V1-001,S3,stage_pair,5+10,0,imag,ecc:sym1:ok;tmr:rep1:ok,concurrent_in_model_all_recovered,1,PASS
SUPP-CONC-V1-001,S3,stage_pair,5+10,34,real,ecc:sym1:ok;tmr:rep1:ok,concurrent_in_model_all_recovered,1,PASS
SUPP-CONC-V1-001,S3,stage_pair,5+10,34,imag,ecc:sym1:ok;tmr:rep1:ok,concurrent_in_model_all_recovered,1,PASS
SUPP-CONC-V1-001,S3,stage_pair,6+7,0,real,ecc:sym2:ok;ecc:sym3:ok,concurrent_in_model_all_recovered,1,PASS
SUPP-CONC-V1-001,S3,stage_pair,6+7,0,imag,ecc:sym2:ok;ecc:sym3:ok,concurrent_in_model_all_recovered,1,PASS
SUPP-CONC-V1-001,S3,stage_pair,6+7,34,real,ecc:sym2:ok;ecc:sym3:ok,concurrent_in_model_all_recovered,1,PASS
SUPP-CONC-V1-001,S3,stage_pair,6+7,34,imag,ecc:sym2:ok;ecc:sym3:ok,concurrent_in_model_all_recovered,1,PASS
SUPP-CONC-V1-001,S3,stage_pair,6+8,0,real,ecc:sym2:ok;ecc:sym0:ok,concurrent_in_model_all_recovered,1,PASS
SUPP-CONC-V1-001,S3,stage_pair,6+8,0,imag,ecc:sym2:ok;ecc:sym0:ok,concurrent_in_model_all_recovered,1,PASS
SUPP-CONC-V1-001,S3,stage_pair,6+8,34,real,ecc:sym2:ok;ecc:sym0:ok,concurrent_in_model_all_recovered,1,PASS
SUPP-CONC-V1-001,S3,stage_pair,6+8,34,imag,ecc:sym2:ok;ecc:sym0:ok,concurrent_in_model_all_recovered,1,PASS
SUPP-CONC-V1-001,S3,stage_pair,6+9,0,real,ecc:sym2:ok;tmr:rep0:ok,concurrent_in_model_all_recovered,1,PASS
SUPP-CONC-V1-001,S3,stage_pair,6+9,0,imag,ecc:sym2:ok;tmr:rep0:ok,concurrent_in_model_all_recovered,1,PASS
SUPP-CONC-V1-001,S3,stage_pair,6+9,34,real,ecc:sym2:ok;tmr:rep0:ok,concurrent_in_model_all_recovered,1,PASS
SUPP-CONC-V1-001,S3,stage_pair,6+9,34,imag,ecc:sym2:ok;tmr:rep0:ok,concurrent_in_model_all_recovered,1,PASS
SUPP-CONC-V1-001,S3,stage_pair,6+10,0,real,ecc:sym2:ok;tmr:rep1:ok,concurrent_in_model_all_recovered,1,PASS
SUPP-CONC-V1-001,S3,stage_pair,6+10,0,imag,ecc:sym2:ok;tmr:rep1:ok,concurrent_in_model_all_recovered,1,PASS
SUPP-CONC-V1-001,S3,stage_pair,6+10,34,real,ecc:sym2:ok;tmr:rep1:ok,concurrent_in_model_all_recovered,1,PASS
SUPP-CONC-V1-001,S3,stage_pair,6+10,34,imag,ecc:sym2:ok;tmr:rep1:ok,concurrent_in_model_all_recovered,1,PASS
SUPP-CONC-V1-001,S3,stage_pair,7+8,0,real,ecc:sym3:ok;ecc:sym0:ok,concurrent_in_model_all_recovered,1,PASS
SUPP-CONC-V1-001,S3,stage_pair,7+8,0,imag,ecc:sym3:ok;ecc:sym0:ok,concurrent_in_model_all_recovered,1,PASS
SUPP-CONC-V1-001,S3,stage_pair,7+8,34,real,ecc:sym3:ok;ecc:sym0:ok,concurrent_in_model_all_recovered,1,PASS
SUPP-CONC-V1-001,S3,stage_pair,7+8,34,imag,ecc:sym3:ok;ecc:sym0:ok,concurrent_in_model_all_recovered,1,PASS
SUPP-CONC-V1-001,S3,stage_pair,7+9,0,real,ecc:sym3:ok;tmr:rep0:ok,concurrent_in_model_all_recovered,1,PASS
SUPP-CONC-V1-001,S3,stage_pair,7+9,0,imag,ecc:sym3:ok;tmr:rep0:ok,concurrent_in_model_all_recovered,1,PASS
SUPP-CONC-V1-001,S3,stage_pair,7+9,34,real,ecc:sym3:ok;tmr:rep0:ok,concurrent_in_model_all_recovered,1,PASS
SUPP-CONC-V1-001,S3,stage_pair,7+9,34,imag,ecc:sym3:ok;tmr:rep0:ok,concurrent_in_model_all_recovered,1,PASS
SUPP-CONC-V1-001,S3,stage_pair,7+10,0,real,ecc:sym3:ok;tmr:rep1:ok,concurrent_in_model_all_recovered,1,PASS
SUPP-CONC-V1-001,S3,stage_pair,7+10,0,imag,ecc:sym3:ok;tmr:rep1:ok,concurrent_in_model_all_recovered,1,PASS
SUPP-CONC-V1-001,S3,stage_pair,7+10,34,real,ecc:sym3:ok;tmr:rep1:ok,concurrent_in_model_all_recovered,1,PASS
SUPP-CONC-V1-001,S3,stage_pair,7+10,34,imag,ecc:sym3:ok;tmr:rep1:ok,concurrent_in_model_all_recovered,1,PASS
SUPP-CONC-V1-001,S3,stage_pair,8+9,0,real,ecc:sym0:ok;tmr:rep0:ok,concurrent_in_model_all_recovered,1,PASS
SUPP-CONC-V1-001,S3,stage_pair,8+9,0,imag,ecc:sym0:ok;tmr:rep0:ok,concurrent_in_model_all_recovered,1,PASS
SUPP-CONC-V1-001,S3,stage_pair,8+9,34,real,ecc:sym0:ok;tmr:rep0:ok,concurrent_in_model_all_recovered,1,PASS
SUPP-CONC-V1-001,S3,stage_pair,8+9,34,imag,ecc:sym0:ok;tmr:rep0:ok,concurrent_in_model_all_recovered,1,PASS
SUPP-CONC-V1-001,S3,stage_pair,8+10,0,real,ecc:sym0:ok;tmr:rep1:ok,concurrent_in_model_all_recovered,1,PASS
SUPP-CONC-V1-001,S3,stage_pair,8+10,0,imag,ecc:sym0:ok;tmr:rep1:ok,concurrent_in_model_all_recovered,1,PASS
SUPP-CONC-V1-001,S3,stage_pair,8+10,34,real,ecc:sym0:ok;tmr:rep1:ok,concurrent_in_model_all_recovered,1,PASS
SUPP-CONC-V1-001,S3,stage_pair,8+10,34,imag,ecc:sym0:ok;tmr:rep1:ok,concurrent_in_model_all_recovered,1,PASS
SUPP-CONC-V1-001,S3,stage_pair,9+10,0,real,tmr:rep0:ok;tmr:rep1:ok,concurrent_in_model_all_recovered,1,PASS
SUPP-CONC-V1-001,S3,stage_pair,9+10,0,imag,tmr:rep0:ok;tmr:rep1:ok,concurrent_in_model_all_recovered,1,PASS
SUPP-CONC-V1-001,S3,stage_pair,9+10,34,real,tmr:rep0:ok;tmr:rep1:ok,concurrent_in_model_all_recovered,1,PASS
SUPP-CONC-V1-001,S3,stage_pair,9+10,34,imag,tmr:rep0:ok;tmr:rep1:ok,concurrent_in_model_all_recovered,1,PASS
SUPP-CONC-V1-001,S3,paper_example_3_5_8,3+5+8,0,real,ecc:sym3:ok;ecc:sym1:ok;ecc:sym0:ok,concurrent_in_model_all_recovered,1,PASS
SUPP-CONC-V1-001,S3,paper_example_3_5_8,3+5+8,0,imag,ecc:sym3:ok;ecc:sym1:ok;ecc:sym0:ok,concurrent_in_model_all_recovered,1,PASS
SUPP-CONC-V1-001,S3,paper_example_3_5_8,3+5+8,34,real,ecc:sym3:ok;ecc:sym1:ok;ecc:sym0:ok,concurrent_in_model_all_recovered,1,PASS
SUPP-CONC-V1-001,S3,paper_example_3_5_8,3+5+8,34,imag,ecc:sym3:ok;ecc:sym1:ok;ecc:sym0:ok,concurrent_in_model_all_recovered,1,PASS
SUPP-CONC-V1-001,S3,all_ten_stages,1+2+3+4+5+6+7+8+9+10,0,real,ecc:sym1:ok;ecc:sym2:ok;ecc:sym3:ok;ecc:sym0:ok;ecc:sym1:ok;ecc:sym2:ok;ecc:sym3:ok;ecc:sym0:ok;tmr:rep0:ok;tmr:rep1:ok,concurrent_in_model_all_recovered,1,PASS
SUPP-CONC-V1-001,S3,all_ten_stages,1+2+3+4+5+6+7+8+9+10,0,imag,ecc:sym1:ok;ecc:sym2:ok;ecc:sym3:ok;ecc:sym0:ok;ecc:sym1:ok;ecc:sym2:ok;ecc:sym3:ok;ecc:sym0:ok;tmr:rep0:ok;tmr:rep1:ok,concurrent_in_model_all_recovered,1,PASS
SUPP-CONC-V1-001,S3,all_ten_stages,1+2+3+4+5+6+7+8+9+10,34,real,ecc:sym1:ok;ecc:sym2:ok;ecc:sym3:ok;ecc:sym0:ok;ecc:sym1:ok;ecc:sym2:ok;ecc:sym3:ok;ecc:sym0:ok;tmr:rep0:ok;tmr:rep1:ok,concurrent_in_model_all_recovered,1,PASS
SUPP-CONC-V1-001,S3,all_ten_stages,1+2+3+4+5+6+7+8+9+10,34,imag,ecc:sym1:ok;ecc:sym2:ok;ecc:sym3:ok;ecc:sym0:ok;ecc:sym1:ok;ecc:sym2:ok;ecc:sym3:ok;ecc:sym0:ok;tmr:rep0:ok;tmr:rep1:ok,concurrent_in_model_all_recovered,1,PASS
SUPP-CONC-V1-001,P1,stage_pair,1+2,0,real,ecc:sym1:ok;ecc:sym2:ok,concurrent_in_model_all_recovered,1,PASS
SUPP-CONC-V1-001,P1,stage_pair,1+2,0,imag,ecc:sym1:ok;ecc:sym2:ok,concurrent_in_model_all_recovered,1,PASS
SUPP-CONC-V1-001,P1,stage_pair,1+2,34,real,ecc:sym1:ok;ecc:sym2:ok,concurrent_in_model_all_recovered,1,PASS
SUPP-CONC-V1-001,P1,stage_pair,1+2,34,imag,ecc:sym1:ok;ecc:sym2:ok,concurrent_in_model_all_recovered,1,PASS
SUPP-CONC-V1-001,P1,stage_pair,1+3,0,real,ecc:sym1:ok;ecc:sym3:ok,concurrent_in_model_all_recovered,1,PASS
SUPP-CONC-V1-001,P1,stage_pair,1+3,0,imag,ecc:sym1:ok;ecc:sym3:ok,concurrent_in_model_all_recovered,1,PASS
SUPP-CONC-V1-001,P1,stage_pair,1+3,34,real,ecc:sym1:ok;ecc:sym3:ok,concurrent_in_model_all_recovered,1,PASS
SUPP-CONC-V1-001,P1,stage_pair,1+3,34,imag,ecc:sym1:ok;ecc:sym3:ok,concurrent_in_model_all_recovered,1,PASS
SUPP-CONC-V1-001,P1,stage_pair,1+4,0,real,ecc:sym1:ok;ecc:sym0:ok,concurrent_in_model_all_recovered,1,PASS
SUPP-CONC-V1-001,P1,stage_pair,1+4,0,imag,ecc:sym1:ok;ecc:sym0:ok,concurrent_in_model_all_recovered,1,PASS
SUPP-CONC-V1-001,P1,stage_pair,1+4,34,real,ecc:sym1:ok;ecc:sym0:ok,concurrent_in_model_all_recovered,1,PASS
SUPP-CONC-V1-001,P1,stage_pair,1+4,34,imag,ecc:sym1:ok;ecc:sym0:ok,concurrent_in_model_all_recovered,1,PASS
SUPP-CONC-V1-001,P1,stage_pair,1+5,0,real,ecc:sym1:ok;ecc:sym1:ok,concurrent_in_model_all_recovered,1,PASS
SUPP-CONC-V1-001,P1,stage_pair,1+5,0,imag,ecc:sym1:ok;ecc:sym1:ok,concurrent_in_model_all_recovered,1,PASS
SUPP-CONC-V1-001,P1,stage_pair,1+5,34,real,ecc:sym1:ok;ecc:sym1:ok,concurrent_in_model_all_recovered,1,PASS
SUPP-CONC-V1-001,P1,stage_pair,1+5,34,imag,ecc:sym1:ok;ecc:sym1:ok,concurrent_in_model_all_recovered,1,PASS
SUPP-CONC-V1-001,P1,stage_pair,1+6,0,real,ecc:sym1:ok;ecc:sym2:ok,concurrent_in_model_all_recovered,1,PASS
SUPP-CONC-V1-001,P1,stage_pair,1+6,0,imag,ecc:sym1:ok;ecc:sym2:ok,concurrent_in_model_all_recovered,1,PASS
SUPP-CONC-V1-001,P1,stage_pair,1+6,34,real,ecc:sym1:ok;ecc:sym2:ok,concurrent_in_model_all_recovered,1,PASS
SUPP-CONC-V1-001,P1,stage_pair,1+6,34,imag,ecc:sym1:ok;ecc:sym2:ok,concurrent_in_model_all_recovered,1,PASS
SUPP-CONC-V1-001,P1,stage_pair,1+7,0,real,ecc:sym1:ok;ecc:sym3:ok,concurrent_in_model_all_recovered,1,PASS
SUPP-CONC-V1-001,P1,stage_pair,1+7,0,imag,ecc:sym1:ok;ecc:sym3:ok,concurrent_in_model_all_recovered,1,PASS
SUPP-CONC-V1-001,P1,stage_pair,1+7,34,real,ecc:sym1:ok;ecc:sym3:ok,concurrent_in_model_all_recovered,1,PASS
SUPP-CONC-V1-001,P1,stage_pair,1+7,34,imag,ecc:sym1:ok;ecc:sym3:ok,concurrent_in_model_all_recovered,1,PASS
SUPP-CONC-V1-001,P1,stage_pair,1+8,0,real,ecc:sym1:ok;tmr:rep2:ok,concurrent_in_model_all_recovered,1,PASS
SUPP-CONC-V1-001,P1,stage_pair,1+8,0,imag,ecc:sym1:ok;tmr:rep2:ok,concurrent_in_model_all_recovered,1,PASS
SUPP-CONC-V1-001,P1,stage_pair,1+8,34,real,ecc:sym1:ok;tmr:rep2:ok,concurrent_in_model_all_recovered,1,PASS
SUPP-CONC-V1-001,P1,stage_pair,1+8,34,imag,ecc:sym1:ok;tmr:rep2:ok,concurrent_in_model_all_recovered,1,PASS
SUPP-CONC-V1-001,P1,stage_pair,1+9,0,real,ecc:sym1:ok;tmr:rep0:ok,concurrent_in_model_all_recovered,1,PASS
SUPP-CONC-V1-001,P1,stage_pair,1+9,0,imag,ecc:sym1:ok;tmr:rep0:ok,concurrent_in_model_all_recovered,1,PASS
SUPP-CONC-V1-001,P1,stage_pair,1+9,34,real,ecc:sym1:ok;tmr:rep0:ok,concurrent_in_model_all_recovered,1,PASS
SUPP-CONC-V1-001,P1,stage_pair,1+9,34,imag,ecc:sym1:ok;tmr:rep0:ok,concurrent_in_model_all_recovered,1,PASS
SUPP-CONC-V1-001,P1,stage_pair,1+10,0,real,ecc:sym1:ok;ecc:sym2:ok,concurrent_in_model_all_recovered,1,PASS
SUPP-CONC-V1-001,P1,stage_pair,1+10,0,imag,ecc:sym1:ok;ecc:sym2:ok,concurrent_in_model_all_recovered,1,PASS
SUPP-CONC-V1-001,P1,stage_pair,1+10,34,real,ecc:sym1:ok;ecc:sym2:ok,concurrent_in_model_all_recovered,1,PASS
SUPP-CONC-V1-001,P1,stage_pair,1+10,34,imag,ecc:sym1:ok;ecc:sym2:ok,concurrent_in_model_all_recovered,1,PASS
SUPP-CONC-V1-001,P1,stage_pair,2+3,0,real,ecc:sym2:ok;ecc:sym3:ok,concurrent_in_model_all_recovered,1,PASS
SUPP-CONC-V1-001,P1,stage_pair,2+3,0,imag,ecc:sym2:ok;ecc:sym3:ok,concurrent_in_model_all_recovered,1,PASS
SUPP-CONC-V1-001,P1,stage_pair,2+3,34,real,ecc:sym2:ok;ecc:sym3:ok,concurrent_in_model_all_recovered,1,PASS
SUPP-CONC-V1-001,P1,stage_pair,2+3,34,imag,ecc:sym2:ok;ecc:sym3:ok,concurrent_in_model_all_recovered,1,PASS
SUPP-CONC-V1-001,P1,stage_pair,2+4,0,real,ecc:sym2:ok;ecc:sym0:ok,concurrent_in_model_all_recovered,1,PASS
SUPP-CONC-V1-001,P1,stage_pair,2+4,0,imag,ecc:sym2:ok;ecc:sym0:ok,concurrent_in_model_all_recovered,1,PASS
SUPP-CONC-V1-001,P1,stage_pair,2+4,34,real,ecc:sym2:ok;ecc:sym0:ok,concurrent_in_model_all_recovered,1,PASS
SUPP-CONC-V1-001,P1,stage_pair,2+4,34,imag,ecc:sym2:ok;ecc:sym0:ok,concurrent_in_model_all_recovered,1,PASS
SUPP-CONC-V1-001,P1,stage_pair,2+5,0,real,ecc:sym2:ok;ecc:sym1:ok,concurrent_in_model_all_recovered,1,PASS
SUPP-CONC-V1-001,P1,stage_pair,2+5,0,imag,ecc:sym2:ok;ecc:sym1:ok,concurrent_in_model_all_recovered,1,PASS
SUPP-CONC-V1-001,P1,stage_pair,2+5,34,real,ecc:sym2:ok;ecc:sym1:ok,concurrent_in_model_all_recovered,1,PASS
SUPP-CONC-V1-001,P1,stage_pair,2+5,34,imag,ecc:sym2:ok;ecc:sym1:ok,concurrent_in_model_all_recovered,1,PASS
SUPP-CONC-V1-001,P1,stage_pair,2+6,0,real,ecc:sym2:ok;ecc:sym2:ok,concurrent_in_model_all_recovered,1,PASS
SUPP-CONC-V1-001,P1,stage_pair,2+6,0,imag,ecc:sym2:ok;ecc:sym2:ok,concurrent_in_model_all_recovered,1,PASS
SUPP-CONC-V1-001,P1,stage_pair,2+6,34,real,ecc:sym2:ok;ecc:sym2:ok,concurrent_in_model_all_recovered,1,PASS
SUPP-CONC-V1-001,P1,stage_pair,2+6,34,imag,ecc:sym2:ok;ecc:sym2:ok,concurrent_in_model_all_recovered,1,PASS
SUPP-CONC-V1-001,P1,stage_pair,2+7,0,real,ecc:sym2:ok;ecc:sym3:ok,concurrent_in_model_all_recovered,1,PASS
SUPP-CONC-V1-001,P1,stage_pair,2+7,0,imag,ecc:sym2:ok;ecc:sym3:ok,concurrent_in_model_all_recovered,1,PASS
SUPP-CONC-V1-001,P1,stage_pair,2+7,34,real,ecc:sym2:ok;ecc:sym3:ok,concurrent_in_model_all_recovered,1,PASS
SUPP-CONC-V1-001,P1,stage_pair,2+7,34,imag,ecc:sym2:ok;ecc:sym3:ok,concurrent_in_model_all_recovered,1,PASS
SUPP-CONC-V1-001,P1,stage_pair,2+8,0,real,ecc:sym2:ok;tmr:rep2:ok,concurrent_in_model_all_recovered,1,PASS
SUPP-CONC-V1-001,P1,stage_pair,2+8,0,imag,ecc:sym2:ok;tmr:rep2:ok,concurrent_in_model_all_recovered,1,PASS
SUPP-CONC-V1-001,P1,stage_pair,2+8,34,real,ecc:sym2:ok;tmr:rep2:ok,concurrent_in_model_all_recovered,1,PASS
SUPP-CONC-V1-001,P1,stage_pair,2+8,34,imag,ecc:sym2:ok;tmr:rep2:ok,concurrent_in_model_all_recovered,1,PASS
SUPP-CONC-V1-001,P1,stage_pair,2+9,0,real,ecc:sym2:ok;tmr:rep0:ok,concurrent_in_model_all_recovered,1,PASS
SUPP-CONC-V1-001,P1,stage_pair,2+9,0,imag,ecc:sym2:ok;tmr:rep0:ok,concurrent_in_model_all_recovered,1,PASS
SUPP-CONC-V1-001,P1,stage_pair,2+9,34,real,ecc:sym2:ok;tmr:rep0:ok,concurrent_in_model_all_recovered,1,PASS
SUPP-CONC-V1-001,P1,stage_pair,2+9,34,imag,ecc:sym2:ok;tmr:rep0:ok,concurrent_in_model_all_recovered,1,PASS
SUPP-CONC-V1-001,P1,stage_pair,2+10,0,real,ecc:sym2:ok;ecc:sym2:ok,concurrent_in_model_all_recovered,1,PASS
SUPP-CONC-V1-001,P1,stage_pair,2+10,0,imag,ecc:sym2:ok;ecc:sym2:ok,concurrent_in_model_all_recovered,1,PASS
SUPP-CONC-V1-001,P1,stage_pair,2+10,34,real,ecc:sym2:ok;ecc:sym2:ok,concurrent_in_model_all_recovered,1,PASS
SUPP-CONC-V1-001,P1,stage_pair,2+10,34,imag,ecc:sym2:ok;ecc:sym2:ok,concurrent_in_model_all_recovered,1,PASS
SUPP-CONC-V1-001,P1,stage_pair,3+4,0,real,ecc:sym3:ok;ecc:sym0:ok,concurrent_in_model_all_recovered,1,PASS
SUPP-CONC-V1-001,P1,stage_pair,3+4,0,imag,ecc:sym3:ok;ecc:sym0:ok,concurrent_in_model_all_recovered,1,PASS
SUPP-CONC-V1-001,P1,stage_pair,3+4,34,real,ecc:sym3:ok;ecc:sym0:ok,concurrent_in_model_all_recovered,1,PASS
SUPP-CONC-V1-001,P1,stage_pair,3+4,34,imag,ecc:sym3:ok;ecc:sym0:ok,concurrent_in_model_all_recovered,1,PASS
SUPP-CONC-V1-001,P1,stage_pair,3+5,0,real,ecc:sym3:ok;ecc:sym1:ok,concurrent_in_model_all_recovered,1,PASS
SUPP-CONC-V1-001,P1,stage_pair,3+5,0,imag,ecc:sym3:ok;ecc:sym1:ok,concurrent_in_model_all_recovered,1,PASS
SUPP-CONC-V1-001,P1,stage_pair,3+5,34,real,ecc:sym3:ok;ecc:sym1:ok,concurrent_in_model_all_recovered,1,PASS
SUPP-CONC-V1-001,P1,stage_pair,3+5,34,imag,ecc:sym3:ok;ecc:sym1:ok,concurrent_in_model_all_recovered,1,PASS
SUPP-CONC-V1-001,P1,stage_pair,3+6,0,real,ecc:sym3:ok;ecc:sym2:ok,concurrent_in_model_all_recovered,1,PASS
SUPP-CONC-V1-001,P1,stage_pair,3+6,0,imag,ecc:sym3:ok;ecc:sym2:ok,concurrent_in_model_all_recovered,1,PASS
SUPP-CONC-V1-001,P1,stage_pair,3+6,34,real,ecc:sym3:ok;ecc:sym2:ok,concurrent_in_model_all_recovered,1,PASS
SUPP-CONC-V1-001,P1,stage_pair,3+6,34,imag,ecc:sym3:ok;ecc:sym2:ok,concurrent_in_model_all_recovered,1,PASS
SUPP-CONC-V1-001,P1,stage_pair,3+7,0,real,ecc:sym3:ok;ecc:sym3:ok,concurrent_in_model_all_recovered,1,PASS
SUPP-CONC-V1-001,P1,stage_pair,3+7,0,imag,ecc:sym3:ok;ecc:sym3:ok,concurrent_in_model_all_recovered,1,PASS
SUPP-CONC-V1-001,P1,stage_pair,3+7,34,real,ecc:sym3:ok;ecc:sym3:ok,concurrent_in_model_all_recovered,1,PASS
SUPP-CONC-V1-001,P1,stage_pair,3+7,34,imag,ecc:sym3:ok;ecc:sym3:ok,concurrent_in_model_all_recovered,1,PASS
SUPP-CONC-V1-001,P1,stage_pair,3+8,0,real,ecc:sym3:ok;tmr:rep2:ok,concurrent_in_model_all_recovered,1,PASS
SUPP-CONC-V1-001,P1,stage_pair,3+8,0,imag,ecc:sym3:ok;tmr:rep2:ok,concurrent_in_model_all_recovered,1,PASS
SUPP-CONC-V1-001,P1,stage_pair,3+8,34,real,ecc:sym3:ok;tmr:rep2:ok,concurrent_in_model_all_recovered,1,PASS
SUPP-CONC-V1-001,P1,stage_pair,3+8,34,imag,ecc:sym3:ok;tmr:rep2:ok,concurrent_in_model_all_recovered,1,PASS
SUPP-CONC-V1-001,P1,stage_pair,3+9,0,real,ecc:sym3:ok;tmr:rep0:ok,concurrent_in_model_all_recovered,1,PASS
SUPP-CONC-V1-001,P1,stage_pair,3+9,0,imag,ecc:sym3:ok;tmr:rep0:ok,concurrent_in_model_all_recovered,1,PASS
SUPP-CONC-V1-001,P1,stage_pair,3+9,34,real,ecc:sym3:ok;tmr:rep0:ok,concurrent_in_model_all_recovered,1,PASS
SUPP-CONC-V1-001,P1,stage_pair,3+9,34,imag,ecc:sym3:ok;tmr:rep0:ok,concurrent_in_model_all_recovered,1,PASS
SUPP-CONC-V1-001,P1,stage_pair,3+10,0,real,ecc:sym3:ok;ecc:sym2:ok,concurrent_in_model_all_recovered,1,PASS
SUPP-CONC-V1-001,P1,stage_pair,3+10,0,imag,ecc:sym3:ok;ecc:sym2:ok,concurrent_in_model_all_recovered,1,PASS
SUPP-CONC-V1-001,P1,stage_pair,3+10,34,real,ecc:sym3:ok;ecc:sym2:ok,concurrent_in_model_all_recovered,1,PASS
SUPP-CONC-V1-001,P1,stage_pair,3+10,34,imag,ecc:sym3:ok;ecc:sym2:ok,concurrent_in_model_all_recovered,1,PASS
SUPP-CONC-V1-001,P1,stage_pair,4+5,0,real,ecc:sym0:ok;ecc:sym1:ok,concurrent_in_model_all_recovered,1,PASS
SUPP-CONC-V1-001,P1,stage_pair,4+5,0,imag,ecc:sym0:ok;ecc:sym1:ok,concurrent_in_model_all_recovered,1,PASS
SUPP-CONC-V1-001,P1,stage_pair,4+5,34,real,ecc:sym0:ok;ecc:sym1:ok,concurrent_in_model_all_recovered,1,PASS
SUPP-CONC-V1-001,P1,stage_pair,4+5,34,imag,ecc:sym0:ok;ecc:sym1:ok,concurrent_in_model_all_recovered,1,PASS
SUPP-CONC-V1-001,P1,stage_pair,4+6,0,real,ecc:sym0:ok;ecc:sym2:ok,concurrent_in_model_all_recovered,1,PASS
SUPP-CONC-V1-001,P1,stage_pair,4+6,0,imag,ecc:sym0:ok;ecc:sym2:ok,concurrent_in_model_all_recovered,1,PASS
SUPP-CONC-V1-001,P1,stage_pair,4+6,34,real,ecc:sym0:ok;ecc:sym2:ok,concurrent_in_model_all_recovered,1,PASS
SUPP-CONC-V1-001,P1,stage_pair,4+6,34,imag,ecc:sym0:ok;ecc:sym2:ok,concurrent_in_model_all_recovered,1,PASS
SUPP-CONC-V1-001,P1,stage_pair,4+7,0,real,ecc:sym0:ok;ecc:sym3:ok,concurrent_in_model_all_recovered,1,PASS
SUPP-CONC-V1-001,P1,stage_pair,4+7,0,imag,ecc:sym0:ok;ecc:sym3:ok,concurrent_in_model_all_recovered,1,PASS
SUPP-CONC-V1-001,P1,stage_pair,4+7,34,real,ecc:sym0:ok;ecc:sym3:ok,concurrent_in_model_all_recovered,1,PASS
SUPP-CONC-V1-001,P1,stage_pair,4+7,34,imag,ecc:sym0:ok;ecc:sym3:ok,concurrent_in_model_all_recovered,1,PASS
SUPP-CONC-V1-001,P1,stage_pair,4+8,0,real,ecc:sym0:ok;tmr:rep2:ok,concurrent_in_model_all_recovered,1,PASS
SUPP-CONC-V1-001,P1,stage_pair,4+8,0,imag,ecc:sym0:ok;tmr:rep2:ok,concurrent_in_model_all_recovered,1,PASS
SUPP-CONC-V1-001,P1,stage_pair,4+8,34,real,ecc:sym0:ok;tmr:rep2:ok,concurrent_in_model_all_recovered,1,PASS
SUPP-CONC-V1-001,P1,stage_pair,4+8,34,imag,ecc:sym0:ok;tmr:rep2:ok,concurrent_in_model_all_recovered,1,PASS
SUPP-CONC-V1-001,P1,stage_pair,4+9,0,real,ecc:sym0:ok;tmr:rep0:ok,concurrent_in_model_all_recovered,1,PASS
SUPP-CONC-V1-001,P1,stage_pair,4+9,0,imag,ecc:sym0:ok;tmr:rep0:ok,concurrent_in_model_all_recovered,1,PASS
SUPP-CONC-V1-001,P1,stage_pair,4+9,34,real,ecc:sym0:ok;tmr:rep0:ok,concurrent_in_model_all_recovered,1,PASS
SUPP-CONC-V1-001,P1,stage_pair,4+9,34,imag,ecc:sym0:ok;tmr:rep0:ok,concurrent_in_model_all_recovered,1,PASS
SUPP-CONC-V1-001,P1,stage_pair,4+10,0,real,ecc:sym0:ok;ecc:sym2:ok,concurrent_in_model_all_recovered,1,PASS
SUPP-CONC-V1-001,P1,stage_pair,4+10,0,imag,ecc:sym0:ok;ecc:sym2:ok,concurrent_in_model_all_recovered,1,PASS
SUPP-CONC-V1-001,P1,stage_pair,4+10,34,real,ecc:sym0:ok;ecc:sym2:ok,concurrent_in_model_all_recovered,1,PASS
SUPP-CONC-V1-001,P1,stage_pair,4+10,34,imag,ecc:sym0:ok;ecc:sym2:ok,concurrent_in_model_all_recovered,1,PASS
SUPP-CONC-V1-001,P1,stage_pair,5+6,0,real,ecc:sym1:ok;ecc:sym2:ok,concurrent_in_model_all_recovered,1,PASS
SUPP-CONC-V1-001,P1,stage_pair,5+6,0,imag,ecc:sym1:ok;ecc:sym2:ok,concurrent_in_model_all_recovered,1,PASS
SUPP-CONC-V1-001,P1,stage_pair,5+6,34,real,ecc:sym1:ok;ecc:sym2:ok,concurrent_in_model_all_recovered,1,PASS
SUPP-CONC-V1-001,P1,stage_pair,5+6,34,imag,ecc:sym1:ok;ecc:sym2:ok,concurrent_in_model_all_recovered,1,PASS
SUPP-CONC-V1-001,P1,stage_pair,5+7,0,real,ecc:sym1:ok;ecc:sym3:ok,concurrent_in_model_all_recovered,1,PASS
SUPP-CONC-V1-001,P1,stage_pair,5+7,0,imag,ecc:sym1:ok;ecc:sym3:ok,concurrent_in_model_all_recovered,1,PASS
SUPP-CONC-V1-001,P1,stage_pair,5+7,34,real,ecc:sym1:ok;ecc:sym3:ok,concurrent_in_model_all_recovered,1,PASS
SUPP-CONC-V1-001,P1,stage_pair,5+7,34,imag,ecc:sym1:ok;ecc:sym3:ok,concurrent_in_model_all_recovered,1,PASS
SUPP-CONC-V1-001,P1,stage_pair,5+8,0,real,ecc:sym1:ok;tmr:rep2:ok,concurrent_in_model_all_recovered,1,PASS
SUPP-CONC-V1-001,P1,stage_pair,5+8,0,imag,ecc:sym1:ok;tmr:rep2:ok,concurrent_in_model_all_recovered,1,PASS
SUPP-CONC-V1-001,P1,stage_pair,5+8,34,real,ecc:sym1:ok;tmr:rep2:ok,concurrent_in_model_all_recovered,1,PASS
SUPP-CONC-V1-001,P1,stage_pair,5+8,34,imag,ecc:sym1:ok;tmr:rep2:ok,concurrent_in_model_all_recovered,1,PASS
SUPP-CONC-V1-001,P1,stage_pair,5+9,0,real,ecc:sym1:ok;tmr:rep0:ok,concurrent_in_model_all_recovered,1,PASS
SUPP-CONC-V1-001,P1,stage_pair,5+9,0,imag,ecc:sym1:ok;tmr:rep0:ok,concurrent_in_model_all_recovered,1,PASS
SUPP-CONC-V1-001,P1,stage_pair,5+9,34,real,ecc:sym1:ok;tmr:rep0:ok,concurrent_in_model_all_recovered,1,PASS
SUPP-CONC-V1-001,P1,stage_pair,5+9,34,imag,ecc:sym1:ok;tmr:rep0:ok,concurrent_in_model_all_recovered,1,PASS
SUPP-CONC-V1-001,P1,stage_pair,5+10,0,real,ecc:sym1:ok;ecc:sym2:ok,concurrent_in_model_all_recovered,1,PASS
SUPP-CONC-V1-001,P1,stage_pair,5+10,0,imag,ecc:sym1:ok;ecc:sym2:ok,concurrent_in_model_all_recovered,1,PASS
SUPP-CONC-V1-001,P1,stage_pair,5+10,34,real,ecc:sym1:ok;ecc:sym2:ok,concurrent_in_model_all_recovered,1,PASS
SUPP-CONC-V1-001,P1,stage_pair,5+10,34,imag,ecc:sym1:ok;ecc:sym2:ok,concurrent_in_model_all_recovered,1,PASS
SUPP-CONC-V1-001,P1,stage_pair,6+7,0,real,ecc:sym2:ok;ecc:sym3:ok,concurrent_in_model_all_recovered,1,PASS
SUPP-CONC-V1-001,P1,stage_pair,6+7,0,imag,ecc:sym2:ok;ecc:sym3:ok,concurrent_in_model_all_recovered,1,PASS
SUPP-CONC-V1-001,P1,stage_pair,6+7,34,real,ecc:sym2:ok;ecc:sym3:ok,concurrent_in_model_all_recovered,1,PASS
SUPP-CONC-V1-001,P1,stage_pair,6+7,34,imag,ecc:sym2:ok;ecc:sym3:ok,concurrent_in_model_all_recovered,1,PASS
SUPP-CONC-V1-001,P1,stage_pair,6+8,0,real,ecc:sym2:ok;tmr:rep2:ok,concurrent_in_model_all_recovered,1,PASS
SUPP-CONC-V1-001,P1,stage_pair,6+8,0,imag,ecc:sym2:ok;tmr:rep2:ok,concurrent_in_model_all_recovered,1,PASS
SUPP-CONC-V1-001,P1,stage_pair,6+8,34,real,ecc:sym2:ok;tmr:rep2:ok,concurrent_in_model_all_recovered,1,PASS
SUPP-CONC-V1-001,P1,stage_pair,6+8,34,imag,ecc:sym2:ok;tmr:rep2:ok,concurrent_in_model_all_recovered,1,PASS
SUPP-CONC-V1-001,P1,stage_pair,6+9,0,real,ecc:sym2:ok;tmr:rep0:ok,concurrent_in_model_all_recovered,1,PASS
SUPP-CONC-V1-001,P1,stage_pair,6+9,0,imag,ecc:sym2:ok;tmr:rep0:ok,concurrent_in_model_all_recovered,1,PASS
SUPP-CONC-V1-001,P1,stage_pair,6+9,34,real,ecc:sym2:ok;tmr:rep0:ok,concurrent_in_model_all_recovered,1,PASS
SUPP-CONC-V1-001,P1,stage_pair,6+9,34,imag,ecc:sym2:ok;tmr:rep0:ok,concurrent_in_model_all_recovered,1,PASS
SUPP-CONC-V1-001,P1,stage_pair,6+10,0,real,ecc:sym2:ok;ecc:sym2:ok,concurrent_in_model_all_recovered,1,PASS
SUPP-CONC-V1-001,P1,stage_pair,6+10,0,imag,ecc:sym2:ok;ecc:sym2:ok,concurrent_in_model_all_recovered,1,PASS
SUPP-CONC-V1-001,P1,stage_pair,6+10,34,real,ecc:sym2:ok;ecc:sym2:ok,concurrent_in_model_all_recovered,1,PASS
SUPP-CONC-V1-001,P1,stage_pair,6+10,34,imag,ecc:sym2:ok;ecc:sym2:ok,concurrent_in_model_all_recovered,1,PASS
SUPP-CONC-V1-001,P1,stage_pair,7+8,0,real,ecc:sym3:ok;tmr:rep2:ok,concurrent_in_model_all_recovered,1,PASS
SUPP-CONC-V1-001,P1,stage_pair,7+8,0,imag,ecc:sym3:ok;tmr:rep2:ok,concurrent_in_model_all_recovered,1,PASS
SUPP-CONC-V1-001,P1,stage_pair,7+8,34,real,ecc:sym3:ok;tmr:rep2:ok,concurrent_in_model_all_recovered,1,PASS
SUPP-CONC-V1-001,P1,stage_pair,7+8,34,imag,ecc:sym3:ok;tmr:rep2:ok,concurrent_in_model_all_recovered,1,PASS
SUPP-CONC-V1-001,P1,stage_pair,7+9,0,real,ecc:sym3:ok;tmr:rep0:ok,concurrent_in_model_all_recovered,1,PASS
SUPP-CONC-V1-001,P1,stage_pair,7+9,0,imag,ecc:sym3:ok;tmr:rep0:ok,concurrent_in_model_all_recovered,1,PASS
SUPP-CONC-V1-001,P1,stage_pair,7+9,34,real,ecc:sym3:ok;tmr:rep0:ok,concurrent_in_model_all_recovered,1,PASS
SUPP-CONC-V1-001,P1,stage_pair,7+9,34,imag,ecc:sym3:ok;tmr:rep0:ok,concurrent_in_model_all_recovered,1,PASS
SUPP-CONC-V1-001,P1,stage_pair,7+10,0,real,ecc:sym3:ok;ecc:sym2:ok,concurrent_in_model_all_recovered,1,PASS
SUPP-CONC-V1-001,P1,stage_pair,7+10,0,imag,ecc:sym3:ok;ecc:sym2:ok,concurrent_in_model_all_recovered,1,PASS
SUPP-CONC-V1-001,P1,stage_pair,7+10,34,real,ecc:sym3:ok;ecc:sym2:ok,concurrent_in_model_all_recovered,1,PASS
SUPP-CONC-V1-001,P1,stage_pair,7+10,34,imag,ecc:sym3:ok;ecc:sym2:ok,concurrent_in_model_all_recovered,1,PASS
SUPP-CONC-V1-001,P1,stage_pair,8+9,0,real,tmr:rep2:ok;tmr:rep0:ok,concurrent_in_model_all_recovered,1,PASS
SUPP-CONC-V1-001,P1,stage_pair,8+9,0,imag,tmr:rep2:ok;tmr:rep0:ok,concurrent_in_model_all_recovered,1,PASS
SUPP-CONC-V1-001,P1,stage_pair,8+9,34,real,tmr:rep2:ok;tmr:rep0:ok,concurrent_in_model_all_recovered,1,PASS
SUPP-CONC-V1-001,P1,stage_pair,8+9,34,imag,tmr:rep2:ok;tmr:rep0:ok,concurrent_in_model_all_recovered,1,PASS
SUPP-CONC-V1-001,P1,stage_pair,8+10,0,real,tmr:rep2:ok;ecc:sym2:ok,concurrent_in_model_all_recovered,1,PASS
SUPP-CONC-V1-001,P1,stage_pair,8+10,0,imag,tmr:rep2:ok;ecc:sym2:ok,concurrent_in_model_all_recovered,1,PASS
SUPP-CONC-V1-001,P1,stage_pair,8+10,34,real,tmr:rep2:ok;ecc:sym2:ok,concurrent_in_model_all_recovered,1,PASS
SUPP-CONC-V1-001,P1,stage_pair,8+10,34,imag,tmr:rep2:ok;ecc:sym2:ok,concurrent_in_model_all_recovered,1,PASS
SUPP-CONC-V1-001,P1,stage_pair,9+10,0,real,tmr:rep0:ok;ecc:sym2:ok,concurrent_in_model_all_recovered,1,PASS
SUPP-CONC-V1-001,P1,stage_pair,9+10,0,imag,tmr:rep0:ok;ecc:sym2:ok,concurrent_in_model_all_recovered,1,PASS
SUPP-CONC-V1-001,P1,stage_pair,9+10,34,real,tmr:rep0:ok;ecc:sym2:ok,concurrent_in_model_all_recovered,1,PASS
SUPP-CONC-V1-001,P1,stage_pair,9+10,34,imag,tmr:rep0:ok;ecc:sym2:ok,concurrent_in_model_all_recovered,1,PASS
SUPP-CONC-V1-001,P1,paper_example_3_5_8,3+5+8,0,real,ecc:sym3:ok;ecc:sym1:ok;tmr:rep2:ok,concurrent_in_model_all_recovered,1,PASS
SUPP-CONC-V1-001,P1,paper_example_3_5_8,3+5+8,0,imag,ecc:sym3:ok;ecc:sym1:ok;tmr:rep2:ok,concurrent_in_model_all_recovered,1,PASS
SUPP-CONC-V1-001,P1,paper_example_3_5_8,3+5+8,34,real,ecc:sym3:ok;ecc:sym1:ok;tmr:rep2:ok,concurrent_in_model_all_recovered,1,PASS
SUPP-CONC-V1-001,P1,paper_example_3_5_8,3+5+8,34,imag,ecc:sym3:ok;ecc:sym1:ok;tmr:rep2:ok,concurrent_in_model_all_recovered,1,PASS
SUPP-CONC-V1-001,P1,all_ten_stages,1+2+3+4+5+6+7+8+9+10,0,real,ecc:sym1:ok;ecc:sym2:ok;ecc:sym3:ok;ecc:sym0:ok;ecc:sym1:ok;ecc:sym2:ok;ecc:sym3:ok;tmr:rep2:ok;tmr:rep0:ok;ecc:sym2:ok,concurrent_in_model_all_recovered,1,PASS
SUPP-CONC-V1-001,P1,all_ten_stages,1+2+3+4+5+6+7+8+9+10,0,imag,ecc:sym1:ok;ecc:sym2:ok;ecc:sym3:ok;ecc:sym0:ok;ecc:sym1:ok;ecc:sym2:ok;ecc:sym3:ok;tmr:rep2:ok;tmr:rep0:ok;ecc:sym2:ok,concurrent_in_model_all_recovered,1,PASS
SUPP-CONC-V1-001,P1,all_ten_stages,1+2+3+4+5+6+7+8+9+10,34,real,ecc:sym1:ok;ecc:sym2:ok;ecc:sym3:ok;ecc:sym0:ok;ecc:sym1:ok;ecc:sym2:ok;ecc:sym3:ok;tmr:rep2:ok;tmr:rep0:ok;ecc:sym2:ok,concurrent_in_model_all_recovered,1,PASS
SUPP-CONC-V1-001,P1,all_ten_stages,1+2+3+4+5+6+7+8+9+10,34,imag,ecc:sym1:ok;ecc:sym2:ok;ecc:sym3:ok;ecc:sym0:ok;ecc:sym1:ok;ecc:sym2:ok;ecc:sym3:ok;tmr:rep2:ok;tmr:rep0:ok;ecc:sym2:ok,concurrent_in_model_all_recovered,1,PASS
SUPP-CONC-V1-001,S1,same_path_double,1+2,2+5,real,path2:corrected,single_path_confined_correctable,1,PASS
SUPP-CONC-V1-001,S1,cross_path_double,1+2,2+5,real,detected_uncorrectable,beyond_path_level_capability,0,PASS
SUPP-CONC-V1-001,S1,same_path_double,1+2,2+5,imag,path2:corrected,single_path_confined_correctable,1,PASS
SUPP-CONC-V1-001,S1,cross_path_double,1+2,2+5,imag,detected_uncorrectable,beyond_path_level_capability,0,PASS
SUPP-CONC-V1-001,S1,same_path_double,1+2,19+22,real,path2:corrected,single_path_confined_correctable,1,PASS
SUPP-CONC-V1-001,S1,cross_path_double,1+2,19+22,real,detected_uncorrectable,beyond_path_level_capability,0,PASS
SUPP-CONC-V1-001,S1,same_path_double,1+2,19+22,imag,path2:corrected,single_path_confined_correctable,1,PASS
SUPP-CONC-V1-001,S1,cross_path_double,1+2,19+22,imag,detected_uncorrectable,beyond_path_level_capability,0,PASS
SUPP-CONC-V1-001,S1,same_path_double,1+3,2+7,real,path2:corrected,single_path_confined_correctable,1,PASS
SUPP-CONC-V1-001,S1,cross_path_double,1+3,2+7,real,detected_uncorrectable,beyond_path_level_capability,0,PASS
SUPP-CONC-V1-001,S1,same_path_double,1+3,2+7,imag,path2:corrected,single_path_confined_correctable,1,PASS
SUPP-CONC-V1-001,S1,cross_path_double,1+3,2+7,imag,detected_uncorrectable,beyond_path_level_capability,0,PASS
SUPP-CONC-V1-001,S1,same_path_double,1+3,19+24,real,path2:corrected,single_path_confined_correctable,1,PASS
SUPP-CONC-V1-001,S1,cross_path_double,1+3,19+24,real,detected_uncorrectable,beyond_path_level_capability,0,PASS
SUPP-CONC-V1-001,S1,same_path_double,1+3,19+24,imag,path2:corrected,single_path_confined_correctable,1,PASS
SUPP-CONC-V1-001,S1,cross_path_double,1+3,19+24,imag,detected_uncorrectable,beyond_path_level_capability,0,PASS
SUPP-CONC-V1-001,S1,same_path_double,1+4,2+9,real,path2:corrected,single_path_confined_correctable,1,PASS
SUPP-CONC-V1-001,S1,cross_path_double,1+4,2+9,real,detected_uncorrectable,beyond_path_level_capability,0,PASS
SUPP-CONC-V1-001,S1,same_path_double,1+4,2+9,imag,path2:corrected,single_path_confined_correctable,1,PASS
SUPP-CONC-V1-001,S1,cross_path_double,1+4,2+9,imag,detected_uncorrectable,beyond_path_level_capability,0,PASS
SUPP-CONC-V1-001,S1,same_path_double,1+4,19+26,real,path2:corrected,single_path_confined_correctable,1,PASS
SUPP-CONC-V1-001,S1,cross_path_double,1+4,19+26,real,detected_uncorrectable,beyond_path_level_capability,0,PASS
SUPP-CONC-V1-001,S1,same_path_double,1+4,19+26,imag,path2:corrected,single_path_confined_correctable,1,PASS
SUPP-CONC-V1-001,S1,cross_path_double,1+4,19+26,imag,detected_uncorrectable,beyond_path_level_capability,0,PASS
SUPP-CONC-V1-001,S1,same_path_double,1+5,2+11,real,path2:corrected,single_path_confined_correctable,1,PASS
SUPP-CONC-V1-001,S1,cross_path_double,1+5,2+11,real,detected_uncorrectable,beyond_path_level_capability,0,PASS
SUPP-CONC-V1-001,S1,same_path_double,1+5,2+11,imag,path2:corrected,single_path_confined_correctable,1,PASS
SUPP-CONC-V1-001,S1,cross_path_double,1+5,2+11,imag,detected_uncorrectable,beyond_path_level_capability,0,PASS
SUPP-CONC-V1-001,S1,same_path_double,1+5,19+28,real,path2:corrected,single_path_confined_correctable,1,PASS
SUPP-CONC-V1-001,S1,cross_path_double,1+5,19+28,real,detected_uncorrectable,beyond_path_level_capability,0,PASS
SUPP-CONC-V1-001,S1,same_path_double,1+5,19+28,imag,path2:corrected,single_path_confined_correctable,1,PASS
SUPP-CONC-V1-001,S1,cross_path_double,1+5,19+28,imag,detected_uncorrectable,beyond_path_level_capability,0,PASS
SUPP-CONC-V1-001,S1,same_path_double,1+6,2+13,real,path2:corrected,single_path_confined_correctable,1,PASS
SUPP-CONC-V1-001,S1,cross_path_double,1+6,2+13,real,detected_uncorrectable,beyond_path_level_capability,0,PASS
SUPP-CONC-V1-001,S1,same_path_double,1+6,2+13,imag,path2:corrected,single_path_confined_correctable,1,PASS
SUPP-CONC-V1-001,S1,cross_path_double,1+6,2+13,imag,detected_uncorrectable,beyond_path_level_capability,0,PASS
SUPP-CONC-V1-001,S1,same_path_double,1+6,19+30,real,path2:corrected,single_path_confined_correctable,1,PASS
SUPP-CONC-V1-001,S1,cross_path_double,1+6,19+30,real,detected_uncorrectable,beyond_path_level_capability,0,PASS
SUPP-CONC-V1-001,S1,same_path_double,1+6,19+30,imag,path2:corrected,single_path_confined_correctable,1,PASS
SUPP-CONC-V1-001,S1,cross_path_double,1+6,19+30,imag,detected_uncorrectable,beyond_path_level_capability,0,PASS
SUPP-CONC-V1-001,S1,same_path_double,1+7,2+15,real,path2:corrected,single_path_confined_correctable,1,PASS
SUPP-CONC-V1-001,S1,cross_path_double,1+7,2+15,real,detected_uncorrectable,beyond_path_level_capability,0,PASS
SUPP-CONC-V1-001,S1,same_path_double,1+7,2+15,imag,path2:corrected,single_path_confined_correctable,1,PASS
SUPP-CONC-V1-001,S1,cross_path_double,1+7,2+15,imag,detected_uncorrectable,beyond_path_level_capability,0,PASS
SUPP-CONC-V1-001,S1,same_path_double,1+7,19+32,real,path2:corrected,single_path_confined_correctable,1,PASS
SUPP-CONC-V1-001,S1,cross_path_double,1+7,19+32,real,detected_uncorrectable,beyond_path_level_capability,0,PASS
SUPP-CONC-V1-001,S1,same_path_double,1+7,19+32,imag,path2:corrected,single_path_confined_correctable,1,PASS
SUPP-CONC-V1-001,S1,cross_path_double,1+7,19+32,imag,detected_uncorrectable,beyond_path_level_capability,0,PASS
SUPP-CONC-V1-001,S1,same_path_double,1+8,2+17,real,path2:corrected,single_path_confined_correctable,1,PASS
SUPP-CONC-V1-001,S1,cross_path_double,1+8,2+17,real,detected_uncorrectable,beyond_path_level_capability,0,PASS
SUPP-CONC-V1-001,S1,same_path_double,1+8,2+17,imag,path2:corrected,single_path_confined_correctable,1,PASS
SUPP-CONC-V1-001,S1,cross_path_double,1+8,2+17,imag,detected_uncorrectable,beyond_path_level_capability,0,PASS
SUPP-CONC-V1-001,S1,same_path_double,1+8,19+34,real,path2:corrected,single_path_confined_correctable,1,PASS
SUPP-CONC-V1-001,S1,cross_path_double,1+8,19+34,real,detected_uncorrectable,beyond_path_level_capability,0,PASS
SUPP-CONC-V1-001,S1,same_path_double,1+8,19+34,imag,path2:corrected,single_path_confined_correctable,1,PASS
SUPP-CONC-V1-001,S1,cross_path_double,1+8,19+34,imag,detected_uncorrectable,beyond_path_level_capability,0,PASS
SUPP-CONC-V1-001,S1,same_path_double,1+9,2+19,real,path2:corrected,single_path_confined_correctable,1,PASS
SUPP-CONC-V1-001,S1,cross_path_double,1+9,2+19,real,detected_uncorrectable,beyond_path_level_capability,0,PASS
SUPP-CONC-V1-001,S1,same_path_double,1+9,2+19,imag,path2:corrected,single_path_confined_correctable,1,PASS
SUPP-CONC-V1-001,S1,cross_path_double,1+9,2+19,imag,detected_uncorrectable,beyond_path_level_capability,0,PASS
SUPP-CONC-V1-001,S1,same_path_double,1+9,19+1,real,path2:corrected,single_path_confined_correctable,1,PASS
SUPP-CONC-V1-001,S1,cross_path_double,1+9,19+1,real,detected_uncorrectable,beyond_path_level_capability,0,PASS
SUPP-CONC-V1-001,S1,same_path_double,1+9,19+1,imag,path2:corrected,single_path_confined_correctable,1,PASS
SUPP-CONC-V1-001,S1,cross_path_double,1+9,19+1,imag,detected_uncorrectable,beyond_path_level_capability,0,PASS
SUPP-CONC-V1-001,S1,same_path_double,1+10,2+21,real,path2:corrected,single_path_confined_correctable,1,PASS
SUPP-CONC-V1-001,S1,cross_path_double,1+10,2+21,real,detected_uncorrectable,beyond_path_level_capability,0,PASS
SUPP-CONC-V1-001,S1,same_path_double,1+10,2+21,imag,path2:corrected,single_path_confined_correctable,1,PASS
SUPP-CONC-V1-001,S1,cross_path_double,1+10,2+21,imag,detected_uncorrectable,beyond_path_level_capability,0,PASS
SUPP-CONC-V1-001,S1,same_path_double,1+10,19+3,real,path2:corrected,single_path_confined_correctable,1,PASS
SUPP-CONC-V1-001,S1,cross_path_double,1+10,19+3,real,detected_uncorrectable,beyond_path_level_capability,0,PASS
SUPP-CONC-V1-001,S1,same_path_double,1+10,19+3,imag,path2:corrected,single_path_confined_correctable,1,PASS
SUPP-CONC-V1-001,S1,cross_path_double,1+10,19+3,imag,detected_uncorrectable,beyond_path_level_capability,0,PASS
SUPP-CONC-V1-001,S1,same_path_double,2+3,4+7,real,path2:corrected,single_path_confined_correctable,1,PASS
SUPP-CONC-V1-001,S1,cross_path_double,2+3,4+7,real,detected_uncorrectable,beyond_path_level_capability,0,PASS
SUPP-CONC-V1-001,S1,same_path_double,2+3,4+7,imag,path2:corrected,single_path_confined_correctable,1,PASS
SUPP-CONC-V1-001,S1,cross_path_double,2+3,4+7,imag,detected_uncorrectable,beyond_path_level_capability,0,PASS
SUPP-CONC-V1-001,S1,same_path_double,2+3,21+24,real,path2:corrected,single_path_confined_correctable,1,PASS
SUPP-CONC-V1-001,S1,cross_path_double,2+3,21+24,real,detected_uncorrectable,beyond_path_level_capability,0,PASS
SUPP-CONC-V1-001,S1,same_path_double,2+3,21+24,imag,path2:corrected,single_path_confined_correctable,1,PASS
SUPP-CONC-V1-001,S1,cross_path_double,2+3,21+24,imag,detected_uncorrectable,beyond_path_level_capability,0,PASS
SUPP-CONC-V1-001,S1,same_path_double,2+4,4+9,real,path2:corrected,single_path_confined_correctable,1,PASS
SUPP-CONC-V1-001,S1,cross_path_double,2+4,4+9,real,detected_uncorrectable,beyond_path_level_capability,0,PASS
SUPP-CONC-V1-001,S1,same_path_double,2+4,4+9,imag,path2:corrected,single_path_confined_correctable,1,PASS
SUPP-CONC-V1-001,S1,cross_path_double,2+4,4+9,imag,detected_uncorrectable,beyond_path_level_capability,0,PASS
SUPP-CONC-V1-001,S1,same_path_double,2+4,21+26,real,path2:corrected,single_path_confined_correctable,1,PASS
SUPP-CONC-V1-001,S1,cross_path_double,2+4,21+26,real,detected_uncorrectable,beyond_path_level_capability,0,PASS
SUPP-CONC-V1-001,S1,same_path_double,2+4,21+26,imag,path2:corrected,single_path_confined_correctable,1,PASS
SUPP-CONC-V1-001,S1,cross_path_double,2+4,21+26,imag,detected_uncorrectable,beyond_path_level_capability,0,PASS
SUPP-CONC-V1-001,S1,same_path_double,2+5,4+11,real,path2:corrected,single_path_confined_correctable,1,PASS
SUPP-CONC-V1-001,S1,cross_path_double,2+5,4+11,real,detected_uncorrectable,beyond_path_level_capability,0,PASS
SUPP-CONC-V1-001,S1,same_path_double,2+5,4+11,imag,path2:corrected,single_path_confined_correctable,1,PASS
SUPP-CONC-V1-001,S1,cross_path_double,2+5,4+11,imag,detected_uncorrectable,beyond_path_level_capability,0,PASS
SUPP-CONC-V1-001,S1,same_path_double,2+5,21+28,real,path2:corrected,single_path_confined_correctable,1,PASS
SUPP-CONC-V1-001,S1,cross_path_double,2+5,21+28,real,detected_uncorrectable,beyond_path_level_capability,0,PASS
SUPP-CONC-V1-001,S1,same_path_double,2+5,21+28,imag,path2:corrected,single_path_confined_correctable,1,PASS
SUPP-CONC-V1-001,S1,cross_path_double,2+5,21+28,imag,detected_uncorrectable,beyond_path_level_capability,0,PASS
SUPP-CONC-V1-001,S1,same_path_double,2+6,4+13,real,path2:corrected,single_path_confined_correctable,1,PASS
SUPP-CONC-V1-001,S1,cross_path_double,2+6,4+13,real,detected_uncorrectable,beyond_path_level_capability,0,PASS
SUPP-CONC-V1-001,S1,same_path_double,2+6,4+13,imag,path2:corrected,single_path_confined_correctable,1,PASS
SUPP-CONC-V1-001,S1,cross_path_double,2+6,4+13,imag,detected_uncorrectable,beyond_path_level_capability,0,PASS
SUPP-CONC-V1-001,S1,same_path_double,2+6,21+30,real,path2:corrected,single_path_confined_correctable,1,PASS
SUPP-CONC-V1-001,S1,cross_path_double,2+6,21+30,real,detected_uncorrectable,beyond_path_level_capability,0,PASS
SUPP-CONC-V1-001,S1,same_path_double,2+6,21+30,imag,path2:corrected,single_path_confined_correctable,1,PASS
SUPP-CONC-V1-001,S1,cross_path_double,2+6,21+30,imag,detected_uncorrectable,beyond_path_level_capability,0,PASS
SUPP-CONC-V1-001,S1,same_path_double,2+7,4+15,real,path2:corrected,single_path_confined_correctable,1,PASS
SUPP-CONC-V1-001,S1,cross_path_double,2+7,4+15,real,detected_uncorrectable,beyond_path_level_capability,0,PASS
SUPP-CONC-V1-001,S1,same_path_double,2+7,4+15,imag,path2:corrected,single_path_confined_correctable,1,PASS
SUPP-CONC-V1-001,S1,cross_path_double,2+7,4+15,imag,detected_uncorrectable,beyond_path_level_capability,0,PASS
SUPP-CONC-V1-001,S1,same_path_double,2+7,21+32,real,path2:corrected,single_path_confined_correctable,1,PASS
SUPP-CONC-V1-001,S1,cross_path_double,2+7,21+32,real,detected_uncorrectable,beyond_path_level_capability,0,PASS
SUPP-CONC-V1-001,S1,same_path_double,2+7,21+32,imag,path2:corrected,single_path_confined_correctable,1,PASS
SUPP-CONC-V1-001,S1,cross_path_double,2+7,21+32,imag,detected_uncorrectable,beyond_path_level_capability,0,PASS
SUPP-CONC-V1-001,S1,same_path_double,2+8,4+17,real,path2:corrected,single_path_confined_correctable,1,PASS
SUPP-CONC-V1-001,S1,cross_path_double,2+8,4+17,real,detected_uncorrectable,beyond_path_level_capability,0,PASS
SUPP-CONC-V1-001,S1,same_path_double,2+8,4+17,imag,path2:corrected,single_path_confined_correctable,1,PASS
SUPP-CONC-V1-001,S1,cross_path_double,2+8,4+17,imag,detected_uncorrectable,beyond_path_level_capability,0,PASS
SUPP-CONC-V1-001,S1,same_path_double,2+8,21+34,real,path2:corrected,single_path_confined_correctable,1,PASS
SUPP-CONC-V1-001,S1,cross_path_double,2+8,21+34,real,detected_uncorrectable,beyond_path_level_capability,0,PASS
SUPP-CONC-V1-001,S1,same_path_double,2+8,21+34,imag,path2:corrected,single_path_confined_correctable,1,PASS
SUPP-CONC-V1-001,S1,cross_path_double,2+8,21+34,imag,detected_uncorrectable,beyond_path_level_capability,0,PASS
SUPP-CONC-V1-001,S1,same_path_double,2+9,4+19,real,path2:corrected,single_path_confined_correctable,1,PASS
SUPP-CONC-V1-001,S1,cross_path_double,2+9,4+19,real,detected_uncorrectable,beyond_path_level_capability,0,PASS
SUPP-CONC-V1-001,S1,same_path_double,2+9,4+19,imag,path2:corrected,single_path_confined_correctable,1,PASS
SUPP-CONC-V1-001,S1,cross_path_double,2+9,4+19,imag,detected_uncorrectable,beyond_path_level_capability,0,PASS
SUPP-CONC-V1-001,S1,same_path_double,2+9,21+1,real,path2:corrected,single_path_confined_correctable,1,PASS
SUPP-CONC-V1-001,S1,cross_path_double,2+9,21+1,real,detected_uncorrectable,beyond_path_level_capability,0,PASS
SUPP-CONC-V1-001,S1,same_path_double,2+9,21+1,imag,path2:corrected,single_path_confined_correctable,1,PASS
SUPP-CONC-V1-001,S1,cross_path_double,2+9,21+1,imag,detected_uncorrectable,beyond_path_level_capability,0,PASS
SUPP-CONC-V1-001,S1,same_path_double,2+10,4+21,real,path2:corrected,single_path_confined_correctable,1,PASS
SUPP-CONC-V1-001,S1,cross_path_double,2+10,4+21,real,detected_uncorrectable,beyond_path_level_capability,0,PASS
SUPP-CONC-V1-001,S1,same_path_double,2+10,4+21,imag,path2:corrected,single_path_confined_correctable,1,PASS
SUPP-CONC-V1-001,S1,cross_path_double,2+10,4+21,imag,detected_uncorrectable,beyond_path_level_capability,0,PASS
SUPP-CONC-V1-001,S1,same_path_double,2+10,21+3,real,path2:corrected,single_path_confined_correctable,1,PASS
SUPP-CONC-V1-001,S1,cross_path_double,2+10,21+3,real,detected_uncorrectable,beyond_path_level_capability,0,PASS
SUPP-CONC-V1-001,S1,same_path_double,2+10,21+3,imag,path2:corrected,single_path_confined_correctable,1,PASS
SUPP-CONC-V1-001,S1,cross_path_double,2+10,21+3,imag,detected_uncorrectable,beyond_path_level_capability,0,PASS
SUPP-CONC-V1-001,S1,same_path_double,3+4,6+9,real,path2:corrected,single_path_confined_correctable,1,PASS
SUPP-CONC-V1-001,S1,cross_path_double,3+4,6+9,real,detected_uncorrectable,beyond_path_level_capability,0,PASS
SUPP-CONC-V1-001,S1,same_path_double,3+4,6+9,imag,path2:corrected,single_path_confined_correctable,1,PASS
SUPP-CONC-V1-001,S1,cross_path_double,3+4,6+9,imag,detected_uncorrectable,beyond_path_level_capability,0,PASS
SUPP-CONC-V1-001,S1,same_path_double,3+4,23+26,real,path2:corrected,single_path_confined_correctable,1,PASS
SUPP-CONC-V1-001,S1,cross_path_double,3+4,23+26,real,detected_uncorrectable,beyond_path_level_capability,0,PASS
SUPP-CONC-V1-001,S1,same_path_double,3+4,23+26,imag,path2:corrected,single_path_confined_correctable,1,PASS
SUPP-CONC-V1-001,S1,cross_path_double,3+4,23+26,imag,detected_uncorrectable,beyond_path_level_capability,0,PASS
SUPP-CONC-V1-001,S1,same_path_double,3+5,6+11,real,path2:corrected,single_path_confined_correctable,1,PASS
SUPP-CONC-V1-001,S1,cross_path_double,3+5,6+11,real,detected_uncorrectable,beyond_path_level_capability,0,PASS
SUPP-CONC-V1-001,S1,same_path_double,3+5,6+11,imag,path2:corrected,single_path_confined_correctable,1,PASS
SUPP-CONC-V1-001,S1,cross_path_double,3+5,6+11,imag,detected_uncorrectable,beyond_path_level_capability,0,PASS
SUPP-CONC-V1-001,S1,same_path_double,3+5,23+28,real,path2:corrected,single_path_confined_correctable,1,PASS
SUPP-CONC-V1-001,S1,cross_path_double,3+5,23+28,real,detected_uncorrectable,beyond_path_level_capability,0,PASS
SUPP-CONC-V1-001,S1,same_path_double,3+5,23+28,imag,path2:corrected,single_path_confined_correctable,1,PASS
SUPP-CONC-V1-001,S1,cross_path_double,3+5,23+28,imag,detected_uncorrectable,beyond_path_level_capability,0,PASS
SUPP-CONC-V1-001,S1,same_path_double,3+6,6+13,real,path2:corrected,single_path_confined_correctable,1,PASS
SUPP-CONC-V1-001,S1,cross_path_double,3+6,6+13,real,detected_uncorrectable,beyond_path_level_capability,0,PASS
SUPP-CONC-V1-001,S1,same_path_double,3+6,6+13,imag,path2:corrected,single_path_confined_correctable,1,PASS
SUPP-CONC-V1-001,S1,cross_path_double,3+6,6+13,imag,detected_uncorrectable,beyond_path_level_capability,0,PASS
SUPP-CONC-V1-001,S1,same_path_double,3+6,23+30,real,path2:corrected,single_path_confined_correctable,1,PASS
SUPP-CONC-V1-001,S1,cross_path_double,3+6,23+30,real,detected_uncorrectable,beyond_path_level_capability,0,PASS
SUPP-CONC-V1-001,S1,same_path_double,3+6,23+30,imag,path2:corrected,single_path_confined_correctable,1,PASS
SUPP-CONC-V1-001,S1,cross_path_double,3+6,23+30,imag,detected_uncorrectable,beyond_path_level_capability,0,PASS
SUPP-CONC-V1-001,S1,same_path_double,3+7,6+15,real,path2:corrected,single_path_confined_correctable,1,PASS
SUPP-CONC-V1-001,S1,cross_path_double,3+7,6+15,real,detected_uncorrectable,beyond_path_level_capability,0,PASS
SUPP-CONC-V1-001,S1,same_path_double,3+7,6+15,imag,path2:corrected,single_path_confined_correctable,1,PASS
SUPP-CONC-V1-001,S1,cross_path_double,3+7,6+15,imag,detected_uncorrectable,beyond_path_level_capability,0,PASS
SUPP-CONC-V1-001,S1,same_path_double,3+7,23+32,real,path2:corrected,single_path_confined_correctable,1,PASS
SUPP-CONC-V1-001,S1,cross_path_double,3+7,23+32,real,detected_uncorrectable,beyond_path_level_capability,0,PASS
SUPP-CONC-V1-001,S1,same_path_double,3+7,23+32,imag,path2:corrected,single_path_confined_correctable,1,PASS
SUPP-CONC-V1-001,S1,cross_path_double,3+7,23+32,imag,detected_uncorrectable,beyond_path_level_capability,0,PASS
SUPP-CONC-V1-001,S1,same_path_double,3+8,6+17,real,path2:corrected,single_path_confined_correctable,1,PASS
SUPP-CONC-V1-001,S1,cross_path_double,3+8,6+17,real,detected_uncorrectable,beyond_path_level_capability,0,PASS
SUPP-CONC-V1-001,S1,same_path_double,3+8,6+17,imag,path2:corrected,single_path_confined_correctable,1,PASS
SUPP-CONC-V1-001,S1,cross_path_double,3+8,6+17,imag,detected_uncorrectable,beyond_path_level_capability,0,PASS
SUPP-CONC-V1-001,S1,same_path_double,3+8,23+34,real,path2:corrected,single_path_confined_correctable,1,PASS
SUPP-CONC-V1-001,S1,cross_path_double,3+8,23+34,real,detected_uncorrectable,beyond_path_level_capability,0,PASS
SUPP-CONC-V1-001,S1,same_path_double,3+8,23+34,imag,path2:corrected,single_path_confined_correctable,1,PASS
SUPP-CONC-V1-001,S1,cross_path_double,3+8,23+34,imag,detected_uncorrectable,beyond_path_level_capability,0,PASS
SUPP-CONC-V1-001,S1,same_path_double,3+9,6+19,real,path2:corrected,single_path_confined_correctable,1,PASS
SUPP-CONC-V1-001,S1,cross_path_double,3+9,6+19,real,detected_uncorrectable,beyond_path_level_capability,0,PASS
SUPP-CONC-V1-001,S1,same_path_double,3+9,6+19,imag,path2:corrected,single_path_confined_correctable,1,PASS
SUPP-CONC-V1-001,S1,cross_path_double,3+9,6+19,imag,detected_uncorrectable,beyond_path_level_capability,0,PASS
SUPP-CONC-V1-001,S1,same_path_double,3+9,23+1,real,path2:corrected,single_path_confined_correctable,1,PASS
SUPP-CONC-V1-001,S1,cross_path_double,3+9,23+1,real,detected_uncorrectable,beyond_path_level_capability,0,PASS
SUPP-CONC-V1-001,S1,same_path_double,3+9,23+1,imag,path2:corrected,single_path_confined_correctable,1,PASS
SUPP-CONC-V1-001,S1,cross_path_double,3+9,23+1,imag,detected_uncorrectable,beyond_path_level_capability,0,PASS
SUPP-CONC-V1-001,S1,same_path_double,3+10,6+21,real,path2:corrected,single_path_confined_correctable,1,PASS
SUPP-CONC-V1-001,S1,cross_path_double,3+10,6+21,real,detected_uncorrectable,beyond_path_level_capability,0,PASS
SUPP-CONC-V1-001,S1,same_path_double,3+10,6+21,imag,path2:corrected,single_path_confined_correctable,1,PASS
SUPP-CONC-V1-001,S1,cross_path_double,3+10,6+21,imag,detected_uncorrectable,beyond_path_level_capability,0,PASS
SUPP-CONC-V1-001,S1,same_path_double,3+10,23+3,real,path2:corrected,single_path_confined_correctable,1,PASS
SUPP-CONC-V1-001,S1,cross_path_double,3+10,23+3,real,detected_uncorrectable,beyond_path_level_capability,0,PASS
SUPP-CONC-V1-001,S1,same_path_double,3+10,23+3,imag,path2:corrected,single_path_confined_correctable,1,PASS
SUPP-CONC-V1-001,S1,cross_path_double,3+10,23+3,imag,detected_uncorrectable,beyond_path_level_capability,0,PASS
SUPP-CONC-V1-001,S1,same_path_double,4+5,8+11,real,path2:corrected,single_path_confined_correctable,1,PASS
SUPP-CONC-V1-001,S1,cross_path_double,4+5,8+11,real,detected_uncorrectable,beyond_path_level_capability,0,PASS
SUPP-CONC-V1-001,S1,same_path_double,4+5,8+11,imag,path2:corrected,single_path_confined_correctable,1,PASS
SUPP-CONC-V1-001,S1,cross_path_double,4+5,8+11,imag,detected_uncorrectable,beyond_path_level_capability,0,PASS
SUPP-CONC-V1-001,S1,same_path_double,4+5,25+28,real,path2:corrected,single_path_confined_correctable,1,PASS
SUPP-CONC-V1-001,S1,cross_path_double,4+5,25+28,real,detected_uncorrectable,beyond_path_level_capability,0,PASS
SUPP-CONC-V1-001,S1,same_path_double,4+5,25+28,imag,path2:corrected,single_path_confined_correctable,1,PASS
SUPP-CONC-V1-001,S1,cross_path_double,4+5,25+28,imag,detected_uncorrectable,beyond_path_level_capability,0,PASS
SUPP-CONC-V1-001,S1,same_path_double,4+6,8+13,real,path2:corrected,single_path_confined_correctable,1,PASS
SUPP-CONC-V1-001,S1,cross_path_double,4+6,8+13,real,detected_uncorrectable,beyond_path_level_capability,0,PASS
SUPP-CONC-V1-001,S1,same_path_double,4+6,8+13,imag,path2:corrected,single_path_confined_correctable,1,PASS
SUPP-CONC-V1-001,S1,cross_path_double,4+6,8+13,imag,detected_uncorrectable,beyond_path_level_capability,0,PASS
SUPP-CONC-V1-001,S1,same_path_double,4+6,25+30,real,path2:corrected,single_path_confined_correctable,1,PASS
SUPP-CONC-V1-001,S1,cross_path_double,4+6,25+30,real,detected_uncorrectable,beyond_path_level_capability,0,PASS
SUPP-CONC-V1-001,S1,same_path_double,4+6,25+30,imag,path2:corrected,single_path_confined_correctable,1,PASS
SUPP-CONC-V1-001,S1,cross_path_double,4+6,25+30,imag,detected_uncorrectable,beyond_path_level_capability,0,PASS
SUPP-CONC-V1-001,S1,same_path_double,4+7,8+15,real,path2:corrected,single_path_confined_correctable,1,PASS
SUPP-CONC-V1-001,S1,cross_path_double,4+7,8+15,real,detected_uncorrectable,beyond_path_level_capability,0,PASS
SUPP-CONC-V1-001,S1,same_path_double,4+7,8+15,imag,path2:corrected,single_path_confined_correctable,1,PASS
SUPP-CONC-V1-001,S1,cross_path_double,4+7,8+15,imag,detected_uncorrectable,beyond_path_level_capability,0,PASS
SUPP-CONC-V1-001,S1,same_path_double,4+7,25+32,real,path2:corrected,single_path_confined_correctable,1,PASS
SUPP-CONC-V1-001,S1,cross_path_double,4+7,25+32,real,detected_uncorrectable,beyond_path_level_capability,0,PASS
SUPP-CONC-V1-001,S1,same_path_double,4+7,25+32,imag,path2:corrected,single_path_confined_correctable,1,PASS
SUPP-CONC-V1-001,S1,cross_path_double,4+7,25+32,imag,detected_uncorrectable,beyond_path_level_capability,0,PASS
SUPP-CONC-V1-001,S1,same_path_double,4+8,8+17,real,path2:corrected,single_path_confined_correctable,1,PASS
SUPP-CONC-V1-001,S1,cross_path_double,4+8,8+17,real,detected_uncorrectable,beyond_path_level_capability,0,PASS
SUPP-CONC-V1-001,S1,same_path_double,4+8,8+17,imag,path2:corrected,single_path_confined_correctable,1,PASS
SUPP-CONC-V1-001,S1,cross_path_double,4+8,8+17,imag,detected_uncorrectable,beyond_path_level_capability,0,PASS
SUPP-CONC-V1-001,S1,same_path_double,4+8,25+34,real,path2:corrected,single_path_confined_correctable,1,PASS
SUPP-CONC-V1-001,S1,cross_path_double,4+8,25+34,real,detected_uncorrectable,beyond_path_level_capability,0,PASS
SUPP-CONC-V1-001,S1,same_path_double,4+8,25+34,imag,path2:corrected,single_path_confined_correctable,1,PASS
SUPP-CONC-V1-001,S1,cross_path_double,4+8,25+34,imag,detected_uncorrectable,beyond_path_level_capability,0,PASS
SUPP-CONC-V1-001,S1,same_path_double,4+9,8+19,real,path2:corrected,single_path_confined_correctable,1,PASS
SUPP-CONC-V1-001,S1,cross_path_double,4+9,8+19,real,detected_uncorrectable,beyond_path_level_capability,0,PASS
SUPP-CONC-V1-001,S1,same_path_double,4+9,8+19,imag,path2:corrected,single_path_confined_correctable,1,PASS
SUPP-CONC-V1-001,S1,cross_path_double,4+9,8+19,imag,detected_uncorrectable,beyond_path_level_capability,0,PASS
SUPP-CONC-V1-001,S1,same_path_double,4+9,25+1,real,path2:corrected,single_path_confined_correctable,1,PASS
SUPP-CONC-V1-001,S1,cross_path_double,4+9,25+1,real,detected_uncorrectable,beyond_path_level_capability,0,PASS
SUPP-CONC-V1-001,S1,same_path_double,4+9,25+1,imag,path2:corrected,single_path_confined_correctable,1,PASS
SUPP-CONC-V1-001,S1,cross_path_double,4+9,25+1,imag,detected_uncorrectable,beyond_path_level_capability,0,PASS
SUPP-CONC-V1-001,S1,same_path_double,4+10,8+21,real,path2:corrected,single_path_confined_correctable,1,PASS
SUPP-CONC-V1-001,S1,cross_path_double,4+10,8+21,real,detected_uncorrectable,beyond_path_level_capability,0,PASS
SUPP-CONC-V1-001,S1,same_path_double,4+10,8+21,imag,path2:corrected,single_path_confined_correctable,1,PASS
SUPP-CONC-V1-001,S1,cross_path_double,4+10,8+21,imag,detected_uncorrectable,beyond_path_level_capability,0,PASS
SUPP-CONC-V1-001,S1,same_path_double,4+10,25+3,real,path2:corrected,single_path_confined_correctable,1,PASS
SUPP-CONC-V1-001,S1,cross_path_double,4+10,25+3,real,detected_uncorrectable,beyond_path_level_capability,0,PASS
SUPP-CONC-V1-001,S1,same_path_double,4+10,25+3,imag,path2:corrected,single_path_confined_correctable,1,PASS
SUPP-CONC-V1-001,S1,cross_path_double,4+10,25+3,imag,detected_uncorrectable,beyond_path_level_capability,0,PASS
SUPP-CONC-V1-001,S1,same_path_double,5+6,10+13,real,path2:corrected,single_path_confined_correctable,1,PASS
SUPP-CONC-V1-001,S1,cross_path_double,5+6,10+13,real,detected_uncorrectable,beyond_path_level_capability,0,PASS
SUPP-CONC-V1-001,S1,same_path_double,5+6,10+13,imag,path2:corrected,single_path_confined_correctable,1,PASS
SUPP-CONC-V1-001,S1,cross_path_double,5+6,10+13,imag,detected_uncorrectable,beyond_path_level_capability,0,PASS
SUPP-CONC-V1-001,S1,same_path_double,5+6,27+30,real,path2:corrected,single_path_confined_correctable,1,PASS
SUPP-CONC-V1-001,S1,cross_path_double,5+6,27+30,real,detected_uncorrectable,beyond_path_level_capability,0,PASS
SUPP-CONC-V1-001,S1,same_path_double,5+6,27+30,imag,path2:corrected,single_path_confined_correctable,1,PASS
SUPP-CONC-V1-001,S1,cross_path_double,5+6,27+30,imag,detected_uncorrectable,beyond_path_level_capability,0,PASS
SUPP-CONC-V1-001,S1,same_path_double,5+7,10+15,real,path2:corrected,single_path_confined_correctable,1,PASS
SUPP-CONC-V1-001,S1,cross_path_double,5+7,10+15,real,detected_uncorrectable,beyond_path_level_capability,0,PASS
SUPP-CONC-V1-001,S1,same_path_double,5+7,10+15,imag,path2:corrected,single_path_confined_correctable,1,PASS
SUPP-CONC-V1-001,S1,cross_path_double,5+7,10+15,imag,detected_uncorrectable,beyond_path_level_capability,0,PASS
SUPP-CONC-V1-001,S1,same_path_double,5+7,27+32,real,path2:corrected,single_path_confined_correctable,1,PASS
SUPP-CONC-V1-001,S1,cross_path_double,5+7,27+32,real,detected_uncorrectable,beyond_path_level_capability,0,PASS
SUPP-CONC-V1-001,S1,same_path_double,5+7,27+32,imag,path2:corrected,single_path_confined_correctable,1,PASS
SUPP-CONC-V1-001,S1,cross_path_double,5+7,27+32,imag,detected_uncorrectable,beyond_path_level_capability,0,PASS
SUPP-CONC-V1-001,S1,same_path_double,5+8,10+17,real,path2:corrected,single_path_confined_correctable,1,PASS
SUPP-CONC-V1-001,S1,cross_path_double,5+8,10+17,real,detected_uncorrectable,beyond_path_level_capability,0,PASS
SUPP-CONC-V1-001,S1,same_path_double,5+8,10+17,imag,path2:corrected,single_path_confined_correctable,1,PASS
SUPP-CONC-V1-001,S1,cross_path_double,5+8,10+17,imag,detected_uncorrectable,beyond_path_level_capability,0,PASS
SUPP-CONC-V1-001,S1,same_path_double,5+8,27+34,real,path2:corrected,single_path_confined_correctable,1,PASS
SUPP-CONC-V1-001,S1,cross_path_double,5+8,27+34,real,detected_uncorrectable,beyond_path_level_capability,0,PASS
SUPP-CONC-V1-001,S1,same_path_double,5+8,27+34,imag,path2:corrected,single_path_confined_correctable,1,PASS
SUPP-CONC-V1-001,S1,cross_path_double,5+8,27+34,imag,detected_uncorrectable,beyond_path_level_capability,0,PASS
SUPP-CONC-V1-001,S1,same_path_double,5+9,10+19,real,path2:corrected,single_path_confined_correctable,1,PASS
SUPP-CONC-V1-001,S1,cross_path_double,5+9,10+19,real,detected_uncorrectable,beyond_path_level_capability,0,PASS
SUPP-CONC-V1-001,S1,same_path_double,5+9,10+19,imag,path2:corrected,single_path_confined_correctable,1,PASS
SUPP-CONC-V1-001,S1,cross_path_double,5+9,10+19,imag,detected_uncorrectable,beyond_path_level_capability,0,PASS
SUPP-CONC-V1-001,S1,same_path_double,5+9,27+1,real,path2:corrected,single_path_confined_correctable,1,PASS
SUPP-CONC-V1-001,S1,cross_path_double,5+9,27+1,real,detected_uncorrectable,beyond_path_level_capability,0,PASS
SUPP-CONC-V1-001,S1,same_path_double,5+9,27+1,imag,path2:corrected,single_path_confined_correctable,1,PASS
SUPP-CONC-V1-001,S1,cross_path_double,5+9,27+1,imag,detected_uncorrectable,beyond_path_level_capability,0,PASS
SUPP-CONC-V1-001,S1,same_path_double,5+10,10+21,real,path2:corrected,single_path_confined_correctable,1,PASS
SUPP-CONC-V1-001,S1,cross_path_double,5+10,10+21,real,detected_uncorrectable,beyond_path_level_capability,0,PASS
SUPP-CONC-V1-001,S1,same_path_double,5+10,10+21,imag,path2:corrected,single_path_confined_correctable,1,PASS
SUPP-CONC-V1-001,S1,cross_path_double,5+10,10+21,imag,detected_uncorrectable,beyond_path_level_capability,0,PASS
SUPP-CONC-V1-001,S1,same_path_double,5+10,27+3,real,path2:corrected,single_path_confined_correctable,1,PASS
SUPP-CONC-V1-001,S1,cross_path_double,5+10,27+3,real,detected_uncorrectable,beyond_path_level_capability,0,PASS
SUPP-CONC-V1-001,S1,same_path_double,5+10,27+3,imag,path2:corrected,single_path_confined_correctable,1,PASS
SUPP-CONC-V1-001,S1,cross_path_double,5+10,27+3,imag,detected_uncorrectable,beyond_path_level_capability,0,PASS
SUPP-CONC-V1-001,S1,same_path_double,6+7,12+15,real,path2:corrected,single_path_confined_correctable,1,PASS
SUPP-CONC-V1-001,S1,cross_path_double,6+7,12+15,real,detected_uncorrectable,beyond_path_level_capability,0,PASS
SUPP-CONC-V1-001,S1,same_path_double,6+7,12+15,imag,path2:corrected,single_path_confined_correctable,1,PASS
SUPP-CONC-V1-001,S1,cross_path_double,6+7,12+15,imag,detected_uncorrectable,beyond_path_level_capability,0,PASS
SUPP-CONC-V1-001,S1,same_path_double,6+7,29+32,real,path2:corrected,single_path_confined_correctable,1,PASS
SUPP-CONC-V1-001,S1,cross_path_double,6+7,29+32,real,detected_uncorrectable,beyond_path_level_capability,0,PASS
SUPP-CONC-V1-001,S1,same_path_double,6+7,29+32,imag,path2:corrected,single_path_confined_correctable,1,PASS
SUPP-CONC-V1-001,S1,cross_path_double,6+7,29+32,imag,detected_uncorrectable,beyond_path_level_capability,0,PASS
SUPP-CONC-V1-001,S1,same_path_double,6+8,12+17,real,path2:corrected,single_path_confined_correctable,1,PASS
SUPP-CONC-V1-001,S1,cross_path_double,6+8,12+17,real,detected_uncorrectable,beyond_path_level_capability,0,PASS
SUPP-CONC-V1-001,S1,same_path_double,6+8,12+17,imag,path2:corrected,single_path_confined_correctable,1,PASS
SUPP-CONC-V1-001,S1,cross_path_double,6+8,12+17,imag,detected_uncorrectable,beyond_path_level_capability,0,PASS
SUPP-CONC-V1-001,S1,same_path_double,6+8,29+34,real,path2:corrected,single_path_confined_correctable,1,PASS
SUPP-CONC-V1-001,S1,cross_path_double,6+8,29+34,real,detected_uncorrectable,beyond_path_level_capability,0,PASS
SUPP-CONC-V1-001,S1,same_path_double,6+8,29+34,imag,path2:corrected,single_path_confined_correctable,1,PASS
SUPP-CONC-V1-001,S1,cross_path_double,6+8,29+34,imag,detected_uncorrectable,beyond_path_level_capability,0,PASS
SUPP-CONC-V1-001,S1,same_path_double,6+9,12+19,real,path2:corrected,single_path_confined_correctable,1,PASS
SUPP-CONC-V1-001,S1,cross_path_double,6+9,12+19,real,detected_uncorrectable,beyond_path_level_capability,0,PASS
SUPP-CONC-V1-001,S1,same_path_double,6+9,12+19,imag,path2:corrected,single_path_confined_correctable,1,PASS
SUPP-CONC-V1-001,S1,cross_path_double,6+9,12+19,imag,detected_uncorrectable,beyond_path_level_capability,0,PASS
SUPP-CONC-V1-001,S1,same_path_double,6+9,29+1,real,path2:corrected,single_path_confined_correctable,1,PASS
SUPP-CONC-V1-001,S1,cross_path_double,6+9,29+1,real,detected_uncorrectable,beyond_path_level_capability,0,PASS
SUPP-CONC-V1-001,S1,same_path_double,6+9,29+1,imag,path2:corrected,single_path_confined_correctable,1,PASS
SUPP-CONC-V1-001,S1,cross_path_double,6+9,29+1,imag,detected_uncorrectable,beyond_path_level_capability,0,PASS
SUPP-CONC-V1-001,S1,same_path_double,6+10,12+21,real,path2:corrected,single_path_confined_correctable,1,PASS
SUPP-CONC-V1-001,S1,cross_path_double,6+10,12+21,real,detected_uncorrectable,beyond_path_level_capability,0,PASS
SUPP-CONC-V1-001,S1,same_path_double,6+10,12+21,imag,path2:corrected,single_path_confined_correctable,1,PASS
SUPP-CONC-V1-001,S1,cross_path_double,6+10,12+21,imag,detected_uncorrectable,beyond_path_level_capability,0,PASS
SUPP-CONC-V1-001,S1,same_path_double,6+10,29+3,real,path2:corrected,single_path_confined_correctable,1,PASS
SUPP-CONC-V1-001,S1,cross_path_double,6+10,29+3,real,detected_uncorrectable,beyond_path_level_capability,0,PASS
SUPP-CONC-V1-001,S1,same_path_double,6+10,29+3,imag,path2:corrected,single_path_confined_correctable,1,PASS
SUPP-CONC-V1-001,S1,cross_path_double,6+10,29+3,imag,detected_uncorrectable,beyond_path_level_capability,0,PASS
SUPP-CONC-V1-001,S1,same_path_double,7+8,14+17,real,path2:corrected,single_path_confined_correctable,1,PASS
SUPP-CONC-V1-001,S1,cross_path_double,7+8,14+17,real,detected_uncorrectable,beyond_path_level_capability,0,PASS
SUPP-CONC-V1-001,S1,same_path_double,7+8,14+17,imag,path2:corrected,single_path_confined_correctable,1,PASS
SUPP-CONC-V1-001,S1,cross_path_double,7+8,14+17,imag,detected_uncorrectable,beyond_path_level_capability,0,PASS
SUPP-CONC-V1-001,S1,same_path_double,7+8,31+34,real,path2:corrected,single_path_confined_correctable,1,PASS
SUPP-CONC-V1-001,S1,cross_path_double,7+8,31+34,real,detected_uncorrectable,beyond_path_level_capability,0,PASS
SUPP-CONC-V1-001,S1,same_path_double,7+8,31+34,imag,path2:corrected,single_path_confined_correctable,1,PASS
SUPP-CONC-V1-001,S1,cross_path_double,7+8,31+34,imag,detected_uncorrectable,beyond_path_level_capability,0,PASS
SUPP-CONC-V1-001,S1,same_path_double,7+9,14+19,real,path2:corrected,single_path_confined_correctable,1,PASS
SUPP-CONC-V1-001,S1,cross_path_double,7+9,14+19,real,detected_uncorrectable,beyond_path_level_capability,0,PASS
SUPP-CONC-V1-001,S1,same_path_double,7+9,14+19,imag,path2:corrected,single_path_confined_correctable,1,PASS
SUPP-CONC-V1-001,S1,cross_path_double,7+9,14+19,imag,detected_uncorrectable,beyond_path_level_capability,0,PASS
SUPP-CONC-V1-001,S1,same_path_double,7+9,31+1,real,path2:corrected,single_path_confined_correctable,1,PASS
SUPP-CONC-V1-001,S1,cross_path_double,7+9,31+1,real,detected_uncorrectable,beyond_path_level_capability,0,PASS
SUPP-CONC-V1-001,S1,same_path_double,7+9,31+1,imag,path2:corrected,single_path_confined_correctable,1,PASS
SUPP-CONC-V1-001,S1,cross_path_double,7+9,31+1,imag,detected_uncorrectable,beyond_path_level_capability,0,PASS
SUPP-CONC-V1-001,S1,same_path_double,7+10,14+21,real,path2:corrected,single_path_confined_correctable,1,PASS
SUPP-CONC-V1-001,S1,cross_path_double,7+10,14+21,real,detected_uncorrectable,beyond_path_level_capability,0,PASS
SUPP-CONC-V1-001,S1,same_path_double,7+10,14+21,imag,path2:corrected,single_path_confined_correctable,1,PASS
SUPP-CONC-V1-001,S1,cross_path_double,7+10,14+21,imag,detected_uncorrectable,beyond_path_level_capability,0,PASS
SUPP-CONC-V1-001,S1,same_path_double,7+10,31+3,real,path2:corrected,single_path_confined_correctable,1,PASS
SUPP-CONC-V1-001,S1,cross_path_double,7+10,31+3,real,detected_uncorrectable,beyond_path_level_capability,0,PASS
SUPP-CONC-V1-001,S1,same_path_double,7+10,31+3,imag,path2:corrected,single_path_confined_correctable,1,PASS
SUPP-CONC-V1-001,S1,cross_path_double,7+10,31+3,imag,detected_uncorrectable,beyond_path_level_capability,0,PASS
SUPP-CONC-V1-001,S1,same_path_double,8+9,16+19,real,path2:corrected,single_path_confined_correctable,1,PASS
SUPP-CONC-V1-001,S1,cross_path_double,8+9,16+19,real,detected_uncorrectable,beyond_path_level_capability,0,PASS
SUPP-CONC-V1-001,S1,same_path_double,8+9,16+19,imag,path2:corrected,single_path_confined_correctable,1,PASS
SUPP-CONC-V1-001,S1,cross_path_double,8+9,16+19,imag,detected_uncorrectable,beyond_path_level_capability,0,PASS
SUPP-CONC-V1-001,S1,same_path_double,8+9,33+1,real,path2:corrected,single_path_confined_correctable,1,PASS
SUPP-CONC-V1-001,S1,cross_path_double,8+9,33+1,real,detected_uncorrectable,beyond_path_level_capability,0,PASS
SUPP-CONC-V1-001,S1,same_path_double,8+9,33+1,imag,path2:corrected,single_path_confined_correctable,1,PASS
SUPP-CONC-V1-001,S1,cross_path_double,8+9,33+1,imag,detected_uncorrectable,beyond_path_level_capability,0,PASS
SUPP-CONC-V1-001,S1,same_path_double,8+10,16+21,real,path2:corrected,single_path_confined_correctable,1,PASS
SUPP-CONC-V1-001,S1,cross_path_double,8+10,16+21,real,detected_uncorrectable,beyond_path_level_capability,0,PASS
SUPP-CONC-V1-001,S1,same_path_double,8+10,16+21,imag,path2:corrected,single_path_confined_correctable,1,PASS
SUPP-CONC-V1-001,S1,cross_path_double,8+10,16+21,imag,detected_uncorrectable,beyond_path_level_capability,0,PASS
SUPP-CONC-V1-001,S1,same_path_double,8+10,33+3,real,path2:corrected,single_path_confined_correctable,1,PASS
SUPP-CONC-V1-001,S1,cross_path_double,8+10,33+3,real,detected_uncorrectable,beyond_path_level_capability,0,PASS
SUPP-CONC-V1-001,S1,same_path_double,8+10,33+3,imag,path2:corrected,single_path_confined_correctable,1,PASS
SUPP-CONC-V1-001,S1,cross_path_double,8+10,33+3,imag,detected_uncorrectable,beyond_path_level_capability,0,PASS
SUPP-CONC-V1-001,S1,same_path_double,9+10,18+21,real,path2:corrected,single_path_confined_correctable,1,PASS
SUPP-CONC-V1-001,S1,cross_path_double,9+10,18+21,real,detected_uncorrectable,beyond_path_level_capability,0,PASS
SUPP-CONC-V1-001,S1,same_path_double,9+10,18+21,imag,path2:corrected,single_path_confined_correctable,1,PASS
SUPP-CONC-V1-001,S1,cross_path_double,9+10,18+21,imag,detected_uncorrectable,beyond_path_level_capability,0,PASS
SUPP-CONC-V1-001,S1,same_path_double,9+10,0+3,real,path2:corrected,single_path_confined_correctable,1,PASS
SUPP-CONC-V1-001,S1,cross_path_double,9+10,0+3,real,detected_uncorrectable,beyond_path_level_capability,0,PASS
SUPP-CONC-V1-001,S1,same_path_double,9+10,0+3,imag,path2:corrected,single_path_confined_correctable,1,PASS
SUPP-CONC-V1-001,S1,cross_path_double,9+10,0+3,imag,detected_uncorrectable,beyond_path_level_capability,0,PASS
SUPP-CONC-V1-001,S2,stage_pair,1+2,0,real,tmr:rep1:ok;tmr:rep2:ok,concurrent_in_model_all_recovered,1,PASS
SUPP-CONC-V1-001,S2,stage_pair,1+2,0,imag,tmr:rep1:ok;tmr:rep2:ok,concurrent_in_model_all_recovered,1,PASS
SUPP-CONC-V1-001,S2,stage_pair,1+2,34,real,tmr:rep1:ok;tmr:rep2:ok,concurrent_in_model_all_recovered,1,PASS
SUPP-CONC-V1-001,S2,stage_pair,1+2,34,imag,tmr:rep1:ok;tmr:rep2:ok,concurrent_in_model_all_recovered,1,PASS
SUPP-CONC-V1-001,S2,stage_pair,1+3,0,real,tmr:rep1:ok;tmr:rep0:ok,concurrent_in_model_all_recovered,1,PASS
SUPP-CONC-V1-001,S2,stage_pair,1+3,0,imag,tmr:rep1:ok;tmr:rep0:ok,concurrent_in_model_all_recovered,1,PASS
SUPP-CONC-V1-001,S2,stage_pair,1+3,34,real,tmr:rep1:ok;tmr:rep0:ok,concurrent_in_model_all_recovered,1,PASS
SUPP-CONC-V1-001,S2,stage_pair,1+3,34,imag,tmr:rep1:ok;tmr:rep0:ok,concurrent_in_model_all_recovered,1,PASS
SUPP-CONC-V1-001,S2,stage_pair,1+4,0,real,tmr:rep1:ok;tmr:rep1:ok,concurrent_in_model_all_recovered,1,PASS
SUPP-CONC-V1-001,S2,stage_pair,1+4,0,imag,tmr:rep1:ok;tmr:rep1:ok,concurrent_in_model_all_recovered,1,PASS
SUPP-CONC-V1-001,S2,stage_pair,1+4,34,real,tmr:rep1:ok;tmr:rep1:ok,concurrent_in_model_all_recovered,1,PASS
SUPP-CONC-V1-001,S2,stage_pair,1+4,34,imag,tmr:rep1:ok;tmr:rep1:ok,concurrent_in_model_all_recovered,1,PASS
SUPP-CONC-V1-001,S2,stage_pair,1+5,0,real,tmr:rep1:ok;tmr:rep2:ok,concurrent_in_model_all_recovered,1,PASS
SUPP-CONC-V1-001,S2,stage_pair,1+5,0,imag,tmr:rep1:ok;tmr:rep2:ok,concurrent_in_model_all_recovered,1,PASS
SUPP-CONC-V1-001,S2,stage_pair,1+5,34,real,tmr:rep1:ok;tmr:rep2:ok,concurrent_in_model_all_recovered,1,PASS
SUPP-CONC-V1-001,S2,stage_pair,1+5,34,imag,tmr:rep1:ok;tmr:rep2:ok,concurrent_in_model_all_recovered,1,PASS
SUPP-CONC-V1-001,S2,stage_pair,1+6,0,real,tmr:rep1:ok;tmr:rep0:ok,concurrent_in_model_all_recovered,1,PASS
SUPP-CONC-V1-001,S2,stage_pair,1+6,0,imag,tmr:rep1:ok;tmr:rep0:ok,concurrent_in_model_all_recovered,1,PASS
SUPP-CONC-V1-001,S2,stage_pair,1+6,34,real,tmr:rep1:ok;tmr:rep0:ok,concurrent_in_model_all_recovered,1,PASS
SUPP-CONC-V1-001,S2,stage_pair,1+6,34,imag,tmr:rep1:ok;tmr:rep0:ok,concurrent_in_model_all_recovered,1,PASS
SUPP-CONC-V1-001,S2,stage_pair,1+7,0,real,tmr:rep1:ok;tmr:rep1:ok,concurrent_in_model_all_recovered,1,PASS
SUPP-CONC-V1-001,S2,stage_pair,1+7,0,imag,tmr:rep1:ok;tmr:rep1:ok,concurrent_in_model_all_recovered,1,PASS
SUPP-CONC-V1-001,S2,stage_pair,1+7,34,real,tmr:rep1:ok;tmr:rep1:ok,concurrent_in_model_all_recovered,1,PASS
SUPP-CONC-V1-001,S2,stage_pair,1+7,34,imag,tmr:rep1:ok;tmr:rep1:ok,concurrent_in_model_all_recovered,1,PASS
SUPP-CONC-V1-001,S2,stage_pair,1+8,0,real,tmr:rep1:ok;tmr:rep2:ok,concurrent_in_model_all_recovered,1,PASS
SUPP-CONC-V1-001,S2,stage_pair,1+8,0,imag,tmr:rep1:ok;tmr:rep2:ok,concurrent_in_model_all_recovered,1,PASS
SUPP-CONC-V1-001,S2,stage_pair,1+8,34,real,tmr:rep1:ok;tmr:rep2:ok,concurrent_in_model_all_recovered,1,PASS
SUPP-CONC-V1-001,S2,stage_pair,1+8,34,imag,tmr:rep1:ok;tmr:rep2:ok,concurrent_in_model_all_recovered,1,PASS
SUPP-CONC-V1-001,S2,stage_pair,1+9,0,real,tmr:rep1:ok;tmr:rep0:ok,concurrent_in_model_all_recovered,1,PASS
SUPP-CONC-V1-001,S2,stage_pair,1+9,0,imag,tmr:rep1:ok;tmr:rep0:ok,concurrent_in_model_all_recovered,1,PASS
SUPP-CONC-V1-001,S2,stage_pair,1+9,34,real,tmr:rep1:ok;tmr:rep0:ok,concurrent_in_model_all_recovered,1,PASS
SUPP-CONC-V1-001,S2,stage_pair,1+9,34,imag,tmr:rep1:ok;tmr:rep0:ok,concurrent_in_model_all_recovered,1,PASS
SUPP-CONC-V1-001,S2,stage_pair,1+10,0,real,tmr:rep1:ok;tmr:rep1:ok,concurrent_in_model_all_recovered,1,PASS
SUPP-CONC-V1-001,S2,stage_pair,1+10,0,imag,tmr:rep1:ok;tmr:rep1:ok,concurrent_in_model_all_recovered,1,PASS
SUPP-CONC-V1-001,S2,stage_pair,1+10,34,real,tmr:rep1:ok;tmr:rep1:ok,concurrent_in_model_all_recovered,1,PASS
SUPP-CONC-V1-001,S2,stage_pair,1+10,34,imag,tmr:rep1:ok;tmr:rep1:ok,concurrent_in_model_all_recovered,1,PASS
SUPP-CONC-V1-001,S2,stage_pair,2+3,0,real,tmr:rep2:ok;tmr:rep0:ok,concurrent_in_model_all_recovered,1,PASS
SUPP-CONC-V1-001,S2,stage_pair,2+3,0,imag,tmr:rep2:ok;tmr:rep0:ok,concurrent_in_model_all_recovered,1,PASS
SUPP-CONC-V1-001,S2,stage_pair,2+3,34,real,tmr:rep2:ok;tmr:rep0:ok,concurrent_in_model_all_recovered,1,PASS
SUPP-CONC-V1-001,S2,stage_pair,2+3,34,imag,tmr:rep2:ok;tmr:rep0:ok,concurrent_in_model_all_recovered,1,PASS
SUPP-CONC-V1-001,S2,stage_pair,2+4,0,real,tmr:rep2:ok;tmr:rep1:ok,concurrent_in_model_all_recovered,1,PASS
SUPP-CONC-V1-001,S2,stage_pair,2+4,0,imag,tmr:rep2:ok;tmr:rep1:ok,concurrent_in_model_all_recovered,1,PASS
SUPP-CONC-V1-001,S2,stage_pair,2+4,34,real,tmr:rep2:ok;tmr:rep1:ok,concurrent_in_model_all_recovered,1,PASS
SUPP-CONC-V1-001,S2,stage_pair,2+4,34,imag,tmr:rep2:ok;tmr:rep1:ok,concurrent_in_model_all_recovered,1,PASS
SUPP-CONC-V1-001,S2,stage_pair,2+5,0,real,tmr:rep2:ok;tmr:rep2:ok,concurrent_in_model_all_recovered,1,PASS
SUPP-CONC-V1-001,S2,stage_pair,2+5,0,imag,tmr:rep2:ok;tmr:rep2:ok,concurrent_in_model_all_recovered,1,PASS
SUPP-CONC-V1-001,S2,stage_pair,2+5,34,real,tmr:rep2:ok;tmr:rep2:ok,concurrent_in_model_all_recovered,1,PASS
SUPP-CONC-V1-001,S2,stage_pair,2+5,34,imag,tmr:rep2:ok;tmr:rep2:ok,concurrent_in_model_all_recovered,1,PASS
SUPP-CONC-V1-001,S2,stage_pair,2+6,0,real,tmr:rep2:ok;tmr:rep0:ok,concurrent_in_model_all_recovered,1,PASS
SUPP-CONC-V1-001,S2,stage_pair,2+6,0,imag,tmr:rep2:ok;tmr:rep0:ok,concurrent_in_model_all_recovered,1,PASS
SUPP-CONC-V1-001,S2,stage_pair,2+6,34,real,tmr:rep2:ok;tmr:rep0:ok,concurrent_in_model_all_recovered,1,PASS
SUPP-CONC-V1-001,S2,stage_pair,2+6,34,imag,tmr:rep2:ok;tmr:rep0:ok,concurrent_in_model_all_recovered,1,PASS
SUPP-CONC-V1-001,S2,stage_pair,2+7,0,real,tmr:rep2:ok;tmr:rep1:ok,concurrent_in_model_all_recovered,1,PASS
SUPP-CONC-V1-001,S2,stage_pair,2+7,0,imag,tmr:rep2:ok;tmr:rep1:ok,concurrent_in_model_all_recovered,1,PASS
SUPP-CONC-V1-001,S2,stage_pair,2+7,34,real,tmr:rep2:ok;tmr:rep1:ok,concurrent_in_model_all_recovered,1,PASS
SUPP-CONC-V1-001,S2,stage_pair,2+7,34,imag,tmr:rep2:ok;tmr:rep1:ok,concurrent_in_model_all_recovered,1,PASS
SUPP-CONC-V1-001,S2,stage_pair,2+8,0,real,tmr:rep2:ok;tmr:rep2:ok,concurrent_in_model_all_recovered,1,PASS
SUPP-CONC-V1-001,S2,stage_pair,2+8,0,imag,tmr:rep2:ok;tmr:rep2:ok,concurrent_in_model_all_recovered,1,PASS
SUPP-CONC-V1-001,S2,stage_pair,2+8,34,real,tmr:rep2:ok;tmr:rep2:ok,concurrent_in_model_all_recovered,1,PASS
SUPP-CONC-V1-001,S2,stage_pair,2+8,34,imag,tmr:rep2:ok;tmr:rep2:ok,concurrent_in_model_all_recovered,1,PASS
SUPP-CONC-V1-001,S2,stage_pair,2+9,0,real,tmr:rep2:ok;tmr:rep0:ok,concurrent_in_model_all_recovered,1,PASS
SUPP-CONC-V1-001,S2,stage_pair,2+9,0,imag,tmr:rep2:ok;tmr:rep0:ok,concurrent_in_model_all_recovered,1,PASS
SUPP-CONC-V1-001,S2,stage_pair,2+9,34,real,tmr:rep2:ok;tmr:rep0:ok,concurrent_in_model_all_recovered,1,PASS
SUPP-CONC-V1-001,S2,stage_pair,2+9,34,imag,tmr:rep2:ok;tmr:rep0:ok,concurrent_in_model_all_recovered,1,PASS
SUPP-CONC-V1-001,S2,stage_pair,2+10,0,real,tmr:rep2:ok;tmr:rep1:ok,concurrent_in_model_all_recovered,1,PASS
SUPP-CONC-V1-001,S2,stage_pair,2+10,0,imag,tmr:rep2:ok;tmr:rep1:ok,concurrent_in_model_all_recovered,1,PASS
SUPP-CONC-V1-001,S2,stage_pair,2+10,34,real,tmr:rep2:ok;tmr:rep1:ok,concurrent_in_model_all_recovered,1,PASS
SUPP-CONC-V1-001,S2,stage_pair,2+10,34,imag,tmr:rep2:ok;tmr:rep1:ok,concurrent_in_model_all_recovered,1,PASS
SUPP-CONC-V1-001,S2,stage_pair,3+4,0,real,tmr:rep0:ok;tmr:rep1:ok,concurrent_in_model_all_recovered,1,PASS
SUPP-CONC-V1-001,S2,stage_pair,3+4,0,imag,tmr:rep0:ok;tmr:rep1:ok,concurrent_in_model_all_recovered,1,PASS
SUPP-CONC-V1-001,S2,stage_pair,3+4,34,real,tmr:rep0:ok;tmr:rep1:ok,concurrent_in_model_all_recovered,1,PASS
SUPP-CONC-V1-001,S2,stage_pair,3+4,34,imag,tmr:rep0:ok;tmr:rep1:ok,concurrent_in_model_all_recovered,1,PASS
SUPP-CONC-V1-001,S2,stage_pair,3+5,0,real,tmr:rep0:ok;tmr:rep2:ok,concurrent_in_model_all_recovered,1,PASS
SUPP-CONC-V1-001,S2,stage_pair,3+5,0,imag,tmr:rep0:ok;tmr:rep2:ok,concurrent_in_model_all_recovered,1,PASS
SUPP-CONC-V1-001,S2,stage_pair,3+5,34,real,tmr:rep0:ok;tmr:rep2:ok,concurrent_in_model_all_recovered,1,PASS
SUPP-CONC-V1-001,S2,stage_pair,3+5,34,imag,tmr:rep0:ok;tmr:rep2:ok,concurrent_in_model_all_recovered,1,PASS
SUPP-CONC-V1-001,S2,stage_pair,3+6,0,real,tmr:rep0:ok;tmr:rep0:ok,concurrent_in_model_all_recovered,1,PASS
SUPP-CONC-V1-001,S2,stage_pair,3+6,0,imag,tmr:rep0:ok;tmr:rep0:ok,concurrent_in_model_all_recovered,1,PASS
SUPP-CONC-V1-001,S2,stage_pair,3+6,34,real,tmr:rep0:ok;tmr:rep0:ok,concurrent_in_model_all_recovered,1,PASS
SUPP-CONC-V1-001,S2,stage_pair,3+6,34,imag,tmr:rep0:ok;tmr:rep0:ok,concurrent_in_model_all_recovered,1,PASS
SUPP-CONC-V1-001,S2,stage_pair,3+7,0,real,tmr:rep0:ok;tmr:rep1:ok,concurrent_in_model_all_recovered,1,PASS
SUPP-CONC-V1-001,S2,stage_pair,3+7,0,imag,tmr:rep0:ok;tmr:rep1:ok,concurrent_in_model_all_recovered,1,PASS
SUPP-CONC-V1-001,S2,stage_pair,3+7,34,real,tmr:rep0:ok;tmr:rep1:ok,concurrent_in_model_all_recovered,1,PASS
SUPP-CONC-V1-001,S2,stage_pair,3+7,34,imag,tmr:rep0:ok;tmr:rep1:ok,concurrent_in_model_all_recovered,1,PASS
SUPP-CONC-V1-001,S2,stage_pair,3+8,0,real,tmr:rep0:ok;tmr:rep2:ok,concurrent_in_model_all_recovered,1,PASS
SUPP-CONC-V1-001,S2,stage_pair,3+8,0,imag,tmr:rep0:ok;tmr:rep2:ok,concurrent_in_model_all_recovered,1,PASS
SUPP-CONC-V1-001,S2,stage_pair,3+8,34,real,tmr:rep0:ok;tmr:rep2:ok,concurrent_in_model_all_recovered,1,PASS
SUPP-CONC-V1-001,S2,stage_pair,3+8,34,imag,tmr:rep0:ok;tmr:rep2:ok,concurrent_in_model_all_recovered,1,PASS
SUPP-CONC-V1-001,S2,stage_pair,3+9,0,real,tmr:rep0:ok;tmr:rep0:ok,concurrent_in_model_all_recovered,1,PASS
SUPP-CONC-V1-001,S2,stage_pair,3+9,0,imag,tmr:rep0:ok;tmr:rep0:ok,concurrent_in_model_all_recovered,1,PASS
SUPP-CONC-V1-001,S2,stage_pair,3+9,34,real,tmr:rep0:ok;tmr:rep0:ok,concurrent_in_model_all_recovered,1,PASS
SUPP-CONC-V1-001,S2,stage_pair,3+9,34,imag,tmr:rep0:ok;tmr:rep0:ok,concurrent_in_model_all_recovered,1,PASS
SUPP-CONC-V1-001,S2,stage_pair,3+10,0,real,tmr:rep0:ok;tmr:rep1:ok,concurrent_in_model_all_recovered,1,PASS
SUPP-CONC-V1-001,S2,stage_pair,3+10,0,imag,tmr:rep0:ok;tmr:rep1:ok,concurrent_in_model_all_recovered,1,PASS
SUPP-CONC-V1-001,S2,stage_pair,3+10,34,real,tmr:rep0:ok;tmr:rep1:ok,concurrent_in_model_all_recovered,1,PASS
SUPP-CONC-V1-001,S2,stage_pair,3+10,34,imag,tmr:rep0:ok;tmr:rep1:ok,concurrent_in_model_all_recovered,1,PASS
SUPP-CONC-V1-001,S2,stage_pair,4+5,0,real,tmr:rep1:ok;tmr:rep2:ok,concurrent_in_model_all_recovered,1,PASS
SUPP-CONC-V1-001,S2,stage_pair,4+5,0,imag,tmr:rep1:ok;tmr:rep2:ok,concurrent_in_model_all_recovered,1,PASS
SUPP-CONC-V1-001,S2,stage_pair,4+5,34,real,tmr:rep1:ok;tmr:rep2:ok,concurrent_in_model_all_recovered,1,PASS
SUPP-CONC-V1-001,S2,stage_pair,4+5,34,imag,tmr:rep1:ok;tmr:rep2:ok,concurrent_in_model_all_recovered,1,PASS
SUPP-CONC-V1-001,S2,stage_pair,4+6,0,real,tmr:rep1:ok;tmr:rep0:ok,concurrent_in_model_all_recovered,1,PASS
SUPP-CONC-V1-001,S2,stage_pair,4+6,0,imag,tmr:rep1:ok;tmr:rep0:ok,concurrent_in_model_all_recovered,1,PASS
SUPP-CONC-V1-001,S2,stage_pair,4+6,34,real,tmr:rep1:ok;tmr:rep0:ok,concurrent_in_model_all_recovered,1,PASS
SUPP-CONC-V1-001,S2,stage_pair,4+6,34,imag,tmr:rep1:ok;tmr:rep0:ok,concurrent_in_model_all_recovered,1,PASS
SUPP-CONC-V1-001,S2,stage_pair,4+7,0,real,tmr:rep1:ok;tmr:rep1:ok,concurrent_in_model_all_recovered,1,PASS
SUPP-CONC-V1-001,S2,stage_pair,4+7,0,imag,tmr:rep1:ok;tmr:rep1:ok,concurrent_in_model_all_recovered,1,PASS
SUPP-CONC-V1-001,S2,stage_pair,4+7,34,real,tmr:rep1:ok;tmr:rep1:ok,concurrent_in_model_all_recovered,1,PASS
SUPP-CONC-V1-001,S2,stage_pair,4+7,34,imag,tmr:rep1:ok;tmr:rep1:ok,concurrent_in_model_all_recovered,1,PASS
SUPP-CONC-V1-001,S2,stage_pair,4+8,0,real,tmr:rep1:ok;tmr:rep2:ok,concurrent_in_model_all_recovered,1,PASS
SUPP-CONC-V1-001,S2,stage_pair,4+8,0,imag,tmr:rep1:ok;tmr:rep2:ok,concurrent_in_model_all_recovered,1,PASS
SUPP-CONC-V1-001,S2,stage_pair,4+8,34,real,tmr:rep1:ok;tmr:rep2:ok,concurrent_in_model_all_recovered,1,PASS
SUPP-CONC-V1-001,S2,stage_pair,4+8,34,imag,tmr:rep1:ok;tmr:rep2:ok,concurrent_in_model_all_recovered,1,PASS
SUPP-CONC-V1-001,S2,stage_pair,4+9,0,real,tmr:rep1:ok;tmr:rep0:ok,concurrent_in_model_all_recovered,1,PASS
SUPP-CONC-V1-001,S2,stage_pair,4+9,0,imag,tmr:rep1:ok;tmr:rep0:ok,concurrent_in_model_all_recovered,1,PASS
SUPP-CONC-V1-001,S2,stage_pair,4+9,34,real,tmr:rep1:ok;tmr:rep0:ok,concurrent_in_model_all_recovered,1,PASS
SUPP-CONC-V1-001,S2,stage_pair,4+9,34,imag,tmr:rep1:ok;tmr:rep0:ok,concurrent_in_model_all_recovered,1,PASS
SUPP-CONC-V1-001,S2,stage_pair,4+10,0,real,tmr:rep1:ok;tmr:rep1:ok,concurrent_in_model_all_recovered,1,PASS
SUPP-CONC-V1-001,S2,stage_pair,4+10,0,imag,tmr:rep1:ok;tmr:rep1:ok,concurrent_in_model_all_recovered,1,PASS
SUPP-CONC-V1-001,S2,stage_pair,4+10,34,real,tmr:rep1:ok;tmr:rep1:ok,concurrent_in_model_all_recovered,1,PASS
SUPP-CONC-V1-001,S2,stage_pair,4+10,34,imag,tmr:rep1:ok;tmr:rep1:ok,concurrent_in_model_all_recovered,1,PASS
SUPP-CONC-V1-001,S2,stage_pair,5+6,0,real,tmr:rep2:ok;tmr:rep0:ok,concurrent_in_model_all_recovered,1,PASS
SUPP-CONC-V1-001,S2,stage_pair,5+6,0,imag,tmr:rep2:ok;tmr:rep0:ok,concurrent_in_model_all_recovered,1,PASS
SUPP-CONC-V1-001,S2,stage_pair,5+6,34,real,tmr:rep2:ok;tmr:rep0:ok,concurrent_in_model_all_recovered,1,PASS
SUPP-CONC-V1-001,S2,stage_pair,5+6,34,imag,tmr:rep2:ok;tmr:rep0:ok,concurrent_in_model_all_recovered,1,PASS
SUPP-CONC-V1-001,S2,stage_pair,5+7,0,real,tmr:rep2:ok;tmr:rep1:ok,concurrent_in_model_all_recovered,1,PASS
SUPP-CONC-V1-001,S2,stage_pair,5+7,0,imag,tmr:rep2:ok;tmr:rep1:ok,concurrent_in_model_all_recovered,1,PASS
SUPP-CONC-V1-001,S2,stage_pair,5+7,34,real,tmr:rep2:ok;tmr:rep1:ok,concurrent_in_model_all_recovered,1,PASS
SUPP-CONC-V1-001,S2,stage_pair,5+7,34,imag,tmr:rep2:ok;tmr:rep1:ok,concurrent_in_model_all_recovered,1,PASS
SUPP-CONC-V1-001,S2,stage_pair,5+8,0,real,tmr:rep2:ok;tmr:rep2:ok,concurrent_in_model_all_recovered,1,PASS
SUPP-CONC-V1-001,S2,stage_pair,5+8,0,imag,tmr:rep2:ok;tmr:rep2:ok,concurrent_in_model_all_recovered,1,PASS
SUPP-CONC-V1-001,S2,stage_pair,5+8,34,real,tmr:rep2:ok;tmr:rep2:ok,concurrent_in_model_all_recovered,1,PASS
SUPP-CONC-V1-001,S2,stage_pair,5+8,34,imag,tmr:rep2:ok;tmr:rep2:ok,concurrent_in_model_all_recovered,1,PASS
SUPP-CONC-V1-001,S2,stage_pair,5+9,0,real,tmr:rep2:ok;tmr:rep0:ok,concurrent_in_model_all_recovered,1,PASS
SUPP-CONC-V1-001,S2,stage_pair,5+9,0,imag,tmr:rep2:ok;tmr:rep0:ok,concurrent_in_model_all_recovered,1,PASS
SUPP-CONC-V1-001,S2,stage_pair,5+9,34,real,tmr:rep2:ok;tmr:rep0:ok,concurrent_in_model_all_recovered,1,PASS
SUPP-CONC-V1-001,S2,stage_pair,5+9,34,imag,tmr:rep2:ok;tmr:rep0:ok,concurrent_in_model_all_recovered,1,PASS
SUPP-CONC-V1-001,S2,stage_pair,5+10,0,real,tmr:rep2:ok;tmr:rep1:ok,concurrent_in_model_all_recovered,1,PASS
SUPP-CONC-V1-001,S2,stage_pair,5+10,0,imag,tmr:rep2:ok;tmr:rep1:ok,concurrent_in_model_all_recovered,1,PASS
SUPP-CONC-V1-001,S2,stage_pair,5+10,34,real,tmr:rep2:ok;tmr:rep1:ok,concurrent_in_model_all_recovered,1,PASS
SUPP-CONC-V1-001,S2,stage_pair,5+10,34,imag,tmr:rep2:ok;tmr:rep1:ok,concurrent_in_model_all_recovered,1,PASS
SUPP-CONC-V1-001,S2,stage_pair,6+7,0,real,tmr:rep0:ok;tmr:rep1:ok,concurrent_in_model_all_recovered,1,PASS
SUPP-CONC-V1-001,S2,stage_pair,6+7,0,imag,tmr:rep0:ok;tmr:rep1:ok,concurrent_in_model_all_recovered,1,PASS
SUPP-CONC-V1-001,S2,stage_pair,6+7,34,real,tmr:rep0:ok;tmr:rep1:ok,concurrent_in_model_all_recovered,1,PASS
SUPP-CONC-V1-001,S2,stage_pair,6+7,34,imag,tmr:rep0:ok;tmr:rep1:ok,concurrent_in_model_all_recovered,1,PASS
SUPP-CONC-V1-001,S2,stage_pair,6+8,0,real,tmr:rep0:ok;tmr:rep2:ok,concurrent_in_model_all_recovered,1,PASS
SUPP-CONC-V1-001,S2,stage_pair,6+8,0,imag,tmr:rep0:ok;tmr:rep2:ok,concurrent_in_model_all_recovered,1,PASS
SUPP-CONC-V1-001,S2,stage_pair,6+8,34,real,tmr:rep0:ok;tmr:rep2:ok,concurrent_in_model_all_recovered,1,PASS
SUPP-CONC-V1-001,S2,stage_pair,6+8,34,imag,tmr:rep0:ok;tmr:rep2:ok,concurrent_in_model_all_recovered,1,PASS
SUPP-CONC-V1-001,S2,stage_pair,6+9,0,real,tmr:rep0:ok;tmr:rep0:ok,concurrent_in_model_all_recovered,1,PASS
SUPP-CONC-V1-001,S2,stage_pair,6+9,0,imag,tmr:rep0:ok;tmr:rep0:ok,concurrent_in_model_all_recovered,1,PASS
SUPP-CONC-V1-001,S2,stage_pair,6+9,34,real,tmr:rep0:ok;tmr:rep0:ok,concurrent_in_model_all_recovered,1,PASS
SUPP-CONC-V1-001,S2,stage_pair,6+9,34,imag,tmr:rep0:ok;tmr:rep0:ok,concurrent_in_model_all_recovered,1,PASS
SUPP-CONC-V1-001,S2,stage_pair,6+10,0,real,tmr:rep0:ok;tmr:rep1:ok,concurrent_in_model_all_recovered,1,PASS
SUPP-CONC-V1-001,S2,stage_pair,6+10,0,imag,tmr:rep0:ok;tmr:rep1:ok,concurrent_in_model_all_recovered,1,PASS
SUPP-CONC-V1-001,S2,stage_pair,6+10,34,real,tmr:rep0:ok;tmr:rep1:ok,concurrent_in_model_all_recovered,1,PASS
SUPP-CONC-V1-001,S2,stage_pair,6+10,34,imag,tmr:rep0:ok;tmr:rep1:ok,concurrent_in_model_all_recovered,1,PASS
SUPP-CONC-V1-001,S2,stage_pair,7+8,0,real,tmr:rep1:ok;tmr:rep2:ok,concurrent_in_model_all_recovered,1,PASS
SUPP-CONC-V1-001,S2,stage_pair,7+8,0,imag,tmr:rep1:ok;tmr:rep2:ok,concurrent_in_model_all_recovered,1,PASS
SUPP-CONC-V1-001,S2,stage_pair,7+8,34,real,tmr:rep1:ok;tmr:rep2:ok,concurrent_in_model_all_recovered,1,PASS
SUPP-CONC-V1-001,S2,stage_pair,7+8,34,imag,tmr:rep1:ok;tmr:rep2:ok,concurrent_in_model_all_recovered,1,PASS
SUPP-CONC-V1-001,S2,stage_pair,7+9,0,real,tmr:rep1:ok;tmr:rep0:ok,concurrent_in_model_all_recovered,1,PASS
SUPP-CONC-V1-001,S2,stage_pair,7+9,0,imag,tmr:rep1:ok;tmr:rep0:ok,concurrent_in_model_all_recovered,1,PASS
SUPP-CONC-V1-001,S2,stage_pair,7+9,34,real,tmr:rep1:ok;tmr:rep0:ok,concurrent_in_model_all_recovered,1,PASS
SUPP-CONC-V1-001,S2,stage_pair,7+9,34,imag,tmr:rep1:ok;tmr:rep0:ok,concurrent_in_model_all_recovered,1,PASS
SUPP-CONC-V1-001,S2,stage_pair,7+10,0,real,tmr:rep1:ok;tmr:rep1:ok,concurrent_in_model_all_recovered,1,PASS
SUPP-CONC-V1-001,S2,stage_pair,7+10,0,imag,tmr:rep1:ok;tmr:rep1:ok,concurrent_in_model_all_recovered,1,PASS
SUPP-CONC-V1-001,S2,stage_pair,7+10,34,real,tmr:rep1:ok;tmr:rep1:ok,concurrent_in_model_all_recovered,1,PASS
SUPP-CONC-V1-001,S2,stage_pair,7+10,34,imag,tmr:rep1:ok;tmr:rep1:ok,concurrent_in_model_all_recovered,1,PASS
SUPP-CONC-V1-001,S2,stage_pair,8+9,0,real,tmr:rep2:ok;tmr:rep0:ok,concurrent_in_model_all_recovered,1,PASS
SUPP-CONC-V1-001,S2,stage_pair,8+9,0,imag,tmr:rep2:ok;tmr:rep0:ok,concurrent_in_model_all_recovered,1,PASS
SUPP-CONC-V1-001,S2,stage_pair,8+9,34,real,tmr:rep2:ok;tmr:rep0:ok,concurrent_in_model_all_recovered,1,PASS
SUPP-CONC-V1-001,S2,stage_pair,8+9,34,imag,tmr:rep2:ok;tmr:rep0:ok,concurrent_in_model_all_recovered,1,PASS
SUPP-CONC-V1-001,S2,stage_pair,8+10,0,real,tmr:rep2:ok;tmr:rep1:ok,concurrent_in_model_all_recovered,1,PASS
SUPP-CONC-V1-001,S2,stage_pair,8+10,0,imag,tmr:rep2:ok;tmr:rep1:ok,concurrent_in_model_all_recovered,1,PASS
SUPP-CONC-V1-001,S2,stage_pair,8+10,34,real,tmr:rep2:ok;tmr:rep1:ok,concurrent_in_model_all_recovered,1,PASS
SUPP-CONC-V1-001,S2,stage_pair,8+10,34,imag,tmr:rep2:ok;tmr:rep1:ok,concurrent_in_model_all_recovered,1,PASS
SUPP-CONC-V1-001,S2,stage_pair,9+10,0,real,tmr:rep0:ok;tmr:rep1:ok,concurrent_in_model_all_recovered,1,PASS
SUPP-CONC-V1-001,S2,stage_pair,9+10,0,imag,tmr:rep0:ok;tmr:rep1:ok,concurrent_in_model_all_recovered,1,PASS
SUPP-CONC-V1-001,S2,stage_pair,9+10,34,real,tmr:rep0:ok;tmr:rep1:ok,concurrent_in_model_all_recovered,1,PASS
SUPP-CONC-V1-001,S2,stage_pair,9+10,34,imag,tmr:rep0:ok;tmr:rep1:ok,concurrent_in_model_all_recovered,1,PASS
SUPP-CONC-V1-001,P2,stage_pair,1+2,0,real,tmr:rep1:ok;tmr:rep2:ok,concurrent_in_model_all_recovered,1,PASS
SUPP-CONC-V1-001,P2,stage_pair,1+2,0,imag,tmr:rep1:ok;tmr:rep2:ok,concurrent_in_model_all_recovered,1,PASS
SUPP-CONC-V1-001,P2,stage_pair,1+2,34,real,tmr:rep1:ok;tmr:rep2:ok,concurrent_in_model_all_recovered,1,PASS
SUPP-CONC-V1-001,P2,stage_pair,1+2,34,imag,tmr:rep1:ok;tmr:rep2:ok,concurrent_in_model_all_recovered,1,PASS
SUPP-CONC-V1-001,P2,stage_pair,1+3,0,real,tmr:rep1:ok;tmr:rep0:ok,concurrent_in_model_all_recovered,1,PASS
SUPP-CONC-V1-001,P2,stage_pair,1+3,0,imag,tmr:rep1:ok;tmr:rep0:ok,concurrent_in_model_all_recovered,1,PASS
SUPP-CONC-V1-001,P2,stage_pair,1+3,34,real,tmr:rep1:ok;tmr:rep0:ok,concurrent_in_model_all_recovered,1,PASS
SUPP-CONC-V1-001,P2,stage_pair,1+3,34,imag,tmr:rep1:ok;tmr:rep0:ok,concurrent_in_model_all_recovered,1,PASS
SUPP-CONC-V1-001,P2,stage_pair,1+4,0,real,tmr:rep1:ok;tmr:rep1:ok,concurrent_in_model_all_recovered,1,PASS
SUPP-CONC-V1-001,P2,stage_pair,1+4,0,imag,tmr:rep1:ok;tmr:rep1:ok,concurrent_in_model_all_recovered,1,PASS
SUPP-CONC-V1-001,P2,stage_pair,1+4,34,real,tmr:rep1:ok;tmr:rep1:ok,concurrent_in_model_all_recovered,1,PASS
SUPP-CONC-V1-001,P2,stage_pair,1+4,34,imag,tmr:rep1:ok;tmr:rep1:ok,concurrent_in_model_all_recovered,1,PASS
SUPP-CONC-V1-001,P2,stage_pair,1+5,0,real,tmr:rep1:ok;tmr:rep2:ok,concurrent_in_model_all_recovered,1,PASS
SUPP-CONC-V1-001,P2,stage_pair,1+5,0,imag,tmr:rep1:ok;tmr:rep2:ok,concurrent_in_model_all_recovered,1,PASS
SUPP-CONC-V1-001,P2,stage_pair,1+5,34,real,tmr:rep1:ok;tmr:rep2:ok,concurrent_in_model_all_recovered,1,PASS
SUPP-CONC-V1-001,P2,stage_pair,1+5,34,imag,tmr:rep1:ok;tmr:rep2:ok,concurrent_in_model_all_recovered,1,PASS
SUPP-CONC-V1-001,P2,stage_pair,1+6,0,real,tmr:rep1:ok;tmr:rep0:ok,concurrent_in_model_all_recovered,1,PASS
SUPP-CONC-V1-001,P2,stage_pair,1+6,0,imag,tmr:rep1:ok;tmr:rep0:ok,concurrent_in_model_all_recovered,1,PASS
SUPP-CONC-V1-001,P2,stage_pair,1+6,34,real,tmr:rep1:ok;tmr:rep0:ok,concurrent_in_model_all_recovered,1,PASS
SUPP-CONC-V1-001,P2,stage_pair,1+6,34,imag,tmr:rep1:ok;tmr:rep0:ok,concurrent_in_model_all_recovered,1,PASS
SUPP-CONC-V1-001,P2,stage_pair,1+7,0,real,tmr:rep1:ok;tmr:rep1:ok,concurrent_in_model_all_recovered,1,PASS
SUPP-CONC-V1-001,P2,stage_pair,1+7,0,imag,tmr:rep1:ok;tmr:rep1:ok,concurrent_in_model_all_recovered,1,PASS
SUPP-CONC-V1-001,P2,stage_pair,1+7,34,real,tmr:rep1:ok;tmr:rep1:ok,concurrent_in_model_all_recovered,1,PASS
SUPP-CONC-V1-001,P2,stage_pair,1+7,34,imag,tmr:rep1:ok;tmr:rep1:ok,concurrent_in_model_all_recovered,1,PASS
SUPP-CONC-V1-001,P2,stage_pair,1+8,0,real,tmr:rep1:ok;tmr:rep2:ok,concurrent_in_model_all_recovered,1,PASS
SUPP-CONC-V1-001,P2,stage_pair,1+8,0,imag,tmr:rep1:ok;tmr:rep2:ok,concurrent_in_model_all_recovered,1,PASS
SUPP-CONC-V1-001,P2,stage_pair,1+8,34,real,tmr:rep1:ok;tmr:rep2:ok,concurrent_in_model_all_recovered,1,PASS
SUPP-CONC-V1-001,P2,stage_pair,1+8,34,imag,tmr:rep1:ok;tmr:rep2:ok,concurrent_in_model_all_recovered,1,PASS
SUPP-CONC-V1-001,P2,stage_pair,1+9,0,real,tmr:rep1:ok;tmr:rep0:ok,concurrent_in_model_all_recovered,1,PASS
SUPP-CONC-V1-001,P2,stage_pair,1+9,0,imag,tmr:rep1:ok;tmr:rep0:ok,concurrent_in_model_all_recovered,1,PASS
SUPP-CONC-V1-001,P2,stage_pair,1+9,34,real,tmr:rep1:ok;tmr:rep0:ok,concurrent_in_model_all_recovered,1,PASS
SUPP-CONC-V1-001,P2,stage_pair,1+9,34,imag,tmr:rep1:ok;tmr:rep0:ok,concurrent_in_model_all_recovered,1,PASS
SUPP-CONC-V1-001,P2,stage_pair,1+10,0,real,tmr:rep1:ok;tmr:rep1:ok,concurrent_in_model_all_recovered,1,PASS
SUPP-CONC-V1-001,P2,stage_pair,1+10,0,imag,tmr:rep1:ok;tmr:rep1:ok,concurrent_in_model_all_recovered,1,PASS
SUPP-CONC-V1-001,P2,stage_pair,1+10,34,real,tmr:rep1:ok;tmr:rep1:ok,concurrent_in_model_all_recovered,1,PASS
SUPP-CONC-V1-001,P2,stage_pair,1+10,34,imag,tmr:rep1:ok;tmr:rep1:ok,concurrent_in_model_all_recovered,1,PASS
SUPP-CONC-V1-001,P2,stage_pair,2+3,0,real,tmr:rep2:ok;tmr:rep0:ok,concurrent_in_model_all_recovered,1,PASS
SUPP-CONC-V1-001,P2,stage_pair,2+3,0,imag,tmr:rep2:ok;tmr:rep0:ok,concurrent_in_model_all_recovered,1,PASS
SUPP-CONC-V1-001,P2,stage_pair,2+3,34,real,tmr:rep2:ok;tmr:rep0:ok,concurrent_in_model_all_recovered,1,PASS
SUPP-CONC-V1-001,P2,stage_pair,2+3,34,imag,tmr:rep2:ok;tmr:rep0:ok,concurrent_in_model_all_recovered,1,PASS
SUPP-CONC-V1-001,P2,stage_pair,2+4,0,real,tmr:rep2:ok;tmr:rep1:ok,concurrent_in_model_all_recovered,1,PASS
SUPP-CONC-V1-001,P2,stage_pair,2+4,0,imag,tmr:rep2:ok;tmr:rep1:ok,concurrent_in_model_all_recovered,1,PASS
SUPP-CONC-V1-001,P2,stage_pair,2+4,34,real,tmr:rep2:ok;tmr:rep1:ok,concurrent_in_model_all_recovered,1,PASS
SUPP-CONC-V1-001,P2,stage_pair,2+4,34,imag,tmr:rep2:ok;tmr:rep1:ok,concurrent_in_model_all_recovered,1,PASS
SUPP-CONC-V1-001,P2,stage_pair,2+5,0,real,tmr:rep2:ok;tmr:rep2:ok,concurrent_in_model_all_recovered,1,PASS
SUPP-CONC-V1-001,P2,stage_pair,2+5,0,imag,tmr:rep2:ok;tmr:rep2:ok,concurrent_in_model_all_recovered,1,PASS
SUPP-CONC-V1-001,P2,stage_pair,2+5,34,real,tmr:rep2:ok;tmr:rep2:ok,concurrent_in_model_all_recovered,1,PASS
SUPP-CONC-V1-001,P2,stage_pair,2+5,34,imag,tmr:rep2:ok;tmr:rep2:ok,concurrent_in_model_all_recovered,1,PASS
SUPP-CONC-V1-001,P2,stage_pair,2+6,0,real,tmr:rep2:ok;tmr:rep0:ok,concurrent_in_model_all_recovered,1,PASS
SUPP-CONC-V1-001,P2,stage_pair,2+6,0,imag,tmr:rep2:ok;tmr:rep0:ok,concurrent_in_model_all_recovered,1,PASS
SUPP-CONC-V1-001,P2,stage_pair,2+6,34,real,tmr:rep2:ok;tmr:rep0:ok,concurrent_in_model_all_recovered,1,PASS
SUPP-CONC-V1-001,P2,stage_pair,2+6,34,imag,tmr:rep2:ok;tmr:rep0:ok,concurrent_in_model_all_recovered,1,PASS
SUPP-CONC-V1-001,P2,stage_pair,2+7,0,real,tmr:rep2:ok;tmr:rep1:ok,concurrent_in_model_all_recovered,1,PASS
SUPP-CONC-V1-001,P2,stage_pair,2+7,0,imag,tmr:rep2:ok;tmr:rep1:ok,concurrent_in_model_all_recovered,1,PASS
SUPP-CONC-V1-001,P2,stage_pair,2+7,34,real,tmr:rep2:ok;tmr:rep1:ok,concurrent_in_model_all_recovered,1,PASS
SUPP-CONC-V1-001,P2,stage_pair,2+7,34,imag,tmr:rep2:ok;tmr:rep1:ok,concurrent_in_model_all_recovered,1,PASS
SUPP-CONC-V1-001,P2,stage_pair,2+8,0,real,tmr:rep2:ok;tmr:rep2:ok,concurrent_in_model_all_recovered,1,PASS
SUPP-CONC-V1-001,P2,stage_pair,2+8,0,imag,tmr:rep2:ok;tmr:rep2:ok,concurrent_in_model_all_recovered,1,PASS
SUPP-CONC-V1-001,P2,stage_pair,2+8,34,real,tmr:rep2:ok;tmr:rep2:ok,concurrent_in_model_all_recovered,1,PASS
SUPP-CONC-V1-001,P2,stage_pair,2+8,34,imag,tmr:rep2:ok;tmr:rep2:ok,concurrent_in_model_all_recovered,1,PASS
SUPP-CONC-V1-001,P2,stage_pair,2+9,0,real,tmr:rep2:ok;tmr:rep0:ok,concurrent_in_model_all_recovered,1,PASS
SUPP-CONC-V1-001,P2,stage_pair,2+9,0,imag,tmr:rep2:ok;tmr:rep0:ok,concurrent_in_model_all_recovered,1,PASS
SUPP-CONC-V1-001,P2,stage_pair,2+9,34,real,tmr:rep2:ok;tmr:rep0:ok,concurrent_in_model_all_recovered,1,PASS
SUPP-CONC-V1-001,P2,stage_pair,2+9,34,imag,tmr:rep2:ok;tmr:rep0:ok,concurrent_in_model_all_recovered,1,PASS
SUPP-CONC-V1-001,P2,stage_pair,2+10,0,real,tmr:rep2:ok;tmr:rep1:ok,concurrent_in_model_all_recovered,1,PASS
SUPP-CONC-V1-001,P2,stage_pair,2+10,0,imag,tmr:rep2:ok;tmr:rep1:ok,concurrent_in_model_all_recovered,1,PASS
SUPP-CONC-V1-001,P2,stage_pair,2+10,34,real,tmr:rep2:ok;tmr:rep1:ok,concurrent_in_model_all_recovered,1,PASS
SUPP-CONC-V1-001,P2,stage_pair,2+10,34,imag,tmr:rep2:ok;tmr:rep1:ok,concurrent_in_model_all_recovered,1,PASS
SUPP-CONC-V1-001,P2,stage_pair,3+4,0,real,tmr:rep0:ok;tmr:rep1:ok,concurrent_in_model_all_recovered,1,PASS
SUPP-CONC-V1-001,P2,stage_pair,3+4,0,imag,tmr:rep0:ok;tmr:rep1:ok,concurrent_in_model_all_recovered,1,PASS
SUPP-CONC-V1-001,P2,stage_pair,3+4,34,real,tmr:rep0:ok;tmr:rep1:ok,concurrent_in_model_all_recovered,1,PASS
SUPP-CONC-V1-001,P2,stage_pair,3+4,34,imag,tmr:rep0:ok;tmr:rep1:ok,concurrent_in_model_all_recovered,1,PASS
SUPP-CONC-V1-001,P2,stage_pair,3+5,0,real,tmr:rep0:ok;tmr:rep2:ok,concurrent_in_model_all_recovered,1,PASS
SUPP-CONC-V1-001,P2,stage_pair,3+5,0,imag,tmr:rep0:ok;tmr:rep2:ok,concurrent_in_model_all_recovered,1,PASS
SUPP-CONC-V1-001,P2,stage_pair,3+5,34,real,tmr:rep0:ok;tmr:rep2:ok,concurrent_in_model_all_recovered,1,PASS
SUPP-CONC-V1-001,P2,stage_pair,3+5,34,imag,tmr:rep0:ok;tmr:rep2:ok,concurrent_in_model_all_recovered,1,PASS
SUPP-CONC-V1-001,P2,stage_pair,3+6,0,real,tmr:rep0:ok;tmr:rep0:ok,concurrent_in_model_all_recovered,1,PASS
SUPP-CONC-V1-001,P2,stage_pair,3+6,0,imag,tmr:rep0:ok;tmr:rep0:ok,concurrent_in_model_all_recovered,1,PASS
SUPP-CONC-V1-001,P2,stage_pair,3+6,34,real,tmr:rep0:ok;tmr:rep0:ok,concurrent_in_model_all_recovered,1,PASS
SUPP-CONC-V1-001,P2,stage_pair,3+6,34,imag,tmr:rep0:ok;tmr:rep0:ok,concurrent_in_model_all_recovered,1,PASS
SUPP-CONC-V1-001,P2,stage_pair,3+7,0,real,tmr:rep0:ok;tmr:rep1:ok,concurrent_in_model_all_recovered,1,PASS
SUPP-CONC-V1-001,P2,stage_pair,3+7,0,imag,tmr:rep0:ok;tmr:rep1:ok,concurrent_in_model_all_recovered,1,PASS
SUPP-CONC-V1-001,P2,stage_pair,3+7,34,real,tmr:rep0:ok;tmr:rep1:ok,concurrent_in_model_all_recovered,1,PASS
SUPP-CONC-V1-001,P2,stage_pair,3+7,34,imag,tmr:rep0:ok;tmr:rep1:ok,concurrent_in_model_all_recovered,1,PASS
SUPP-CONC-V1-001,P2,stage_pair,3+8,0,real,tmr:rep0:ok;tmr:rep2:ok,concurrent_in_model_all_recovered,1,PASS
SUPP-CONC-V1-001,P2,stage_pair,3+8,0,imag,tmr:rep0:ok;tmr:rep2:ok,concurrent_in_model_all_recovered,1,PASS
SUPP-CONC-V1-001,P2,stage_pair,3+8,34,real,tmr:rep0:ok;tmr:rep2:ok,concurrent_in_model_all_recovered,1,PASS
SUPP-CONC-V1-001,P2,stage_pair,3+8,34,imag,tmr:rep0:ok;tmr:rep2:ok,concurrent_in_model_all_recovered,1,PASS
SUPP-CONC-V1-001,P2,stage_pair,3+9,0,real,tmr:rep0:ok;tmr:rep0:ok,concurrent_in_model_all_recovered,1,PASS
SUPP-CONC-V1-001,P2,stage_pair,3+9,0,imag,tmr:rep0:ok;tmr:rep0:ok,concurrent_in_model_all_recovered,1,PASS
SUPP-CONC-V1-001,P2,stage_pair,3+9,34,real,tmr:rep0:ok;tmr:rep0:ok,concurrent_in_model_all_recovered,1,PASS
SUPP-CONC-V1-001,P2,stage_pair,3+9,34,imag,tmr:rep0:ok;tmr:rep0:ok,concurrent_in_model_all_recovered,1,PASS
SUPP-CONC-V1-001,P2,stage_pair,3+10,0,real,tmr:rep0:ok;tmr:rep1:ok,concurrent_in_model_all_recovered,1,PASS
SUPP-CONC-V1-001,P2,stage_pair,3+10,0,imag,tmr:rep0:ok;tmr:rep1:ok,concurrent_in_model_all_recovered,1,PASS
SUPP-CONC-V1-001,P2,stage_pair,3+10,34,real,tmr:rep0:ok;tmr:rep1:ok,concurrent_in_model_all_recovered,1,PASS
SUPP-CONC-V1-001,P2,stage_pair,3+10,34,imag,tmr:rep0:ok;tmr:rep1:ok,concurrent_in_model_all_recovered,1,PASS
SUPP-CONC-V1-001,P2,stage_pair,4+5,0,real,tmr:rep1:ok;tmr:rep2:ok,concurrent_in_model_all_recovered,1,PASS
SUPP-CONC-V1-001,P2,stage_pair,4+5,0,imag,tmr:rep1:ok;tmr:rep2:ok,concurrent_in_model_all_recovered,1,PASS
SUPP-CONC-V1-001,P2,stage_pair,4+5,34,real,tmr:rep1:ok;tmr:rep2:ok,concurrent_in_model_all_recovered,1,PASS
SUPP-CONC-V1-001,P2,stage_pair,4+5,34,imag,tmr:rep1:ok;tmr:rep2:ok,concurrent_in_model_all_recovered,1,PASS
SUPP-CONC-V1-001,P2,stage_pair,4+6,0,real,tmr:rep1:ok;tmr:rep0:ok,concurrent_in_model_all_recovered,1,PASS
SUPP-CONC-V1-001,P2,stage_pair,4+6,0,imag,tmr:rep1:ok;tmr:rep0:ok,concurrent_in_model_all_recovered,1,PASS
SUPP-CONC-V1-001,P2,stage_pair,4+6,34,real,tmr:rep1:ok;tmr:rep0:ok,concurrent_in_model_all_recovered,1,PASS
SUPP-CONC-V1-001,P2,stage_pair,4+6,34,imag,tmr:rep1:ok;tmr:rep0:ok,concurrent_in_model_all_recovered,1,PASS
SUPP-CONC-V1-001,P2,stage_pair,4+7,0,real,tmr:rep1:ok;tmr:rep1:ok,concurrent_in_model_all_recovered,1,PASS
SUPP-CONC-V1-001,P2,stage_pair,4+7,0,imag,tmr:rep1:ok;tmr:rep1:ok,concurrent_in_model_all_recovered,1,PASS
SUPP-CONC-V1-001,P2,stage_pair,4+7,34,real,tmr:rep1:ok;tmr:rep1:ok,concurrent_in_model_all_recovered,1,PASS
SUPP-CONC-V1-001,P2,stage_pair,4+7,34,imag,tmr:rep1:ok;tmr:rep1:ok,concurrent_in_model_all_recovered,1,PASS
SUPP-CONC-V1-001,P2,stage_pair,4+8,0,real,tmr:rep1:ok;tmr:rep2:ok,concurrent_in_model_all_recovered,1,PASS
SUPP-CONC-V1-001,P2,stage_pair,4+8,0,imag,tmr:rep1:ok;tmr:rep2:ok,concurrent_in_model_all_recovered,1,PASS
SUPP-CONC-V1-001,P2,stage_pair,4+8,34,real,tmr:rep1:ok;tmr:rep2:ok,concurrent_in_model_all_recovered,1,PASS
SUPP-CONC-V1-001,P2,stage_pair,4+8,34,imag,tmr:rep1:ok;tmr:rep2:ok,concurrent_in_model_all_recovered,1,PASS
SUPP-CONC-V1-001,P2,stage_pair,4+9,0,real,tmr:rep1:ok;tmr:rep0:ok,concurrent_in_model_all_recovered,1,PASS
SUPP-CONC-V1-001,P2,stage_pair,4+9,0,imag,tmr:rep1:ok;tmr:rep0:ok,concurrent_in_model_all_recovered,1,PASS
SUPP-CONC-V1-001,P2,stage_pair,4+9,34,real,tmr:rep1:ok;tmr:rep0:ok,concurrent_in_model_all_recovered,1,PASS
SUPP-CONC-V1-001,P2,stage_pair,4+9,34,imag,tmr:rep1:ok;tmr:rep0:ok,concurrent_in_model_all_recovered,1,PASS
SUPP-CONC-V1-001,P2,stage_pair,4+10,0,real,tmr:rep1:ok;tmr:rep1:ok,concurrent_in_model_all_recovered,1,PASS
SUPP-CONC-V1-001,P2,stage_pair,4+10,0,imag,tmr:rep1:ok;tmr:rep1:ok,concurrent_in_model_all_recovered,1,PASS
SUPP-CONC-V1-001,P2,stage_pair,4+10,34,real,tmr:rep1:ok;tmr:rep1:ok,concurrent_in_model_all_recovered,1,PASS
SUPP-CONC-V1-001,P2,stage_pair,4+10,34,imag,tmr:rep1:ok;tmr:rep1:ok,concurrent_in_model_all_recovered,1,PASS
SUPP-CONC-V1-001,P2,stage_pair,5+6,0,real,tmr:rep2:ok;tmr:rep0:ok,concurrent_in_model_all_recovered,1,PASS
SUPP-CONC-V1-001,P2,stage_pair,5+6,0,imag,tmr:rep2:ok;tmr:rep0:ok,concurrent_in_model_all_recovered,1,PASS
SUPP-CONC-V1-001,P2,stage_pair,5+6,34,real,tmr:rep2:ok;tmr:rep0:ok,concurrent_in_model_all_recovered,1,PASS
SUPP-CONC-V1-001,P2,stage_pair,5+6,34,imag,tmr:rep2:ok;tmr:rep0:ok,concurrent_in_model_all_recovered,1,PASS
SUPP-CONC-V1-001,P2,stage_pair,5+7,0,real,tmr:rep2:ok;tmr:rep1:ok,concurrent_in_model_all_recovered,1,PASS
SUPP-CONC-V1-001,P2,stage_pair,5+7,0,imag,tmr:rep2:ok;tmr:rep1:ok,concurrent_in_model_all_recovered,1,PASS
SUPP-CONC-V1-001,P2,stage_pair,5+7,34,real,tmr:rep2:ok;tmr:rep1:ok,concurrent_in_model_all_recovered,1,PASS
SUPP-CONC-V1-001,P2,stage_pair,5+7,34,imag,tmr:rep2:ok;tmr:rep1:ok,concurrent_in_model_all_recovered,1,PASS
SUPP-CONC-V1-001,P2,stage_pair,5+8,0,real,tmr:rep2:ok;tmr:rep2:ok,concurrent_in_model_all_recovered,1,PASS
SUPP-CONC-V1-001,P2,stage_pair,5+8,0,imag,tmr:rep2:ok;tmr:rep2:ok,concurrent_in_model_all_recovered,1,PASS
SUPP-CONC-V1-001,P2,stage_pair,5+8,34,real,tmr:rep2:ok;tmr:rep2:ok,concurrent_in_model_all_recovered,1,PASS
SUPP-CONC-V1-001,P2,stage_pair,5+8,34,imag,tmr:rep2:ok;tmr:rep2:ok,concurrent_in_model_all_recovered,1,PASS
SUPP-CONC-V1-001,P2,stage_pair,5+9,0,real,tmr:rep2:ok;tmr:rep0:ok,concurrent_in_model_all_recovered,1,PASS
SUPP-CONC-V1-001,P2,stage_pair,5+9,0,imag,tmr:rep2:ok;tmr:rep0:ok,concurrent_in_model_all_recovered,1,PASS
SUPP-CONC-V1-001,P2,stage_pair,5+9,34,real,tmr:rep2:ok;tmr:rep0:ok,concurrent_in_model_all_recovered,1,PASS
SUPP-CONC-V1-001,P2,stage_pair,5+9,34,imag,tmr:rep2:ok;tmr:rep0:ok,concurrent_in_model_all_recovered,1,PASS
SUPP-CONC-V1-001,P2,stage_pair,5+10,0,real,tmr:rep2:ok;tmr:rep1:ok,concurrent_in_model_all_recovered,1,PASS
SUPP-CONC-V1-001,P2,stage_pair,5+10,0,imag,tmr:rep2:ok;tmr:rep1:ok,concurrent_in_model_all_recovered,1,PASS
SUPP-CONC-V1-001,P2,stage_pair,5+10,34,real,tmr:rep2:ok;tmr:rep1:ok,concurrent_in_model_all_recovered,1,PASS
SUPP-CONC-V1-001,P2,stage_pair,5+10,34,imag,tmr:rep2:ok;tmr:rep1:ok,concurrent_in_model_all_recovered,1,PASS
SUPP-CONC-V1-001,P2,stage_pair,6+7,0,real,tmr:rep0:ok;tmr:rep1:ok,concurrent_in_model_all_recovered,1,PASS
SUPP-CONC-V1-001,P2,stage_pair,6+7,0,imag,tmr:rep0:ok;tmr:rep1:ok,concurrent_in_model_all_recovered,1,PASS
SUPP-CONC-V1-001,P2,stage_pair,6+7,34,real,tmr:rep0:ok;tmr:rep1:ok,concurrent_in_model_all_recovered,1,PASS
SUPP-CONC-V1-001,P2,stage_pair,6+7,34,imag,tmr:rep0:ok;tmr:rep1:ok,concurrent_in_model_all_recovered,1,PASS
SUPP-CONC-V1-001,P2,stage_pair,6+8,0,real,tmr:rep0:ok;tmr:rep2:ok,concurrent_in_model_all_recovered,1,PASS
SUPP-CONC-V1-001,P2,stage_pair,6+8,0,imag,tmr:rep0:ok;tmr:rep2:ok,concurrent_in_model_all_recovered,1,PASS
SUPP-CONC-V1-001,P2,stage_pair,6+8,34,real,tmr:rep0:ok;tmr:rep2:ok,concurrent_in_model_all_recovered,1,PASS
SUPP-CONC-V1-001,P2,stage_pair,6+8,34,imag,tmr:rep0:ok;tmr:rep2:ok,concurrent_in_model_all_recovered,1,PASS
SUPP-CONC-V1-001,P2,stage_pair,6+9,0,real,tmr:rep0:ok;tmr:rep0:ok,concurrent_in_model_all_recovered,1,PASS
SUPP-CONC-V1-001,P2,stage_pair,6+9,0,imag,tmr:rep0:ok;tmr:rep0:ok,concurrent_in_model_all_recovered,1,PASS
SUPP-CONC-V1-001,P2,stage_pair,6+9,34,real,tmr:rep0:ok;tmr:rep0:ok,concurrent_in_model_all_recovered,1,PASS
SUPP-CONC-V1-001,P2,stage_pair,6+9,34,imag,tmr:rep0:ok;tmr:rep0:ok,concurrent_in_model_all_recovered,1,PASS
SUPP-CONC-V1-001,P2,stage_pair,6+10,0,real,tmr:rep0:ok;tmr:rep1:ok,concurrent_in_model_all_recovered,1,PASS
SUPP-CONC-V1-001,P2,stage_pair,6+10,0,imag,tmr:rep0:ok;tmr:rep1:ok,concurrent_in_model_all_recovered,1,PASS
SUPP-CONC-V1-001,P2,stage_pair,6+10,34,real,tmr:rep0:ok;tmr:rep1:ok,concurrent_in_model_all_recovered,1,PASS
SUPP-CONC-V1-001,P2,stage_pair,6+10,34,imag,tmr:rep0:ok;tmr:rep1:ok,concurrent_in_model_all_recovered,1,PASS
SUPP-CONC-V1-001,P2,stage_pair,7+8,0,real,tmr:rep1:ok;tmr:rep2:ok,concurrent_in_model_all_recovered,1,PASS
SUPP-CONC-V1-001,P2,stage_pair,7+8,0,imag,tmr:rep1:ok;tmr:rep2:ok,concurrent_in_model_all_recovered,1,PASS
SUPP-CONC-V1-001,P2,stage_pair,7+8,34,real,tmr:rep1:ok;tmr:rep2:ok,concurrent_in_model_all_recovered,1,PASS
SUPP-CONC-V1-001,P2,stage_pair,7+8,34,imag,tmr:rep1:ok;tmr:rep2:ok,concurrent_in_model_all_recovered,1,PASS
SUPP-CONC-V1-001,P2,stage_pair,7+9,0,real,tmr:rep1:ok;tmr:rep0:ok,concurrent_in_model_all_recovered,1,PASS
SUPP-CONC-V1-001,P2,stage_pair,7+9,0,imag,tmr:rep1:ok;tmr:rep0:ok,concurrent_in_model_all_recovered,1,PASS
SUPP-CONC-V1-001,P2,stage_pair,7+9,34,real,tmr:rep1:ok;tmr:rep0:ok,concurrent_in_model_all_recovered,1,PASS
SUPP-CONC-V1-001,P2,stage_pair,7+9,34,imag,tmr:rep1:ok;tmr:rep0:ok,concurrent_in_model_all_recovered,1,PASS
SUPP-CONC-V1-001,P2,stage_pair,7+10,0,real,tmr:rep1:ok;tmr:rep1:ok,concurrent_in_model_all_recovered,1,PASS
SUPP-CONC-V1-001,P2,stage_pair,7+10,0,imag,tmr:rep1:ok;tmr:rep1:ok,concurrent_in_model_all_recovered,1,PASS
SUPP-CONC-V1-001,P2,stage_pair,7+10,34,real,tmr:rep1:ok;tmr:rep1:ok,concurrent_in_model_all_recovered,1,PASS
SUPP-CONC-V1-001,P2,stage_pair,7+10,34,imag,tmr:rep1:ok;tmr:rep1:ok,concurrent_in_model_all_recovered,1,PASS
SUPP-CONC-V1-001,P2,stage_pair,8+9,0,real,tmr:rep2:ok;tmr:rep0:ok,concurrent_in_model_all_recovered,1,PASS
SUPP-CONC-V1-001,P2,stage_pair,8+9,0,imag,tmr:rep2:ok;tmr:rep0:ok,concurrent_in_model_all_recovered,1,PASS
SUPP-CONC-V1-001,P2,stage_pair,8+9,34,real,tmr:rep2:ok;tmr:rep0:ok,concurrent_in_model_all_recovered,1,PASS
SUPP-CONC-V1-001,P2,stage_pair,8+9,34,imag,tmr:rep2:ok;tmr:rep0:ok,concurrent_in_model_all_recovered,1,PASS
SUPP-CONC-V1-001,P2,stage_pair,8+10,0,real,tmr:rep2:ok;tmr:rep1:ok,concurrent_in_model_all_recovered,1,PASS
SUPP-CONC-V1-001,P2,stage_pair,8+10,0,imag,tmr:rep2:ok;tmr:rep1:ok,concurrent_in_model_all_recovered,1,PASS
SUPP-CONC-V1-001,P2,stage_pair,8+10,34,real,tmr:rep2:ok;tmr:rep1:ok,concurrent_in_model_all_recovered,1,PASS
SUPP-CONC-V1-001,P2,stage_pair,8+10,34,imag,tmr:rep2:ok;tmr:rep1:ok,concurrent_in_model_all_recovered,1,PASS
SUPP-CONC-V1-001,P2,stage_pair,9+10,0,real,tmr:rep0:ok;tmr:rep1:ok,concurrent_in_model_all_recovered,1,PASS
SUPP-CONC-V1-001,P2,stage_pair,9+10,0,imag,tmr:rep0:ok;tmr:rep1:ok,concurrent_in_model_all_recovered,1,PASS
SUPP-CONC-V1-001,P2,stage_pair,9+10,34,real,tmr:rep0:ok;tmr:rep1:ok,concurrent_in_model_all_recovered,1,PASS
SUPP-CONC-V1-001,P2,stage_pair,9+10,34,imag,tmr:rep0:ok;tmr:rep1:ok,concurrent_in_model_all_recovered,1,PASS
