beat,stage,boundary,res0r,res0i,res1r,res1i
0,1,upper,x,x,x,x
0,1,lower,x,x,x,x
0,2,upper,x,x,x,x
0,2,lower,x,x,x,x
0,3,upper,x,x,x,x
0,3,lower,x,x,x,x
0,4,upper,x,x,x,x
0,4,lower,x,x,x,x
0,5,upper,x,x,x,x
0,5,lower,x,x,x,x
0,6,upper,x,x,x,x
0,6,lower,x,x,x,x
0,7,upper,x,x,x,x
0,7,lower,x,x,x,x
0,8,upper,x,x,x,x
0,8,lower,x,x,x,x
1,1,upper,x,x,x,x
1,1,lower,x,x,x,x
1,2,upper,x,x,x,x
1,2,lower,x,x,x,x
1,3,upper,x,x,x,x
1,3,lower,x,x,x,x
1,4,upper,x,x,x,x
1,4,lower,x,x,x,x
1,5,upper,x,x,x,x
1,5,lower,x,x,x,x
1,6,upper,x,x,x,x
1,6,lower,x,x,x,x
1,7,upper,x,x,x,x
1,7,lower,x,x,x,x
1,8,upper,x,x,x,x
1,8,lower,x,x,x,x
2,1,upper,x,x,x,x
2,1,lower,x,x,x,x
2,2,upper,x,x,x,x
2,2,lower,x,x,x,x
2,3,upper,x,x,x,x
2,3,lower,x,x,x,x
2,4,upper,x,x,x,x
2,4,lower,x,x,x,x
2,5,upper,x,x,x,x
2,5,lower,x,x,x,x
2,6,upper,x,x,x,x
2,6,lower,x,x,x,x
2,7,upper,x,x,x,x
2,7,lower,x,x,x,x
2,8,upper,x,x,x,x
2,8,lower,x,x,x,x
3,1,upper,x,x,x,x
3,1,lower,x,x,x,x
3,2,upper,x,x,x,x
3,2,lower,x,x,x,x
3,3,upper,x,x,x,x
3,3,lower,x,x,x,x
3,4,upper,x,x,x,x
3,4,lower,x,x,x,x
3,5,upper,x,x,x,x
3,5,lower,x,x,x,x
3,6,upper,x,x,x,x
3,6,lower,x,x,x,x
3,7,upper,x,x,x,x
3,7,lower,x,x,x,x
3,8,upper,x,x,x,x
3,8,lower,x,x,x,x
4,1,upper,x,x,x,x
4,1,lower,x,x,x,x
4,2,upper,x,x,x,x
4,2,lower,x,x,x,x
4,3,upper,x,x,x,x
4,3,lower,x,x,x,x
4,4,upper,x,x,x,x
4,4,lower,x,x,x,x
4,5,upper,x,x,x,x
4,5,lower,x,x,x,x
4,6,upper,x,x,x,x
4,6,lower,x,x,x,x
4,7,upper,x,x,x,x
4,7,lower,x,x,x,x
4,8,upper,x,x,x,x
4,8,lower,x,x,x,x
5,1,upper,x,x,x,x
5,1,lower,x,x,x,x
5,2,upper,x,x,x,x
5,2,lower,x,x,x,x
5,3,upper,x,x,x,x
5,3,lower,x,x,x,x
5,4,upper,x,x,x,x
5,4,lower,x,x,x,x
5,5,upper,x,x,x,x
5,5,lower,x,x,x,x
5,6,upper,x,x,x,x
5,6,lower,x,x,x,x
5,7,upper,x,x,x,x
5,7,lower,x,x,x,x
5,8,upper,x,x,x,x
5,8,lower,x,x,x,x
6,1,upper,x,x,x,x
6,1,lower,x,x,x,x
6,2,upper,x,x,x,x
6,2,lower,x,x,x,x
6,3,upper,x,x,x,x
6,3,lower,x,x,x,x
6,4,upper,x,x,x,x
6,4,lower,x,x,x,x
6,5,upper,x,x,x,x
6,5,lower,x,x,x,x
6,6,upper,x,x,x,x
6,6,lower,x,x,x,x
6,7,upper,x,x,x,x
6,7,lower,x,x,x,x
6,8,upper,x,x,x,x
6,8,lower,x,x,x,x
7,1,upper,x,x,x,x
7,1,lower,x,x,x,x
7,2,upper,x,x,x,x
7,2,lower,x,x,x,x
7,3,upper,x,x,x,x
7,3,lower,x,x,x,x
7,4,upper,x,x,x,x
7,4,lower,x,x,x,x
7,5,upper,x,x,x,x
7,5,lower,x,x,x,x
7,6,upper,x,x,x,x
7,6,lower,x,x,x,x
7,7,upper,x,x,x,x
7,7,lower,x,x,x,x
7,8,upper,x,x,x,x
7,8,lower,x,x,x,x
8,1,upper,x,x,x,x
8,1,lower,x,x,x,x
8,2,upper,x,x,x,x
8,2,lower,x,x,x,x
8,3,upper,x,x,x,x
8,3,lower,x,x,x,x
8,4,upper,x,x,x,x
8,4,lower,x,x,x,x
8,5,upper,x,x,x,x
8,5,lower,x,x,x,x
8,6,upper,x,x,x,x
8,6,lower,x,x,x,x
8,7,upper,x,x,x,x
8,7,lower,x,x,x,x
8,8,upper,x,x,x,x
8,8,lower,x,x,x,x
9,1,upper,x,x,x,x
9,1,lower,x,x,x,x
9,2,upper,x,x,x,x
9,2,lower,x,x,x,x
9,3,upper,x,x,x,x
9,3,lower,x,x,x,x
9,4,upper,x,x,x,x
9,4,lower,x,x,x,x
9,5,upper,x,x,x,x
9,5,lower,x,x,x,x
9,6,upper,x,x,x,x
9,6,lower,x,x,x,x
9,7,upper,x,x,x,x
9,7,lower,x,x,x,x
9,8,upper,x,x,x,x
9,8,lower,x,x,x,x
10,1,upper,x,x,x,x
10,1,lower,x,x,x,x
10,2,upper,x,x,x,x
10,2,lower,x,x,x,x
10,3,upper,x,x,x,x
10,3,lower,x,x,x,x
10,4,upper,x,x,x,x
10,4,lower,x,x,x,x
10,5,upper,x,x,x,x
10,5,lower,x,x,x,x
10,6,upper,x,x,x,x
10,6,lower,x,x,x,x
10,7,upper,x,x,x,x
10,7,lower,x,x,x,x
10,8,upper,x,x,x,x
10,8,lower,x,x,x,x
11,1,upper,x,x,x,x
11,1,lower,x,x,x,x
11,2,upper,x,x,x,x
11,2,lower,x,x,x,x
11,3,upper,x,x,x,x
11,3,lower,x,x,x,x
11,4,upper,x,x,x,x
11,4,lower,x,x,x,x
11,5,upper,x,x,x,x
11,5,lower,x,x,x,x
11,6,upper,x,x,x,x
11,6,lower,x,x,x,x
11,7,upper,x,x,x,x
11,7,lower,x,x,x,x
11,8,upper,x,x,x,x
11,8,lower,x,x,x,x
12,1,upper,x,x,x,x
12,1,lower,x,x,x,x
12,2,upper,x,x,x,x
12,2,lower,x,x,x,x
12,3,upper,x,x,x,x
12,3,lower,x,x,x,x
12,4,upper,x,x,x,x
12,4,lower,x,x,x,x
12,5,upper,x,x,x,x
12,5,lower,x,x,x,x
12,6,upper,x,x,x,x
12,6,lower,x,x,x,x
12,7,upper,x,x,x,x
12,7,lower,x,x,x,x
12,8,upper,x,x,x,x
12,8,lower,x,x,x,x
13,1,upper,x,x,x,x
13,1,lower,x,x,x,x
13,2,upper,x,x,x,x
13,2,lower,x,x,x,x
13,3,upper,x,x,x,x
13,3,lower,x,x,x,x
13,4,upper,x,x,x,x
13,4,lower,x,x,x,x
13,5,upper,x,x,x,x
13,5,lower,x,x,x,x
13,6,upper,x,x,x,x
13,6,lower,x,x,x,x
13,7,upper,x,x,x,x
13,7,lower,x,x,x,x
13,8,upper,x,x,x,x
13,8,lower,x,x,x,x
14,1,upper,x,x,x,x
14,1,lower,x,x,x,x
14,2,upper,x,x,x,x
14,2,lower,x,x,x,x
14,3,upper,x,x,x,x
14,3,lower,x,x,x,x
14,4,upper,x,x,x,x
14,4,lower,x,x,x,x
14,5,upper,x,x,x,x
14,5,lower,x,x,x,x
14,6,upper,x,x,x,x
14,6,lower,x,x,x,x
14,7,upper,x,x,x,x
14,7,lower,x,x,x,x
14,8,upper,x,x,x,x
14,8,lower,x,x,x,x
15,1,upper,x,x,x,x
15,1,lower,x,x,x,x
15,2,upper,x,x,x,x
15,2,lower,x,x,x,x
15,3,upper,x,x,x,x
15,3,lower,x,x,x,x
15,4,upper,x,x,x,x
15,4,lower,x,x,x,x
15,5,upper,x,x,x,x
15,5,lower,x,x,x,x
15,6,upper,x,x,x,x
15,6,lower,x,x,x,x
15,7,upper,x,x,x,x
15,7,lower,x,x,x,x
15,8,upper,x,x,x,x
15,8,lower,x,x,x,x
16,1,upper,x,x,x,x
16,1,lower,x,x,x,x
16,2,upper,x,x,x,x
16,2,lower,x,x,x,x
16,3,upper,x,x,x,x
16,3,lower,x,x,x,x
16,4,upper,x,x,x,x
16,4,lower,x,x,x,x
16,5,upper,x,x,x,x
16,5,lower,x,x,x,x
16,6,upper,x,x,x,x
16,6,lower,x,x,x,x
16,7,upper,x,x,x,x
16,7,lower,x,x,x,x
16,8,upper,x,x,x,x
16,8,lower,x,x,x,x
17,1,upper,x,x,x,x
17,1,lower,x,x,x,x
17,2,upper,x,x,x,x
17,2,lower,x,x,x,x
17,3,upper,x,x,x,x
17,3,lower,x,x,x,x
17,4,upper,x,x,x,x
17,4,lower,x,x,x,x
17,5,upper,x,x,x,x
17,5,lower,x,x,x,x
17,6,upper,x,x,x,x
17,6,lower,x,x,x,x
17,7,upper,x,x,x,x
17,7,lower,x,x,x,x
17,8,upper,x,x,x,x
17,8,lower,x,x,x,x
18,1,upper,x,x,x,x
18,1,lower,x,x,x,x
18,2,upper,x,x,x,x
18,2,lower,x,x,x,x
18,3,upper,x,x,x,x
18,3,lower,x,x,x,x
18,4,upper,x,x,x,x
18,4,lower,x,x,x,x
18,5,upper,x,x,x,x
18,5,lower,x,x,x,x
18,6,upper,x,x,x,x
18,6,lower,x,x,x,x
18,7,upper,x,x,x,x
18,7,lower,x,x,x,x
18,8,upper,x,x,x,x
18,8,lower,x,x,x,x
19,1,upper,x,x,x,x
19,1,lower,x,x,x,x
19,2,upper,x,x,x,x
19,2,lower,x,x,x,x
19,3,upper,x,x,x,x
19,3,lower,x,x,x,x
19,4,upper,x,x,x,x
19,4,lower,x,x,x,x
19,5,upper,x,x,x,x
19,5,lower,x,x,x,x
19,6,upper,x,x,x,x
19,6,lower,x,x,x,x
19,7,upper,x,x,x,x
19,7,lower,x,x,x,x
19,8,upper,x,x,x,x
19,8,lower,x,x,x,x
20,1,upper,x,x,x,x
20,1,lower,x,x,x,x
20,2,upper,x,x,x,x
20,2,lower,x,x,x,x
20,3,upper,x,x,x,x
20,3,lower,x,x,x,x
20,4,upper,x,x,x,x
20,4,lower,x,x,x,x
20,5,upper,x,x,x,x
20,5,lower,x,x,x,x
20,6,upper,x,x,x,x
20,6,lower,x,x,x,x
20,7,upper,x,x,x,x
20,7,lower,x,x,x,x
20,8,upper,x,x,x,x
20,8,lower,x,x,x,x
21,1,upper,x,x,x,x
21,1,lower,x,x,x,x
21,2,upper,x,x,x,x
21,2,lower,x,x,x,x
21,3,upper,x,x,x,x
21,3,lower,x,x,x,x
21,4,upper,x,x,x,x
21,4,lower,x,x,x,x
21,5,upper,x,x,x,x
21,5,lower,x,x,x,x
21,6,upper,x,x,x,x
21,6,lower,x,x,x,x
21,7,upper,x,x,x,x
21,7,lower,x,x,x,x
21,8,upper,x,x,x,x
21,8,lower,x,x,x,x
22,1,upper,x,x,x,x
22,1,lower,x,x,x,x
22,2,upper,x,x,x,x
22,2,lower,x,x,x,x
22,3,upper,x,x,x,x
22,3,lower,x,x,x,x
22,4,upper,x,x,x,x
22,4,lower,x,x,x,x
22,5,upper,x,x,x,x
22,5,lower,x,x,x,x
22,6,upper,x,x,x,x
22,6,lower,x,x,x,x
22,7,upper,x,x,x,x
22,7,lower,x,x,x,x
22,8,upper,x,x,x,x
22,8,lower,x,x,x,x
23,1,upper,x,x,x,x
23,1,lower,x,x,x,x
23,2,upper,x,x,x,x
23,2,lower,x,x,x,x
23,3,upper,x,x,x,x
23,3,lower,x,x,x,x
23,4,upper,x,x,x,x
23,4,lower,x,x,x,x
23,5,upper,x,x,x,x
23,5,lower,x,x,x,x
23,6,upper,x,x,x,x
23,6,lower,x,x,x,x
23,7,upper,x,x,x,x
23,7,lower,x,x,x,x
23,8,upper,x,x,x,x
23,8,lower,x,x,x,x
24,1,upper,x,x,x,x
24,1,lower,x,x,x,x
24,2,upper,x,x,x,x
24,2,lower,x,x,x,x
24,3,upper,x,x,x,x
24,3,lower,x,x,x,x
24,4,upper,x,x,x,x
24,4,lower,x,x,x,x
24,5,upper,x,x,x,x
24,5,lower,x,x,x,x
24,6,upper,x,x,x,x
24,6,lower,x,x,x,x
24,7,upper,x,x,x,x
24,7,lower,x,x,x,x
24,8,upper,x,x,x,x
24,8,lower,x,x,x,x
25,1,upper,x,x,x,x
25,1,lower,x,x,x,x
25,2,upper,x,x,x,x
25,2,lower,x,x,x,x
25,3,upper,x,x,x,x
25,3,lower,x,x,x,x
25,4,upper,x,x,x,x
25,4,lower,x,x,x,x
25,5,upper,x,x,x,x
25,5,lower,x,x,x,x
25,6,upper,x,x,x,x
25,6,lower,x,x,x,x
25,7,upper,x,x,x,x
25,7,lower,x,x,x,x
25,8,upper,x,x,x,x
25,8,lower,x,x,x,x
26,1,upper,x,x,x,x
26,1,lower,x,x,x,x
26,2,upper,x,x,x,x
26,2,lower,x,x,x,x
26,3,upper,x,x,x,x
26,3,lower,x,x,x,x
26,4,upper,x,x,x,x
26,4,lower,x,x,x,x
26,5,upper,x,x,x,x
26,5,lower,x,x,x,x
26,6,upper,x,x,x,x
26,6,lower,x,x,x,x
26,7,upper,x,x,x,x
26,7,lower,x,x,x,x
26,8,upper,x,x,x,x
26,8,lower,x,x,x,x
27,1,upper,x,x,x,x
27,1,lower,x,x,x,x
27,2,upper,x,x,x,x
27,2,lower,x,x,x,x
27,3,upper,x,x,x,x
27,3,lower,x,x,x,x
27,4,upper,x,x,x,x
27,4,lower,x,x,x,x
27,5,upper,x,x,x,x
27,5,lower,x,x,x,x
27,6,upper,x,x,x,x
27,6,lower,x,x,x,x
27,7,upper,x,x,x,x
27,7,lower,x,x,x,x
27,8,upper,x,x,x,x
27,8,lower,x,x,x,x
28,1,upper,x,x,x,x
28,1,lower,x,x,x,x
28,2,upper,x,x,x,x
28,2,lower,x,x,x,x
28,3,upper,x,x,x,x
28,3,lower,x,x,x,x
28,4,upper,x,x,x,x
28,4,lower,x,x,x,x
28,5,upper,x,x,x,x
28,5,lower,x,x,x,x
28,6,upper,x,x,x,x
28,6,lower,x,x,x,x
28,7,upper,x,x,x,x
28,7,lower,x,x,x,x
28,8,upper,x,x,x,x
28,8,lower,x,x,x,x
29,1,upper,x,x,x,x
29,1,lower,x,x,x,x
29,2,upper,x,x,x,x
29,2,lower,x,x,x,x
29,3,upper,x,x,x,x
29,3,lower,x,x,x,x
29,4,upper,x,x,x,x
29,4,lower,x,x,x,x
29,5,upper,x,x,x,x
29,5,lower,x,x,x,x
29,6,upper,x,x,x,x
29,6,lower,x,x,x,x
29,7,upper,x,x,x,x
29,7,lower,x,x,x,x
29,8,upper,x,x,x,x
29,8,lower,x,x,x,x
30,1,upper,x,x,x,x
30,1,lower,x,x,x,x
30,2,upper,x,x,x,x
30,2,lower,x,x,x,x
30,3,upper,x,x,x,x
30,3,lower,x,x,x,x
30,4,upper,x,x,x,x
30,4,lower,x,x,x,x
30,5,upper,x,x,x,x
30,5,lower,x,x,x,x
30,6,upper,x,x,x,x
30,6,lower,x,x,x,x
30,7,upper,x,x,x,x
30,7,lower,x,x,x,x
30,8,upper,x,x,x,x
30,8,lower,x,x,x,x
31,1,upper,x,x,x,x
31,1,lower,x,x,x,x
31,2,upper,x,x,x,x
31,2,lower,x,x,x,x
31,3,upper,x,x,x,x
31,3,lower,x,x,x,x
31,4,upper,x,x,x,x
31,4,lower,x,x,x,x
31,5,upper,x,x,x,x
31,5,lower,x,x,x,x
31,6,upper,x,x,x,x
31,6,lower,x,x,x,x
31,7,upper,x,x,x,x
31,7,lower,x,x,x,x
31,8,upper,x,x,x,x
31,8,lower,x,x,x,x
32,1,upper,x,x,x,x
32,1,lower,x,x,x,x
32,2,upper,x,x,x,x
32,2,lower,x,x,x,x
32,3,upper,x,x,x,x
32,3,lower,x,x,x,x
32,4,upper,x,x,x,x
32,4,lower,x,x,x,x
32,5,upper,x,x,x,x
32,5,lower,x,x,x,x
32,6,upper,x,x,x,x
32,6,lower,x,x,x,x
32,7,upper,x,x,x,x
32,7,lower,x,x,x,x
32,8,upper,x,x,x,x
32,8,lower,x,x,x,x
33,1,upper,x,x,x,x
33,1,lower,x,x,x,x
33,2,upper,x,x,x,x
33,2,lower,x,x,x,x
33,3,upper,x,x,x,x
33,3,lower,x,x,x,x
33,4,upper,x,x,x,x
33,4,lower,x,x,x,x
33,5,upper,x,x,x,x
33,5,lower,x,x,x,x
33,6,upper,x,x,x,x
33,6,lower,x,x,x,x
33,7,upper,x,x,x,x
33,7,lower,x,x,x,x
33,8,upper,x,x,x,x
33,8,lower,x,x,x,x
34,1,upper,x,x,x,x
34,1,lower,x,x,x,x
34,2,upper,x,x,x,x
34,2,lower,x,x,x,x
34,3,upper,x,x,x,x
34,3,lower,x,x,x,x
34,4,upper,x,x,x,x
34,4,lower,x,x,x,x
34,5,upper,x,x,x,x
34,5,lower,x,x,x,x
34,6,upper,x,x,x,x
34,6,lower,x,x,x,x
34,7,upper,x,x,x,x
34,7,lower,x,x,x,x
34,8,upper,x,x,x,x
34,8,lower,x,x,x,x
35,1,upper,x,x,x,x
35,1,lower,x,x,x,x
35,2,upper,x,x,x,x
35,2,lower,x,x,x,x
35,3,upper,x,x,x,x
35,3,lower,x,x,x,x
35,4,upper,x,x,x,x
35,4,lower,x,x,x,x
35,5,upper,x,x,x,x
35,5,lower,x,x,x,x
35,6,upper,x,x,x,x
35,6,lower,x,x,x,x
35,7,upper,x,x,x,x
35,7,lower,x,x,x,x
35,8,upper,x,x,x,x
35,8,lower,x,x,x,x
36,1,upper,x,x,x,x
36,1,lower,x,x,x,x
36,2,upper,x,x,x,x
36,2,lower,x,x,x,x
36,3,upper,x,x,x,x
36,3,lower,x,x,x,x
36,4,upper,x,x,x,x
36,4,lower,x,x,x,x
36,5,upper,x,x,x,x
36,5,lower,x,x,x,x
36,6,upper,x,x,x,x
36,6,lower,x,x,x,x
36,7,upper,x,x,x,x
36,7,lower,x,x,x,x
36,8,upper,x,x,x,x
36,8,lower,x,x,x,x
37,1,upper,x,x,x,x
37,1,lower,x,x,x,x
37,2,upper,x,x,x,x
37,2,lower,x,x,x,x
37,3,upper,x,x,x,x
37,3,lower,x,x,x,x
37,4,upper,x,x,x,x
37,4,lower,x,x,x,x
37,5,upper,x,x,x,x
37,5,lower,x,x,x,x
37,6,upper,x,x,x,x
37,6,lower,x,x,x,x
37,7,upper,x,x,x,x
37,7,lower,x,x,x,x
37,8,upper,x,x,x,x
37,8,lower,x,x,x,x
38,1,upper,x,x,x,x
38,1,lower,x,x,x,x
38,2,upper,x,x,x,x
38,2,lower,x,x,x,x
38,3,upper,x,x,x,x
38,3,lower,x,x,x,x
38,4,upper,x,x,x,x
38,4,lower,x,x,x,x
38,5,upper,x,x,x,x
38,5,lower,x,x,x,x
38,6,upper,x,x,x,x
38,6,lower,x,x,x,x
38,7,upper,x,x,x,x
38,7,lower,x,x,x,x
38,8,upper,x,x,x,x
38,8,lower,x,x,x,x
39,1,upper,x,x,x,x
39,1,lower,x,x,x,x
39,2,upper,x,x,x,x
39,2,lower,x,x,x,x
39,3,upper,x,x,x,x
39,3,lower,x,x,x,x
39,4,upper,x,x,x,x
39,4,lower,x,x,x,x
39,5,upper,x,x,x,x
39,5,lower,x,x,x,x
39,6,upper,x,x,x,x
39,6,lower,x,x,x,x
39,7,upper,x,x,x,x
39,7,lower,x,x,x,x
39,8,upper,x,x,x,x
39,8,lower,x,x,x,x
40,1,upper,x,x,x,x
40,1,lower,x,x,x,x
40,2,upper,x,x,x,x
40,2,lower,x,x,x,x
40,3,upper,x,x,x,x
40,3,lower,x,x,x,x
40,4,upper,x,x,x,x
40,4,lower,x,x,x,x
40,5,upper,x,x,x,x
40,5,lower,x,x,x,x
40,6,upper,x,x,x,x
40,6,lower,x,x,x,x
40,7,upper,x,x,x,x
40,7,lower,x,x,x,x
40,8,upper,x,x,x,x
40,8,lower,x,x,x,x
41,1,upper,x,x,x,x
41,1,lower,x,x,x,x
41,2,upper,x,x,x,x
41,2,lower,x,x,x,x
41,3,upper,x,x,x,x
41,3,lower,x,x,x,x
41,4,upper,x,x,x,x
41,4,lower,x,x,x,x
41,5,upper,x,x,x,x
41,5,lower,x,x,x,x
41,6,upper,x,x,x,x
41,6,lower,x,x,x,x
41,7,upper,x,x,x,x
41,7,lower,x,x,x,x
41,8,upper,x,x,x,x
41,8,lower,x,x,x,x
42,1,upper,x,x,x,x
42,1,lower,x,x,x,x
42,2,upper,x,x,x,x
42,2,lower,x,x,x,x
42,3,upper,x,x,x,x
42,3,lower,x,x,x,x
42,4,upper,x,x,x,x
42,4,lower,x,x,x,x
42,5,upper,x,x,x,x
42,5,lower,x,x,x,x
42,6,upper,x,x,x,x
42,6,lower,x,x,x,x
42,7,upper,x,x,x,x
42,7,lower,x,x,x,x
42,8,upper,x,x,x,x
42,8,lower,x,x,x,x
43,1,upper,x,x,x,x
43,1,lower,x,x,x,x
43,2,upper,x,x,x,x
43,2,lower,x,x,x,x
43,3,upper,x,x,x,x
43,3,lower,x,x,x,x
43,4,upper,x,x,x,x
43,4,lower,x,x,x,x
43,5,upper,x,x,x,x
43,5,lower,x,x,x,x
43,6,upper,x,x,x,x
43,6,lower,x,x,x,x
43,7,upper,x,x,x,x
43,7,lower,x,x,x,x
43,8,upper,x,x,x,x
43,8,lower,x,x,x,x
44,1,upper,x,x,x,x
44,1,lower,x,x,x,x
44,2,upper,x,x,x,x
44,2,lower,x,x,x,x
44,3,upper,x,x,x,x
44,3,lower,x,x,x,x
44,4,upper,x,x,x,x
44,4,lower,x,x,x,x
44,5,upper,x,x,x,x
44,5,lower,x,x,x,x
44,6,upper,x,x,x,x
44,6,lower,x,x,x,x
44,7,upper,x,x,x,x
44,7,lower,x,x,x,x
44,8,upper,x,x,x,x
44,8,lower,x,x,x,x
45,1,upper,x,x,x,x
45,1,lower,x,x,x,x
45,2,upper,x,x,x,x
45,2,lower,x,x,x,x
45,3,upper,x,x,x,x
45,3,lower,x,x,x,x
45,4,upper,x,x,x,x
45,4,lower,x,x,x,x
45,5,upper,x,x,x,x
45,5,lower,x,x,x,x
45,6,upper,x,x,x,x
45,6,lower,x,x,x,x
45,7,upper,x,x,x,x
45,7,lower,x,x,x,x
45,8,upper,x,x,x,x
45,8,lower,x,x,x,x
46,1,upper,x,x,x,x
46,1,lower,x,x,x,x
46,2,upper,x,x,x,x
46,2,lower,x,x,x,x
46,3,upper,x,x,x,x
46,3,lower,x,x,x,x
46,4,upper,x,x,x,x
46,4,lower,x,x,x,x
46,5,upper,x,x,x,x
46,5,lower,x,x,x,x
46,6,upper,x,x,x,x
46,6,lower,x,x,x,x
46,7,upper,x,x,x,x
46,7,lower,x,x,x,x
46,8,upper,x,x,x,x
46,8,lower,x,x,x,x
47,1,upper,x,x,x,x
47,1,lower,x,x,x,x
47,2,upper,x,x,x,x
47,2,lower,x,x,x,x
47,3,upper,x,x,x,x
47,3,lower,x,x,x,x
47,4,upper,x,x,x,x
47,4,lower,x,x,x,x
47,5,upper,x,x,x,x
47,5,lower,x,x,x,x
47,6,upper,x,x,x,x
47,6,lower,x,x,x,x
47,7,upper,x,x,x,x
47,7,lower,x,x,x,x
47,8,upper,x,x,x,x
47,8,lower,x,x,x,x
48,1,upper,x,x,x,x
48,1,lower,x,x,x,x
48,2,upper,x,x,x,x
48,2,lower,x,x,x,x
48,3,upper,x,x,x,x
48,3,lower,x,x,x,x
48,4,upper,x,x,x,x
48,4,lower,x,x,x,x
48,5,upper,x,x,x,x
48,5,lower,x,x,x,x
48,6,upper,x,x,x,x
48,6,lower,x,x,x,x
48,7,upper,x,x,x,x
48,7,lower,x,x,x,x
48,8,upper,x,x,x,x
48,8,lower,x,x,x,x
49,1,upper,x,x,x,x
49,1,lower,x,x,x,x
49,2,upper,x,x,x,x
49,2,lower,x,x,x,x
49,3,upper,x,x,x,x
49,3,lower,x,x,x,x
49,4,upper,x,x,x,x
49,4,lower,x,x,x,x
49,5,upper,x,x,x,x
49,5,lower,x,x,x,x
49,6,upper,x,x,x,x
49,6,lower,x,x,x,x
49,7,upper,x,x,x,x
49,7,lower,x,x,x,x
49,8,upper,x,x,x,x
49,8,lower,x,x,x,x
50,1,upper,x,x,x,x
50,1,lower,x,x,x,x
50,2,upper,x,x,x,x
50,2,lower,x,x,x,x
50,3,upper,x,x,x,x
50,3,lower,x,x,x,x
50,4,upper,x,x,x,x
50,4,lower,x,x,x,x
50,5,upper,x,x,x,x
50,5,lower,x,x,x,x
50,6,upper,x,x,x,x
50,6,lower,x,x,x,x
50,7,upper,x,x,x,x
50,7,lower,x,x,x,x
50,8,upper,x,x,x,x
50,8,lower,x,x,x,x
51,1,upper,x,x,x,x
51,1,lower,x,x,x,x
51,2,upper,x,x,x,x
51,2,lower,x,x,x,x
51,3,upper,x,x,x,x
51,3,lower,x,x,x,x
51,4,upper,x,x,x,x
51,4,lower,x,x,x,x
51,5,upper,x,x,x,x
51,5,lower,x,x,x,x
51,6,upper,x,x,x,x
51,6,lower,x,x,x,x
51,7,upper,x,x,x,x
51,7,lower,x,x,x,x
51,8,upper,x,x,x,x
51,8,lower,x,x,x,x
52,1,upper,x,x,x,x
52,1,lower,x,x,x,x
52,2,upper,x,x,x,x
52,2,lower,x,x,x,x
52,3,upper,x,x,x,x
52,3,lower,x,x,x,x
52,4,upper,x,x,x,x
52,4,lower,x,x,x,x
52,5,upper,x,x,x,x
52,5,lower,x,x,x,x
52,6,upper,x,x,x,x
52,6,lower,x,x,x,x
52,7,upper,x,x,x,x
52,7,lower,x,x,x,x
52,8,upper,x,x,x,x
52,8,lower,x,x,x,x
53,1,upper,x,x,x,x
53,1,lower,x,x,x,x
53,2,upper,x,x,x,x
53,2,lower,x,x,x,x
53,3,upper,x,x,x,x
53,3,lower,x,x,x,x
53,4,upper,x,x,x,x
53,4,lower,x,x,x,x
53,5,upper,x,x,x,x
53,5,lower,x,x,x,x
53,6,upper,x,x,x,x
53,6,lower,x,x,x,x
53,7,upper,x,x,x,x
53,7,lower,x,x,x,x
53,8,upper,x,x,x,x
53,8,lower,x,x,x,x
54,1,upper,x,x,x,x
54,1,lower,x,x,x,x
54,2,upper,x,x,x,x
54,2,lower,x,x,x,x
54,3,upper,x,x,x,x
54,3,lower,x,x,x,x
54,4,upper,x,x,x,x
54,4,lower,x,x,x,x
54,5,upper,x,x,x,x
54,5,lower,x,x,x,x
54,6,upper,x,x,x,x
54,6,lower,x,x,x,x
54,7,upper,x,x,x,x
54,7,lower,x,x,x,x
54,8,upper,x,x,x,x
54,8,lower,x,x,x,x
55,1,upper,x,x,x,x
55,1,lower,x,x,x,x
55,2,upper,x,x,x,x
55,2,lower,x,x,x,x
55,3,upper,x,x,x,x
55,3,lower,x,x,x,x
55,4,upper,x,x,x,x
55,4,lower,x,x,x,x
55,5,upper,x,x,x,x
55,5,lower,x,x,x,x
55,6,upper,x,x,x,x
55,6,lower,x,x,x,x
55,7,upper,x,x,x,x
55,7,lower,x,x,x,x
55,8,upper,x,x,x,x
55,8,lower,x,x,x,x
56,1,upper,x,x,x,x
56,1,lower,x,x,x,x
56,2,upper,x,x,x,x
56,2,lower,x,x,x,x
56,3,upper,x,x,x,x
56,3,lower,x,x,x,x
56,4,upper,x,x,x,x
56,4,lower,x,x,x,x
56,5,upper,x,x,x,x
56,5,lower,x,x,x,x
56,6,upper,x,x,x,x
56,6,lower,x,x,x,x
56,7,upper,x,x,x,x
56,7,lower,x,x,x,x
56,8,upper,x,x,x,x
56,8,lower,x,x,x,x
57,1,upper,x,x,x,x
57,1,lower,x,x,x,x
57,2,upper,x,x,x,x
57,2,lower,x,x,x,x
57,3,upper,x,x,x,x
57,3,lower,x,x,x,x
57,4,upper,x,x,x,x
57,4,lower,x,x,x,x
57,5,upper,x,x,x,x
57,5,lower,x,x,x,x
57,6,upper,x,x,x,x
57,6,lower,x,x,x,x
57,7,upper,x,x,x,x
57,7,lower,x,x,x,x
57,8,upper,x,x,x,x
57,8,lower,x,x,x,x
58,1,upper,x,x,x,x
58,1,lower,x,x,x,x
58,2,upper,x,x,x,x
58,2,lower,x,x,x,x
58,3,upper,x,x,x,x
58,3,lower,x,x,x,x
58,4,upper,x,x,x,x
58,4,lower,x,x,x,x
58,5,upper,x,x,x,x
58,5,lower,x,x,x,x
58,6,upper,x,x,x,x
58,6,lower,x,x,x,x
58,7,upper,x,x,x,x
58,7,lower,x,x,x,x
58,8,upper,x,x,x,x
58,8,lower,x,x,x,x
59,1,upper,x,x,x,x
59,1,lower,x,x,x,x
59,2,upper,x,x,x,x
59,2,lower,x,x,x,x
59,3,upper,x,x,x,x
59,3,lower,x,x,x,x
59,4,upper,x,x,x,x
59,4,lower,x,x,x,x
59,5,upper,x,x,x,x
59,5,lower,x,x,x,x
59,6,upper,x,x,x,x
59,6,lower,x,x,x,x
59,7,upper,x,x,x,x
59,7,lower,x,x,x,x
59,8,upper,x,x,x,x
59,8,lower,x,x,x,x
60,1,upper,x,x,x,x
60,1,lower,x,x,x,x
60,2,upper,x,x,x,x
60,2,lower,x,x,x,x
60,3,upper,x,x,x,x
60,3,lower,x,x,x,x
60,4,upper,x,x,x,x
60,4,lower,x,x,x,x
60,5,upper,x,x,x,x
60,5,lower,x,x,x,x
60,6,upper,x,x,x,x
60,6,lower,x,x,x,x
60,7,upper,x,x,x,x
60,7,lower,x,x,x,x
60,8,upper,x,x,x,x
60,8,lower,x,x,x,x
61,1,upper,x,x,x,x
61,1,lower,x,x,x,x
61,2,upper,x,x,x,x
61,2,lower,x,x,x,x
61,3,upper,x,x,x,x
61,3,lower,x,x,x,x
61,4,upper,x,x,x,x
61,4,lower,x,x,x,x
61,5,upper,x,x,x,x
61,5,lower,x,x,x,x
61,6,upper,x,x,x,x
61,6,lower,x,x,x,x
61,7,upper,x,x,x,x
61,7,lower,x,x,x,x
61,8,upper,x,x,x,x
61,8,lower,x,x,x,x
62,1,upper,x,x,x,x
62,1,lower,x,x,x,x
62,2,upper,x,x,x,x
62,2,lower,x,x,x,x
62,3,upper,x,x,x,x
62,3,lower,x,x,x,x
62,4,upper,x,x,x,x
62,4,lower,x,x,x,x
62,5,upper,x,x,x,x
62,5,lower,x,x,x,x
62,6,upper,x,x,x,x
62,6,lower,x,x,x,x
62,7,upper,x,x,x,x
62,7,lower,x,x,x,x
62,8,upper,x,x,x,x
62,8,lower,x,x,x,x
63,1,upper,x,x,x,x
63,1,lower,x,x,x,x
63,2,upper,x,x,x,x
63,2,lower,x,x,x,x
63,3,upper,x,x,x,x
63,3,lower,x,x,x,x
63,4,upper,x,x,x,x
63,4,lower,x,x,x,x
63,5,upper,x,x,x,x
63,5,lower,x,x,x,x
63,6,upper,x,x,x,x
63,6,lower,x,x,x,x
63,7,upper,x,x,x,x
63,7,lower,x,x,x,x
63,8,upper,x,x,x,x
63,8,lower,x,x,x,x
64,1,upper,x,x,x,x
64,1,lower,x,x,x,x
64,2,upper,x,x,x,x
64,2,lower,x,x,x,x
64,3,upper,x,x,x,x
64,3,lower,x,x,x,x
64,4,upper,x,x,x,x
64,4,lower,x,x,x,x
64,5,upper,x,x,x,x
64,5,lower,x,x,x,x
64,6,upper,x,x,x,x
64,6,lower,x,x,x,x
64,7,upper,x,x,x,x
64,7,lower,x,x,x,x
64,8,upper,x,x,x,x
64,8,lower,x,x,x,x
65,1,upper,x,x,x,x
65,1,lower,x,x,x,x
65,2,upper,x,x,x,x
65,2,lower,x,x,x,x
65,3,upper,x,x,x,x
65,3,lower,x,x,x,x
65,4,upper,x,x,x,x
65,4,lower,x,x,x,x
65,5,upper,x,x,x,x
65,5,lower,x,x,x,x
65,6,upper,x,x,x,x
65,6,lower,x,x,x,x
65,7,upper,x,x,x,x
65,7,lower,x,x,x,x
65,8,upper,x,x,x,x
65,8,lower,x,x,x,x
66,1,upper,x,x,x,x
66,1,lower,x,x,x,x
66,2,upper,x,x,x,x
66,2,lower,x,x,x,x
66,3,upper,x,x,x,x
66,3,lower,x,x,x,x
66,4,upper,x,x,x,x
66,4,lower,x,x,x,x
66,5,upper,x,x,x,x
66,5,lower,x,x,x,x
66,6,upper,x,x,x,x
66,6,lower,x,x,x,x
66,7,upper,x,x,x,x
66,7,lower,x,x,x,x
66,8,upper,x,x,x,x
66,8,lower,x,x,x,x
67,1,upper,x,x,x,x
67,1,lower,x,x,x,x
67,2,upper,x,x,x,x
67,2,lower,x,x,x,x
67,3,upper,x,x,x,x
67,3,lower,x,x,x,x
67,4,upper,x,x,x,x
67,4,lower,x,x,x,x
67,5,upper,x,x,x,x
67,5,lower,x,x,x,x
67,6,upper,x,x,x,x
67,6,lower,x,x,x,x
67,7,upper,x,x,x,x
67,7,lower,x,x,x,x
67,8,upper,x,x,x,x
67,8,lower,x,x,x,x
68,1,upper,x,x,x,x
68,1,lower,x,x,x,x
68,2,upper,x,x,x,x
68,2,lower,x,x,x,x
68,3,upper,x,x,x,x
68,3,lower,x,x,x,x
68,4,upper,x,x,x,x
68,4,lower,x,x,x,x
68,5,upper,x,x,x,x
68,5,lower,x,x,x,x
68,6,upper,x,x,x,x
68,6,lower,x,x,x,x
68,7,upper,x,x,x,x
68,7,lower,x,x,x,x
68,8,upper,x,x,x,x
68,8,lower,x,x,x,x
69,1,upper,x,x,x,x
69,1,lower,x,x,x,x
69,2,upper,x,x,x,x
69,2,lower,x,x,x,x
69,3,upper,x,x,x,x
69,3,lower,x,x,x,x
69,4,upper,x,x,x,x
69,4,lower,x,x,x,x
69,5,upper,x,x,x,x
69,5,lower,x,x,x,x
69,6,upper,x,x,x,x
69,6,lower,x,x,x,x
69,7,upper,x,x,x,x
69,7,lower,x,x,x,x
69,8,upper,x,x,x,x
69,8,lower,x,x,x,x
70,1,upper,x,x,x,x
70,1,lower,x,x,x,x
70,2,upper,x,x,x,x
70,2,lower,x,x,x,x
70,3,upper,x,x,x,x
70,3,lower,x,x,x,x
70,4,upper,x,x,x,x
70,4,lower,x,x,x,x
70,5,upper,x,x,x,x
70,5,lower,x,x,x,x
70,6,upper,x,x,x,x
70,6,lower,x,x,x,x
70,7,upper,x,x,x,x
70,7,lower,x,x,x,x
70,8,upper,x,x,x,x
70,8,lower,x,x,x,x
71,1,upper,x,x,x,x
71,1,lower,x,x,x,x
71,2,upper,x,x,x,x
71,2,lower,x,x,x,x
71,3,upper,x,x,x,x
71,3,lower,x,x,x,x
71,4,upper,x,x,x,x
71,4,lower,x,x,x,x
71,5,upper,x,x,x,x
71,5,lower,x,x,x,x
71,6,upper,x,x,x,x
71,6,lower,x,x,x,x
71,7,upper,x,x,x,x
71,7,lower,x,x,x,x
71,8,upper,x,x,x,x
71,8,lower,x,x,x,x
72,1,upper,x,x,x,x
72,1,lower,x,x,x,x
72,2,upper,x,x,x,x
72,2,lower,x,x,x,x
72,3,upper,x,x,x,x
72,3,lower,x,x,x,x
72,4,upper,x,x,x,x
72,4,lower,x,x,x,x
72,5,upper,x,x,x,x
72,5,lower,x,x,x,x
72,6,upper,x,x,x,x
72,6,lower,x,x,x,x
72,7,upper,x,x,x,x
72,7,lower,x,x,x,x
72,8,upper,x,x,x,x
72,8,lower,x,x,x,x
73,1,upper,x,x,x,x
73,1,lower,x,x,x,x
73,2,upper,x,x,x,x
73,2,lower,x,x,x,x
73,3,upper,x,x,x,x
73,3,lower,x,x,x,x
73,4,upper,x,x,x,x
73,4,lower,x,x,x,x
73,5,upper,x,x,x,x
73,5,lower,x,x,x,x
73,6,upper,x,x,x,x
73,6,lower,x,x,x,x
73,7,upper,x,x,x,x
73,7,lower,x,x,x,x
73,8,upper,x,x,x,x
73,8,lower,x,x,x,x
74,1,upper,x,x,x,x
74,1,lower,x,x,x,x
74,2,upper,x,x,x,x
74,2,lower,x,x,x,x
74,3,upper,x,x,x,x
74,3,lower,x,x,x,x
74,4,upper,x,x,x,x
74,4,lower,x,x,x,x
74,5,upper,x,x,x,x
74,5,lower,x,x,x,x
74,6,upper,x,x,x,x
74,6,lower,x,x,x,x
74,7,upper,x,x,x,x
74,7,lower,x,x,x,x
74,8,upper,x,x,x,x
74,8,lower,x,x,x,x
75,1,upper,x,x,x,x
75,1,lower,x,x,x,x
75,2,upper,x,x,x,x
75,2,lower,x,x,x,x
75,3,upper,x,x,x,x
75,3,lower,x,x,x,x
75,4,upper,x,x,x,x
75,4,lower,x,x,x,x
75,5,upper,x,x,x,x
75,5,lower,x,x,x,x
75,6,upper,x,x,x,x
75,6,lower,x,x,x,x
75,7,upper,x,x,x,x
75,7,lower,x,x,x,x
75,8,upper,x,x,x,x
75,8,lower,x,x,x,x
76,1,upper,x,x,x,x
76,1,lower,x,x,x,x
76,2,upper,x,x,x,x
76,2,lower,x,x,x,x
76,3,upper,x,x,x,x
76,3,lower,x,x,x,x
76,4,upper,x,x,x,x
76,4,lower,x,x,x,x
76,5,upper,x,x,x,x
76,5,lower,x,x,x,x
76,6,upper,x,x,x,x
76,6,lower,x,x,x,x
76,7,upper,x,x,x,x
76,7,lower,x,x,x,x
76,8,upper,x,x,x,x
76,8,lower,x,x,x,x
77,1,upper,x,x,x,x
77,1,lower,x,x,x,x
77,2,upper,x,x,x,x
77,2,lower,x,x,x,x
77,3,upper,x,x,x,x
77,3,lower,x,x,x,x
77,4,upper,x,x,x,x
77,4,lower,x,x,x,x
77,5,upper,x,x,x,x
77,5,lower,x,x,x,x
77,6,upper,x,x,x,x
77,6,lower,x,x,x,x
77,7,upper,x,x,x,x
77,7,lower,x,x,x,x
77,8,upper,x,x,x,x
77,8,lower,x,x,x,x
78,1,upper,x,x,x,x
78,1,lower,x,x,x,x
78,2,upper,x,x,x,x
78,2,lower,x,x,x,x
78,3,upper,x,x,x,x
78,3,lower,x,x,x,x
78,4,upper,x,x,x,x
78,4,lower,x,x,x,x
78,5,upper,x,x,x,x
78,5,lower,x,x,x,x
78,6,upper,x,x,x,x
78,6,lower,x,x,x,x
78,7,upper,x,x,x,x
78,7,lower,x,x,x,x
78,8,upper,x,x,x,x
78,8,lower,x,x,x,x
79,1,upper,x,x,x,x
79,1,lower,x,x,x,x
79,2,upper,x,x,x,x
79,2,lower,x,x,x,x
79,3,upper,x,x,x,x
79,3,lower,x,x,x,x
79,4,upper,x,x,x,x
79,4,lower,x,x,x,x
79,5,upper,x,x,x,x
79,5,lower,x,x,x,x
79,6,upper,x,x,x,x
79,6,lower,x,x,x,x
79,7,upper,x,x,x,x
79,7,lower,x,x,x,x
79,8,upper,x,x,x,x
79,8,lower,x,x,x,x
80,1,upper,x,x,x,x
80,1,lower,x,x,x,x
80,2,upper,x,x,x,x
80,2,lower,x,x,x,x
80,3,upper,x,x,x,x
80,3,lower,x,x,x,x
80,4,upper,x,x,x,x
80,4,lower,x,x,x,x
80,5,upper,x,x,x,x
80,5,lower,x,x,x,x
80,6,upper,x,x,x,x
80,6,lower,x,x,x,x
80,7,upper,x,x,x,x
80,7,lower,x,x,x,x
80,8,upper,x,x,x,x
80,8,lower,x,x,x,x
81,1,upper,x,x,x,x
81,1,lower,x,x,x,x
81,2,upper,x,x,x,x
81,2,lower,x,x,x,x
81,3,upper,x,x,x,x
81,3,lower,x,x,x,x
81,4,upper,x,x,x,x
81,4,lower,x,x,x,x
81,5,upper,x,x,x,x
81,5,lower,x,x,x,x
81,6,upper,x,x,x,x
81,6,lower,x,x,x,x
81,7,upper,x,x,x,x
81,7,lower,x,x,x,x
81,8,upper,x,x,x,x
81,8,lower,x,x,x,x
82,1,upper,x,x,x,x
82,1,lower,x,x,x,x
82,2,upper,x,x,x,x
82,2,lower,x,x,x,x
82,3,upper,x,x,x,x
82,3,lower,x,x,x,x
82,4,upper,x,x,x,x
82,4,lower,x,x,x,x
82,5,upper,x,x,x,x
82,5,lower,x,x,x,x
82,6,upper,x,x,x,x
82,6,lower,x,x,x,x
82,7,upper,x,x,x,x
82,7,lower,x,x,x,x
82,8,upper,x,x,x,x
82,8,lower,x,x,x,x
83,1,upper,x,x,x,x
83,1,lower,x,x,x,x
83,2,upper,x,x,x,x
83,2,lower,x,x,x,x
83,3,upper,x,x,x,x
83,3,lower,x,x,x,x
83,4,upper,x,x,x,x
83,4,lower,x,x,x,x
83,5,upper,x,x,x,x
83,5,lower,x,x,x,x
83,6,upper,x,x,x,x
83,6,lower,x,x,x,x
83,7,upper,x,x,x,x
83,7,lower,x,x,x,x
83,8,upper,x,x,x,x
83,8,lower,x,x,x,x
84,1,upper,x,x,x,x
84,1,lower,x,x,x,x
84,2,upper,x,x,x,x
84,2,lower,x,x,x,x
84,3,upper,x,x,x,x
84,3,lower,x,x,x,x
84,4,upper,x,x,x,x
84,4,lower,x,x,x,x
84,5,upper,x,x,x,x
84,5,lower,x,x,x,x
84,6,upper,x,x,x,x
84,6,lower,x,x,x,x
84,7,upper,x,x,x,x
84,7,lower,x,x,x,x
84,8,upper,x,x,x,x
84,8,lower,x,x,x,x
85,1,upper,x,x,x,x
85,1,lower,x,x,x,x
85,2,upper,x,x,x,x
85,2,lower,x,x,x,x
85,3,upper,x,x,x,x
85,3,lower,x,x,x,x
85,4,upper,x,x,x,x
85,4,lower,x,x,x,x
85,5,upper,x,x,x,x
85,5,lower,x,x,x,x
85,6,upper,x,x,x,x
85,6,lower,x,x,x,x
85,7,upper,x,x,x,x
85,7,lower,x,x,x,x
85,8,upper,x,x,x,x
85,8,lower,x,x,x,x
86,1,upper,x,x,x,x
86,1,lower,x,x,x,x
86,2,upper,x,x,x,x
86,2,lower,x,x,x,x
86,3,upper,x,x,x,x
86,3,lower,x,x,x,x
86,4,upper,x,x,x,x
86,4,lower,x,x,x,x
86,5,upper,x,x,x,x
86,5,lower,x,x,x,x
86,6,upper,x,x,x,x
86,6,lower,x,x,x,x
86,7,upper,x,x,x,x
86,7,lower,x,x,x,x
86,8,upper,x,x,x,x
86,8,lower,x,x,x,x
87,1,upper,x,x,x,x
87,1,lower,x,x,x,x
87,2,upper,x,x,x,x
87,2,lower,x,x,x,x
87,3,upper,x,x,x,x
87,3,lower,x,x,x,x
87,4,upper,x,x,x,x
87,4,lower,x,x,x,x
87,5,upper,x,x,x,x
87,5,lower,x,x,x,x
87,6,upper,x,x,x,x
87,6,lower,x,x,x,x
87,7,upper,x,x,x,x
87,7,lower,x,x,x,x
87,8,upper,x,x,x,x
87,8,lower,x,x,x,x
88,1,upper,x,x,x,x
88,1,lower,x,x,x,x
88,2,upper,x,x,x,x
88,2,lower,x,x,x,x
88,3,upper,x,x,x,x
88,3,lower,x,x,x,x
88,4,upper,x,x,x,x
88,4,lower,x,x,x,x
88,5,upper,x,x,x,x
88,5,lower,x,x,x,x
88,6,upper,x,x,x,x
88,6,lower,x,x,x,x
88,7,upper,x,x,x,x
88,7,lower,x,x,x,x
88,8,upper,x,x,x,x
88,8,lower,x,x,x,x
89,1,upper,x,x,x,x
89,1,lower,x,x,x,x
89,2,upper,x,x,x,x
89,2,lower,x,x,x,x
89,3,upper,x,x,x,x
89,3,lower,x,x,x,x
89,4,upper,x,x,x,x
89,4,lower,x,x,x,x
89,5,upper,x,x,x,x
89,5,lower,x,x,x,x
89,6,upper,x,x,x,x
89,6,lower,x,x,x,x
89,7,upper,x,x,x,x
89,7,lower,x,x,x,x
89,8,upper,x,x,x,x
89,8,lower,x,x,x,x
90,1,upper,x,x,x,x
90,1,lower,x,x,x,x
90,2,upper,x,x,x,x
90,2,lower,x,x,x,x
90,3,upper,x,x,x,x
90,3,lower,x,x,x,x
90,4,upper,x,x,x,x
90,4,lower,x,x,x,x
90,5,upper,x,x,x,x
90,5,lower,x,x,x,x
90,6,upper,x,x,x,x
90,6,lower,x,x,x,x
90,7,upper,x,x,x,x
90,7,lower,x,x,x,x
90,8,upper,x,x,x,x
90,8,lower,x,x,x,x
91,1,upper,x,x,x,x
91,1,lower,x,x,x,x
91,2,upper,x,x,x,x
91,2,lower,x,x,x,x
91,3,upper,x,x,x,x
91,3,lower,x,x,x,x
91,4,upper,x,x,x,x
91,4,lower,x,x,x,x
91,5,upper,x,x,x,x
91,5,lower,x,x,x,x
91,6,upper,x,x,x,x
91,6,lower,x,x,x,x
91,7,upper,x,x,x,x
91,7,lower,x,x,x,x
91,8,upper,x,x,x,x
91,8,lower,x,x,x,x
92,1,upper,x,x,x,x
92,1,lower,x,x,x,x
92,2,upper,x,x,x,x
92,2,lower,x,x,x,x
92,3,upper,x,x,x,x
92,3,lower,x,x,x,x
92,4,upper,x,x,x,x
92,4,lower,x,x,x,x
92,5,upper,x,x,x,x
92,5,lower,x,x,x,x
92,6,upper,x,x,x,x
92,6,lower,x,x,x,x
92,7,upper,x,x,x,x
92,7,lower,x,x,x,x
92,8,upper,x,x,x,x
92,8,lower,x,x,x,x
93,1,upper,x,x,x,x
93,1,lower,x,x,x,x
93,2,upper,x,x,x,x
93,2,lower,x,x,x,x
93,3,upper,x,x,x,x
93,3,lower,x,x,x,x
93,4,upper,x,x,x,x
93,4,lower,x,x,x,x
93,5,upper,x,x,x,x
93,5,lower,x,x,x,x
93,6,upper,x,x,x,x
93,6,lower,x,x,x,x
93,7,upper,x,x,x,x
93,7,lower,x,x,x,x
93,8,upper,x,x,x,x
93,8,lower,x,x,x,x
94,1,upper,x,x,x,x
94,1,lower,x,x,x,x
94,2,upper,x,x,x,x
94,2,lower,x,x,x,x
94,3,upper,x,x,x,x
94,3,lower,x,x,x,x
94,4,upper,x,x,x,x
94,4,lower,x,x,x,x
94,5,upper,x,x,x,x
94,5,lower,x,x,x,x
94,6,upper,x,x,x,x
94,6,lower,x,x,x,x
94,7,upper,x,x,x,x
94,7,lower,x,x,x,x
94,8,upper,x,x,x,x
94,8,lower,x,x,x,x
95,1,upper,x,x,x,x
95,1,lower,x,x,x,x
95,2,upper,x,x,x,x
95,2,lower,x,x,x,x
95,3,upper,x,x,x,x
95,3,lower,x,x,x,x
95,4,upper,x,x,x,x
95,4,lower,x,x,x,x
95,5,upper,x,x,x,x
95,5,lower,x,x,x,x
95,6,upper,x,x,x,x
95,6,lower,x,x,x,x
95,7,upper,x,x,x,x
95,7,lower,x,x,x,x
95,8,upper,x,x,x,x
95,8,lower,x,x,x,x
96,1,upper,x,x,x,x
96,1,lower,x,x,x,x
96,2,upper,x,x,x,x
96,2,lower,x,x,x,x
96,3,upper,x,x,x,x
96,3,lower,x,x,x,x
96,4,upper,x,x,x,x
96,4,lower,x,x,x,x
96,5,upper,x,x,x,x
96,5,lower,x,x,x,x
96,6,upper,x,x,x,x
96,6,lower,x,x,x,x
96,7,upper,x,x,x,x
96,7,lower,x,x,x,x
96,8,upper,x,x,x,x
96,8,lower,x,x,x,x
97,1,upper,x,x,x,x
97,1,lower,x,x,x,x
97,2,upper,x,x,x,x
97,2,lower,x,x,x,x
97,3,upper,x,x,x,x
97,3,lower,x,x,x,x
97,4,upper,x,x,x,x
97,4,lower,x,x,x,x
97,5,upper,x,x,x,x
97,5,lower,x,x,x,x
97,6,upper,x,x,x,x
97,6,lower,x,x,x,x
97,7,upper,x,x,x,x
97,7,lower,x,x,x,x
97,8,upper,x,x,x,x
97,8,lower,x,x,x,x
98,1,upper,x,x,x,x
98,1,lower,x,x,x,x
98,2,upper,x,x,x,x
98,2,lower,x,x,x,x
98,3,upper,x,x,x,x
98,3,lower,x,x,x,x
98,4,upper,x,x,x,x
98,4,lower,x,x,x,x
98,5,upper,x,x,x,x
98,5,lower,x,x,x,x
98,6,upper,x,x,x,x
98,6,lower,x,x,x,x
98,7,upper,x,x,x,x
98,7,lower,x,x,x,x
98,8,upper,x,x,x,x
98,8,lower,x,x,x,x
99,1,upper,x,x,x,x
99,1,lower,x,x,x,x
99,2,upper,x,x,x,x
99,2,lower,x,x,x,x
99,3,upper,x,x,x,x
99,3,lower,x,x,x,x
99,4,upper,x,x,x,x
99,4,lower,x,x,x,x
99,5,upper,x,x,x,x
99,5,lower,x,x,x,x
99,6,upper,x,x,x,x
99,6,lower,x,x,x,x
99,7,upper,x,x,x,x
99,7,lower,x,x,x,x
99,8,upper,x,x,x,x
99,8,lower,x,x,x,x
100,1,upper,x,x,x,x
100,1,lower,x,x,x,x
100,2,upper,x,x,x,x
100,2,lower,x,x,x,x
100,3,upper,x,x,x,x
100,3,lower,x,x,x,x
100,4,upper,x,x,x,x
100,4,lower,x,x,x,x
100,5,upper,x,x,x,x
100,5,lower,x,x,x,x
100,6,upper,x,x,x,x
100,6,lower,x,x,x,x
100,7,upper,x,x,x,x
100,7,lower,x,x,x,x
100,8,upper,x,x,x,x
100,8,lower,x,x,x,x
101,1,upper,x,x,x,x
101,1,lower,x,x,x,x
101,2,upper,x,x,x,x
101,2,lower,x,x,x,x
101,3,upper,x,x,x,x
101,3,lower,x,x,x,x
101,4,upper,x,x,x,x
101,4,lower,x,x,x,x
101,5,upper,x,x,x,x
101,5,lower,x,x,x,x
101,6,upper,x,x,x,x
101,6,lower,x,x,x,x
101,7,upper,x,x,x,x
101,7,lower,x,x,x,x
101,8,upper,x,x,x,x
101,8,lower,x,x,x,x
102,1,upper,x,x,x,x
102,1,lower,x,x,x,x
102,2,upper,x,x,x,x
102,2,lower,x,x,x,x
102,3,upper,x,x,x,x
102,3,lower,x,x,x,x
102,4,upper,x,x,x,x
102,4,lower,x,x,x,x
102,5,upper,x,x,x,x
102,5,lower,x,x,x,x
102,6,upper,x,x,x,x
102,6,lower,x,x,x,x
102,7,upper,x,x,x,x
102,7,lower,x,x,x,x
102,8,upper,x,x,x,x
102,8,lower,x,x,x,x
103,1,upper,x,x,x,x
103,1,lower,x,x,x,x
103,2,upper,x,x,x,x
103,2,lower,x,x,x,x
103,3,upper,x,x,x,x
103,3,lower,x,x,x,x
103,4,upper,x,x,x,x
103,4,lower,x,x,x,x
103,5,upper,x,x,x,x
103,5,lower,x,x,x,x
103,6,upper,x,x,x,x
103,6,lower,x,x,x,x
103,7,upper,x,x,x,x
103,7,lower,x,x,x,x
103,8,upper,x,x,x,x
103,8,lower,x,x,x,x
104,1,upper,x,x,x,x
104,1,lower,x,x,x,x
104,2,upper,x,x,x,x
104,2,lower,x,x,x,x
104,3,upper,x,x,x,x
104,3,lower,x,x,x,x
104,4,upper,x,x,x,x
104,4,lower,x,x,x,x
104,5,upper,x,x,x,x
104,5,lower,x,x,x,x
104,6,upper,x,x,x,x
104,6,lower,x,x,x,x
104,7,upper,x,x,x,x
104,7,lower,x,x,x,x
104,8,upper,x,x,x,x
104,8,lower,x,x,x,x
105,1,upper,x,x,x,x
105,1,lower,x,x,x,x
105,2,upper,x,x,x,x
105,2,lower,x,x,x,x
105,3,upper,x,x,x,x
105,3,lower,x,x,x,x
105,4,upper,x,x,x,x
105,4,lower,x,x,x,x
105,5,upper,x,x,x,x
105,5,lower,x,x,x,x
105,6,upper,x,x,x,x
105,6,lower,x,x,x,x
105,7,upper,x,x,x,x
105,7,lower,x,x,x,x
105,8,upper,x,x,x,x
105,8,lower,x,x,x,x
106,1,upper,x,x,x,x
106,1,lower,x,x,x,x
106,2,upper,x,x,x,x
106,2,lower,x,x,x,x
106,3,upper,x,x,x,x
106,3,lower,x,x,x,x
106,4,upper,x,x,x,x
106,4,lower,x,x,x,x
106,5,upper,x,x,x,x
106,5,lower,x,x,x,x
106,6,upper,x,x,x,x
106,6,lower,x,x,x,x
106,7,upper,x,x,x,x
106,7,lower,x,x,x,x
106,8,upper,x,x,x,x
106,8,lower,x,x,x,x
107,1,upper,x,x,x,x
107,1,lower,x,x,x,x
107,2,upper,x,x,x,x
107,2,lower,x,x,x,x
107,3,upper,x,x,x,x
107,3,lower,x,x,x,x
107,4,upper,x,x,x,x
107,4,lower,x,x,x,x
107,5,upper,x,x,x,x
107,5,lower,x,x,x,x
107,6,upper,x,x,x,x
107,6,lower,x,x,x,x
107,7,upper,x,x,x,x
107,7,lower,x,x,x,x
107,8,upper,x,x,x,x
107,8,lower,x,x,x,x
108,1,upper,x,x,x,x
108,1,lower,x,x,x,x
108,2,upper,x,x,x,x
108,2,lower,x,x,x,x
108,3,upper,x,x,x,x
108,3,lower,x,x,x,x
108,4,upper,x,x,x,x
108,4,lower,x,x,x,x
108,5,upper,x,x,x,x
108,5,lower,x,x,x,x
108,6,upper,x,x,x,x
108,6,lower,x,x,x,x
108,7,upper,x,x,x,x
108,7,lower,x,x,x,x
108,8,upper,x,x,x,x
108,8,lower,x,x,x,x
109,1,upper,x,x,x,x
109,1,lower,x,x,x,x
109,2,upper,x,x,x,x
109,2,lower,x,x,x,x
109,3,upper,x,x,x,x
109,3,lower,x,x,x,x
109,4,upper,x,x,x,x
109,4,lower,x,x,x,x
109,5,upper,x,x,x,x
109,5,lower,x,x,x,x
109,6,upper,x,x,x,x
109,6,lower,x,x,x,x
109,7,upper,x,x,x,x
109,7,lower,x,x,x,x
109,8,upper,x,x,x,x
109,8,lower,x,x,x,x
110,1,upper,x,x,x,x
110,1,lower,x,x,x,x
110,2,upper,x,x,x,x
110,2,lower,x,x,x,x
110,3,upper,x,x,x,x
110,3,lower,x,x,x,x
110,4,upper,x,x,x,x
110,4,lower,x,x,x,x
110,5,upper,x,x,x,x
110,5,lower,x,x,x,x
110,6,upper,x,x,x,x
110,6,lower,x,x,x,x
110,7,upper,x,x,x,x
110,7,lower,x,x,x,x
110,8,upper,x,x,x,x
110,8,lower,x,x,x,x
111,1,upper,x,x,x,x
111,1,lower,x,x,x,x
111,2,upper,x,x,x,x
111,2,lower,x,x,x,x
111,3,upper,x,x,x,x
111,3,lower,x,x,x,x
111,4,upper,x,x,x,x
111,4,lower,x,x,x,x
111,5,upper,x,x,x,x
111,5,lower,x,x,x,x
111,6,upper,x,x,x,x
111,6,lower,x,x,x,x
111,7,upper,x,x,x,x
111,7,lower,x,x,x,x
111,8,upper,x,x,x,x
111,8,lower,x,x,x,x
112,1,upper,x,x,x,x
112,1,lower,x,x,x,x
112,2,upper,x,x,x,x
112,2,lower,x,x,x,x
112,3,upper,x,x,x,x
112,3,lower,x,x,x,x
112,4,upper,x,x,x,x
112,4,lower,x,x,x,x
112,5,upper,x,x,x,x
112,5,lower,x,x,x,x
112,6,upper,x,x,x,x
112,6,lower,x,x,x,x
112,7,upper,x,x,x,x
112,7,lower,x,x,x,x
112,8,upper,x,x,x,x
112,8,lower,x,x,x,x
113,1,upper,x,x,x,x
113,1,lower,x,x,x,x
113,2,upper,x,x,x,x
113,2,lower,x,x,x,x
113,3,upper,x,x,x,x
113,3,lower,x,x,x,x
113,4,upper,x,x,x,x
113,4,lower,x,x,x,x
113,5,upper,x,x,x,x
113,5,lower,x,x,x,x
113,6,upper,x,x,x,x
113,6,lower,x,x,x,x
113,7,upper,x,x,x,x
113,7,lower,x,x,x,x
113,8,upper,x,x,x,x
113,8,lower,x,x,x,x
114,1,upper,x,x,x,x
114,1,lower,x,x,x,x
114,2,upper,x,x,x,x
114,2,lower,x,x,x,x
114,3,upper,x,x,x,x
114,3,lower,x,x,x,x
114,4,upper,x,x,x,x
114,4,lower,x,x,x,x
114,5,upper,x,x,x,x
114,5,lower,x,x,x,x
114,6,upper,x,x,x,x
114,6,lower,x,x,x,x
114,7,upper,x,x,x,x
114,7,lower,x,x,x,x
114,8,upper,x,x,x,x
114,8,lower,x,x,x,x
115,1,upper,x,x,x,x
115,1,lower,x,x,x,x
115,2,upper,x,x,x,x
115,2,lower,x,x,x,x
115,3,upper,x,x,x,x
115,3,lower,x,x,x,x
115,4,upper,x,x,x,x
115,4,lower,x,x,x,x
115,5,upper,x,x,x,x
115,5,lower,x,x,x,x
115,6,upper,x,x,x,x
115,6,lower,x,x,x,x
115,7,upper,x,x,x,x
115,7,lower,x,x,x,x
115,8,upper,x,x,x,x
115,8,lower,x,x,x,x
116,1,upper,x,x,x,x
116,1,lower,x,x,x,x
116,2,upper,x,x,x,x
116,2,lower,x,x,x,x
116,3,upper,x,x,x,x
116,3,lower,x,x,x,x
116,4,upper,x,x,x,x
116,4,lower,x,x,x,x
116,5,upper,x,x,x,x
116,5,lower,x,x,x,x
116,6,upper,x,x,x,x
116,6,lower,x,x,x,x
116,7,upper,x,x,x,x
116,7,lower,x,x,x,x
116,8,upper,x,x,x,x
116,8,lower,x,x,x,x
117,1,upper,x,x,x,x
117,1,lower,x,x,x,x
117,2,upper,x,x,x,x
117,2,lower,x,x,x,x
117,3,upper,x,x,x,x
117,3,lower,x,x,x,x
117,4,upper,x,x,x,x
117,4,lower,x,x,x,x
117,5,upper,x,x,x,x
117,5,lower,x,x,x,x
117,6,upper,x,x,x,x
117,6,lower,x,x,x,x
117,7,upper,x,x,x,x
117,7,lower,x,x,x,x
117,8,upper,x,x,x,x
117,8,lower,x,x,x,x
118,1,upper,x,x,x,x
118,1,lower,x,x,x,x
118,2,upper,x,x,x,x
118,2,lower,x,x,x,x
118,3,upper,x,x,x,x
118,3,lower,x,x,x,x
118,4,upper,x,x,x,x
118,4,lower,x,x,x,x
118,5,upper,x,x,x,x
118,5,lower,x,x,x,x
118,6,upper,x,x,x,x
118,6,lower,x,x,x,x
118,7,upper,x,x,x,x
118,7,lower,x,x,x,x
118,8,upper,x,x,x,x
118,8,lower,x,x,x,x
119,1,upper,x,x,x,x
119,1,lower,x,x,x,x
119,2,upper,x,x,x,x
119,2,lower,x,x,x,x
119,3,upper,x,x,x,x
119,3,lower,x,x,x,x
119,4,upper,x,x,x,x
119,4,lower,x,x,x,x
119,5,upper,x,x,x,x
119,5,lower,x,x,x,x
119,6,upper,x,x,x,x
119,6,lower,x,x,x,x
119,7,upper,x,x,x,x
119,7,lower,x,x,x,x
119,8,upper,x,x,x,x
119,8,lower,x,x,x,x
120,1,upper,x,x,x,x
120,1,lower,x,x,x,x
120,2,upper,x,x,x,x
120,2,lower,x,x,x,x
120,3,upper,x,x,x,x
120,3,lower,x,x,x,x
120,4,upper,x,x,x,x
120,4,lower,x,x,x,x
120,5,upper,x,x,x,x
120,5,lower,x,x,x,x
120,6,upper,x,x,x,x
120,6,lower,x,x,x,x
120,7,upper,x,x,x,x
120,7,lower,x,x,x,x
120,8,upper,x,x,x,x
120,8,lower,x,x,x,x
121,1,upper,x,x,x,x
121,1,lower,x,x,x,x
121,2,upper,x,x,x,x
121,2,lower,x,x,x,x
121,3,upper,x,x,x,x
121,3,lower,x,x,x,x
121,4,upper,x,x,x,x
121,4,lower,x,x,x,x
121,5,upper,x,x,x,x
121,5,lower,x,x,x,x
121,6,upper,x,x,x,x
121,6,lower,x,x,x,x
121,7,upper,x,x,x,x
121,7,lower,x,x,x,x
121,8,upper,x,x,x,x
121,8,lower,x,x,x,x
122,1,upper,x,x,x,x
122,1,lower,x,x,x,x
122,2,upper,x,x,x,x
122,2,lower,x,x,x,x
122,3,upper,x,x,x,x
122,3,lower,x,x,x,x
122,4,upper,x,x,x,x
122,4,lower,x,x,x,x
122,5,upper,x,x,x,x
122,5,lower,x,x,x,x
122,6,upper,x,x,x,x
122,6,lower,x,x,x,x
122,7,upper,x,x,x,x
122,7,lower,x,x,x,x
122,8,upper,x,x,x,x
122,8,lower,x,x,x,x
123,1,upper,x,x,x,x
123,1,lower,x,x,x,x
123,2,upper,x,x,x,x
123,2,lower,x,x,x,x
123,3,upper,x,x,x,x
123,3,lower,x,x,x,x
123,4,upper,x,x,x,x
123,4,lower,x,x,x,x
123,5,upper,x,x,x,x
123,5,lower,x,x,x,x
123,6,upper,x,x,x,x
123,6,lower,x,x,x,x
123,7,upper,x,x,x,x
123,7,lower,x,x,x,x
123,8,upper,x,x,x,x
123,8,lower,x,x,x,x
124,1,upper,x,x,x,x
124,1,lower,x,x,x,x
124,2,upper,x,x,x,x
124,2,lower,x,x,x,x
124,3,upper,x,x,x,x
124,3,lower,x,x,x,x
124,4,upper,x,x,x,x
124,4,lower,x,x,x,x
124,5,upper,x,x,x,x
124,5,lower,x,x,x,x
124,6,upper,x,x,x,x
124,6,lower,x,x,x,x
124,7,upper,x,x,x,x
124,7,lower,x,x,x,x
124,8,upper,x,x,x,x
124,8,lower,x,x,x,x
125,1,upper,x,x,x,x
125,1,lower,x,x,x,x
125,2,upper,x,x,x,x
125,2,lower,x,x,x,x
125,3,upper,x,x,x,x
125,3,lower,x,x,x,x
125,4,upper,x,x,x,x
125,4,lower,x,x,x,x
125,5,upper,x,x,x,x
125,5,lower,x,x,x,x
125,6,upper,x,x,x,x
125,6,lower,x,x,x,x
125,7,upper,x,x,x,x
125,7,lower,x,x,x,x
125,8,upper,x,x,x,x
125,8,lower,x,x,x,x
126,1,upper,x,x,x,x
126,1,lower,x,x,x,x
126,2,upper,x,x,x,x
126,2,lower,x,x,x,x
126,3,upper,x,x,x,x
126,3,lower,x,x,x,x
126,4,upper,x,x,x,x
126,4,lower,x,x,x,x
126,5,upper,x,x,x,x
126,5,lower,x,x,x,x
126,6,upper,x,x,x,x
126,6,lower,x,x,x,x
126,7,upper,x,x,x,x
126,7,lower,x,x,x,x
126,8,upper,x,x,x,x
126,8,lower,x,x,x,x
127,1,upper,x,x,x,x
127,1,lower,x,x,x,x
127,2,upper,x,x,x,x
127,2,lower,x,x,x,x
127,3,upper,x,x,x,x
127,3,lower,x,x,x,x
127,4,upper,x,x,x,x
127,4,lower,x,x,x,x
127,5,upper,x,x,x,x
127,5,lower,x,x,x,x
127,6,upper,x,x,x,x
127,6,lower,x,x,x,x
127,7,upper,x,x,x,x
127,7,lower,x,x,x,x
127,8,upper,x,x,x,x
127,8,lower,x,x,x,x
128,1,upper,0,0,0,0
128,1,lower,0,0,0,0
128,2,upper,x,x,x,x
128,2,lower,x,x,x,x
128,3,upper,x,x,x,x
128,3,lower,x,x,x,x
128,4,upper,x,x,x,x
128,4,lower,x,x,x,x
128,5,upper,x,x,x,x
128,5,lower,x,x,x,x
128,6,upper,x,x,x,x
128,6,lower,x,x,x,x
128,7,upper,x,x,x,x
128,7,lower,x,x,x,x
128,8,upper,x,x,x,x
128,8,lower,x,x,x,x
129,1,upper,0,0,0,0
129,1,lower,0,0,0,0
129,2,upper,x,x,x,x
129,2,lower,x,x,x,x
129,3,upper,x,x,x,x
129,3,lower,x,x,x,x
129,4,upper,x,x,x,x
129,4,lower,x,x,x,x
129,5,upper,x,x,x,x
129,5,lower,x,x,x,x
129,6,upper,x,x,x,x
129,6,lower,x,x,x,x
129,7,upper,x,x,x,x
129,7,lower,x,x,x,x
129,8,upper,x,x,x,x
129,8,lower,x,x,x,x
130,1,upper,0,0,0,0
130,1,lower,0,0,0,0
130,2,upper,x,x,x,x
130,2,lower,x,x,x,x
130,3,upper,x,x,x,x
130,3,lower,x,x,x,x
130,4,upper,x,x,x,x
130,4,lower,x,x,x,x
130,5,upper,x,x,x,x
130,5,lower,x,x,x,x
130,6,upper,x,x,x,x
130,6,lower,x,x,x,x
130,7,upper,x,x,x,x
130,7,lower,x,x,x,x
130,8,upper,x,x,x,x
130,8,lower,x,x,x,x
131,1,upper,0,0,0,0
131,1,lower,0,0,0,0
131,2,upper,x,x,x,x
131,2,lower,x,x,x,x
131,3,upper,x,x,x,x
131,3,lower,x,x,x,x
131,4,upper,x,x,x,x
131,4,lower,x,x,x,x
131,5,upper,x,x,x,x
131,5,lower,x,x,x,x
131,6,upper,x,x,x,x
131,6,lower,x,x,x,x
131,7,upper,x,x,x,x
131,7,lower,x,x,x,x
131,8,upper,x,x,x,x
131,8,lower,x,x,x,x
132,1,upper,0,0,0,0
132,1,lower,0,0,0,0
132,2,upper,x,x,x,x
132,2,lower,x,x,x,x
132,3,upper,x,x,x,x
132,3,lower,x,x,x,x
132,4,upper,x,x,x,x
132,4,lower,x,x,x,x
132,5,upper,x,x,x,x
132,5,lower,x,x,x,x
132,6,upper,x,x,x,x
132,6,lower,x,x,x,x
132,7,upper,x,x,x,x
132,7,lower,x,x,x,x
132,8,upper,x,x,x,x
132,8,lower,x,x,x,x
133,1,upper,0,0,0,0
133,1,lower,0,0,0,0
133,2,upper,x,x,x,x
133,2,lower,x,x,x,x
133,3,upper,x,x,x,x
133,3,lower,x,x,x,x
133,4,upper,x,x,x,x
133,4,lower,x,x,x,x
133,5,upper,x,x,x,x
133,5,lower,x,x,x,x
133,6,upper,x,x,x,x
133,6,lower,x,x,x,x
133,7,upper,x,x,x,x
133,7,lower,x,x,x,x
133,8,upper,x,x,x,x
133,8,lower,x,x,x,x
134,1,upper,0,0,0,0
134,1,lower,0,0,0,0
134,2,upper,x,x,x,x
134,2,lower,x,x,x,x
134,3,upper,x,x,x,x
134,3,lower,x,x,x,x
134,4,upper,x,x,x,x
134,4,lower,x,x,x,x
134,5,upper,x,x,x,x
134,5,lower,x,x,x,x
134,6,upper,x,x,x,x
134,6,lower,x,x,x,x
134,7,upper,x,x,x,x
134,7,lower,x,x,x,x
134,8,upper,x,x,x,x
134,8,lower,x,x,x,x
135,1,upper,0,0,0,0
135,1,lower,0,0,0,0
135,2,upper,x,x,x,x
135,2,lower,x,x,x,x
135,3,upper,x,x,x,x
135,3,lower,x,x,x,x
135,4,upper,x,x,x,x
135,4,lower,x,x,x,x
135,5,upper,x,x,x,x
135,5,lower,x,x,x,x
135,6,upper,x,x,x,x
135,6,lower,x,x,x,x
135,7,upper,x,x,x,x
135,7,lower,x,x,x,x
135,8,upper,x,x,x,x
135,8,lower,x,x,x,x
136,1,upper,0,0,0,0
136,1,lower,0,0,0,0
136,2,upper,x,x,x,x
136,2,lower,x,x,x,x
136,3,upper,x,x,x,x
136,3,lower,x,x,x,x
136,4,upper,x,x,x,x
136,4,lower,x,x,x,x
136,5,upper,x,x,x,x
136,5,lower,x,x,x,x
136,6,upper,x,x,x,x
136,6,lower,x,x,x,x
136,7,upper,x,x,x,x
136,7,lower,x,x,x,x
136,8,upper,x,x,x,x
136,8,lower,x,x,x,x
137,1,upper,0,0,0,0
137,1,lower,0,0,0,0
137,2,upper,x,x,x,x
137,2,lower,x,x,x,x
137,3,upper,x,x,x,x
137,3,lower,x,x,x,x
137,4,upper,x,x,x,x
137,4,lower,x,x,x,x
137,5,upper,x,x,x,x
137,5,lower,x,x,x,x
137,6,upper,x,x,x,x
137,6,lower,x,x,x,x
137,7,upper,x,x,x,x
137,7,lower,x,x,x,x
137,8,upper,x,x,x,x
137,8,lower,x,x,x,x
138,1,upper,0,0,0,0
138,1,lower,0,0,0,0
138,2,upper,x,x,x,x
138,2,lower,x,x,x,x
138,3,upper,x,x,x,x
138,3,lower,x,x,x,x
138,4,upper,x,x,x,x
138,4,lower,x,x,x,x
138,5,upper,x,x,x,x
138,5,lower,x,x,x,x
138,6,upper,x,x,x,x
138,6,lower,x,x,x,x
138,7,upper,x,x,x,x
138,7,lower,x,x,x,x
138,8,upper,x,x,x,x
138,8,lower,x,x,x,x
139,1,upper,0,0,0,0
139,1,lower,0,0,0,0
139,2,upper,x,x,x,x
139,2,lower,x,x,x,x
139,3,upper,x,x,x,x
139,3,lower,x,x,x,x
139,4,upper,x,x,x,x
139,4,lower,x,x,x,x
139,5,upper,x,x,x,x
139,5,lower,x,x,x,x
139,6,upper,x,x,x,x
139,6,lower,x,x,x,x
139,7,upper,x,x,x,x
139,7,lower,x,x,x,x
139,8,upper,x,x,x,x
139,8,lower,x,x,x,x
140,1,upper,0,0,0,0
140,1,lower,0,0,0,0
140,2,upper,x,x,x,x
140,2,lower,x,x,x,x
140,3,upper,x,x,x,x
140,3,lower,x,x,x,x
140,4,upper,x,x,x,x
140,4,lower,x,x,x,x
140,5,upper,x,x,x,x
140,5,lower,x,x,x,x
140,6,upper,x,x,x,x
140,6,lower,x,x,x,x
140,7,upper,x,x,x,x
140,7,lower,x,x,x,x
140,8,upper,x,x,x,x
140,8,lower,x,x,x,x
141,1,upper,0,0,0,0
141,1,lower,0,0,0,0
141,2,upper,x,x,x,x
141,2,lower,x,x,x,x
141,3,upper,x,x,x,x
141,3,lower,x,x,x,x
141,4,upper,x,x,x,x
141,4,lower,x,x,x,x
141,5,upper,x,x,x,x
141,5,lower,x,x,x,x
141,6,upper,x,x,x,x
141,6,lower,x,x,x,x
141,7,upper,x,x,x,x
141,7,lower,x,x,x,x
141,8,upper,x,x,x,x
141,8,lower,x,x,x,x
142,1,upper,0,0,0,0
142,1,lower,0,0,0,0
142,2,upper,x,x,x,x
142,2,lower,x,x,x,x
142,3,upper,x,x,x,x
142,3,lower,x,x,x,x
142,4,upper,x,x,x,x
142,4,lower,x,x,x,x
142,5,upper,x,x,x,x
142,5,lower,x,x,x,x
142,6,upper,x,x,x,x
142,6,lower,x,x,x,x
142,7,upper,x,x,x,x
142,7,lower,x,x,x,x
142,8,upper,x,x,x,x
142,8,lower,x,x,x,x
143,1,upper,0,0,0,0
143,1,lower,0,0,0,0
143,2,upper,x,x,x,x
143,2,lower,x,x,x,x
143,3,upper,x,x,x,x
143,3,lower,x,x,x,x
143,4,upper,x,x,x,x
143,4,lower,x,x,x,x
143,5,upper,x,x,x,x
143,5,lower,x,x,x,x
143,6,upper,x,x,x,x
143,6,lower,x,x,x,x
143,7,upper,x,x,x,x
143,7,lower,x,x,x,x
143,8,upper,x,x,x,x
143,8,lower,x,x,x,x
144,1,upper,0,0,0,0
144,1,lower,0,0,0,0
144,2,upper,x,x,x,x
144,2,lower,x,x,x,x
144,3,upper,x,x,x,x
144,3,lower,x,x,x,x
144,4,upper,x,x,x,x
144,4,lower,x,x,x,x
144,5,upper,x,x,x,x
144,5,lower,x,x,x,x
144,6,upper,x,x,x,x
144,6,lower,x,x,x,x
144,7,upper,x,x,x,x
144,7,lower,x,x,x,x
144,8,upper,x,x,x,x
144,8,lower,x,x,x,x
145,1,upper,0,0,0,0
145,1,lower,0,0,0,0
145,2,upper,x,x,x,x
145,2,lower,x,x,x,x
145,3,upper,x,x,x,x
145,3,lower,x,x,x,x
145,4,upper,x,x,x,x
145,4,lower,x,x,x,x
145,5,upper,x,x,x,x
145,5,lower,x,x,x,x
145,6,upper,x,x,x,x
145,6,lower,x,x,x,x
145,7,upper,x,x,x,x
145,7,lower,x,x,x,x
145,8,upper,x,x,x,x
145,8,lower,x,x,x,x
146,1,upper,0,0,0,0
146,1,lower,0,0,0,0
146,2,upper,x,x,x,x
146,2,lower,x,x,x,x
146,3,upper,x,x,x,x
146,3,lower,x,x,x,x
146,4,upper,x,x,x,x
146,4,lower,x,x,x,x
146,5,upper,x,x,x,x
146,5,lower,x,x,x,x
146,6,upper,x,x,x,x
146,6,lower,x,x,x,x
146,7,upper,x,x,x,x
146,7,lower,x,x,x,x
146,8,upper,x,x,x,x
146,8,lower,x,x,x,x
147,1,upper,0,0,0,0
147,1,lower,0,0,0,0
147,2,upper,x,x,x,x
147,2,lower,x,x,x,x
147,3,upper,x,x,x,x
147,3,lower,x,x,x,x
147,4,upper,x,x,x,x
147,4,lower,x,x,x,x
147,5,upper,x,x,x,x
147,5,lower,x,x,x,x
147,6,upper,x,x,x,x
147,6,lower,x,x,x,x
147,7,upper,x,x,x,x
147,7,lower,x,x,x,x
147,8,upper,x,x,x,x
147,8,lower,x,x,x,x
148,1,upper,0,0,0,0
148,1,lower,0,0,0,0
148,2,upper,x,x,x,x
148,2,lower,x,x,x,x
148,3,upper,x,x,x,x
148,3,lower,x,x,x,x
148,4,upper,x,x,x,x
148,4,lower,x,x,x,x
148,5,upper,x,x,x,x
148,5,lower,x,x,x,x
148,6,upper,x,x,x,x
148,6,lower,x,x,x,x
148,7,upper,x,x,x,x
148,7,lower,x,x,x,x
148,8,upper,x,x,x,x
148,8,lower,x,x,x,x
149,1,upper,0,0,0,0
149,1,lower,0,0,0,0
149,2,upper,x,x,x,x
149,2,lower,x,x,x,x
149,3,upper,x,x,x,x
149,3,lower,x,x,x,x
149,4,upper,x,x,x,x
149,4,lower,x,x,x,x
149,5,upper,x,x,x,x
149,5,lower,x,x,x,x
149,6,upper,x,x,x,x
149,6,lower,x,x,x,x
149,7,upper,x,x,x,x
149,7,lower,x,x,x,x
149,8,upper,x,x,x,x
149,8,lower,x,x,x,x
150,1,upper,0,0,0,0
150,1,lower,0,0,0,0
150,2,upper,x,x,x,x
150,2,lower,x,x,x,x
150,3,upper,x,x,x,x
150,3,lower,x,x,x,x
150,4,upper,x,x,x,x
150,4,lower,x,x,x,x
150,5,upper,x,x,x,x
150,5,lower,x,x,x,x
150,6,upper,x,x,x,x
150,6,lower,x,x,x,x
150,7,upper,x,x,x,x
150,7,lower,x,x,x,x
150,8,upper,x,x,x,x
150,8,lower,x,x,x,x
151,1,upper,0,0,0,0
151,1,lower,0,0,0,0
151,2,upper,x,x,x,x
151,2,lower,x,x,x,x
151,3,upper,x,x,x,x
151,3,lower,x,x,x,x
151,4,upper,x,x,x,x
151,4,lower,x,x,x,x
151,5,upper,x,x,x,x
151,5,lower,x,x,x,x
151,6,upper,x,x,x,x
151,6,lower,x,x,x,x
151,7,upper,x,x,x,x
151,7,lower,x,x,x,x
151,8,upper,x,x,x,x
151,8,lower,x,x,x,x
152,1,upper,0,0,0,0
152,1,lower,0,0,0,0
152,2,upper,x,x,x,x
152,2,lower,x,x,x,x
152,3,upper,x,x,x,x
152,3,lower,x,x,x,x
152,4,upper,x,x,x,x
152,4,lower,x,x,x,x
152,5,upper,x,x,x,x
152,5,lower,x,x,x,x
152,6,upper,x,x,x,x
152,6,lower,x,x,x,x
152,7,upper,x,x,x,x
152,7,lower,x,x,x,x
152,8,upper,x,x,x,x
152,8,lower,x,x,x,x
153,1,upper,0,0,0,0
153,1,lower,0,0,0,0
153,2,upper,x,x,x,x
153,2,lower,x,x,x,x
153,3,upper,x,x,x,x
153,3,lower,x,x,x,x
153,4,upper,x,x,x,x
153,4,lower,x,x,x,x
153,5,upper,x,x,x,x
153,5,lower,x,x,x,x
153,6,upper,x,x,x,x
153,6,lower,x,x,x,x
153,7,upper,x,x,x,x
153,7,lower,x,x,x,x
153,8,upper,x,x,x,x
153,8,lower,x,x,x,x
154,1,upper,0,0,0,0
154,1,lower,0,0,0,0
154,2,upper,x,x,x,x
154,2,lower,x,x,x,x
154,3,upper,x,x,x,x
154,3,lower,x,x,x,x
154,4,upper,x,x,x,x
154,4,lower,x,x,x,x
154,5,upper,x,x,x,x
154,5,lower,x,x,x,x
154,6,upper,x,x,x,x
154,6,lower,x,x,x,x
154,7,upper,x,x,x,x
154,7,lower,x,x,x,x
154,8,upper,x,x,x,x
154,8,lower,x,x,x,x
155,1,upper,0,0,0,0
155,1,lower,0,0,0,0
155,2,upper,x,x,x,x
155,2,lower,x,x,x,x
155,3,upper,x,x,x,x
155,3,lower,x,x,x,x
155,4,upper,x,x,x,x
155,4,lower,x,x,x,x
155,5,upper,x,x,x,x
155,5,lower,x,x,x,x
155,6,upper,x,x,x,x
155,6,lower,x,x,x,x
155,7,upper,x,x,x,x
155,7,lower,x,x,x,x
155,8,upper,x,x,x,x
155,8,lower,x,x,x,x
156,1,upper,0,0,0,0
156,1,lower,0,0,0,0
156,2,upper,x,x,x,x
156,2,lower,x,x,x,x
156,3,upper,x,x,x,x
156,3,lower,x,x,x,x
156,4,upper,x,x,x,x
156,4,lower,x,x,x,x
156,5,upper,x,x,x,x
156,5,lower,x,x,x,x
156,6,upper,x,x,x,x
156,6,lower,x,x,x,x
156,7,upper,x,x,x,x
156,7,lower,x,x,x,x
156,8,upper,x,x,x,x
156,8,lower,x,x,x,x
157,1,upper,0,0,0,0
157,1,lower,0,0,0,0
157,2,upper,x,x,x,x
157,2,lower,x,x,x,x
157,3,upper,x,x,x,x
157,3,lower,x,x,x,x
157,4,upper,x,x,x,x
157,4,lower,x,x,x,x
157,5,upper,x,x,x,x
157,5,lower,x,x,x,x
157,6,upper,x,x,x,x
157,6,lower,x,x,x,x
157,7,upper,x,x,x,x
157,7,lower,x,x,x,x
157,8,upper,x,x,x,x
157,8,lower,x,x,x,x
158,1,upper,0,0,0,0
158,1,lower,0,0,0,0
158,2,upper,x,x,x,x
158,2,lower,x,x,x,x
158,3,upper,x,x,x,x
158,3,lower,x,x,x,x
158,4,upper,x,x,x,x
158,4,lower,x,x,x,x
158,5,upper,x,x,x,x
158,5,lower,x,x,x,x
158,6,upper,x,x,x,x
158,6,lower,x,x,x,x
158,7,upper,x,x,x,x
158,7,lower,x,x,x,x
158,8,upper,x,x,x,x
158,8,lower,x,x,x,x
159,1,upper,0,0,0,0
159,1,lower,0,0,0,0
159,2,upper,x,x,x,x
159,2,lower,x,x,x,x
159,3,upper,x,x,x,x
159,3,lower,x,x,x,x
159,4,upper,x,x,x,x
159,4,lower,x,x,x,x
159,5,upper,x,x,x,x
159,5,lower,x,x,x,x
159,6,upper,x,x,x,x
159,6,lower,x,x,x,x
159,7,upper,x,x,x,x
159,7,lower,x,x,x,x
159,8,upper,x,x,x,x
159,8,lower,x,x,x,x
160,1,upper,0,0,0,0
160,1,lower,0,0,0,0
160,2,upper,x,x,x,x
160,2,lower,x,x,x,x
160,3,upper,x,x,x,x
160,3,lower,x,x,x,x
160,4,upper,x,x,x,x
160,4,lower,x,x,x,x
160,5,upper,x,x,x,x
160,5,lower,x,x,x,x
160,6,upper,x,x,x,x
160,6,lower,x,x,x,x
160,7,upper,x,x,x,x
160,7,lower,x,x,x,x
160,8,upper,x,x,x,x
160,8,lower,x,x,x,x
161,1,upper,0,0,0,0
161,1,lower,0,0,0,0
161,2,upper,x,x,x,x
161,2,lower,x,x,x,x
161,3,upper,x,x,x,x
161,3,lower,x,x,x,x
161,4,upper,x,x,x,x
161,4,lower,x,x,x,x
161,5,upper,x,x,x,x
161,5,lower,x,x,x,x
161,6,upper,x,x,x,x
161,6,lower,x,x,x,x
161,7,upper,x,x,x,x
161,7,lower,x,x,x,x
161,8,upper,x,x,x,x
161,8,lower,x,x,x,x
162,1,upper,0,0,0,0
162,1,lower,0,0,0,0
162,2,upper,x,x,x,x
162,2,lower,x,x,x,x
162,3,upper,x,x,x,x
162,3,lower,x,x,x,x
162,4,upper,x,x,x,x
162,4,lower,x,x,x,x
162,5,upper,x,x,x,x
162,5,lower,x,x,x,x
162,6,upper,x,x,x,x
162,6,lower,x,x,x,x
162,7,upper,x,x,x,x
162,7,lower,x,x,x,x
162,8,upper,x,x,x,x
162,8,lower,x,x,x,x
163,1,upper,0,0,0,0
163,1,lower,0,0,0,0
163,2,upper,x,x,x,x
163,2,lower,x,x,x,x
163,3,upper,x,x,x,x
163,3,lower,x,x,x,x
163,4,upper,x,x,x,x
163,4,lower,x,x,x,x
163,5,upper,x,x,x,x
163,5,lower,x,x,x,x
163,6,upper,x,x,x,x
163,6,lower,x,x,x,x
163,7,upper,x,x,x,x
163,7,lower,x,x,x,x
163,8,upper,x,x,x,x
163,8,lower,x,x,x,x
164,1,upper,0,0,0,0
164,1,lower,0,0,0,0
164,2,upper,x,x,x,x
164,2,lower,x,x,x,x
164,3,upper,x,x,x,x
164,3,lower,x,x,x,x
164,4,upper,x,x,x,x
164,4,lower,x,x,x,x
164,5,upper,x,x,x,x
164,5,lower,x,x,x,x
164,6,upper,x,x,x,x
164,6,lower,x,x,x,x
164,7,upper,x,x,x,x
164,7,lower,x,x,x,x
164,8,upper,x,x,x,x
164,8,lower,x,x,x,x
165,1,upper,0,0,0,0
165,1,lower,0,0,0,0
165,2,upper,x,x,x,x
165,2,lower,x,x,x,x
165,3,upper,x,x,x,x
165,3,lower,x,x,x,x
165,4,upper,x,x,x,x
165,4,lower,x,x,x,x
165,5,upper,x,x,x,x
165,5,lower,x,x,x,x
165,6,upper,x,x,x,x
165,6,lower,x,x,x,x
165,7,upper,x,x,x,x
165,7,lower,x,x,x,x
165,8,upper,x,x,x,x
165,8,lower,x,x,x,x
166,1,upper,0,0,0,0
166,1,lower,0,0,0,0
166,2,upper,x,x,x,x
166,2,lower,x,x,x,x
166,3,upper,x,x,x,x
166,3,lower,x,x,x,x
166,4,upper,x,x,x,x
166,4,lower,x,x,x,x
166,5,upper,x,x,x,x
166,5,lower,x,x,x,x
166,6,upper,x,x,x,x
166,6,lower,x,x,x,x
166,7,upper,x,x,x,x
166,7,lower,x,x,x,x
166,8,upper,x,x,x,x
166,8,lower,x,x,x,x
167,1,upper,0,0,0,0
167,1,lower,0,0,0,0
167,2,upper,x,x,x,x
167,2,lower,x,x,x,x
167,3,upper,x,x,x,x
167,3,lower,x,x,x,x
167,4,upper,x,x,x,x
167,4,lower,x,x,x,x
167,5,upper,x,x,x,x
167,5,lower,x,x,x,x
167,6,upper,x,x,x,x
167,6,lower,x,x,x,x
167,7,upper,x,x,x,x
167,7,lower,x,x,x,x
167,8,upper,x,x,x,x
167,8,lower,x,x,x,x
168,1,upper,0,0,0,0
168,1,lower,0,0,0,0
168,2,upper,x,x,x,x
168,2,lower,x,x,x,x
168,3,upper,x,x,x,x
168,3,lower,x,x,x,x
168,4,upper,x,x,x,x
168,4,lower,x,x,x,x
168,5,upper,x,x,x,x
168,5,lower,x,x,x,x
168,6,upper,x,x,x,x
168,6,lower,x,x,x,x
168,7,upper,x,x,x,x
168,7,lower,x,x,x,x
168,8,upper,x,x,x,x
168,8,lower,x,x,x,x
169,1,upper,0,0,0,0
169,1,lower,0,0,0,0
169,2,upper,x,x,x,x
169,2,lower,x,x,x,x
169,3,upper,x,x,x,x
169,3,lower,x,x,x,x
169,4,upper,x,x,x,x
169,4,lower,x,x,x,x
169,5,upper,x,x,x,x
169,5,lower,x,x,x,x
169,6,upper,x,x,x,x
169,6,lower,x,x,x,x
169,7,upper,x,x,x,x
169,7,lower,x,x,x,x
169,8,upper,x,x,x,x
169,8,lower,x,x,x,x
170,1,upper,0,0,0,0
170,1,lower,0,0,0,0
170,2,upper,x,x,x,x
170,2,lower,x,x,x,x
170,3,upper,x,x,x,x
170,3,lower,x,x,x,x
170,4,upper,x,x,x,x
170,4,lower,x,x,x,x
170,5,upper,x,x,x,x
170,5,lower,x,x,x,x
170,6,upper,x,x,x,x
170,6,lower,x,x,x,x
170,7,upper,x,x,x,x
170,7,lower,x,x,x,x
170,8,upper,x,x,x,x
170,8,lower,x,x,x,x
171,1,upper,0,0,0,0
171,1,lower,0,0,0,0
171,2,upper,x,x,x,x
171,2,lower,x,x,x,x
171,3,upper,x,x,x,x
171,3,lower,x,x,x,x
171,4,upper,x,x,x,x
171,4,lower,x,x,x,x
171,5,upper,x,x,x,x
171,5,lower,x,x,x,x
171,6,upper,x,x,x,x
171,6,lower,x,x,x,x
171,7,upper,x,x,x,x
171,7,lower,x,x,x,x
171,8,upper,x,x,x,x
171,8,lower,x,x,x,x
172,1,upper,0,0,0,0
172,1,lower,0,0,0,0
172,2,upper,x,x,x,x
172,2,lower,x,x,x,x
172,3,upper,x,x,x,x
172,3,lower,x,x,x,x
172,4,upper,x,x,x,x
172,4,lower,x,x,x,x
172,5,upper,x,x,x,x
172,5,lower,x,x,x,x
172,6,upper,x,x,x,x
172,6,lower,x,x,x,x
172,7,upper,x,x,x,x
172,7,lower,x,x,x,x
172,8,upper,x,x,x,x
172,8,lower,x,x,x,x
173,1,upper,0,0,0,0
173,1,lower,0,0,0,0
173,2,upper,x,x,x,x
173,2,lower,x,x,x,x
173,3,upper,x,x,x,x
173,3,lower,x,x,x,x
173,4,upper,x,x,x,x
173,4,lower,x,x,x,x
173,5,upper,x,x,x,x
173,5,lower,x,x,x,x
173,6,upper,x,x,x,x
173,6,lower,x,x,x,x
173,7,upper,x,x,x,x
173,7,lower,x,x,x,x
173,8,upper,x,x,x,x
173,8,lower,x,x,x,x
174,1,upper,0,0,0,0
174,1,lower,0,0,0,0
174,2,upper,x,x,x,x
174,2,lower,x,x,x,x
174,3,upper,x,x,x,x
174,3,lower,x,x,x,x
174,4,upper,x,x,x,x
174,4,lower,x,x,x,x
174,5,upper,x,x,x,x
174,5,lower,x,x,x,x
174,6,upper,x,x,x,x
174,6,lower,x,x,x,x
174,7,upper,x,x,x,x
174,7,lower,x,x,x,x
174,8,upper,x,x,x,x
174,8,lower,x,x,x,x
175,1,upper,0,0,0,0
175,1,lower,0,0,0,0
175,2,upper,x,x,x,x
175,2,lower,x,x,x,x
175,3,upper,x,x,x,x
175,3,lower,x,x,x,x
175,4,upper,x,x,x,x
175,4,lower,x,x,x,x
175,5,upper,x,x,x,x
175,5,lower,x,x,x,x
175,6,upper,x,x,x,x
175,6,lower,x,x,x,x
175,7,upper,x,x,x,x
175,7,lower,x,x,x,x
175,8,upper,x,x,x,x
175,8,lower,x,x,x,x
176,1,upper,0,0,0,0
176,1,lower,0,0,0,0
176,2,upper,x,x,x,x
176,2,lower,x,x,x,x
176,3,upper,x,x,x,x
176,3,lower,x,x,x,x
176,4,upper,x,x,x,x
176,4,lower,x,x,x,x
176,5,upper,x,x,x,x
176,5,lower,x,x,x,x
176,6,upper,x,x,x,x
176,6,lower,x,x,x,x
176,7,upper,x,x,x,x
176,7,lower,x,x,x,x
176,8,upper,x,x,x,x
176,8,lower,x,x,x,x
177,1,upper,0,0,0,0
177,1,lower,0,0,0,0
177,2,upper,x,x,x,x
177,2,lower,x,x,x,x
177,3,upper,x,x,x,x
177,3,lower,x,x,x,x
177,4,upper,x,x,x,x
177,4,lower,x,x,x,x
177,5,upper,x,x,x,x
177,5,lower,x,x,x,x
177,6,upper,x,x,x,x
177,6,lower,x,x,x,x
177,7,upper,x,x,x,x
177,7,lower,x,x,x,x
177,8,upper,x,x,x,x
177,8,lower,x,x,x,x
178,1,upper,0,0,0,0
178,1,lower,0,0,0,0
178,2,upper,x,x,x,x
178,2,lower,x,x,x,x
178,3,upper,x,x,x,x
178,3,lower,x,x,x,x
178,4,upper,x,x,x,x
178,4,lower,x,x,x,x
178,5,upper,x,x,x,x
178,5,lower,x,x,x,x
178,6,upper,x,x,x,x
178,6,lower,x,x,x,x
178,7,upper,x,x,x,x
178,7,lower,x,x,x,x
178,8,upper,x,x,x,x
178,8,lower,x,x,x,x
179,1,upper,0,0,0,0
179,1,lower,0,0,0,0
179,2,upper,x,x,x,x
179,2,lower,x,x,x,x
179,3,upper,x,x,x,x
179,3,lower,x,x,x,x
179,4,upper,x,x,x,x
179,4,lower,x,x,x,x
179,5,upper,x,x,x,x
179,5,lower,x,x,x,x
179,6,upper,x,x,x,x
179,6,lower,x,x,x,x
179,7,upper,x,x,x,x
179,7,lower,x,x,x,x
179,8,upper,x,x,x,x
179,8,lower,x,x,x,x
180,1,upper,0,0,0,0
180,1,lower,0,0,0,0
180,2,upper,x,x,x,x
180,2,lower,x,x,x,x
180,3,upper,x,x,x,x
180,3,lower,x,x,x,x
180,4,upper,x,x,x,x
180,4,lower,x,x,x,x
180,5,upper,x,x,x,x
180,5,lower,x,x,x,x
180,6,upper,x,x,x,x
180,6,lower,x,x,x,x
180,7,upper,x,x,x,x
180,7,lower,x,x,x,x
180,8,upper,x,x,x,x
180,8,lower,x,x,x,x
181,1,upper,0,0,0,0
181,1,lower,0,0,0,0
181,2,upper,x,x,x,x
181,2,lower,x,x,x,x
181,3,upper,x,x,x,x
181,3,lower,x,x,x,x
181,4,upper,x,x,x,x
181,4,lower,x,x,x,x
181,5,upper,x,x,x,x
181,5,lower,x,x,x,x
181,6,upper,x,x,x,x
181,6,lower,x,x,x,x
181,7,upper,x,x,x,x
181,7,lower,x,x,x,x
181,8,upper,x,x,x,x
181,8,lower,x,x,x,x
182,1,upper,0,0,0,0
182,1,lower,0,0,0,0
182,2,upper,x,x,x,x
182,2,lower,x,x,x,x
182,3,upper,x,x,x,x
182,3,lower,x,x,x,x
182,4,upper,x,x,x,x
182,4,lower,x,x,x,x
182,5,upper,x,x,x,x
182,5,lower,x,x,x,x
182,6,upper,x,x,x,x
182,6,lower,x,x,x,x
182,7,upper,x,x,x,x
182,7,lower,x,x,x,x
182,8,upper,x,x,x,x
182,8,lower,x,x,x,x
183,1,upper,0,0,0,0
183,1,lower,0,0,0,0
183,2,upper,x,x,x,x
183,2,lower,x,x,x,x
183,3,upper,x,x,x,x
183,3,lower,x,x,x,x
183,4,upper,x,x,x,x
183,4,lower,x,x,x,x
183,5,upper,x,x,x,x
183,5,lower,x,x,x,x
183,6,upper,x,x,x,x
183,6,lower,x,x,x,x
183,7,upper,x,x,x,x
183,7,lower,x,x,x,x
183,8,upper,x,x,x,x
183,8,lower,x,x,x,x
184,1,upper,0,0,0,0
184,1,lower,0,0,0,0
184,2,upper,x,x,x,x
184,2,lower,x,x,x,x
184,3,upper,x,x,x,x
184,3,lower,x,x,x,x
184,4,upper,x,x,x,x
184,4,lower,x,x,x,x
184,5,upper,x,x,x,x
184,5,lower,x,x,x,x
184,6,upper,x,x,x,x
184,6,lower,x,x,x,x
184,7,upper,x,x,x,x
184,7,lower,x,x,x,x
184,8,upper,x,x,x,x
184,8,lower,x,x,x,x
185,1,upper,0,0,0,0
185,1,lower,0,0,0,0
185,2,upper,x,x,x,x
185,2,lower,x,x,x,x
185,3,upper,x,x,x,x
185,3,lower,x,x,x,x
185,4,upper,x,x,x,x
185,4,lower,x,x,x,x
185,5,upper,x,x,x,x
185,5,lower,x,x,x,x
185,6,upper,x,x,x,x
185,6,lower,x,x,x,x
185,7,upper,x,x,x,x
185,7,lower,x,x,x,x
185,8,upper,x,x,x,x
185,8,lower,x,x,x,x
186,1,upper,0,0,0,0
186,1,lower,0,0,0,0
186,2,upper,x,x,x,x
186,2,lower,x,x,x,x
186,3,upper,x,x,x,x
186,3,lower,x,x,x,x
186,4,upper,x,x,x,x
186,4,lower,x,x,x,x
186,5,upper,x,x,x,x
186,5,lower,x,x,x,x
186,6,upper,x,x,x,x
186,6,lower,x,x,x,x
186,7,upper,x,x,x,x
186,7,lower,x,x,x,x
186,8,upper,x,x,x,x
186,8,lower,x,x,x,x
187,1,upper,0,0,0,0
187,1,lower,0,0,0,0
187,2,upper,x,x,x,x
187,2,lower,x,x,x,x
187,3,upper,x,x,x,x
187,3,lower,x,x,x,x
187,4,upper,x,x,x,x
187,4,lower,x,x,x,x
187,5,upper,x,x,x,x
187,5,lower,x,x,x,x
187,6,upper,x,x,x,x
187,6,lower,x,x,x,x
187,7,upper,x,x,x,x
187,7,lower,x,x,x,x
187,8,upper,x,x,x,x
187,8,lower,x,x,x,x
188,1,upper,0,0,0,0
188,1,lower,0,0,0,0
188,2,upper,x,x,x,x
188,2,lower,x,x,x,x
188,3,upper,x,x,x,x
188,3,lower,x,x,x,x
188,4,upper,x,x,x,x
188,4,lower,x,x,x,x
188,5,upper,x,x,x,x
188,5,lower,x,x,x,x
188,6,upper,x,x,x,x
188,6,lower,x,x,x,x
188,7,upper,x,x,x,x
188,7,lower,x,x,x,x
188,8,upper,x,x,x,x
188,8,lower,x,x,x,x
189,1,upper,0,0,0,0
189,1,lower,0,0,0,0
189,2,upper,x,x,x,x
189,2,lower,x,x,x,x
189,3,upper,x,x,x,x
189,3,lower,x,x,x,x
189,4,upper,x,x,x,x
189,4,lower,x,x,x,x
189,5,upper,x,x,x,x
189,5,lower,x,x,x,x
189,6,upper,x,x,x,x
189,6,lower,x,x,x,x
189,7,upper,x,x,x,x
189,7,lower,x,x,x,x
189,8,upper,x,x,x,x
189,8,lower,x,x,x,x
190,1,upper,0,0,0,0
190,1,lower,0,0,0,0
190,2,upper,x,x,x,x
190,2,lower,x,x,x,x
190,3,upper,x,x,x,x
190,3,lower,x,x,x,x
190,4,upper,x,x,x,x
190,4,lower,x,x,x,x
190,5,upper,x,x,x,x
190,5,lower,x,x,x,x
190,6,upper,x,x,x,x
190,6,lower,x,x,x,x
190,7,upper,x,x,x,x
190,7,lower,x,x,x,x
190,8,upper,x,x,x,x
190,8,lower,x,x,x,x
191,1,upper,0,0,0,0
191,1,lower,0,0,0,0
191,2,upper,x,x,x,x
191,2,lower,x,x,x,x
191,3,upper,x,x,x,x
191,3,lower,x,x,x,x
191,4,upper,x,x,x,x
191,4,lower,x,x,x,x
191,5,upper,x,x,x,x
191,5,lower,x,x,x,x
191,6,upper,x,x,x,x
191,6,lower,x,x,x,x
191,7,upper,x,x,x,x
191,7,lower,x,x,x,x
191,8,upper,x,x,x,x
191,8,lower,x,x,x,x
192,1,upper,0,0,0,0
192,1,lower,0,0,0,0
192,2,upper,x,x,x,x
192,2,lower,x,x,x,x
192,3,upper,x,x,x,x
192,3,lower,x,x,x,x
192,4,upper,x,x,x,x
192,4,lower,x,x,x,x
192,5,upper,x,x,x,x
192,5,lower,x,x,x,x
192,6,upper,x,x,x,x
192,6,lower,x,x,x,x
192,7,upper,x,x,x,x
192,7,lower,x,x,x,x
192,8,upper,x,x,x,x
192,8,lower,x,x,x,x
193,1,upper,0,0,0,0
193,1,lower,0,0,0,0
193,2,upper,0,0,0,0
193,2,lower,0,0,0,0
193,3,upper,x,x,x,x
193,3,lower,x,x,x,x
193,4,upper,x,x,x,x
193,4,lower,x,x,x,x
193,5,upper,x,x,x,x
193,5,lower,x,x,x,x
193,6,upper,x,x,x,x
193,6,lower,x,x,x,x
193,7,upper,x,x,x,x
193,7,lower,x,x,x,x
193,8,upper,x,x,x,x
193,8,lower,x,x,x,x
194,1,upper,0,0,0,0
194,1,lower,0,0,0,0
194,2,upper,0,0,0,0
194,2,lower,0,0,0,0
194,3,upper,x,x,x,x
194,3,lower,x,x,x,x
194,4,upper,x,x,x,x
194,4,lower,x,x,x,x
194,5,upper,x,x,x,x
194,5,lower,x,x,x,x
194,6,upper,x,x,x,x
194,6,lower,x,x,x,x
194,7,upper,x,x,x,x
194,7,lower,x,x,x,x
194,8,upper,x,x,x,x
194,8,lower,x,x,x,x
195,1,upper,0,0,0,0
195,1,lower,0,0,0,0
195,2,upper,0,0,0,0
195,2,lower,0,0,0,0
195,3,upper,x,x,x,x
195,3,lower,x,x,x,x
195,4,upper,x,x,x,x
195,4,lower,x,x,x,x
195,5,upper,x,x,x,x
195,5,lower,x,x,x,x
195,6,upper,x,x,x,x
195,6,lower,x,x,x,x
195,7,upper,x,x,x,x
195,7,lower,x,x,x,x
195,8,upper,x,x,x,x
195,8,lower,x,x,x,x
196,1,upper,0,0,0,0
196,1,lower,0,0,0,0
196,2,upper,0,0,0,0
196,2,lower,0,0,0,0
196,3,upper,x,x,x,x
196,3,lower,x,x,x,x
196,4,upper,x,x,x,x
196,4,lower,x,x,x,x
196,5,upper,x,x,x,x
196,5,lower,x,x,x,x
196,6,upper,x,x,x,x
196,6,lower,x,x,x,x
196,7,upper,x,x,x,x
196,7,lower,x,x,x,x
196,8,upper,x,x,x,x
196,8,lower,x,x,x,x
197,1,upper,0,0,0,0
197,1,lower,0,0,0,0
197,2,upper,0,0,0,0
197,2,lower,0,0,0,0
197,3,upper,x,x,x,x
197,3,lower,x,x,x,x
197,4,upper,x,x,x,x
197,4,lower,x,x,x,x
197,5,upper,x,x,x,x
197,5,lower,x,x,x,x
197,6,upper,x,x,x,x
197,6,lower,x,x,x,x
197,7,upper,x,x,x,x
197,7,lower,x,x,x,x
197,8,upper,x,x,x,x
197,8,lower,x,x,x,x
198,1,upper,0,0,0,0
198,1,lower,0,0,0,0
198,2,upper,0,0,0,0
198,2,lower,0,0,0,0
198,3,upper,x,x,x,x
198,3,lower,x,x,x,x
198,4,upper,x,x,x,x
198,4,lower,x,x,x,x
198,5,upper,x,x,x,x
198,5,lower,x,x,x,x
198,6,upper,x,x,x,x
198,6,lower,x,x,x,x
198,7,upper,x,x,x,x
198,7,lower,x,x,x,x
198,8,upper,x,x,x,x
198,8,lower,x,x,x,x
199,1,upper,0,0,0,0
199,1,lower,0,0,0,0
199,2,upper,0,0,0,0
199,2,lower,0,0,0,0
199,3,upper,x,x,x,x
199,3,lower,x,x,x,x
199,4,upper,x,x,x,x
199,4,lower,x,x,x,x
199,5,upper,x,x,x,x
199,5,lower,x,x,x,x
199,6,upper,x,x,x,x
199,6,lower,x,x,x,x
199,7,upper,x,x,x,x
199,7,lower,x,x,x,x
199,8,upper,x,x,x,x
199,8,lower,x,x,x,x
200,1,upper,0,0,0,0
200,1,lower,0,0,0,0
200,2,upper,0,0,0,0
200,2,lower,0,0,0,0
200,3,upper,x,x,x,x
200,3,lower,x,x,x,x
200,4,upper,x,x,x,x
200,4,lower,x,x,x,x
200,5,upper,x,x,x,x
200,5,lower,x,x,x,x
200,6,upper,x,x,x,x
200,6,lower,x,x,x,x
200,7,upper,x,x,x,x
200,7,lower,x,x,x,x
200,8,upper,x,x,x,x
200,8,lower,x,x,x,x
201,1,upper,0,0,0,0
201,1,lower,0,0,0,0
201,2,upper,0,0,0,0
201,2,lower,0,0,0,0
201,3,upper,x,x,x,x
201,3,lower,x,x,x,x
201,4,upper,x,x,x,x
201,4,lower,x,x,x,x
201,5,upper,x,x,x,x
201,5,lower,x,x,x,x
201,6,upper,x,x,x,x
201,6,lower,x,x,x,x
201,7,upper,x,x,x,x
201,7,lower,x,x,x,x
201,8,upper,x,x,x,x
201,8,lower,x,x,x,x
202,1,upper,0,0,0,0
202,1,lower,0,0,0,0
202,2,upper,0,0,0,0
202,2,lower,0,0,0,0
202,3,upper,x,x,x,x
202,3,lower,x,x,x,x
202,4,upper,x,x,x,x
202,4,lower,x,x,x,x
202,5,upper,x,x,x,x
202,5,lower,x,x,x,x
202,6,upper,x,x,x,x
202,6,lower,x,x,x,x
202,7,upper,x,x,x,x
202,7,lower,x,x,x,x
202,8,upper,x,x,x,x
202,8,lower,x,x,x,x
203,1,upper,0,0,0,0
203,1,lower,0,0,0,0
203,2,upper,0,0,0,0
203,2,lower,0,0,0,0
203,3,upper,x,x,x,x
203,3,lower,x,x,x,x
203,4,upper,x,x,x,x
203,4,lower,x,x,x,x
203,5,upper,x,x,x,x
203,5,lower,x,x,x,x
203,6,upper,x,x,x,x
203,6,lower,x,x,x,x
203,7,upper,x,x,x,x
203,7,lower,x,x,x,x
203,8,upper,x,x,x,x
203,8,lower,x,x,x,x
204,1,upper,0,0,0,0
204,1,lower,0,0,0,0
204,2,upper,0,0,0,0
204,2,lower,0,0,0,0
204,3,upper,x,x,x,x
204,3,lower,x,x,x,x
204,4,upper,x,x,x,x
204,4,lower,x,x,x,x
204,5,upper,x,x,x,x
204,5,lower,x,x,x,x
204,6,upper,x,x,x,x
204,6,lower,x,x,x,x
204,7,upper,x,x,x,x
204,7,lower,x,x,x,x
204,8,upper,x,x,x,x
204,8,lower,x,x,x,x
205,1,upper,0,0,0,0
205,1,lower,0,0,0,0
205,2,upper,0,0,0,0
205,2,lower,0,0,0,0
205,3,upper,x,x,x,x
205,3,lower,x,x,x,x
205,4,upper,x,x,x,x
205,4,lower,x,x,x,x
205,5,upper,x,x,x,x
205,5,lower,x,x,x,x
205,6,upper,x,x,x,x
205,6,lower,x,x,x,x
205,7,upper,x,x,x,x
205,7,lower,x,x,x,x
205,8,upper,x,x,x,x
205,8,lower,x,x,x,x
206,1,upper,0,0,0,0
206,1,lower,0,0,0,0
206,2,upper,0,0,0,0
206,2,lower,0,0,0,0
206,3,upper,x,x,x,x
206,3,lower,x,x,x,x
206,4,upper,x,x,x,x
206,4,lower,x,x,x,x
206,5,upper,x,x,x,x
206,5,lower,x,x,x,x
206,6,upper,x,x,x,x
206,6,lower,x,x,x,x
206,7,upper,x,x,x,x
206,7,lower,x,x,x,x
206,8,upper,x,x,x,x
206,8,lower,x,x,x,x
207,1,upper,0,0,0,0
207,1,lower,0,0,0,0
207,2,upper,0,0,0,0
207,2,lower,0,0,0,0
207,3,upper,x,x,x,x
207,3,lower,x,x,x,x
207,4,upper,x,x,x,x
207,4,lower,x,x,x,x
207,5,upper,x,x,x,x
207,5,lower,x,x,x,x
207,6,upper,x,x,x,x
207,6,lower,x,x,x,x
207,7,upper,x,x,x,x
207,7,lower,x,x,x,x
207,8,upper,x,x,x,x
207,8,lower,x,x,x,x
208,1,upper,0,0,0,0
208,1,lower,0,0,0,0
208,2,upper,0,0,0,0
208,2,lower,0,0,0,0
208,3,upper,x,x,x,x
208,3,lower,x,x,x,x
208,4,upper,x,x,x,x
208,4,lower,x,x,x,x
208,5,upper,x,x,x,x
208,5,lower,x,x,x,x
208,6,upper,x,x,x,x
208,6,lower,x,x,x,x
208,7,upper,x,x,x,x
208,7,lower,x,x,x,x
208,8,upper,x,x,x,x
208,8,lower,x,x,x,x
209,1,upper,0,0,0,0
209,1,lower,0,0,0,0
209,2,upper,0,0,0,0
209,2,lower,0,0,0,0
209,3,upper,x,x,x,x
209,3,lower,x,x,x,x
209,4,upper,x,x,x,x
209,4,lower,x,x,x,x
209,5,upper,x,x,x,x
209,5,lower,x,x,x,x
209,6,upper,x,x,x,x
209,6,lower,x,x,x,x
209,7,upper,x,x,x,x
209,7,lower,x,x,x,x
209,8,upper,x,x,x,x
209,8,lower,x,x,x,x
210,1,upper,0,0,0,0
210,1,lower,0,0,0,0
210,2,upper,0,0,0,0
210,2,lower,0,0,0,0
210,3,upper,x,x,x,x
210,3,lower,x,x,x,x
210,4,upper,x,x,x,x
210,4,lower,x,x,x,x
210,5,upper,x,x,x,x
210,5,lower,x,x,x,x
210,6,upper,x,x,x,x
210,6,lower,x,x,x,x
210,7,upper,x,x,x,x
210,7,lower,x,x,x,x
210,8,upper,x,x,x,x
210,8,lower,x,x,x,x
211,1,upper,0,0,0,0
211,1,lower,0,0,0,0
211,2,upper,0,0,0,0
211,2,lower,0,0,0,0
211,3,upper,x,x,x,x
211,3,lower,x,x,x,x
211,4,upper,x,x,x,x
211,4,lower,x,x,x,x
211,5,upper,x,x,x,x
211,5,lower,x,x,x,x
211,6,upper,x,x,x,x
211,6,lower,x,x,x,x
211,7,upper,x,x,x,x
211,7,lower,x,x,x,x
211,8,upper,x,x,x,x
211,8,lower,x,x,x,x
212,1,upper,0,0,0,0
212,1,lower,0,0,0,0
212,2,upper,0,0,0,0
212,2,lower,0,0,0,0
212,3,upper,x,x,x,x
212,3,lower,x,x,x,x
212,4,upper,x,x,x,x
212,4,lower,x,x,x,x
212,5,upper,x,x,x,x
212,5,lower,x,x,x,x
212,6,upper,x,x,x,x
212,6,lower,x,x,x,x
212,7,upper,x,x,x,x
212,7,lower,x,x,x,x
212,8,upper,x,x,x,x
212,8,lower,x,x,x,x
213,1,upper,0,0,0,0
213,1,lower,0,0,0,0
213,2,upper,0,0,0,0
213,2,lower,0,0,0,0
213,3,upper,x,x,x,x
213,3,lower,x,x,x,x
213,4,upper,x,x,x,x
213,4,lower,x,x,x,x
213,5,upper,x,x,x,x
213,5,lower,x,x,x,x
213,6,upper,x,x,x,x
213,6,lower,x,x,x,x
213,7,upper,x,x,x,x
213,7,lower,x,x,x,x
213,8,upper,x,x,x,x
213,8,lower,x,x,x,x
214,1,upper,0,0,0,0
214,1,lower,0,0,0,0
214,2,upper,0,0,0,0
214,2,lower,0,0,0,0
214,3,upper,x,x,x,x
214,3,lower,x,x,x,x
214,4,upper,x,x,x,x
214,4,lower,x,x,x,x
214,5,upper,x,x,x,x
214,5,lower,x,x,x,x
214,6,upper,x,x,x,x
214,6,lower,x,x,x,x
214,7,upper,x,x,x,x
214,7,lower,x,x,x,x
214,8,upper,x,x,x,x
214,8,lower,x,x,x,x
215,1,upper,0,0,0,0
215,1,lower,0,0,0,0
215,2,upper,0,0,0,0
215,2,lower,0,0,0,0
215,3,upper,x,x,x,x
215,3,lower,x,x,x,x
215,4,upper,x,x,x,x
215,4,lower,x,x,x,x
215,5,upper,x,x,x,x
215,5,lower,x,x,x,x
215,6,upper,x,x,x,x
215,6,lower,x,x,x,x
215,7,upper,x,x,x,x
215,7,lower,x,x,x,x
215,8,upper,x,x,x,x
215,8,lower,x,x,x,x
216,1,upper,0,0,0,0
216,1,lower,0,0,0,0
216,2,upper,0,0,0,0
216,2,lower,0,0,0,0
216,3,upper,x,x,x,x
216,3,lower,x,x,x,x
216,4,upper,x,x,x,x
216,4,lower,x,x,x,x
216,5,upper,x,x,x,x
216,5,lower,x,x,x,x
216,6,upper,x,x,x,x
216,6,lower,x,x,x,x
216,7,upper,x,x,x,x
216,7,lower,x,x,x,x
216,8,upper,x,x,x,x
216,8,lower,x,x,x,x
217,1,upper,0,0,0,0
217,1,lower,0,0,0,0
217,2,upper,0,0,0,0
217,2,lower,0,0,0,0
217,3,upper,x,x,x,x
217,3,lower,x,x,x,x
217,4,upper,x,x,x,x
217,4,lower,x,x,x,x
217,5,upper,x,x,x,x
217,5,lower,x,x,x,x
217,6,upper,x,x,x,x
217,6,lower,x,x,x,x
217,7,upper,x,x,x,x
217,7,lower,x,x,x,x
217,8,upper,x,x,x,x
217,8,lower,x,x,x,x
218,1,upper,0,0,0,0
218,1,lower,0,0,0,0
218,2,upper,0,0,0,0
218,2,lower,0,0,0,0
218,3,upper,x,x,x,x
218,3,lower,x,x,x,x
218,4,upper,x,x,x,x
218,4,lower,x,x,x,x
218,5,upper,x,x,x,x
218,5,lower,x,x,x,x
218,6,upper,x,x,x,x
218,6,lower,x,x,x,x
218,7,upper,x,x,x,x
218,7,lower,x,x,x,x
218,8,upper,x,x,x,x
218,8,lower,x,x,x,x
219,1,upper,0,0,0,0
219,1,lower,0,0,0,0
219,2,upper,0,0,0,0
219,2,lower,0,0,0,0
219,3,upper,x,x,x,x
219,3,lower,x,x,x,x
219,4,upper,x,x,x,x
219,4,lower,x,x,x,x
219,5,upper,x,x,x,x
219,5,lower,x,x,x,x
219,6,upper,x,x,x,x
219,6,lower,x,x,x,x
219,7,upper,x,x,x,x
219,7,lower,x,x,x,x
219,8,upper,x,x,x,x
219,8,lower,x,x,x,x
220,1,upper,0,0,0,0
220,1,lower,0,0,0,0
220,2,upper,0,0,0,0
220,2,lower,0,0,0,0
220,3,upper,x,x,x,x
220,3,lower,x,x,x,x
220,4,upper,x,x,x,x
220,4,lower,x,x,x,x
220,5,upper,x,x,x,x
220,5,lower,x,x,x,x
220,6,upper,x,x,x,x
220,6,lower,x,x,x,x
220,7,upper,x,x,x,x
220,7,lower,x,x,x,x
220,8,upper,x,x,x,x
220,8,lower,x,x,x,x
221,1,upper,0,0,0,0
221,1,lower,0,0,0,0
221,2,upper,0,0,0,0
221,2,lower,0,0,0,0
221,3,upper,x,x,x,x
221,3,lower,x,x,x,x
221,4,upper,x,x,x,x
221,4,lower,x,x,x,x
221,5,upper,x,x,x,x
221,5,lower,x,x,x,x
221,6,upper,x,x,x,x
221,6,lower,x,x,x,x
221,7,upper,x,x,x,x
221,7,lower,x,x,x,x
221,8,upper,x,x,x,x
221,8,lower,x,x,x,x
222,1,upper,0,0,0,0
222,1,lower,0,0,0,0
222,2,upper,0,0,0,0
222,2,lower,0,0,0,0
222,3,upper,x,x,x,x
222,3,lower,x,x,x,x
222,4,upper,x,x,x,x
222,4,lower,x,x,x,x
222,5,upper,x,x,x,x
222,5,lower,x,x,x,x
222,6,upper,x,x,x,x
222,6,lower,x,x,x,x
222,7,upper,x,x,x,x
222,7,lower,x,x,x,x
222,8,upper,x,x,x,x
222,8,lower,x,x,x,x
223,1,upper,0,0,0,0
223,1,lower,0,0,0,0
223,2,upper,0,0,0,0
223,2,lower,0,0,0,0
223,3,upper,x,x,x,x
223,3,lower,x,x,x,x
223,4,upper,x,x,x,x
223,4,lower,x,x,x,x
223,5,upper,x,x,x,x
223,5,lower,x,x,x,x
223,6,upper,x,x,x,x
223,6,lower,x,x,x,x
223,7,upper,x,x,x,x
223,7,lower,x,x,x,x
223,8,upper,x,x,x,x
223,8,lower,x,x,x,x
224,1,upper,0,0,0,0
224,1,lower,0,0,0,0
224,2,upper,0,0,0,0
224,2,lower,0,0,0,0
224,3,upper,x,x,x,x
224,3,lower,x,x,x,x
224,4,upper,x,x,x,x
224,4,lower,x,x,x,x
224,5,upper,x,x,x,x
224,5,lower,x,x,x,x
224,6,upper,x,x,x,x
224,6,lower,x,x,x,x
224,7,upper,x,x,x,x
224,7,lower,x,x,x,x
224,8,upper,x,x,x,x
224,8,lower,x,x,x,x
225,1,upper,0,0,0,0
225,1,lower,0,0,0,0
225,2,upper,0,0,0,0
225,2,lower,0,0,0,0
225,3,upper,x,x,x,x
225,3,lower,x,x,x,x
225,4,upper,x,x,x,x
225,4,lower,x,x,x,x
225,5,upper,x,x,x,x
225,5,lower,x,x,x,x
225,6,upper,x,x,x,x
225,6,lower,x,x,x,x
225,7,upper,x,x,x,x
225,7,lower,x,x,x,x
225,8,upper,x,x,x,x
225,8,lower,x,x,x,x
226,1,upper,0,0,0,0
226,1,lower,0,0,0,0
226,2,upper,0,0,0,0
226,2,lower,0,0,0,0
226,3,upper,0,0,0,0
226,3,lower,0,0,0,0
226,4,upper,x,x,x,x
226,4,lower,x,x,x,x
226,5,upper,x,x,x,x
226,5,lower,x,x,x,x
226,6,upper,x,x,x,x
226,6,lower,x,x,x,x
226,7,upper,x,x,x,x
226,7,lower,x,x,x,x
226,8,upper,x,x,x,x
226,8,lower,x,x,x,x
227,1,upper,0,0,0,0
227,1,lower,0,0,0,0
227,2,upper,0,0,0,0
227,2,lower,0,0,0,0
227,3,upper,0,0,0,0
227,3,lower,0,0,0,0
227,4,upper,x,x,x,x
227,4,lower,x,x,x,x
227,5,upper,x,x,x,x
227,5,lower,x,x,x,x
227,6,upper,x,x,x,x
227,6,lower,x,x,x,x
227,7,upper,x,x,x,x
227,7,lower,x,x,x,x
227,8,upper,x,x,x,x
227,8,lower,x,x,x,x
228,1,upper,0,0,0,0
228,1,lower,0,0,0,0
228,2,upper,0,0,0,0
228,2,lower,0,0,0,0
228,3,upper,0,0,0,0
228,3,lower,0,0,0,0
228,4,upper,x,x,x,x
228,4,lower,x,x,x,x
228,5,upper,x,x,x,x
228,5,lower,x,x,x,x
228,6,upper,x,x,x,x
228,6,lower,x,x,x,x
228,7,upper,x,x,x,x
228,7,lower,x,x,x,x
228,8,upper,x,x,x,x
228,8,lower,x,x,x,x
229,1,upper,0,0,0,0
229,1,lower,0,0,0,0
229,2,upper,0,0,0,0
229,2,lower,0,0,0,0
229,3,upper,0,0,0,0
229,3,lower,0,0,0,0
229,4,upper,x,x,x,x
229,4,lower,x,x,x,x
229,5,upper,x,x,x,x
229,5,lower,x,x,x,x
229,6,upper,x,x,x,x
229,6,lower,x,x,x,x
229,7,upper,x,x,x,x
229,7,lower,x,x,x,x
229,8,upper,x,x,x,x
229,8,lower,x,x,x,x
230,1,upper,0,0,0,0
230,1,lower,0,0,0,0
230,2,upper,0,0,0,0
230,2,lower,0,0,0,0
230,3,upper,0,0,0,0
230,3,lower,0,0,0,0
230,4,upper,x,x,x,x
230,4,lower,x,x,x,x
230,5,upper,x,x,x,x
230,5,lower,x,x,x,x
230,6,upper,x,x,x,x
230,6,lower,x,x,x,x
230,7,upper,x,x,x,x
230,7,lower,x,x,x,x
230,8,upper,x,x,x,x
230,8,lower,x,x,x,x
231,1,upper,0,0,0,0
231,1,lower,0,0,0,0
231,2,upper,0,0,0,0
231,2,lower,0,0,0,0
231,3,upper,0,0,0,0
231,3,lower,0,0,0,0
231,4,upper,x,x,x,x
231,4,lower,x,x,x,x
231,5,upper,x,x,x,x
231,5,lower,x,x,x,x
231,6,upper,x,x,x,x
231,6,lower,x,x,x,x
231,7,upper,x,x,x,x
231,7,lower,x,x,x,x
231,8,upper,x,x,x,x
231,8,lower,x,x,x,x
232,1,upper,0,0,0,0
232,1,lower,0,0,0,0
232,2,upper,0,0,0,0
232,2,lower,0,0,0,0
232,3,upper,0,0,0,0
232,3,lower,0,0,0,0
232,4,upper,x,x,x,x
232,4,lower,x,x,x,x
232,5,upper,x,x,x,x
232,5,lower,x,x,x,x
232,6,upper,x,x,x,x
232,6,lower,x,x,x,x
232,7,upper,x,x,x,x
232,7,lower,x,x,x,x
232,8,upper,x,x,x,x
232,8,lower,x,x,x,x
233,1,upper,0,0,0,0
233,1,lower,0,0,0,0
233,2,upper,0,0,0,0
233,2,lower,0,0,0,0
233,3,upper,0,0,0,0
233,3,lower,0,0,0,0
233,4,upper,x,x,x,x
233,4,lower,x,x,x,x
233,5,upper,x,x,x,x
233,5,lower,x,x,x,x
233,6,upper,x,x,x,x
233,6,lower,x,x,x,x
233,7,upper,x,x,x,x
233,7,lower,x,x,x,x
233,8,upper,x,x,x,x
233,8,lower,x,x,x,x
234,1,upper,0,0,0,0
234,1,lower,0,0,0,0
234,2,upper,0,0,0,0
234,2,lower,0,0,0,0
234,3,upper,0,0,0,0
234,3,lower,0,0,0,0
234,4,upper,x,x,x,x
234,4,lower,x,x,x,x
234,5,upper,x,x,x,x
234,5,lower,x,x,x,x
234,6,upper,x,x,x,x
234,6,lower,x,x,x,x
234,7,upper,x,x,x,x
234,7,lower,x,x,x,x
234,8,upper,x,x,x,x
234,8,lower,x,x,x,x
235,1,upper,0,0,0,0
235,1,lower,0,0,0,0
235,2,upper,0,0,0,0
235,2,lower,0,0,0,0
235,3,upper,0,0,0,0
235,3,lower,0,0,0,0
235,4,upper,x,x,x,x
235,4,lower,x,x,x,x
235,5,upper,x,x,x,x
235,5,lower,x,x,x,x
235,6,upper,x,x,x,x
235,6,lower,x,x,x,x
235,7,upper,x,x,x,x
235,7,lower,x,x,x,x
235,8,upper,x,x,x,x
235,8,lower,x,x,x,x
236,1,upper,0,0,0,0
236,1,lower,0,0,0,0
236,2,upper,0,0,0,0
236,2,lower,0,0,0,0
236,3,upper,0,0,0,0
236,3,lower,0,0,0,0
236,4,upper,x,x,x,x
236,4,lower,x,x,x,x
236,5,upper,x,x,x,x
236,5,lower,x,x,x,x
236,6,upper,x,x,x,x
236,6,lower,x,x,x,x
236,7,upper,x,x,x,x
236,7,lower,x,x,x,x
236,8,upper,x,x,x,x
236,8,lower,x,x,x,x
237,1,upper,0,0,0,0
237,1,lower,0,0,0,0
237,2,upper,0,0,0,0
237,2,lower,0,0,0,0
237,3,upper,0,0,0,0
237,3,lower,0,0,0,0
237,4,upper,x,x,x,x
237,4,lower,x,x,x,x
237,5,upper,x,x,x,x
237,5,lower,x,x,x,x
237,6,upper,x,x,x,x
237,6,lower,x,x,x,x
237,7,upper,x,x,x,x
237,7,lower,x,x,x,x
237,8,upper,x,x,x,x
237,8,lower,x,x,x,x
238,1,upper,0,0,0,0
238,1,lower,0,0,0,0
238,2,upper,0,0,0,0
238,2,lower,0,0,0,0
238,3,upper,0,0,0,0
238,3,lower,0,0,0,0
238,4,upper,x,x,x,x
238,4,lower,x,x,x,x
238,5,upper,x,x,x,x
238,5,lower,x,x,x,x
238,6,upper,x,x,x,x
238,6,lower,x,x,x,x
238,7,upper,x,x,x,x
238,7,lower,x,x,x,x
238,8,upper,x,x,x,x
238,8,lower,x,x,x,x
239,1,upper,0,0,0,0
239,1,lower,0,0,0,0
239,2,upper,0,0,0,0
239,2,lower,0,0,0,0
239,3,upper,0,0,0,0
239,3,lower,0,0,0,0
239,4,upper,x,x,x,x
239,4,lower,x,x,x,x
239,5,upper,x,x,x,x
239,5,lower,x,x,x,x
239,6,upper,x,x,x,x
239,6,lower,x,x,x,x
239,7,upper,x,x,x,x
239,7,lower,x,x,x,x
239,8,upper,x,x,x,x
239,8,lower,x,x,x,x
240,1,upper,0,0,0,0
240,1,lower,0,0,0,0
240,2,upper,0,0,0,0
240,2,lower,0,0,0,0
240,3,upper,0,0,0,0
240,3,lower,0,0,0,0
240,4,upper,x,x,x,x
240,4,lower,x,x,x,x
240,5,upper,x,x,x,x
240,5,lower,x,x,x,x
240,6,upper,x,x,x,x
240,6,lower,x,x,x,x
240,7,upper,x,x,x,x
240,7,lower,x,x,x,x
240,8,upper,x,x,x,x
240,8,lower,x,x,x,x
241,1,upper,0,0,0,0
241,1,lower,0,0,0,0
241,2,upper,0,0,0,0
241,2,lower,0,0,0,0
241,3,upper,0,0,0,0
241,3,lower,0,0,0,0
241,4,upper,x,x,x,x
241,4,lower,x,x,x,x
241,5,upper,x,x,x,x
241,5,lower,x,x,x,x
241,6,upper,x,x,x,x
241,6,lower,x,x,x,x
241,7,upper,x,x,x,x
241,7,lower,x,x,x,x
241,8,upper,x,x,x,x
241,8,lower,x,x,x,x
242,1,upper,0,0,0,0
242,1,lower,0,0,0,0
242,2,upper,0,0,0,0
242,2,lower,0,0,0,0
242,3,upper,0,0,0,0
242,3,lower,0,0,0,0
242,4,upper,x,x,x,x
242,4,lower,x,x,x,x
242,5,upper,x,x,x,x
242,5,lower,x,x,x,x
242,6,upper,x,x,x,x
242,6,lower,x,x,x,x
242,7,upper,x,x,x,x
242,7,lower,x,x,x,x
242,8,upper,x,x,x,x
242,8,lower,x,x,x,x
243,1,upper,0,0,0,0
243,1,lower,0,0,0,0
243,2,upper,0,0,0,0
243,2,lower,0,0,0,0
243,3,upper,0,0,0,0
243,3,lower,0,0,0,0
243,4,upper,0,0,0,0
243,4,lower,0,0,0,0
243,5,upper,x,x,x,x
243,5,lower,x,x,x,x
243,6,upper,x,x,x,x
243,6,lower,x,x,x,x
243,7,upper,x,x,x,x
243,7,lower,x,x,x,x
243,8,upper,x,x,x,x
243,8,lower,x,x,x,x
244,1,upper,0,0,0,0
244,1,lower,0,0,0,0
244,2,upper,0,0,0,0
244,2,lower,0,0,0,0
244,3,upper,0,0,0,0
244,3,lower,0,0,0,0
244,4,upper,0,0,0,0
244,4,lower,0,0,0,0
244,5,upper,x,x,x,x
244,5,lower,x,x,x,x
244,6,upper,x,x,x,x
244,6,lower,x,x,x,x
244,7,upper,x,x,x,x
244,7,lower,x,x,x,x
244,8,upper,x,x,x,x
244,8,lower,x,x,x,x
245,1,upper,0,0,0,0
245,1,lower,0,0,0,0
245,2,upper,0,0,0,0
245,2,lower,0,0,0,0
245,3,upper,0,0,0,0
245,3,lower,0,0,0,0
245,4,upper,0,0,0,0
245,4,lower,0,0,0,0
245,5,upper,x,x,x,x
245,5,lower,x,x,x,x
245,6,upper,x,x,x,x
245,6,lower,x,x,x,x
245,7,upper,x,x,x,x
245,7,lower,x,x,x,x
245,8,upper,x,x,x,x
245,8,lower,x,x,x,x
246,1,upper,0,0,0,0
246,1,lower,0,0,0,0
246,2,upper,0,0,0,0
246,2,lower,0,0,0,0
246,3,upper,0,0,0,0
246,3,lower,0,0,0,0
246,4,upper,0,0,0,0
246,4,lower,0,0,0,0
246,5,upper,x,x,x,x
246,5,lower,x,x,x,x
246,6,upper,x,x,x,x
246,6,lower,x,x,x,x
246,7,upper,x,x,x,x
246,7,lower,x,x,x,x
246,8,upper,x,x,x,x
246,8,lower,x,x,x,x
247,1,upper,0,0,0,0
247,1,lower,0,0,0,0
247,2,upper,0,0,0,0
247,2,lower,0,0,0,0
247,3,upper,0,0,0,0
247,3,lower,0,0,0,0
247,4,upper,0,0,0,0
247,4,lower,0,0,0,0
247,5,upper,x,x,x,x
247,5,lower,x,x,x,x
247,6,upper,x,x,x,x
247,6,lower,x,x,x,x
247,7,upper,x,x,x,x
247,7,lower,x,x,x,x
247,8,upper,x,x,x,x
247,8,lower,x,x,x,x
248,1,upper,0,0,0,0
248,1,lower,0,0,0,0
248,2,upper,0,0,0,0
248,2,lower,0,0,0,0
248,3,upper,0,0,0,0
248,3,lower,0,0,0,0
248,4,upper,0,0,0,0
248,4,lower,0,0,0,0
248,5,upper,x,x,x,x
248,5,lower,x,x,x,x
248,6,upper,x,x,x,x
248,6,lower,x,x,x,x
248,7,upper,x,x,x,x
248,7,lower,x,x,x,x
248,8,upper,x,x,x,x
248,8,lower,x,x,x,x
249,1,upper,0,0,0,0
249,1,lower,0,0,0,0
249,2,upper,0,0,0,0
249,2,lower,0,0,0,0
249,3,upper,0,0,0,0
249,3,lower,0,0,0,0
249,4,upper,0,0,0,0
249,4,lower,0,0,0,0
249,5,upper,x,x,x,x
249,5,lower,x,x,x,x
249,6,upper,x,x,x,x
249,6,lower,x,x,x,x
249,7,upper,x,x,x,x
249,7,lower,x,x,x,x
249,8,upper,x,x,x,x
249,8,lower,x,x,x,x
250,1,upper,0,0,0,0
250,1,lower,0,0,0,0
250,2,upper,0,0,0,0
250,2,lower,0,0,0,0
250,3,upper,0,0,0,0
250,3,lower,0,0,0,0
250,4,upper,0,0,0,0
250,4,lower,0,0,0,0
250,5,upper,x,x,x,x
250,5,lower,x,x,x,x
250,6,upper,x,x,x,x
250,6,lower,x,x,x,x
250,7,upper,x,x,x,x
250,7,lower,x,x,x,x
250,8,upper,x,x,x,x
250,8,lower,x,x,x,x
251,1,upper,0,0,0,0
251,1,lower,0,0,0,0
251,2,upper,0,0,0,0
251,2,lower,0,0,0,0
251,3,upper,0,0,0,0
251,3,lower,0,0,0,0
251,4,upper,0,0,0,0
251,4,lower,0,0,0,0
251,5,upper,x,x,x,x
251,5,lower,x,x,x,x
251,6,upper,x,x,x,x
251,6,lower,x,x,x,x
251,7,upper,x,x,x,x
251,7,lower,x,x,x,x
251,8,upper,x,x,x,x
251,8,lower,x,x,x,x
252,1,upper,0,0,0,0
252,1,lower,0,0,0,0
252,2,upper,0,0,0,0
252,2,lower,0,0,0,0
252,3,upper,0,0,0,0
252,3,lower,0,0,0,0
252,4,upper,0,0,0,0
252,4,lower,0,0,0,0
252,5,upper,0,0,0,0
252,5,lower,0,0,0,0
252,6,upper,x,x,x,x
252,6,lower,x,x,x,x
252,7,upper,x,x,x,x
252,7,lower,x,x,x,x
252,8,upper,x,x,x,x
252,8,lower,x,x,x,x
253,1,upper,0,0,0,0
253,1,lower,0,0,0,0
253,2,upper,0,0,0,0
253,2,lower,0,0,0,0
253,3,upper,0,0,0,0
253,3,lower,0,0,0,0
253,4,upper,0,0,0,0
253,4,lower,0,0,0,0
253,5,upper,0,0,0,0
253,5,lower,0,0,0,0
253,6,upper,x,x,x,x
253,6,lower,x,x,x,x
253,7,upper,x,x,x,x
253,7,lower,x,x,x,x
253,8,upper,x,x,x,x
253,8,lower,x,x,x,x
254,1,upper,0,0,0,0
254,1,lower,0,0,0,0
254,2,upper,0,0,0,0
254,2,lower,0,0,0,0
254,3,upper,0,0,0,0
254,3,lower,0,0,0,0
254,4,upper,0,0,0,0
254,4,lower,0,0,0,0
254,5,upper,0,0,0,0
254,5,lower,0,0,0,0
254,6,upper,x,x,x,x
254,6,lower,x,x,x,x
254,7,upper,x,x,x,x
254,7,lower,x,x,x,x
254,8,upper,x,x,x,x
254,8,lower,x,x,x,x
255,1,upper,0,0,0,0
255,1,lower,0,0,0,0
255,2,upper,0,0,0,0
255,2,lower,0,0,0,0
255,3,upper,0,0,0,0
255,3,lower,0,0,0,0
255,4,upper,0,0,0,0
255,4,lower,0,0,0,0
255,5,upper,0,0,0,0
255,5,lower,0,0,0,0
255,6,upper,x,x,x,x
255,6,lower,x,x,x,x
255,7,upper,x,x,x,x
255,7,lower,x,x,x,x
255,8,upper,x,x,x,x
255,8,lower,x,x,x,x
256,1,upper,0,0,0,0
256,1,lower,0,0,0,0
256,2,upper,0,0,0,0
256,2,lower,0,0,0,0
256,3,upper,0,0,0,0
256,3,lower,0,0,0,0
256,4,upper,0,0,0,0
256,4,lower,0,0,0,0
256,5,upper,0,0,0,0
256,5,lower,0,0,0,0
256,6,upper,x,x,x,x
256,6,lower,x,x,x,x
256,7,upper,x,x,x,x
256,7,lower,x,x,x,x
256,8,upper,x,x,x,x
256,8,lower,x,x,x,x
257,1,upper,0,0,0,0
257,1,lower,0,0,0,0
257,2,upper,0,0,0,0
257,2,lower,0,0,0,0
257,3,upper,0,0,0,0
257,3,lower,0,0,0,0
257,4,upper,0,0,0,0
257,4,lower,0,0,0,0
257,5,upper,0,0,0,0
257,5,lower,0,0,0,0
257,6,upper,0,0,0,0
257,6,lower,0,0,0,0
257,7,upper,x,x,x,x
257,7,lower,x,x,x,x
257,8,upper,x,x,x,x
257,8,lower,x,x,x,x
258,1,upper,0,0,0,0
258,1,lower,0,0,0,0
258,2,upper,0,0,0,0
258,2,lower,0,0,0,0
258,3,upper,0,0,0,0
258,3,lower,0,0,0,0
258,4,upper,0,0,0,0
258,4,lower,0,0,0,0
258,5,upper,0,0,0,0
258,5,lower,0,0,0,0
258,6,upper,0,0,0,0
258,6,lower,0,0,0,0
258,7,upper,x,x,x,x
258,7,lower,x,x,x,x
258,8,upper,x,x,x,x
258,8,lower,x,x,x,x
259,1,upper,0,0,0,0
259,1,lower,0,0,0,0
259,2,upper,0,0,0,0
259,2,lower,0,0,0,0
259,3,upper,0,0,0,0
259,3,lower,0,0,0,0
259,4,upper,0,0,0,0
259,4,lower,0,0,0,0
259,5,upper,0,0,0,0
259,5,lower,0,0,0,0
259,6,upper,0,0,0,0
259,6,lower,0,0,0,0
259,7,upper,x,x,x,x
259,7,lower,x,x,x,x
259,8,upper,x,x,x,x
259,8,lower,x,x,x,x
260,1,upper,0,0,0,0
260,1,lower,0,0,0,0
260,2,upper,0,0,0,0
260,2,lower,0,0,0,0
260,3,upper,0,0,0,0
260,3,lower,0,0,0,0
260,4,upper,0,0,0,0
260,4,lower,0,0,0,0
260,5,upper,0,0,0,0
260,5,lower,0,0,0,0
260,6,upper,0,0,0,0
260,6,lower,0,0,0,0
260,7,upper,0,0,0,0
260,7,lower,0,0,0,0
260,8,upper,x,x,x,x
260,8,lower,x,x,x,x
261,1,upper,0,0,0,0
261,1,lower,0,0,0,0
261,2,upper,0,0,0,0
261,2,lower,0,0,0,0
261,3,upper,0,0,0,0
261,3,lower,0,0,0,0
261,4,upper,0,0,0,0
261,4,lower,0,0,0,0
261,5,upper,0,0,0,0
261,5,lower,0,0,0,0
261,6,upper,0,0,0,0
261,6,lower,0,0,0,0
261,7,upper,0,0,0,0
261,7,lower,0,0,0,0
261,8,upper,x,x,x,x
261,8,lower,x,x,x,x
262,1,upper,0,0,0,0
262,1,lower,0,0,0,0
262,2,upper,0,0,0,0
262,2,lower,0,0,0,0
262,3,upper,0,0,0,0
262,3,lower,0,0,0,0
262,4,upper,0,0,0,0
262,4,lower,0,0,0,0
262,5,upper,0,0,0,0
262,5,lower,0,0,0,0
262,6,upper,0,0,0,0
262,6,lower,0,0,0,0
262,7,upper,0,0,0,0
262,7,lower,0,0,0,0
262,8,upper,0,0,0,0
262,8,lower,0,0,0,0
263,1,upper,0,0,0,0
263,1,lower,0,0,0,0
263,2,upper,0,0,0,0
263,2,lower,0,0,0,0
263,3,upper,0,0,0,0
263,3,lower,0,0,0,0
263,4,upper,0,0,0,0
263,4,lower,0,0,0,0
263,5,upper,0,0,0,0
263,5,lower,0,0,0,0
263,6,upper,0,0,0,0
263,6,lower,0,0,0,0
263,7,upper,0,0,0,0
263,7,lower,0,0,0,0
263,8,upper,0,0,0,0
263,8,lower,0,0,0,0
264,1,upper,0,0,0,0
264,1,lower,0,0,0,0
264,2,upper,0,0,0,0
264,2,lower,0,0,0,0
264,3,upper,0,0,0,0
264,3,lower,0,0,0,0
264,4,upper,0,0,0,0
264,4,lower,0,0,0,0
264,5,upper,0,0,0,0
264,5,lower,0,0,0,0
264,6,upper,0,0,0,0
264,6,lower,0,0,0,0
264,7,upper,0,0,0,0
264,7,lower,0,0,0,0
264,8,upper,0,0,0,0
264,8,lower,0,0,0,0
265,1,upper,0,0,0,0
265,1,lower,0,0,0,0
265,2,upper,0,0,0,0
265,2,lower,0,0,0,0
265,3,upper,0,0,0,0
265,3,lower,0,0,0,0
265,4,upper,0,0,0,0
265,4,lower,0,0,0,0
265,5,upper,0,0,0,0
265,5,lower,0,0,0,0
265,6,upper,0,0,0,0
265,6,lower,0,0,0,0
265,7,upper,0,0,0,0
265,7,lower,0,0,0,0
265,8,upper,0,0,0,0
265,8,lower,0,0,0,0
266,1,upper,0,0,0,0
266,1,lower,0,0,0,0
266,2,upper,0,0,0,0
266,2,lower,0,0,0,0
266,3,upper,0,0,0,0
266,3,lower,0,0,0,0
266,4,upper,0,0,0,0
266,4,lower,0,0,0,0
266,5,upper,0,0,0,0
266,5,lower,0,0,0,0
266,6,upper,0,0,0,0
266,6,lower,0,0,0,0
266,7,upper,0,0,0,0
266,7,lower,0,0,0,0
266,8,upper,0,0,0,0
266,8,lower,0,0,0,0
267,1,upper,0,0,0,0
267,1,lower,0,0,0,0
267,2,upper,0,0,0,0
267,2,lower,0,0,0,0
267,3,upper,0,0,0,0
267,3,lower,0,0,0,0
267,4,upper,0,0,0,0
267,4,lower,0,0,0,0
267,5,upper,0,0,0,0
267,5,lower,0,0,0,0
267,6,upper,0,0,0,0
267,6,lower,0,0,0,0
267,7,upper,0,0,0,0
267,7,lower,0,0,0,0
267,8,upper,0,0,0,0
267,8,lower,0,0,0,0
268,1,upper,0,0,0,0
268,1,lower,0,0,0,0
268,2,upper,0,0,0,0
268,2,lower,0,0,0,0
268,3,upper,0,0,0,0
268,3,lower,0,0,0,0
268,4,upper,0,0,0,0
268,4,lower,0,0,0,0
268,5,upper,0,0,0,0
268,5,lower,0,0,0,0
268,6,upper,0,0,0,0
268,6,lower,0,0,0,0
268,7,upper,0,0,0,0
268,7,lower,0,0,0,0
268,8,upper,0,0,0,0
268,8,lower,0,0,0,0
269,1,upper,0,0,0,0
269,1,lower,0,0,0,0
269,2,upper,0,0,0,0
269,2,lower,0,0,0,0
269,3,upper,0,0,0,0
269,3,lower,0,0,0,0
269,4,upper,0,0,0,0
269,4,lower,0,0,0,0
269,5,upper,0,0,0,0
269,5,lower,0,0,0,0
269,6,upper,0,0,0,0
269,6,lower,0,0,0,0
269,7,upper,0,0,0,0
269,7,lower,0,0,0,0
269,8,upper,0,0,0,0
269,8,lower,0,0,0,0
270,1,upper,0,0,0,0
270,1,lower,0,0,0,0
270,2,upper,0,0,0,0
270,2,lower,0,0,0,0
270,3,upper,0,0,0,0
270,3,lower,0,0,0,0
270,4,upper,0,0,0,0
270,4,lower,0,0,0,0
270,5,upper,0,0,0,0
270,5,lower,0,0,0,0
270,6,upper,0,0,0,0
270,6,lower,0,0,0,0
270,7,upper,0,0,0,0
270,7,lower,0,0,0,0
270,8,upper,0,0,0,0
270,8,lower,0,0,0,0
271,1,upper,0,0,0,0
271,1,lower,0,0,0,0
271,2,upper,0,0,0,0
271,2,lower,0,0,0,0
271,3,upper,0,0,0,0
271,3,lower,0,0,0,0
271,4,upper,0,0,0,0
271,4,lower,0,0,0,0
271,5,upper,0,0,0,0
271,5,lower,0,0,0,0
271,6,upper,0,0,0,0
271,6,lower,0,0,0,0
271,7,upper,0,0,0,0
271,7,lower,0,0,0,0
271,8,upper,0,0,0,0
271,8,lower,0,0,0,0
272,1,upper,0,0,0,0
272,1,lower,0,0,0,0
272,2,upper,0,0,0,0
272,2,lower,0,0,0,0
272,3,upper,0,0,0,0
272,3,lower,0,0,0,0
272,4,upper,0,0,0,0
272,4,lower,0,0,0,0
272,5,upper,0,0,0,0
272,5,lower,0,0,0,0
272,6,upper,0,0,0,0
272,6,lower,0,0,0,0
272,7,upper,0,0,0,0
272,7,lower,0,0,0,0
272,8,upper,0,0,0,0
272,8,lower,0,0,0,0
273,1,upper,0,0,0,0
273,1,lower,0,0,0,0
273,2,upper,0,0,0,0
273,2,lower,0,0,0,0
273,3,upper,0,0,0,0
273,3,lower,0,0,0,0
273,4,upper,0,0,0,0
273,4,lower,0,0,0,0
273,5,upper,0,0,0,0
273,5,lower,0,0,0,0
273,6,upper,0,0,0,0
273,6,lower,0,0,0,0
273,7,upper,0,0,0,0
273,7,lower,0,0,0,0
273,8,upper,0,0,0,0
273,8,lower,0,0,0,0
274,1,upper,0,0,0,0
274,1,lower,0,0,0,0
274,2,upper,0,0,0,0
274,2,lower,0,0,0,0
274,3,upper,0,0,0,0
274,3,lower,0,0,0,0
274,4,upper,0,0,0,0
274,4,lower,0,0,0,0
274,5,upper,0,0,0,0
274,5,lower,0,0,0,0
274,6,upper,0,0,0,0
274,6,lower,0,0,0,0
274,7,upper,0,0,0,0
274,7,lower,0,0,0,0
274,8,upper,0,0,0,0
274,8,lower,0,0,0,0
275,1,upper,0,0,0,0
275,1,lower,0,0,0,0
275,2,upper,0,0,0,0
275,2,lower,0,0,0,0
275,3,upper,0,0,0,0
275,3,lower,0,0,0,0
275,4,upper,0,0,0,0
275,4,lower,0,0,0,0
275,5,upper,0,0,0,0
275,5,lower,0,0,0,0
275,6,upper,0,0,0,0
275,6,lower,0,0,0,0
275,7,upper,0,0,0,0
275,7,lower,0,0,0,0
275,8,upper,0,0,0,0
275,8,lower,0,0,0,0
276,1,upper,0,0,0,0
276,1,lower,0,0,0,0
276,2,upper,0,0,0,0
276,2,lower,0,0,0,0
276,3,upper,0,0,0,0
276,3,lower,0,0,0,0
276,4,upper,0,0,0,0
276,4,lower,0,0,0,0
276,5,upper,0,0,0,0
276,5,lower,0,0,0,0
276,6,upper,0,0,0,0
276,6,lower,0,0,0,0
276,7,upper,0,0,0,0
276,7,lower,0,0,0,0
276,8,upper,0,0,0,0
276,8,lower,0,0,0,0
277,1,upper,0,0,0,0
277,1,lower,0,0,0,0
277,2,upper,0,0,0,0
277,2,lower,0,0,0,0
277,3,upper,0,0,0,0
277,3,lower,0,0,0,0
277,4,upper,0,0,0,0
277,4,lower,0,0,0,0
277,5,upper,0,0,0,0
277,5,lower,0,0,0,0
277,6,upper,0,0,0,0
277,6,lower,0,0,0,0
277,7,upper,0,0,0,0
277,7,lower,0,0,0,0
277,8,upper,0,0,0,0
277,8,lower,0,0,0,0
278,1,upper,0,0,0,0
278,1,lower,0,0,0,0
278,2,upper,0,0,0,0
278,2,lower,0,0,0,0
278,3,upper,0,0,0,0
278,3,lower,0,0,0,0
278,4,upper,0,0,0,0
278,4,lower,0,0,0,0
278,5,upper,0,0,0,0
278,5,lower,0,0,0,0
278,6,upper,0,0,0,0
278,6,lower,0,0,0,0
278,7,upper,0,0,0,0
278,7,lower,0,0,0,0
278,8,upper,0,0,0,0
278,8,lower,0,0,0,0
279,1,upper,0,0,0,0
279,1,lower,0,0,0,0
279,2,upper,0,0,0,0
279,2,lower,0,0,0,0
279,3,upper,0,0,0,0
279,3,lower,0,0,0,0
279,4,upper,0,0,0,0
279,4,lower,0,0,0,0
279,5,upper,0,0,0,0
279,5,lower,0,0,0,0
279,6,upper,0,0,0,0
279,6,lower,0,0,0,0
279,7,upper,0,0,0,0
279,7,lower,0,0,0,0
279,8,upper,0,0,0,0
279,8,lower,0,0,0,0
280,1,upper,0,0,0,0
280,1,lower,0,0,0,0
280,2,upper,0,0,0,0
280,2,lower,0,0,0,0
280,3,upper,0,0,0,0
280,3,lower,0,0,0,0
280,4,upper,0,0,0,0
280,4,lower,0,0,0,0
280,5,upper,0,0,0,0
280,5,lower,0,0,0,0
280,6,upper,0,0,0,0
280,6,lower,0,0,0,0
280,7,upper,0,0,0,0
280,7,lower,0,0,0,0
280,8,upper,0,0,0,0
280,8,lower,0,0,0,0
281,1,upper,0,0,0,0
281,1,lower,0,0,0,0
281,2,upper,0,0,0,0
281,2,lower,0,0,0,0
281,3,upper,0,0,0,0
281,3,lower,0,0,0,0
281,4,upper,0,0,0,0
281,4,lower,0,0,0,0
281,5,upper,0,0,0,0
281,5,lower,0,0,0,0
281,6,upper,0,0,0,0
281,6,lower,0,0,0,0
281,7,upper,0,0,0,0
281,7,lower,0,0,0,0
281,8,upper,0,0,0,0
281,8,lower,0,0,0,0
282,1,upper,0,0,0,0
282,1,lower,0,0,0,0
282,2,upper,0,0,0,0
282,2,lower,0,0,0,0
282,3,upper,0,0,0,0
282,3,lower,0,0,0,0
282,4,upper,0,0,0,0
282,4,lower,0,0,0,0
282,5,upper,0,0,0,0
282,5,lower,0,0,0,0
282,6,upper,0,0,0,0
282,6,lower,0,0,0,0
282,7,upper,0,0,0,0
282,7,lower,0,0,0,0
282,8,upper,0,0,0,0
282,8,lower,0,0,0,0
283,1,upper,0,0,0,0
283,1,lower,0,0,0,0
283,2,upper,0,0,0,0
283,2,lower,0,0,0,0
283,3,upper,0,0,0,0
283,3,lower,0,0,0,0
283,4,upper,0,0,0,0
283,4,lower,0,0,0,0
283,5,upper,0,0,0,0
283,5,lower,0,0,0,0
283,6,upper,0,0,0,0
283,6,lower,0,0,0,0
283,7,upper,0,0,0,0
283,7,lower,0,0,0,0
283,8,upper,0,0,0,0
283,8,lower,0,0,0,0
284,1,upper,0,0,0,0
284,1,lower,0,0,0,0
284,2,upper,0,0,0,0
284,2,lower,0,0,0,0
284,3,upper,0,0,0,0
284,3,lower,0,0,0,0
284,4,upper,0,0,0,0
284,4,lower,0,0,0,0
284,5,upper,0,0,0,0
284,5,lower,0,0,0,0
284,6,upper,0,0,0,0
284,6,lower,0,0,0,0
284,7,upper,0,0,0,0
284,7,lower,0,0,0,0
284,8,upper,0,0,0,0
284,8,lower,0,0,0,0
285,1,upper,0,0,0,0
285,1,lower,0,0,0,0
285,2,upper,0,0,0,0
285,2,lower,0,0,0,0
285,3,upper,0,0,0,0
285,3,lower,0,0,0,0
285,4,upper,0,0,0,0
285,4,lower,0,0,0,0
285,5,upper,0,0,0,0
285,5,lower,0,0,0,0
285,6,upper,0,0,0,0
285,6,lower,0,0,0,0
285,7,upper,0,0,0,0
285,7,lower,0,0,0,0
285,8,upper,0,0,0,0
285,8,lower,0,0,0,0
286,1,upper,0,0,0,0
286,1,lower,0,0,0,0
286,2,upper,0,0,0,0
286,2,lower,0,0,0,0
286,3,upper,0,0,0,0
286,3,lower,0,0,0,0
286,4,upper,0,0,0,0
286,4,lower,0,0,0,0
286,5,upper,0,0,0,0
286,5,lower,0,0,0,0
286,6,upper,0,0,0,0
286,6,lower,0,0,0,0
286,7,upper,0,0,0,0
286,7,lower,0,0,0,0
286,8,upper,0,0,0,0
286,8,lower,0,0,0,0
287,1,upper,0,0,0,0
287,1,lower,0,0,0,0
287,2,upper,0,0,0,0
287,2,lower,0,0,0,0
287,3,upper,0,0,0,0
287,3,lower,0,0,0,0
287,4,upper,0,0,0,0
287,4,lower,0,0,0,0
287,5,upper,0,0,0,0
287,5,lower,0,0,0,0
287,6,upper,0,0,0,0
287,6,lower,0,0,0,0
287,7,upper,0,0,0,0
287,7,lower,0,0,0,0
287,8,upper,0,0,0,0
287,8,lower,0,0,0,0
288,1,upper,0,0,0,0
288,1,lower,0,0,0,0
288,2,upper,0,0,0,0
288,2,lower,0,0,0,0
288,3,upper,0,0,0,0
288,3,lower,0,0,0,0
288,4,upper,0,0,0,0
288,4,lower,0,0,0,0
288,5,upper,0,0,0,0
288,5,lower,0,0,0,0
288,6,upper,0,0,0,0
288,6,lower,0,0,0,0
288,7,upper,0,0,0,0
288,7,lower,0,0,0,0
288,8,upper,0,0,0,0
288,8,lower,0,0,0,0
289,1,upper,0,0,0,0
289,1,lower,0,0,0,0
289,2,upper,0,0,0,0
289,2,lower,0,0,0,0
289,3,upper,0,0,0,0
289,3,lower,0,0,0,0
289,4,upper,0,0,0,0
289,4,lower,0,0,0,0
289,5,upper,0,0,0,0
289,5,lower,0,0,0,0
289,6,upper,0,0,0,0
289,6,lower,0,0,0,0
289,7,upper,0,0,0,0
289,7,lower,0,0,0,0
289,8,upper,0,0,0,0
289,8,lower,0,0,0,0
290,1,upper,0,0,0,0
290,1,lower,0,0,0,0
290,2,upper,0,0,0,0
290,2,lower,0,0,0,0
290,3,upper,0,0,0,0
290,3,lower,0,0,0,0
290,4,upper,0,0,0,0
290,4,lower,0,0,0,0
290,5,upper,0,0,0,0
290,5,lower,0,0,0,0
290,6,upper,0,0,0,0
290,6,lower,0,0,0,0
290,7,upper,0,0,0,0
290,7,lower,0,0,0,0
290,8,upper,0,0,0,0
290,8,lower,0,0,0,0
291,1,upper,0,0,0,0
291,1,lower,0,0,0,0
291,2,upper,0,0,0,0
291,2,lower,0,0,0,0
291,3,upper,0,0,0,0
291,3,lower,0,0,0,0
291,4,upper,0,0,0,0
291,4,lower,0,0,0,0
291,5,upper,0,0,0,0
291,5,lower,0,0,0,0
291,6,upper,0,0,0,0
291,6,lower,0,0,0,0
291,7,upper,0,0,0,0
291,7,lower,0,0,0,0
291,8,upper,0,0,0,0
291,8,lower,0,0,0,0
292,1,upper,0,0,0,0
292,1,lower,0,0,0,0
292,2,upper,0,0,0,0
292,2,lower,0,0,0,0
292,3,upper,0,0,0,0
292,3,lower,0,0,0,0
292,4,upper,0,0,0,0
292,4,lower,0,0,0,0
292,5,upper,0,0,0,0
292,5,lower,0,0,0,0
292,6,upper,0,0,0,0
292,6,lower,0,0,0,0
292,7,upper,0,0,0,0
292,7,lower,0,0,0,0
292,8,upper,0,0,0,0
292,8,lower,0,0,0,0
293,1,upper,0,0,0,0
293,1,lower,0,0,0,0
293,2,upper,0,0,0,0
293,2,lower,0,0,0,0
293,3,upper,0,0,0,0
293,3,lower,0,0,0,0
293,4,upper,0,0,0,0
293,4,lower,0,0,0,0
293,5,upper,0,0,0,0
293,5,lower,0,0,0,0
293,6,upper,0,0,0,0
293,6,lower,0,0,0,0
293,7,upper,0,0,0,0
293,7,lower,0,0,0,0
293,8,upper,0,0,0,0
293,8,lower,0,0,0,0
294,1,upper,0,0,0,0
294,1,lower,0,0,0,0
294,2,upper,0,0,0,0
294,2,lower,0,0,0,0
294,3,upper,0,0,0,0
294,3,lower,0,0,0,0
294,4,upper,0,0,0,0
294,4,lower,0,0,0,0
294,5,upper,0,0,0,0
294,5,lower,0,0,0,0
294,6,upper,0,0,0,0
294,6,lower,0,0,0,0
294,7,upper,0,0,0,0
294,7,lower,0,0,0,0
294,8,upper,0,0,0,0
294,8,lower,0,0,0,0
295,1,upper,0,0,0,0
295,1,lower,0,0,0,0
295,2,upper,0,0,0,0
295,2,lower,0,0,0,0
295,3,upper,0,0,0,0
295,3,lower,0,0,0,0
295,4,upper,0,0,0,0
295,4,lower,0,0,0,0
295,5,upper,0,0,0,0
295,5,lower,0,0,0,0
295,6,upper,0,0,0,0
295,6,lower,0,0,0,0
295,7,upper,0,0,0,0
295,7,lower,0,0,0,0
295,8,upper,0,0,0,0
295,8,lower,0,0,0,0
296,1,upper,0,0,0,0
296,1,lower,0,0,0,0
296,2,upper,0,0,0,0
296,2,lower,0,0,0,0
296,3,upper,0,0,0,0
296,3,lower,0,0,0,0
296,4,upper,0,0,0,0
296,4,lower,0,0,0,0
296,5,upper,0,0,0,0
296,5,lower,0,0,0,0
296,6,upper,0,0,0,0
296,6,lower,0,0,0,0
296,7,upper,0,0,0,0
296,7,lower,0,0,0,0
296,8,upper,0,0,0,0
296,8,lower,0,0,0,0
297,1,upper,0,0,0,0
297,1,lower,0,0,0,0
297,2,upper,0,0,0,0
297,2,lower,0,0,0,0
297,3,upper,0,0,0,0
297,3,lower,0,0,0,0
297,4,upper,0,0,0,0
297,4,lower,0,0,0,0
297,5,upper,0,0,0,0
297,5,lower,0,0,0,0
297,6,upper,0,0,0,0
297,6,lower,0,0,0,0
297,7,upper,0,0,0,0
297,7,lower,0,0,0,0
297,8,upper,0,0,0,0
297,8,lower,0,0,0,0
298,1,upper,0,0,0,0
298,1,lower,0,0,0,0
298,2,upper,0,0,0,0
298,2,lower,0,0,0,0
298,3,upper,0,0,0,0
298,3,lower,0,0,0,0
298,4,upper,0,0,0,0
298,4,lower,0,0,0,0
298,5,upper,0,0,0,0
298,5,lower,0,0,0,0
298,6,upper,0,0,0,0
298,6,lower,0,0,0,0
298,7,upper,0,0,0,0
298,7,lower,0,0,0,0
298,8,upper,0,0,0,0
298,8,lower,0,0,0,0
299,1,upper,0,0,0,0
299,1,lower,0,0,0,0
299,2,upper,0,0,0,0
299,2,lower,0,0,0,0
299,3,upper,0,0,0,0
299,3,lower,0,0,0,0
299,4,upper,0,0,0,0
299,4,lower,0,0,0,0
299,5,upper,0,0,0,0
299,5,lower,0,0,0,0
299,6,upper,0,0,0,0
299,6,lower,0,0,0,0
299,7,upper,0,0,0,0
299,7,lower,0,0,0,0
299,8,upper,0,0,0,0
299,8,lower,0,0,0,0
300,1,upper,0,0,0,0
300,1,lower,0,0,0,0
300,2,upper,0,0,0,0
300,2,lower,0,0,0,0
300,3,upper,0,0,0,0
300,3,lower,0,0,0,0
300,4,upper,0,0,0,0
300,4,lower,0,0,0,0
300,5,upper,0,0,0,0
300,5,lower,0,0,0,0
300,6,upper,0,0,0,0
300,6,lower,0,0,0,0
300,7,upper,0,0,0,0
300,7,lower,0,0,0,0
300,8,upper,0,0,0,0
300,8,lower,0,0,0,0
301,1,upper,0,0,0,0
301,1,lower,0,0,0,0
301,2,upper,0,0,0,0
301,2,lower,0,0,0,0
301,3,upper,0,0,0,0
301,3,lower,0,0,0,0
301,4,upper,0,0,0,0
301,4,lower,0,0,0,0
301,5,upper,0,0,0,0
301,5,lower,0,0,0,0
301,6,upper,0,0,0,0
301,6,lower,0,0,0,0
301,7,upper,0,0,0,0
301,7,lower,0,0,0,0
301,8,upper,0,0,0,0
301,8,lower,0,0,0,0
302,1,upper,0,0,0,0
302,1,lower,0,0,0,0
302,2,upper,0,0,0,0
302,2,lower,0,0,0,0
302,3,upper,0,0,0,0
302,3,lower,0,0,0,0
302,4,upper,0,0,0,0
302,4,lower,0,0,0,0
302,5,upper,0,0,0,0
302,5,lower,0,0,0,0
302,6,upper,0,0,0,0
302,6,lower,0,0,0,0
302,7,upper,0,0,0,0
302,7,lower,0,0,0,0
302,8,upper,0,0,0,0
302,8,lower,0,0,0,0
303,1,upper,0,0,0,0
303,1,lower,0,0,0,0
303,2,upper,0,0,0,0
303,2,lower,0,0,0,0
303,3,upper,0,0,0,0
303,3,lower,0,0,0,0
303,4,upper,0,0,0,0
303,4,lower,0,0,0,0
303,5,upper,0,0,0,0
303,5,lower,0,0,0,0
303,6,upper,0,0,0,0
303,6,lower,0,0,0,0
303,7,upper,0,0,0,0
303,7,lower,0,0,0,0
303,8,upper,0,0,0,0
303,8,lower,0,0,0,0
304,1,upper,0,0,0,0
304,1,lower,0,0,0,0
304,2,upper,0,0,0,0
304,2,lower,0,0,0,0
304,3,upper,0,0,0,0
304,3,lower,0,0,0,0
304,4,upper,0,0,0,0
304,4,lower,0,0,0,0
304,5,upper,0,0,0,0
304,5,lower,0,0,0,0
304,6,upper,0,0,0,0
304,6,lower,0,0,0,0
304,7,upper,0,0,0,0
304,7,lower,0,0,0,0
304,8,upper,0,0,0,0
304,8,lower,0,0,0,0
305,1,upper,0,0,0,0
305,1,lower,0,0,0,0
305,2,upper,0,0,0,0
305,2,lower,0,0,0,0
305,3,upper,0,0,0,0
305,3,lower,0,0,0,0
305,4,upper,0,0,0,0
305,4,lower,0,0,0,0
305,5,upper,0,0,0,0
305,5,lower,0,0,0,0
305,6,upper,0,0,0,0
305,6,lower,0,0,0,0
305,7,upper,0,0,0,0
305,7,lower,0,0,0,0
305,8,upper,0,0,0,0
305,8,lower,0,0,0,0
306,1,upper,0,0,0,0
306,1,lower,0,0,0,0
306,2,upper,0,0,0,0
306,2,lower,0,0,0,0
306,3,upper,0,0,0,0
306,3,lower,0,0,0,0
306,4,upper,0,0,0,0
306,4,lower,0,0,0,0
306,5,upper,0,0,0,0
306,5,lower,0,0,0,0
306,6,upper,0,0,0,0
306,6,lower,0,0,0,0
306,7,upper,0,0,0,0
306,7,lower,0,0,0,0
306,8,upper,0,0,0,0
306,8,lower,0,0,0,0
307,1,upper,0,0,0,0
307,1,lower,0,0,0,0
307,2,upper,0,0,0,0
307,2,lower,0,0,0,0
307,3,upper,0,0,0,0
307,3,lower,0,0,0,0
307,4,upper,0,0,0,0
307,4,lower,0,0,0,0
307,5,upper,0,0,0,0
307,5,lower,0,0,0,0
307,6,upper,0,0,0,0
307,6,lower,0,0,0,0
307,7,upper,0,0,0,0
307,7,lower,0,0,0,0
307,8,upper,0,0,0,0
307,8,lower,0,0,0,0
308,1,upper,0,0,0,0
308,1,lower,0,0,0,0
308,2,upper,0,0,0,0
308,2,lower,0,0,0,0
308,3,upper,0,0,0,0
308,3,lower,0,0,0,0
308,4,upper,0,0,0,0
308,4,lower,0,0,0,0
308,5,upper,0,0,0,0
308,5,lower,0,0,0,0
308,6,upper,0,0,0,0
308,6,lower,0,0,0,0
308,7,upper,0,0,0,0
308,7,lower,0,0,0,0
308,8,upper,0,0,0,0
308,8,lower,0,0,0,0
309,1,upper,0,0,0,0
309,1,lower,0,0,0,0
309,2,upper,0,0,0,0
309,2,lower,0,0,0,0
309,3,upper,0,0,0,0
309,3,lower,0,0,0,0
309,4,upper,0,0,0,0
309,4,lower,0,0,0,0
309,5,upper,0,0,0,0
309,5,lower,0,0,0,0
309,6,upper,0,0,0,0
309,6,lower,0,0,0,0
309,7,upper,0,0,0,0
309,7,lower,0,0,0,0
309,8,upper,0,0,0,0
309,8,lower,0,0,0,0
310,1,upper,0,0,0,0
310,1,lower,0,0,0,0
310,2,upper,0,0,0,0
310,2,lower,0,0,0,0
310,3,upper,0,0,0,0
310,3,lower,0,0,0,0
310,4,upper,0,0,0,0
310,4,lower,0,0,0,0
310,5,upper,0,0,0,0
310,5,lower,0,0,0,0
310,6,upper,0,0,0,0
310,6,lower,0,0,0,0
310,7,upper,0,0,0,0
310,7,lower,0,0,0,0
310,8,upper,0,0,0,0
310,8,lower,0,0,0,0
311,1,upper,0,0,0,0
311,1,lower,0,0,0,0
311,2,upper,0,0,0,0
311,2,lower,0,0,0,0
311,3,upper,0,0,0,0
311,3,lower,0,0,0,0
311,4,upper,0,0,0,0
311,4,lower,0,0,0,0
311,5,upper,0,0,0,0
311,5,lower,0,0,0,0
311,6,upper,0,0,0,0
311,6,lower,0,0,0,0
311,7,upper,0,0,0,0
311,7,lower,0,0,0,0
311,8,upper,0,0,0,0
311,8,lower,0,0,0,0
312,1,upper,0,0,0,0
312,1,lower,0,0,0,0
312,2,upper,0,0,0,0
312,2,lower,0,0,0,0
312,3,upper,0,0,0,0
312,3,lower,0,0,0,0
312,4,upper,0,0,0,0
312,4,lower,0,0,0,0
312,5,upper,0,0,0,0
312,5,lower,0,0,0,0
312,6,upper,0,0,0,0
312,6,lower,0,0,0,0
312,7,upper,0,0,0,0
312,7,lower,0,0,0,0
312,8,upper,0,0,0,0
312,8,lower,0,0,0,0
313,1,upper,0,0,0,0
313,1,lower,0,0,0,0
313,2,upper,0,0,0,0
313,2,lower,0,0,0,0
313,3,upper,0,0,0,0
313,3,lower,0,0,0,0
313,4,upper,0,0,0,0
313,4,lower,0,0,0,0
313,5,upper,0,0,0,0
313,5,lower,0,0,0,0
313,6,upper,0,0,0,0
313,6,lower,0,0,0,0
313,7,upper,0,0,0,0
313,7,lower,0,0,0,0
313,8,upper,0,0,0,0
313,8,lower,0,0,0,0
314,1,upper,0,0,0,0
314,1,lower,0,0,0,0
314,2,upper,0,0,0,0
314,2,lower,0,0,0,0
314,3,upper,0,0,0,0
314,3,lower,0,0,0,0
314,4,upper,0,0,0,0
314,4,lower,0,0,0,0
314,5,upper,0,0,0,0
314,5,lower,0,0,0,0
314,6,upper,0,0,0,0
314,6,lower,0,0,0,0
314,7,upper,0,0,0,0
314,7,lower,0,0,0,0
314,8,upper,0,0,0,0
314,8,lower,0,0,0,0
315,1,upper,0,0,0,0
315,1,lower,0,0,0,0
315,2,upper,0,0,0,0
315,2,lower,0,0,0,0
315,3,upper,0,0,0,0
315,3,lower,0,0,0,0
315,4,upper,0,0,0,0
315,4,lower,0,0,0,0
315,5,upper,0,0,0,0
315,5,lower,0,0,0,0
315,6,upper,0,0,0,0
315,6,lower,0,0,0,0
315,7,upper,0,0,0,0
315,7,lower,0,0,0,0
315,8,upper,0,0,0,0
315,8,lower,0,0,0,0
316,1,upper,0,0,0,0
316,1,lower,0,0,0,0
316,2,upper,0,0,0,0
316,2,lower,0,0,0,0
316,3,upper,0,0,0,0
316,3,lower,0,0,0,0
316,4,upper,0,0,0,0
316,4,lower,0,0,0,0
316,5,upper,0,0,0,0
316,5,lower,0,0,0,0
316,6,upper,0,0,0,0
316,6,lower,0,0,0,0
316,7,upper,0,0,0,0
316,7,lower,0,0,0,0
316,8,upper,0,0,0,0
316,8,lower,0,0,0,0
317,1,upper,0,0,0,0
317,1,lower,0,0,0,0
317,2,upper,0,0,0,0
317,2,lower,0,0,0,0
317,3,upper,0,0,0,0
317,3,lower,0,0,0,0
317,4,upper,0,0,0,0
317,4,lower,0,0,0,0
317,5,upper,0,0,0,0
317,5,lower,0,0,0,0
317,6,upper,0,0,0,0
317,6,lower,0,0,0,0
317,7,upper,0,0,0,0
317,7,lower,0,0,0,0
317,8,upper,0,0,0,0
317,8,lower,0,0,0,0
318,1,upper,0,0,0,0
318,1,lower,0,0,0,0
318,2,upper,0,0,0,0
318,2,lower,0,0,0,0
318,3,upper,0,0,0,0
318,3,lower,0,0,0,0
318,4,upper,0,0,0,0
318,4,lower,0,0,0,0
318,5,upper,0,0,0,0
318,5,lower,0,0,0,0
318,6,upper,0,0,0,0
318,6,lower,0,0,0,0
318,7,upper,0,0,0,0
318,7,lower,0,0,0,0
318,8,upper,0,0,0,0
318,8,lower,0,0,0,0
319,1,upper,0,0,0,0
319,1,lower,0,0,0,0
319,2,upper,0,0,0,0
319,2,lower,0,0,0,0
319,3,upper,0,0,0,0
319,3,lower,0,0,0,0
319,4,upper,0,0,0,0
319,4,lower,0,0,0,0
319,5,upper,0,0,0,0
319,5,lower,0,0,0,0
319,6,upper,0,0,0,0
319,6,lower,0,0,0,0
319,7,upper,0,0,0,0
319,7,lower,0,0,0,0
319,8,upper,0,0,0,0
319,8,lower,0,0,0,0
320,1,upper,0,0,0,0
320,1,lower,0,0,0,0
320,2,upper,0,0,0,0
320,2,lower,0,0,0,0
320,3,upper,0,0,0,0
320,3,lower,0,0,0,0
320,4,upper,0,0,0,0
320,4,lower,0,0,0,0
320,5,upper,0,0,0,0
320,5,lower,0,0,0,0
320,6,upper,0,0,0,0
320,6,lower,0,0,0,0
320,7,upper,0,0,0,0
320,7,lower,0,0,0,0
320,8,upper,0,0,0,0
320,8,lower,0,0,0,0
321,1,upper,0,0,0,0
321,1,lower,0,0,0,0
321,2,upper,0,0,0,0
321,2,lower,0,0,0,0
321,3,upper,0,0,0,0
321,3,lower,0,0,0,0
321,4,upper,0,0,0,0
321,4,lower,0,0,0,0
321,5,upper,0,0,0,0
321,5,lower,0,0,0,0
321,6,upper,0,0,0,0
321,6,lower,0,0,0,0
321,7,upper,0,0,0,0
321,7,lower,0,0,0,0
321,8,upper,0,0,0,0
321,8,lower,0,0,0,0
322,1,upper,0,0,0,0
322,1,lower,0,0,0,0
322,2,upper,0,0,0,0
322,2,lower,0,0,0,0
322,3,upper,0,0,0,0
322,3,lower,0,0,0,0
322,4,upper,0,0,0,0
322,4,lower,0,0,0,0
322,5,upper,0,0,0,0
322,5,lower,0,0,0,0
322,6,upper,0,0,0,0
322,6,lower,0,0,0,0
322,7,upper,0,0,0,0
322,7,lower,0,0,0,0
322,8,upper,0,0,0,0
322,8,lower,0,0,0,0
323,1,upper,0,0,0,0
323,1,lower,0,0,0,0
323,2,upper,0,0,0,0
323,2,lower,0,0,0,0
323,3,upper,0,0,0,0
323,3,lower,0,0,0,0
323,4,upper,0,0,0,0
323,4,lower,0,0,0,0
323,5,upper,0,0,0,0
323,5,lower,0,0,0,0
323,6,upper,0,0,0,0
323,6,lower,0,0,0,0
323,7,upper,0,0,0,0
323,7,lower,0,0,0,0
323,8,upper,0,0,0,0
323,8,lower,0,0,0,0
324,1,upper,0,0,0,0
324,1,lower,0,0,0,0
324,2,upper,0,0,0,0
324,2,lower,0,0,0,0
324,3,upper,0,0,0,0
324,3,lower,0,0,0,0
324,4,upper,0,0,0,0
324,4,lower,0,0,0,0
324,5,upper,0,0,0,0
324,5,lower,0,0,0,0
324,6,upper,0,0,0,0
324,6,lower,0,0,0,0
324,7,upper,0,0,0,0
324,7,lower,0,0,0,0
324,8,upper,0,0,0,0
324,8,lower,0,0,0,0
325,1,upper,0,0,0,0
325,1,lower,0,0,0,0
325,2,upper,0,0,0,0
325,2,lower,0,0,0,0
325,3,upper,0,0,0,0
325,3,lower,0,0,0,0
325,4,upper,0,0,0,0
325,4,lower,0,0,0,0
325,5,upper,0,0,0,0
325,5,lower,0,0,0,0
325,6,upper,0,0,0,0
325,6,lower,0,0,0,0
325,7,upper,0,0,0,0
325,7,lower,0,0,0,0
325,8,upper,0,0,0,0
325,8,lower,0,0,0,0
326,1,upper,0,0,0,0
326,1,lower,0,0,0,0
326,2,upper,0,0,0,0
326,2,lower,0,0,0,0
326,3,upper,0,0,0,0
326,3,lower,0,0,0,0
326,4,upper,0,0,0,0
326,4,lower,0,0,0,0
326,5,upper,0,0,0,0
326,5,lower,0,0,0,0
326,6,upper,0,0,0,0
326,6,lower,0,0,0,0
326,7,upper,0,0,0,0
326,7,lower,0,0,0,0
326,8,upper,0,0,0,0
326,8,lower,0,0,0,0
327,1,upper,0,0,0,0
327,1,lower,0,0,0,0
327,2,upper,0,0,0,0
327,2,lower,0,0,0,0
327,3,upper,0,0,0,0
327,3,lower,0,0,0,0
327,4,upper,0,0,0,0
327,4,lower,0,0,0,0
327,5,upper,0,0,0,0
327,5,lower,0,0,0,0
327,6,upper,0,0,0,0
327,6,lower,0,0,0,0
327,7,upper,0,0,0,0
327,7,lower,0,0,0,0
327,8,upper,0,0,0,0
327,8,lower,0,0,0,0
328,1,upper,0,0,0,0
328,1,lower,0,0,0,0
328,2,upper,0,0,0,0
328,2,lower,0,0,0,0
328,3,upper,0,0,0,0
328,3,lower,0,0,0,0
328,4,upper,0,0,0,0
328,4,lower,0,0,0,0
328,5,upper,0,0,0,0
328,5,lower,0,0,0,0
328,6,upper,0,0,0,0
328,6,lower,0,0,0,0
328,7,upper,0,0,0,0
328,7,lower,0,0,0,0
328,8,upper,0,0,0,0
328,8,lower,0,0,0,0
329,1,upper,0,0,0,0
329,1,lower,0,0,0,0
329,2,upper,0,0,0,0
329,2,lower,0,0,0,0
329,3,upper,0,0,0,0
329,3,lower,0,0,0,0
329,4,upper,0,0,0,0
329,4,lower,0,0,0,0
329,5,upper,0,0,0,0
329,5,lower,0,0,0,0
329,6,upper,0,0,0,0
329,6,lower,0,0,0,0
329,7,upper,0,0,0,0
329,7,lower,0,0,0,0
329,8,upper,0,0,0,0
329,8,lower,0,0,0,0
330,1,upper,0,0,0,0
330,1,lower,0,0,0,0
330,2,upper,0,0,0,0
330,2,lower,0,0,0,0
330,3,upper,0,0,0,0
330,3,lower,0,0,0,0
330,4,upper,0,0,0,0
330,4,lower,0,0,0,0
330,5,upper,0,0,0,0
330,5,lower,0,0,0,0
330,6,upper,0,0,0,0
330,6,lower,0,0,0,0
330,7,upper,0,0,0,0
330,7,lower,0,0,0,0
330,8,upper,0,0,0,0
330,8,lower,0,0,0,0
331,1,upper,0,0,0,0
331,1,lower,0,0,0,0
331,2,upper,0,0,0,0
331,2,lower,0,0,0,0
331,3,upper,0,0,0,0
331,3,lower,0,0,0,0
331,4,upper,0,0,0,0
331,4,lower,0,0,0,0
331,5,upper,0,0,0,0
331,5,lower,0,0,0,0
331,6,upper,0,0,0,0
331,6,lower,0,0,0,0
331,7,upper,0,0,0,0
331,7,lower,0,0,0,0
331,8,upper,0,0,0,0
331,8,lower,0,0,0,0
332,1,upper,0,0,0,0
332,1,lower,0,0,0,0
332,2,upper,0,0,0,0
332,2,lower,0,0,0,0
332,3,upper,0,0,0,0
332,3,lower,0,0,0,0
332,4,upper,0,0,0,0
332,4,lower,0,0,0,0
332,5,upper,0,0,0,0
332,5,lower,0,0,0,0
332,6,upper,0,0,0,0
332,6,lower,0,0,0,0
332,7,upper,0,0,0,0
332,7,lower,0,0,0,0
332,8,upper,0,0,0,0
332,8,lower,0,0,0,0
333,1,upper,0,0,0,0
333,1,lower,0,0,0,0
333,2,upper,0,0,0,0
333,2,lower,0,0,0,0
333,3,upper,0,0,0,0
333,3,lower,0,0,0,0
333,4,upper,0,0,0,0
333,4,lower,0,0,0,0
333,5,upper,0,0,0,0
333,5,lower,0,0,0,0
333,6,upper,0,0,0,0
333,6,lower,0,0,0,0
333,7,upper,0,0,0,0
333,7,lower,0,0,0,0
333,8,upper,0,0,0,0
333,8,lower,0,0,0,0
334,1,upper,0,0,0,0
334,1,lower,0,0,0,0
334,2,upper,0,0,0,0
334,2,lower,0,0,0,0
334,3,upper,0,0,0,0
334,3,lower,0,0,0,0
334,4,upper,0,0,0,0
334,4,lower,0,0,0,0
334,5,upper,0,0,0,0
334,5,lower,0,0,0,0
334,6,upper,0,0,0,0
334,6,lower,0,0,0,0
334,7,upper,0,0,0,0
334,7,lower,0,0,0,0
334,8,upper,0,0,0,0
334,8,lower,0,0,0,0
335,1,upper,0,0,0,0
335,1,lower,0,0,0,0
335,2,upper,0,0,0,0
335,2,lower,0,0,0,0
335,3,upper,0,0,0,0
335,3,lower,0,0,0,0
335,4,upper,0,0,0,0
335,4,lower,0,0,0,0
335,5,upper,0,0,0,0
335,5,lower,0,0,0,0
335,6,upper,0,0,0,0
335,6,lower,0,0,0,0
335,7,upper,0,0,0,0
335,7,lower,0,0,0,0
335,8,upper,0,0,0,0
335,8,lower,0,0,0,0
336,1,upper,0,0,0,0
336,1,lower,0,0,0,0
336,2,upper,0,0,0,0
336,2,lower,0,0,0,0
336,3,upper,0,0,0,0
336,3,lower,0,0,0,0
336,4,upper,0,0,0,0
336,4,lower,0,0,0,0
336,5,upper,0,0,0,0
336,5,lower,0,0,0,0
336,6,upper,0,0,0,0
336,6,lower,0,0,0,0
336,7,upper,0,0,0,0
336,7,lower,0,0,0,0
336,8,upper,0,0,0,0
336,8,lower,0,0,0,0
337,1,upper,0,0,0,0
337,1,lower,0,0,0,0
337,2,upper,0,0,0,0
337,2,lower,0,0,0,0
337,3,upper,0,0,0,0
337,3,lower,0,0,0,0
337,4,upper,0,0,0,0
337,4,lower,0,0,0,0
337,5,upper,0,0,0,0
337,5,lower,0,0,0,0
337,6,upper,0,0,0,0
337,6,lower,0,0,0,0
337,7,upper,0,0,0,0
337,7,lower,0,0,0,0
337,8,upper,0,0,0,0
337,8,lower,0,0,0,0
338,1,upper,0,0,0,0
338,1,lower,0,0,0,0
338,2,upper,0,0,0,0
338,2,lower,0,0,0,0
338,3,upper,0,0,0,0
338,3,lower,0,0,0,0
338,4,upper,0,0,0,0
338,4,lower,0,0,0,0
338,5,upper,0,0,0,0
338,5,lower,0,0,0,0
338,6,upper,0,0,0,0
338,6,lower,0,0,0,0
338,7,upper,0,0,0,0
338,7,lower,0,0,0,0
338,8,upper,0,0,0,0
338,8,lower,0,0,0,0
339,1,upper,0,0,0,0
339,1,lower,0,0,0,0
339,2,upper,0,0,0,0
339,2,lower,0,0,0,0
339,3,upper,0,0,0,0
339,3,lower,0,0,0,0
339,4,upper,0,0,0,0
339,4,lower,0,0,0,0
339,5,upper,0,0,0,0
339,5,lower,0,0,0,0
339,6,upper,0,0,0,0
339,6,lower,0,0,0,0
339,7,upper,0,0,0,0
339,7,lower,0,0,0,0
339,8,upper,0,0,0,0
339,8,lower,0,0,0,0
340,1,upper,0,0,0,0
340,1,lower,0,0,0,0
340,2,upper,0,0,0,0
340,2,lower,0,0,0,0
340,3,upper,0,0,0,0
340,3,lower,0,0,0,0
340,4,upper,0,0,0,0
340,4,lower,0,0,0,0
340,5,upper,0,0,0,0
340,5,lower,0,0,0,0
340,6,upper,0,0,0,0
340,6,lower,0,0,0,0
340,7,upper,0,0,0,0
340,7,lower,0,0,0,0
340,8,upper,0,0,0,0
340,8,lower,0,0,0,0
341,1,upper,0,0,0,0
341,1,lower,0,0,0,0
341,2,upper,0,0,0,0
341,2,lower,0,0,0,0
341,3,upper,0,0,0,0
341,3,lower,0,0,0,0
341,4,upper,0,0,0,0
341,4,lower,0,0,0,0
341,5,upper,0,0,0,0
341,5,lower,0,0,0,0
341,6,upper,0,0,0,0
341,6,lower,0,0,0,0
341,7,upper,0,0,0,0
341,7,lower,0,0,0,0
341,8,upper,0,0,0,0
341,8,lower,0,0,0,0
342,1,upper,0,0,0,0
342,1,lower,0,0,0,0
342,2,upper,0,0,0,0
342,2,lower,0,0,0,0
342,3,upper,0,0,0,0
342,3,lower,0,0,0,0
342,4,upper,0,0,0,0
342,4,lower,0,0,0,0
342,5,upper,0,0,0,0
342,5,lower,0,0,0,0
342,6,upper,0,0,0,0
342,6,lower,0,0,0,0
342,7,upper,0,0,0,0
342,7,lower,0,0,0,0
342,8,upper,0,0,0,0
342,8,lower,0,0,0,0
343,1,upper,0,0,0,0
343,1,lower,0,0,0,0
343,2,upper,0,0,0,0
343,2,lower,0,0,0,0
343,3,upper,0,0,0,0
343,3,lower,0,0,0,0
343,4,upper,0,0,0,0
343,4,lower,0,0,0,0
343,5,upper,0,0,0,0
343,5,lower,0,0,0,0
343,6,upper,0,0,0,0
343,6,lower,0,0,0,0
343,7,upper,0,0,0,0
343,7,lower,0,0,0,0
343,8,upper,0,0,0,0
343,8,lower,0,0,0,0
344,1,upper,0,0,0,0
344,1,lower,0,0,0,0
344,2,upper,0,0,0,0
344,2,lower,0,0,0,0
344,3,upper,0,0,0,0
344,3,lower,0,0,0,0
344,4,upper,0,0,0,0
344,4,lower,0,0,0,0
344,5,upper,0,0,0,0
344,5,lower,0,0,0,0
344,6,upper,0,0,0,0
344,6,lower,0,0,0,0
344,7,upper,0,0,0,0
344,7,lower,0,0,0,0
344,8,upper,0,0,0,0
344,8,lower,0,0,0,0
345,1,upper,0,0,0,0
345,1,lower,0,0,0,0
345,2,upper,0,0,0,0
345,2,lower,0,0,0,0
345,3,upper,0,0,0,0
345,3,lower,0,0,0,0
345,4,upper,0,0,0,0
345,4,lower,0,0,0,0
345,5,upper,0,0,0,0
345,5,lower,0,0,0,0
345,6,upper,0,0,0,0
345,6,lower,0,0,0,0
345,7,upper,0,0,0,0
345,7,lower,0,0,0,0
345,8,upper,0,0,0,0
345,8,lower,0,0,0,0
346,1,upper,0,0,0,0
346,1,lower,0,0,0,0
346,2,upper,0,0,0,0
346,2,lower,0,0,0,0
346,3,upper,0,0,0,0
346,3,lower,0,0,0,0
346,4,upper,0,0,0,0
346,4,lower,0,0,0,0
346,5,upper,0,0,0,0
346,5,lower,0,0,0,0
346,6,upper,0,0,0,0
346,6,lower,0,0,0,0
346,7,upper,0,0,0,0
346,7,lower,0,0,0,0
346,8,upper,0,0,0,0
346,8,lower,0,0,0,0
347,1,upper,0,0,0,0
347,1,lower,0,0,0,0
347,2,upper,0,0,0,0
347,2,lower,0,0,0,0
347,3,upper,0,0,0,0
347,3,lower,0,0,0,0
347,4,upper,0,0,0,0
347,4,lower,0,0,0,0
347,5,upper,0,0,0,0
347,5,lower,0,0,0,0
347,6,upper,0,0,0,0
347,6,lower,0,0,0,0
347,7,upper,0,0,0,0
347,7,lower,0,0,0,0
347,8,upper,0,0,0,0
347,8,lower,0,0,0,0
348,1,upper,0,0,0,0
348,1,lower,0,0,0,0
348,2,upper,0,0,0,0
348,2,lower,0,0,0,0
348,3,upper,0,0,0,0
348,3,lower,0,0,0,0
348,4,upper,0,0,0,0
348,4,lower,0,0,0,0
348,5,upper,0,0,0,0
348,5,lower,0,0,0,0
348,6,upper,0,0,0,0
348,6,lower,0,0,0,0
348,7,upper,0,0,0,0
348,7,lower,0,0,0,0
348,8,upper,0,0,0,0
348,8,lower,0,0,0,0
349,1,upper,0,0,0,0
349,1,lower,0,0,0,0
349,2,upper,0,0,0,0
349,2,lower,0,0,0,0
349,3,upper,0,0,0,0
349,3,lower,0,0,0,0
349,4,upper,0,0,0,0
349,4,lower,0,0,0,0
349,5,upper,0,0,0,0
349,5,lower,0,0,0,0
349,6,upper,0,0,0,0
349,6,lower,0,0,0,0
349,7,upper,0,0,0,0
349,7,lower,0,0,0,0
349,8,upper,0,0,0,0
349,8,lower,0,0,0,0
350,1,upper,0,0,0,0
350,1,lower,0,0,0,0
350,2,upper,0,0,0,0
350,2,lower,0,0,0,0
350,3,upper,0,0,0,0
350,3,lower,0,0,0,0
350,4,upper,0,0,0,0
350,4,lower,0,0,0,0
350,5,upper,0,0,0,0
350,5,lower,0,0,0,0
350,6,upper,0,0,0,0
350,6,lower,0,0,0,0
350,7,upper,0,0,0,0
350,7,lower,0,0,0,0
350,8,upper,0,0,0,0
350,8,lower,0,0,0,0
351,1,upper,0,0,0,0
351,1,lower,0,0,0,0
351,2,upper,0,0,0,0
351,2,lower,0,0,0,0
351,3,upper,0,0,0,0
351,3,lower,0,0,0,0
351,4,upper,0,0,0,0
351,4,lower,0,0,0,0
351,5,upper,0,0,0,0
351,5,lower,0,0,0,0
351,6,upper,0,0,0,0
351,6,lower,0,0,0,0
351,7,upper,0,0,0,0
351,7,lower,0,0,0,0
351,8,upper,0,0,0,0
351,8,lower,0,0,0,0
352,1,upper,0,0,0,0
352,1,lower,0,0,0,0
352,2,upper,0,0,0,0
352,2,lower,0,0,0,0
352,3,upper,0,0,0,0
352,3,lower,0,0,0,0
352,4,upper,0,0,0,0
352,4,lower,0,0,0,0
352,5,upper,0,0,0,0
352,5,lower,0,0,0,0
352,6,upper,0,0,0,0
352,6,lower,0,0,0,0
352,7,upper,0,0,0,0
352,7,lower,0,0,0,0
352,8,upper,0,0,0,0
352,8,lower,0,0,0,0
353,1,upper,0,0,0,0
353,1,lower,0,0,0,0
353,2,upper,0,0,0,0
353,2,lower,0,0,0,0
353,3,upper,0,0,0,0
353,3,lower,0,0,0,0
353,4,upper,0,0,0,0
353,4,lower,0,0,0,0
353,5,upper,0,0,0,0
353,5,lower,0,0,0,0
353,6,upper,0,0,0,0
353,6,lower,0,0,0,0
353,7,upper,0,0,0,0
353,7,lower,0,0,0,0
353,8,upper,0,0,0,0
353,8,lower,0,0,0,0
354,1,upper,0,0,0,0
354,1,lower,0,0,0,0
354,2,upper,0,0,0,0
354,2,lower,0,0,0,0
354,3,upper,0,0,0,0
354,3,lower,0,0,0,0
354,4,upper,0,0,0,0
354,4,lower,0,0,0,0
354,5,upper,0,0,0,0
354,5,lower,0,0,0,0
354,6,upper,0,0,0,0
354,6,lower,0,0,0,0
354,7,upper,0,0,0,0
354,7,lower,0,0,0,0
354,8,upper,0,0,0,0
354,8,lower,0,0,0,0
355,1,upper,0,0,0,0
355,1,lower,0,0,0,0
355,2,upper,0,0,0,0
355,2,lower,0,0,0,0
355,3,upper,0,0,0,0
355,3,lower,0,0,0,0
355,4,upper,0,0,0,0
355,4,lower,0,0,0,0
355,5,upper,0,0,0,0
355,5,lower,0,0,0,0
355,6,upper,0,0,0,0
355,6,lower,0,0,0,0
355,7,upper,0,0,0,0
355,7,lower,0,0,0,0
355,8,upper,0,0,0,0
355,8,lower,0,0,0,0
356,1,upper,0,0,0,0
356,1,lower,0,0,0,0
356,2,upper,0,0,0,0
356,2,lower,0,0,0,0
356,3,upper,0,0,0,0
356,3,lower,0,0,0,0
356,4,upper,0,0,0,0
356,4,lower,0,0,0,0
356,5,upper,0,0,0,0
356,5,lower,0,0,0,0
356,6,upper,0,0,0,0
356,6,lower,0,0,0,0
356,7,upper,0,0,0,0
356,7,lower,0,0,0,0
356,8,upper,0,0,0,0
356,8,lower,0,0,0,0
357,1,upper,0,0,0,0
357,1,lower,0,0,0,0
357,2,upper,0,0,0,0
357,2,lower,0,0,0,0
357,3,upper,0,0,0,0
357,3,lower,0,0,0,0
357,4,upper,0,0,0,0
357,4,lower,0,0,0,0
357,5,upper,0,0,0,0
357,5,lower,0,0,0,0
357,6,upper,0,0,0,0
357,6,lower,0,0,0,0
357,7,upper,0,0,0,0
357,7,lower,0,0,0,0
357,8,upper,0,0,0,0
357,8,lower,0,0,0,0
358,1,upper,0,0,0,0
358,1,lower,0,0,0,0
358,2,upper,0,0,0,0
358,2,lower,0,0,0,0
358,3,upper,0,0,0,0
358,3,lower,0,0,0,0
358,4,upper,0,0,0,0
358,4,lower,0,0,0,0
358,5,upper,0,0,0,0
358,5,lower,0,0,0,0
358,6,upper,0,0,0,0
358,6,lower,0,0,0,0
358,7,upper,0,0,0,0
358,7,lower,0,0,0,0
358,8,upper,0,0,0,0
358,8,lower,0,0,0,0
359,1,upper,0,0,0,0
359,1,lower,0,0,0,0
359,2,upper,0,0,0,0
359,2,lower,0,0,0,0
359,3,upper,0,0,0,0
359,3,lower,0,0,0,0
359,4,upper,0,0,0,0
359,4,lower,0,0,0,0
359,5,upper,0,0,0,0
359,5,lower,0,0,0,0
359,6,upper,0,0,0,0
359,6,lower,0,0,0,0
359,7,upper,0,0,0,0
359,7,lower,0,0,0,0
359,8,upper,0,0,0,0
359,8,lower,0,0,0,0
360,1,upper,0,0,0,0
360,1,lower,0,0,0,0
360,2,upper,0,0,0,0
360,2,lower,0,0,0,0
360,3,upper,0,0,0,0
360,3,lower,0,0,0,0
360,4,upper,0,0,0,0
360,4,lower,0,0,0,0
360,5,upper,0,0,0,0
360,5,lower,0,0,0,0
360,6,upper,0,0,0,0
360,6,lower,0,0,0,0
360,7,upper,0,0,0,0
360,7,lower,0,0,0,0
360,8,upper,0,0,0,0
360,8,lower,0,0,0,0
361,1,upper,0,0,0,0
361,1,lower,0,0,0,0
361,2,upper,0,0,0,0
361,2,lower,0,0,0,0
361,3,upper,0,0,0,0
361,3,lower,0,0,0,0
361,4,upper,0,0,0,0
361,4,lower,0,0,0,0
361,5,upper,0,0,0,0
361,5,lower,0,0,0,0
361,6,upper,0,0,0,0
361,6,lower,0,0,0,0
361,7,upper,0,0,0,0
361,7,lower,0,0,0,0
361,8,upper,0,0,0,0
361,8,lower,0,0,0,0
362,1,upper,0,0,0,0
362,1,lower,0,0,0,0
362,2,upper,0,0,0,0
362,2,lower,0,0,0,0
362,3,upper,0,0,0,0
362,3,lower,0,0,0,0
362,4,upper,0,0,0,0
362,4,lower,0,0,0,0
362,5,upper,0,0,0,0
362,5,lower,0,0,0,0
362,6,upper,0,0,0,0
362,6,lower,0,0,0,0
362,7,upper,0,0,0,0
362,7,lower,0,0,0,0
362,8,upper,0,0,0,0
362,8,lower,0,0,0,0
363,1,upper,0,0,0,0
363,1,lower,0,0,0,0
363,2,upper,0,0,0,0
363,2,lower,0,0,0,0
363,3,upper,0,0,0,0
363,3,lower,0,0,0,0
363,4,upper,0,0,0,0
363,4,lower,0,0,0,0
363,5,upper,0,0,0,0
363,5,lower,0,0,0,0
363,6,upper,0,0,0,0
363,6,lower,0,0,0,0
363,7,upper,0,0,0,0
363,7,lower,0,0,0,0
363,8,upper,0,0,0,0
363,8,lower,0,0,0,0
364,1,upper,0,0,0,0
364,1,lower,0,0,0,0
364,2,upper,0,0,0,0
364,2,lower,0,0,0,0
364,3,upper,0,0,0,0
364,3,lower,0,0,0,0
364,4,upper,0,0,0,0
364,4,lower,0,0,0,0
364,5,upper,0,0,0,0
364,5,lower,0,0,0,0
364,6,upper,0,0,0,0
364,6,lower,0,0,0,0
364,7,upper,0,0,0,0
364,7,lower,0,0,0,0
364,8,upper,0,0,0,0
364,8,lower,0,0,0,0
365,1,upper,0,0,0,0
365,1,lower,0,0,0,0
365,2,upper,0,0,0,0
365,2,lower,0,0,0,0
365,3,upper,0,0,0,0
365,3,lower,0,0,0,0
365,4,upper,0,0,0,0
365,4,lower,0,0,0,0
365,5,upper,0,0,0,0
365,5,lower,0,0,0,0
365,6,upper,0,0,0,0
365,6,lower,0,0,0,0
365,7,upper,0,0,0,0
365,7,lower,0,0,0,0
365,8,upper,0,0,0,0
365,8,lower,0,0,0,0
366,1,upper,0,0,0,0
366,1,lower,0,0,0,0
366,2,upper,0,0,0,0
366,2,lower,0,0,0,0
366,3,upper,0,0,0,0
366,3,lower,0,0,0,0
366,4,upper,0,0,0,0
366,4,lower,0,0,0,0
366,5,upper,0,0,0,0
366,5,lower,0,0,0,0
366,6,upper,0,0,0,0
366,6,lower,0,0,0,0
366,7,upper,0,0,0,0
366,7,lower,0,0,0,0
366,8,upper,0,0,0,0
366,8,lower,0,0,0,0
367,1,upper,0,0,0,0
367,1,lower,0,0,0,0
367,2,upper,0,0,0,0
367,2,lower,0,0,0,0
367,3,upper,0,0,0,0
367,3,lower,0,0,0,0
367,4,upper,0,0,0,0
367,4,lower,0,0,0,0
367,5,upper,0,0,0,0
367,5,lower,0,0,0,0
367,6,upper,0,0,0,0
367,6,lower,0,0,0,0
367,7,upper,0,0,0,0
367,7,lower,0,0,0,0
367,8,upper,0,0,0,0
367,8,lower,0,0,0,0
368,1,upper,0,0,0,0
368,1,lower,0,0,0,0
368,2,upper,0,0,0,0
368,2,lower,0,0,0,0
368,3,upper,0,0,0,0
368,3,lower,0,0,0,0
368,4,upper,0,0,0,0
368,4,lower,0,0,0,0
368,5,upper,0,0,0,0
368,5,lower,0,0,0,0
368,6,upper,0,0,0,0
368,6,lower,0,0,0,0
368,7,upper,0,0,0,0
368,7,lower,0,0,0,0
368,8,upper,0,0,0,0
368,8,lower,0,0,0,0
369,1,upper,0,0,0,0
369,1,lower,0,0,0,0
369,2,upper,0,0,0,0
369,2,lower,0,0,0,0
369,3,upper,0,0,0,0
369,3,lower,0,0,0,0
369,4,upper,0,0,0,0
369,4,lower,0,0,0,0
369,5,upper,0,0,0,0
369,5,lower,0,0,0,0
369,6,upper,0,0,0,0
369,6,lower,0,0,0,0
369,7,upper,0,0,0,0
369,7,lower,0,0,0,0
369,8,upper,0,0,0,0
369,8,lower,0,0,0,0
370,1,upper,0,0,0,0
370,1,lower,0,0,0,0
370,2,upper,0,0,0,0
370,2,lower,0,0,0,0
370,3,upper,0,0,0,0
370,3,lower,0,0,0,0
370,4,upper,0,0,0,0
370,4,lower,0,0,0,0
370,5,upper,0,0,0,0
370,5,lower,0,0,0,0
370,6,upper,0,0,0,0
370,6,lower,0,0,0,0
370,7,upper,0,0,0,0
370,7,lower,0,0,0,0
370,8,upper,0,0,0,0
370,8,lower,0,0,0,0
371,1,upper,0,0,0,0
371,1,lower,0,0,0,0
371,2,upper,0,0,0,0
371,2,lower,0,0,0,0
371,3,upper,0,0,0,0
371,3,lower,0,0,0,0
371,4,upper,0,0,0,0
371,4,lower,0,0,0,0
371,5,upper,0,0,0,0
371,5,lower,0,0,0,0
371,6,upper,0,0,0,0
371,6,lower,0,0,0,0
371,7,upper,0,0,0,0
371,7,lower,0,0,0,0
371,8,upper,0,0,0,0
371,8,lower,0,0,0,0
372,1,upper,0,0,0,0
372,1,lower,0,0,0,0
372,2,upper,0,0,0,0
372,2,lower,0,0,0,0
372,3,upper,0,0,0,0
372,3,lower,0,0,0,0
372,4,upper,0,0,0,0
372,4,lower,0,0,0,0
372,5,upper,0,0,0,0
372,5,lower,0,0,0,0
372,6,upper,0,0,0,0
372,6,lower,0,0,0,0
372,7,upper,0,0,0,0
372,7,lower,0,0,0,0
372,8,upper,0,0,0,0
372,8,lower,0,0,0,0
373,1,upper,0,0,0,0
373,1,lower,0,0,0,0
373,2,upper,0,0,0,0
373,2,lower,0,0,0,0
373,3,upper,0,0,0,0
373,3,lower,0,0,0,0
373,4,upper,0,0,0,0
373,4,lower,0,0,0,0
373,5,upper,0,0,0,0
373,5,lower,0,0,0,0
373,6,upper,0,0,0,0
373,6,lower,0,0,0,0
373,7,upper,0,0,0,0
373,7,lower,0,0,0,0
373,8,upper,0,0,0,0
373,8,lower,0,0,0,0
374,1,upper,0,0,0,0
374,1,lower,0,0,0,0
374,2,upper,0,0,0,0
374,2,lower,0,0,0,0
374,3,upper,0,0,0,0
374,3,lower,0,0,0,0
374,4,upper,0,0,0,0
374,4,lower,0,0,0,0
374,5,upper,0,0,0,0
374,5,lower,0,0,0,0
374,6,upper,0,0,0,0
374,6,lower,0,0,0,0
374,7,upper,0,0,0,0
374,7,lower,0,0,0,0
374,8,upper,0,0,0,0
374,8,lower,0,0,0,0
375,1,upper,0,0,0,0
375,1,lower,0,0,0,0
375,2,upper,0,0,0,0
375,2,lower,0,0,0,0
375,3,upper,0,0,0,0
375,3,lower,0,0,0,0
375,4,upper,0,0,0,0
375,4,lower,0,0,0,0
375,5,upper,0,0,0,0
375,5,lower,0,0,0,0
375,6,upper,0,0,0,0
375,6,lower,0,0,0,0
375,7,upper,0,0,0,0
375,7,lower,0,0,0,0
375,8,upper,0,0,0,0
375,8,lower,0,0,0,0
376,1,upper,0,0,0,0
376,1,lower,0,0,0,0
376,2,upper,0,0,0,0
376,2,lower,0,0,0,0
376,3,upper,0,0,0,0
376,3,lower,0,0,0,0
376,4,upper,0,0,0,0
376,4,lower,0,0,0,0
376,5,upper,0,0,0,0
376,5,lower,0,0,0,0
376,6,upper,0,0,0,0
376,6,lower,0,0,0,0
376,7,upper,0,0,0,0
376,7,lower,0,0,0,0
376,8,upper,0,0,0,0
376,8,lower,0,0,0,0
377,1,upper,0,0,0,0
377,1,lower,0,0,0,0
377,2,upper,0,0,0,0
377,2,lower,0,0,0,0
377,3,upper,0,0,0,0
377,3,lower,0,0,0,0
377,4,upper,0,0,0,0
377,4,lower,0,0,0,0
377,5,upper,0,0,0,0
377,5,lower,0,0,0,0
377,6,upper,0,0,0,0
377,6,lower,0,0,0,0
377,7,upper,0,0,0,0
377,7,lower,0,0,0,0
377,8,upper,0,0,0,0
377,8,lower,0,0,0,0
378,1,upper,0,0,0,0
378,1,lower,0,0,0,0
378,2,upper,0,0,0,0
378,2,lower,0,0,0,0
378,3,upper,0,0,0,0
378,3,lower,0,0,0,0
378,4,upper,0,0,0,0
378,4,lower,0,0,0,0
378,5,upper,0,0,0,0
378,5,lower,0,0,0,0
378,6,upper,0,0,0,0
378,6,lower,0,0,0,0
378,7,upper,0,0,0,0
378,7,lower,0,0,0,0
378,8,upper,0,0,0,0
378,8,lower,0,0,0,0
379,1,upper,0,0,0,0
379,1,lower,0,0,0,0
379,2,upper,0,0,0,0
379,2,lower,0,0,0,0
379,3,upper,0,0,0,0
379,3,lower,0,0,0,0
379,4,upper,0,0,0,0
379,4,lower,0,0,0,0
379,5,upper,0,0,0,0
379,5,lower,0,0,0,0
379,6,upper,0,0,0,0
379,6,lower,0,0,0,0
379,7,upper,0,0,0,0
379,7,lower,0,0,0,0
379,8,upper,0,0,0,0
379,8,lower,0,0,0,0
380,1,upper,0,0,0,0
380,1,lower,0,0,0,0
380,2,upper,0,0,0,0
380,2,lower,0,0,0,0
380,3,upper,0,0,0,0
380,3,lower,0,0,0,0
380,4,upper,0,0,0,0
380,4,lower,0,0,0,0
380,5,upper,0,0,0,0
380,5,lower,0,0,0,0
380,6,upper,0,0,0,0
380,6,lower,0,0,0,0
380,7,upper,0,0,0,0
380,7,lower,0,0,0,0
380,8,upper,0,0,0,0
380,8,lower,0,0,0,0
381,1,upper,0,0,0,0
381,1,lower,0,0,0,0
381,2,upper,0,0,0,0
381,2,lower,0,0,0,0
381,3,upper,0,0,0,0
381,3,lower,0,0,0,0
381,4,upper,0,0,0,0
381,4,lower,0,0,0,0
381,5,upper,0,0,0,0
381,5,lower,0,0,0,0
381,6,upper,0,0,0,0
381,6,lower,0,0,0,0
381,7,upper,0,0,0,0
381,7,lower,0,0,0,0
381,8,upper,0,0,0,0
381,8,lower,0,0,0,0
382,1,upper,0,0,0,0
382,1,lower,0,0,0,0
382,2,upper,0,0,0,0
382,2,lower,0,0,0,0
382,3,upper,0,0,0,0
382,3,lower,0,0,0,0
382,4,upper,0,0,0,0
382,4,lower,0,0,0,0
382,5,upper,0,0,0,0
382,5,lower,0,0,0,0
382,6,upper,0,0,0,0
382,6,lower,0,0,0,0
382,7,upper,0,0,0,0
382,7,lower,0,0,0,0
382,8,upper,0,0,0,0
382,8,lower,0,0,0,0
383,1,upper,0,0,0,0
383,1,lower,0,0,0,0
383,2,upper,0,0,0,0
383,2,lower,0,0,0,0
383,3,upper,0,0,0,0
383,3,lower,0,0,0,0
383,4,upper,0,0,0,0
383,4,lower,0,0,0,0
383,5,upper,0,0,0,0
383,5,lower,0,0,0,0
383,6,upper,0,0,0,0
383,6,lower,0,0,0,0
383,7,upper,0,0,0,0
383,7,lower,0,0,0,0
383,8,upper,0,0,0,0
383,8,lower,0,0,0,0
384,1,upper,0,0,0,0
384,1,lower,0,0,0,0
384,2,upper,0,0,0,0
384,2,lower,0,0,0,0
384,3,upper,0,0,0,0
384,3,lower,0,0,0,0
384,4,upper,0,0,0,0
384,4,lower,0,0,0,0
384,5,upper,0,0,0,0
384,5,lower,0,0,0,0
384,6,upper,0,0,0,0
384,6,lower,0,0,0,0
384,7,upper,0,0,0,0
384,7,lower,0,0,0,0
384,8,upper,0,0,0,0
384,8,lower,0,0,0,0
385,1,upper,0,0,0,0
385,1,lower,0,0,0,0
385,2,upper,0,0,0,0
385,2,lower,0,0,0,0
385,3,upper,0,0,0,0
385,3,lower,0,0,0,0
385,4,upper,0,0,0,0
385,4,lower,0,0,0,0
385,5,upper,0,0,0,0
385,5,lower,0,0,0,0
385,6,upper,0,0,0,0
385,6,lower,0,0,0,0
385,7,upper,0,0,0,0
385,7,lower,0,0,0,0
385,8,upper,0,0,0,0
385,8,lower,0,0,0,0
386,1,upper,0,0,0,0
386,1,lower,0,0,0,0
386,2,upper,0,0,0,0
386,2,lower,0,0,0,0
386,3,upper,0,0,0,0
386,3,lower,0,0,0,0
386,4,upper,0,0,0,0
386,4,lower,0,0,0,0
386,5,upper,0,0,0,0
386,5,lower,0,0,0,0
386,6,upper,0,0,0,0
386,6,lower,0,0,0,0
386,7,upper,0,0,0,0
386,7,lower,0,0,0,0
386,8,upper,0,0,0,0
386,8,lower,0,0,0,0
387,1,upper,0,0,0,0
387,1,lower,0,0,0,0
387,2,upper,0,0,0,0
387,2,lower,0,0,0,0
387,3,upper,0,0,0,0
387,3,lower,0,0,0,0
387,4,upper,0,0,0,0
387,4,lower,0,0,0,0
387,5,upper,0,0,0,0
387,5,lower,0,0,0,0
387,6,upper,0,0,0,0
387,6,lower,0,0,0,0
387,7,upper,0,0,0,0
387,7,lower,0,0,0,0
387,8,upper,0,0,0,0
387,8,lower,0,0,0,0
388,1,upper,0,0,0,0
388,1,lower,0,0,0,0
388,2,upper,0,0,0,0
388,2,lower,0,0,0,0
388,3,upper,0,0,0,0
388,3,lower,0,0,0,0
388,4,upper,0,0,0,0
388,4,lower,0,0,0,0
388,5,upper,0,0,0,0
388,5,lower,0,0,0,0
388,6,upper,0,0,0,0
388,6,lower,0,0,0,0
388,7,upper,0,0,0,0
388,7,lower,0,0,0,0
388,8,upper,0,0,0,0
388,8,lower,0,0,0,0
389,1,upper,0,0,0,0
389,1,lower,0,0,0,0
389,2,upper,0,0,0,0
389,2,lower,0,0,0,0
389,3,upper,0,0,0,0
389,3,lower,0,0,0,0
389,4,upper,0,0,0,0
389,4,lower,0,0,0,0
389,5,upper,0,0,0,0
389,5,lower,0,0,0,0
389,6,upper,0,0,0,0
389,6,lower,0,0,0,0
389,7,upper,0,0,0,0
389,7,lower,0,0,0,0
389,8,upper,0,0,0,0
389,8,lower,0,0,0,0
390,1,upper,0,0,0,0
390,1,lower,0,0,0,0
390,2,upper,0,0,0,0
390,2,lower,0,0,0,0
390,3,upper,0,0,0,0
390,3,lower,0,0,0,0
390,4,upper,0,0,0,0
390,4,lower,0,0,0,0
390,5,upper,0,0,0,0
390,5,lower,0,0,0,0
390,6,upper,0,0,0,0
390,6,lower,0,0,0,0
390,7,upper,0,0,0,0
390,7,lower,0,0,0,0
390,8,upper,0,0,0,0
390,8,lower,0,0,0,0
391,1,upper,0,0,0,0
391,1,lower,0,0,0,0
391,2,upper,0,0,0,0
391,2,lower,0,0,0,0
391,3,upper,0,0,0,0
391,3,lower,0,0,0,0
391,4,upper,0,0,0,0
391,4,lower,0,0,0,0
391,5,upper,0,0,0,0
391,5,lower,0,0,0,0
391,6,upper,0,0,0,0
391,6,lower,0,0,0,0
391,7,upper,0,0,0,0
391,7,lower,0,0,0,0
391,8,upper,0,0,0,0
391,8,lower,0,0,0,0
392,1,upper,0,0,0,0
392,1,lower,0,0,0,0
392,2,upper,0,0,0,0
392,2,lower,0,0,0,0
392,3,upper,0,0,0,0
392,3,lower,0,0,0,0
392,4,upper,0,0,0,0
392,4,lower,0,0,0,0
392,5,upper,0,0,0,0
392,5,lower,0,0,0,0
392,6,upper,0,0,0,0
392,6,lower,0,0,0,0
392,7,upper,0,0,0,0
392,7,lower,0,0,0,0
392,8,upper,0,0,0,0
392,8,lower,0,0,0,0
393,1,upper,0,0,0,0
393,1,lower,0,0,0,0
393,2,upper,0,0,0,0
393,2,lower,0,0,0,0
393,3,upper,0,0,0,0
393,3,lower,0,0,0,0
393,4,upper,0,0,0,0
393,4,lower,0,0,0,0
393,5,upper,0,0,0,0
393,5,lower,0,0,0,0
393,6,upper,0,0,0,0
393,6,lower,0,0,0,0
393,7,upper,0,0,0,0
393,7,lower,0,0,0,0
393,8,upper,0,0,0,0
393,8,lower,0,0,0,0
394,1,upper,0,0,0,0
394,1,lower,0,0,0,0
394,2,upper,0,0,0,0
394,2,lower,0,0,0,0
394,3,upper,0,0,0,0
394,3,lower,0,0,0,0
394,4,upper,0,0,0,0
394,4,lower,0,0,0,0
394,5,upper,0,0,0,0
394,5,lower,0,0,0,0
394,6,upper,0,0,0,0
394,6,lower,0,0,0,0
394,7,upper,0,0,0,0
394,7,lower,0,0,0,0
394,8,upper,0,0,0,0
394,8,lower,0,0,0,0
395,1,upper,0,0,0,0
395,1,lower,0,0,0,0
395,2,upper,0,0,0,0
395,2,lower,0,0,0,0
395,3,upper,0,0,0,0
395,3,lower,0,0,0,0
395,4,upper,0,0,0,0
395,4,lower,0,0,0,0
395,5,upper,0,0,0,0
395,5,lower,0,0,0,0
395,6,upper,0,0,0,0
395,6,lower,0,0,0,0
395,7,upper,0,0,0,0
395,7,lower,0,0,0,0
395,8,upper,0,0,0,0
395,8,lower,0,0,0,0
396,1,upper,0,0,0,0
396,1,lower,0,0,0,0
396,2,upper,0,0,0,0
396,2,lower,0,0,0,0
396,3,upper,0,0,0,0
396,3,lower,0,0,0,0
396,4,upper,0,0,0,0
396,4,lower,0,0,0,0
396,5,upper,0,0,0,0
396,5,lower,0,0,0,0
396,6,upper,0,0,0,0
396,6,lower,0,0,0,0
396,7,upper,0,0,0,0
396,7,lower,0,0,0,0
396,8,upper,0,0,0,0
396,8,lower,0,0,0,0
397,1,upper,0,0,0,0
397,1,lower,0,0,0,0
397,2,upper,0,0,0,0
397,2,lower,0,0,0,0
397,3,upper,0,0,0,0
397,3,lower,0,0,0,0
397,4,upper,0,0,0,0
397,4,lower,0,0,0,0
397,5,upper,0,0,0,0
397,5,lower,0,0,0,0
397,6,upper,0,0,0,0
397,6,lower,0,0,0,0
397,7,upper,0,0,0,0
397,7,lower,0,0,0,0
397,8,upper,0,0,0,0
397,8,lower,0,0,0,0
398,1,upper,0,0,0,0
398,1,lower,0,0,0,0
398,2,upper,0,0,0,0
398,2,lower,0,0,0,0
398,3,upper,0,0,0,0
398,3,lower,0,0,0,0
398,4,upper,0,0,0,0
398,4,lower,0,0,0,0
398,5,upper,0,0,0,0
398,5,lower,0,0,0,0
398,6,upper,0,0,0,0
398,6,lower,0,0,0,0
398,7,upper,0,0,0,0
398,7,lower,0,0,0,0
398,8,upper,0,0,0,0
398,8,lower,0,0,0,0
399,1,upper,0,0,0,0
399,1,lower,0,0,0,0
399,2,upper,0,0,0,0
399,2,lower,0,0,0,0
399,3,upper,0,0,0,0
399,3,lower,0,0,0,0
399,4,upper,0,0,0,0
399,4,lower,0,0,0,0
399,5,upper,0,0,0,0
399,5,lower,0,0,0,0
399,6,upper,0,0,0,0
399,6,lower,0,0,0,0
399,7,upper,0,0,0,0
399,7,lower,0,0,0,0
399,8,upper,0,0,0,0
399,8,lower,0,0,0,0
400,1,upper,0,0,0,0
400,1,lower,0,0,0,0
400,2,upper,0,0,0,0
400,2,lower,0,0,0,0
400,3,upper,0,0,0,0
400,3,lower,0,0,0,0
400,4,upper,0,0,0,0
400,4,lower,0,0,0,0
400,5,upper,0,0,0,0
400,5,lower,0,0,0,0
400,6,upper,0,0,0,0
400,6,lower,0,0,0,0
400,7,upper,0,0,0,0
400,7,lower,0,0,0,0
400,8,upper,0,0,0,0
400,8,lower,0,0,0,0
401,1,upper,0,0,0,0
401,1,lower,0,0,0,0
401,2,upper,0,0,0,0
401,2,lower,0,0,0,0
401,3,upper,0,0,0,0
401,3,lower,0,0,0,0
401,4,upper,0,0,0,0
401,4,lower,0,0,0,0
401,5,upper,0,0,0,0
401,5,lower,0,0,0,0
401,6,upper,0,0,0,0
401,6,lower,0,0,0,0
401,7,upper,0,0,0,0
401,7,lower,0,0,0,0
401,8,upper,0,0,0,0
401,8,lower,0,0,0,0
402,1,upper,0,0,0,0
402,1,lower,0,0,0,0
402,2,upper,0,0,0,0
402,2,lower,0,0,0,0
402,3,upper,0,0,0,0
402,3,lower,0,0,0,0
402,4,upper,0,0,0,0
402,4,lower,0,0,0,0
402,5,upper,0,0,0,0
402,5,lower,0,0,0,0
402,6,upper,0,0,0,0
402,6,lower,0,0,0,0
402,7,upper,0,0,0,0
402,7,lower,0,0,0,0
402,8,upper,0,0,0,0
402,8,lower,0,0,0,0
403,1,upper,0,0,0,0
403,1,lower,0,0,0,0
403,2,upper,0,0,0,0
403,2,lower,0,0,0,0
403,3,upper,0,0,0,0
403,3,lower,0,0,0,0
403,4,upper,0,0,0,0
403,4,lower,0,0,0,0
403,5,upper,0,0,0,0
403,5,lower,0,0,0,0
403,6,upper,0,0,0,0
403,6,lower,0,0,0,0
403,7,upper,0,0,0,0
403,7,lower,0,0,0,0
403,8,upper,0,0,0,0
403,8,lower,0,0,0,0
404,1,upper,0,0,0,0
404,1,lower,0,0,0,0
404,2,upper,0,0,0,0
404,2,lower,0,0,0,0
404,3,upper,0,0,0,0
404,3,lower,0,0,0,0
404,4,upper,0,0,0,0
404,4,lower,0,0,0,0
404,5,upper,0,0,0,0
404,5,lower,0,0,0,0
404,6,upper,0,0,0,0
404,6,lower,0,0,0,0
404,7,upper,0,0,0,0
404,7,lower,0,0,0,0
404,8,upper,0,0,0,0
404,8,lower,0,0,0,0
405,1,upper,0,0,0,0
405,1,lower,0,0,0,0
405,2,upper,0,0,0,0
405,2,lower,0,0,0,0
405,3,upper,0,0,0,0
405,3,lower,0,0,0,0
405,4,upper,0,0,0,0
405,4,lower,0,0,0,0
405,5,upper,0,0,0,0
405,5,lower,0,0,0,0
405,6,upper,0,0,0,0
405,6,lower,0,0,0,0
405,7,upper,0,0,0,0
405,7,lower,0,0,0,0
405,8,upper,0,0,0,0
405,8,lower,0,0,0,0
406,1,upper,0,0,0,0
406,1,lower,0,0,0,0
406,2,upper,0,0,0,0
406,2,lower,0,0,0,0
406,3,upper,0,0,0,0
406,3,lower,0,0,0,0
406,4,upper,0,0,0,0
406,4,lower,0,0,0,0
406,5,upper,0,0,0,0
406,5,lower,0,0,0,0
406,6,upper,0,0,0,0
406,6,lower,0,0,0,0
406,7,upper,0,0,0,0
406,7,lower,0,0,0,0
406,8,upper,0,0,0,0
406,8,lower,0,0,0,0
407,1,upper,0,0,0,0
407,1,lower,0,0,0,0
407,2,upper,0,0,0,0
407,2,lower,0,0,0,0
407,3,upper,0,0,0,0
407,3,lower,0,0,0,0
407,4,upper,0,0,0,0
407,4,lower,0,0,0,0
407,5,upper,0,0,0,0
407,5,lower,0,0,0,0
407,6,upper,0,0,0,0
407,6,lower,0,0,0,0
407,7,upper,0,0,0,0
407,7,lower,0,0,0,0
407,8,upper,0,0,0,0
407,8,lower,0,0,0,0
408,1,upper,0,0,0,0
408,1,lower,0,0,0,0
408,2,upper,0,0,0,0
408,2,lower,0,0,0,0
408,3,upper,0,0,0,0
408,3,lower,0,0,0,0
408,4,upper,0,0,0,0
408,4,lower,0,0,0,0
408,5,upper,0,0,0,0
408,5,lower,0,0,0,0
408,6,upper,0,0,0,0
408,6,lower,0,0,0,0
408,7,upper,0,0,0,0
408,7,lower,0,0,0,0
408,8,upper,0,0,0,0
408,8,lower,0,0,0,0
409,1,upper,0,0,0,0
409,1,lower,0,0,0,0
409,2,upper,0,0,0,0
409,2,lower,0,0,0,0
409,3,upper,0,0,0,0
409,3,lower,0,0,0,0
409,4,upper,0,0,0,0
409,4,lower,0,0,0,0
409,5,upper,0,0,0,0
409,5,lower,0,0,0,0
409,6,upper,0,0,0,0
409,6,lower,0,0,0,0
409,7,upper,0,0,0,0
409,7,lower,0,0,0,0
409,8,upper,0,0,0,0
409,8,lower,0,0,0,0
410,1,upper,0,0,0,0
410,1,lower,0,0,0,0
410,2,upper,0,0,0,0
410,2,lower,0,0,0,0
410,3,upper,0,0,0,0
410,3,lower,0,0,0,0
410,4,upper,0,0,0,0
410,4,lower,0,0,0,0
410,5,upper,0,0,0,0
410,5,lower,0,0,0,0
410,6,upper,0,0,0,0
410,6,lower,0,0,0,0
410,7,upper,0,0,0,0
410,7,lower,0,0,0,0
410,8,upper,0,0,0,0
410,8,lower,0,0,0,0
411,1,upper,0,0,0,0
411,1,lower,0,0,0,0
411,2,upper,0,0,0,0
411,2,lower,0,0,0,0
411,3,upper,0,0,0,0
411,3,lower,0,0,0,0
411,4,upper,0,0,0,0
411,4,lower,0,0,0,0
411,5,upper,0,0,0,0
411,5,lower,0,0,0,0
411,6,upper,0,0,0,0
411,6,lower,0,0,0,0
411,7,upper,0,0,0,0
411,7,lower,0,0,0,0
411,8,upper,0,0,0,0
411,8,lower,0,0,0,0
412,1,upper,0,0,0,0
412,1,lower,0,0,0,0
412,2,upper,0,0,0,0
412,2,lower,0,0,0,0
412,3,upper,0,0,0,0
412,3,lower,0,0,0,0
412,4,upper,0,0,0,0
412,4,lower,0,0,0,0
412,5,upper,0,0,0,0
412,5,lower,0,0,0,0
412,6,upper,0,0,0,0
412,6,lower,0,0,0,0
412,7,upper,0,0,0,0
412,7,lower,0,0,0,0
412,8,upper,0,0,0,0
412,8,lower,0,0,0,0
413,1,upper,0,0,0,0
413,1,lower,0,0,0,0
413,2,upper,0,0,0,0
413,2,lower,0,0,0,0
413,3,upper,0,0,0,0
413,3,lower,0,0,0,0
413,4,upper,0,0,0,0
413,4,lower,0,0,0,0
413,5,upper,0,0,0,0
413,5,lower,0,0,0,0
413,6,upper,0,0,0,0
413,6,lower,0,0,0,0
413,7,upper,0,0,0,0
413,7,lower,0,0,0,0
413,8,upper,0,0,0,0
413,8,lower,0,0,0,0
414,1,upper,0,0,0,0
414,1,lower,0,0,0,0
414,2,upper,0,0,0,0
414,2,lower,0,0,0,0
414,3,upper,0,0,0,0
414,3,lower,0,0,0,0
414,4,upper,0,0,0,0
414,4,lower,0,0,0,0
414,5,upper,0,0,0,0
414,5,lower,0,0,0,0
414,6,upper,0,0,0,0
414,6,lower,0,0,0,0
414,7,upper,0,0,0,0
414,7,lower,0,0,0,0
414,8,upper,0,0,0,0
414,8,lower,0,0,0,0
415,1,upper,0,0,0,0
415,1,lower,0,0,0,0
415,2,upper,0,0,0,0
415,2,lower,0,0,0,0
415,3,upper,0,0,0,0
415,3,lower,0,0,0,0
415,4,upper,0,0,0,0
415,4,lower,0,0,0,0
415,5,upper,0,0,0,0
415,5,lower,0,0,0,0
415,6,upper,0,0,0,0
415,6,lower,0,0,0,0
415,7,upper,0,0,0,0
415,7,lower,0,0,0,0
415,8,upper,0,0,0,0
415,8,lower,0,0,0,0
416,1,upper,0,0,0,0
416,1,lower,0,0,0,0
416,2,upper,0,0,0,0
416,2,lower,0,0,0,0
416,3,upper,0,0,0,0
416,3,lower,0,0,0,0
416,4,upper,0,0,0,0
416,4,lower,0,0,0,0
416,5,upper,0,0,0,0
416,5,lower,0,0,0,0
416,6,upper,0,0,0,0
416,6,lower,0,0,0,0
416,7,upper,0,0,0,0
416,7,lower,0,0,0,0
416,8,upper,0,0,0,0
416,8,lower,0,0,0,0
417,1,upper,0,0,0,0
417,1,lower,0,0,0,0
417,2,upper,0,0,0,0
417,2,lower,0,0,0,0
417,3,upper,0,0,0,0
417,3,lower,0,0,0,0
417,4,upper,0,0,0,0
417,4,lower,0,0,0,0
417,5,upper,0,0,0,0
417,5,lower,0,0,0,0
417,6,upper,0,0,0,0
417,6,lower,0,0,0,0
417,7,upper,0,0,0,0
417,7,lower,0,0,0,0
417,8,upper,0,0,0,0
417,8,lower,0,0,0,0
418,1,upper,0,0,0,0
418,1,lower,0,0,0,0
418,2,upper,0,0,0,0
418,2,lower,0,0,0,0
418,3,upper,0,0,0,0
418,3,lower,0,0,0,0
418,4,upper,0,0,0,0
418,4,lower,0,0,0,0
418,5,upper,0,0,0,0
418,5,lower,0,0,0,0
418,6,upper,0,0,0,0
418,6,lower,0,0,0,0
418,7,upper,0,0,0,0
418,7,lower,0,0,0,0
418,8,upper,0,0,0,0
418,8,lower,0,0,0,0
419,1,upper,0,0,0,0
419,1,lower,0,0,0,0
419,2,upper,0,0,0,0
419,2,lower,0,0,0,0
419,3,upper,0,0,0,0
419,3,lower,0,0,0,0
419,4,upper,0,0,0,0
419,4,lower,0,0,0,0
419,5,upper,0,0,0,0
419,5,lower,0,0,0,0
419,6,upper,0,0,0,0
419,6,lower,0,0,0,0
419,7,upper,0,0,0,0
419,7,lower,0,0,0,0
419,8,upper,0,0,0,0
419,8,lower,0,0,0,0
420,1,upper,0,0,0,0
420,1,lower,0,0,0,0
420,2,upper,0,0,0,0
420,2,lower,0,0,0,0
420,3,upper,0,0,0,0
420,3,lower,0,0,0,0
420,4,upper,0,0,0,0
420,4,lower,0,0,0,0
420,5,upper,0,0,0,0
420,5,lower,0,0,0,0
420,6,upper,0,0,0,0
420,6,lower,0,0,0,0
420,7,upper,0,0,0,0
420,7,lower,0,0,0,0
420,8,upper,0,0,0,0
420,8,lower,0,0,0,0
421,1,upper,0,0,0,0
421,1,lower,0,0,0,0
421,2,upper,0,0,0,0
421,2,lower,0,0,0,0
421,3,upper,0,0,0,0
421,3,lower,0,0,0,0
421,4,upper,0,0,0,0
421,4,lower,0,0,0,0
421,5,upper,0,0,0,0
421,5,lower,0,0,0,0
421,6,upper,0,0,0,0
421,6,lower,0,0,0,0
421,7,upper,0,0,0,0
421,7,lower,0,0,0,0
421,8,upper,0,0,0,0
421,8,lower,0,0,0,0
422,1,upper,0,0,0,0
422,1,lower,0,0,0,0
422,2,upper,0,0,0,0
422,2,lower,0,0,0,0
422,3,upper,0,0,0,0
422,3,lower,0,0,0,0
422,4,upper,0,0,0,0
422,4,lower,0,0,0,0
422,5,upper,0,0,0,0
422,5,lower,0,0,0,0
422,6,upper,0,0,0,0
422,6,lower,0,0,0,0
422,7,upper,0,0,0,0
422,7,lower,0,0,0,0
422,8,upper,0,0,0,0
422,8,lower,0,0,0,0
423,1,upper,0,0,0,0
423,1,lower,0,0,0,0
423,2,upper,0,0,0,0
423,2,lower,0,0,0,0
423,3,upper,0,0,0,0
423,3,lower,0,0,0,0
423,4,upper,0,0,0,0
423,4,lower,0,0,0,0
423,5,upper,0,0,0,0
423,5,lower,0,0,0,0
423,6,upper,0,0,0,0
423,6,lower,0,0,0,0
423,7,upper,0,0,0,0
423,7,lower,0,0,0,0
423,8,upper,0,0,0,0
423,8,lower,0,0,0,0
424,1,upper,0,0,0,0
424,1,lower,0,0,0,0
424,2,upper,0,0,0,0
424,2,lower,0,0,0,0
424,3,upper,0,0,0,0
424,3,lower,0,0,0,0
424,4,upper,0,0,0,0
424,4,lower,0,0,0,0
424,5,upper,0,0,0,0
424,5,lower,0,0,0,0
424,6,upper,0,0,0,0
424,6,lower,0,0,0,0
424,7,upper,0,0,0,0
424,7,lower,0,0,0,0
424,8,upper,0,0,0,0
424,8,lower,0,0,0,0
425,1,upper,0,0,0,0
425,1,lower,0,0,0,0
425,2,upper,0,0,0,0
425,2,lower,0,0,0,0
425,3,upper,0,0,0,0
425,3,lower,0,0,0,0
425,4,upper,0,0,0,0
425,4,lower,0,0,0,0
425,5,upper,0,0,0,0
425,5,lower,0,0,0,0
425,6,upper,0,0,0,0
425,6,lower,0,0,0,0
425,7,upper,0,0,0,0
425,7,lower,0,0,0,0
425,8,upper,0,0,0,0
425,8,lower,0,0,0,0
426,1,upper,0,0,0,0
426,1,lower,0,0,0,0
426,2,upper,0,0,0,0
426,2,lower,0,0,0,0
426,3,upper,0,0,0,0
426,3,lower,0,0,0,0
426,4,upper,0,0,0,0
426,4,lower,0,0,0,0
426,5,upper,0,0,0,0
426,5,lower,0,0,0,0
426,6,upper,0,0,0,0
426,6,lower,0,0,0,0
426,7,upper,0,0,0,0
426,7,lower,0,0,0,0
426,8,upper,0,0,0,0
426,8,lower,0,0,0,0
427,1,upper,0,0,0,0
427,1,lower,0,0,0,0
427,2,upper,0,0,0,0
427,2,lower,0,0,0,0
427,3,upper,0,0,0,0
427,3,lower,0,0,0,0
427,4,upper,0,0,0,0
427,4,lower,0,0,0,0
427,5,upper,0,0,0,0
427,5,lower,0,0,0,0
427,6,upper,0,0,0,0
427,6,lower,0,0,0,0
427,7,upper,0,0,0,0
427,7,lower,0,0,0,0
427,8,upper,0,0,0,0
427,8,lower,0,0,0,0
428,1,upper,0,0,0,0
428,1,lower,0,0,0,0
428,2,upper,0,0,0,0
428,2,lower,0,0,0,0
428,3,upper,0,0,0,0
428,3,lower,0,0,0,0
428,4,upper,0,0,0,0
428,4,lower,0,0,0,0
428,5,upper,0,0,0,0
428,5,lower,0,0,0,0
428,6,upper,0,0,0,0
428,6,lower,0,0,0,0
428,7,upper,0,0,0,0
428,7,lower,0,0,0,0
428,8,upper,0,0,0,0
428,8,lower,0,0,0,0
429,1,upper,0,0,0,0
429,1,lower,0,0,0,0
429,2,upper,0,0,0,0
429,2,lower,0,0,0,0
429,3,upper,0,0,0,0
429,3,lower,0,0,0,0
429,4,upper,0,0,0,0
429,4,lower,0,0,0,0
429,5,upper,0,0,0,0
429,5,lower,0,0,0,0
429,6,upper,0,0,0,0
429,6,lower,0,0,0,0
429,7,upper,0,0,0,0
429,7,lower,0,0,0,0
429,8,upper,0,0,0,0
429,8,lower,0,0,0,0
430,1,upper,0,0,0,0
430,1,lower,0,0,0,0
430,2,upper,0,0,0,0
430,2,lower,0,0,0,0
430,3,upper,0,0,0,0
430,3,lower,0,0,0,0
430,4,upper,0,0,0,0
430,4,lower,0,0,0,0
430,5,upper,0,0,0,0
430,5,lower,0,0,0,0
430,6,upper,0,0,0,0
430,6,lower,0,0,0,0
430,7,upper,0,0,0,0
430,7,lower,0,0,0,0
430,8,upper,0,0,0,0
430,8,lower,0,0,0,0
431,1,upper,0,0,0,0
431,1,lower,0,0,0,0
431,2,upper,0,0,0,0
431,2,lower,0,0,0,0
431,3,upper,0,0,0,0
431,3,lower,0,0,0,0
431,4,upper,0,0,0,0
431,4,lower,0,0,0,0
431,5,upper,0,0,0,0
431,5,lower,0,0,0,0
431,6,upper,0,0,0,0
431,6,lower,0,0,0,0
431,7,upper,0,0,0,0
431,7,lower,0,0,0,0
431,8,upper,0,0,0,0
431,8,lower,0,0,0,0
432,1,upper,0,0,0,0
432,1,lower,0,0,0,0
432,2,upper,0,0,0,0
432,2,lower,0,0,0,0
432,3,upper,0,0,0,0
432,3,lower,0,0,0,0
432,4,upper,0,0,0,0
432,4,lower,0,0,0,0
432,5,upper,0,0,0,0
432,5,lower,0,0,0,0
432,6,upper,0,0,0,0
432,6,lower,0,0,0,0
432,7,upper,0,0,0,0
432,7,lower,0,0,0,0
432,8,upper,0,0,0,0
432,8,lower,0,0,0,0
433,1,upper,0,0,0,0
433,1,lower,0,0,0,0
433,2,upper,0,0,0,0
433,2,lower,0,0,0,0
433,3,upper,0,0,0,0
433,3,lower,0,0,0,0
433,4,upper,0,0,0,0
433,4,lower,0,0,0,0
433,5,upper,0,0,0,0
433,5,lower,0,0,0,0
433,6,upper,0,0,0,0
433,6,lower,0,0,0,0
433,7,upper,0,0,0,0
433,7,lower,0,0,0,0
433,8,upper,0,0,0,0
433,8,lower,0,0,0,0
434,1,upper,0,0,0,0
434,1,lower,0,0,0,0
434,2,upper,0,0,0,0
434,2,lower,0,0,0,0
434,3,upper,0,0,0,0
434,3,lower,0,0,0,0
434,4,upper,0,0,0,0
434,4,lower,0,0,0,0
434,5,upper,0,0,0,0
434,5,lower,0,0,0,0
434,6,upper,0,0,0,0
434,6,lower,0,0,0,0
434,7,upper,0,0,0,0
434,7,lower,0,0,0,0
434,8,upper,0,0,0,0
434,8,lower,0,0,0,0
435,1,upper,0,0,0,0
435,1,lower,0,0,0,0
435,2,upper,0,0,0,0
435,2,lower,0,0,0,0
435,3,upper,0,0,0,0
435,3,lower,0,0,0,0
435,4,upper,0,0,0,0
435,4,lower,0,0,0,0
435,5,upper,0,0,0,0
435,5,lower,0,0,0,0
435,6,upper,0,0,0,0
435,6,lower,0,0,0,0
435,7,upper,0,0,0,0
435,7,lower,0,0,0,0
435,8,upper,0,0,0,0
435,8,lower,0,0,0,0
436,1,upper,0,0,0,0
436,1,lower,0,0,0,0
436,2,upper,0,0,0,0
436,2,lower,0,0,0,0
436,3,upper,0,0,0,0
436,3,lower,0,0,0,0
436,4,upper,0,0,0,0
436,4,lower,0,0,0,0
436,5,upper,0,0,0,0
436,5,lower,0,0,0,0
436,6,upper,0,0,0,0
436,6,lower,0,0,0,0
436,7,upper,0,0,0,0
436,7,lower,0,0,0,0
436,8,upper,0,0,0,0
436,8,lower,0,0,0,0
437,1,upper,0,0,0,0
437,1,lower,0,0,0,0
437,2,upper,0,0,0,0
437,2,lower,0,0,0,0
437,3,upper,0,0,0,0
437,3,lower,0,0,0,0
437,4,upper,0,0,0,0
437,4,lower,0,0,0,0
437,5,upper,0,0,0,0
437,5,lower,0,0,0,0
437,6,upper,0,0,0,0
437,6,lower,0,0,0,0
437,7,upper,0,0,0,0
437,7,lower,0,0,0,0
437,8,upper,0,0,0,0
437,8,lower,0,0,0,0
438,1,upper,0,0,0,0
438,1,lower,0,0,0,0
438,2,upper,0,0,0,0
438,2,lower,0,0,0,0
438,3,upper,0,0,0,0
438,3,lower,0,0,0,0
438,4,upper,0,0,0,0
438,4,lower,0,0,0,0
438,5,upper,0,0,0,0
438,5,lower,0,0,0,0
438,6,upper,0,0,0,0
438,6,lower,0,0,0,0
438,7,upper,0,0,0,0
438,7,lower,0,0,0,0
438,8,upper,0,0,0,0
438,8,lower,0,0,0,0
439,1,upper,0,0,0,0
439,1,lower,0,0,0,0
439,2,upper,0,0,0,0
439,2,lower,0,0,0,0
439,3,upper,0,0,0,0
439,3,lower,0,0,0,0
439,4,upper,0,0,0,0
439,4,lower,0,0,0,0
439,5,upper,0,0,0,0
439,5,lower,0,0,0,0
439,6,upper,0,0,0,0
439,6,lower,0,0,0,0
439,7,upper,0,0,0,0
439,7,lower,0,0,0,0
439,8,upper,0,0,0,0
439,8,lower,0,0,0,0
440,1,upper,0,0,0,0
440,1,lower,0,0,0,0
440,2,upper,0,0,0,0
440,2,lower,0,0,0,0
440,3,upper,0,0,0,0
440,3,lower,0,0,0,0
440,4,upper,0,0,0,0
440,4,lower,0,0,0,0
440,5,upper,0,0,0,0
440,5,lower,0,0,0,0
440,6,upper,0,0,0,0
440,6,lower,0,0,0,0
440,7,upper,0,0,0,0
440,7,lower,0,0,0,0
440,8,upper,0,0,0,0
440,8,lower,0,0,0,0
441,1,upper,0,0,0,0
441,1,lower,0,0,0,0
441,2,upper,0,0,0,0
441,2,lower,0,0,0,0
441,3,upper,0,0,0,0
441,3,lower,0,0,0,0
441,4,upper,0,0,0,0
441,4,lower,0,0,0,0
441,5,upper,0,0,0,0
441,5,lower,0,0,0,0
441,6,upper,0,0,0,0
441,6,lower,0,0,0,0
441,7,upper,0,0,0,0
441,7,lower,0,0,0,0
441,8,upper,0,0,0,0
441,8,lower,0,0,0,0
442,1,upper,0,0,0,0
442,1,lower,0,0,0,0
442,2,upper,0,0,0,0
442,2,lower,0,0,0,0
442,3,upper,0,0,0,0
442,3,lower,0,0,0,0
442,4,upper,0,0,0,0
442,4,lower,0,0,0,0
442,5,upper,0,0,0,0
442,5,lower,0,0,0,0
442,6,upper,0,0,0,0
442,6,lower,0,0,0,0
442,7,upper,0,0,0,0
442,7,lower,0,0,0,0
442,8,upper,0,0,0,0
442,8,lower,0,0,0,0
443,1,upper,0,0,0,0
443,1,lower,0,0,0,0
443,2,upper,0,0,0,0
443,2,lower,0,0,0,0
443,3,upper,0,0,0,0
443,3,lower,0,0,0,0
443,4,upper,0,0,0,0
443,4,lower,0,0,0,0
443,5,upper,0,0,0,0
443,5,lower,0,0,0,0
443,6,upper,0,0,0,0
443,6,lower,0,0,0,0
443,7,upper,0,0,0,0
443,7,lower,0,0,0,0
443,8,upper,0,0,0,0
443,8,lower,0,0,0,0
444,1,upper,0,0,0,0
444,1,lower,0,0,0,0
444,2,upper,0,0,0,0
444,2,lower,0,0,0,0
444,3,upper,0,0,0,0
444,3,lower,0,0,0,0
444,4,upper,0,0,0,0
444,4,lower,0,0,0,0
444,5,upper,0,0,0,0
444,5,lower,0,0,0,0
444,6,upper,0,0,0,0
444,6,lower,0,0,0,0
444,7,upper,0,0,0,0
444,7,lower,0,0,0,0
444,8,upper,0,0,0,0
444,8,lower,0,0,0,0
445,1,upper,0,0,0,0
445,1,lower,0,0,0,0
445,2,upper,0,0,0,0
445,2,lower,0,0,0,0
445,3,upper,0,0,0,0
445,3,lower,0,0,0,0
445,4,upper,0,0,0,0
445,4,lower,0,0,0,0
445,5,upper,0,0,0,0
445,5,lower,0,0,0,0
445,6,upper,0,0,0,0
445,6,lower,0,0,0,0
445,7,upper,0,0,0,0
445,7,lower,0,0,0,0
445,8,upper,0,0,0,0
445,8,lower,0,0,0,0
446,1,upper,0,0,0,0
446,1,lower,0,0,0,0
446,2,upper,0,0,0,0
446,2,lower,0,0,0,0
446,3,upper,0,0,0,0
446,3,lower,0,0,0,0
446,4,upper,0,0,0,0
446,4,lower,0,0,0,0
446,5,upper,0,0,0,0
446,5,lower,0,0,0,0
446,6,upper,0,0,0,0
446,6,lower,0,0,0,0
446,7,upper,0,0,0,0
446,7,lower,0,0,0,0
446,8,upper,0,0,0,0
446,8,lower,0,0,0,0
447,1,upper,0,0,0,0
447,1,lower,0,0,0,0
447,2,upper,0,0,0,0
447,2,lower,0,0,0,0
447,3,upper,0,0,0,0
447,3,lower,0,0,0,0
447,4,upper,0,0,0,0
447,4,lower,0,0,0,0
447,5,upper,0,0,0,0
447,5,lower,0,0,0,0
447,6,upper,0,0,0,0
447,6,lower,0,0,0,0
447,7,upper,0,0,0,0
447,7,lower,0,0,0,0
447,8,upper,0,0,0,0
447,8,lower,0,0,0,0
448,1,upper,0,0,0,0
448,1,lower,0,0,0,0
448,2,upper,0,0,0,0
448,2,lower,0,0,0,0
448,3,upper,0,0,0,0
448,3,lower,0,0,0,0
448,4,upper,0,0,0,0
448,4,lower,0,0,0,0
448,5,upper,0,0,0,0
448,5,lower,0,0,0,0
448,6,upper,0,0,0,0
448,6,lower,0,0,0,0
448,7,upper,0,0,0,0
448,7,lower,0,0,0,0
448,8,upper,0,0,0,0
448,8,lower,0,0,0,0
449,1,upper,0,0,0,0
449,1,lower,0,0,0,0
449,2,upper,0,0,0,0
449,2,lower,0,0,0,0
449,3,upper,0,0,0,0
449,3,lower,0,0,0,0
449,4,upper,0,0,0,0
449,4,lower,0,0,0,0
449,5,upper,0,0,0,0
449,5,lower,0,0,0,0
449,6,upper,0,0,0,0
449,6,lower,0,0,0,0
449,7,upper,0,0,0,0
449,7,lower,0,0,0,0
449,8,upper,0,0,0,0
449,8,lower,0,0,0,0
450,1,upper,0,0,0,0
450,1,lower,0,0,0,0
450,2,upper,0,0,0,0
450,2,lower,0,0,0,0
450,3,upper,0,0,0,0
450,3,lower,0,0,0,0
450,4,upper,0,0,0,0
450,4,lower,0,0,0,0
450,5,upper,0,0,0,0
450,5,lower,0,0,0,0
450,6,upper,0,0,0,0
450,6,lower,0,0,0,0
450,7,upper,0,0,0,0
450,7,lower,0,0,0,0
450,8,upper,0,0,0,0
450,8,lower,0,0,0,0
451,1,upper,0,0,0,0
451,1,lower,0,0,0,0
451,2,upper,0,0,0,0
451,2,lower,0,0,0,0
451,3,upper,0,0,0,0
451,3,lower,0,0,0,0
451,4,upper,0,0,0,0
451,4,lower,0,0,0,0
451,5,upper,0,0,0,0
451,5,lower,0,0,0,0
451,6,upper,0,0,0,0
451,6,lower,0,0,0,0
451,7,upper,0,0,0,0
451,7,lower,0,0,0,0
451,8,upper,0,0,0,0
451,8,lower,0,0,0,0
452,1,upper,0,0,0,0
452,1,lower,0,0,0,0
452,2,upper,0,0,0,0
452,2,lower,0,0,0,0
452,3,upper,0,0,0,0
452,3,lower,0,0,0,0
452,4,upper,0,0,0,0
452,4,lower,0,0,0,0
452,5,upper,0,0,0,0
452,5,lower,0,0,0,0
452,6,upper,0,0,0,0
452,6,lower,0,0,0,0
452,7,upper,0,0,0,0
452,7,lower,0,0,0,0
452,8,upper,0,0,0,0
452,8,lower,0,0,0,0
453,1,upper,0,0,0,0
453,1,lower,0,0,0,0
453,2,upper,0,0,0,0
453,2,lower,0,0,0,0
453,3,upper,0,0,0,0
453,3,lower,0,0,0,0
453,4,upper,0,0,0,0
453,4,lower,0,0,0,0
453,5,upper,0,0,0,0
453,5,lower,0,0,0,0
453,6,upper,0,0,0,0
453,6,lower,0,0,0,0
453,7,upper,0,0,0,0
453,7,lower,0,0,0,0
453,8,upper,0,0,0,0
453,8,lower,0,0,0,0
454,1,upper,0,0,0,0
454,1,lower,0,0,0,0
454,2,upper,0,0,0,0
454,2,lower,0,0,0,0
454,3,upper,0,0,0,0
454,3,lower,0,0,0,0
454,4,upper,0,0,0,0
454,4,lower,0,0,0,0
454,5,upper,0,0,0,0
454,5,lower,0,0,0,0
454,6,upper,0,0,0,0
454,6,lower,0,0,0,0
454,7,upper,0,0,0,0
454,7,lower,0,0,0,0
454,8,upper,0,0,0,0
454,8,lower,0,0,0,0
455,1,upper,0,0,0,0
455,1,lower,0,0,0,0
455,2,upper,0,0,0,0
455,2,lower,0,0,0,0
455,3,upper,0,0,0,0
455,3,lower,0,0,0,0
455,4,upper,0,0,0,0
455,4,lower,0,0,0,0
455,5,upper,0,0,0,0
455,5,lower,0,0,0,0
455,6,upper,0,0,0,0
455,6,lower,0,0,0,0
455,7,upper,0,0,0,0
455,7,lower,0,0,0,0
455,8,upper,0,0,0,0
455,8,lower,0,0,0,0
456,1,upper,0,0,0,0
456,1,lower,0,0,0,0
456,2,upper,0,0,0,0
456,2,lower,0,0,0,0
456,3,upper,0,0,0,0
456,3,lower,0,0,0,0
456,4,upper,0,0,0,0
456,4,lower,0,0,0,0
456,5,upper,0,0,0,0
456,5,lower,0,0,0,0
456,6,upper,0,0,0,0
456,6,lower,0,0,0,0
456,7,upper,0,0,0,0
456,7,lower,0,0,0,0
456,8,upper,0,0,0,0
456,8,lower,0,0,0,0
457,1,upper,0,0,0,0
457,1,lower,0,0,0,0
457,2,upper,0,0,0,0
457,2,lower,0,0,0,0
457,3,upper,0,0,0,0
457,3,lower,0,0,0,0
457,4,upper,0,0,0,0
457,4,lower,0,0,0,0
457,5,upper,0,0,0,0
457,5,lower,0,0,0,0
457,6,upper,0,0,0,0
457,6,lower,0,0,0,0
457,7,upper,0,0,0,0
457,7,lower,0,0,0,0
457,8,upper,0,0,0,0
457,8,lower,0,0,0,0
458,1,upper,0,0,0,0
458,1,lower,0,0,0,0
458,2,upper,0,0,0,0
458,2,lower,0,0,0,0
458,3,upper,0,0,0,0
458,3,lower,0,0,0,0
458,4,upper,0,0,0,0
458,4,lower,0,0,0,0
458,5,upper,0,0,0,0
458,5,lower,0,0,0,0
458,6,upper,0,0,0,0
458,6,lower,0,0,0,0
458,7,upper,0,0,0,0
458,7,lower,0,0,0,0
458,8,upper,0,0,0,0
458,8,lower,0,0,0,0
459,1,upper,0,0,0,0
459,1,lower,0,0,0,0
459,2,upper,0,0,0,0
459,2,lower,0,0,0,0
459,3,upper,0,0,0,0
459,3,lower,0,0,0,0
459,4,upper,0,0,0,0
459,4,lower,0,0,0,0
459,5,upper,0,0,0,0
459,5,lower,0,0,0,0
459,6,upper,0,0,0,0
459,6,lower,0,0,0,0
459,7,upper,0,0,0,0
459,7,lower,0,0,0,0
459,8,upper,0,0,0,0
459,8,lower,0,0,0,0
460,1,upper,0,0,0,0
460,1,lower,0,0,0,0
460,2,upper,0,0,0,0
460,2,lower,0,0,0,0
460,3,upper,0,0,0,0
460,3,lower,0,0,0,0
460,4,upper,0,0,0,0
460,4,lower,0,0,0,0
460,5,upper,0,0,0,0
460,5,lower,0,0,0,0
460,6,upper,0,0,0,0
460,6,lower,0,0,0,0
460,7,upper,0,0,0,0
460,7,lower,0,0,0,0
460,8,upper,0,0,0,0
460,8,lower,0,0,0,0
461,1,upper,0,0,0,0
461,1,lower,0,0,0,0
461,2,upper,0,0,0,0
461,2,lower,0,0,0,0
461,3,upper,0,0,0,0
461,3,lower,0,0,0,0
461,4,upper,0,0,0,0
461,4,lower,0,0,0,0
461,5,upper,0,0,0,0
461,5,lower,0,0,0,0
461,6,upper,0,0,0,0
461,6,lower,0,0,0,0
461,7,upper,0,0,0,0
461,7,lower,0,0,0,0
461,8,upper,0,0,0,0
461,8,lower,0,0,0,0
462,1,upper,0,0,0,0
462,1,lower,0,0,0,0
462,2,upper,0,0,0,0
462,2,lower,0,0,0,0
462,3,upper,0,0,0,0
462,3,lower,0,0,0,0
462,4,upper,0,0,0,0
462,4,lower,0,0,0,0
462,5,upper,0,0,0,0
462,5,lower,0,0,0,0
462,6,upper,0,0,0,0
462,6,lower,0,0,0,0
462,7,upper,0,0,0,0
462,7,lower,0,0,0,0
462,8,upper,0,0,0,0
462,8,lower,0,0,0,0
463,1,upper,0,0,0,0
463,1,lower,0,0,0,0
463,2,upper,0,0,0,0
463,2,lower,0,0,0,0
463,3,upper,0,0,0,0
463,3,lower,0,0,0,0
463,4,upper,0,0,0,0
463,4,lower,0,0,0,0
463,5,upper,0,0,0,0
463,5,lower,0,0,0,0
463,6,upper,0,0,0,0
463,6,lower,0,0,0,0
463,7,upper,0,0,0,0
463,7,lower,0,0,0,0
463,8,upper,0,0,0,0
463,8,lower,0,0,0,0
464,1,upper,0,0,0,0
464,1,lower,0,0,0,0
464,2,upper,0,0,0,0
464,2,lower,0,0,0,0
464,3,upper,0,0,0,0
464,3,lower,0,0,0,0
464,4,upper,0,0,0,0
464,4,lower,0,0,0,0
464,5,upper,0,0,0,0
464,5,lower,0,0,0,0
464,6,upper,0,0,0,0
464,6,lower,0,0,0,0
464,7,upper,0,0,0,0
464,7,lower,0,0,0,0
464,8,upper,0,0,0,0
464,8,lower,0,0,0,0
465,1,upper,0,0,0,0
465,1,lower,0,0,0,0
465,2,upper,0,0,0,0
465,2,lower,0,0,0,0
465,3,upper,0,0,0,0
465,3,lower,0,0,0,0
465,4,upper,0,0,0,0
465,4,lower,0,0,0,0
465,5,upper,0,0,0,0
465,5,lower,0,0,0,0
465,6,upper,0,0,0,0
465,6,lower,0,0,0,0
465,7,upper,0,0,0,0
465,7,lower,0,0,0,0
465,8,upper,0,0,0,0
465,8,lower,0,0,0,0
466,1,upper,0,0,0,0
466,1,lower,0,0,0,0
466,2,upper,0,0,0,0
466,2,lower,0,0,0,0
466,3,upper,0,0,0,0
466,3,lower,0,0,0,0
466,4,upper,0,0,0,0
466,4,lower,0,0,0,0
466,5,upper,0,0,0,0
466,5,lower,0,0,0,0
466,6,upper,0,0,0,0
466,6,lower,0,0,0,0
466,7,upper,0,0,0,0
466,7,lower,0,0,0,0
466,8,upper,0,0,0,0
466,8,lower,0,0,0,0
467,1,upper,0,0,0,0
467,1,lower,0,0,0,0
467,2,upper,0,0,0,0
467,2,lower,0,0,0,0
467,3,upper,0,0,0,0
467,3,lower,0,0,0,0
467,4,upper,0,0,0,0
467,4,lower,0,0,0,0
467,5,upper,0,0,0,0
467,5,lower,0,0,0,0
467,6,upper,0,0,0,0
467,6,lower,0,0,0,0
467,7,upper,0,0,0,0
467,7,lower,0,0,0,0
467,8,upper,0,0,0,0
467,8,lower,0,0,0,0
468,1,upper,0,0,0,0
468,1,lower,0,0,0,0
468,2,upper,0,0,0,0
468,2,lower,0,0,0,0
468,3,upper,0,0,0,0
468,3,lower,0,0,0,0
468,4,upper,0,0,0,0
468,4,lower,0,0,0,0
468,5,upper,0,0,0,0
468,5,lower,0,0,0,0
468,6,upper,0,0,0,0
468,6,lower,0,0,0,0
468,7,upper,0,0,0,0
468,7,lower,0,0,0,0
468,8,upper,0,0,0,0
468,8,lower,0,0,0,0
469,1,upper,0,0,0,0
469,1,lower,0,0,0,0
469,2,upper,0,0,0,0
469,2,lower,0,0,0,0
469,3,upper,0,0,0,0
469,3,lower,0,0,0,0
469,4,upper,0,0,0,0
469,4,lower,0,0,0,0
469,5,upper,0,0,0,0
469,5,lower,0,0,0,0
469,6,upper,0,0,0,0
469,6,lower,0,0,0,0
469,7,upper,0,0,0,0
469,7,lower,0,0,0,0
469,8,upper,0,0,0,0
469,8,lower,0,0,0,0
470,1,upper,0,0,0,0
470,1,lower,0,0,0,0
470,2,upper,0,0,0,0
470,2,lower,0,0,0,0
470,3,upper,0,0,0,0
470,3,lower,0,0,0,0
470,4,upper,0,0,0,0
470,4,lower,0,0,0,0
470,5,upper,0,0,0,0
470,5,lower,0,0,0,0
470,6,upper,0,0,0,0
470,6,lower,0,0,0,0
470,7,upper,0,0,0,0
470,7,lower,0,0,0,0
470,8,upper,0,0,0,0
470,8,lower,0,0,0,0
471,1,upper,0,0,0,0
471,1,lower,0,0,0,0
471,2,upper,0,0,0,0
471,2,lower,0,0,0,0
471,3,upper,0,0,0,0
471,3,lower,0,0,0,0
471,4,upper,0,0,0,0
471,4,lower,0,0,0,0
471,5,upper,0,0,0,0
471,5,lower,0,0,0,0
471,6,upper,0,0,0,0
471,6,lower,0,0,0,0
471,7,upper,0,0,0,0
471,7,lower,0,0,0,0
471,8,upper,0,0,0,0
471,8,lower,0,0,0,0
472,1,upper,0,0,0,0
472,1,lower,0,0,0,0
472,2,upper,0,0,0,0
472,2,lower,0,0,0,0
472,3,upper,0,0,0,0
472,3,lower,0,0,0,0
472,4,upper,0,0,0,0
472,4,lower,0,0,0,0
472,5,upper,0,0,0,0
472,5,lower,0,0,0,0
472,6,upper,0,0,0,0
472,6,lower,0,0,0,0
472,7,upper,0,0,0,0
472,7,lower,0,0,0,0
472,8,upper,0,0,0,0
472,8,lower,0,0,0,0
473,1,upper,0,0,0,0
473,1,lower,0,0,0,0
473,2,upper,0,0,0,0
473,2,lower,0,0,0,0
473,3,upper,0,0,0,0
473,3,lower,0,0,0,0
473,4,upper,0,0,0,0
473,4,lower,0,0,0,0
473,5,upper,0,0,0,0
473,5,lower,0,0,0,0
473,6,upper,0,0,0,0
473,6,lower,0,0,0,0
473,7,upper,0,0,0,0
473,7,lower,0,0,0,0
473,8,upper,0,0,0,0
473,8,lower,0,0,0,0
474,1,upper,0,0,0,0
474,1,lower,0,0,0,0
474,2,upper,0,0,0,0
474,2,lower,0,0,0,0
474,3,upper,0,0,0,0
474,3,lower,0,0,0,0
474,4,upper,0,0,0,0
474,4,lower,0,0,0,0
474,5,upper,0,0,0,0
474,5,lower,0,0,0,0
474,6,upper,0,0,0,0
474,6,lower,0,0,0,0
474,7,upper,0,0,0,0
474,7,lower,0,0,0,0
474,8,upper,0,0,0,0
474,8,lower,0,0,0,0
475,1,upper,0,0,0,0
475,1,lower,0,0,0,0
475,2,upper,0,0,0,0
475,2,lower,0,0,0,0
475,3,upper,0,0,0,0
475,3,lower,0,0,0,0
475,4,upper,0,0,0,0
475,4,lower,0,0,0,0
475,5,upper,0,0,0,0
475,5,lower,0,0,0,0
475,6,upper,0,0,0,0
475,6,lower,0,0,0,0
475,7,upper,0,0,0,0
475,7,lower,0,0,0,0
475,8,upper,0,0,0,0
475,8,lower,0,0,0,0
476,1,upper,0,0,0,0
476,1,lower,0,0,0,0
476,2,upper,0,0,0,0
476,2,lower,0,0,0,0
476,3,upper,0,0,0,0
476,3,lower,0,0,0,0
476,4,upper,0,0,0,0
476,4,lower,0,0,0,0
476,5,upper,0,0,0,0
476,5,lower,0,0,0,0
476,6,upper,0,0,0,0
476,6,lower,0,0,0,0
476,7,upper,0,0,0,0
476,7,lower,0,0,0,0
476,8,upper,0,0,0,0
476,8,lower,0,0,0,0
477,1,upper,0,0,0,0
477,1,lower,0,0,0,0
477,2,upper,0,0,0,0
477,2,lower,0,0,0,0
477,3,upper,0,0,0,0
477,3,lower,0,0,0,0
477,4,upper,0,0,0,0
477,4,lower,0,0,0,0
477,5,upper,0,0,0,0
477,5,lower,0,0,0,0
477,6,upper,0,0,0,0
477,6,lower,0,0,0,0
477,7,upper,0,0,0,0
477,7,lower,0,0,0,0
477,8,upper,0,0,0,0
477,8,lower,0,0,0,0
478,1,upper,0,0,0,0
478,1,lower,0,0,0,0
478,2,upper,0,0,0,0
478,2,lower,0,0,0,0
478,3,upper,0,0,0,0
478,3,lower,0,0,0,0
478,4,upper,0,0,0,0
478,4,lower,0,0,0,0
478,5,upper,0,0,0,0
478,5,lower,0,0,0,0
478,6,upper,0,0,0,0
478,6,lower,0,0,0,0
478,7,upper,0,0,0,0
478,7,lower,0,0,0,0
478,8,upper,0,0,0,0
478,8,lower,0,0,0,0
479,1,upper,0,0,0,0
479,1,lower,0,0,0,0
479,2,upper,0,0,0,0
479,2,lower,0,0,0,0
479,3,upper,0,0,0,0
479,3,lower,0,0,0,0
479,4,upper,0,0,0,0
479,4,lower,0,0,0,0
479,5,upper,0,0,0,0
479,5,lower,0,0,0,0
479,6,upper,0,0,0,0
479,6,lower,0,0,0,0
479,7,upper,0,0,0,0
479,7,lower,0,0,0,0
479,8,upper,0,0,0,0
479,8,lower,0,0,0,0
480,1,upper,0,0,0,0
480,1,lower,0,0,0,0
480,2,upper,0,0,0,0
480,2,lower,0,0,0,0
480,3,upper,0,0,0,0
480,3,lower,0,0,0,0
480,4,upper,0,0,0,0
480,4,lower,0,0,0,0
480,5,upper,0,0,0,0
480,5,lower,0,0,0,0
480,6,upper,0,0,0,0
480,6,lower,0,0,0,0
480,7,upper,0,0,0,0
480,7,lower,0,0,0,0
480,8,upper,0,0,0,0
480,8,lower,0,0,0,0
481,1,upper,0,0,0,0
481,1,lower,0,0,0,0
481,2,upper,0,0,0,0
481,2,lower,0,0,0,0
481,3,upper,0,0,0,0
481,3,lower,0,0,0,0
481,4,upper,0,0,0,0
481,4,lower,0,0,0,0
481,5,upper,0,0,0,0
481,5,lower,0,0,0,0
481,6,upper,0,0,0,0
481,6,lower,0,0,0,0
481,7,upper,0,0,0,0
481,7,lower,0,0,0,0
481,8,upper,0,0,0,0
481,8,lower,0,0,0,0
482,1,upper,0,0,0,0
482,1,lower,0,0,0,0
482,2,upper,0,0,0,0
482,2,lower,0,0,0,0
482,3,upper,0,0,0,0
482,3,lower,0,0,0,0
482,4,upper,0,0,0,0
482,4,lower,0,0,0,0
482,5,upper,0,0,0,0
482,5,lower,0,0,0,0
482,6,upper,0,0,0,0
482,6,lower,0,0,0,0
482,7,upper,0,0,0,0
482,7,lower,0,0,0,0
482,8,upper,0,0,0,0
482,8,lower,0,0,0,0
483,1,upper,0,0,0,0
483,1,lower,0,0,0,0
483,2,upper,0,0,0,0
483,2,lower,0,0,0,0
483,3,upper,0,0,0,0
483,3,lower,0,0,0,0
483,4,upper,0,0,0,0
483,4,lower,0,0,0,0
483,5,upper,0,0,0,0
483,5,lower,0,0,0,0
483,6,upper,0,0,0,0
483,6,lower,0,0,0,0
483,7,upper,0,0,0,0
483,7,lower,0,0,0,0
483,8,upper,0,0,0,0
483,8,lower,0,0,0,0
484,1,upper,0,0,0,0
484,1,lower,0,0,0,0
484,2,upper,0,0,0,0
484,2,lower,0,0,0,0
484,3,upper,0,0,0,0
484,3,lower,0,0,0,0
484,4,upper,0,0,0,0
484,4,lower,0,0,0,0
484,5,upper,0,0,0,0
484,5,lower,0,0,0,0
484,6,upper,0,0,0,0
484,6,lower,0,0,0,0
484,7,upper,0,0,0,0
484,7,lower,0,0,0,0
484,8,upper,0,0,0,0
484,8,lower,0,0,0,0
485,1,upper,0,0,0,0
485,1,lower,0,0,0,0
485,2,upper,0,0,0,0
485,2,lower,0,0,0,0
485,3,upper,0,0,0,0
485,3,lower,0,0,0,0
485,4,upper,0,0,0,0
485,4,lower,0,0,0,0
485,5,upper,0,0,0,0
485,5,lower,0,0,0,0
485,6,upper,0,0,0,0
485,6,lower,0,0,0,0
485,7,upper,0,0,0,0
485,7,lower,0,0,0,0
485,8,upper,0,0,0,0
485,8,lower,0,0,0,0
486,1,upper,0,0,0,0
486,1,lower,0,0,0,0
486,2,upper,0,0,0,0
486,2,lower,0,0,0,0
486,3,upper,0,0,0,0
486,3,lower,0,0,0,0
486,4,upper,0,0,0,0
486,4,lower,0,0,0,0
486,5,upper,0,0,0,0
486,5,lower,0,0,0,0
486,6,upper,0,0,0,0
486,6,lower,0,0,0,0
486,7,upper,0,0,0,0
486,7,lower,0,0,0,0
486,8,upper,0,0,0,0
486,8,lower,0,0,0,0
487,1,upper,0,0,0,0
487,1,lower,0,0,0,0
487,2,upper,0,0,0,0
487,2,lower,0,0,0,0
487,3,upper,0,0,0,0
487,3,lower,0,0,0,0
487,4,upper,0,0,0,0
487,4,lower,0,0,0,0
487,5,upper,0,0,0,0
487,5,lower,0,0,0,0
487,6,upper,0,0,0,0
487,6,lower,0,0,0,0
487,7,upper,0,0,0,0
487,7,lower,0,0,0,0
487,8,upper,0,0,0,0
487,8,lower,0,0,0,0
488,1,upper,0,0,0,0
488,1,lower,0,0,0,0
488,2,upper,0,0,0,0
488,2,lower,0,0,0,0
488,3,upper,0,0,0,0
488,3,lower,0,0,0,0
488,4,upper,0,0,0,0
488,4,lower,0,0,0,0
488,5,upper,0,0,0,0
488,5,lower,0,0,0,0
488,6,upper,0,0,0,0
488,6,lower,0,0,0,0
488,7,upper,0,0,0,0
488,7,lower,0,0,0,0
488,8,upper,0,0,0,0
488,8,lower,0,0,0,0
489,1,upper,0,0,0,0
489,1,lower,0,0,0,0
489,2,upper,0,0,0,0
489,2,lower,0,0,0,0
489,3,upper,0,0,0,0
489,3,lower,0,0,0,0
489,4,upper,0,0,0,0
489,4,lower,0,0,0,0
489,5,upper,0,0,0,0
489,5,lower,0,0,0,0
489,6,upper,0,0,0,0
489,6,lower,0,0,0,0
489,7,upper,0,0,0,0
489,7,lower,0,0,0,0
489,8,upper,0,0,0,0
489,8,lower,0,0,0,0
490,1,upper,0,0,0,0
490,1,lower,0,0,0,0
490,2,upper,0,0,0,0
490,2,lower,0,0,0,0
490,3,upper,0,0,0,0
490,3,lower,0,0,0,0
490,4,upper,0,0,0,0
490,4,lower,0,0,0,0
490,5,upper,0,0,0,0
490,5,lower,0,0,0,0
490,6,upper,0,0,0,0
490,6,lower,0,0,0,0
490,7,upper,0,0,0,0
490,7,lower,0,0,0,0
490,8,upper,0,0,0,0
490,8,lower,0,0,0,0
491,1,upper,0,0,0,0
491,1,lower,0,0,0,0
491,2,upper,0,0,0,0
491,2,lower,0,0,0,0
491,3,upper,0,0,0,0
491,3,lower,0,0,0,0
491,4,upper,0,0,0,0
491,4,lower,0,0,0,0
491,5,upper,0,0,0,0
491,5,lower,0,0,0,0
491,6,upper,0,0,0,0
491,6,lower,0,0,0,0
491,7,upper,0,0,0,0
491,7,lower,0,0,0,0
491,8,upper,0,0,0,0
491,8,lower,0,0,0,0
492,1,upper,0,0,0,0
492,1,lower,0,0,0,0
492,2,upper,0,0,0,0
492,2,lower,0,0,0,0
492,3,upper,0,0,0,0
492,3,lower,0,0,0,0
492,4,upper,0,0,0,0
492,4,lower,0,0,0,0
492,5,upper,0,0,0,0
492,5,lower,0,0,0,0
492,6,upper,0,0,0,0
492,6,lower,0,0,0,0
492,7,upper,0,0,0,0
492,7,lower,0,0,0,0
492,8,upper,0,0,0,0
492,8,lower,0,0,0,0
493,1,upper,0,0,0,0
493,1,lower,0,0,0,0
493,2,upper,0,0,0,0
493,2,lower,0,0,0,0
493,3,upper,0,0,0,0
493,3,lower,0,0,0,0
493,4,upper,0,0,0,0
493,4,lower,0,0,0,0
493,5,upper,0,0,0,0
493,5,lower,0,0,0,0
493,6,upper,0,0,0,0
493,6,lower,0,0,0,0
493,7,upper,0,0,0,0
493,7,lower,0,0,0,0
493,8,upper,0,0,0,0
493,8,lower,0,0,0,0
494,1,upper,0,0,0,0
494,1,lower,0,0,0,0
494,2,upper,0,0,0,0
494,2,lower,0,0,0,0
494,3,upper,0,0,0,0
494,3,lower,0,0,0,0
494,4,upper,0,0,0,0
494,4,lower,0,0,0,0
494,5,upper,0,0,0,0
494,5,lower,0,0,0,0
494,6,upper,0,0,0,0
494,6,lower,0,0,0,0
494,7,upper,0,0,0,0
494,7,lower,0,0,0,0
494,8,upper,0,0,0,0
494,8,lower,0,0,0,0
495,1,upper,0,0,0,0
495,1,lower,0,0,0,0
495,2,upper,0,0,0,0
495,2,lower,0,0,0,0
495,3,upper,0,0,0,0
495,3,lower,0,0,0,0
495,4,upper,0,0,0,0
495,4,lower,0,0,0,0
495,5,upper,0,0,0,0
495,5,lower,0,0,0,0
495,6,upper,0,0,0,0
495,6,lower,0,0,0,0
495,7,upper,0,0,0,0
495,7,lower,0,0,0,0
495,8,upper,0,0,0,0
495,8,lower,0,0,0,0
496,1,upper,0,0,0,0
496,1,lower,0,0,0,0
496,2,upper,0,0,0,0
496,2,lower,0,0,0,0
496,3,upper,0,0,0,0
496,3,lower,0,0,0,0
496,4,upper,0,0,0,0
496,4,lower,0,0,0,0
496,5,upper,0,0,0,0
496,5,lower,0,0,0,0
496,6,upper,0,0,0,0
496,6,lower,0,0,0,0
496,7,upper,0,0,0,0
496,7,lower,0,0,0,0
496,8,upper,0,0,0,0
496,8,lower,0,0,0,0
497,1,upper,0,0,0,0
497,1,lower,0,0,0,0
497,2,upper,0,0,0,0
497,2,lower,0,0,0,0
497,3,upper,0,0,0,0
497,3,lower,0,0,0,0
497,4,upper,0,0,0,0
497,4,lower,0,0,0,0
497,5,upper,0,0,0,0
497,5,lower,0,0,0,0
497,6,upper,0,0,0,0
497,6,lower,0,0,0,0
497,7,upper,0,0,0,0
497,7,lower,0,0,0,0
497,8,upper,0,0,0,0
497,8,lower,0,0,0,0
498,1,upper,0,0,0,0
498,1,lower,0,0,0,0
498,2,upper,0,0,0,0
498,2,lower,0,0,0,0
498,3,upper,0,0,0,0
498,3,lower,0,0,0,0
498,4,upper,0,0,0,0
498,4,lower,0,0,0,0
498,5,upper,0,0,0,0
498,5,lower,0,0,0,0
498,6,upper,0,0,0,0
498,6,lower,0,0,0,0
498,7,upper,0,0,0,0
498,7,lower,0,0,0,0
498,8,upper,0,0,0,0
498,8,lower,0,0,0,0
499,1,upper,0,0,0,0
499,1,lower,0,0,0,0
499,2,upper,0,0,0,0
499,2,lower,0,0,0,0
499,3,upper,0,0,0,0
499,3,lower,0,0,0,0
499,4,upper,0,0,0,0
499,4,lower,0,0,0,0
499,5,upper,0,0,0,0
499,5,lower,0,0,0,0
499,6,upper,0,0,0,0
499,6,lower,0,0,0,0
499,7,upper,0,0,0,0
499,7,lower,0,0,0,0
499,8,upper,0,0,0,0
499,8,lower,0,0,0,0
500,1,upper,0,0,0,0
500,1,lower,0,0,0,0
500,2,upper,0,0,0,0
500,2,lower,0,0,0,0
500,3,upper,0,0,0,0
500,3,lower,0,0,0,0
500,4,upper,0,0,0,0
500,4,lower,0,0,0,0
500,5,upper,0,0,0,0
500,5,lower,0,0,0,0
500,6,upper,0,0,0,0
500,6,lower,0,0,0,0
500,7,upper,0,0,0,0
500,7,lower,0,0,0,0
500,8,upper,0,0,0,0
500,8,lower,0,0,0,0
501,1,upper,0,0,0,0
501,1,lower,0,0,0,0
501,2,upper,0,0,0,0
501,2,lower,0,0,0,0
501,3,upper,0,0,0,0
501,3,lower,0,0,0,0
501,4,upper,0,0,0,0
501,4,lower,0,0,0,0
501,5,upper,0,0,0,0
501,5,lower,0,0,0,0
501,6,upper,0,0,0,0
501,6,lower,0,0,0,0
501,7,upper,0,0,0,0
501,7,lower,0,0,0,0
501,8,upper,0,0,0,0
501,8,lower,0,0,0,0
502,1,upper,0,0,0,0
502,1,lower,0,0,0,0
502,2,upper,0,0,0,0
502,2,lower,0,0,0,0
502,3,upper,0,0,0,0
502,3,lower,0,0,0,0
502,4,upper,0,0,0,0
502,4,lower,0,0,0,0
502,5,upper,0,0,0,0
502,5,lower,0,0,0,0
502,6,upper,0,0,0,0
502,6,lower,0,0,0,0
502,7,upper,0,0,0,0
502,7,lower,0,0,0,0
502,8,upper,0,0,0,0
502,8,lower,0,0,0,0
503,1,upper,0,0,0,0
503,1,lower,0,0,0,0
503,2,upper,0,0,0,0
503,2,lower,0,0,0,0
503,3,upper,0,0,0,0
503,3,lower,0,0,0,0
503,4,upper,0,0,0,0
503,4,lower,0,0,0,0
503,5,upper,0,0,0,0
503,5,lower,0,0,0,0
503,6,upper,0,0,0,0
503,6,lower,0,0,0,0
503,7,upper,0,0,0,0
503,7,lower,0,0,0,0
503,8,upper,0,0,0,0
503,8,lower,0,0,0,0
504,1,upper,0,0,0,0
504,1,lower,0,0,0,0
504,2,upper,0,0,0,0
504,2,lower,0,0,0,0
504,3,upper,0,0,0,0
504,3,lower,0,0,0,0
504,4,upper,0,0,0,0
504,4,lower,0,0,0,0
504,5,upper,0,0,0,0
504,5,lower,0,0,0,0
504,6,upper,0,0,0,0
504,6,lower,0,0,0,0
504,7,upper,0,0,0,0
504,7,lower,0,0,0,0
504,8,upper,0,0,0,0
504,8,lower,0,0,0,0
505,1,upper,0,0,0,0
505,1,lower,0,0,0,0
505,2,upper,0,0,0,0
505,2,lower,0,0,0,0
505,3,upper,0,0,0,0
505,3,lower,0,0,0,0
505,4,upper,0,0,0,0
505,4,lower,0,0,0,0
505,5,upper,0,0,0,0
505,5,lower,0,0,0,0
505,6,upper,0,0,0,0
505,6,lower,0,0,0,0
505,7,upper,0,0,0,0
505,7,lower,0,0,0,0
505,8,upper,0,0,0,0
505,8,lower,0,0,0,0
506,1,upper,0,0,0,0
506,1,lower,0,0,0,0
506,2,upper,0,0,0,0
506,2,lower,0,0,0,0
506,3,upper,0,0,0,0
506,3,lower,0,0,0,0
506,4,upper,0,0,0,0
506,4,lower,0,0,0,0
506,5,upper,0,0,0,0
506,5,lower,0,0,0,0
506,6,upper,0,0,0,0
506,6,lower,0,0,0,0
506,7,upper,0,0,0,0
506,7,lower,0,0,0,0
506,8,upper,0,0,0,0
506,8,lower,0,0,0,0
507,1,upper,0,0,0,0
507,1,lower,0,0,0,0
507,2,upper,0,0,0,0
507,2,lower,0,0,0,0
507,3,upper,0,0,0,0
507,3,lower,0,0,0,0
507,4,upper,0,0,0,0
507,4,lower,0,0,0,0
507,5,upper,0,0,0,0
507,5,lower,0,0,0,0
507,6,upper,0,0,0,0
507,6,lower,0,0,0,0
507,7,upper,0,0,0,0
507,7,lower,0,0,0,0
507,8,upper,0,0,0,0
507,8,lower,0,0,0,0
508,1,upper,0,0,0,0
508,1,lower,0,0,0,0
508,2,upper,0,0,0,0
508,2,lower,0,0,0,0
508,3,upper,0,0,0,0
508,3,lower,0,0,0,0
508,4,upper,0,0,0,0
508,4,lower,0,0,0,0
508,5,upper,0,0,0,0
508,5,lower,0,0,0,0
508,6,upper,0,0,0,0
508,6,lower,0,0,0,0
508,7,upper,0,0,0,0
508,7,lower,0,0,0,0
508,8,upper,0,0,0,0
508,8,lower,0,0,0,0
509,1,upper,0,0,0,0
509,1,lower,0,0,0,0
509,2,upper,0,0,0,0
509,2,lower,0,0,0,0
509,3,upper,0,0,0,0
509,3,lower,0,0,0,0
509,4,upper,0,0,0,0
509,4,lower,0,0,0,0
509,5,upper,0,0,0,0
509,5,lower,0,0,0,0
509,6,upper,0,0,0,0
509,6,lower,0,0,0,0
509,7,upper,0,0,0,0
509,7,lower,0,0,0,0
509,8,upper,0,0,0,0
509,8,lower,0,0,0,0
510,1,upper,0,0,0,0
510,1,lower,0,0,0,0
510,2,upper,0,0,0,0
510,2,lower,0,0,0,0
510,3,upper,0,0,0,0
510,3,lower,0,0,0,0
510,4,upper,0,0,0,0
510,4,lower,0,0,0,0
510,5,upper,0,0,0,0
510,5,lower,0,0,0,0
510,6,upper,0,0,0,0
510,6,lower,0,0,0,0
510,7,upper,0,0,0,0
510,7,lower,0,0,0,0
510,8,upper,0,0,0,0
510,8,lower,0,0,0,0
511,1,upper,0,0,0,0
511,1,lower,0,0,0,0
511,2,upper,0,0,0,0
511,2,lower,0,0,0,0
511,3,upper,0,0,0,0
511,3,lower,0,0,0,0
511,4,upper,0,0,0,0
511,4,lower,0,0,0,0
511,5,upper,0,0,0,0
511,5,lower,0,0,0,0
511,6,upper,0,0,0,0
511,6,lower,0,0,0,0
511,7,upper,0,0,0,0
511,7,lower,0,0,0,0
511,8,upper,0,0,0,0
511,8,lower,0,0,0,0
512,1,upper,0,0,0,0
512,1,lower,0,0,0,0
512,2,upper,0,0,0,0
512,2,lower,0,0,0,0
512,3,upper,0,0,0,0
512,3,lower,0,0,0,0
512,4,upper,0,0,0,0
512,4,lower,0,0,0,0
512,5,upper,0,0,0,0
512,5,lower,0,0,0,0
512,6,upper,0,0,0,0
512,6,lower,0,0,0,0
512,7,upper,0,0,0,0
512,7,lower,0,0,0,0
512,8,upper,0,0,0,0
512,8,lower,0,0,0,0
513,1,upper,0,0,0,0
513,1,lower,0,0,0,0
513,2,upper,0,0,0,0
513,2,lower,0,0,0,0
513,3,upper,0,0,0,0
513,3,lower,0,0,0,0
513,4,upper,0,0,0,0
513,4,lower,0,0,0,0
513,5,upper,0,0,0,0
513,5,lower,0,0,0,0
513,6,upper,0,0,0,0
513,6,lower,0,0,0,0
513,7,upper,0,0,0,0
513,7,lower,0,0,0,0
513,8,upper,0,0,0,0
513,8,lower,0,0,0,0
514,1,upper,0,0,0,0
514,1,lower,0,0,0,0
514,2,upper,0,0,0,0
514,2,lower,0,0,0,0
514,3,upper,0,0,0,0
514,3,lower,0,0,0,0
514,4,upper,0,0,0,0
514,4,lower,0,0,0,0
514,5,upper,0,0,0,0
514,5,lower,0,0,0,0
514,6,upper,0,0,0,0
514,6,lower,0,0,0,0
514,7,upper,0,0,0,0
514,7,lower,0,0,0,0
514,8,upper,0,0,0,0
514,8,lower,0,0,0,0
515,1,upper,0,0,0,0
515,1,lower,0,0,0,0
515,2,upper,0,0,0,0
515,2,lower,0,0,0,0
515,3,upper,0,0,0,0
515,3,lower,0,0,0,0
515,4,upper,0,0,0,0
515,4,lower,0,0,0,0
515,5,upper,0,0,0,0
515,5,lower,0,0,0,0
515,6,upper,0,0,0,0
515,6,lower,0,0,0,0
515,7,upper,0,0,0,0
515,7,lower,0,0,0,0
515,8,upper,0,0,0,0
515,8,lower,0,0,0,0
516,1,upper,0,0,0,0
516,1,lower,0,0,0,0
516,2,upper,0,0,0,0
516,2,lower,0,0,0,0
516,3,upper,0,0,0,0
516,3,lower,0,0,0,0
516,4,upper,0,0,0,0
516,4,lower,0,0,0,0
516,5,upper,0,0,0,0
516,5,lower,0,0,0,0
516,6,upper,0,0,0,0
516,6,lower,0,0,0,0
516,7,upper,0,0,0,0
516,7,lower,0,0,0,0
516,8,upper,0,0,0,0
516,8,lower,0,0,0,0
517,1,upper,0,0,0,0
517,1,lower,0,0,0,0
517,2,upper,0,0,0,0
517,2,lower,0,0,0,0
517,3,upper,0,0,0,0
517,3,lower,0,0,0,0
517,4,upper,0,0,0,0
517,4,lower,0,0,0,0
517,5,upper,0,0,0,0
517,5,lower,0,0,0,0
517,6,upper,0,0,0,0
517,6,lower,0,0,0,0
517,7,upper,0,0,0,0
517,7,lower,0,0,0,0
517,8,upper,0,0,0,0
517,8,lower,0,0,0,0
518,1,upper,0,0,0,0
518,1,lower,0,0,0,0
518,2,upper,0,0,0,0
518,2,lower,0,0,0,0
518,3,upper,0,0,0,0
518,3,lower,0,0,0,0
518,4,upper,0,0,0,0
518,4,lower,0,0,0,0
518,5,upper,0,0,0,0
518,5,lower,0,0,0,0
518,6,upper,0,0,0,0
518,6,lower,0,0,0,0
518,7,upper,0,0,0,0
518,7,lower,0,0,0,0
518,8,upper,0,0,0,0
518,8,lower,0,0,0,0
519,1,upper,0,0,0,0
519,1,lower,0,0,0,0
519,2,upper,0,0,0,0
519,2,lower,0,0,0,0
519,3,upper,0,0,0,0
519,3,lower,0,0,0,0
519,4,upper,0,0,0,0
519,4,lower,0,0,0,0
519,5,upper,0,0,0,0
519,5,lower,0,0,0,0
519,6,upper,0,0,0,0
519,6,lower,0,0,0,0
519,7,upper,0,0,0,0
519,7,lower,0,0,0,0
519,8,upper,0,0,0,0
519,8,lower,0,0,0,0
520,1,upper,0,0,0,0
520,1,lower,0,0,0,0
520,2,upper,0,0,0,0
520,2,lower,0,0,0,0
520,3,upper,0,0,0,0
520,3,lower,0,0,0,0
520,4,upper,0,0,0,0
520,4,lower,0,0,0,0
520,5,upper,0,0,0,0
520,5,lower,0,0,0,0
520,6,upper,0,0,0,0
520,6,lower,0,0,0,0
520,7,upper,0,0,0,0
520,7,lower,0,0,0,0
520,8,upper,0,0,0,0
520,8,lower,0,0,0,0
521,1,upper,0,0,0,0
521,1,lower,0,0,0,0
521,2,upper,0,0,0,0
521,2,lower,0,0,0,0
521,3,upper,0,0,0,0
521,3,lower,0,0,0,0
521,4,upper,0,0,0,0
521,4,lower,0,0,0,0
521,5,upper,0,0,0,0
521,5,lower,0,0,0,0
521,6,upper,0,0,0,0
521,6,lower,0,0,0,0
521,7,upper,0,0,0,0
521,7,lower,0,0,0,0
521,8,upper,0,0,0,0
521,8,lower,0,0,0,0
522,1,upper,0,0,0,0
522,1,lower,0,0,0,0
522,2,upper,0,0,0,0
522,2,lower,0,0,0,0
522,3,upper,0,0,0,0
522,3,lower,0,0,0,0
522,4,upper,0,0,0,0
522,4,lower,0,0,0,0
522,5,upper,0,0,0,0
522,5,lower,0,0,0,0
522,6,upper,0,0,0,0
522,6,lower,0,0,0,0
522,7,upper,0,0,0,0
522,7,lower,0,0,0,0
522,8,upper,0,0,0,0
522,8,lower,0,0,0,0
523,1,upper,0,0,0,0
523,1,lower,0,0,0,0
523,2,upper,0,0,0,0
523,2,lower,0,0,0,0
523,3,upper,0,0,0,0
523,3,lower,0,0,0,0
523,4,upper,0,0,0,0
523,4,lower,0,0,0,0
523,5,upper,0,0,0,0
523,5,lower,0,0,0,0
523,6,upper,0,0,0,0
523,6,lower,0,0,0,0
523,7,upper,0,0,0,0
523,7,lower,0,0,0,0
523,8,upper,0,0,0,0
523,8,lower,0,0,0,0
524,1,upper,0,0,0,0
524,1,lower,0,0,0,0
524,2,upper,0,0,0,0
524,2,lower,0,0,0,0
524,3,upper,0,0,0,0
524,3,lower,0,0,0,0
524,4,upper,0,0,0,0
524,4,lower,0,0,0,0
524,5,upper,0,0,0,0
524,5,lower,0,0,0,0
524,6,upper,0,0,0,0
524,6,lower,0,0,0,0
524,7,upper,0,0,0,0
524,7,lower,0,0,0,0
524,8,upper,0,0,0,0
524,8,lower,0,0,0,0
525,1,upper,0,0,0,0
525,1,lower,0,0,0,0
525,2,upper,0,0,0,0
525,2,lower,0,0,0,0
525,3,upper,0,0,0,0
525,3,lower,0,0,0,0
525,4,upper,0,0,0,0
525,4,lower,0,0,0,0
525,5,upper,0,0,0,0
525,5,lower,0,0,0,0
525,6,upper,0,0,0,0
525,6,lower,0,0,0,0
525,7,upper,0,0,0,0
525,7,lower,0,0,0,0
525,8,upper,0,0,0,0
525,8,lower,0,0,0,0
526,1,upper,0,0,0,0
526,1,lower,0,0,0,0
526,2,upper,0,0,0,0
526,2,lower,0,0,0,0
526,3,upper,0,0,0,0
526,3,lower,0,0,0,0
526,4,upper,0,0,0,0
526,4,lower,0,0,0,0
526,5,upper,0,0,0,0
526,5,lower,0,0,0,0
526,6,upper,0,0,0,0
526,6,lower,0,0,0,0
526,7,upper,0,0,0,0
526,7,lower,0,0,0,0
526,8,upper,0,0,0,0
526,8,lower,0,0,0,0
527,1,upper,0,0,0,0
527,1,lower,0,0,0,0
527,2,upper,0,0,0,0
527,2,lower,0,0,0,0
527,3,upper,0,0,0,0
527,3,lower,0,0,0,0
527,4,upper,0,0,0,0
527,4,lower,0,0,0,0
527,5,upper,0,0,0,0
527,5,lower,0,0,0,0
527,6,upper,0,0,0,0
527,6,lower,0,0,0,0
527,7,upper,0,0,0,0
527,7,lower,0,0,0,0
527,8,upper,0,0,0,0
527,8,lower,0,0,0,0
528,1,upper,0,0,0,0
528,1,lower,0,0,0,0
528,2,upper,0,0,0,0
528,2,lower,0,0,0,0
528,3,upper,0,0,0,0
528,3,lower,0,0,0,0
528,4,upper,0,0,0,0
528,4,lower,0,0,0,0
528,5,upper,0,0,0,0
528,5,lower,0,0,0,0
528,6,upper,0,0,0,0
528,6,lower,0,0,0,0
528,7,upper,0,0,0,0
528,7,lower,0,0,0,0
528,8,upper,0,0,0,0
528,8,lower,0,0,0,0
529,1,upper,0,0,0,0
529,1,lower,0,0,0,0
529,2,upper,0,0,0,0
529,2,lower,0,0,0,0
529,3,upper,0,0,0,0
529,3,lower,0,0,0,0
529,4,upper,0,0,0,0
529,4,lower,0,0,0,0
529,5,upper,0,0,0,0
529,5,lower,0,0,0,0
529,6,upper,0,0,0,0
529,6,lower,0,0,0,0
529,7,upper,0,0,0,0
529,7,lower,0,0,0,0
529,8,upper,0,0,0,0
529,8,lower,0,0,0,0
530,1,upper,0,0,0,0
530,1,lower,0,0,0,0
530,2,upper,0,0,0,0
530,2,lower,0,0,0,0
530,3,upper,0,0,0,0
530,3,lower,0,0,0,0
530,4,upper,0,0,0,0
530,4,lower,0,0,0,0
530,5,upper,0,0,0,0
530,5,lower,0,0,0,0
530,6,upper,0,0,0,0
530,6,lower,0,0,0,0
530,7,upper,0,0,0,0
530,7,lower,0,0,0,0
530,8,upper,0,0,0,0
530,8,lower,0,0,0,0
531,1,upper,0,0,0,0
531,1,lower,0,0,0,0
531,2,upper,0,0,0,0
531,2,lower,0,0,0,0
531,3,upper,0,0,0,0
531,3,lower,0,0,0,0
531,4,upper,0,0,0,0
531,4,lower,0,0,0,0
531,5,upper,0,0,0,0
531,5,lower,0,0,0,0
531,6,upper,0,0,0,0
531,6,lower,0,0,0,0
531,7,upper,0,0,0,0
531,7,lower,0,0,0,0
531,8,upper,0,0,0,0
531,8,lower,0,0,0,0
532,1,upper,0,0,0,0
532,1,lower,0,0,0,0
532,2,upper,0,0,0,0
532,2,lower,0,0,0,0
532,3,upper,0,0,0,0
532,3,lower,0,0,0,0
532,4,upper,0,0,0,0
532,4,lower,0,0,0,0
532,5,upper,0,0,0,0
532,5,lower,0,0,0,0
532,6,upper,0,0,0,0
532,6,lower,0,0,0,0
532,7,upper,0,0,0,0
532,7,lower,0,0,0,0
532,8,upper,0,0,0,0
532,8,lower,0,0,0,0
533,1,upper,0,0,0,0
533,1,lower,0,0,0,0
533,2,upper,0,0,0,0
533,2,lower,0,0,0,0
533,3,upper,0,0,0,0
533,3,lower,0,0,0,0
533,4,upper,0,0,0,0
533,4,lower,0,0,0,0
533,5,upper,0,0,0,0
533,5,lower,0,0,0,0
533,6,upper,0,0,0,0
533,6,lower,0,0,0,0
533,7,upper,0,0,0,0
533,7,lower,0,0,0,0
533,8,upper,0,0,0,0
533,8,lower,0,0,0,0
534,1,upper,0,0,0,0
534,1,lower,0,0,0,0
534,2,upper,0,0,0,0
534,2,lower,0,0,0,0
534,3,upper,0,0,0,0
534,3,lower,0,0,0,0
534,4,upper,0,0,0,0
534,4,lower,0,0,0,0
534,5,upper,0,0,0,0
534,5,lower,0,0,0,0
534,6,upper,0,0,0,0
534,6,lower,0,0,0,0
534,7,upper,0,0,0,0
534,7,lower,0,0,0,0
534,8,upper,0,0,0,0
534,8,lower,0,0,0,0
535,1,upper,0,0,0,0
535,1,lower,0,0,0,0
535,2,upper,0,0,0,0
535,2,lower,0,0,0,0
535,3,upper,0,0,0,0
535,3,lower,0,0,0,0
535,4,upper,0,0,0,0
535,4,lower,0,0,0,0
535,5,upper,0,0,0,0
535,5,lower,0,0,0,0
535,6,upper,0,0,0,0
535,6,lower,0,0,0,0
535,7,upper,0,0,0,0
535,7,lower,0,0,0,0
535,8,upper,0,0,0,0
535,8,lower,0,0,0,0
536,1,upper,0,0,0,0
536,1,lower,0,0,0,0
536,2,upper,0,0,0,0
536,2,lower,0,0,0,0
536,3,upper,0,0,0,0
536,3,lower,0,0,0,0
536,4,upper,0,0,0,0
536,4,lower,0,0,0,0
536,5,upper,0,0,0,0
536,5,lower,0,0,0,0
536,6,upper,0,0,0,0
536,6,lower,0,0,0,0
536,7,upper,0,0,0,0
536,7,lower,0,0,0,0
536,8,upper,0,0,0,0
536,8,lower,0,0,0,0
537,1,upper,0,0,0,0
537,1,lower,0,0,0,0
537,2,upper,0,0,0,0
537,2,lower,0,0,0,0
537,3,upper,0,0,0,0
537,3,lower,0,0,0,0
537,4,upper,0,0,0,0
537,4,lower,0,0,0,0
537,5,upper,0,0,0,0
537,5,lower,0,0,0,0
537,6,upper,0,0,0,0
537,6,lower,0,0,0,0
537,7,upper,0,0,0,0
537,7,lower,0,0,0,0
537,8,upper,0,0,0,0
537,8,lower,0,0,0,0
538,1,upper,0,0,0,0
538,1,lower,0,0,0,0
538,2,upper,0,0,0,0
538,2,lower,0,0,0,0
538,3,upper,0,0,0,0
538,3,lower,0,0,0,0
538,4,upper,0,0,0,0
538,4,lower,0,0,0,0
538,5,upper,0,0,0,0
538,5,lower,0,0,0,0
538,6,upper,0,0,0,0
538,6,lower,0,0,0,0
538,7,upper,0,0,0,0
538,7,lower,0,0,0,0
538,8,upper,0,0,0,0
538,8,lower,0,0,0,0
539,1,upper,0,0,0,0
539,1,lower,0,0,0,0
539,2,upper,0,0,0,0
539,2,lower,0,0,0,0
539,3,upper,0,0,0,0
539,3,lower,0,0,0,0
539,4,upper,0,0,0,0
539,4,lower,0,0,0,0
539,5,upper,0,0,0,0
539,5,lower,0,0,0,0
539,6,upper,0,0,0,0
539,6,lower,0,0,0,0
539,7,upper,0,0,0,0
539,7,lower,0,0,0,0
539,8,upper,0,0,0,0
539,8,lower,0,0,0,0
540,1,upper,0,0,0,0
540,1,lower,0,0,0,0
540,2,upper,0,0,0,0
540,2,lower,0,0,0,0
540,3,upper,0,0,0,0
540,3,lower,0,0,0,0
540,4,upper,0,0,0,0
540,4,lower,0,0,0,0
540,5,upper,0,0,0,0
540,5,lower,0,0,0,0
540,6,upper,0,0,0,0
540,6,lower,0,0,0,0
540,7,upper,0,0,0,0
540,7,lower,0,0,0,0
540,8,upper,0,0,0,0
540,8,lower,0,0,0,0
541,1,upper,0,0,0,0
541,1,lower,0,0,0,0
541,2,upper,0,0,0,0
541,2,lower,0,0,0,0
541,3,upper,0,0,0,0
541,3,lower,0,0,0,0
541,4,upper,0,0,0,0
541,4,lower,0,0,0,0
541,5,upper,0,0,0,0
541,5,lower,0,0,0,0
541,6,upper,0,0,0,0
541,6,lower,0,0,0,0
541,7,upper,0,0,0,0
541,7,lower,0,0,0,0
541,8,upper,0,0,0,0
541,8,lower,0,0,0,0
542,1,upper,0,0,0,0
542,1,lower,0,0,0,0
542,2,upper,0,0,0,0
542,2,lower,0,0,0,0
542,3,upper,0,0,0,0
542,3,lower,0,0,0,0
542,4,upper,0,0,0,0
542,4,lower,0,0,0,0
542,5,upper,0,0,0,0
542,5,lower,0,0,0,0
542,6,upper,0,0,0,0
542,6,lower,0,0,0,0
542,7,upper,0,0,0,0
542,7,lower,0,0,0,0
542,8,upper,0,0,0,0
542,8,lower,0,0,0,0
543,1,upper,0,0,0,0
543,1,lower,0,0,0,0
543,2,upper,0,0,0,0
543,2,lower,0,0,0,0
543,3,upper,0,0,0,0
543,3,lower,0,0,0,0
543,4,upper,0,0,0,0
543,4,lower,0,0,0,0
543,5,upper,0,0,0,0
543,5,lower,0,0,0,0
543,6,upper,0,0,0,0
543,6,lower,0,0,0,0
543,7,upper,0,0,0,0
543,7,lower,0,0,0,0
543,8,upper,0,0,0,0
543,8,lower,0,0,0,0
544,1,upper,0,0,0,0
544,1,lower,0,0,0,0
544,2,upper,0,0,0,0
544,2,lower,0,0,0,0
544,3,upper,0,0,0,0
544,3,lower,0,0,0,0
544,4,upper,0,0,0,0
544,4,lower,0,0,0,0
544,5,upper,0,0,0,0
544,5,lower,0,0,0,0
544,6,upper,0,0,0,0
544,6,lower,0,0,0,0
544,7,upper,0,0,0,0
544,7,lower,0,0,0,0
544,8,upper,0,0,0,0
544,8,lower,0,0,0,0
545,1,upper,0,0,0,0
545,1,lower,0,0,0,0
545,2,upper,0,0,0,0
545,2,lower,0,0,0,0
545,3,upper,0,0,0,0
545,3,lower,0,0,0,0
545,4,upper,0,0,0,0
545,4,lower,0,0,0,0
545,5,upper,0,0,0,0
545,5,lower,0,0,0,0
545,6,upper,0,0,0,0
545,6,lower,0,0,0,0
545,7,upper,0,0,0,0
545,7,lower,0,0,0,0
545,8,upper,0,0,0,0
545,8,lower,0,0,0,0
546,1,upper,0,0,0,0
546,1,lower,0,0,0,0
546,2,upper,0,0,0,0
546,2,lower,0,0,0,0
546,3,upper,0,0,0,0
546,3,lower,0,0,0,0
546,4,upper,0,0,0,0
546,4,lower,0,0,0,0
546,5,upper,0,0,0,0
546,5,lower,0,0,0,0
546,6,upper,0,0,0,0
546,6,lower,0,0,0,0
546,7,upper,0,0,0,0
546,7,lower,0,0,0,0
546,8,upper,0,0,0,0
546,8,lower,0,0,0,0
547,1,upper,0,0,0,0
547,1,lower,0,0,0,0
547,2,upper,0,0,0,0
547,2,lower,0,0,0,0
547,3,upper,0,0,0,0
547,3,lower,0,0,0,0
547,4,upper,0,0,0,0
547,4,lower,0,0,0,0
547,5,upper,0,0,0,0
547,5,lower,0,0,0,0
547,6,upper,0,0,0,0
547,6,lower,0,0,0,0
547,7,upper,0,0,0,0
547,7,lower,0,0,0,0
547,8,upper,0,0,0,0
547,8,lower,0,0,0,0
548,1,upper,0,0,0,0
548,1,lower,0,0,0,0
548,2,upper,0,0,0,0
548,2,lower,0,0,0,0
548,3,upper,0,0,0,0
548,3,lower,0,0,0,0
548,4,upper,0,0,0,0
548,4,lower,0,0,0,0
548,5,upper,0,0,0,0
548,5,lower,0,0,0,0
548,6,upper,0,0,0,0
548,6,lower,0,0,0,0
548,7,upper,0,0,0,0
548,7,lower,0,0,0,0
548,8,upper,0,0,0,0
548,8,lower,0,0,0,0
549,1,upper,0,0,0,0
549,1,lower,0,0,0,0
549,2,upper,0,0,0,0
549,2,lower,0,0,0,0
549,3,upper,0,0,0,0
549,3,lower,0,0,0,0
549,4,upper,0,0,0,0
549,4,lower,0,0,0,0
549,5,upper,0,0,0,0
549,5,lower,0,0,0,0
549,6,upper,0,0,0,0
549,6,lower,0,0,0,0
549,7,upper,0,0,0,0
549,7,lower,0,0,0,0
549,8,upper,0,0,0,0
549,8,lower,0,0,0,0
550,1,upper,0,0,0,0
550,1,lower,0,0,0,0
550,2,upper,0,0,0,0
550,2,lower,0,0,0,0
550,3,upper,0,0,0,0
550,3,lower,0,0,0,0
550,4,upper,0,0,0,0
550,4,lower,0,0,0,0
550,5,upper,0,0,0,0
550,5,lower,0,0,0,0
550,6,upper,0,0,0,0
550,6,lower,0,0,0,0
550,7,upper,0,0,0,0
550,7,lower,0,0,0,0
550,8,upper,0,0,0,0
550,8,lower,0,0,0,0
551,1,upper,0,0,0,0
551,1,lower,0,0,0,0
551,2,upper,0,0,0,0
551,2,lower,0,0,0,0
551,3,upper,0,0,0,0
551,3,lower,0,0,0,0
551,4,upper,0,0,0,0
551,4,lower,0,0,0,0
551,5,upper,0,0,0,0
551,5,lower,0,0,0,0
551,6,upper,0,0,0,0
551,6,lower,0,0,0,0
551,7,upper,0,0,0,0
551,7,lower,0,0,0,0
551,8,upper,0,0,0,0
551,8,lower,0,0,0,0
552,1,upper,0,0,0,0
552,1,lower,0,0,0,0
552,2,upper,0,0,0,0
552,2,lower,0,0,0,0
552,3,upper,0,0,0,0
552,3,lower,0,0,0,0
552,4,upper,0,0,0,0
552,4,lower,0,0,0,0
552,5,upper,0,0,0,0
552,5,lower,0,0,0,0
552,6,upper,0,0,0,0
552,6,lower,0,0,0,0
552,7,upper,0,0,0,0
552,7,lower,0,0,0,0
552,8,upper,0,0,0,0
552,8,lower,0,0,0,0
553,1,upper,0,0,0,0
553,1,lower,0,0,0,0
553,2,upper,0,0,0,0
553,2,lower,0,0,0,0
553,3,upper,0,0,0,0
553,3,lower,0,0,0,0
553,4,upper,0,0,0,0
553,4,lower,0,0,0,0
553,5,upper,0,0,0,0
553,5,lower,0,0,0,0
553,6,upper,0,0,0,0
553,6,lower,0,0,0,0
553,7,upper,0,0,0,0
553,7,lower,0,0,0,0
553,8,upper,0,0,0,0
553,8,lower,0,0,0,0
554,1,upper,0,0,0,0
554,1,lower,0,0,0,0
554,2,upper,0,0,0,0
554,2,lower,0,0,0,0
554,3,upper,0,0,0,0
554,3,lower,0,0,0,0
554,4,upper,0,0,0,0
554,4,lower,0,0,0,0
554,5,upper,0,0,0,0
554,5,lower,0,0,0,0
554,6,upper,0,0,0,0
554,6,lower,0,0,0,0
554,7,upper,0,0,0,0
554,7,lower,0,0,0,0
554,8,upper,0,0,0,0
554,8,lower,0,0,0,0
555,1,upper,0,0,0,0
555,1,lower,0,0,0,0
555,2,upper,0,0,0,0
555,2,lower,0,0,0,0
555,3,upper,0,0,0,0
555,3,lower,0,0,0,0
555,4,upper,0,0,0,0
555,4,lower,0,0,0,0
555,5,upper,0,0,0,0
555,5,lower,0,0,0,0
555,6,upper,0,0,0,0
555,6,lower,0,0,0,0
555,7,upper,0,0,0,0
555,7,lower,0,0,0,0
555,8,upper,0,0,0,0
555,8,lower,0,0,0,0
556,1,upper,0,0,0,0
556,1,lower,0,0,0,0
556,2,upper,0,0,0,0
556,2,lower,0,0,0,0
556,3,upper,0,0,0,0
556,3,lower,0,0,0,0
556,4,upper,0,0,0,0
556,4,lower,0,0,0,0
556,5,upper,0,0,0,0
556,5,lower,0,0,0,0
556,6,upper,0,0,0,0
556,6,lower,0,0,0,0
556,7,upper,0,0,0,0
556,7,lower,0,0,0,0
556,8,upper,0,0,0,0
556,8,lower,0,0,0,0
557,1,upper,0,0,0,0
557,1,lower,0,0,0,0
557,2,upper,0,0,0,0
557,2,lower,0,0,0,0
557,3,upper,0,0,0,0
557,3,lower,0,0,0,0
557,4,upper,0,0,0,0
557,4,lower,0,0,0,0
557,5,upper,0,0,0,0
557,5,lower,0,0,0,0
557,6,upper,0,0,0,0
557,6,lower,0,0,0,0
557,7,upper,0,0,0,0
557,7,lower,0,0,0,0
557,8,upper,0,0,0,0
557,8,lower,0,0,0,0
558,1,upper,0,0,0,0
558,1,lower,0,0,0,0
558,2,upper,0,0,0,0
558,2,lower,0,0,0,0
558,3,upper,0,0,0,0
558,3,lower,0,0,0,0
558,4,upper,0,0,0,0
558,4,lower,0,0,0,0
558,5,upper,0,0,0,0
558,5,lower,0,0,0,0
558,6,upper,0,0,0,0
558,6,lower,0,0,0,0
558,7,upper,0,0,0,0
558,7,lower,0,0,0,0
558,8,upper,0,0,0,0
558,8,lower,0,0,0,0
559,1,upper,0,0,0,0
559,1,lower,0,0,0,0
559,2,upper,0,0,0,0
559,2,lower,0,0,0,0
559,3,upper,0,0,0,0
559,3,lower,0,0,0,0
559,4,upper,0,0,0,0
559,4,lower,0,0,0,0
559,5,upper,0,0,0,0
559,5,lower,0,0,0,0
559,6,upper,0,0,0,0
559,6,lower,0,0,0,0
559,7,upper,0,0,0,0
559,7,lower,0,0,0,0
559,8,upper,0,0,0,0
559,8,lower,0,0,0,0
560,1,upper,0,0,0,0
560,1,lower,0,0,0,0
560,2,upper,0,0,0,0
560,2,lower,0,0,0,0
560,3,upper,0,0,0,0
560,3,lower,0,0,0,0
560,4,upper,0,0,0,0
560,4,lower,0,0,0,0
560,5,upper,0,0,0,0
560,5,lower,0,0,0,0
560,6,upper,0,0,0,0
560,6,lower,0,0,0,0
560,7,upper,0,0,0,0
560,7,lower,0,0,0,0
560,8,upper,0,0,0,0
560,8,lower,0,0,0,0
561,1,upper,0,0,0,0
561,1,lower,0,0,0,0
561,2,upper,0,0,0,0
561,2,lower,0,0,0,0
561,3,upper,0,0,0,0
561,3,lower,0,0,0,0
561,4,upper,0,0,0,0
561,4,lower,0,0,0,0
561,5,upper,0,0,0,0
561,5,lower,0,0,0,0
561,6,upper,0,0,0,0
561,6,lower,0,0,0,0
561,7,upper,0,0,0,0
561,7,lower,0,0,0,0
561,8,upper,0,0,0,0
561,8,lower,0,0,0,0
562,1,upper,0,0,0,0
562,1,lower,0,0,0,0
562,2,upper,0,0,0,0
562,2,lower,0,0,0,0
562,3,upper,0,0,0,0
562,3,lower,0,0,0,0
562,4,upper,0,0,0,0
562,4,lower,0,0,0,0
562,5,upper,0,0,0,0
562,5,lower,0,0,0,0
562,6,upper,0,0,0,0
562,6,lower,0,0,0,0
562,7,upper,0,0,0,0
562,7,lower,0,0,0,0
562,8,upper,0,0,0,0
562,8,lower,0,0,0,0
563,1,upper,0,0,0,0
563,1,lower,0,0,0,0
563,2,upper,0,0,0,0
563,2,lower,0,0,0,0
563,3,upper,0,0,0,0
563,3,lower,0,0,0,0
563,4,upper,0,0,0,0
563,4,lower,0,0,0,0
563,5,upper,0,0,0,0
563,5,lower,0,0,0,0
563,6,upper,0,0,0,0
563,6,lower,0,0,0,0
563,7,upper,0,0,0,0
563,7,lower,0,0,0,0
563,8,upper,0,0,0,0
563,8,lower,0,0,0,0
564,1,upper,0,0,0,0
564,1,lower,0,0,0,0
564,2,upper,0,0,0,0
564,2,lower,0,0,0,0
564,3,upper,0,0,0,0
564,3,lower,0,0,0,0
564,4,upper,0,0,0,0
564,4,lower,0,0,0,0
564,5,upper,0,0,0,0
564,5,lower,0,0,0,0
564,6,upper,0,0,0,0
564,6,lower,0,0,0,0
564,7,upper,0,0,0,0
564,7,lower,0,0,0,0
564,8,upper,0,0,0,0
564,8,lower,0,0,0,0
565,1,upper,0,0,0,0
565,1,lower,0,0,0,0
565,2,upper,0,0,0,0
565,2,lower,0,0,0,0
565,3,upper,0,0,0,0
565,3,lower,0,0,0,0
565,4,upper,0,0,0,0
565,4,lower,0,0,0,0
565,5,upper,0,0,0,0
565,5,lower,0,0,0,0
565,6,upper,0,0,0,0
565,6,lower,0,0,0,0
565,7,upper,0,0,0,0
565,7,lower,0,0,0,0
565,8,upper,0,0,0,0
565,8,lower,0,0,0,0
566,1,upper,0,0,0,0
566,1,lower,0,0,0,0
566,2,upper,0,0,0,0
566,2,lower,0,0,0,0
566,3,upper,0,0,0,0
566,3,lower,0,0,0,0
566,4,upper,0,0,0,0
566,4,lower,0,0,0,0
566,5,upper,0,0,0,0
566,5,lower,0,0,0,0
566,6,upper,0,0,0,0
566,6,lower,0,0,0,0
566,7,upper,0,0,0,0
566,7,lower,0,0,0,0
566,8,upper,0,0,0,0
566,8,lower,0,0,0,0
567,1,upper,0,0,0,0
567,1,lower,0,0,0,0
567,2,upper,0,0,0,0
567,2,lower,0,0,0,0
567,3,upper,0,0,0,0
567,3,lower,0,0,0,0
567,4,upper,0,0,0,0
567,4,lower,0,0,0,0
567,5,upper,0,0,0,0
567,5,lower,0,0,0,0
567,6,upper,0,0,0,0
567,6,lower,0,0,0,0
567,7,upper,0,0,0,0
567,7,lower,0,0,0,0
567,8,upper,0,0,0,0
567,8,lower,0,0,0,0
568,1,upper,0,0,0,0
568,1,lower,0,0,0,0
568,2,upper,0,0,0,0
568,2,lower,0,0,0,0
568,3,upper,0,0,0,0
568,3,lower,0,0,0,0
568,4,upper,0,0,0,0
568,4,lower,0,0,0,0
568,5,upper,0,0,0,0
568,5,lower,0,0,0,0
568,6,upper,0,0,0,0
568,6,lower,0,0,0,0
568,7,upper,0,0,0,0
568,7,lower,0,0,0,0
568,8,upper,0,0,0,0
568,8,lower,0,0,0,0
569,1,upper,0,0,0,0
569,1,lower,0,0,0,0
569,2,upper,0,0,0,0
569,2,lower,0,0,0,0
569,3,upper,0,0,0,0
569,3,lower,0,0,0,0
569,4,upper,0,0,0,0
569,4,lower,0,0,0,0
569,5,upper,0,0,0,0
569,5,lower,0,0,0,0
569,6,upper,0,0,0,0
569,6,lower,0,0,0,0
569,7,upper,0,0,0,0
569,7,lower,0,0,0,0
569,8,upper,0,0,0,0
569,8,lower,0,0,0,0
570,1,upper,0,0,0,0
570,1,lower,0,0,0,0
570,2,upper,0,0,0,0
570,2,lower,0,0,0,0
570,3,upper,0,0,0,0
570,3,lower,0,0,0,0
570,4,upper,0,0,0,0
570,4,lower,0,0,0,0
570,5,upper,0,0,0,0
570,5,lower,0,0,0,0
570,6,upper,0,0,0,0
570,6,lower,0,0,0,0
570,7,upper,0,0,0,0
570,7,lower,0,0,0,0
570,8,upper,0,0,0,0
570,8,lower,0,0,0,0
571,1,upper,0,0,0,0
571,1,lower,0,0,0,0
571,2,upper,0,0,0,0
571,2,lower,0,0,0,0
571,3,upper,0,0,0,0
571,3,lower,0,0,0,0
571,4,upper,0,0,0,0
571,4,lower,0,0,0,0
571,5,upper,0,0,0,0
571,5,lower,0,0,0,0
571,6,upper,0,0,0,0
571,6,lower,0,0,0,0
571,7,upper,0,0,0,0
571,7,lower,0,0,0,0
571,8,upper,0,0,0,0
571,8,lower,0,0,0,0
572,1,upper,0,0,0,0
572,1,lower,0,0,0,0
572,2,upper,0,0,0,0
572,2,lower,0,0,0,0
572,3,upper,0,0,0,0
572,3,lower,0,0,0,0
572,4,upper,0,0,0,0
572,4,lower,0,0,0,0
572,5,upper,0,0,0,0
572,5,lower,0,0,0,0
572,6,upper,0,0,0,0
572,6,lower,0,0,0,0
572,7,upper,0,0,0,0
572,7,lower,0,0,0,0
572,8,upper,0,0,0,0
572,8,lower,0,0,0,0
573,1,upper,0,0,0,0
573,1,lower,0,0,0,0
573,2,upper,0,0,0,0
573,2,lower,0,0,0,0
573,3,upper,0,0,0,0
573,3,lower,0,0,0,0
573,4,upper,0,0,0,0
573,4,lower,0,0,0,0
573,5,upper,0,0,0,0
573,5,lower,0,0,0,0
573,6,upper,0,0,0,0
573,6,lower,0,0,0,0
573,7,upper,0,0,0,0
573,7,lower,0,0,0,0
573,8,upper,0,0,0,0
573,8,lower,0,0,0,0
574,1,upper,0,0,0,0
574,1,lower,0,0,0,0
574,2,upper,0,0,0,0
574,2,lower,0,0,0,0
574,3,upper,0,0,0,0
574,3,lower,0,0,0,0
574,4,upper,0,0,0,0
574,4,lower,0,0,0,0
574,5,upper,0,0,0,0
574,5,lower,0,0,0,0
574,6,upper,0,0,0,0
574,6,lower,0,0,0,0
574,7,upper,0,0,0,0
574,7,lower,0,0,0,0
574,8,upper,0,0,0,0
574,8,lower,0,0,0,0
575,1,upper,0,0,0,0
575,1,lower,0,0,0,0
575,2,upper,0,0,0,0
575,2,lower,0,0,0,0
575,3,upper,0,0,0,0
575,3,lower,0,0,0,0
575,4,upper,0,0,0,0
575,4,lower,0,0,0,0
575,5,upper,0,0,0,0
575,5,lower,0,0,0,0
575,6,upper,0,0,0,0
575,6,lower,0,0,0,0
575,7,upper,0,0,0,0
575,7,lower,0,0,0,0
575,8,upper,0,0,0,0
575,8,lower,0,0,0,0
576,1,upper,0,0,0,0
576,1,lower,0,0,0,0
576,2,upper,0,0,0,0
576,2,lower,0,0,0,0
576,3,upper,0,0,0,0
576,3,lower,0,0,0,0
576,4,upper,0,0,0,0
576,4,lower,0,0,0,0
576,5,upper,0,0,0,0
576,5,lower,0,0,0,0
576,6,upper,0,0,0,0
576,6,lower,0,0,0,0
576,7,upper,0,0,0,0
576,7,lower,0,0,0,0
576,8,upper,0,0,0,0
576,8,lower,0,0,0,0
577,1,upper,0,0,0,0
577,1,lower,0,0,0,0
577,2,upper,0,0,0,0
577,2,lower,0,0,0,0
577,3,upper,0,0,0,0
577,3,lower,0,0,0,0
577,4,upper,0,0,0,0
577,4,lower,0,0,0,0
577,5,upper,0,0,0,0
577,5,lower,0,0,0,0
577,6,upper,0,0,0,0
577,6,lower,0,0,0,0
577,7,upper,0,0,0,0
577,7,lower,0,0,0,0
577,8,upper,0,0,0,0
577,8,lower,0,0,0,0
578,1,upper,0,0,0,0
578,1,lower,0,0,0,0
578,2,upper,0,0,0,0
578,2,lower,0,0,0,0
578,3,upper,0,0,0,0
578,3,lower,0,0,0,0
578,4,upper,0,0,0,0
578,4,lower,0,0,0,0
578,5,upper,0,0,0,0
578,5,lower,0,0,0,0
578,6,upper,0,0,0,0
578,6,lower,0,0,0,0
578,7,upper,0,0,0,0
578,7,lower,0,0,0,0
578,8,upper,0,0,0,0
578,8,lower,0,0,0,0
579,1,upper,0,0,0,0
579,1,lower,0,0,0,0
579,2,upper,0,0,0,0
579,2,lower,0,0,0,0
579,3,upper,0,0,0,0
579,3,lower,0,0,0,0
579,4,upper,0,0,0,0
579,4,lower,0,0,0,0
579,5,upper,0,0,0,0
579,5,lower,0,0,0,0
579,6,upper,0,0,0,0
579,6,lower,0,0,0,0
579,7,upper,0,0,0,0
579,7,lower,0,0,0,0
579,8,upper,0,0,0,0
579,8,lower,0,0,0,0
580,1,upper,0,0,0,0
580,1,lower,0,0,0,0
580,2,upper,0,0,0,0
580,2,lower,0,0,0,0
580,3,upper,0,0,0,0
580,3,lower,0,0,0,0
580,4,upper,0,0,0,0
580,4,lower,0,0,0,0
580,5,upper,0,0,0,0
580,5,lower,0,0,0,0
580,6,upper,0,0,0,0
580,6,lower,0,0,0,0
580,7,upper,0,0,0,0
580,7,lower,0,0,0,0
580,8,upper,0,0,0,0
580,8,lower,0,0,0,0
581,1,upper,0,0,0,0
581,1,lower,0,0,0,0
581,2,upper,0,0,0,0
581,2,lower,0,0,0,0
581,3,upper,0,0,0,0
581,3,lower,0,0,0,0
581,4,upper,0,0,0,0
581,4,lower,0,0,0,0
581,5,upper,0,0,0,0
581,5,lower,0,0,0,0
581,6,upper,0,0,0,0
581,6,lower,0,0,0,0
581,7,upper,0,0,0,0
581,7,lower,0,0,0,0
581,8,upper,0,0,0,0
581,8,lower,0,0,0,0
582,1,upper,0,0,0,0
582,1,lower,0,0,0,0
582,2,upper,0,0,0,0
582,2,lower,0,0,0,0
582,3,upper,0,0,0,0
582,3,lower,0,0,0,0
582,4,upper,0,0,0,0
582,4,lower,0,0,0,0
582,5,upper,0,0,0,0
582,5,lower,0,0,0,0
582,6,upper,0,0,0,0
582,6,lower,0,0,0,0
582,7,upper,0,0,0,0
582,7,lower,0,0,0,0
582,8,upper,0,0,0,0
582,8,lower,0,0,0,0
583,1,upper,0,0,0,0
583,1,lower,0,0,0,0
583,2,upper,0,0,0,0
583,2,lower,0,0,0,0
583,3,upper,0,0,0,0
583,3,lower,0,0,0,0
583,4,upper,0,0,0,0
583,4,lower,0,0,0,0
583,5,upper,0,0,0,0
583,5,lower,0,0,0,0
583,6,upper,0,0,0,0
583,6,lower,0,0,0,0
583,7,upper,0,0,0,0
583,7,lower,0,0,0,0
583,8,upper,0,0,0,0
583,8,lower,0,0,0,0
584,1,upper,0,0,0,0
584,1,lower,0,0,0,0
584,2,upper,0,0,0,0
584,2,lower,0,0,0,0
584,3,upper,0,0,0,0
584,3,lower,0,0,0,0
584,4,upper,0,0,0,0
584,4,lower,0,0,0,0
584,5,upper,0,0,0,0
584,5,lower,0,0,0,0
584,6,upper,0,0,0,0
584,6,lower,0,0,0,0
584,7,upper,0,0,0,0
584,7,lower,0,0,0,0
584,8,upper,0,0,0,0
584,8,lower,0,0,0,0
585,1,upper,0,0,0,0
585,1,lower,0,0,0,0
585,2,upper,0,0,0,0
585,2,lower,0,0,0,0
585,3,upper,0,0,0,0
585,3,lower,0,0,0,0
585,4,upper,0,0,0,0
585,4,lower,0,0,0,0
585,5,upper,0,0,0,0
585,5,lower,0,0,0,0
585,6,upper,0,0,0,0
585,6,lower,0,0,0,0
585,7,upper,0,0,0,0
585,7,lower,0,0,0,0
585,8,upper,0,0,0,0
585,8,lower,0,0,0,0
586,1,upper,0,0,0,0
586,1,lower,0,0,0,0
586,2,upper,0,0,0,0
586,2,lower,0,0,0,0
586,3,upper,0,0,0,0
586,3,lower,0,0,0,0
586,4,upper,0,0,0,0
586,4,lower,0,0,0,0
586,5,upper,0,0,0,0
586,5,lower,0,0,0,0
586,6,upper,0,0,0,0
586,6,lower,0,0,0,0
586,7,upper,0,0,0,0
586,7,lower,0,0,0,0
586,8,upper,0,0,0,0
586,8,lower,0,0,0,0
587,1,upper,0,0,0,0
587,1,lower,0,0,0,0
587,2,upper,0,0,0,0
587,2,lower,0,0,0,0
587,3,upper,0,0,0,0
587,3,lower,0,0,0,0
587,4,upper,0,0,0,0
587,4,lower,0,0,0,0
587,5,upper,0,0,0,0
587,5,lower,0,0,0,0
587,6,upper,0,0,0,0
587,6,lower,0,0,0,0
587,7,upper,0,0,0,0
587,7,lower,0,0,0,0
587,8,upper,0,0,0,0
587,8,lower,0,0,0,0
588,1,upper,0,0,0,0
588,1,lower,0,0,0,0
588,2,upper,0,0,0,0
588,2,lower,0,0,0,0
588,3,upper,0,0,0,0
588,3,lower,0,0,0,0
588,4,upper,0,0,0,0
588,4,lower,0,0,0,0
588,5,upper,0,0,0,0
588,5,lower,0,0,0,0
588,6,upper,0,0,0,0
588,6,lower,0,0,0,0
588,7,upper,0,0,0,0
588,7,lower,0,0,0,0
588,8,upper,0,0,0,0
588,8,lower,0,0,0,0
589,1,upper,0,0,0,0
589,1,lower,0,0,0,0
589,2,upper,0,0,0,0
589,2,lower,0,0,0,0
589,3,upper,0,0,0,0
589,3,lower,0,0,0,0
589,4,upper,0,0,0,0
589,4,lower,0,0,0,0
589,5,upper,0,0,0,0
589,5,lower,0,0,0,0
589,6,upper,0,0,0,0
589,6,lower,0,0,0,0
589,7,upper,0,0,0,0
589,7,lower,0,0,0,0
589,8,upper,0,0,0,0
589,8,lower,0,0,0,0
590,1,upper,0,0,0,0
590,1,lower,0,0,0,0
590,2,upper,0,0,0,0
590,2,lower,0,0,0,0
590,3,upper,0,0,0,0
590,3,lower,0,0,0,0
590,4,upper,0,0,0,0
590,4,lower,0,0,0,0
590,5,upper,0,0,0,0
590,5,lower,0,0,0,0
590,6,upper,0,0,0,0
590,6,lower,0,0,0,0
590,7,upper,0,0,0,0
590,7,lower,0,0,0,0
590,8,upper,0,0,0,0
590,8,lower,0,0,0,0
591,1,upper,0,0,0,0
591,1,lower,0,0,0,0
591,2,upper,0,0,0,0
591,2,lower,0,0,0,0
591,3,upper,0,0,0,0
591,3,lower,0,0,0,0
591,4,upper,0,0,0,0
591,4,lower,0,0,0,0
591,5,upper,0,0,0,0
591,5,lower,0,0,0,0
591,6,upper,0,0,0,0
591,6,lower,0,0,0,0
591,7,upper,0,0,0,0
591,7,lower,0,0,0,0
591,8,upper,0,0,0,0
591,8,lower,0,0,0,0
592,1,upper,0,0,0,0
592,1,lower,0,0,0,0
592,2,upper,0,0,0,0
592,2,lower,0,0,0,0
592,3,upper,0,0,0,0
592,3,lower,0,0,0,0
592,4,upper,0,0,0,0
592,4,lower,0,0,0,0
592,5,upper,0,0,0,0
592,5,lower,0,0,0,0
592,6,upper,0,0,0,0
592,6,lower,0,0,0,0
592,7,upper,0,0,0,0
592,7,lower,0,0,0,0
592,8,upper,0,0,0,0
592,8,lower,0,0,0,0
593,1,upper,0,0,0,0
593,1,lower,0,0,0,0
593,2,upper,0,0,0,0
593,2,lower,0,0,0,0
593,3,upper,0,0,0,0
593,3,lower,0,0,0,0
593,4,upper,0,0,0,0
593,4,lower,0,0,0,0
593,5,upper,0,0,0,0
593,5,lower,0,0,0,0
593,6,upper,0,0,0,0
593,6,lower,0,0,0,0
593,7,upper,0,0,0,0
593,7,lower,0,0,0,0
593,8,upper,0,0,0,0
593,8,lower,0,0,0,0
594,1,upper,0,0,0,0
594,1,lower,0,0,0,0
594,2,upper,0,0,0,0
594,2,lower,0,0,0,0
594,3,upper,0,0,0,0
594,3,lower,0,0,0,0
594,4,upper,0,0,0,0
594,4,lower,0,0,0,0
594,5,upper,0,0,0,0
594,5,lower,0,0,0,0
594,6,upper,0,0,0,0
594,6,lower,0,0,0,0
594,7,upper,0,0,0,0
594,7,lower,0,0,0,0
594,8,upper,0,0,0,0
594,8,lower,0,0,0,0
595,1,upper,0,0,0,0
595,1,lower,0,0,0,0
595,2,upper,0,0,0,0
595,2,lower,0,0,0,0
595,3,upper,0,0,0,0
595,3,lower,0,0,0,0
595,4,upper,0,0,0,0
595,4,lower,0,0,0,0
595,5,upper,0,0,0,0
595,5,lower,0,0,0,0
595,6,upper,0,0,0,0
595,6,lower,0,0,0,0
595,7,upper,0,0,0,0
595,7,lower,0,0,0,0
595,8,upper,0,0,0,0
595,8,lower,0,0,0,0
596,1,upper,0,0,0,0
596,1,lower,0,0,0,0
596,2,upper,0,0,0,0
596,2,lower,0,0,0,0
596,3,upper,0,0,0,0
596,3,lower,0,0,0,0
596,4,upper,0,0,0,0
596,4,lower,0,0,0,0
596,5,upper,0,0,0,0
596,5,lower,0,0,0,0
596,6,upper,0,0,0,0
596,6,lower,0,0,0,0
596,7,upper,0,0,0,0
596,7,lower,0,0,0,0
596,8,upper,0,0,0,0
596,8,lower,0,0,0,0
597,1,upper,0,0,0,0
597,1,lower,0,0,0,0
597,2,upper,0,0,0,0
597,2,lower,0,0,0,0
597,3,upper,0,0,0,0
597,3,lower,0,0,0,0
597,4,upper,0,0,0,0
597,4,lower,0,0,0,0
597,5,upper,0,0,0,0
597,5,lower,0,0,0,0
597,6,upper,0,0,0,0
597,6,lower,0,0,0,0
597,7,upper,0,0,0,0
597,7,lower,0,0,0,0
597,8,upper,0,0,0,0
597,8,lower,0,0,0,0
598,1,upper,0,0,0,0
598,1,lower,0,0,0,0
598,2,upper,0,0,0,0
598,2,lower,0,0,0,0
598,3,upper,0,0,0,0
598,3,lower,0,0,0,0
598,4,upper,0,0,0,0
598,4,lower,0,0,0,0
598,5,upper,0,0,0,0
598,5,lower,0,0,0,0
598,6,upper,0,0,0,0
598,6,lower,0,0,0,0
598,7,upper,0,0,0,0
598,7,lower,0,0,0,0
598,8,upper,0,0,0,0
598,8,lower,0,0,0,0
599,1,upper,0,0,0,0
599,1,lower,0,0,0,0
599,2,upper,0,0,0,0
599,2,lower,0,0,0,0
599,3,upper,0,0,0,0
599,3,lower,0,0,0,0
599,4,upper,0,0,0,0
599,4,lower,0,0,0,0
599,5,upper,0,0,0,0
599,5,lower,0,0,0,0
599,6,upper,0,0,0,0
599,6,lower,0,0,0,0
599,7,upper,0,0,0,0
599,7,lower,0,0,0,0
599,8,upper,0,0,0,0
599,8,lower,0,0,0,0
600,1,upper,0,0,0,0
600,1,lower,0,0,0,0
600,2,upper,0,0,0,0
600,2,lower,0,0,0,0
600,3,upper,0,0,0,0
600,3,lower,0,0,0,0
600,4,upper,0,0,0,0
600,4,lower,0,0,0,0
600,5,upper,0,0,0,0
600,5,lower,0,0,0,0
600,6,upper,0,0,0,0
600,6,lower,0,0,0,0
600,7,upper,0,0,0,0
600,7,lower,0,0,0,0
600,8,upper,0,0,0,0
600,8,lower,0,0,0,0
601,1,upper,0,0,0,0
601,1,lower,0,0,0,0
601,2,upper,0,0,0,0
601,2,lower,0,0,0,0
601,3,upper,0,0,0,0
601,3,lower,0,0,0,0
601,4,upper,0,0,0,0
601,4,lower,0,0,0,0
601,5,upper,0,0,0,0
601,5,lower,0,0,0,0
601,6,upper,0,0,0,0
601,6,lower,0,0,0,0
601,7,upper,0,0,0,0
601,7,lower,0,0,0,0
601,8,upper,0,0,0,0
601,8,lower,0,0,0,0
602,1,upper,0,0,0,0
602,1,lower,0,0,0,0
602,2,upper,0,0,0,0
602,2,lower,0,0,0,0
602,3,upper,0,0,0,0
602,3,lower,0,0,0,0
602,4,upper,0,0,0,0
602,4,lower,0,0,0,0
602,5,upper,0,0,0,0
602,5,lower,0,0,0,0
602,6,upper,0,0,0,0
602,6,lower,0,0,0,0
602,7,upper,0,0,0,0
602,7,lower,0,0,0,0
602,8,upper,0,0,0,0
602,8,lower,0,0,0,0
603,1,upper,0,0,0,0
603,1,lower,0,0,0,0
603,2,upper,0,0,0,0
603,2,lower,0,0,0,0
603,3,upper,0,0,0,0
603,3,lower,0,0,0,0
603,4,upper,0,0,0,0
603,4,lower,0,0,0,0
603,5,upper,0,0,0,0
603,5,lower,0,0,0,0
603,6,upper,0,0,0,0
603,6,lower,0,0,0,0
603,7,upper,0,0,0,0
603,7,lower,0,0,0,0
603,8,upper,0,0,0,0
603,8,lower,0,0,0,0
604,1,upper,0,0,0,0
604,1,lower,0,0,0,0
604,2,upper,0,0,0,0
604,2,lower,0,0,0,0
604,3,upper,0,0,0,0
604,3,lower,0,0,0,0
604,4,upper,0,0,0,0
604,4,lower,0,0,0,0
604,5,upper,0,0,0,0
604,5,lower,0,0,0,0
604,6,upper,0,0,0,0
604,6,lower,0,0,0,0
604,7,upper,0,0,0,0
604,7,lower,0,0,0,0
604,8,upper,0,0,0,0
604,8,lower,0,0,0,0
605,1,upper,0,0,0,0
605,1,lower,0,0,0,0
605,2,upper,0,0,0,0
605,2,lower,0,0,0,0
605,3,upper,0,0,0,0
605,3,lower,0,0,0,0
605,4,upper,0,0,0,0
605,4,lower,0,0,0,0
605,5,upper,0,0,0,0
605,5,lower,0,0,0,0
605,6,upper,0,0,0,0
605,6,lower,0,0,0,0
605,7,upper,0,0,0,0
605,7,lower,0,0,0,0
605,8,upper,0,0,0,0
605,8,lower,0,0,0,0
606,1,upper,0,0,0,0
606,1,lower,0,0,0,0
606,2,upper,0,0,0,0
606,2,lower,0,0,0,0
606,3,upper,0,0,0,0
606,3,lower,0,0,0,0
606,4,upper,0,0,0,0
606,4,lower,0,0,0,0
606,5,upper,0,0,0,0
606,5,lower,0,0,0,0
606,6,upper,0,0,0,0
606,6,lower,0,0,0,0
606,7,upper,0,0,0,0
606,7,lower,0,0,0,0
606,8,upper,0,0,0,0
606,8,lower,0,0,0,0
607,1,upper,0,0,0,0
607,1,lower,0,0,0,0
607,2,upper,0,0,0,0
607,2,lower,0,0,0,0
607,3,upper,0,0,0,0
607,3,lower,0,0,0,0
607,4,upper,0,0,0,0
607,4,lower,0,0,0,0
607,5,upper,0,0,0,0
607,5,lower,0,0,0,0
607,6,upper,0,0,0,0
607,6,lower,0,0,0,0
607,7,upper,0,0,0,0
607,7,lower,0,0,0,0
607,8,upper,0,0,0,0
607,8,lower,0,0,0,0
608,1,upper,0,0,0,0
608,1,lower,0,0,0,0
608,2,upper,0,0,0,0
608,2,lower,0,0,0,0
608,3,upper,0,0,0,0
608,3,lower,0,0,0,0
608,4,upper,0,0,0,0
608,4,lower,0,0,0,0
608,5,upper,0,0,0,0
608,5,lower,0,0,0,0
608,6,upper,0,0,0,0
608,6,lower,0,0,0,0
608,7,upper,0,0,0,0
608,7,lower,0,0,0,0
608,8,upper,0,0,0,0
608,8,lower,0,0,0,0
609,1,upper,0,0,0,0
609,1,lower,0,0,0,0
609,2,upper,0,0,0,0
609,2,lower,0,0,0,0
609,3,upper,0,0,0,0
609,3,lower,0,0,0,0
609,4,upper,0,0,0,0
609,4,lower,0,0,0,0
609,5,upper,0,0,0,0
609,5,lower,0,0,0,0
609,6,upper,0,0,0,0
609,6,lower,0,0,0,0
609,7,upper,0,0,0,0
609,7,lower,0,0,0,0
609,8,upper,0,0,0,0
609,8,lower,0,0,0,0
610,1,upper,0,0,0,0
610,1,lower,0,0,0,0
610,2,upper,0,0,0,0
610,2,lower,0,0,0,0
610,3,upper,0,0,0,0
610,3,lower,0,0,0,0
610,4,upper,0,0,0,0
610,4,lower,0,0,0,0
610,5,upper,0,0,0,0
610,5,lower,0,0,0,0
610,6,upper,0,0,0,0
610,6,lower,0,0,0,0
610,7,upper,0,0,0,0
610,7,lower,0,0,0,0
610,8,upper,0,0,0,0
610,8,lower,0,0,0,0
611,1,upper,0,0,0,0
611,1,lower,0,0,0,0
611,2,upper,0,0,0,0
611,2,lower,0,0,0,0
611,3,upper,0,0,0,0
611,3,lower,0,0,0,0
611,4,upper,0,0,0,0
611,4,lower,0,0,0,0
611,5,upper,0,0,0,0
611,5,lower,0,0,0,0
611,6,upper,0,0,0,0
611,6,lower,0,0,0,0
611,7,upper,0,0,0,0
611,7,lower,0,0,0,0
611,8,upper,0,0,0,0
611,8,lower,0,0,0,0
612,1,upper,0,0,0,0
612,1,lower,0,0,0,0
612,2,upper,0,0,0,0
612,2,lower,0,0,0,0
612,3,upper,0,0,0,0
612,3,lower,0,0,0,0
612,4,upper,0,0,0,0
612,4,lower,0,0,0,0
612,5,upper,0,0,0,0
612,5,lower,0,0,0,0
612,6,upper,0,0,0,0
612,6,lower,0,0,0,0
612,7,upper,0,0,0,0
612,7,lower,0,0,0,0
612,8,upper,0,0,0,0
612,8,lower,0,0,0,0
613,1,upper,0,0,0,0
613,1,lower,0,0,0,0
613,2,upper,0,0,0,0
613,2,lower,0,0,0,0
613,3,upper,0,0,0,0
613,3,lower,0,0,0,0
613,4,upper,0,0,0,0
613,4,lower,0,0,0,0
613,5,upper,0,0,0,0
613,5,lower,0,0,0,0
613,6,upper,0,0,0,0
613,6,lower,0,0,0,0
613,7,upper,0,0,0,0
613,7,lower,0,0,0,0
613,8,upper,0,0,0,0
613,8,lower,0,0,0,0
614,1,upper,0,0,0,0
614,1,lower,0,0,0,0
614,2,upper,0,0,0,0
614,2,lower,0,0,0,0
614,3,upper,0,0,0,0
614,3,lower,0,0,0,0
614,4,upper,0,0,0,0
614,4,lower,0,0,0,0
614,5,upper,0,0,0,0
614,5,lower,0,0,0,0
614,6,upper,0,0,0,0
614,6,lower,0,0,0,0
614,7,upper,0,0,0,0
614,7,lower,0,0,0,0
614,8,upper,0,0,0,0
614,8,lower,0,0,0,0
615,1,upper,0,0,0,0
615,1,lower,0,0,0,0
615,2,upper,0,0,0,0
615,2,lower,0,0,0,0
615,3,upper,0,0,0,0
615,3,lower,0,0,0,0
615,4,upper,0,0,0,0
615,4,lower,0,0,0,0
615,5,upper,0,0,0,0
615,5,lower,0,0,0,0
615,6,upper,0,0,0,0
615,6,lower,0,0,0,0
615,7,upper,0,0,0,0
615,7,lower,0,0,0,0
615,8,upper,0,0,0,0
615,8,lower,0,0,0,0
616,1,upper,0,0,0,0
616,1,lower,0,0,0,0
616,2,upper,0,0,0,0
616,2,lower,0,0,0,0
616,3,upper,0,0,0,0
616,3,lower,0,0,0,0
616,4,upper,0,0,0,0
616,4,lower,0,0,0,0
616,5,upper,0,0,0,0
616,5,lower,0,0,0,0
616,6,upper,0,0,0,0
616,6,lower,0,0,0,0
616,7,upper,0,0,0,0
616,7,lower,0,0,0,0
616,8,upper,0,0,0,0
616,8,lower,0,0,0,0
617,1,upper,0,0,0,0
617,1,lower,0,0,0,0
617,2,upper,0,0,0,0
617,2,lower,0,0,0,0
617,3,upper,0,0,0,0
617,3,lower,0,0,0,0
617,4,upper,0,0,0,0
617,4,lower,0,0,0,0
617,5,upper,0,0,0,0
617,5,lower,0,0,0,0
617,6,upper,0,0,0,0
617,6,lower,0,0,0,0
617,7,upper,0,0,0,0
617,7,lower,0,0,0,0
617,8,upper,0,0,0,0
617,8,lower,0,0,0,0
618,1,upper,0,0,0,0
618,1,lower,0,0,0,0
618,2,upper,0,0,0,0
618,2,lower,0,0,0,0
618,3,upper,0,0,0,0
618,3,lower,0,0,0,0
618,4,upper,0,0,0,0
618,4,lower,0,0,0,0
618,5,upper,0,0,0,0
618,5,lower,0,0,0,0
618,6,upper,0,0,0,0
618,6,lower,0,0,0,0
618,7,upper,0,0,0,0
618,7,lower,0,0,0,0
618,8,upper,0,0,0,0
618,8,lower,0,0,0,0
619,1,upper,0,0,0,0
619,1,lower,0,0,0,0
619,2,upper,0,0,0,0
619,2,lower,0,0,0,0
619,3,upper,0,0,0,0
619,3,lower,0,0,0,0
619,4,upper,0,0,0,0
619,4,lower,0,0,0,0
619,5,upper,0,0,0,0
619,5,lower,0,0,0,0
619,6,upper,0,0,0,0
619,6,lower,0,0,0,0
619,7,upper,0,0,0,0
619,7,lower,0,0,0,0
619,8,upper,0,0,0,0
619,8,lower,0,0,0,0
620,1,upper,0,0,0,0
620,1,lower,0,0,0,0
620,2,upper,0,0,0,0
620,2,lower,0,0,0,0
620,3,upper,0,0,0,0
620,3,lower,0,0,0,0
620,4,upper,0,0,0,0
620,4,lower,0,0,0,0
620,5,upper,0,0,0,0
620,5,lower,0,0,0,0
620,6,upper,0,0,0,0
620,6,lower,0,0,0,0
620,7,upper,0,0,0,0
620,7,lower,0,0,0,0
620,8,upper,0,0,0,0
620,8,lower,0,0,0,0
621,1,upper,0,0,0,0
621,1,lower,0,0,0,0
621,2,upper,0,0,0,0
621,2,lower,0,0,0,0
621,3,upper,0,0,0,0
621,3,lower,0,0,0,0
621,4,upper,0,0,0,0
621,4,lower,0,0,0,0
621,5,upper,0,0,0,0
621,5,lower,0,0,0,0
621,6,upper,0,0,0,0
621,6,lower,0,0,0,0
621,7,upper,0,0,0,0
621,7,lower,0,0,0,0
621,8,upper,0,0,0,0
621,8,lower,0,0,0,0
622,1,upper,0,0,0,0
622,1,lower,0,0,0,0
622,2,upper,0,0,0,0
622,2,lower,0,0,0,0
622,3,upper,0,0,0,0
622,3,lower,0,0,0,0
622,4,upper,0,0,0,0
622,4,lower,0,0,0,0
622,5,upper,0,0,0,0
622,5,lower,0,0,0,0
622,6,upper,0,0,0,0
622,6,lower,0,0,0,0
622,7,upper,0,0,0,0
622,7,lower,0,0,0,0
622,8,upper,0,0,0,0
622,8,lower,0,0,0,0
623,1,upper,0,0,0,0
623,1,lower,0,0,0,0
623,2,upper,0,0,0,0
623,2,lower,0,0,0,0
623,3,upper,0,0,0,0
623,3,lower,0,0,0,0
623,4,upper,0,0,0,0
623,4,lower,0,0,0,0
623,5,upper,0,0,0,0
623,5,lower,0,0,0,0
623,6,upper,0,0,0,0
623,6,lower,0,0,0,0
623,7,upper,0,0,0,0
623,7,lower,0,0,0,0
623,8,upper,0,0,0,0
623,8,lower,0,0,0,0
624,1,upper,0,0,0,0
624,1,lower,0,0,0,0
624,2,upper,0,0,0,0
624,2,lower,0,0,0,0
624,3,upper,0,0,0,0
624,3,lower,0,0,0,0
624,4,upper,0,0,0,0
624,4,lower,0,0,0,0
624,5,upper,0,0,0,0
624,5,lower,0,0,0,0
624,6,upper,0,0,0,0
624,6,lower,0,0,0,0
624,7,upper,0,0,0,0
624,7,lower,0,0,0,0
624,8,upper,0,0,0,0
624,8,lower,0,0,0,0
625,1,upper,0,0,0,0
625,1,lower,0,0,0,0
625,2,upper,0,0,0,0
625,2,lower,0,0,0,0
625,3,upper,0,0,0,0
625,3,lower,0,0,0,0
625,4,upper,0,0,0,0
625,4,lower,0,0,0,0
625,5,upper,0,0,0,0
625,5,lower,0,0,0,0
625,6,upper,0,0,0,0
625,6,lower,0,0,0,0
625,7,upper,0,0,0,0
625,7,lower,0,0,0,0
625,8,upper,0,0,0,0
625,8,lower,0,0,0,0
626,1,upper,0,0,0,0
626,1,lower,0,0,0,0
626,2,upper,0,0,0,0
626,2,lower,0,0,0,0
626,3,upper,0,0,0,0
626,3,lower,0,0,0,0
626,4,upper,0,0,0,0
626,4,lower,0,0,0,0
626,5,upper,0,0,0,0
626,5,lower,0,0,0,0
626,6,upper,0,0,0,0
626,6,lower,0,0,0,0
626,7,upper,0,0,0,0
626,7,lower,0,0,0,0
626,8,upper,0,0,0,0
626,8,lower,0,0,0,0
627,1,upper,0,0,0,0
627,1,lower,0,0,0,0
627,2,upper,0,0,0,0
627,2,lower,0,0,0,0
627,3,upper,0,0,0,0
627,3,lower,0,0,0,0
627,4,upper,0,0,0,0
627,4,lower,0,0,0,0
627,5,upper,0,0,0,0
627,5,lower,0,0,0,0
627,6,upper,0,0,0,0
627,6,lower,0,0,0,0
627,7,upper,0,0,0,0
627,7,lower,0,0,0,0
627,8,upper,0,0,0,0
627,8,lower,0,0,0,0
628,1,upper,0,0,0,0
628,1,lower,0,0,0,0
628,2,upper,0,0,0,0
628,2,lower,0,0,0,0
628,3,upper,0,0,0,0
628,3,lower,0,0,0,0
628,4,upper,0,0,0,0
628,4,lower,0,0,0,0
628,5,upper,0,0,0,0
628,5,lower,0,0,0,0
628,6,upper,0,0,0,0
628,6,lower,0,0,0,0
628,7,upper,0,0,0,0
628,7,lower,0,0,0,0
628,8,upper,0,0,0,0
628,8,lower,0,0,0,0
629,1,upper,0,0,0,0
629,1,lower,0,0,0,0
629,2,upper,0,0,0,0
629,2,lower,0,0,0,0
629,3,upper,0,0,0,0
629,3,lower,0,0,0,0
629,4,upper,0,0,0,0
629,4,lower,0,0,0,0
629,5,upper,0,0,0,0
629,5,lower,0,0,0,0
629,6,upper,0,0,0,0
629,6,lower,0,0,0,0
629,7,upper,0,0,0,0
629,7,lower,0,0,0,0
629,8,upper,0,0,0,0
629,8,lower,0,0,0,0
630,1,upper,0,0,0,0
630,1,lower,0,0,0,0
630,2,upper,0,0,0,0
630,2,lower,0,0,0,0
630,3,upper,0,0,0,0
630,3,lower,0,0,0,0
630,4,upper,0,0,0,0
630,4,lower,0,0,0,0
630,5,upper,0,0,0,0
630,5,lower,0,0,0,0
630,6,upper,0,0,0,0
630,6,lower,0,0,0,0
630,7,upper,0,0,0,0
630,7,lower,0,0,0,0
630,8,upper,0,0,0,0
630,8,lower,0,0,0,0
631,1,upper,0,0,0,0
631,1,lower,0,0,0,0
631,2,upper,0,0,0,0
631,2,lower,0,0,0,0
631,3,upper,0,0,0,0
631,3,lower,0,0,0,0
631,4,upper,0,0,0,0
631,4,lower,0,0,0,0
631,5,upper,0,0,0,0
631,5,lower,0,0,0,0
631,6,upper,0,0,0,0
631,6,lower,0,0,0,0
631,7,upper,0,0,0,0
631,7,lower,0,0,0,0
631,8,upper,0,0,0,0
631,8,lower,0,0,0,0
632,1,upper,0,0,0,0
632,1,lower,0,0,0,0
632,2,upper,0,0,0,0
632,2,lower,0,0,0,0
632,3,upper,0,0,0,0
632,3,lower,0,0,0,0
632,4,upper,0,0,0,0
632,4,lower,0,0,0,0
632,5,upper,0,0,0,0
632,5,lower,0,0,0,0
632,6,upper,0,0,0,0
632,6,lower,0,0,0,0
632,7,upper,0,0,0,0
632,7,lower,0,0,0,0
632,8,upper,0,0,0,0
632,8,lower,0,0,0,0
633,1,upper,0,0,0,0
633,1,lower,0,0,0,0
633,2,upper,0,0,0,0
633,2,lower,0,0,0,0
633,3,upper,0,0,0,0
633,3,lower,0,0,0,0
633,4,upper,0,0,0,0
633,4,lower,0,0,0,0
633,5,upper,0,0,0,0
633,5,lower,0,0,0,0
633,6,upper,0,0,0,0
633,6,lower,0,0,0,0
633,7,upper,0,0,0,0
633,7,lower,0,0,0,0
633,8,upper,0,0,0,0
633,8,lower,0,0,0,0
634,1,upper,0,0,0,0
634,1,lower,0,0,0,0
634,2,upper,0,0,0,0
634,2,lower,0,0,0,0
634,3,upper,0,0,0,0
634,3,lower,0,0,0,0
634,4,upper,0,0,0,0
634,4,lower,0,0,0,0
634,5,upper,0,0,0,0
634,5,lower,0,0,0,0
634,6,upper,0,0,0,0
634,6,lower,0,0,0,0
634,7,upper,0,0,0,0
634,7,lower,0,0,0,0
634,8,upper,0,0,0,0
634,8,lower,0,0,0,0
635,1,upper,0,0,0,0
635,1,lower,0,0,0,0
635,2,upper,0,0,0,0
635,2,lower,0,0,0,0
635,3,upper,0,0,0,0
635,3,lower,0,0,0,0
635,4,upper,0,0,0,0
635,4,lower,0,0,0,0
635,5,upper,0,0,0,0
635,5,lower,0,0,0,0
635,6,upper,0,0,0,0
635,6,lower,0,0,0,0
635,7,upper,0,0,0,0
635,7,lower,0,0,0,0
635,8,upper,0,0,0,0
635,8,lower,0,0,0,0
636,1,upper,0,0,0,0
636,1,lower,0,0,0,0
636,2,upper,0,0,0,0
636,2,lower,0,0,0,0
636,3,upper,0,0,0,0
636,3,lower,0,0,0,0
636,4,upper,0,0,0,0
636,4,lower,0,0,0,0
636,5,upper,0,0,0,0
636,5,lower,0,0,0,0
636,6,upper,0,0,0,0
636,6,lower,0,0,0,0
636,7,upper,0,0,0,0
636,7,lower,0,0,0,0
636,8,upper,0,0,0,0
636,8,lower,0,0,0,0
637,1,upper,0,0,0,0
637,1,lower,0,0,0,0
637,2,upper,0,0,0,0
637,2,lower,0,0,0,0
637,3,upper,0,0,0,0
637,3,lower,0,0,0,0
637,4,upper,0,0,0,0
637,4,lower,0,0,0,0
637,5,upper,0,0,0,0
637,5,lower,0,0,0,0
637,6,upper,0,0,0,0
637,6,lower,0,0,0,0
637,7,upper,0,0,0,0
637,7,lower,0,0,0,0
637,8,upper,0,0,0,0
637,8,lower,0,0,0,0
638,1,upper,0,0,0,0
638,1,lower,0,0,0,0
638,2,upper,0,0,0,0
638,2,lower,0,0,0,0
638,3,upper,0,0,0,0
638,3,lower,0,0,0,0
638,4,upper,0,0,0,0
638,4,lower,0,0,0,0
638,5,upper,0,0,0,0
638,5,lower,0,0,0,0
638,6,upper,0,0,0,0
638,6,lower,0,0,0,0
638,7,upper,0,0,0,0
638,7,lower,0,0,0,0
638,8,upper,0,0,0,0
638,8,lower,0,0,0,0
639,1,upper,0,0,0,0
639,1,lower,0,0,0,0
639,2,upper,0,0,0,0
639,2,lower,0,0,0,0
639,3,upper,0,0,0,0
639,3,lower,0,0,0,0
639,4,upper,0,0,0,0
639,4,lower,0,0,0,0
639,5,upper,0,0,0,0
639,5,lower,0,0,0,0
639,6,upper,0,0,0,0
639,6,lower,0,0,0,0
639,7,upper,0,0,0,0
639,7,lower,0,0,0,0
639,8,upper,0,0,0,0
639,8,lower,0,0,0,0
640,1,upper,0,0,0,0
640,1,lower,0,0,0,0
640,2,upper,0,0,0,0
640,2,lower,0,0,0,0
640,3,upper,0,0,0,0
640,3,lower,0,0,0,0
640,4,upper,0,0,0,0
640,4,lower,0,0,0,0
640,5,upper,0,0,0,0
640,5,lower,0,0,0,0
640,6,upper,0,0,0,0
640,6,lower,0,0,0,0
640,7,upper,0,0,0,0
640,7,lower,0,0,0,0
640,8,upper,0,0,0,0
640,8,lower,0,0,0,0
641,1,upper,0,0,0,0
641,1,lower,0,0,0,0
641,2,upper,0,0,0,0
641,2,lower,0,0,0,0
641,3,upper,0,0,0,0
641,3,lower,0,0,0,0
641,4,upper,0,0,0,0
641,4,lower,0,0,0,0
641,5,upper,0,0,0,0
641,5,lower,0,0,0,0
641,6,upper,0,0,0,0
641,6,lower,0,0,0,0
641,7,upper,0,0,0,0
641,7,lower,0,0,0,0
641,8,upper,0,0,0,0
641,8,lower,0,0,0,0
642,1,upper,0,0,0,0
642,1,lower,0,0,0,0
642,2,upper,0,0,0,0
642,2,lower,0,0,0,0
642,3,upper,0,0,0,0
642,3,lower,0,0,0,0
642,4,upper,0,0,0,0
642,4,lower,0,0,0,0
642,5,upper,0,0,0,0
642,5,lower,0,0,0,0
642,6,upper,0,0,0,0
642,6,lower,0,0,0,0
642,7,upper,0,0,0,0
642,7,lower,0,0,0,0
642,8,upper,0,0,0,0
642,8,lower,0,0,0,0
643,1,upper,0,0,0,0
643,1,lower,0,0,0,0
643,2,upper,0,0,0,0
643,2,lower,0,0,0,0
643,3,upper,0,0,0,0
643,3,lower,0,0,0,0
643,4,upper,0,0,0,0
643,4,lower,0,0,0,0
643,5,upper,0,0,0,0
643,5,lower,0,0,0,0
643,6,upper,0,0,0,0
643,6,lower,0,0,0,0
643,7,upper,0,0,0,0
643,7,lower,0,0,0,0
643,8,upper,0,0,0,0
643,8,lower,0,0,0,0
644,1,upper,0,0,0,0
644,1,lower,0,0,0,0
644,2,upper,0,0,0,0
644,2,lower,0,0,0,0
644,3,upper,0,0,0,0
644,3,lower,0,0,0,0
644,4,upper,0,0,0,0
644,4,lower,0,0,0,0
644,5,upper,0,0,0,0
644,5,lower,0,0,0,0
644,6,upper,0,0,0,0
644,6,lower,0,0,0,0
644,7,upper,0,0,0,0
644,7,lower,0,0,0,0
644,8,upper,0,0,0,0
644,8,lower,0,0,0,0
645,1,upper,0,0,0,0
645,1,lower,0,0,0,0
645,2,upper,0,0,0,0
645,2,lower,0,0,0,0
645,3,upper,0,0,0,0
645,3,lower,0,0,0,0
645,4,upper,0,0,0,0
645,4,lower,0,0,0,0
645,5,upper,0,0,0,0
645,5,lower,0,0,0,0
645,6,upper,0,0,0,0
645,6,lower,0,0,0,0
645,7,upper,0,0,0,0
645,7,lower,0,0,0,0
645,8,upper,0,0,0,0
645,8,lower,0,0,0,0
646,1,upper,0,0,0,0
646,1,lower,0,0,0,0
646,2,upper,0,0,0,0
646,2,lower,0,0,0,0
646,3,upper,0,0,0,0
646,3,lower,0,0,0,0
646,4,upper,0,0,0,0
646,4,lower,0,0,0,0
646,5,upper,0,0,0,0
646,5,lower,0,0,0,0
646,6,upper,0,0,0,0
646,6,lower,0,0,0,0
646,7,upper,0,0,0,0
646,7,lower,0,0,0,0
646,8,upper,0,0,0,0
646,8,lower,0,0,0,0
647,1,upper,0,0,0,0
647,1,lower,0,0,0,0
647,2,upper,0,0,0,0
647,2,lower,0,0,0,0
647,3,upper,0,0,0,0
647,3,lower,0,0,0,0
647,4,upper,0,0,0,0
647,4,lower,0,0,0,0
647,5,upper,0,0,0,0
647,5,lower,0,0,0,0
647,6,upper,0,0,0,0
647,6,lower,0,0,0,0
647,7,upper,0,0,0,0
647,7,lower,0,0,0,0
647,8,upper,0,0,0,0
647,8,lower,0,0,0,0
648,1,upper,0,0,0,0
648,1,lower,0,0,0,0
648,2,upper,0,0,0,0
648,2,lower,0,0,0,0
648,3,upper,0,0,0,0
648,3,lower,0,0,0,0
648,4,upper,0,0,0,0
648,4,lower,0,0,0,0
648,5,upper,0,0,0,0
648,5,lower,0,0,0,0
648,6,upper,0,0,0,0
648,6,lower,0,0,0,0
648,7,upper,0,0,0,0
648,7,lower,0,0,0,0
648,8,upper,0,0,0,0
648,8,lower,0,0,0,0
649,1,upper,0,0,0,0
649,1,lower,0,0,0,0
649,2,upper,0,0,0,0
649,2,lower,0,0,0,0
649,3,upper,0,0,0,0
649,3,lower,0,0,0,0
649,4,upper,0,0,0,0
649,4,lower,0,0,0,0
649,5,upper,0,0,0,0
649,5,lower,0,0,0,0
649,6,upper,0,0,0,0
649,6,lower,0,0,0,0
649,7,upper,0,0,0,0
649,7,lower,0,0,0,0
649,8,upper,0,0,0,0
649,8,lower,0,0,0,0
650,1,upper,0,0,0,0
650,1,lower,0,0,0,0
650,2,upper,0,0,0,0
650,2,lower,0,0,0,0
650,3,upper,0,0,0,0
650,3,lower,0,0,0,0
650,4,upper,0,0,0,0
650,4,lower,0,0,0,0
650,5,upper,0,0,0,0
650,5,lower,0,0,0,0
650,6,upper,0,0,0,0
650,6,lower,0,0,0,0
650,7,upper,0,0,0,0
650,7,lower,0,0,0,0
650,8,upper,0,0,0,0
650,8,lower,0,0,0,0
651,1,upper,0,0,0,0
651,1,lower,0,0,0,0
651,2,upper,0,0,0,0
651,2,lower,0,0,0,0
651,3,upper,0,0,0,0
651,3,lower,0,0,0,0
651,4,upper,0,0,0,0
651,4,lower,0,0,0,0
651,5,upper,0,0,0,0
651,5,lower,0,0,0,0
651,6,upper,0,0,0,0
651,6,lower,0,0,0,0
651,7,upper,0,0,0,0
651,7,lower,0,0,0,0
651,8,upper,0,0,0,0
651,8,lower,0,0,0,0
652,1,upper,0,0,0,0
652,1,lower,0,0,0,0
652,2,upper,0,0,0,0
652,2,lower,0,0,0,0
652,3,upper,0,0,0,0
652,3,lower,0,0,0,0
652,4,upper,0,0,0,0
652,4,lower,0,0,0,0
652,5,upper,0,0,0,0
652,5,lower,0,0,0,0
652,6,upper,0,0,0,0
652,6,lower,0,0,0,0
652,7,upper,0,0,0,0
652,7,lower,0,0,0,0
652,8,upper,0,0,0,0
652,8,lower,0,0,0,0
653,1,upper,0,0,0,0
653,1,lower,0,0,0,0
653,2,upper,0,0,0,0
653,2,lower,0,0,0,0
653,3,upper,0,0,0,0
653,3,lower,0,0,0,0
653,4,upper,0,0,0,0
653,4,lower,0,0,0,0
653,5,upper,0,0,0,0
653,5,lower,0,0,0,0
653,6,upper,0,0,0,0
653,6,lower,0,0,0,0
653,7,upper,0,0,0,0
653,7,lower,0,0,0,0
653,8,upper,0,0,0,0
653,8,lower,0,0,0,0
654,1,upper,0,0,0,0
654,1,lower,0,0,0,0
654,2,upper,0,0,0,0
654,2,lower,0,0,0,0
654,3,upper,0,0,0,0
654,3,lower,0,0,0,0
654,4,upper,0,0,0,0
654,4,lower,0,0,0,0
654,5,upper,0,0,0,0
654,5,lower,0,0,0,0
654,6,upper,0,0,0,0
654,6,lower,0,0,0,0
654,7,upper,0,0,0,0
654,7,lower,0,0,0,0
654,8,upper,0,0,0,0
654,8,lower,0,0,0,0
655,1,upper,0,0,0,0
655,1,lower,0,0,0,0
655,2,upper,0,0,0,0
655,2,lower,0,0,0,0
655,3,upper,0,0,0,0
655,3,lower,0,0,0,0
655,4,upper,0,0,0,0
655,4,lower,0,0,0,0
655,5,upper,0,0,0,0
655,5,lower,0,0,0,0
655,6,upper,0,0,0,0
655,6,lower,0,0,0,0
655,7,upper,0,0,0,0
655,7,lower,0,0,0,0
655,8,upper,0,0,0,0
655,8,lower,0,0,0,0
656,1,upper,0,0,0,0
656,1,lower,0,0,0,0
656,2,upper,0,0,0,0
656,2,lower,0,0,0,0
656,3,upper,0,0,0,0
656,3,lower,0,0,0,0
656,4,upper,0,0,0,0
656,4,lower,0,0,0,0
656,5,upper,0,0,0,0
656,5,lower,0,0,0,0
656,6,upper,0,0,0,0
656,6,lower,0,0,0,0
656,7,upper,0,0,0,0
656,7,lower,0,0,0,0
656,8,upper,0,0,0,0
656,8,lower,0,0,0,0
657,1,upper,0,0,0,0
657,1,lower,0,0,0,0
657,2,upper,0,0,0,0
657,2,lower,0,0,0,0
657,3,upper,0,0,0,0
657,3,lower,0,0,0,0
657,4,upper,0,0,0,0
657,4,lower,0,0,0,0
657,5,upper,0,0,0,0
657,5,lower,0,0,0,0
657,6,upper,0,0,0,0
657,6,lower,0,0,0,0
657,7,upper,0,0,0,0
657,7,lower,0,0,0,0
657,8,upper,0,0,0,0
657,8,lower,0,0,0,0
658,1,upper,0,0,0,0
658,1,lower,0,0,0,0
658,2,upper,0,0,0,0
658,2,lower,0,0,0,0
658,3,upper,0,0,0,0
658,3,lower,0,0,0,0
658,4,upper,0,0,0,0
658,4,lower,0,0,0,0
658,5,upper,0,0,0,0
658,5,lower,0,0,0,0
658,6,upper,0,0,0,0
658,6,lower,0,0,0,0
658,7,upper,0,0,0,0
658,7,lower,0,0,0,0
658,8,upper,0,0,0,0
658,8,lower,0,0,0,0
659,1,upper,0,0,0,0
659,1,lower,0,0,0,0
659,2,upper,0,0,0,0
659,2,lower,0,0,0,0
659,3,upper,0,0,0,0
659,3,lower,0,0,0,0
659,4,upper,0,0,0,0
659,4,lower,0,0,0,0
659,5,upper,0,0,0,0
659,5,lower,0,0,0,0
659,6,upper,0,0,0,0
659,6,lower,0,0,0,0
659,7,upper,0,0,0,0
659,7,lower,0,0,0,0
659,8,upper,0,0,0,0
659,8,lower,0,0,0,0
660,1,upper,0,0,0,0
660,1,lower,0,0,0,0
660,2,upper,0,0,0,0
660,2,lower,0,0,0,0
660,3,upper,0,0,0,0
660,3,lower,0,0,0,0
660,4,upper,0,0,0,0
660,4,lower,0,0,0,0
660,5,upper,0,0,0,0
660,5,lower,0,0,0,0
660,6,upper,0,0,0,0
660,6,lower,0,0,0,0
660,7,upper,0,0,0,0
660,7,lower,0,0,0,0
660,8,upper,0,0,0,0
660,8,lower,0,0,0,0
661,1,upper,0,0,0,0
661,1,lower,0,0,0,0
661,2,upper,0,0,0,0
661,2,lower,0,0,0,0
661,3,upper,0,0,0,0
661,3,lower,0,0,0,0
661,4,upper,0,0,0,0
661,4,lower,0,0,0,0
661,5,upper,0,0,0,0
661,5,lower,0,0,0,0
661,6,upper,0,0,0,0
661,6,lower,0,0,0,0
661,7,upper,0,0,0,0
661,7,lower,0,0,0,0
661,8,upper,0,0,0,0
661,8,lower,0,0,0,0
662,1,upper,0,0,0,0
662,1,lower,0,0,0,0
662,2,upper,0,0,0,0
662,2,lower,0,0,0,0
662,3,upper,0,0,0,0
662,3,lower,0,0,0,0
662,4,upper,0,0,0,0
662,4,lower,0,0,0,0
662,5,upper,0,0,0,0
662,5,lower,0,0,0,0
662,6,upper,0,0,0,0
662,6,lower,0,0,0,0
662,7,upper,0,0,0,0
662,7,lower,0,0,0,0
662,8,upper,0,0,0,0
662,8,lower,0,0,0,0
663,1,upper,0,0,0,0
663,1,lower,0,0,0,0
663,2,upper,0,0,0,0
663,2,lower,0,0,0,0
663,3,upper,0,0,0,0
663,3,lower,0,0,0,0
663,4,upper,0,0,0,0
663,4,lower,0,0,0,0
663,5,upper,0,0,0,0
663,5,lower,0,0,0,0
663,6,upper,0,0,0,0
663,6,lower,0,0,0,0
663,7,upper,0,0,0,0
663,7,lower,0,0,0,0
663,8,upper,0,0,0,0
663,8,lower,0,0,0,0
664,1,upper,0,0,0,0
664,1,lower,0,0,0,0
664,2,upper,0,0,0,0
664,2,lower,0,0,0,0
664,3,upper,0,0,0,0
664,3,lower,0,0,0,0
664,4,upper,0,0,0,0
664,4,lower,0,0,0,0
664,5,upper,0,0,0,0
664,5,lower,0,0,0,0
664,6,upper,0,0,0,0
664,6,lower,0,0,0,0
664,7,upper,0,0,0,0
664,7,lower,0,0,0,0
664,8,upper,0,0,0,0
664,8,lower,0,0,0,0
665,1,upper,0,0,0,0
665,1,lower,0,0,0,0
665,2,upper,0,0,0,0
665,2,lower,0,0,0,0
665,3,upper,0,0,0,0
665,3,lower,0,0,0,0
665,4,upper,0,0,0,0
665,4,lower,0,0,0,0
665,5,upper,0,0,0,0
665,5,lower,0,0,0,0
665,6,upper,0,0,0,0
665,6,lower,0,0,0,0
665,7,upper,0,0,0,0
665,7,lower,0,0,0,0
665,8,upper,0,0,0,0
665,8,lower,0,0,0,0
666,1,upper,0,0,0,0
666,1,lower,0,0,0,0
666,2,upper,0,0,0,0
666,2,lower,0,0,0,0
666,3,upper,0,0,0,0
666,3,lower,0,0,0,0
666,4,upper,0,0,0,0
666,4,lower,0,0,0,0
666,5,upper,0,0,0,0
666,5,lower,0,0,0,0
666,6,upper,0,0,0,0
666,6,lower,0,0,0,0
666,7,upper,0,0,0,0
666,7,lower,0,0,0,0
666,8,upper,0,0,0,0
666,8,lower,0,0,0,0
667,1,upper,0,0,0,0
667,1,lower,0,0,0,0
667,2,upper,0,0,0,0
667,2,lower,0,0,0,0
667,3,upper,0,0,0,0
667,3,lower,0,0,0,0
667,4,upper,0,0,0,0
667,4,lower,0,0,0,0
667,5,upper,0,0,0,0
667,5,lower,0,0,0,0
667,6,upper,0,0,0,0
667,6,lower,0,0,0,0
667,7,upper,0,0,0,0
667,7,lower,0,0,0,0
667,8,upper,0,0,0,0
667,8,lower,0,0,0,0
668,1,upper,0,0,0,0
668,1,lower,0,0,0,0
668,2,upper,0,0,0,0
668,2,lower,0,0,0,0
668,3,upper,0,0,0,0
668,3,lower,0,0,0,0
668,4,upper,0,0,0,0
668,4,lower,0,0,0,0
668,5,upper,0,0,0,0
668,5,lower,0,0,0,0
668,6,upper,0,0,0,0
668,6,lower,0,0,0,0
668,7,upper,0,0,0,0
668,7,lower,0,0,0,0
668,8,upper,0,0,0,0
668,8,lower,0,0,0,0
669,1,upper,0,0,0,0
669,1,lower,0,0,0,0
669,2,upper,0,0,0,0
669,2,lower,0,0,0,0
669,3,upper,0,0,0,0
669,3,lower,0,0,0,0
669,4,upper,0,0,0,0
669,4,lower,0,0,0,0
669,5,upper,0,0,0,0
669,5,lower,0,0,0,0
669,6,upper,0,0,0,0
669,6,lower,0,0,0,0
669,7,upper,0,0,0,0
669,7,lower,0,0,0,0
669,8,upper,0,0,0,0
669,8,lower,0,0,0,0
670,1,upper,0,0,0,0
670,1,lower,0,0,0,0
670,2,upper,0,0,0,0
670,2,lower,0,0,0,0
670,3,upper,0,0,0,0
670,3,lower,0,0,0,0
670,4,upper,0,0,0,0
670,4,lower,0,0,0,0
670,5,upper,0,0,0,0
670,5,lower,0,0,0,0
670,6,upper,0,0,0,0
670,6,lower,0,0,0,0
670,7,upper,0,0,0,0
670,7,lower,0,0,0,0
670,8,upper,0,0,0,0
670,8,lower,0,0,0,0
671,1,upper,0,0,0,0
671,1,lower,0,0,0,0
671,2,upper,0,0,0,0
671,2,lower,0,0,0,0
671,3,upper,0,0,0,0
671,3,lower,0,0,0,0
671,4,upper,0,0,0,0
671,4,lower,0,0,0,0
671,5,upper,0,0,0,0
671,5,lower,0,0,0,0
671,6,upper,0,0,0,0
671,6,lower,0,0,0,0
671,7,upper,0,0,0,0
671,7,lower,0,0,0,0
671,8,upper,0,0,0,0
671,8,lower,0,0,0,0
672,1,upper,0,0,0,0
672,1,lower,0,0,0,0
672,2,upper,0,0,0,0
672,2,lower,0,0,0,0
672,3,upper,0,0,0,0
672,3,lower,0,0,0,0
672,4,upper,0,0,0,0
672,4,lower,0,0,0,0
672,5,upper,0,0,0,0
672,5,lower,0,0,0,0
672,6,upper,0,0,0,0
672,6,lower,0,0,0,0
672,7,upper,0,0,0,0
672,7,lower,0,0,0,0
672,8,upper,0,0,0,0
672,8,lower,0,0,0,0
673,1,upper,0,0,0,0
673,1,lower,0,0,0,0
673,2,upper,0,0,0,0
673,2,lower,0,0,0,0
673,3,upper,0,0,0,0
673,3,lower,0,0,0,0
673,4,upper,0,0,0,0
673,4,lower,0,0,0,0
673,5,upper,0,0,0,0
673,5,lower,0,0,0,0
673,6,upper,0,0,0,0
673,6,lower,0,0,0,0
673,7,upper,0,0,0,0
673,7,lower,0,0,0,0
673,8,upper,0,0,0,0
673,8,lower,0,0,0,0
674,1,upper,0,0,0,0
674,1,lower,0,0,0,0
674,2,upper,0,0,0,0
674,2,lower,0,0,0,0
674,3,upper,0,0,0,0
674,3,lower,0,0,0,0
674,4,upper,0,0,0,0
674,4,lower,0,0,0,0
674,5,upper,0,0,0,0
674,5,lower,0,0,0,0
674,6,upper,0,0,0,0
674,6,lower,0,0,0,0
674,7,upper,0,0,0,0
674,7,lower,0,0,0,0
674,8,upper,0,0,0,0
674,8,lower,0,0,0,0
675,1,upper,0,0,0,0
675,1,lower,0,0,0,0
675,2,upper,0,0,0,0
675,2,lower,0,0,0,0
675,3,upper,0,0,0,0
675,3,lower,0,0,0,0
675,4,upper,0,0,0,0
675,4,lower,0,0,0,0
675,5,upper,0,0,0,0
675,5,lower,0,0,0,0
675,6,upper,0,0,0,0
675,6,lower,0,0,0,0
675,7,upper,0,0,0,0
675,7,lower,0,0,0,0
675,8,upper,0,0,0,0
675,8,lower,0,0,0,0
676,1,upper,0,0,0,0
676,1,lower,0,0,0,0
676,2,upper,0,0,0,0
676,2,lower,0,0,0,0
676,3,upper,0,0,0,0
676,3,lower,0,0,0,0
676,4,upper,0,0,0,0
676,4,lower,0,0,0,0
676,5,upper,0,0,0,0
676,5,lower,0,0,0,0
676,6,upper,0,0,0,0
676,6,lower,0,0,0,0
676,7,upper,0,0,0,0
676,7,lower,0,0,0,0
676,8,upper,0,0,0,0
676,8,lower,0,0,0,0
677,1,upper,0,0,0,0
677,1,lower,0,0,0,0
677,2,upper,0,0,0,0
677,2,lower,0,0,0,0
677,3,upper,0,0,0,0
677,3,lower,0,0,0,0
677,4,upper,0,0,0,0
677,4,lower,0,0,0,0
677,5,upper,0,0,0,0
677,5,lower,0,0,0,0
677,6,upper,0,0,0,0
677,6,lower,0,0,0,0
677,7,upper,0,0,0,0
677,7,lower,0,0,0,0
677,8,upper,0,0,0,0
677,8,lower,0,0,0,0
678,1,upper,0,0,0,0
678,1,lower,0,0,0,0
678,2,upper,0,0,0,0
678,2,lower,0,0,0,0
678,3,upper,0,0,0,0
678,3,lower,0,0,0,0
678,4,upper,0,0,0,0
678,4,lower,0,0,0,0
678,5,upper,0,0,0,0
678,5,lower,0,0,0,0
678,6,upper,0,0,0,0
678,6,lower,0,0,0,0
678,7,upper,0,0,0,0
678,7,lower,0,0,0,0
678,8,upper,0,0,0,0
678,8,lower,0,0,0,0
679,1,upper,0,0,0,0
679,1,lower,0,0,0,0
679,2,upper,0,0,0,0
679,2,lower,0,0,0,0
679,3,upper,0,0,0,0
679,3,lower,0,0,0,0
679,4,upper,0,0,0,0
679,4,lower,0,0,0,0
679,5,upper,0,0,0,0
679,5,lower,0,0,0,0
679,6,upper,0,0,0,0
679,6,lower,0,0,0,0
679,7,upper,0,0,0,0
679,7,lower,0,0,0,0
679,8,upper,0,0,0,0
679,8,lower,0,0,0,0
680,1,upper,0,0,0,0
680,1,lower,0,0,0,0
680,2,upper,0,0,0,0
680,2,lower,0,0,0,0
680,3,upper,0,0,0,0
680,3,lower,0,0,0,0
680,4,upper,0,0,0,0
680,4,lower,0,0,0,0
680,5,upper,0,0,0,0
680,5,lower,0,0,0,0
680,6,upper,0,0,0,0
680,6,lower,0,0,0,0
680,7,upper,0,0,0,0
680,7,lower,0,0,0,0
680,8,upper,0,0,0,0
680,8,lower,0,0,0,0
681,1,upper,0,0,0,0
681,1,lower,0,0,0,0
681,2,upper,0,0,0,0
681,2,lower,0,0,0,0
681,3,upper,0,0,0,0
681,3,lower,0,0,0,0
681,4,upper,0,0,0,0
681,4,lower,0,0,0,0
681,5,upper,0,0,0,0
681,5,lower,0,0,0,0
681,6,upper,0,0,0,0
681,6,lower,0,0,0,0
681,7,upper,0,0,0,0
681,7,lower,0,0,0,0
681,8,upper,0,0,0,0
681,8,lower,0,0,0,0
682,1,upper,0,0,0,0
682,1,lower,0,0,0,0
682,2,upper,0,0,0,0
682,2,lower,0,0,0,0
682,3,upper,0,0,0,0
682,3,lower,0,0,0,0
682,4,upper,0,0,0,0
682,4,lower,0,0,0,0
682,5,upper,0,0,0,0
682,5,lower,0,0,0,0
682,6,upper,0,0,0,0
682,6,lower,0,0,0,0
682,7,upper,0,0,0,0
682,7,lower,0,0,0,0
682,8,upper,0,0,0,0
682,8,lower,0,0,0,0
683,1,upper,0,0,0,0
683,1,lower,0,0,0,0
683,2,upper,0,0,0,0
683,2,lower,0,0,0,0
683,3,upper,0,0,0,0
683,3,lower,0,0,0,0
683,4,upper,0,0,0,0
683,4,lower,0,0,0,0
683,5,upper,0,0,0,0
683,5,lower,0,0,0,0
683,6,upper,0,0,0,0
683,6,lower,0,0,0,0
683,7,upper,0,0,0,0
683,7,lower,0,0,0,0
683,8,upper,0,0,0,0
683,8,lower,0,0,0,0
684,1,upper,0,0,0,0
684,1,lower,0,0,0,0
684,2,upper,0,0,0,0
684,2,lower,0,0,0,0
684,3,upper,0,0,0,0
684,3,lower,0,0,0,0
684,4,upper,0,0,0,0
684,4,lower,0,0,0,0
684,5,upper,0,0,0,0
684,5,lower,0,0,0,0
684,6,upper,0,0,0,0
684,6,lower,0,0,0,0
684,7,upper,0,0,0,0
684,7,lower,0,0,0,0
684,8,upper,0,0,0,0
684,8,lower,0,0,0,0
685,1,upper,0,0,0,0
685,1,lower,0,0,0,0
685,2,upper,0,0,0,0
685,2,lower,0,0,0,0
685,3,upper,0,0,0,0
685,3,lower,0,0,0,0
685,4,upper,0,0,0,0
685,4,lower,0,0,0,0
685,5,upper,0,0,0,0
685,5,lower,0,0,0,0
685,6,upper,0,0,0,0
685,6,lower,0,0,0,0
685,7,upper,0,0,0,0
685,7,lower,0,0,0,0
685,8,upper,0,0,0,0
685,8,lower,0,0,0,0
686,1,upper,0,0,0,0
686,1,lower,0,0,0,0
686,2,upper,0,0,0,0
686,2,lower,0,0,0,0
686,3,upper,0,0,0,0
686,3,lower,0,0,0,0
686,4,upper,0,0,0,0
686,4,lower,0,0,0,0
686,5,upper,0,0,0,0
686,5,lower,0,0,0,0
686,6,upper,0,0,0,0
686,6,lower,0,0,0,0
686,7,upper,0,0,0,0
686,7,lower,0,0,0,0
686,8,upper,0,0,0,0
686,8,lower,0,0,0,0
687,1,upper,0,0,0,0
687,1,lower,0,0,0,0
687,2,upper,0,0,0,0
687,2,lower,0,0,0,0
687,3,upper,0,0,0,0
687,3,lower,0,0,0,0
687,4,upper,0,0,0,0
687,4,lower,0,0,0,0
687,5,upper,0,0,0,0
687,5,lower,0,0,0,0
687,6,upper,0,0,0,0
687,6,lower,0,0,0,0
687,7,upper,0,0,0,0
687,7,lower,0,0,0,0
687,8,upper,0,0,0,0
687,8,lower,0,0,0,0
688,1,upper,0,0,0,0
688,1,lower,0,0,0,0
688,2,upper,0,0,0,0
688,2,lower,0,0,0,0
688,3,upper,0,0,0,0
688,3,lower,0,0,0,0
688,4,upper,0,0,0,0
688,4,lower,0,0,0,0
688,5,upper,0,0,0,0
688,5,lower,0,0,0,0
688,6,upper,0,0,0,0
688,6,lower,0,0,0,0
688,7,upper,0,0,0,0
688,7,lower,0,0,0,0
688,8,upper,0,0,0,0
688,8,lower,0,0,0,0
689,1,upper,0,0,0,0
689,1,lower,0,0,0,0
689,2,upper,0,0,0,0
689,2,lower,0,0,0,0
689,3,upper,0,0,0,0
689,3,lower,0,0,0,0
689,4,upper,0,0,0,0
689,4,lower,0,0,0,0
689,5,upper,0,0,0,0
689,5,lower,0,0,0,0
689,6,upper,0,0,0,0
689,6,lower,0,0,0,0
689,7,upper,0,0,0,0
689,7,lower,0,0,0,0
689,8,upper,0,0,0,0
689,8,lower,0,0,0,0
690,1,upper,0,0,0,0
690,1,lower,0,0,0,0
690,2,upper,0,0,0,0
690,2,lower,0,0,0,0
690,3,upper,0,0,0,0
690,3,lower,0,0,0,0
690,4,upper,0,0,0,0
690,4,lower,0,0,0,0
690,5,upper,0,0,0,0
690,5,lower,0,0,0,0
690,6,upper,0,0,0,0
690,6,lower,0,0,0,0
690,7,upper,0,0,0,0
690,7,lower,0,0,0,0
690,8,upper,0,0,0,0
690,8,lower,0,0,0,0
691,1,upper,0,0,0,0
691,1,lower,0,0,0,0
691,2,upper,0,0,0,0
691,2,lower,0,0,0,0
691,3,upper,0,0,0,0
691,3,lower,0,0,0,0
691,4,upper,0,0,0,0
691,4,lower,0,0,0,0
691,5,upper,0,0,0,0
691,5,lower,0,0,0,0
691,6,upper,0,0,0,0
691,6,lower,0,0,0,0
691,7,upper,0,0,0,0
691,7,lower,0,0,0,0
691,8,upper,0,0,0,0
691,8,lower,0,0,0,0
692,1,upper,0,0,0,0
692,1,lower,0,0,0,0
692,2,upper,0,0,0,0
692,2,lower,0,0,0,0
692,3,upper,0,0,0,0
692,3,lower,0,0,0,0
692,4,upper,0,0,0,0
692,4,lower,0,0,0,0
692,5,upper,0,0,0,0
692,5,lower,0,0,0,0
692,6,upper,0,0,0,0
692,6,lower,0,0,0,0
692,7,upper,0,0,0,0
692,7,lower,0,0,0,0
692,8,upper,0,0,0,0
692,8,lower,0,0,0,0
693,1,upper,0,0,0,0
693,1,lower,0,0,0,0
693,2,upper,0,0,0,0
693,2,lower,0,0,0,0
693,3,upper,0,0,0,0
693,3,lower,0,0,0,0
693,4,upper,0,0,0,0
693,4,lower,0,0,0,0
693,5,upper,0,0,0,0
693,5,lower,0,0,0,0
693,6,upper,0,0,0,0
693,6,lower,0,0,0,0
693,7,upper,0,0,0,0
693,7,lower,0,0,0,0
693,8,upper,0,0,0,0
693,8,lower,0,0,0,0
694,1,upper,0,0,0,0
694,1,lower,0,0,0,0
694,2,upper,0,0,0,0
694,2,lower,0,0,0,0
694,3,upper,0,0,0,0
694,3,lower,0,0,0,0
694,4,upper,0,0,0,0
694,4,lower,0,0,0,0
694,5,upper,0,0,0,0
694,5,lower,0,0,0,0
694,6,upper,0,0,0,0
694,6,lower,0,0,0,0
694,7,upper,0,0,0,0
694,7,lower,0,0,0,0
694,8,upper,0,0,0,0
694,8,lower,0,0,0,0
695,1,upper,0,0,0,0
695,1,lower,0,0,0,0
695,2,upper,0,0,0,0
695,2,lower,0,0,0,0
695,3,upper,0,0,0,0
695,3,lower,0,0,0,0
695,4,upper,0,0,0,0
695,4,lower,0,0,0,0
695,5,upper,0,0,0,0
695,5,lower,0,0,0,0
695,6,upper,0,0,0,0
695,6,lower,0,0,0,0
695,7,upper,0,0,0,0
695,7,lower,0,0,0,0
695,8,upper,0,0,0,0
695,8,lower,0,0,0,0
696,1,upper,0,0,0,0
696,1,lower,0,0,0,0
696,2,upper,0,0,0,0
696,2,lower,0,0,0,0
696,3,upper,0,0,0,0
696,3,lower,0,0,0,0
696,4,upper,0,0,0,0
696,4,lower,0,0,0,0
696,5,upper,0,0,0,0
696,5,lower,0,0,0,0
696,6,upper,0,0,0,0
696,6,lower,0,0,0,0
696,7,upper,0,0,0,0
696,7,lower,0,0,0,0
696,8,upper,0,0,0,0
696,8,lower,0,0,0,0
697,1,upper,0,0,0,0
697,1,lower,0,0,0,0
697,2,upper,0,0,0,0
697,2,lower,0,0,0,0
697,3,upper,0,0,0,0
697,3,lower,0,0,0,0
697,4,upper,0,0,0,0
697,4,lower,0,0,0,0
697,5,upper,0,0,0,0
697,5,lower,0,0,0,0
697,6,upper,0,0,0,0
697,6,lower,0,0,0,0
697,7,upper,0,0,0,0
697,7,lower,0,0,0,0
697,8,upper,0,0,0,0
697,8,lower,0,0,0,0
698,1,upper,0,0,0,0
698,1,lower,0,0,0,0
698,2,upper,0,0,0,0
698,2,lower,0,0,0,0
698,3,upper,0,0,0,0
698,3,lower,0,0,0,0
698,4,upper,0,0,0,0
698,4,lower,0,0,0,0
698,5,upper,0,0,0,0
698,5,lower,0,0,0,0
698,6,upper,0,0,0,0
698,6,lower,0,0,0,0
698,7,upper,0,0,0,0
698,7,lower,0,0,0,0
698,8,upper,0,0,0,0
698,8,lower,0,0,0,0
699,1,upper,0,0,0,0
699,1,lower,0,0,0,0
699,2,upper,0,0,0,0
699,2,lower,0,0,0,0
699,3,upper,0,0,0,0
699,3,lower,0,0,0,0
699,4,upper,0,0,0,0
699,4,lower,0,0,0,0
699,5,upper,0,0,0,0
699,5,lower,0,0,0,0
699,6,upper,0,0,0,0
699,6,lower,0,0,0,0
699,7,upper,0,0,0,0
699,7,lower,0,0,0,0
699,8,upper,0,0,0,0
699,8,lower,0,0,0,0
700,1,upper,0,0,0,0
700,1,lower,0,0,0,0
700,2,upper,0,0,0,0
700,2,lower,0,0,0,0
700,3,upper,0,0,0,0
700,3,lower,0,0,0,0
700,4,upper,0,0,0,0
700,4,lower,0,0,0,0
700,5,upper,0,0,0,0
700,5,lower,0,0,0,0
700,6,upper,0,0,0,0
700,6,lower,0,0,0,0
700,7,upper,0,0,0,0
700,7,lower,0,0,0,0
700,8,upper,0,0,0,0
700,8,lower,0,0,0,0
701,1,upper,0,0,0,0
701,1,lower,0,0,0,0
701,2,upper,0,0,0,0
701,2,lower,0,0,0,0
701,3,upper,0,0,0,0
701,3,lower,0,0,0,0
701,4,upper,0,0,0,0
701,4,lower,0,0,0,0
701,5,upper,0,0,0,0
701,5,lower,0,0,0,0
701,6,upper,0,0,0,0
701,6,lower,0,0,0,0
701,7,upper,0,0,0,0
701,7,lower,0,0,0,0
701,8,upper,0,0,0,0
701,8,lower,0,0,0,0
702,1,upper,0,0,0,0
702,1,lower,0,0,0,0
702,2,upper,0,0,0,0
702,2,lower,0,0,0,0
702,3,upper,0,0,0,0
702,3,lower,0,0,0,0
702,4,upper,0,0,0,0
702,4,lower,0,0,0,0
702,5,upper,0,0,0,0
702,5,lower,0,0,0,0
702,6,upper,0,0,0,0
702,6,lower,0,0,0,0
702,7,upper,0,0,0,0
702,7,lower,0,0,0,0
702,8,upper,0,0,0,0
702,8,lower,0,0,0,0
703,1,upper,0,0,0,0
703,1,lower,0,0,0,0
703,2,upper,0,0,0,0
703,2,lower,0,0,0,0
703,3,upper,0,0,0,0
703,3,lower,0,0,0,0
703,4,upper,0,0,0,0
703,4,lower,0,0,0,0
703,5,upper,0,0,0,0
703,5,lower,0,0,0,0
703,6,upper,0,0,0,0
703,6,lower,0,0,0,0
703,7,upper,0,0,0,0
703,7,lower,0,0,0,0
703,8,upper,0,0,0,0
703,8,lower,0,0,0,0
704,1,upper,0,0,0,0
704,1,lower,0,0,0,0
704,2,upper,0,0,0,0
704,2,lower,0,0,0,0
704,3,upper,0,0,0,0
704,3,lower,0,0,0,0
704,4,upper,0,0,0,0
704,4,lower,0,0,0,0
704,5,upper,0,0,0,0
704,5,lower,0,0,0,0
704,6,upper,0,0,0,0
704,6,lower,0,0,0,0
704,7,upper,0,0,0,0
704,7,lower,0,0,0,0
704,8,upper,0,0,0,0
704,8,lower,0,0,0,0
705,1,upper,0,0,0,0
705,1,lower,0,0,0,0
705,2,upper,0,0,0,0
705,2,lower,0,0,0,0
705,3,upper,0,0,0,0
705,3,lower,0,0,0,0
705,4,upper,0,0,0,0
705,4,lower,0,0,0,0
705,5,upper,0,0,0,0
705,5,lower,0,0,0,0
705,6,upper,0,0,0,0
705,6,lower,0,0,0,0
705,7,upper,0,0,0,0
705,7,lower,0,0,0,0
705,8,upper,0,0,0,0
705,8,lower,0,0,0,0
706,1,upper,0,0,0,0
706,1,lower,0,0,0,0
706,2,upper,0,0,0,0
706,2,lower,0,0,0,0
706,3,upper,0,0,0,0
706,3,lower,0,0,0,0
706,4,upper,0,0,0,0
706,4,lower,0,0,0,0
706,5,upper,0,0,0,0
706,5,lower,0,0,0,0
706,6,upper,0,0,0,0
706,6,lower,0,0,0,0
706,7,upper,0,0,0,0
706,7,lower,0,0,0,0
706,8,upper,0,0,0,0
706,8,lower,0,0,0,0
707,1,upper,0,0,0,0
707,1,lower,0,0,0,0
707,2,upper,0,0,0,0
707,2,lower,0,0,0,0
707,3,upper,0,0,0,0
707,3,lower,0,0,0,0
707,4,upper,0,0,0,0
707,4,lower,0,0,0,0
707,5,upper,0,0,0,0
707,5,lower,0,0,0,0
707,6,upper,0,0,0,0
707,6,lower,0,0,0,0
707,7,upper,0,0,0,0
707,7,lower,0,0,0,0
707,8,upper,0,0,0,0
707,8,lower,0,0,0,0
708,1,upper,0,0,0,0
708,1,lower,0,0,0,0
708,2,upper,0,0,0,0
708,2,lower,0,0,0,0
708,3,upper,0,0,0,0
708,3,lower,0,0,0,0
708,4,upper,0,0,0,0
708,4,lower,0,0,0,0
708,5,upper,0,0,0,0
708,5,lower,0,0,0,0
708,6,upper,0,0,0,0
708,6,lower,0,0,0,0
708,7,upper,0,0,0,0
708,7,lower,0,0,0,0
708,8,upper,0,0,0,0
708,8,lower,0,0,0,0
709,1,upper,0,0,0,0
709,1,lower,0,0,0,0
709,2,upper,0,0,0,0
709,2,lower,0,0,0,0
709,3,upper,0,0,0,0
709,3,lower,0,0,0,0
709,4,upper,0,0,0,0
709,4,lower,0,0,0,0
709,5,upper,0,0,0,0
709,5,lower,0,0,0,0
709,6,upper,0,0,0,0
709,6,lower,0,0,0,0
709,7,upper,0,0,0,0
709,7,lower,0,0,0,0
709,8,upper,0,0,0,0
709,8,lower,0,0,0,0
710,1,upper,0,0,0,0
710,1,lower,0,0,0,0
710,2,upper,0,0,0,0
710,2,lower,0,0,0,0
710,3,upper,0,0,0,0
710,3,lower,0,0,0,0
710,4,upper,0,0,0,0
710,4,lower,0,0,0,0
710,5,upper,0,0,0,0
710,5,lower,0,0,0,0
710,6,upper,0,0,0,0
710,6,lower,0,0,0,0
710,7,upper,0,0,0,0
710,7,lower,0,0,0,0
710,8,upper,0,0,0,0
710,8,lower,0,0,0,0
711,1,upper,0,0,0,0
711,1,lower,0,0,0,0
711,2,upper,0,0,0,0
711,2,lower,0,0,0,0
711,3,upper,0,0,0,0
711,3,lower,0,0,0,0
711,4,upper,0,0,0,0
711,4,lower,0,0,0,0
711,5,upper,0,0,0,0
711,5,lower,0,0,0,0
711,6,upper,0,0,0,0
711,6,lower,0,0,0,0
711,7,upper,0,0,0,0
711,7,lower,0,0,0,0
711,8,upper,0,0,0,0
711,8,lower,0,0,0,0
712,1,upper,0,0,0,0
712,1,lower,0,0,0,0
712,2,upper,0,0,0,0
712,2,lower,0,0,0,0
712,3,upper,0,0,0,0
712,3,lower,0,0,0,0
712,4,upper,0,0,0,0
712,4,lower,0,0,0,0
712,5,upper,0,0,0,0
712,5,lower,0,0,0,0
712,6,upper,0,0,0,0
712,6,lower,0,0,0,0
712,7,upper,0,0,0,0
712,7,lower,0,0,0,0
712,8,upper,0,0,0,0
712,8,lower,0,0,0,0
713,1,upper,0,0,0,0
713,1,lower,0,0,0,0
713,2,upper,0,0,0,0
713,2,lower,0,0,0,0
713,3,upper,0,0,0,0
713,3,lower,0,0,0,0
713,4,upper,0,0,0,0
713,4,lower,0,0,0,0
713,5,upper,0,0,0,0
713,5,lower,0,0,0,0
713,6,upper,0,0,0,0
713,6,lower,0,0,0,0
713,7,upper,0,0,0,0
713,7,lower,0,0,0,0
713,8,upper,0,0,0,0
713,8,lower,0,0,0,0
714,1,upper,0,0,0,0
714,1,lower,0,0,0,0
714,2,upper,0,0,0,0
714,2,lower,0,0,0,0
714,3,upper,0,0,0,0
714,3,lower,0,0,0,0
714,4,upper,0,0,0,0
714,4,lower,0,0,0,0
714,5,upper,0,0,0,0
714,5,lower,0,0,0,0
714,6,upper,0,0,0,0
714,6,lower,0,0,0,0
714,7,upper,0,0,0,0
714,7,lower,0,0,0,0
714,8,upper,0,0,0,0
714,8,lower,0,0,0,0
715,1,upper,0,0,0,0
715,1,lower,0,0,0,0
715,2,upper,0,0,0,0
715,2,lower,0,0,0,0
715,3,upper,0,0,0,0
715,3,lower,0,0,0,0
715,4,upper,0,0,0,0
715,4,lower,0,0,0,0
715,5,upper,0,0,0,0
715,5,lower,0,0,0,0
715,6,upper,0,0,0,0
715,6,lower,0,0,0,0
715,7,upper,0,0,0,0
715,7,lower,0,0,0,0
715,8,upper,0,0,0,0
715,8,lower,0,0,0,0
716,1,upper,0,0,0,0
716,1,lower,0,0,0,0
716,2,upper,0,0,0,0
716,2,lower,0,0,0,0
716,3,upper,0,0,0,0
716,3,lower,0,0,0,0
716,4,upper,0,0,0,0
716,4,lower,0,0,0,0
716,5,upper,0,0,0,0
716,5,lower,0,0,0,0
716,6,upper,0,0,0,0
716,6,lower,0,0,0,0
716,7,upper,0,0,0,0
716,7,lower,0,0,0,0
716,8,upper,0,0,0,0
716,8,lower,0,0,0,0
717,1,upper,0,0,0,0
717,1,lower,0,0,0,0
717,2,upper,0,0,0,0
717,2,lower,0,0,0,0
717,3,upper,0,0,0,0
717,3,lower,0,0,0,0
717,4,upper,0,0,0,0
717,4,lower,0,0,0,0
717,5,upper,0,0,0,0
717,5,lower,0,0,0,0
717,6,upper,0,0,0,0
717,6,lower,0,0,0,0
717,7,upper,0,0,0,0
717,7,lower,0,0,0,0
717,8,upper,0,0,0,0
717,8,lower,0,0,0,0
718,1,upper,0,0,0,0
718,1,lower,0,0,0,0
718,2,upper,0,0,0,0
718,2,lower,0,0,0,0
718,3,upper,0,0,0,0
718,3,lower,0,0,0,0
718,4,upper,0,0,0,0
718,4,lower,0,0,0,0
718,5,upper,0,0,0,0
718,5,lower,0,0,0,0
718,6,upper,0,0,0,0
718,6,lower,0,0,0,0
718,7,upper,0,0,0,0
718,7,lower,0,0,0,0
718,8,upper,0,0,0,0
718,8,lower,0,0,0,0
719,1,upper,0,0,0,0
719,1,lower,0,0,0,0
719,2,upper,0,0,0,0
719,2,lower,0,0,0,0
719,3,upper,0,0,0,0
719,3,lower,0,0,0,0
719,4,upper,0,0,0,0
719,4,lower,0,0,0,0
719,5,upper,0,0,0,0
719,5,lower,0,0,0,0
719,6,upper,0,0,0,0
719,6,lower,0,0,0,0
719,7,upper,0,0,0,0
719,7,lower,0,0,0,0
719,8,upper,0,0,0,0
719,8,lower,0,0,0,0
720,1,upper,0,0,0,0
720,1,lower,0,0,0,0
720,2,upper,0,0,0,0
720,2,lower,0,0,0,0
720,3,upper,0,0,0,0
720,3,lower,0,0,0,0
720,4,upper,0,0,0,0
720,4,lower,0,0,0,0
720,5,upper,0,0,0,0
720,5,lower,0,0,0,0
720,6,upper,0,0,0,0
720,6,lower,0,0,0,0
720,7,upper,0,0,0,0
720,7,lower,0,0,0,0
720,8,upper,0,0,0,0
720,8,lower,0,0,0,0
721,1,upper,0,0,0,0
721,1,lower,0,0,0,0
721,2,upper,0,0,0,0
721,2,lower,0,0,0,0
721,3,upper,0,0,0,0
721,3,lower,0,0,0,0
721,4,upper,0,0,0,0
721,4,lower,0,0,0,0
721,5,upper,0,0,0,0
721,5,lower,0,0,0,0
721,6,upper,0,0,0,0
721,6,lower,0,0,0,0
721,7,upper,0,0,0,0
721,7,lower,0,0,0,0
721,8,upper,0,0,0,0
721,8,lower,0,0,0,0
722,1,upper,0,0,0,0
722,1,lower,0,0,0,0
722,2,upper,0,0,0,0
722,2,lower,0,0,0,0
722,3,upper,0,0,0,0
722,3,lower,0,0,0,0
722,4,upper,0,0,0,0
722,4,lower,0,0,0,0
722,5,upper,0,0,0,0
722,5,lower,0,0,0,0
722,6,upper,0,0,0,0
722,6,lower,0,0,0,0
722,7,upper,0,0,0,0
722,7,lower,0,0,0,0
722,8,upper,0,0,0,0
722,8,lower,0,0,0,0
723,1,upper,0,0,0,0
723,1,lower,0,0,0,0
723,2,upper,0,0,0,0
723,2,lower,0,0,0,0
723,3,upper,0,0,0,0
723,3,lower,0,0,0,0
723,4,upper,0,0,0,0
723,4,lower,0,0,0,0
723,5,upper,0,0,0,0
723,5,lower,0,0,0,0
723,6,upper,0,0,0,0
723,6,lower,0,0,0,0
723,7,upper,0,0,0,0
723,7,lower,0,0,0,0
723,8,upper,0,0,0,0
723,8,lower,0,0,0,0
724,1,upper,0,0,0,0
724,1,lower,0,0,0,0
724,2,upper,0,0,0,0
724,2,lower,0,0,0,0
724,3,upper,0,0,0,0
724,3,lower,0,0,0,0
724,4,upper,0,0,0,0
724,4,lower,0,0,0,0
724,5,upper,0,0,0,0
724,5,lower,0,0,0,0
724,6,upper,0,0,0,0
724,6,lower,0,0,0,0
724,7,upper,0,0,0,0
724,7,lower,0,0,0,0
724,8,upper,0,0,0,0
724,8,lower,0,0,0,0
725,1,upper,0,0,0,0
725,1,lower,0,0,0,0
725,2,upper,0,0,0,0
725,2,lower,0,0,0,0
725,3,upper,0,0,0,0
725,3,lower,0,0,0,0
725,4,upper,0,0,0,0
725,4,lower,0,0,0,0
725,5,upper,0,0,0,0
725,5,lower,0,0,0,0
725,6,upper,0,0,0,0
725,6,lower,0,0,0,0
725,7,upper,0,0,0,0
725,7,lower,0,0,0,0
725,8,upper,0,0,0,0
725,8,lower,0,0,0,0
726,1,upper,0,0,0,0
726,1,lower,0,0,0,0
726,2,upper,0,0,0,0
726,2,lower,0,0,0,0
726,3,upper,0,0,0,0
726,3,lower,0,0,0,0
726,4,upper,0,0,0,0
726,4,lower,0,0,0,0
726,5,upper,0,0,0,0
726,5,lower,0,0,0,0
726,6,upper,0,0,0,0
726,6,lower,0,0,0,0
726,7,upper,0,0,0,0
726,7,lower,0,0,0,0
726,8,upper,0,0,0,0
726,8,lower,0,0,0,0
727,1,upper,0,0,0,0
727,1,lower,0,0,0,0
727,2,upper,0,0,0,0
727,2,lower,0,0,0,0
727,3,upper,0,0,0,0
727,3,lower,0,0,0,0
727,4,upper,0,0,0,0
727,4,lower,0,0,0,0
727,5,upper,0,0,0,0
727,5,lower,0,0,0,0
727,6,upper,0,0,0,0
727,6,lower,0,0,0,0
727,7,upper,0,0,0,0
727,7,lower,0,0,0,0
727,8,upper,0,0,0,0
727,8,lower,0,0,0,0
728,1,upper,0,0,0,0
728,1,lower,0,0,0,0
728,2,upper,0,0,0,0
728,2,lower,0,0,0,0
728,3,upper,0,0,0,0
728,3,lower,0,0,0,0
728,4,upper,0,0,0,0
728,4,lower,0,0,0,0
728,5,upper,0,0,0,0
728,5,lower,0,0,0,0
728,6,upper,0,0,0,0
728,6,lower,0,0,0,0
728,7,upper,0,0,0,0
728,7,lower,0,0,0,0
728,8,upper,0,0,0,0
728,8,lower,0,0,0,0
729,1,upper,0,0,0,0
729,1,lower,0,0,0,0
729,2,upper,0,0,0,0
729,2,lower,0,0,0,0
729,3,upper,0,0,0,0
729,3,lower,0,0,0,0
729,4,upper,0,0,0,0
729,4,lower,0,0,0,0
729,5,upper,0,0,0,0
729,5,lower,0,0,0,0
729,6,upper,0,0,0,0
729,6,lower,0,0,0,0
729,7,upper,0,0,0,0
729,7,lower,0,0,0,0
729,8,upper,0,0,0,0
729,8,lower,0,0,0,0
730,1,upper,0,0,0,0
730,1,lower,0,0,0,0
730,2,upper,0,0,0,0
730,2,lower,0,0,0,0
730,3,upper,0,0,0,0
730,3,lower,0,0,0,0
730,4,upper,0,0,0,0
730,4,lower,0,0,0,0
730,5,upper,0,0,0,0
730,5,lower,0,0,0,0
730,6,upper,0,0,0,0
730,6,lower,0,0,0,0
730,7,upper,0,0,0,0
730,7,lower,0,0,0,0
730,8,upper,0,0,0,0
730,8,lower,0,0,0,0
731,1,upper,0,0,0,0
731,1,lower,0,0,0,0
731,2,upper,0,0,0,0
731,2,lower,0,0,0,0
731,3,upper,0,0,0,0
731,3,lower,0,0,0,0
731,4,upper,0,0,0,0
731,4,lower,0,0,0,0
731,5,upper,0,0,0,0
731,5,lower,0,0,0,0
731,6,upper,0,0,0,0
731,6,lower,0,0,0,0
731,7,upper,0,0,0,0
731,7,lower,0,0,0,0
731,8,upper,0,0,0,0
731,8,lower,0,0,0,0
732,1,upper,0,0,0,0
732,1,lower,0,0,0,0
732,2,upper,0,0,0,0
732,2,lower,0,0,0,0
732,3,upper,0,0,0,0
732,3,lower,0,0,0,0
732,4,upper,0,0,0,0
732,4,lower,0,0,0,0
732,5,upper,0,0,0,0
732,5,lower,0,0,0,0
732,6,upper,0,0,0,0
732,6,lower,0,0,0,0
732,7,upper,0,0,0,0
732,7,lower,0,0,0,0
732,8,upper,0,0,0,0
732,8,lower,0,0,0,0
733,1,upper,0,0,0,0
733,1,lower,0,0,0,0
733,2,upper,0,0,0,0
733,2,lower,0,0,0,0
733,3,upper,0,0,0,0
733,3,lower,0,0,0,0
733,4,upper,0,0,0,0
733,4,lower,0,0,0,0
733,5,upper,0,0,0,0
733,5,lower,0,0,0,0
733,6,upper,0,0,0,0
733,6,lower,0,0,0,0
733,7,upper,0,0,0,0
733,7,lower,0,0,0,0
733,8,upper,0,0,0,0
733,8,lower,0,0,0,0
734,1,upper,0,0,0,0
734,1,lower,0,0,0,0
734,2,upper,0,0,0,0
734,2,lower,0,0,0,0
734,3,upper,0,0,0,0
734,3,lower,0,0,0,0
734,4,upper,0,0,0,0
734,4,lower,0,0,0,0
734,5,upper,0,0,0,0
734,5,lower,0,0,0,0
734,6,upper,0,0,0,0
734,6,lower,0,0,0,0
734,7,upper,0,0,0,0
734,7,lower,0,0,0,0
734,8,upper,0,0,0,0
734,8,lower,0,0,0,0
735,1,upper,0,0,0,0
735,1,lower,0,0,0,0
735,2,upper,0,0,0,0
735,2,lower,0,0,0,0
735,3,upper,0,0,0,0
735,3,lower,0,0,0,0
735,4,upper,0,0,0,0
735,4,lower,0,0,0,0
735,5,upper,0,0,0,0
735,5,lower,0,0,0,0
735,6,upper,0,0,0,0
735,6,lower,0,0,0,0
735,7,upper,0,0,0,0
735,7,lower,0,0,0,0
735,8,upper,0,0,0,0
735,8,lower,0,0,0,0
736,1,upper,0,0,0,0
736,1,lower,0,0,0,0
736,2,upper,0,0,0,0
736,2,lower,0,0,0,0
736,3,upper,0,0,0,0
736,3,lower,0,0,0,0
736,4,upper,0,0,0,0
736,4,lower,0,0,0,0
736,5,upper,0,0,0,0
736,5,lower,0,0,0,0
736,6,upper,0,0,0,0
736,6,lower,0,0,0,0
736,7,upper,0,0,0,0
736,7,lower,0,0,0,0
736,8,upper,0,0,0,0
736,8,lower,0,0,0,0
737,1,upper,0,0,0,0
737,1,lower,0,0,0,0
737,2,upper,0,0,0,0
737,2,lower,0,0,0,0
737,3,upper,0,0,0,0
737,3,lower,0,0,0,0
737,4,upper,0,0,0,0
737,4,lower,0,0,0,0
737,5,upper,0,0,0,0
737,5,lower,0,0,0,0
737,6,upper,0,0,0,0
737,6,lower,0,0,0,0
737,7,upper,0,0,0,0
737,7,lower,0,0,0,0
737,8,upper,0,0,0,0
737,8,lower,0,0,0,0
738,1,upper,0,0,0,0
738,1,lower,0,0,0,0
738,2,upper,0,0,0,0
738,2,lower,0,0,0,0
738,3,upper,0,0,0,0
738,3,lower,0,0,0,0
738,4,upper,0,0,0,0
738,4,lower,0,0,0,0
738,5,upper,0,0,0,0
738,5,lower,0,0,0,0
738,6,upper,0,0,0,0
738,6,lower,0,0,0,0
738,7,upper,0,0,0,0
738,7,lower,0,0,0,0
738,8,upper,0,0,0,0
738,8,lower,0,0,0,0
739,1,upper,0,0,0,0
739,1,lower,0,0,0,0
739,2,upper,0,0,0,0
739,2,lower,0,0,0,0
739,3,upper,0,0,0,0
739,3,lower,0,0,0,0
739,4,upper,0,0,0,0
739,4,lower,0,0,0,0
739,5,upper,0,0,0,0
739,5,lower,0,0,0,0
739,6,upper,0,0,0,0
739,6,lower,0,0,0,0
739,7,upper,0,0,0,0
739,7,lower,0,0,0,0
739,8,upper,0,0,0,0
739,8,lower,0,0,0,0
740,1,upper,0,0,0,0
740,1,lower,0,0,0,0
740,2,upper,0,0,0,0
740,2,lower,0,0,0,0
740,3,upper,0,0,0,0
740,3,lower,0,0,0,0
740,4,upper,0,0,0,0
740,4,lower,0,0,0,0
740,5,upper,0,0,0,0
740,5,lower,0,0,0,0
740,6,upper,0,0,0,0
740,6,lower,0,0,0,0
740,7,upper,0,0,0,0
740,7,lower,0,0,0,0
740,8,upper,0,0,0,0
740,8,lower,0,0,0,0
741,1,upper,0,0,0,0
741,1,lower,0,0,0,0
741,2,upper,0,0,0,0
741,2,lower,0,0,0,0
741,3,upper,0,0,0,0
741,3,lower,0,0,0,0
741,4,upper,0,0,0,0
741,4,lower,0,0,0,0
741,5,upper,0,0,0,0
741,5,lower,0,0,0,0
741,6,upper,0,0,0,0
741,6,lower,0,0,0,0
741,7,upper,0,0,0,0
741,7,lower,0,0,0,0
741,8,upper,0,0,0,0
741,8,lower,0,0,0,0
742,1,upper,0,0,0,0
742,1,lower,0,0,0,0
742,2,upper,0,0,0,0
742,2,lower,0,0,0,0
742,3,upper,0,0,0,0
742,3,lower,0,0,0,0
742,4,upper,0,0,0,0
742,4,lower,0,0,0,0
742,5,upper,0,0,0,0
742,5,lower,0,0,0,0
742,6,upper,0,0,0,0
742,6,lower,0,0,0,0
742,7,upper,0,0,0,0
742,7,lower,0,0,0,0
742,8,upper,0,0,0,0
742,8,lower,0,0,0,0
743,1,upper,0,0,0,0
743,1,lower,0,0,0,0
743,2,upper,0,0,0,0
743,2,lower,0,0,0,0
743,3,upper,0,0,0,0
743,3,lower,0,0,0,0
743,4,upper,0,0,0,0
743,4,lower,0,0,0,0
743,5,upper,0,0,0,0
743,5,lower,0,0,0,0
743,6,upper,0,0,0,0
743,6,lower,0,0,0,0
743,7,upper,0,0,0,0
743,7,lower,0,0,0,0
743,8,upper,0,0,0,0
743,8,lower,0,0,0,0
744,1,upper,0,0,0,0
744,1,lower,0,0,0,0
744,2,upper,0,0,0,0
744,2,lower,0,0,0,0
744,3,upper,0,0,0,0
744,3,lower,0,0,0,0
744,4,upper,0,0,0,0
744,4,lower,0,0,0,0
744,5,upper,0,0,0,0
744,5,lower,0,0,0,0
744,6,upper,0,0,0,0
744,6,lower,0,0,0,0
744,7,upper,0,0,0,0
744,7,lower,0,0,0,0
744,8,upper,0,0,0,0
744,8,lower,0,0,0,0
745,1,upper,0,0,0,0
745,1,lower,0,0,0,0
745,2,upper,0,0,0,0
745,2,lower,0,0,0,0
745,3,upper,0,0,0,0
745,3,lower,0,0,0,0
745,4,upper,0,0,0,0
745,4,lower,0,0,0,0
745,5,upper,0,0,0,0
745,5,lower,0,0,0,0
745,6,upper,0,0,0,0
745,6,lower,0,0,0,0
745,7,upper,0,0,0,0
745,7,lower,0,0,0,0
745,8,upper,0,0,0,0
745,8,lower,0,0,0,0
746,1,upper,0,0,0,0
746,1,lower,0,0,0,0
746,2,upper,0,0,0,0
746,2,lower,0,0,0,0
746,3,upper,0,0,0,0
746,3,lower,0,0,0,0
746,4,upper,0,0,0,0
746,4,lower,0,0,0,0
746,5,upper,0,0,0,0
746,5,lower,0,0,0,0
746,6,upper,0,0,0,0
746,6,lower,0,0,0,0
746,7,upper,0,0,0,0
746,7,lower,0,0,0,0
746,8,upper,0,0,0,0
746,8,lower,0,0,0,0
747,1,upper,0,0,0,0
747,1,lower,0,0,0,0
747,2,upper,0,0,0,0
747,2,lower,0,0,0,0
747,3,upper,0,0,0,0
747,3,lower,0,0,0,0
747,4,upper,0,0,0,0
747,4,lower,0,0,0,0
747,5,upper,0,0,0,0
747,5,lower,0,0,0,0
747,6,upper,0,0,0,0
747,6,lower,0,0,0,0
747,7,upper,0,0,0,0
747,7,lower,0,0,0,0
747,8,upper,0,0,0,0
747,8,lower,0,0,0,0
748,1,upper,0,0,0,0
748,1,lower,0,0,0,0
748,2,upper,0,0,0,0
748,2,lower,0,0,0,0
748,3,upper,0,0,0,0
748,3,lower,0,0,0,0
748,4,upper,0,0,0,0
748,4,lower,0,0,0,0
748,5,upper,0,0,0,0
748,5,lower,0,0,0,0
748,6,upper,0,0,0,0
748,6,lower,0,0,0,0
748,7,upper,0,0,0,0
748,7,lower,0,0,0,0
748,8,upper,0,0,0,0
748,8,lower,0,0,0,0
749,1,upper,0,0,0,0
749,1,lower,0,0,0,0
749,2,upper,0,0,0,0
749,2,lower,0,0,0,0
749,3,upper,0,0,0,0
749,3,lower,0,0,0,0
749,4,upper,0,0,0,0
749,4,lower,0,0,0,0
749,5,upper,0,0,0,0
749,5,lower,0,0,0,0
749,6,upper,0,0,0,0
749,6,lower,0,0,0,0
749,7,upper,0,0,0,0
749,7,lower,0,0,0,0
749,8,upper,0,0,0,0
749,8,lower,0,0,0,0
750,1,upper,0,0,0,0
750,1,lower,0,0,0,0
750,2,upper,0,0,0,0
750,2,lower,0,0,0,0
750,3,upper,0,0,0,0
750,3,lower,0,0,0,0
750,4,upper,0,0,0,0
750,4,lower,0,0,0,0
750,5,upper,0,0,0,0
750,5,lower,0,0,0,0
750,6,upper,0,0,0,0
750,6,lower,0,0,0,0
750,7,upper,0,0,0,0
750,7,lower,0,0,0,0
750,8,upper,0,0,0,0
750,8,lower,0,0,0,0
751,1,upper,0,0,0,0
751,1,lower,0,0,0,0
751,2,upper,0,0,0,0
751,2,lower,0,0,0,0
751,3,upper,0,0,0,0
751,3,lower,0,0,0,0
751,4,upper,0,0,0,0
751,4,lower,0,0,0,0
751,5,upper,0,0,0,0
751,5,lower,0,0,0,0
751,6,upper,0,0,0,0
751,6,lower,0,0,0,0
751,7,upper,0,0,0,0
751,7,lower,0,0,0,0
751,8,upper,0,0,0,0
751,8,lower,0,0,0,0
752,1,upper,0,0,0,0
752,1,lower,0,0,0,0
752,2,upper,0,0,0,0
752,2,lower,0,0,0,0
752,3,upper,0,0,0,0
752,3,lower,0,0,0,0
752,4,upper,0,0,0,0
752,4,lower,0,0,0,0
752,5,upper,0,0,0,0
752,5,lower,0,0,0,0
752,6,upper,0,0,0,0
752,6,lower,0,0,0,0
752,7,upper,0,0,0,0
752,7,lower,0,0,0,0
752,8,upper,0,0,0,0
752,8,lower,0,0,0,0
753,1,upper,0,0,0,0
753,1,lower,0,0,0,0
753,2,upper,0,0,0,0
753,2,lower,0,0,0,0
753,3,upper,0,0,0,0
753,3,lower,0,0,0,0
753,4,upper,0,0,0,0
753,4,lower,0,0,0,0
753,5,upper,0,0,0,0
753,5,lower,0,0,0,0
753,6,upper,0,0,0,0
753,6,lower,0,0,0,0
753,7,upper,0,0,0,0
753,7,lower,0,0,0,0
753,8,upper,0,0,0,0
753,8,lower,0,0,0,0
754,1,upper,0,0,0,0
754,1,lower,0,0,0,0
754,2,upper,0,0,0,0
754,2,lower,0,0,0,0
754,3,upper,0,0,0,0
754,3,lower,0,0,0,0
754,4,upper,0,0,0,0
754,4,lower,0,0,0,0
754,5,upper,0,0,0,0
754,5,lower,0,0,0,0
754,6,upper,0,0,0,0
754,6,lower,0,0,0,0
754,7,upper,0,0,0,0
754,7,lower,0,0,0,0
754,8,upper,0,0,0,0
754,8,lower,0,0,0,0
755,1,upper,0,0,0,0
755,1,lower,0,0,0,0
755,2,upper,0,0,0,0
755,2,lower,0,0,0,0
755,3,upper,0,0,0,0
755,3,lower,0,0,0,0
755,4,upper,0,0,0,0
755,4,lower,0,0,0,0
755,5,upper,0,0,0,0
755,5,lower,0,0,0,0
755,6,upper,0,0,0,0
755,6,lower,0,0,0,0
755,7,upper,0,0,0,0
755,7,lower,0,0,0,0
755,8,upper,0,0,0,0
755,8,lower,0,0,0,0
756,1,upper,0,0,0,0
756,1,lower,0,0,0,0
756,2,upper,0,0,0,0
756,2,lower,0,0,0,0
756,3,upper,0,0,0,0
756,3,lower,0,0,0,0
756,4,upper,0,0,0,0
756,4,lower,0,0,0,0
756,5,upper,0,0,0,0
756,5,lower,0,0,0,0
756,6,upper,0,0,0,0
756,6,lower,0,0,0,0
756,7,upper,0,0,0,0
756,7,lower,0,0,0,0
756,8,upper,0,0,0,0
756,8,lower,0,0,0,0
757,1,upper,0,0,0,0
757,1,lower,0,0,0,0
757,2,upper,0,0,0,0
757,2,lower,0,0,0,0
757,3,upper,0,0,0,0
757,3,lower,0,0,0,0
757,4,upper,0,0,0,0
757,4,lower,0,0,0,0
757,5,upper,0,0,0,0
757,5,lower,0,0,0,0
757,6,upper,0,0,0,0
757,6,lower,0,0,0,0
757,7,upper,0,0,0,0
757,7,lower,0,0,0,0
757,8,upper,0,0,0,0
757,8,lower,0,0,0,0
758,1,upper,0,0,0,0
758,1,lower,0,0,0,0
758,2,upper,0,0,0,0
758,2,lower,0,0,0,0
758,3,upper,0,0,0,0
758,3,lower,0,0,0,0
758,4,upper,0,0,0,0
758,4,lower,0,0,0,0
758,5,upper,0,0,0,0
758,5,lower,0,0,0,0
758,6,upper,0,0,0,0
758,6,lower,0,0,0,0
758,7,upper,0,0,0,0
758,7,lower,0,0,0,0
758,8,upper,0,0,0,0
758,8,lower,0,0,0,0
759,1,upper,0,0,0,0
759,1,lower,0,0,0,0
759,2,upper,0,0,0,0
759,2,lower,0,0,0,0
759,3,upper,0,0,0,0
759,3,lower,0,0,0,0
759,4,upper,0,0,0,0
759,4,lower,0,0,0,0
759,5,upper,0,0,0,0
759,5,lower,0,0,0,0
759,6,upper,0,0,0,0
759,6,lower,0,0,0,0
759,7,upper,0,0,0,0
759,7,lower,0,0,0,0
759,8,upper,0,0,0,0
759,8,lower,0,0,0,0
760,1,upper,0,0,0,0
760,1,lower,0,0,0,0
760,2,upper,0,0,0,0
760,2,lower,0,0,0,0
760,3,upper,0,0,0,0
760,3,lower,0,0,0,0
760,4,upper,0,0,0,0
760,4,lower,0,0,0,0
760,5,upper,0,0,0,0
760,5,lower,0,0,0,0
760,6,upper,0,0,0,0
760,6,lower,0,0,0,0
760,7,upper,0,0,0,0
760,7,lower,0,0,0,0
760,8,upper,0,0,0,0
760,8,lower,0,0,0,0
761,1,upper,0,0,0,0
761,1,lower,0,0,0,0
761,2,upper,0,0,0,0
761,2,lower,0,0,0,0
761,3,upper,0,0,0,0
761,3,lower,0,0,0,0
761,4,upper,0,0,0,0
761,4,lower,0,0,0,0
761,5,upper,0,0,0,0
761,5,lower,0,0,0,0
761,6,upper,0,0,0,0
761,6,lower,0,0,0,0
761,7,upper,0,0,0,0
761,7,lower,0,0,0,0
761,8,upper,0,0,0,0
761,8,lower,0,0,0,0
762,1,upper,0,0,0,0
762,1,lower,0,0,0,0
762,2,upper,0,0,0,0
762,2,lower,0,0,0,0
762,3,upper,0,0,0,0
762,3,lower,0,0,0,0
762,4,upper,0,0,0,0
762,4,lower,0,0,0,0
762,5,upper,0,0,0,0
762,5,lower,0,0,0,0
762,6,upper,0,0,0,0
762,6,lower,0,0,0,0
762,7,upper,0,0,0,0
762,7,lower,0,0,0,0
762,8,upper,0,0,0,0
762,8,lower,0,0,0,0
763,1,upper,0,0,0,0
763,1,lower,0,0,0,0
763,2,upper,0,0,0,0
763,2,lower,0,0,0,0
763,3,upper,0,0,0,0
763,3,lower,0,0,0,0
763,4,upper,0,0,0,0
763,4,lower,0,0,0,0
763,5,upper,0,0,0,0
763,5,lower,0,0,0,0
763,6,upper,0,0,0,0
763,6,lower,0,0,0,0
763,7,upper,0,0,0,0
763,7,lower,0,0,0,0
763,8,upper,0,0,0,0
763,8,lower,0,0,0,0
764,1,upper,0,0,0,0
764,1,lower,0,0,0,0
764,2,upper,0,0,0,0
764,2,lower,0,0,0,0
764,3,upper,0,0,0,0
764,3,lower,0,0,0,0
764,4,upper,0,0,0,0
764,4,lower,0,0,0,0
764,5,upper,0,0,0,0
764,5,lower,0,0,0,0
764,6,upper,0,0,0,0
764,6,lower,0,0,0,0
764,7,upper,0,0,0,0
764,7,lower,0,0,0,0
764,8,upper,0,0,0,0
764,8,lower,0,0,0,0
765,1,upper,0,0,0,0
765,1,lower,0,0,0,0
765,2,upper,0,0,0,0
765,2,lower,0,0,0,0
765,3,upper,0,0,0,0
765,3,lower,0,0,0,0
765,4,upper,0,0,0,0
765,4,lower,0,0,0,0
765,5,upper,0,0,0,0
765,5,lower,0,0,0,0
765,6,upper,0,0,0,0
765,6,lower,0,0,0,0
765,7,upper,0,0,0,0
765,7,lower,0,0,0,0
765,8,upper,0,0,0,0
765,8,lower,0,0,0,0
766,1,upper,0,0,0,0
766,1,lower,0,0,0,0
766,2,upper,0,0,0,0
766,2,lower,0,0,0,0
766,3,upper,0,0,0,0
766,3,lower,0,0,0,0
766,4,upper,0,0,0,0
766,4,lower,0,0,0,0
766,5,upper,0,0,0,0
766,5,lower,0,0,0,0
766,6,upper,0,0,0,0
766,6,lower,0,0,0,0
766,7,upper,0,0,0,0
766,7,lower,0,0,0,0
766,8,upper,0,0,0,0
766,8,lower,0,0,0,0
767,1,upper,0,0,0,0
767,1,lower,0,0,0,-1
767,2,upper,0,0,0,0
767,2,lower,0,0,0,0
767,3,upper,0,0,0,0
767,3,lower,0,0,0,0
767,4,upper,0,0,0,0
767,4,lower,0,0,0,0
767,5,upper,0,0,0,0
767,5,lower,0,0,0,0
767,6,upper,0,0,0,0
767,6,lower,0,0,0,0
767,7,upper,0,0,0,0
767,7,lower,0,0,0,0
767,8,upper,0,0,0,0
767,8,lower,0,0,0,0
768,1,upper,0,0,0,0
768,1,lower,0,0,0,0
768,2,upper,0,0,0,0
768,2,lower,0,0,0,-1
768,3,upper,0,0,0,0
768,3,lower,0,0,0,0
768,4,upper,0,0,0,0
768,4,lower,0,0,0,0
768,5,upper,0,0,0,0
768,5,lower,0,0,0,0
768,6,upper,0,0,0,0
768,6,lower,0,0,0,0
768,7,upper,0,0,0,0
768,7,lower,0,0,0,0
768,8,upper,0,0,0,0
768,8,lower,0,0,0,0
769,1,upper,0,0,0,0
769,1,lower,0,0,0,0
769,2,upper,0,0,0,0
769,2,lower,0,0,0,0
769,3,upper,0,0,0,0
769,3,lower,0,0,0,-1
769,4,upper,0,0,0,0
769,4,lower,0,0,0,0
769,5,upper,0,0,0,0
769,5,lower,0,0,0,0
769,6,upper,0,0,0,0
769,6,lower,0,0,0,0
769,7,upper,0,0,0,0
769,7,lower,0,0,0,0
769,8,upper,0,0,0,0
769,8,lower,0,0,0,0
770,1,upper,0,0,0,0
770,1,lower,0,0,0,0
770,2,upper,0,0,0,0
770,2,lower,0,0,0,0
770,3,upper,0,0,0,0
770,3,lower,0,0,0,0
770,4,upper,0,0,0,0
770,4,lower,0,0,0,-1
770,5,upper,0,0,0,0
770,5,lower,0,0,0,0
770,6,upper,0,0,0,0
770,6,lower,0,0,0,0
770,7,upper,0,0,0,0
770,7,lower,0,0,0,0
770,8,upper,0,0,0,0
770,8,lower,0,0,0,0
771,1,upper,0,0,0,0
771,1,lower,0,0,0,0
771,2,upper,0,0,0,0
771,2,lower,0,0,0,0
771,3,upper,0,0,0,0
771,3,lower,0,0,0,0
771,4,upper,0,0,0,0
771,4,lower,0,0,0,0
771,5,upper,0,0,0,0
771,5,lower,0,0,0,-1
771,6,upper,0,0,0,0
771,6,lower,0,0,0,0
771,7,upper,0,0,0,0
771,7,lower,0,0,0,0
771,8,upper,0,0,0,0
771,8,lower,0,0,0,0
772,1,upper,0,0,0,0
772,1,lower,0,0,0,0
772,2,upper,0,0,0,0
772,2,lower,0,0,0,0
772,3,upper,0,0,0,0
772,3,lower,0,0,0,0
772,4,upper,0,0,0,0
772,4,lower,0,0,0,0
772,5,upper,0,0,0,0
772,5,lower,0,0,0,0
772,6,upper,0,0,0,0
772,6,lower,0,0,0,-1
772,7,upper,0,0,0,0
772,7,lower,0,0,0,0
772,8,upper,0,0,0,0
772,8,lower,0,0,0,0
773,1,upper,0,0,0,0
773,1,lower,0,0,0,0
773,2,upper,0,0,0,0
773,2,lower,0,0,0,0
773,3,upper,0,0,0,0
773,3,lower,0,0,0,0
773,4,upper,0,0,0,0
773,4,lower,0,0,0,0
773,5,upper,0,0,0,0
773,5,lower,0,0,0,0
773,6,upper,0,0,0,0
773,6,lower,0,0,0,0
773,7,upper,0,0,0,0
773,7,lower,0,0,0,0
773,8,upper,0,0,0,0
773,8,lower,0,0,0,0
774,1,upper,0,0,0,0
774,1,lower,0,0,0,0
774,2,upper,0,0,0,0
774,2,lower,0,0,0,0
774,3,upper,0,0,0,0
774,3,lower,0,0,0,0
774,4,upper,0,0,0,0
774,4,lower,0,0,0,0
774,5,upper,0,0,0,0
774,5,lower,0,0,0,0
774,6,upper,0,0,0,0
774,6,lower,0,0,0,0
774,7,upper,0,0,0,0
774,7,lower,0,0,0,0
774,8,upper,0,0,0,0
774,8,lower,0,0,0,0
775,1,upper,0,0,0,0
775,1,lower,0,0,0,0
775,2,upper,0,0,0,0
775,2,lower,0,0,0,0
775,3,upper,0,0,0,0
775,3,lower,0,0,0,0
775,4,upper,0,0,0,0
775,4,lower,0,0,0,0
775,5,upper,0,0,0,0
775,5,lower,0,0,0,0
775,6,upper,0,0,0,0
775,6,lower,0,0,0,0
775,7,upper,0,0,0,0
775,7,lower,0,0,0,0
775,8,upper,0,0,0,0
775,8,lower,0,0,0,0
776,1,upper,0,0,0,0
776,1,lower,0,0,0,0
776,2,upper,0,0,0,0
776,2,lower,0,0,0,0
776,3,upper,0,0,0,0
776,3,lower,0,0,0,0
776,4,upper,0,0,0,0
776,4,lower,0,0,0,0
776,5,upper,0,0,0,0
776,5,lower,0,0,0,0
776,6,upper,0,0,0,0
776,6,lower,0,0,0,-1
776,7,upper,0,0,0,0
776,7,lower,0,0,0,0
776,8,upper,0,0,0,0
776,8,lower,0,0,0,0
777,1,upper,0,0,0,0
777,1,lower,0,0,0,0
777,2,upper,0,0,0,0
777,2,lower,0,0,0,0
777,3,upper,0,0,0,0
777,3,lower,0,0,0,0
777,4,upper,0,0,0,0
777,4,lower,0,0,0,0
777,5,upper,0,0,0,0
777,5,lower,0,0,0,0
777,6,upper,0,0,0,0
777,6,lower,0,0,0,0
777,7,upper,0,0,0,0
777,7,lower,0,0,0,0
777,8,upper,0,0,0,0
777,8,lower,0,0,0,0
778,1,upper,0,0,0,0
778,1,lower,0,0,0,0
778,2,upper,0,0,0,0
778,2,lower,0,0,0,0
778,3,upper,0,0,0,0
778,3,lower,0,0,0,0
778,4,upper,0,0,0,0
778,4,lower,0,0,0,0
778,5,upper,0,0,0,0
778,5,lower,0,0,0,0
778,6,upper,0,0,0,0
778,6,lower,0,0,0,0
778,7,upper,0,0,0,0
778,7,lower,0,0,0,0
778,8,upper,0,0,0,-1
778,8,lower,0,0,0,-1
779,1,upper,0,0,0,0
779,1,lower,0,0,0,0
779,2,upper,0,0,0,0
779,2,lower,0,0,0,0
779,3,upper,0,0,0,0
779,3,lower,0,0,0,0
779,4,upper,0,0,0,0
779,4,lower,0,0,0,0
779,5,upper,0,0,0,0
779,5,lower,0,0,0,-1
779,6,upper,0,0,0,0
779,6,lower,0,0,0,0
779,7,upper,0,0,0,0
779,7,lower,0,0,0,0
779,8,upper,0,0,0,0
779,8,lower,0,0,0,0
780,1,upper,0,0,0,0
780,1,lower,0,0,0,0
780,2,upper,0,0,0,0
780,2,lower,0,0,0,0
780,3,upper,0,0,0,0
780,3,lower,0,0,0,0
780,4,upper,0,0,0,0
780,4,lower,0,0,0,0
780,5,upper,0,0,0,0
780,5,lower,0,0,0,0
780,6,upper,0,0,0,0
780,6,lower,0,0,0,-1
780,7,upper,0,0,0,0
780,7,lower,0,0,0,0
780,8,upper,0,0,0,0
780,8,lower,0,0,0,0
781,1,upper,0,0,0,0
781,1,lower,0,0,0,0
781,2,upper,0,0,0,0
781,2,lower,0,0,0,0
781,3,upper,0,0,0,0
781,3,lower,0,0,0,0
781,4,upper,0,0,0,0
781,4,lower,0,0,0,0
781,5,upper,0,0,0,0
781,5,lower,0,0,0,0
781,6,upper,0,0,0,0
781,6,lower,0,0,0,0
781,7,upper,0,0,0,0
781,7,lower,0,0,0,0
781,8,upper,0,0,0,0
781,8,lower,0,0,0,0
782,1,upper,0,0,0,0
782,1,lower,0,0,0,0
782,2,upper,0,0,0,0
782,2,lower,0,0,0,0
782,3,upper,0,0,0,0
782,3,lower,0,0,0,0
782,4,upper,0,0,0,0
782,4,lower,0,0,0,0
782,5,upper,0,0,0,0
782,5,lower,0,0,0,0
782,6,upper,0,0,0,0
782,6,lower,0,0,0,0
782,7,upper,0,0,0,0
782,7,lower,0,0,0,0
782,8,upper,0,0,0,0
782,8,lower,0,0,0,0
783,1,upper,0,0,0,0
783,1,lower,0,0,0,0
783,2,upper,0,0,0,0
783,2,lower,0,0,0,0
783,3,upper,0,0,0,0
783,3,lower,0,0,0,0
783,4,upper,0,0,0,0
783,4,lower,0,0,0,0
783,5,upper,0,0,0,0
783,5,lower,0,0,0,0
783,6,upper,0,0,0,0
783,6,lower,0,0,0,0
783,7,upper,0,0,0,-1
783,7,lower,0,0,-1,0
783,8,upper,0,0,0,0
783,8,lower,0,0,0,0
784,1,upper,0,0,0,0
784,1,lower,0,0,0,0
784,2,upper,0,0,0,0
784,2,lower,0,0,0,0
784,3,upper,0,0,0,0
784,3,lower,0,0,0,0
784,4,upper,0,0,0,0
784,4,lower,0,0,0,0
784,5,upper,0,0,0,0
784,5,lower,0,0,0,0
784,6,upper,0,0,0,-1
784,6,lower,0,0,-1,-1
784,7,upper,0,0,0,0
784,7,lower,0,0,0,0
784,8,upper,0,0,0,-1
784,8,lower,0,0,0,-1
785,1,upper,0,0,0,0
785,1,lower,0,0,0,0
785,2,upper,0,0,0,0
785,2,lower,0,0,0,0
785,3,upper,0,0,0,0
785,3,lower,0,0,0,0
785,4,upper,0,0,0,0
785,4,lower,0,0,0,0
785,5,upper,0,0,0,0
785,5,lower,0,0,0,0
785,6,upper,0,0,0,0
785,6,lower,0,0,0,0
785,7,upper,0,0,0,-1
785,7,lower,0,0,-1,0
785,8,upper,0,0,0,0
785,8,lower,0,0,0,0
786,1,upper,0,0,0,0
786,1,lower,0,0,0,0
786,2,upper,0,0,0,0
786,2,lower,0,0,0,0
786,3,upper,0,0,0,0
786,3,lower,0,0,0,0
786,4,upper,0,0,0,0
786,4,lower,0,0,0,-1
786,5,upper,0,0,0,0
786,5,lower,0,0,0,0
786,6,upper,0,0,0,0
786,6,lower,0,0,0,0
786,7,upper,0,0,0,0
786,7,lower,0,0,0,0
786,8,upper,0,0,0,0
786,8,lower,0,0,0,0
787,1,upper,0,0,0,0
787,1,lower,0,0,0,0
787,2,upper,0,0,0,0
787,2,lower,0,0,0,0
787,3,upper,0,0,0,0
787,3,lower,0,0,0,0
787,4,upper,0,0,0,0
787,4,lower,0,0,0,0
787,5,upper,0,0,0,0
787,5,lower,0,0,0,-1
787,6,upper,0,0,0,0
787,6,lower,0,0,0,0
787,7,upper,0,0,0,-1
787,7,lower,0,0,-1,0
787,8,upper,0,0,0,0
787,8,lower,0,0,0,0
788,1,upper,0,0,0,0
788,1,lower,0,0,0,0
788,2,upper,0,0,0,0
788,2,lower,0,0,0,0
788,3,upper,0,0,0,0
788,3,lower,0,0,0,0
788,4,upper,0,0,0,0
788,4,lower,0,0,0,0
788,5,upper,0,0,0,0
788,5,lower,0,0,0,0
788,6,upper,0,0,0,-1
788,6,lower,0,0,-1,0
788,7,upper,0,0,0,0
788,7,lower,0,0,0,0
788,8,upper,0,0,0,-1
788,8,lower,0,0,0,-1
789,1,upper,0,0,0,0
789,1,lower,0,0,0,0
789,2,upper,0,0,0,0
789,2,lower,0,0,0,0
789,3,upper,0,0,0,0
789,3,lower,0,0,0,0
789,4,upper,0,0,0,0
789,4,lower,0,0,0,0
789,5,upper,0,0,0,0
789,5,lower,0,0,0,0
789,6,upper,0,0,0,0
789,6,lower,0,0,0,0
789,7,upper,0,0,0,0
789,7,lower,0,0,0,0
789,8,upper,0,0,0,-1
789,8,lower,0,0,0,-1
790,1,upper,0,0,0,0
790,1,lower,0,0,0,0
790,2,upper,0,0,0,0
790,2,lower,0,0,0,0
790,3,upper,0,0,0,0
790,3,lower,0,0,0,0
790,4,upper,0,0,0,0
790,4,lower,0,0,0,0
790,5,upper,0,0,0,0
790,5,lower,0,0,0,0
790,6,upper,0,0,0,0
790,6,lower,0,0,0,0
790,7,upper,0,0,0,0
790,7,lower,0,0,0,0
790,8,upper,0,0,0,0
790,8,lower,0,0,0,0
791,1,upper,0,0,0,0
791,1,lower,0,0,0,0
791,2,upper,0,0,0,0
791,2,lower,0,0,0,0
791,3,upper,0,0,0,0
791,3,lower,0,0,0,0
791,4,upper,0,0,0,0
791,4,lower,0,0,0,0
791,5,upper,0,0,0,0
791,5,lower,0,0,0,0
791,6,upper,0,0,0,0
791,6,lower,0,0,0,0
791,7,upper,0,0,0,-1
791,7,lower,0,0,-1,0
791,8,upper,0,0,0,-1
791,8,lower,0,0,0,-1
792,1,upper,0,0,0,0
792,1,lower,0,0,0,0
792,2,upper,0,0,0,0
792,2,lower,0,0,0,0
792,3,upper,0,0,0,0
792,3,lower,0,0,0,0
792,4,upper,0,0,0,0
792,4,lower,0,0,0,0
792,5,upper,0,0,0,0
792,5,lower,0,0,0,0
792,6,upper,0,0,0,0
792,6,lower,0,0,0,-1
792,7,upper,0,0,0,0
792,7,lower,0,0,0,0
792,8,upper,0,0,0,-1
792,8,lower,0,0,0,-1
793,1,upper,0,0,0,0
793,1,lower,0,0,0,0
793,2,upper,0,0,0,0
793,2,lower,0,0,0,0
793,3,upper,0,0,0,0
793,3,lower,0,0,0,0
793,4,upper,0,0,0,0
793,4,lower,0,0,0,0
793,5,upper,0,0,0,0
793,5,lower,0,0,0,0
793,6,upper,0,0,0,0
793,6,lower,0,0,0,0
793,7,upper,0,0,0,0
793,7,lower,0,0,0,0
793,8,upper,0,0,0,-1
793,8,lower,0,0,0,-1
794,1,upper,0,0,0,0
794,1,lower,0,0,0,0
794,2,upper,0,0,0,0
794,2,lower,0,0,0,0
794,3,upper,0,0,0,0
794,3,lower,0,0,0,0
794,4,upper,0,0,0,0
794,4,lower,0,0,0,0
794,5,upper,0,0,0,0
794,5,lower,0,0,0,0
794,6,upper,0,0,0,0
794,6,lower,0,0,0,0
794,7,upper,0,0,0,0
794,7,lower,0,0,0,0
794,8,upper,0,0,0,-1
794,8,lower,0,0,0,-1
795,1,upper,0,0,0,0
795,1,lower,0,0,0,0
795,2,upper,0,0,0,0
795,2,lower,0,0,0,0
795,3,upper,0,0,0,0
795,3,lower,0,0,0,0
795,4,upper,0,0,0,0
795,4,lower,0,0,0,0
795,5,upper,0,0,0,-1
795,5,lower,0,0,0,0
795,6,upper,0,0,0,0
795,6,lower,0,0,0,0
795,7,upper,0,0,0,0
795,7,lower,0,0,0,0
795,8,upper,0,0,0,0
795,8,lower,0,0,0,0
796,1,upper,0,0,0,0
796,1,lower,0,0,0,0
796,2,upper,0,0,0,0
796,2,lower,0,0,0,0
796,3,upper,0,0,0,0
796,3,lower,0,0,0,0
796,4,upper,0,0,0,0
796,4,lower,0,0,0,0
796,5,upper,0,0,0,0
796,5,lower,0,0,0,0
796,6,upper,0,0,0,-1
796,6,lower,0,0,-1,0
796,7,upper,0,0,0,0
796,7,lower,0,0,0,0
796,8,upper,0,0,0,0
796,8,lower,0,0,0,0
797,1,upper,0,0,0,0
797,1,lower,0,0,0,0
797,2,upper,0,0,0,0
797,2,lower,0,0,0,0
797,3,upper,0,0,0,0
797,3,lower,0,0,0,0
797,4,upper,0,0,0,0
797,4,lower,0,0,0,0
797,5,upper,0,0,0,0
797,5,lower,0,0,0,0
797,6,upper,0,0,0,0
797,6,lower,0,0,0,0
797,7,upper,0,0,0,-1
797,7,lower,0,0,-1,0
797,8,upper,0,0,0,0
797,8,lower,0,0,0,0
798,1,upper,0,0,0,0
798,1,lower,0,0,0,0
798,2,upper,0,0,0,0
798,2,lower,0,0,0,0
798,3,upper,0,0,0,0
798,3,lower,0,0,0,0
798,4,upper,0,0,0,0
798,4,lower,0,0,0,0
798,5,upper,0,0,0,0
798,5,lower,0,0,0,0
798,6,upper,0,0,0,0
798,6,lower,0,0,0,0
798,7,upper,0,0,0,0
798,7,lower,0,0,0,0
798,8,upper,0,0,0,0
798,8,lower,0,0,0,0
799,1,upper,0,0,0,0
799,1,lower,0,0,0,0
799,2,upper,0,0,0,0
799,2,lower,0,0,0,0
799,3,upper,0,0,0,0
799,3,lower,0,0,0,0
799,4,upper,0,0,0,0
799,4,lower,0,0,0,0
799,5,upper,0,0,0,0
799,5,lower,0,0,0,0
799,6,upper,0,0,0,0
799,6,lower,0,0,0,0
799,7,upper,0,0,0,0
799,7,lower,0,0,0,0
799,8,upper,0,0,0,0
799,8,lower,0,0,0,0
800,1,upper,0,0,0,0
800,1,lower,0,0,0,0
800,2,upper,0,0,0,0
800,2,lower,0,0,0,0
800,3,upper,0,0,0,0
800,3,lower,0,0,0,0
800,4,upper,0,0,0,0
800,4,lower,0,0,0,0
800,5,upper,0,0,0,0
800,5,lower,0,0,0,0
800,6,upper,0,0,0,-1
800,6,lower,0,0,0,0
800,7,upper,0,0,0,0
800,7,lower,0,0,0,0
800,8,upper,0,0,0,0
800,8,lower,0,0,0,0
801,1,upper,0,0,0,0
801,1,lower,0,0,0,0
801,2,upper,0,0,0,0
801,2,lower,0,0,0,0
801,3,upper,0,0,0,-1
801,3,lower,0,0,0,0
801,4,upper,0,0,0,0
801,4,lower,0,0,0,0
801,5,upper,0,0,0,0
801,5,lower,0,0,0,0
801,6,upper,0,0,0,0
801,6,lower,0,0,0,0
801,7,upper,0,0,0,-1
801,7,lower,0,0,-1,0
801,8,upper,0,0,0,-1
801,8,lower,0,0,0,-1
802,1,upper,0,0,0,0
802,1,lower,0,0,0,0
802,2,upper,0,0,0,0
802,2,lower,0,0,0,0
802,3,upper,0,0,0,0
802,3,lower,0,0,0,0
802,4,upper,0,0,0,-1
802,4,lower,0,0,0,0
802,5,upper,0,0,0,0
802,5,lower,0,0,0,0
802,6,upper,0,0,0,0
802,6,lower,0,0,0,0
802,7,upper,0,0,0,0
802,7,lower,0,0,0,0
802,8,upper,0,0,0,0
802,8,lower,0,0,0,0
803,1,upper,0,0,0,0
803,1,lower,0,0,0,0
803,2,upper,0,0,0,0
803,2,lower,0,0,0,0
803,3,upper,0,0,0,0
803,3,lower,0,0,0,0
803,4,upper,0,0,0,0
803,4,lower,0,0,0,0
803,5,upper,0,0,0,-1
803,5,lower,0,0,0,0
803,6,upper,0,0,0,0
803,6,lower,0,0,0,0
803,7,upper,0,0,0,-1
803,7,lower,0,0,-1,0
803,8,upper,0,0,0,0
803,8,lower,0,0,0,0
804,1,upper,0,0,0,0
804,1,lower,0,0,0,0
804,2,upper,0,0,0,0
804,2,lower,0,0,0,0
804,3,upper,0,0,0,0
804,3,lower,0,0,0,0
804,4,upper,0,0,0,0
804,4,lower,0,0,0,0
804,5,upper,0,0,0,0
804,5,lower,0,0,0,0
804,6,upper,0,0,0,-1
804,6,lower,0,0,-1,0
804,7,upper,0,0,0,0
804,7,lower,0,0,0,0
804,8,upper,0,0,0,-1
804,8,lower,0,0,0,-1
805,1,upper,0,0,0,0
805,1,lower,0,0,0,0
805,2,upper,0,0,0,0
805,2,lower,0,0,0,0
805,3,upper,0,0,0,0
805,3,lower,0,0,0,0
805,4,upper,0,0,0,0
805,4,lower,0,0,0,0
805,5,upper,0,0,0,0
805,5,lower,0,0,0,0
805,6,upper,0,0,0,0
805,6,lower,0,0,0,0
805,7,upper,0,0,0,-1
805,7,lower,0,0,-1,0
805,8,upper,0,0,0,0
805,8,lower,0,0,0,0
806,1,upper,0,0,0,0
806,1,lower,0,0,0,0
806,2,upper,0,0,0,0
806,2,lower,0,0,0,0
806,3,upper,0,0,0,0
806,3,lower,0,0,0,0
806,4,upper,0,0,0,0
806,4,lower,0,0,0,0
806,5,upper,0,0,0,0
806,5,lower,0,0,0,0
806,6,upper,0,0,0,0
806,6,lower,0,0,0,0
806,7,upper,0,0,0,0
806,7,lower,0,0,0,0
806,8,upper,0,0,0,-1
806,8,lower,0,0,0,-1
807,1,upper,0,0,0,0
807,1,lower,0,0,0,0
807,2,upper,0,0,0,0
807,2,lower,0,0,0,0
807,3,upper,0,0,0,0
807,3,lower,0,0,0,0
807,4,upper,0,0,0,0
807,4,lower,0,0,0,0
807,5,upper,0,0,0,0
807,5,lower,0,0,0,0
807,6,upper,0,0,0,0
807,6,lower,0,0,0,0
807,7,upper,0,0,0,-1
807,7,lower,0,0,-1,0
807,8,upper,0,0,0,-1
807,8,lower,0,0,0,-1
808,1,upper,0,0,0,0
808,1,lower,0,0,0,0
808,2,upper,0,0,0,0
808,2,lower,0,0,0,0
808,3,upper,0,0,0,0
808,3,lower,0,0,0,0
808,4,upper,0,0,0,0
808,4,lower,0,0,0,0
808,5,upper,0,0,0,0
808,5,lower,0,0,0,0
808,6,upper,0,0,0,-1
808,6,lower,0,0,-1,-1
808,7,upper,0,0,0,0
808,7,lower,0,0,0,0
808,8,upper,0,0,0,-1
808,8,lower,0,0,0,-1
809,1,upper,0,0,0,0
809,1,lower,0,0,0,0
809,2,upper,0,0,0,0
809,2,lower,0,0,0,0
809,3,upper,0,0,0,0
809,3,lower,0,0,0,0
809,4,upper,0,0,0,0
809,4,lower,0,0,0,0
809,5,upper,0,0,0,0
809,5,lower,0,0,0,0
809,6,upper,0,0,0,0
809,6,lower,0,0,0,0
809,7,upper,0,0,0,-1
809,7,lower,0,0,-1,0
809,8,upper,0,0,0,0
809,8,lower,0,0,0,0
810,1,upper,0,0,0,0
810,1,lower,0,0,0,0
810,2,upper,0,0,0,0
810,2,lower,0,0,0,0
810,3,upper,0,0,0,0
810,3,lower,0,0,0,0
810,4,upper,0,0,0,0
810,4,lower,0,0,0,0
810,5,upper,0,0,0,0
810,5,lower,0,0,0,0
810,6,upper,0,0,0,0
810,6,lower,0,0,0,0
810,7,upper,0,0,0,0
810,7,lower,0,0,0,0
810,8,upper,0,0,0,0
810,8,lower,0,0,0,0
811,1,upper,0,0,0,0
811,1,lower,0,0,0,0
811,2,upper,0,0,0,0
811,2,lower,0,0,0,0
811,3,upper,0,0,0,0
811,3,lower,0,0,0,0
811,4,upper,0,0,0,0
811,4,lower,0,0,0,0
811,5,upper,0,0,0,0
811,5,lower,0,0,0,-1
811,6,upper,0,0,0,0
811,6,lower,0,0,0,0
811,7,upper,0,0,0,0
811,7,lower,0,0,0,0
811,8,upper,0,0,0,0
811,8,lower,0,0,0,0
812,1,upper,0,0,0,0
812,1,lower,0,0,0,0
812,2,upper,0,0,0,0
812,2,lower,0,0,0,0
812,3,upper,0,0,0,0
812,3,lower,0,0,0,0
812,4,upper,0,0,0,0
812,4,lower,0,0,0,0
812,5,upper,0,0,0,0
812,5,lower,0,0,0,0
812,6,upper,0,0,0,0
812,6,lower,0,0,0,-1
812,7,upper,0,0,0,0
812,7,lower,0,0,0,0
812,8,upper,0,0,0,0
812,8,lower,0,0,0,0
813,1,upper,0,0,0,0
813,1,lower,0,0,0,0
813,2,upper,0,0,0,0
813,2,lower,0,0,0,0
813,3,upper,0,0,0,0
813,3,lower,0,0,0,0
813,4,upper,0,0,0,0
813,4,lower,0,0,0,0
813,5,upper,0,0,0,0
813,5,lower,0,0,0,0
813,6,upper,0,0,0,0
813,6,lower,0,0,0,0
813,7,upper,0,0,0,-1
813,7,lower,0,0,-1,0
813,8,upper,0,0,0,-1
813,8,lower,0,0,0,-1
814,1,upper,0,0,0,0
814,1,lower,0,0,0,0
814,2,upper,0,0,0,0
814,2,lower,0,0,0,0
814,3,upper,0,0,0,0
814,3,lower,0,0,0,0
814,4,upper,0,0,0,0
814,4,lower,0,0,0,0
814,5,upper,0,0,0,0
814,5,lower,0,0,0,0
814,6,upper,0,0,0,0
814,6,lower,0,0,0,0
814,7,upper,0,0,0,0
814,7,lower,0,0,0,0
814,8,upper,0,0,0,0
814,8,lower,0,0,0,0
815,1,upper,0,0,0,0
815,1,lower,0,0,0,0
815,2,upper,0,0,0,0
815,2,lower,0,0,0,0
815,3,upper,0,0,0,0
815,3,lower,0,0,0,0
815,4,upper,0,0,0,0
815,4,lower,0,0,0,0
815,5,upper,0,0,0,0
815,5,lower,0,0,0,0
815,6,upper,0,0,0,0
815,6,lower,0,0,0,0
815,7,upper,0,0,0,-1
815,7,lower,0,0,-1,0
815,8,upper,0,0,0,0
815,8,lower,0,0,0,0
816,1,upper,0,0,0,0
816,1,lower,0,0,0,0
816,2,upper,0,0,0,0
816,2,lower,0,0,0,0
816,3,upper,0,0,0,0
816,3,lower,0,0,0,0
816,4,upper,0,0,0,0
816,4,lower,0,0,0,0
816,5,upper,0,0,0,0
816,5,lower,0,0,0,0
816,6,upper,0,0,0,-1
816,6,lower,0,0,-1,0
816,7,upper,0,0,0,0
816,7,lower,0,0,0,0
816,8,upper,0,0,0,-1
816,8,lower,0,0,0,-1
817,1,upper,0,0,0,0
817,1,lower,0,0,0,0
817,2,upper,0,0,0,0
817,2,lower,0,0,0,0
817,3,upper,0,0,0,0
817,3,lower,0,0,0,0
817,4,upper,0,0,0,0
817,4,lower,0,0,0,0
817,5,upper,0,0,0,0
817,5,lower,0,0,0,0
817,6,upper,0,0,0,0
817,6,lower,0,0,0,0
817,7,upper,0,0,0,-1
817,7,lower,0,0,-1,0
817,8,upper,0,0,0,-1
817,8,lower,0,0,0,-1
818,1,upper,0,0,0,0
818,1,lower,0,0,0,0
818,2,upper,0,0,0,0
818,2,lower,0,0,0,0
818,3,upper,0,0,0,0
818,3,lower,0,0,0,0
818,4,upper,0,0,0,0
818,4,lower,0,0,0,-1
818,5,upper,0,0,0,0
818,5,lower,0,0,0,0
818,6,upper,0,0,0,0
818,6,lower,0,0,0,0
818,7,upper,0,0,0,0
818,7,lower,0,0,0,0
818,8,upper,0,0,0,0
818,8,lower,0,0,0,0
819,1,upper,0,0,0,0
819,1,lower,0,0,0,0
819,2,upper,0,0,0,0
819,2,lower,0,0,0,0
819,3,upper,0,0,0,0
819,3,lower,0,0,0,0
819,4,upper,0,0,0,0
819,4,lower,0,0,0,0
819,5,upper,0,0,0,0
819,5,lower,0,0,0,-1
819,6,upper,0,0,0,0
819,6,lower,0,0,0,0
819,7,upper,0,0,0,0
819,7,lower,0,0,0,0
819,8,upper,0,0,0,-1
819,8,lower,0,0,0,-1
820,1,upper,0,0,0,0
820,1,lower,0,0,0,0
820,2,upper,0,0,0,0
820,2,lower,0,0,0,0
820,3,upper,0,0,0,0
820,3,lower,0,0,0,0
820,4,upper,0,0,0,0
820,4,lower,0,0,0,0
820,5,upper,0,0,0,0
820,5,lower,0,0,0,0
820,6,upper,0,0,0,-1
820,6,lower,0,0,-1,0
820,7,upper,0,0,0,0
820,7,lower,0,0,0,0
820,8,upper,0,0,0,0
820,8,lower,0,0,0,0
821,1,upper,0,0,0,0
821,1,lower,0,0,0,0
821,2,upper,0,0,0,0
821,2,lower,0,0,0,0
821,3,upper,0,0,0,0
821,3,lower,0,0,0,0
821,4,upper,0,0,0,0
821,4,lower,0,0,0,0
821,5,upper,0,0,0,0
821,5,lower,0,0,0,0
821,6,upper,0,0,0,0
821,6,lower,0,0,0,0
821,7,upper,0,0,0,-1
821,7,lower,0,0,-1,0
821,8,upper,0,0,0,-1
821,8,lower,0,0,0,-1
822,1,upper,0,0,0,0
822,1,lower,0,0,0,0
822,2,upper,0,0,0,0
822,2,lower,0,0,0,0
822,3,upper,0,0,0,0
822,3,lower,0,0,0,0
822,4,upper,0,0,0,0
822,4,lower,0,0,0,0
822,5,upper,0,0,0,0
822,5,lower,0,0,0,0
822,6,upper,0,0,0,0
822,6,lower,0,0,0,0
822,7,upper,0,0,0,0
822,7,lower,0,0,0,0
822,8,upper,0,0,0,-1
822,8,lower,0,0,0,-1
823,1,upper,0,0,0,0
823,1,lower,0,0,0,0
823,2,upper,0,0,0,0
823,2,lower,0,0,0,0
823,3,upper,0,0,0,0
823,3,lower,0,0,0,0
823,4,upper,0,0,0,0
823,4,lower,0,0,0,0
823,5,upper,0,0,0,0
823,5,lower,0,0,0,0
823,6,upper,0,0,0,0
823,6,lower,0,0,0,0
823,7,upper,0,0,0,0
823,7,lower,0,0,0,0
823,8,upper,0,0,0,0
823,8,lower,0,0,0,0
824,1,upper,0,0,0,0
824,1,lower,0,0,0,0
824,2,upper,0,0,0,0
824,2,lower,0,0,0,0
824,3,upper,0,0,0,0
824,3,lower,0,0,0,0
824,4,upper,0,0,0,0
824,4,lower,0,0,0,0
824,5,upper,0,0,0,0
824,5,lower,0,0,0,0
824,6,upper,0,0,0,0
824,6,lower,0,0,0,-1
824,7,upper,0,0,0,0
824,7,lower,0,0,0,0
824,8,upper,0,0,0,0
824,8,lower,0,0,0,0
825,1,upper,0,0,0,0
825,1,lower,0,0,0,0
825,2,upper,0,0,0,0
825,2,lower,0,0,0,0
825,3,upper,0,0,0,0
825,3,lower,0,0,0,0
825,4,upper,0,0,0,0
825,4,lower,0,0,0,0
825,5,upper,0,0,0,0
825,5,lower,0,0,0,0
825,6,upper,0,0,0,0
825,6,lower,0,0,0,0
825,7,upper,0,0,0,0
825,7,lower,0,0,0,0
825,8,upper,0,0,0,-1
825,8,lower,0,0,0,-1
826,1,upper,0,0,0,0
826,1,lower,0,0,0,0
826,2,upper,0,0,0,0
826,2,lower,0,0,0,0
826,3,upper,0,0,0,0
826,3,lower,0,0,0,0
826,4,upper,0,0,0,0
826,4,lower,0,0,0,0
826,5,upper,0,0,0,0
826,5,lower,0,0,0,0
826,6,upper,0,0,0,0
826,6,lower,0,0,0,0
826,7,upper,0,0,0,0
826,7,lower,0,0,0,0
826,8,upper,0,0,0,0
826,8,lower,0,0,0,0
827,1,upper,0,0,0,0
827,1,lower,0,0,0,0
827,2,upper,0,0,0,0
827,2,lower,0,0,0,0
827,3,upper,0,0,0,0
827,3,lower,0,0,0,0
827,4,upper,0,0,0,0
827,4,lower,0,0,0,0
827,5,upper,0,0,0,-1
827,5,lower,0,0,0,0
827,6,upper,0,0,0,0
827,6,lower,0,0,0,0
827,7,upper,0,0,0,0
827,7,lower,0,0,0,0
827,8,upper,0,0,0,-1
827,8,lower,0,0,0,-1
828,1,upper,0,0,0,0
828,1,lower,0,0,0,0
828,2,upper,0,0,0,0
828,2,lower,0,0,0,0
828,3,upper,0,0,0,0
828,3,lower,0,0,0,0
828,4,upper,0,0,0,0
828,4,lower,0,0,0,0
828,5,upper,0,0,0,0
828,5,lower,0,0,0,0
828,6,upper,0,0,0,-1
828,6,lower,0,0,-1,0
828,7,upper,0,0,0,0
828,7,lower,0,0,0,0
828,8,upper,0,0,0,0
828,8,lower,0,0,0,0
829,1,upper,0,0,0,0
829,1,lower,0,0,0,0
829,2,upper,0,0,0,0
829,2,lower,0,0,0,0
829,3,upper,0,0,0,0
829,3,lower,0,0,0,0
829,4,upper,0,0,0,0
829,4,lower,0,0,0,0
829,5,upper,0,0,0,0
829,5,lower,0,0,0,0
829,6,upper,0,0,0,0
829,6,lower,0,0,0,0
829,7,upper,0,0,0,-1
829,7,lower,0,0,-1,0
829,8,upper,0,0,0,-1
829,8,lower,0,0,0,-1
830,1,upper,0,0,0,0
830,1,lower,0,0,0,0
830,2,upper,0,0,0,0
830,2,lower,0,0,0,0
830,3,upper,0,0,0,0
830,3,lower,0,0,0,0
830,4,upper,0,0,0,0
830,4,lower,0,0,0,0
830,5,upper,0,0,0,0
830,5,lower,0,0,0,0
830,6,upper,0,0,0,0
830,6,lower,0,0,0,0
830,7,upper,0,0,0,0
830,7,lower,0,0,0,0
830,8,upper,0,0,0,0
830,8,lower,0,0,0,0
831,1,upper,0,0,0,0
831,1,lower,0,0,0,0
831,2,upper,0,0,0,0
831,2,lower,0,0,0,0
831,3,upper,0,0,0,0
831,3,lower,0,0,0,0
831,4,upper,0,0,0,0
831,4,lower,0,0,0,0
831,5,upper,0,0,0,0
831,5,lower,0,0,0,0
831,6,upper,0,0,0,0
831,6,lower,0,0,0,0
831,7,upper,0,0,0,-1
831,7,lower,0,0,-1,0
831,8,upper,0,0,0,0
831,8,lower,0,0,0,0
832,1,upper,0,0,0,0
832,1,lower,0,0,0,0
832,2,upper,0,0,0,0
832,2,lower,0,0,0,-1
832,3,upper,0,0,0,0
832,3,lower,0,0,0,0
832,4,upper,0,0,0,0
832,4,lower,0,0,0,0
832,5,upper,0,0,0,0
832,5,lower,0,0,0,0
832,6,upper,0,0,0,-1
832,6,lower,0,0,-1,-1
832,7,upper,0,0,0,0
832,7,lower,0,0,0,0
832,8,upper,0,0,0,-1
832,8,lower,0,0,0,-1
833,1,upper,0,0,0,0
833,1,lower,0,0,0,0
833,2,upper,0,0,0,0
833,2,lower,0,0,0,0
833,3,upper,0,0,0,0
833,3,lower,0,0,0,-1
833,4,upper,0,0,0,0
833,4,lower,0,0,0,0
833,5,upper,0,0,0,0
833,5,lower,0,0,0,0
833,6,upper,0,0,0,0
833,6,lower,0,0,0,0
833,7,upper,0,0,0,-1
833,7,lower,0,0,-1,0
833,8,upper,0,0,0,0
833,8,lower,0,0,0,0
834,1,upper,0,0,0,0
834,1,lower,0,0,0,0
834,2,upper,0,0,0,0
834,2,lower,0,0,0,0
834,3,upper,0,0,0,0
834,3,lower,0,0,0,0
834,4,upper,0,0,0,0
834,4,lower,0,0,0,-1
834,5,upper,0,0,0,0
834,5,lower,0,0,0,0
834,6,upper,0,0,0,0
834,6,lower,0,0,0,0
834,7,upper,0,0,0,0
834,7,lower,0,0,0,0
834,8,upper,0,0,0,0
834,8,lower,0,0,0,0
835,1,upper,0,0,0,0
835,1,lower,0,0,0,0
835,2,upper,0,0,0,0
835,2,lower,0,0,0,0
835,3,upper,0,0,0,0
835,3,lower,0,0,0,0
835,4,upper,0,0,0,0
835,4,lower,0,0,0,0
835,5,upper,0,0,0,-1
835,5,lower,0,0,0,0
835,6,upper,0,0,0,0
835,6,lower,0,0,0,0
835,7,upper,0,0,0,-1
835,7,lower,0,0,-1,0
835,8,upper,0,0,0,0
835,8,lower,0,0,0,0
836,1,upper,0,0,0,0
836,1,lower,0,0,0,0
836,2,upper,0,0,0,0
836,2,lower,0,0,0,0
836,3,upper,0,0,0,0
836,3,lower,0,0,0,0
836,4,upper,0,0,0,0
836,4,lower,0,0,0,0
836,5,upper,0,0,0,0
836,5,lower,0,0,0,0
836,6,upper,0,0,0,-1
836,6,lower,0,0,-1,0
836,7,upper,0,0,0,0
836,7,lower,0,0,0,0
836,8,upper,0,0,0,-1
836,8,lower,0,0,0,-1
837,1,upper,0,0,0,0
837,1,lower,0,0,0,0
837,2,upper,0,0,0,0
837,2,lower,0,0,0,0
837,3,upper,0,0,0,0
837,3,lower,0,0,0,0
837,4,upper,0,0,0,0
837,4,lower,0,0,0,0
837,5,upper,0,0,0,0
837,5,lower,0,0,0,0
837,6,upper,0,0,0,0
837,6,lower,0,0,0,0
837,7,upper,0,0,0,-1
837,7,lower,0,0,-1,0
837,8,upper,0,0,0,0
837,8,lower,0,0,0,0
838,1,upper,0,0,0,0
838,1,lower,0,0,0,0
838,2,upper,0,0,0,0
838,2,lower,0,0,0,0
838,3,upper,0,0,0,0
838,3,lower,0,0,0,0
838,4,upper,0,0,0,0
838,4,lower,0,0,0,0
838,5,upper,0,0,0,0
838,5,lower,0,0,0,0
838,6,upper,0,0,0,0
838,6,lower,0,0,0,0
838,7,upper,0,0,0,0
838,7,lower,0,0,0,0
838,8,upper,0,0,0,0
838,8,lower,0,0,0,0
839,1,upper,0,0,0,0
839,1,lower,0,0,0,0
839,2,upper,0,0,0,0
839,2,lower,0,0,0,0
839,3,upper,0,0,0,0
839,3,lower,0,0,0,0
839,4,upper,0,0,0,0
839,4,lower,0,0,0,0
839,5,upper,0,0,0,0
839,5,lower,0,0,0,0
839,6,upper,0,0,0,0
839,6,lower,0,0,0,0
839,7,upper,0,0,0,-1
839,7,lower,0,0,-1,0
839,8,upper,0,0,0,0
839,8,lower,0,0,0,0
840,1,upper,0,0,0,0
840,1,lower,0,0,0,0
840,2,upper,0,0,0,0
840,2,lower,0,0,0,0
840,3,upper,0,0,0,0
840,3,lower,0,0,0,0
840,4,upper,0,0,0,0
840,4,lower,0,0,0,0
840,5,upper,0,0,0,0
840,5,lower,0,0,0,0
840,6,upper,0,0,0,-1
840,6,lower,0,0,-1,-1
840,7,upper,0,0,0,0
840,7,lower,0,0,0,0
840,8,upper,0,0,0,-1
840,8,lower,0,0,0,-1
841,1,upper,0,0,0,0
841,1,lower,0,0,0,0
841,2,upper,0,0,0,0
841,2,lower,0,0,0,0
841,3,upper,0,0,0,0
841,3,lower,0,0,0,0
841,4,upper,0,0,0,0
841,4,lower,0,0,0,0
841,5,upper,0,0,0,0
841,5,lower,0,0,0,0
841,6,upper,0,0,0,0
841,6,lower,0,0,0,0
841,7,upper,0,0,0,-1
841,7,lower,0,0,-1,0
841,8,upper,0,0,0,0
841,8,lower,0,0,0,0
842,1,upper,0,0,0,0
842,1,lower,0,0,0,0
842,2,upper,0,0,0,0
842,2,lower,0,0,0,0
842,3,upper,0,0,0,0
842,3,lower,0,0,0,0
842,4,upper,0,0,0,0
842,4,lower,0,0,0,0
842,5,upper,0,0,0,0
842,5,lower,0,0,0,0
842,6,upper,0,0,0,0
842,6,lower,0,0,0,0
842,7,upper,0,0,0,0
842,7,lower,0,0,0,0
842,8,upper,0,0,0,-1
842,8,lower,0,0,0,-1
843,1,upper,0,0,0,0
843,1,lower,0,0,0,0
843,2,upper,0,0,0,0
843,2,lower,0,0,0,0
843,3,upper,0,0,0,0
843,3,lower,0,0,0,0
843,4,upper,0,0,0,0
843,4,lower,0,0,0,0
843,5,upper,0,0,0,-1
843,5,lower,0,0,0,0
843,6,upper,0,0,0,0
843,6,lower,0,0,0,0
843,7,upper,0,0,0,-1
843,7,lower,0,0,-1,0
843,8,upper,0,0,0,0
843,8,lower,0,0,0,0
844,1,upper,0,0,0,0
844,1,lower,0,0,0,0
844,2,upper,0,0,0,0
844,2,lower,0,0,0,0
844,3,upper,0,0,0,0
844,3,lower,0,0,0,0
844,4,upper,0,0,0,0
844,4,lower,0,0,0,0
844,5,upper,0,0,0,0
844,5,lower,0,0,0,0
844,6,upper,0,0,0,-1
844,6,lower,0,0,-1,-1
844,7,upper,0,0,0,0
844,7,lower,0,0,0,0
844,8,upper,0,0,0,-1
844,8,lower,0,0,0,-1
845,1,upper,0,0,0,0
845,1,lower,0,0,0,0
845,2,upper,0,0,0,0
845,2,lower,0,0,0,0
845,3,upper,0,0,0,0
845,3,lower,0,0,0,0
845,4,upper,0,0,0,0
845,4,lower,0,0,0,0
845,5,upper,0,0,0,0
845,5,lower,0,0,0,0
845,6,upper,0,0,0,0
845,6,lower,0,0,0,0
845,7,upper,0,0,0,0
845,7,lower,0,0,0,0
845,8,upper,0,0,0,0
845,8,lower,0,0,0,0
846,1,upper,0,0,0,0
846,1,lower,0,0,0,0
846,2,upper,0,0,0,0
846,2,lower,0,0,0,0
846,3,upper,0,0,0,0
846,3,lower,0,0,0,0
846,4,upper,0,0,0,0
846,4,lower,0,0,0,0
846,5,upper,0,0,0,0
846,5,lower,0,0,0,0
846,6,upper,0,0,0,0
846,6,lower,0,0,0,0
846,7,upper,0,0,0,0
846,7,lower,0,0,0,0
846,8,upper,0,0,0,-1
846,8,lower,0,0,0,-1
847,1,upper,0,0,0,0
847,1,lower,0,0,0,0
847,2,upper,0,0,0,0
847,2,lower,0,0,0,0
847,3,upper,0,0,0,0
847,3,lower,0,0,0,0
847,4,upper,0,0,0,0
847,4,lower,0,0,0,0
847,5,upper,0,0,0,0
847,5,lower,0,0,0,0
847,6,upper,0,0,0,0
847,6,lower,0,0,0,0
847,7,upper,0,0,0,0
847,7,lower,0,0,0,0
847,8,upper,0,0,0,0
847,8,lower,0,0,0,0
848,1,upper,0,0,0,0
848,1,lower,0,0,0,0
848,2,upper,0,0,0,0
848,2,lower,0,0,0,0
848,3,upper,0,0,0,0
848,3,lower,0,0,0,0
848,4,upper,0,0,0,0
848,4,lower,0,0,0,0
848,5,upper,0,0,0,0
848,5,lower,0,0,0,0
848,6,upper,0,0,0,-1
848,6,lower,0,0,0,0
848,7,upper,0,0,0,0
848,7,lower,0,0,0,0
848,8,upper,0,0,0,0
848,8,lower,0,0,0,0
849,1,upper,0,0,0,0
849,1,lower,0,0,0,0
849,2,upper,0,0,0,0
849,2,lower,0,0,0,0
849,3,upper,0,0,0,0
849,3,lower,0,0,0,0
849,4,upper,0,0,0,0
849,4,lower,0,0,0,0
849,5,upper,0,0,0,0
849,5,lower,0,0,0,0
849,6,upper,0,0,0,0
849,6,lower,0,0,0,0
849,7,upper,0,0,0,-1
849,7,lower,0,0,-1,0
849,8,upper,0,0,0,0
849,8,lower,0,0,0,0
850,1,upper,0,0,0,0
850,1,lower,0,0,0,0
850,2,upper,0,0,0,0
850,2,lower,0,0,0,0
850,3,upper,0,0,0,0
850,3,lower,0,0,0,0
850,4,upper,0,0,0,-1
850,4,lower,0,0,0,-1
850,5,upper,0,0,0,0
850,5,lower,0,0,0,0
850,6,upper,0,0,0,0
850,6,lower,0,0,0,0
850,7,upper,0,0,0,0
850,7,lower,0,0,0,0
850,8,upper,0,0,0,-1
850,8,lower,0,0,0,-1
851,1,upper,0,0,0,0
851,1,lower,0,0,0,0
851,2,upper,0,0,0,0
851,2,lower,0,0,0,0
851,3,upper,0,0,0,0
851,3,lower,0,0,0,0
851,4,upper,0,0,0,0
851,4,lower,0,0,0,0
851,5,upper,0,0,0,-1
851,5,lower,0,0,0,0
851,6,upper,0,0,0,0
851,6,lower,0,0,0,0
851,7,upper,0,0,0,-1
851,7,lower,0,0,-1,0
851,8,upper,0,0,0,0
851,8,lower,0,0,0,0
852,1,upper,0,0,0,0
852,1,lower,0,0,0,0
852,2,upper,0,0,0,0
852,2,lower,0,0,0,0
852,3,upper,0,0,0,0
852,3,lower,0,0,0,0
852,4,upper,0,0,0,0
852,4,lower,0,0,0,0
852,5,upper,0,0,0,0
852,5,lower,0,0,0,0
852,6,upper,0,0,0,0
852,6,lower,0,0,0,-1
852,7,upper,0,0,0,0
852,7,lower,0,0,0,0
852,8,upper,0,0,0,-1
852,8,lower,0,0,0,-1
853,1,upper,0,0,0,0
853,1,lower,0,0,0,0
853,2,upper,0,0,0,0
853,2,lower,0,0,0,0
853,3,upper,0,0,0,0
853,3,lower,0,0,0,0
853,4,upper,0,0,0,0
853,4,lower,0,0,0,0
853,5,upper,0,0,0,0
853,5,lower,0,0,0,0
853,6,upper,0,0,0,0
853,6,lower,0,0,0,0
853,7,upper,0,0,0,0
853,7,lower,0,0,0,0
853,8,upper,0,0,0,-1
853,8,lower,0,0,0,-1
854,1,upper,0,0,0,0
854,1,lower,0,0,0,0
854,2,upper,0,0,0,0
854,2,lower,0,0,0,0
854,3,upper,0,0,0,0
854,3,lower,0,0,0,0
854,4,upper,0,0,0,0
854,4,lower,0,0,0,0
854,5,upper,0,0,0,0
854,5,lower,0,0,0,0
854,6,upper,0,0,0,0
854,6,lower,0,0,0,0
854,7,upper,0,0,0,0
854,7,lower,0,0,0,0
854,8,upper,0,0,0,0
854,8,lower,0,0,0,0
855,1,upper,0,0,0,0
855,1,lower,0,0,0,0
855,2,upper,0,0,0,0
855,2,lower,0,0,0,0
855,3,upper,0,0,0,0
855,3,lower,0,0,0,0
855,4,upper,0,0,0,0
855,4,lower,0,0,0,0
855,5,upper,0,0,0,0
855,5,lower,0,0,0,0
855,6,upper,0,0,0,0
855,6,lower,0,0,0,0
855,7,upper,0,0,0,-1
855,7,lower,0,0,-1,0
855,8,upper,0,0,0,-1
855,8,lower,0,0,0,-1
856,1,upper,0,0,0,0
856,1,lower,0,0,0,0
856,2,upper,0,0,0,0
856,2,lower,0,0,0,0
856,3,upper,0,0,0,0
856,3,lower,0,0,0,0
856,4,upper,0,0,0,0
856,4,lower,0,0,0,0
856,5,upper,0,0,0,0
856,5,lower,0,0,0,0
856,6,upper,0,0,0,-1
856,6,lower,0,0,0,0
856,7,upper,0,0,0,0
856,7,lower,0,0,0,0
856,8,upper,0,0,0,-1
856,8,lower,0,0,0,-1
857,1,upper,0,0,0,0
857,1,lower,0,0,0,0
857,2,upper,0,0,0,0
857,2,lower,0,0,0,0
857,3,upper,0,0,0,0
857,3,lower,0,0,0,0
857,4,upper,0,0,0,0
857,4,lower,0,0,0,0
857,5,upper,0,0,0,0
857,5,lower,0,0,0,0
857,6,upper,0,0,0,0
857,6,lower,0,0,0,0
857,7,upper,0,0,0,-1
857,7,lower,0,0,-1,0
857,8,upper,0,0,0,-1
857,8,lower,0,0,0,-1
858,1,upper,0,0,0,0
858,1,lower,0,0,0,0
858,2,upper,0,0,0,0
858,2,lower,0,0,0,0
858,3,upper,0,0,0,0
858,3,lower,0,0,0,0
858,4,upper,0,0,0,0
858,4,lower,0,0,0,0
858,5,upper,0,0,0,0
858,5,lower,0,0,0,0
858,6,upper,0,0,0,0
858,6,lower,0,0,0,0
858,7,upper,0,0,0,0
858,7,lower,0,0,0,0
858,8,upper,0,0,0,0
858,8,lower,0,0,0,0
859,1,upper,0,0,0,0
859,1,lower,0,0,0,0
859,2,upper,0,0,0,0
859,2,lower,0,0,0,0
859,3,upper,0,0,0,0
859,3,lower,0,0,0,0
859,4,upper,0,0,0,0
859,4,lower,0,0,0,0
859,5,upper,0,0,0,0
859,5,lower,0,0,0,-1
859,6,upper,0,0,0,0
859,6,lower,0,0,0,0
859,7,upper,0,0,0,-1
859,7,lower,0,0,-1,0
859,8,upper,0,0,0,-1
859,8,lower,0,0,0,-1
860,1,upper,0,0,0,0
860,1,lower,0,0,0,0
860,2,upper,0,0,0,0
860,2,lower,0,0,0,0
860,3,upper,0,0,0,0
860,3,lower,0,0,0,0
860,4,upper,0,0,0,0
860,4,lower,0,0,0,0
860,5,upper,0,0,0,0
860,5,lower,0,0,0,0
860,6,upper,0,0,0,0
860,6,lower,0,0,0,-1
860,7,upper,0,0,0,0
860,7,lower,0,0,0,0
860,8,upper,0,0,0,-1
860,8,lower,0,0,0,-1
861,1,upper,0,0,0,0
861,1,lower,0,0,0,0
861,2,upper,0,0,0,0
861,2,lower,0,0,0,0
861,3,upper,0,0,0,0
861,3,lower,0,0,0,0
861,4,upper,0,0,0,0
861,4,lower,0,0,0,0
861,5,upper,0,0,0,0
861,5,lower,0,0,0,0
861,6,upper,0,0,0,0
861,6,lower,0,0,0,0
861,7,upper,0,0,0,0
861,7,lower,0,0,0,0
861,8,upper,0,0,0,-1
861,8,lower,0,0,0,-1
862,1,upper,0,0,0,0
862,1,lower,0,0,0,0
862,2,upper,0,0,0,0
862,2,lower,0,0,0,0
862,3,upper,0,0,0,0
862,3,lower,0,0,0,0
862,4,upper,0,0,0,0
862,4,lower,0,0,0,0
862,5,upper,0,0,0,0
862,5,lower,0,0,0,0
862,6,upper,0,0,0,0
862,6,lower,0,0,0,0
862,7,upper,0,0,0,0
862,7,lower,0,0,0,0
862,8,upper,0,0,0,0
862,8,lower,0,0,0,0
863,1,upper,0,0,0,0
863,1,lower,0,0,0,0
863,2,upper,0,0,0,0
863,2,lower,0,0,0,0
863,3,upper,0,0,0,0
863,3,lower,0,0,0,0
863,4,upper,0,0,0,0
863,4,lower,0,0,0,0
863,5,upper,0,0,0,0
863,5,lower,0,0,0,0
863,6,upper,0,0,0,0
863,6,lower,0,0,0,0
863,7,upper,0,0,0,0
863,7,lower,0,0,0,0
863,8,upper,0,0,0,0
863,8,lower,0,0,0,0
864,1,upper,0,0,0,0
864,1,lower,0,0,0,0
864,2,upper,0,0,0,0
864,2,lower,0,0,0,0
864,3,upper,0,0,0,0
864,3,lower,0,0,0,0
864,4,upper,0,0,0,0
864,4,lower,0,0,0,0
864,5,upper,0,0,0,0
864,5,lower,0,0,0,0
864,6,upper,0,0,0,0
864,6,lower,0,0,0,-1
864,7,upper,0,0,0,0
864,7,lower,0,0,0,0
864,8,upper,0,0,0,0
864,8,lower,0,0,0,0
865,1,upper,0,0,0,0
865,1,lower,0,0,0,0
865,2,upper,0,0,0,0
865,2,lower,0,0,0,0
865,3,upper,0,0,0,0
865,3,lower,0,0,0,-1
865,4,upper,0,0,0,0
865,4,lower,0,0,0,0
865,5,upper,0,0,0,0
865,5,lower,0,0,0,0
865,6,upper,0,0,0,0
865,6,lower,0,0,0,0
865,7,upper,0,0,0,0
865,7,lower,0,0,0,0
865,8,upper,0,0,0,-1
865,8,lower,0,0,0,-1
866,1,upper,0,0,0,0
866,1,lower,0,0,0,0
866,2,upper,0,0,0,0
866,2,lower,0,0,0,0
866,3,upper,0,0,0,0
866,3,lower,0,0,0,0
866,4,upper,0,0,0,0
866,4,lower,0,0,0,-1
866,5,upper,0,0,0,0
866,5,lower,0,0,0,0
866,6,upper,0,0,0,0
866,6,lower,0,0,0,0
866,7,upper,0,0,0,0
866,7,lower,0,0,0,0
866,8,upper,0,0,0,0
866,8,lower,0,0,0,0
867,1,upper,0,0,0,0
867,1,lower,0,0,0,0
867,2,upper,0,0,0,0
867,2,lower,0,0,0,0
867,3,upper,0,0,0,0
867,3,lower,0,0,0,0
867,4,upper,0,0,0,0
867,4,lower,0,0,0,0
867,5,upper,0,0,0,-1
867,5,lower,0,0,0,0
867,6,upper,0,0,0,0
867,6,lower,0,0,0,0
867,7,upper,0,0,0,0
867,7,lower,0,0,0,0
867,8,upper,0,0,0,-1
867,8,lower,0,0,0,-1
868,1,upper,0,0,0,0
868,1,lower,0,0,0,0
868,2,upper,0,0,0,0
868,2,lower,0,0,0,0
868,3,upper,0,0,0,0
868,3,lower,0,0,0,0
868,4,upper,0,0,0,0
868,4,lower,0,0,0,0
868,5,upper,0,0,0,0
868,5,lower,0,0,0,0
868,6,upper,0,0,0,0
868,6,lower,0,0,0,-1
868,7,upper,0,0,0,0
868,7,lower,0,0,0,0
868,8,upper,0,0,0,0
868,8,lower,0,0,0,0
869,1,upper,0,0,0,0
869,1,lower,0,0,0,0
869,2,upper,0,0,0,0
869,2,lower,0,0,0,0
869,3,upper,0,0,0,0
869,3,lower,0,0,0,0
869,4,upper,0,0,0,0
869,4,lower,0,0,0,0
869,5,upper,0,0,0,0
869,5,lower,0,0,0,0
869,6,upper,0,0,0,0
869,6,lower,0,0,0,0
869,7,upper,0,0,0,-1
869,7,lower,0,0,-1,0
869,8,upper,0,0,0,-1
869,8,lower,0,0,0,-1
870,1,upper,0,0,0,0
870,1,lower,0,0,0,0
870,2,upper,0,0,0,0
870,2,lower,0,0,0,0
870,3,upper,0,0,0,0
870,3,lower,0,0,0,0
870,4,upper,0,0,0,0
870,4,lower,0,0,0,0
870,5,upper,0,0,0,0
870,5,lower,0,0,0,0
870,6,upper,0,0,0,0
870,6,lower,0,0,0,0
870,7,upper,0,0,0,0
870,7,lower,0,0,0,0
870,8,upper,0,0,0,-1
870,8,lower,0,0,0,-1
871,1,upper,0,0,0,0
871,1,lower,0,0,0,0
871,2,upper,0,0,0,0
871,2,lower,0,0,0,0
871,3,upper,0,0,0,0
871,3,lower,0,0,0,0
871,4,upper,0,0,0,0
871,4,lower,0,0,0,0
871,5,upper,0,0,0,0
871,5,lower,0,0,0,0
871,6,upper,0,0,0,0
871,6,lower,0,0,0,0
871,7,upper,0,0,0,0
871,7,lower,0,0,0,0
871,8,upper,0,0,0,0
871,8,lower,0,0,0,0
872,1,upper,0,0,0,0
872,1,lower,0,0,0,0
872,2,upper,0,0,0,0
872,2,lower,0,0,0,0
872,3,upper,0,0,0,0
872,3,lower,0,0,0,0
872,4,upper,0,0,0,0
872,4,lower,0,0,0,0
872,5,upper,0,0,0,0
872,5,lower,0,0,0,0
872,6,upper,0,0,0,0
872,6,lower,0,0,0,-1
872,7,upper,0,0,0,0
872,7,lower,0,0,0,0
872,8,upper,0,0,0,0
872,8,lower,0,0,0,0
873,1,upper,0,0,0,0
873,1,lower,0,0,0,0
873,2,upper,0,0,0,0
873,2,lower,0,0,0,0
873,3,upper,0,0,0,0
873,3,lower,0,0,0,0
873,4,upper,0,0,0,0
873,4,lower,0,0,0,0
873,5,upper,0,0,0,0
873,5,lower,0,0,0,0
873,6,upper,0,0,0,0
873,6,lower,0,0,0,0
873,7,upper,0,0,0,0
873,7,lower,0,0,0,0
873,8,upper,0,0,0,-1
873,8,lower,0,0,0,-1
874,1,upper,0,0,0,0
874,1,lower,0,0,0,0
874,2,upper,0,0,0,0
874,2,lower,0,0,0,0
874,3,upper,0,0,0,0
874,3,lower,0,0,0,0
874,4,upper,0,0,0,0
874,4,lower,0,0,0,0
874,5,upper,0,0,0,0
874,5,lower,0,0,0,0
874,6,upper,0,0,0,0
874,6,lower,0,0,0,0
874,7,upper,0,0,0,0
874,7,lower,0,0,0,0
874,8,upper,0,0,0,0
874,8,lower,0,0,0,0
875,1,upper,0,0,0,0
875,1,lower,0,0,0,0
875,2,upper,0,0,0,0
875,2,lower,0,0,0,0
875,3,upper,0,0,0,0
875,3,lower,0,0,0,0
875,4,upper,0,0,0,0
875,4,lower,0,0,0,0
875,5,upper,0,0,0,-1
875,5,lower,0,0,-1,0
875,6,upper,0,0,0,0
875,6,lower,0,0,0,0
875,7,upper,0,0,0,0
875,7,lower,0,0,0,0
875,8,upper,0,0,0,-1
875,8,lower,0,0,0,-1
876,1,upper,0,0,0,0
876,1,lower,0,0,0,0
876,2,upper,0,0,0,0
876,2,lower,0,0,0,0
876,3,upper,0,0,0,0
876,3,lower,0,0,0,0
876,4,upper,0,0,0,0
876,4,lower,0,0,0,0
876,5,upper,0,0,0,0
876,5,lower,0,0,0,0
876,6,upper,0,0,0,-1
876,6,lower,0,0,-1,0
876,7,upper,0,0,0,0
876,7,lower,0,0,0,0
876,8,upper,0,0,0,0
876,8,lower,0,0,0,0
877,1,upper,0,0,0,0
877,1,lower,0,0,0,0
877,2,upper,0,0,0,0
877,2,lower,0,0,0,0
877,3,upper,0,0,0,0
877,3,lower,0,0,0,0
877,4,upper,0,0,0,0
877,4,lower,0,0,0,0
877,5,upper,0,0,0,0
877,5,lower,0,0,0,0
877,6,upper,0,0,0,0
877,6,lower,0,0,0,0
877,7,upper,0,0,0,-1
877,7,lower,0,0,-1,0
877,8,upper,0,0,0,0
877,8,lower,0,0,0,0
878,1,upper,0,0,0,0
878,1,lower,0,0,0,0
878,2,upper,0,0,0,0
878,2,lower,0,0,0,0
878,3,upper,0,0,0,0
878,3,lower,0,0,0,0
878,4,upper,0,0,0,0
878,4,lower,0,0,0,0
878,5,upper,0,0,0,0
878,5,lower,0,0,0,0
878,6,upper,0,0,0,0
878,6,lower,0,0,0,0
878,7,upper,0,0,0,0
878,7,lower,0,0,0,0
878,8,upper,0,0,0,-1
878,8,lower,0,0,0,-1
879,1,upper,0,0,0,0
879,1,lower,0,0,0,0
879,2,upper,0,0,0,0
879,2,lower,0,0,0,0
879,3,upper,0,0,0,0
879,3,lower,0,0,0,0
879,4,upper,0,0,0,0
879,4,lower,0,0,0,0
879,5,upper,0,0,0,0
879,5,lower,0,0,0,0
879,6,upper,0,0,0,0
879,6,lower,0,0,0,0
879,7,upper,0,0,0,0
879,7,lower,0,0,0,0
879,8,upper,0,0,0,0
879,8,lower,0,0,0,0
880,1,upper,0,0,0,0
880,1,lower,0,0,0,0
880,2,upper,0,0,0,0
880,2,lower,0,0,0,0
880,3,upper,0,0,0,0
880,3,lower,0,0,0,0
880,4,upper,0,0,0,0
880,4,lower,0,0,0,0
880,5,upper,0,0,0,0
880,5,lower,0,0,0,0
880,6,upper,0,0,0,0
880,6,lower,0,0,0,-1
880,7,upper,0,0,0,0
880,7,lower,0,0,0,0
880,8,upper,0,0,0,0
880,8,lower,0,0,0,0
881,1,upper,0,0,0,0
881,1,lower,0,0,0,0
881,2,upper,0,0,0,0
881,2,lower,0,0,0,0
881,3,upper,0,0,0,0
881,3,lower,0,0,0,0
881,4,upper,0,0,0,0
881,4,lower,0,0,0,0
881,5,upper,0,0,0,0
881,5,lower,0,0,0,0
881,6,upper,0,0,0,0
881,6,lower,0,0,0,0
881,7,upper,0,0,0,0
881,7,lower,0,0,0,0
881,8,upper,0,0,0,-1
881,8,lower,0,0,0,-1
882,1,upper,0,0,0,0
882,1,lower,0,0,0,0
882,2,upper,0,0,0,0
882,2,lower,0,0,0,0
882,3,upper,0,0,0,0
882,3,lower,0,0,0,0
882,4,upper,0,0,0,-1
882,4,lower,0,0,0,0
882,5,upper,0,0,0,0
882,5,lower,0,0,0,0
882,6,upper,0,0,0,0
882,6,lower,0,0,0,0
882,7,upper,0,0,0,0
882,7,lower,0,0,0,0
882,8,upper,0,0,0,0
882,8,lower,0,0,0,0
883,1,upper,0,0,0,0
883,1,lower,0,0,0,0
883,2,upper,0,0,0,0
883,2,lower,0,0,0,0
883,3,upper,0,0,0,0
883,3,lower,0,0,0,0
883,4,upper,0,0,0,0
883,4,lower,0,0,0,0
883,5,upper,0,0,0,-1
883,5,lower,0,0,-1,0
883,6,upper,0,0,0,0
883,6,lower,0,0,0,0
883,7,upper,0,0,0,-1
883,7,lower,0,0,-1,0
883,8,upper,0,0,0,0
883,8,lower,0,0,0,0
884,1,upper,0,0,0,0
884,1,lower,0,0,0,0
884,2,upper,0,0,0,0
884,2,lower,0,0,0,0
884,3,upper,0,0,0,0
884,3,lower,0,0,0,0
884,4,upper,0,0,0,0
884,4,lower,0,0,0,0
884,5,upper,0,0,0,0
884,5,lower,0,0,0,0
884,6,upper,0,0,0,-1
884,6,lower,0,0,-1,-1
884,7,upper,0,0,0,0
884,7,lower,0,0,0,0
884,8,upper,0,0,0,-1
884,8,lower,0,0,0,-1
885,1,upper,0,0,0,0
885,1,lower,0,0,0,0
885,2,upper,0,0,0,0
885,2,lower,0,0,0,0
885,3,upper,0,0,0,0
885,3,lower,0,0,0,0
885,4,upper,0,0,0,0
885,4,lower,0,0,0,0
885,5,upper,0,0,0,0
885,5,lower,0,0,0,0
885,6,upper,0,0,0,0
885,6,lower,0,0,0,0
885,7,upper,0,0,0,-1
885,7,lower,0,0,-1,0
885,8,upper,0,0,0,0
885,8,lower,0,0,0,0
886,1,upper,0,0,0,0
886,1,lower,0,0,0,0
886,2,upper,0,0,0,0
886,2,lower,0,0,0,0
886,3,upper,0,0,0,0
886,3,lower,0,0,0,0
886,4,upper,0,0,0,0
886,4,lower,0,0,0,0
886,5,upper,0,0,0,0
886,5,lower,0,0,0,0
886,6,upper,0,0,0,0
886,6,lower,0,0,0,0
886,7,upper,0,0,0,0
886,7,lower,0,0,0,0
886,8,upper,0,0,0,0
886,8,lower,0,0,0,0
887,1,upper,0,0,0,0
887,1,lower,0,0,0,0
887,2,upper,0,0,0,0
887,2,lower,0,0,0,0
887,3,upper,0,0,0,0
887,3,lower,0,0,0,0
887,4,upper,0,0,0,0
887,4,lower,0,0,0,0
887,5,upper,0,0,0,0
887,5,lower,0,0,0,0
887,6,upper,0,0,0,0
887,6,lower,0,0,0,0
887,7,upper,0,0,0,-1
887,7,lower,0,0,-1,0
887,8,upper,0,0,0,-1
887,8,lower,0,0,0,-1
888,1,upper,0,0,0,0
888,1,lower,0,0,0,0
888,2,upper,0,0,0,0
888,2,lower,0,0,0,0
888,3,upper,0,0,0,0
888,3,lower,0,0,0,0
888,4,upper,0,0,0,0
888,4,lower,0,0,0,0
888,5,upper,0,0,0,0
888,5,lower,0,0,0,0
888,6,upper,0,0,0,-1
888,6,lower,0,0,-1,-1
888,7,upper,0,0,0,0
888,7,lower,0,0,0,0
888,8,upper,0,0,0,-1
888,8,lower,0,0,0,-1
889,1,upper,0,0,0,0
889,1,lower,0,0,0,0
889,2,upper,0,0,0,0
889,2,lower,0,0,0,0
889,3,upper,0,0,0,0
889,3,lower,0,0,0,0
889,4,upper,0,0,0,0
889,4,lower,0,0,0,0
889,5,upper,0,0,0,0
889,5,lower,0,0,0,0
889,6,upper,0,0,0,0
889,6,lower,0,0,0,0
889,7,upper,0,0,0,-1
889,7,lower,0,0,-1,0
889,8,upper,0,0,0,0
889,8,lower,0,0,0,0
890,1,upper,0,0,0,0
890,1,lower,0,0,0,0
890,2,upper,0,0,0,0
890,2,lower,0,0,0,0
890,3,upper,0,0,0,0
890,3,lower,0,0,0,0
890,4,upper,0,0,0,0
890,4,lower,0,0,0,0
890,5,upper,0,0,0,0
890,5,lower,0,0,0,0
890,6,upper,0,0,0,0
890,6,lower,0,0,0,0
890,7,upper,0,0,0,0
890,7,lower,0,0,0,0
890,8,upper,0,0,0,0
890,8,lower,0,0,0,0
891,1,upper,0,0,0,0
891,1,lower,0,0,0,0
891,2,upper,0,0,0,0
891,2,lower,0,0,0,0
891,3,upper,0,0,0,0
891,3,lower,0,0,0,0
891,4,upper,0,0,0,0
891,4,lower,0,0,0,0
891,5,upper,0,0,0,-1
891,5,lower,0,0,0,0
891,6,upper,0,0,0,0
891,6,lower,0,0,0,0
891,7,upper,0,0,0,0
891,7,lower,0,0,0,0
891,8,upper,0,0,0,-1
891,8,lower,0,0,0,-1
892,1,upper,0,0,0,0
892,1,lower,0,0,0,0
892,2,upper,0,0,0,0
892,2,lower,0,0,0,0
892,3,upper,0,0,0,0
892,3,lower,0,0,0,0
892,4,upper,0,0,0,0
892,4,lower,0,0,0,0
892,5,upper,0,0,0,0
892,5,lower,0,0,0,0
892,6,upper,0,0,0,-1
892,6,lower,0,0,0,0
892,7,upper,0,0,0,0
892,7,lower,0,0,0,0
892,8,upper,0,0,0,0
892,8,lower,0,0,0,0
893,1,upper,0,0,0,0
893,1,lower,0,0,0,0
893,2,upper,0,0,0,0
893,2,lower,0,0,0,0
893,3,upper,0,0,0,0
893,3,lower,0,0,0,0
893,4,upper,0,0,0,0
893,4,lower,0,0,0,0
893,5,upper,0,0,0,0
893,5,lower,0,0,0,0
893,6,upper,0,0,0,0
893,6,lower,0,0,0,0
893,7,upper,0,0,0,0
893,7,lower,0,0,0,0
893,8,upper,0,0,0,-1
893,8,lower,0,0,0,-1
894,1,upper,0,0,0,0
894,1,lower,0,0,0,0
894,2,upper,0,0,0,0
894,2,lower,0,0,0,0
894,3,upper,0,0,0,0
894,3,lower,0,0,0,0
894,4,upper,0,0,0,0
894,4,lower,0,0,0,0
894,5,upper,0,0,0,0
894,5,lower,0,0,0,0
894,6,upper,0,0,0,0
894,6,lower,0,0,0,0
894,7,upper,0,0,0,0
894,7,lower,0,0,0,0
894,8,upper,0,0,0,-1
894,8,lower,0,0,0,-1
895,1,upper,0,0,0,0
895,1,lower,0,0,0,-1
895,2,upper,0,0,0,0
895,2,lower,0,0,0,0
895,3,upper,0,0,0,0
895,3,lower,0,0,0,0
895,4,upper,0,0,0,0
895,4,lower,0,0,0,0
895,5,upper,0,0,0,0
895,5,lower,0,0,0,0
895,6,upper,0,0,0,0
895,6,lower,0,0,0,0
895,7,upper,0,0,0,0
895,7,lower,0,0,0,0
895,8,upper,0,0,0,0
895,8,lower,0,0,0,0
896,1,upper,0,0,0,0
896,1,lower,0,0,0,0
896,2,upper,0,0,0,0
896,2,lower,0,0,0,-1
896,3,upper,0,0,0,0
896,3,lower,0,0,0,0
896,4,upper,0,0,0,0
896,4,lower,0,0,0,0
896,5,upper,0,0,0,0
896,5,lower,0,0,0,0
896,6,upper,0,0,0,0
896,6,lower,0,0,0,-1
896,7,upper,0,0,0,0
896,7,lower,0,0,0,0
896,8,upper,0,0,0,0
896,8,lower,0,0,0,0
897,1,upper,0,0,0,0
897,1,lower,0,0,0,0
897,2,upper,0,0,0,0
897,2,lower,0,0,0,0
897,3,upper,0,0,0,0
897,3,lower,0,0,0,-1
897,4,upper,0,0,0,0
897,4,lower,0,0,0,0
897,5,upper,0,0,0,0
897,5,lower,0,0,0,0
897,6,upper,0,0,0,0
897,6,lower,0,0,0,0
897,7,upper,0,0,0,0
897,7,lower,0,0,0,0
897,8,upper,0,0,0,-1
897,8,lower,0,0,0,-1
898,1,upper,0,0,0,0
898,1,lower,0,0,0,0
898,2,upper,0,0,0,0
898,2,lower,0,0,0,0
898,3,upper,0,0,0,0
898,3,lower,0,0,0,0
898,4,upper,0,0,0,-1
898,4,lower,0,0,-1,0
898,5,upper,0,0,0,0
898,5,lower,0,0,0,0
898,6,upper,0,0,0,0
898,6,lower,0,0,0,0
898,7,upper,0,0,0,0
898,7,lower,0,0,0,0
898,8,upper,0,0,0,-1
898,8,lower,0,0,0,-1
899,1,upper,0,0,0,0
899,1,lower,0,0,0,0
899,2,upper,0,0,0,0
899,2,lower,0,0,0,0
899,3,upper,0,0,0,0
899,3,lower,0,0,0,0
899,4,upper,0,0,0,0
899,4,lower,0,0,0,0
899,5,upper,0,0,0,-1
899,5,lower,0,0,0,0
899,6,upper,0,0,0,0
899,6,lower,0,0,0,0
899,7,upper,0,0,0,-1
899,7,lower,0,0,-1,0
899,8,upper,0,0,0,0
899,8,lower,0,0,0,0
900,1,upper,0,0,0,0
900,1,lower,0,0,0,0
900,2,upper,0,0,0,0
900,2,lower,0,0,0,0
900,3,upper,0,0,0,0
900,3,lower,0,0,0,0
900,4,upper,0,0,0,0
900,4,lower,0,0,0,0
900,5,upper,0,0,0,0
900,5,lower,0,0,0,0
900,6,upper,0,0,0,-1
900,6,lower,0,0,-1,-1
900,7,upper,0,0,0,0
900,7,lower,0,0,0,0
900,8,upper,0,0,0,-1
900,8,lower,0,0,0,-1
901,1,upper,0,0,0,0
901,1,lower,0,0,0,0
901,2,upper,0,0,0,0
901,2,lower,0,0,0,0
901,3,upper,0,0,0,0
901,3,lower,0,0,0,0
901,4,upper,0,0,0,0
901,4,lower,0,0,0,0
901,5,upper,0,0,0,0
901,5,lower,0,0,0,0
901,6,upper,0,0,0,0
901,6,lower,0,0,0,0
901,7,upper,0,0,0,-1
901,7,lower,0,0,-1,0
901,8,upper,0,0,0,-1
901,8,lower,0,0,0,-1
902,1,upper,0,0,0,0
902,1,lower,0,0,0,0
902,2,upper,0,0,0,0
902,2,lower,0,0,0,0
902,3,upper,0,0,0,0
902,3,lower,0,0,0,0
902,4,upper,0,0,0,0
902,4,lower,0,0,0,0
902,5,upper,0,0,0,0
902,5,lower,0,0,0,0
902,6,upper,0,0,0,0
902,6,lower,0,0,0,0
902,7,upper,0,0,0,0
902,7,lower,0,0,0,0
902,8,upper,0,0,0,-1
902,8,lower,0,0,0,-1
903,1,upper,0,0,0,0
903,1,lower,0,0,0,0
903,2,upper,0,0,0,0
903,2,lower,0,0,0,0
903,3,upper,0,0,0,0
903,3,lower,0,0,0,0
903,4,upper,0,0,0,0
903,4,lower,0,0,0,0
903,5,upper,0,0,0,0
903,5,lower,0,0,0,0
903,6,upper,0,0,0,0
903,6,lower,0,0,0,0
903,7,upper,0,0,0,0
903,7,lower,0,0,0,0
903,8,upper,0,0,0,-1
903,8,lower,0,0,0,-1
904,1,upper,0,0,0,0
904,1,lower,0,0,0,0
904,2,upper,0,0,0,0
904,2,lower,0,0,0,0
904,3,upper,0,0,0,0
904,3,lower,0,0,0,0
904,4,upper,0,0,0,0
904,4,lower,0,0,0,0
904,5,upper,0,0,0,0
904,5,lower,0,0,0,0
904,6,upper,0,0,0,-1
904,6,lower,0,0,0,0
904,7,upper,0,0,0,0
904,7,lower,0,0,0,0
904,8,upper,0,0,0,0
904,8,lower,0,0,0,0
905,1,upper,0,0,0,0
905,1,lower,0,0,0,0
905,2,upper,0,0,0,0
905,2,lower,0,0,0,0
905,3,upper,0,0,0,0
905,3,lower,0,0,0,0
905,4,upper,0,0,0,0
905,4,lower,0,0,0,0
905,5,upper,0,0,0,0
905,5,lower,0,0,0,0
905,6,upper,0,0,0,0
905,6,lower,0,0,0,0
905,7,upper,0,0,0,-1
905,7,lower,0,0,-1,0
905,8,upper,0,0,0,-1
905,8,lower,0,0,0,-1
906,1,upper,0,0,0,0
906,1,lower,0,0,0,0
906,2,upper,0,0,0,0
906,2,lower,0,0,0,0
906,3,upper,0,0,0,0
906,3,lower,0,0,0,0
906,4,upper,0,0,0,0
906,4,lower,0,0,0,0
906,5,upper,0,0,0,0
906,5,lower,0,0,0,0
906,6,upper,0,0,0,0
906,6,lower,0,0,0,0
906,7,upper,0,0,0,0
906,7,lower,0,0,0,0
906,8,upper,0,0,0,0
906,8,lower,0,0,0,0
907,1,upper,0,0,0,0
907,1,lower,0,0,0,0
907,2,upper,0,0,0,0
907,2,lower,0,0,0,0
907,3,upper,0,0,0,0
907,3,lower,0,0,0,0
907,4,upper,0,0,0,0
907,4,lower,0,0,0,0
907,5,upper,0,0,0,-1
907,5,lower,0,0,-1,-1
907,6,upper,0,0,0,0
907,6,lower,0,0,0,0
907,7,upper,0,0,0,-1
907,7,lower,0,0,-1,0
907,8,upper,0,0,0,0
907,8,lower,0,0,0,0
908,1,upper,0,0,0,0
908,1,lower,0,0,0,0
908,2,upper,0,0,0,0
908,2,lower,0,0,0,0
908,3,upper,0,0,0,0
908,3,lower,0,0,0,0
908,4,upper,0,0,0,0
908,4,lower,0,0,0,0
908,5,upper,0,0,0,0
908,5,lower,0,0,0,0
908,6,upper,0,0,0,-1
908,6,lower,0,0,-1,0
908,7,upper,0,0,0,0
908,7,lower,0,0,0,0
908,8,upper,0,0,0,-1
908,8,lower,0,0,0,-1
909,1,upper,0,0,0,0
909,1,lower,0,0,0,0
909,2,upper,0,0,0,0
909,2,lower,0,0,0,0
909,3,upper,0,0,0,0
909,3,lower,0,0,0,0
909,4,upper,0,0,0,0
909,4,lower,0,0,0,0
909,5,upper,0,0,0,0
909,5,lower,0,0,0,0
909,6,upper,0,0,0,0
909,6,lower,0,0,0,0
909,7,upper,0,0,0,-1
909,7,lower,0,0,-1,0
909,8,upper,0,0,0,-1
909,8,lower,0,0,0,-1
910,1,upper,0,0,0,0
910,1,lower,0,0,0,0
910,2,upper,0,0,0,0
910,2,lower,0,0,0,0
910,3,upper,0,0,0,0
910,3,lower,0,0,0,0
910,4,upper,0,0,0,0
910,4,lower,0,0,0,0
910,5,upper,0,0,0,0
910,5,lower,0,0,0,0
910,6,upper,0,0,0,0
910,6,lower,0,0,0,0
910,7,upper,0,0,0,0
910,7,lower,0,0,0,0
910,8,upper,0,0,0,0
910,8,lower,0,0,0,0
911,1,upper,0,0,0,0
911,1,lower,0,0,0,0
911,2,upper,0,0,0,0
911,2,lower,0,0,0,0
911,3,upper,0,0,0,0
911,3,lower,0,0,0,0
911,4,upper,0,0,0,0
911,4,lower,0,0,0,0
911,5,upper,0,0,0,0
911,5,lower,0,0,0,0
911,6,upper,0,0,0,0
911,6,lower,0,0,0,0
911,7,upper,0,0,0,-1
911,7,lower,0,0,-1,0
911,8,upper,0,0,0,-1
911,8,lower,0,0,0,-1
912,1,upper,0,0,0,0
912,1,lower,0,0,0,0
912,2,upper,0,0,0,0
912,2,lower,0,0,0,0
912,3,upper,0,0,0,0
912,3,lower,0,0,0,0
912,4,upper,0,0,0,0
912,4,lower,0,0,0,0
912,5,upper,0,0,0,0
912,5,lower,0,0,0,0
912,6,upper,0,0,0,0
912,6,lower,0,0,0,-1
912,7,upper,0,0,0,0
912,7,lower,0,0,0,0
912,8,upper,0,0,0,-1
912,8,lower,0,0,0,-1
913,1,upper,0,0,0,0
913,1,lower,0,0,0,0
913,2,upper,0,0,0,0
913,2,lower,0,0,0,0
913,3,upper,0,0,0,0
913,3,lower,0,0,0,0
913,4,upper,0,0,0,0
913,4,lower,0,0,0,0
913,5,upper,0,0,0,0
913,5,lower,0,0,0,0
913,6,upper,0,0,0,0
913,6,lower,0,0,0,0
913,7,upper,0,0,0,0
913,7,lower,0,0,0,0
913,8,upper,0,0,0,0
913,8,lower,0,0,0,0
914,1,upper,0,0,0,0
914,1,lower,0,0,0,0
914,2,upper,0,0,0,0
914,2,lower,0,0,0,0
914,3,upper,0,0,0,0
914,3,lower,0,0,0,0
914,4,upper,0,0,0,-1
914,4,lower,0,0,-1,0
914,5,upper,0,0,0,0
914,5,lower,0,0,0,0
914,6,upper,0,0,0,0
914,6,lower,0,0,0,0
914,7,upper,0,0,0,0
914,7,lower,0,0,0,0
914,8,upper,0,0,0,0
914,8,lower,0,0,0,0
915,1,upper,0,0,0,0
915,1,lower,0,0,0,0
915,2,upper,0,0,0,0
915,2,lower,0,0,0,0
915,3,upper,0,0,0,0
915,3,lower,0,0,0,0
915,4,upper,0,0,0,0
915,4,lower,0,0,0,0
915,5,upper,0,0,0,-1
915,5,lower,0,0,-1,0
915,6,upper,0,0,0,0
915,6,lower,0,0,0,0
915,7,upper,0,0,0,-1
915,7,lower,0,0,-1,0
915,8,upper,0,0,0,-1
915,8,lower,0,0,0,-1
916,1,upper,0,0,0,0
916,1,lower,0,0,0,0
916,2,upper,0,0,0,0
916,2,lower,0,0,0,0
916,3,upper,0,0,0,0
916,3,lower,0,0,0,0
916,4,upper,0,0,0,0
916,4,lower,0,0,0,0
916,5,upper,0,0,0,0
916,5,lower,0,0,0,0
916,6,upper,0,0,0,0
916,6,lower,0,0,0,-1
916,7,upper,0,0,0,0
916,7,lower,0,0,0,0
916,8,upper,0,0,0,-1
916,8,lower,0,0,0,-1
917,1,upper,0,0,0,0
917,1,lower,0,0,0,0
917,2,upper,0,0,0,0
917,2,lower,0,0,0,0
917,3,upper,0,0,0,0
917,3,lower,0,0,0,0
917,4,upper,0,0,0,0
917,4,lower,0,0,0,0
917,5,upper,0,0,0,0
917,5,lower,0,0,0,0
917,6,upper,0,0,0,0
917,6,lower,0,0,0,0
917,7,upper,0,0,0,-1
917,7,lower,0,0,-1,0
917,8,upper,0,0,0,-1
917,8,lower,0,0,0,-1
918,1,upper,0,0,0,0
918,1,lower,0,0,0,0
918,2,upper,0,0,0,0
918,2,lower,0,0,0,0
918,3,upper,0,0,0,0
918,3,lower,0,0,0,0
918,4,upper,0,0,0,0
918,4,lower,0,0,0,0
918,5,upper,0,0,0,0
918,5,lower,0,0,0,0
918,6,upper,0,0,0,0
918,6,lower,0,0,0,0
918,7,upper,0,0,0,0
918,7,lower,0,0,0,0
918,8,upper,0,0,0,-1
918,8,lower,0,0,0,-1
919,1,upper,0,0,0,0
919,1,lower,0,0,0,0
919,2,upper,0,0,0,0
919,2,lower,0,0,0,0
919,3,upper,0,0,0,0
919,3,lower,0,0,0,0
919,4,upper,0,0,0,0
919,4,lower,0,0,0,0
919,5,upper,0,0,0,0
919,5,lower,0,0,0,0
919,6,upper,0,0,0,0
919,6,lower,0,0,0,0
919,7,upper,0,0,0,0
919,7,lower,0,0,0,0
919,8,upper,0,0,0,-1
919,8,lower,0,0,0,-1
920,1,upper,0,0,0,0
920,1,lower,0,0,0,0
920,2,upper,0,0,0,0
920,2,lower,0,0,0,0
920,3,upper,0,0,0,0
920,3,lower,0,0,0,0
920,4,upper,0,0,0,0
920,4,lower,0,0,0,0
920,5,upper,0,0,0,0
920,5,lower,0,0,0,0
920,6,upper,0,0,0,-1
920,6,lower,0,0,-1,-1
920,7,upper,0,0,0,0
920,7,lower,0,0,0,0
920,8,upper,0,0,0,0
920,8,lower,0,0,0,0
921,1,upper,0,0,0,0
921,1,lower,0,0,0,0
921,2,upper,0,0,0,0
921,2,lower,0,0,0,0
921,3,upper,0,0,0,0
921,3,lower,0,0,0,0
921,4,upper,0,0,0,0
921,4,lower,0,0,0,0
921,5,upper,0,0,0,0
921,5,lower,0,0,0,0
921,6,upper,0,0,0,0
921,6,lower,0,0,0,0
921,7,upper,0,0,0,-1
921,7,lower,0,0,-1,0
921,8,upper,0,0,0,-1
921,8,lower,0,0,0,-1
922,1,upper,0,0,0,0
922,1,lower,0,0,0,0
922,2,upper,0,0,0,0
922,2,lower,0,0,0,0
922,3,upper,0,0,0,0
922,3,lower,0,0,0,0
922,4,upper,0,0,0,0
922,4,lower,0,0,0,0
922,5,upper,0,0,0,0
922,5,lower,0,0,0,0
922,6,upper,0,0,0,0
922,6,lower,0,0,0,0
922,7,upper,0,0,0,0
922,7,lower,0,0,0,0
922,8,upper,0,0,0,0
922,8,lower,0,0,0,0
923,1,upper,0,0,0,0
923,1,lower,0,0,0,0
923,2,upper,0,0,0,0
923,2,lower,0,0,0,0
923,3,upper,0,0,0,0
923,3,lower,0,0,0,0
923,4,upper,0,0,0,0
923,4,lower,0,0,0,0
923,5,upper,0,0,0,-1
923,5,lower,0,0,-1,0
923,6,upper,0,0,0,0
923,6,lower,0,0,0,0
923,7,upper,0,0,0,0
923,7,lower,0,0,0,0
923,8,upper,0,0,0,0
923,8,lower,0,0,0,0
924,1,upper,0,0,0,0
924,1,lower,0,0,0,0
924,2,upper,0,0,0,0
924,2,lower,0,0,0,0
924,3,upper,0,0,0,0
924,3,lower,0,0,0,0
924,4,upper,0,0,0,0
924,4,lower,0,0,0,0
924,5,upper,0,0,0,0
924,5,lower,0,0,0,0
924,6,upper,0,0,0,-1
924,6,lower,0,0,-1,0
924,7,upper,0,0,0,0
924,7,lower,0,0,0,0
924,8,upper,0,0,0,0
924,8,lower,0,0,0,0
925,1,upper,0,0,0,0
925,1,lower,0,0,0,0
925,2,upper,0,0,0,0
925,2,lower,0,0,0,0
925,3,upper,0,0,0,0
925,3,lower,0,0,0,0
925,4,upper,0,0,0,0
925,4,lower,0,0,0,0
925,5,upper,0,0,0,0
925,5,lower,0,0,0,0
925,6,upper,0,0,0,0
925,6,lower,0,0,0,0
925,7,upper,0,0,0,-1
925,7,lower,0,0,-1,0
925,8,upper,0,0,0,-1
925,8,lower,0,0,0,-1
926,1,upper,0,0,0,0
926,1,lower,0,0,0,0
926,2,upper,0,0,0,0
926,2,lower,0,0,0,0
926,3,upper,0,0,0,0
926,3,lower,0,0,0,0
926,4,upper,0,0,0,0
926,4,lower,0,0,0,0
926,5,upper,0,0,0,0
926,5,lower,0,0,0,0
926,6,upper,0,0,0,0
926,6,lower,0,0,0,0
926,7,upper,0,0,0,0
926,7,lower,0,0,0,0
926,8,upper,0,0,0,-1
926,8,lower,0,0,0,-1
927,1,upper,0,0,0,0
927,1,lower,0,0,0,0
927,2,upper,0,0,0,0
927,2,lower,0,0,0,0
927,3,upper,0,0,0,0
927,3,lower,0,0,0,0
927,4,upper,0,0,0,0
927,4,lower,0,0,0,0
927,5,upper,0,0,0,0
927,5,lower,0,0,0,0
927,6,upper,0,0,0,0
927,6,lower,0,0,0,0
927,7,upper,0,0,0,0
927,7,lower,0,0,0,0
927,8,upper,0,0,0,0
927,8,lower,0,0,0,0
928,1,upper,0,0,0,0
928,1,lower,0,0,0,0
928,2,upper,0,0,0,0
928,2,lower,0,0,0,0
928,3,upper,0,0,0,0
928,3,lower,0,0,0,0
928,4,upper,0,0,0,0
928,4,lower,0,0,0,0
928,5,upper,0,0,0,0
928,5,lower,0,0,0,0
928,6,upper,0,0,0,-1
928,6,lower,0,0,-1,0
928,7,upper,0,0,0,0
928,7,lower,0,0,0,0
928,8,upper,0,0,0,0
928,8,lower,0,0,0,0
929,1,upper,0,0,0,0
929,1,lower,0,0,0,0
929,2,upper,0,0,0,0
929,2,lower,0,0,0,0
929,3,upper,0,0,0,-1
929,3,lower,0,0,0,0
929,4,upper,0,0,0,0
929,4,lower,0,0,0,0
929,5,upper,0,0,0,0
929,5,lower,0,0,0,0
929,6,upper,0,0,0,0
929,6,lower,0,0,0,0
929,7,upper,0,0,0,-1
929,7,lower,0,0,-1,0
929,8,upper,0,0,0,0
929,8,lower,0,0,0,0
930,1,upper,0,0,0,0
930,1,lower,0,0,0,0
930,2,upper,0,0,0,0
930,2,lower,0,0,0,0
930,3,upper,0,0,0,0
930,3,lower,0,0,0,0
930,4,upper,0,0,0,-1
930,4,lower,0,0,0,0
930,5,upper,0,0,0,0
930,5,lower,0,0,0,0
930,6,upper,0,0,0,0
930,6,lower,0,0,0,0
930,7,upper,0,0,0,0
930,7,lower,0,0,0,0
930,8,upper,0,0,0,-1
930,8,lower,0,0,0,-1
931,1,upper,0,0,0,0
931,1,lower,0,0,0,0
931,2,upper,0,0,0,0
931,2,lower,0,0,0,0
931,3,upper,0,0,0,0
931,3,lower,0,0,0,0
931,4,upper,0,0,0,0
931,4,lower,0,0,0,0
931,5,upper,0,0,0,-1
931,5,lower,0,0,0,0
931,6,upper,0,0,0,0
931,6,lower,0,0,0,0
931,7,upper,0,0,0,-1
931,7,lower,0,0,-1,0
931,8,upper,0,0,0,0
931,8,lower,0,0,0,0
932,1,upper,0,0,0,0
932,1,lower,0,0,0,0
932,2,upper,0,0,0,0
932,2,lower,0,0,0,0
932,3,upper,0,0,0,0
932,3,lower,0,0,0,0
932,4,upper,0,0,0,0
932,4,lower,0,0,0,0
932,5,upper,0,0,0,0
932,5,lower,0,0,0,0
932,6,upper,0,0,0,0
932,6,lower,0,0,0,-1
932,7,upper,0,0,0,0
932,7,lower,0,0,0,0
932,8,upper,0,0,0,-1
932,8,lower,0,0,0,-1
933,1,upper,0,0,0,0
933,1,lower,0,0,0,0
933,2,upper,0,0,0,0
933,2,lower,0,0,0,0
933,3,upper,0,0,0,0
933,3,lower,0,0,0,0
933,4,upper,0,0,0,0
933,4,lower,0,0,0,0
933,5,upper,0,0,0,0
933,5,lower,0,0,0,0
933,6,upper,0,0,0,0
933,6,lower,0,0,0,0
933,7,upper,0,0,0,0
933,7,lower,0,0,0,0
933,8,upper,0,0,0,0
933,8,lower,0,0,0,0
934,1,upper,0,0,0,0
934,1,lower,0,0,0,0
934,2,upper,0,0,0,0
934,2,lower,0,0,0,0
934,3,upper,0,0,0,0
934,3,lower,0,0,0,0
934,4,upper,0,0,0,0
934,4,lower,0,0,0,0
934,5,upper,0,0,0,0
934,5,lower,0,0,0,0
934,6,upper,0,0,0,0
934,6,lower,0,0,0,0
934,7,upper,0,0,0,0
934,7,lower,0,0,0,0
934,8,upper,0,0,0,0
934,8,lower,0,0,0,0
935,1,upper,0,0,0,0
935,1,lower,0,0,0,0
935,2,upper,0,0,0,0
935,2,lower,0,0,0,0
935,3,upper,0,0,0,0
935,3,lower,0,0,0,0
935,4,upper,0,0,0,0
935,4,lower,0,0,0,0
935,5,upper,0,0,0,0
935,5,lower,0,0,0,0
935,6,upper,0,0,0,0
935,6,lower,0,0,0,0
935,7,upper,0,0,0,0
935,7,lower,0,0,0,0
935,8,upper,0,0,0,0
935,8,lower,0,0,0,0
936,1,upper,0,0,0,0
936,1,lower,0,0,0,0
936,2,upper,0,0,0,0
936,2,lower,0,0,0,0
936,3,upper,0,0,0,0
936,3,lower,0,0,0,0
936,4,upper,0,0,0,0
936,4,lower,0,0,0,0
936,5,upper,0,0,0,0
936,5,lower,0,0,0,0
936,6,upper,0,0,0,-1
936,6,lower,0,0,-1,0
936,7,upper,0,0,0,0
936,7,lower,0,0,0,0
936,8,upper,0,0,0,0
936,8,lower,0,0,0,0
937,1,upper,0,0,0,0
937,1,lower,0,0,0,0
937,2,upper,0,0,0,0
937,2,lower,0,0,0,0
937,3,upper,0,0,0,0
937,3,lower,0,0,0,0
937,4,upper,0,0,0,0
937,4,lower,0,0,0,0
937,5,upper,0,0,0,0
937,5,lower,0,0,0,0
937,6,upper,0,0,0,0
937,6,lower,0,0,0,0
937,7,upper,0,0,0,-1
937,7,lower,0,0,-1,0
937,8,upper,0,0,0,-1
937,8,lower,0,0,0,-1
938,1,upper,0,0,0,0
938,1,lower,0,0,0,0
938,2,upper,0,0,0,0
938,2,lower,0,0,0,0
938,3,upper,0,0,0,0
938,3,lower,0,0,0,0
938,4,upper,0,0,0,0
938,4,lower,0,0,0,0
938,5,upper,0,0,0,0
938,5,lower,0,0,0,0
938,6,upper,0,0,0,0
938,6,lower,0,0,0,0
938,7,upper,0,0,0,0
938,7,lower,0,0,0,0
938,8,upper,0,0,0,0
938,8,lower,0,0,0,0
939,1,upper,0,0,0,0
939,1,lower,0,0,0,0
939,2,upper,0,0,0,0
939,2,lower,0,0,0,0
939,3,upper,0,0,0,0
939,3,lower,0,0,0,0
939,4,upper,0,0,0,0
939,4,lower,0,0,0,0
939,5,upper,0,0,0,-1
939,5,lower,0,0,0,0
939,6,upper,0,0,0,0
939,6,lower,0,0,0,0
939,7,upper,0,0,0,0
939,7,lower,0,0,0,0
939,8,upper,0,0,0,-1
939,8,lower,0,0,0,-1
940,1,upper,0,0,0,0
940,1,lower,0,0,0,0
940,2,upper,0,0,0,0
940,2,lower,0,0,0,0
940,3,upper,0,0,0,0
940,3,lower,0,0,0,0
940,4,upper,0,0,0,0
940,4,lower,0,0,0,0
940,5,upper,0,0,0,0
940,5,lower,0,0,0,0
940,6,upper,0,0,0,-1
940,6,lower,0,0,-1,0
940,7,upper,0,0,0,0
940,7,lower,0,0,0,0
940,8,upper,0,0,0,0
940,8,lower,0,0,0,0
941,1,upper,0,0,0,0
941,1,lower,0,0,0,0
941,2,upper,0,0,0,0
941,2,lower,0,0,0,0
941,3,upper,0,0,0,0
941,3,lower,0,0,0,0
941,4,upper,0,0,0,0
941,4,lower,0,0,0,0
941,5,upper,0,0,0,0
941,5,lower,0,0,0,0
941,6,upper,0,0,0,0
941,6,lower,0,0,0,0
941,7,upper,0,0,0,0
941,7,lower,0,0,0,0
941,8,upper,0,0,0,-1
941,8,lower,0,0,0,-1
942,1,upper,0,0,0,0
942,1,lower,0,0,0,0
942,2,upper,0,0,0,0
942,2,lower,0,0,0,0
942,3,upper,0,0,0,0
942,3,lower,0,0,0,0
942,4,upper,0,0,0,0
942,4,lower,0,0,0,0
942,5,upper,0,0,0,0
942,5,lower,0,0,0,0
942,6,upper,0,0,0,0
942,6,lower,0,0,0,0
942,7,upper,0,0,0,0
942,7,lower,0,0,0,0
942,8,upper,0,0,0,-1
942,8,lower,0,0,0,-1
943,1,upper,0,0,0,0
943,1,lower,0,0,0,0
943,2,upper,0,0,0,0
943,2,lower,0,0,0,0
943,3,upper,0,0,0,0
943,3,lower,0,0,0,0
943,4,upper,0,0,0,0
943,4,lower,0,0,0,0
943,5,upper,0,0,0,0
943,5,lower,0,0,0,0
943,6,upper,0,0,0,0
943,6,lower,0,0,0,0
943,7,upper,0,0,0,0
943,7,lower,0,0,0,0
943,8,upper,0,0,0,-1
943,8,lower,0,0,0,-1
944,1,upper,0,0,0,0
944,1,lower,0,0,0,0
944,2,upper,0,0,0,0
944,2,lower,0,0,0,0
944,3,upper,0,0,0,0
944,3,lower,0,0,0,0
944,4,upper,0,0,0,0
944,4,lower,0,0,0,0
944,5,upper,0,0,0,0
944,5,lower,0,0,0,0
944,6,upper,0,0,0,-1
944,6,lower,0,0,-1,0
944,7,upper,0,0,0,0
944,7,lower,0,0,0,0
944,8,upper,0,0,0,0
944,8,lower,0,0,0,0
945,1,upper,0,0,0,0
945,1,lower,0,0,0,0
945,2,upper,0,0,0,0
945,2,lower,0,0,0,0
945,3,upper,0,0,0,0
945,3,lower,0,0,0,0
945,4,upper,0,0,0,0
945,4,lower,0,0,0,0
945,5,upper,0,0,0,0
945,5,lower,0,0,0,0
945,6,upper,0,0,0,0
945,6,lower,0,0,0,0
945,7,upper,0,0,0,-1
945,7,lower,0,0,-1,0
945,8,upper,0,0,0,-1
945,8,lower,0,0,0,-1
946,1,upper,0,0,0,0
946,1,lower,0,0,0,0
946,2,upper,0,0,0,0
946,2,lower,0,0,0,0
946,3,upper,0,0,0,0
946,3,lower,0,0,0,0
946,4,upper,0,0,0,-1
946,4,lower,0,0,0,0
946,5,upper,0,0,0,0
946,5,lower,0,0,0,0
946,6,upper,0,0,0,0
946,6,lower,0,0,0,0
946,7,upper,0,0,0,0
946,7,lower,0,0,0,0
946,8,upper,0,0,0,-1
946,8,lower,0,0,0,-1
947,1,upper,0,0,0,0
947,1,lower,0,0,0,0
947,2,upper,0,0,0,0
947,2,lower,0,0,0,0
947,3,upper,0,0,0,0
947,3,lower,0,0,0,0
947,4,upper,0,0,0,0
947,4,lower,0,0,0,0
947,5,upper,0,0,0,-1
947,5,lower,0,0,0,0
947,6,upper,0,0,0,0
947,6,lower,0,0,0,0
947,7,upper,0,0,0,-1
947,7,lower,0,0,-1,0
947,8,upper,0,0,0,0
947,8,lower,0,0,0,0
948,1,upper,0,0,0,0
948,1,lower,0,0,0,0
948,2,upper,0,0,0,0
948,2,lower,0,0,0,0
948,3,upper,0,0,0,0
948,3,lower,0,0,0,0
948,4,upper,0,0,0,0
948,4,lower,0,0,0,0
948,5,upper,0,0,0,0
948,5,lower,0,0,0,0
948,6,upper,0,0,0,0
948,6,lower,0,0,0,-1
948,7,upper,0,0,0,0
948,7,lower,0,0,0,0
948,8,upper,0,0,0,-1
948,8,lower,0,0,0,-1
949,1,upper,0,0,0,0
949,1,lower,0,0,0,0
949,2,upper,0,0,0,0
949,2,lower,0,0,0,0
949,3,upper,0,0,0,0
949,3,lower,0,0,0,0
949,4,upper,0,0,0,0
949,4,lower,0,0,0,0
949,5,upper,0,0,0,0
949,5,lower,0,0,0,0
949,6,upper,0,0,0,0
949,6,lower,0,0,0,0
949,7,upper,0,0,0,-1
949,7,lower,0,0,-1,0
949,8,upper,0,0,0,0
949,8,lower,0,0,0,0
950,1,upper,0,0,0,0
950,1,lower,0,0,0,0
950,2,upper,0,0,0,0
950,2,lower,0,0,0,0
950,3,upper,0,0,0,0
950,3,lower,0,0,0,0
950,4,upper,0,0,0,0
950,4,lower,0,0,0,0
950,5,upper,0,0,0,0
950,5,lower,0,0,0,0
950,6,upper,0,0,0,0
950,6,lower,0,0,0,0
950,7,upper,0,0,0,0
950,7,lower,0,0,0,0
950,8,upper,0,0,0,0
950,8,lower,0,0,0,0
951,1,upper,0,0,0,0
951,1,lower,0,0,0,0
951,2,upper,0,0,0,0
951,2,lower,0,0,0,0
951,3,upper,0,0,0,0
951,3,lower,0,0,0,0
951,4,upper,0,0,0,0
951,4,lower,0,0,0,0
951,5,upper,0,0,0,0
951,5,lower,0,0,0,0
951,6,upper,0,0,0,0
951,6,lower,0,0,0,0
951,7,upper,0,0,0,0
951,7,lower,0,0,0,0
951,8,upper,0,0,0,0
951,8,lower,0,0,0,0
952,1,upper,0,0,0,0
952,1,lower,0,0,0,0
952,2,upper,0,0,0,0
952,2,lower,0,0,0,0
952,3,upper,0,0,0,0
952,3,lower,0,0,0,0
952,4,upper,0,0,0,0
952,4,lower,0,0,0,0
952,5,upper,0,0,0,0
952,5,lower,0,0,0,0
952,6,upper,0,0,0,0
952,6,lower,0,0,0,-1
952,7,upper,0,0,0,0
952,7,lower,0,0,0,0
952,8,upper,0,0,0,0
952,8,lower,0,0,0,0
953,1,upper,0,0,0,0
953,1,lower,0,0,0,0
953,2,upper,0,0,0,0
953,2,lower,0,0,0,0
953,3,upper,0,0,0,0
953,3,lower,0,0,0,0
953,4,upper,0,0,0,0
953,4,lower,0,0,0,0
953,5,upper,0,0,0,0
953,5,lower,0,0,0,0
953,6,upper,0,0,0,0
953,6,lower,0,0,0,0
953,7,upper,0,0,0,0
953,7,lower,0,0,0,0
953,8,upper,0,0,0,0
953,8,lower,0,0,0,0
954,1,upper,0,0,0,0
954,1,lower,0,0,0,0
954,2,upper,0,0,0,0
954,2,lower,0,0,0,0
954,3,upper,0,0,0,0
954,3,lower,0,0,0,0
954,4,upper,0,0,0,0
954,4,lower,0,0,0,0
954,5,upper,0,0,0,0
954,5,lower,0,0,0,0
954,6,upper,0,0,0,0
954,6,lower,0,0,0,0
954,7,upper,0,0,0,0
954,7,lower,0,0,0,0
954,8,upper,0,0,0,0
954,8,lower,0,0,0,0
955,1,upper,0,0,0,0
955,1,lower,0,0,0,0
955,2,upper,0,0,0,0
955,2,lower,0,0,0,0
955,3,upper,0,0,0,0
955,3,lower,0,0,0,0
955,4,upper,0,0,0,0
955,4,lower,0,0,0,0
955,5,upper,0,0,0,0
955,5,lower,0,0,0,-1
955,6,upper,0,0,0,0
955,6,lower,0,0,0,0
955,7,upper,0,0,0,0
955,7,lower,0,0,0,0
955,8,upper,0,0,0,-1
955,8,lower,0,0,0,-1
956,1,upper,0,0,0,0
956,1,lower,0,0,0,0
956,2,upper,0,0,0,0
956,2,lower,0,0,0,0
956,3,upper,0,0,0,0
956,3,lower,0,0,0,0
956,4,upper,0,0,0,0
956,4,lower,0,0,0,0
956,5,upper,0,0,0,0
956,5,lower,0,0,0,0
956,6,upper,0,0,0,0
956,6,lower,0,0,0,-1
956,7,upper,0,0,0,0
956,7,lower,0,0,0,0
956,8,upper,0,0,0,0
956,8,lower,0,0,0,0
957,1,upper,0,0,0,0
957,1,lower,0,0,0,0
957,2,upper,0,0,0,0
957,2,lower,0,0,0,0
957,3,upper,0,0,0,0
957,3,lower,0,0,0,0
957,4,upper,0,0,0,0
957,4,lower,0,0,0,0
957,5,upper,0,0,0,0
957,5,lower,0,0,0,0
957,6,upper,0,0,0,0
957,6,lower,0,0,0,0
957,7,upper,0,0,0,-1
957,7,lower,0,0,-1,0
957,8,upper,0,0,0,0
957,8,lower,0,0,0,0
958,1,upper,0,0,0,0
958,1,lower,0,0,0,0
958,2,upper,0,0,0,0
958,2,lower,0,0,0,0
958,3,upper,0,0,0,0
958,3,lower,0,0,0,0
958,4,upper,0,0,0,0
958,4,lower,0,0,0,0
958,5,upper,0,0,0,0
958,5,lower,0,0,0,0
958,6,upper,0,0,0,0
958,6,lower,0,0,0,0
958,7,upper,0,0,0,0
958,7,lower,0,0,0,0
958,8,upper,0,0,0,-1
958,8,lower,0,0,0,-1
959,1,upper,0,0,0,0
959,1,lower,0,0,0,0
959,2,upper,0,0,0,0
959,2,lower,0,0,0,0
959,3,upper,0,0,0,0
959,3,lower,0,0,0,0
959,4,upper,0,0,0,0
959,4,lower,0,0,0,0
959,5,upper,0,0,0,0
959,5,lower,0,0,0,0
959,6,upper,0,0,0,0
959,6,lower,0,0,0,0
959,7,upper,0,0,0,-1
959,7,lower,0,0,-1,0
959,8,upper,0,0,0,-1
959,8,lower,0,0,0,-1
960,1,upper,0,0,0,0
960,1,lower,0,0,0,0
960,2,upper,0,0,0,-1
960,2,lower,0,0,0,0
960,3,upper,0,0,0,0
960,3,lower,0,0,0,0
960,4,upper,0,0,0,0
960,4,lower,0,0,0,0
960,5,upper,0,0,0,0
960,5,lower,0,0,0,0
960,6,upper,0,0,0,-1
960,6,lower,0,0,-1,0
960,7,upper,0,0,0,0
960,7,lower,0,0,0,0
960,8,upper,0,0,0,-1
960,8,lower,0,0,0,-1
961,1,upper,0,0,0,0
961,1,lower,0,0,0,0
961,2,upper,0,0,0,0
961,2,lower,0,0,0,0
961,3,upper,0,0,0,-1
961,3,lower,0,0,0,0
961,4,upper,0,0,0,0
961,4,lower,0,0,0,0
961,5,upper,0,0,0,0
961,5,lower,0,0,0,0
961,6,upper,0,0,0,0
961,6,lower,0,0,0,0
961,7,upper,0,0,0,-1
961,7,lower,0,0,-1,0
961,8,upper,0,0,0,-1
961,8,lower,0,0,0,-1
962,1,upper,0,0,0,0
962,1,lower,0,0,0,0
962,2,upper,0,0,0,0
962,2,lower,0,0,0,0
962,3,upper,0,0,0,0
962,3,lower,0,0,0,0
962,4,upper,0,0,0,-1
962,4,lower,0,0,0,0
962,5,upper,0,0,0,0
962,5,lower,0,0,0,0
962,6,upper,0,0,0,0
962,6,lower,0,0,0,0
962,7,upper,0,0,0,0
962,7,lower,0,0,0,0
962,8,upper,0,0,0,0
962,8,lower,0,0,0,0
963,1,upper,0,0,0,0
963,1,lower,0,0,0,0
963,2,upper,0,0,0,0
963,2,lower,0,0,0,0
963,3,upper,0,0,0,0
963,3,lower,0,0,0,0
963,4,upper,0,0,0,0
963,4,lower,0,0,0,0
963,5,upper,0,0,0,0
963,5,lower,0,0,0,-1
963,6,upper,0,0,0,0
963,6,lower,0,0,0,0
963,7,upper,0,0,0,-1
963,7,lower,0,0,-1,0
963,8,upper,0,0,0,0
963,8,lower,0,0,0,0
964,1,upper,0,0,0,0
964,1,lower,0,0,0,0
964,2,upper,0,0,0,0
964,2,lower,0,0,0,0
964,3,upper,0,0,0,0
964,3,lower,0,0,0,0
964,4,upper,0,0,0,0
964,4,lower,0,0,0,0
964,5,upper,0,0,0,0
964,5,lower,0,0,0,0
964,6,upper,0,0,0,-1
964,6,lower,0,0,-1,0
964,7,upper,0,0,0,0
964,7,lower,0,0,0,0
964,8,upper,0,0,0,-1
964,8,lower,0,0,0,-1
965,1,upper,0,0,0,0
965,1,lower,0,0,0,0
965,2,upper,0,0,0,0
965,2,lower,0,0,0,0
965,3,upper,0,0,0,0
965,3,lower,0,0,0,0
965,4,upper,0,0,0,0
965,4,lower,0,0,0,0
965,5,upper,0,0,0,0
965,5,lower,0,0,0,0
965,6,upper,0,0,0,0
965,6,lower,0,0,0,0
965,7,upper,0,0,0,-1
965,7,lower,0,0,-1,0
965,8,upper,0,0,0,-1
965,8,lower,0,0,0,-1
966,1,upper,0,0,0,0
966,1,lower,0,0,0,0
966,2,upper,0,0,0,0
966,2,lower,0,0,0,0
966,3,upper,0,0,0,0
966,3,lower,0,0,0,0
966,4,upper,0,0,0,0
966,4,lower,0,0,0,0
966,5,upper,0,0,0,0
966,5,lower,0,0,0,0
966,6,upper,0,0,0,0
966,6,lower,0,0,0,0
966,7,upper,0,0,0,0
966,7,lower,0,0,0,0
966,8,upper,0,0,0,0
966,8,lower,0,0,0,0
967,1,upper,0,0,0,0
967,1,lower,0,0,0,0
967,2,upper,0,0,0,0
967,2,lower,0,0,0,0
967,3,upper,0,0,0,0
967,3,lower,0,0,0,0
967,4,upper,0,0,0,0
967,4,lower,0,0,0,0
967,5,upper,0,0,0,0
967,5,lower,0,0,0,0
967,6,upper,0,0,0,0
967,6,lower,0,0,0,0
967,7,upper,0,0,0,0
967,7,lower,0,0,0,0
967,8,upper,0,0,0,0
967,8,lower,0,0,0,0
968,1,upper,0,0,0,0
968,1,lower,0,0,0,0
968,2,upper,0,0,0,0
968,2,lower,0,0,0,0
968,3,upper,0,0,0,0
968,3,lower,0,0,0,0
968,4,upper,0,0,0,0
968,4,lower,0,0,0,0
968,5,upper,0,0,0,0
968,5,lower,0,0,0,0
968,6,upper,0,0,0,-1
968,6,lower,0,0,0,0
968,7,upper,0,0,0,0
968,7,lower,0,0,0,0
968,8,upper,0,0,0,0
968,8,lower,0,0,0,0
969,1,upper,0,0,0,0
969,1,lower,0,0,0,0
969,2,upper,0,0,0,0
969,2,lower,0,0,0,0
969,3,upper,0,0,0,0
969,3,lower,0,0,0,0
969,4,upper,0,0,0,0
969,4,lower,0,0,0,0
969,5,upper,0,0,0,0
969,5,lower,0,0,0,0
969,6,upper,0,0,0,0
969,6,lower,0,0,0,0
969,7,upper,0,0,0,-1
969,7,lower,0,0,-1,0
969,8,upper,0,0,0,-1
969,8,lower,0,0,0,-1
970,1,upper,0,0,0,0
970,1,lower,0,0,0,0
970,2,upper,0,0,0,0
970,2,lower,0,0,0,0
970,3,upper,0,0,0,0
970,3,lower,0,0,0,0
970,4,upper,0,0,0,0
970,4,lower,0,0,0,0
970,5,upper,0,0,0,0
970,5,lower,0,0,0,0
970,6,upper,0,0,0,0
970,6,lower,0,0,0,0
970,7,upper,0,0,0,0
970,7,lower,0,0,0,0
970,8,upper,0,0,0,-1
970,8,lower,0,0,0,-1
971,1,upper,0,0,0,0
971,1,lower,0,0,0,0
971,2,upper,0,0,0,0
971,2,lower,0,0,0,0
971,3,upper,0,0,0,0
971,3,lower,0,0,0,0
971,4,upper,0,0,0,0
971,4,lower,0,0,0,0
971,5,upper,0,0,0,-1
971,5,lower,0,0,0,0
971,6,upper,0,0,0,0
971,6,lower,0,0,0,0
971,7,upper,0,0,0,-1
971,7,lower,0,0,-1,0
971,8,upper,0,0,0,0
971,8,lower,0,0,0,0
972,1,upper,0,0,0,0
972,1,lower,0,0,0,0
972,2,upper,0,0,0,0
972,2,lower,0,0,0,0
972,3,upper,0,0,0,0
972,3,lower,0,0,0,0
972,4,upper,0,0,0,0
972,4,lower,0,0,0,0
972,5,upper,0,0,0,0
972,5,lower,0,0,0,0
972,6,upper,0,0,0,-1
972,6,lower,0,0,-1,-1
972,7,upper,0,0,0,0
972,7,lower,0,0,0,0
972,8,upper,0,0,0,-1
972,8,lower,0,0,0,-1
973,1,upper,0,0,0,0
973,1,lower,0,0,0,0
973,2,upper,0,0,0,0
973,2,lower,0,0,0,0
973,3,upper,0,0,0,0
973,3,lower,0,0,0,0
973,4,upper,0,0,0,0
973,4,lower,0,0,0,0
973,5,upper,0,0,0,0
973,5,lower,0,0,0,0
973,6,upper,0,0,0,0
973,6,lower,0,0,0,0
973,7,upper,0,0,0,-1
973,7,lower,0,0,-1,0
973,8,upper,0,0,0,0
973,8,lower,0,0,0,0
974,1,upper,0,0,0,0
974,1,lower,0,0,0,0
974,2,upper,0,0,0,0
974,2,lower,0,0,0,0
974,3,upper,0,0,0,0
974,3,lower,0,0,0,0
974,4,upper,0,0,0,0
974,4,lower,0,0,0,0
974,5,upper,0,0,0,0
974,5,lower,0,0,0,0
974,6,upper,0,0,0,0
974,6,lower,0,0,0,0
974,7,upper,0,0,0,0
974,7,lower,0,0,0,0
974,8,upper,0,0,0,0
974,8,lower,0,0,0,0
975,1,upper,0,0,0,0
975,1,lower,0,0,0,0
975,2,upper,0,0,0,0
975,2,lower,0,0,0,0
975,3,upper,0,0,0,0
975,3,lower,0,0,0,0
975,4,upper,0,0,0,0
975,4,lower,0,0,0,0
975,5,upper,0,0,0,0
975,5,lower,0,0,0,0
975,6,upper,0,0,0,0
975,6,lower,0,0,0,0
975,7,upper,0,0,0,-1
975,7,lower,0,0,-1,0
975,8,upper,0,0,0,0
975,8,lower,0,0,0,0
976,1,upper,0,0,0,0
976,1,lower,0,0,0,0
976,2,upper,0,0,0,0
976,2,lower,0,0,0,0
976,3,upper,0,0,0,0
976,3,lower,0,0,0,0
976,4,upper,0,0,0,0
976,4,lower,0,0,0,0
976,5,upper,0,0,0,0
976,5,lower,0,0,0,0
976,6,upper,0,0,0,-1
976,6,lower,0,0,0,-1
976,7,upper,0,0,0,0
976,7,lower,0,0,0,0
976,8,upper,0,0,0,-1
976,8,lower,0,0,0,-1
977,1,upper,0,0,0,0
977,1,lower,0,0,0,0
977,2,upper,0,0,0,0
977,2,lower,0,0,0,0
977,3,upper,0,0,0,0
977,3,lower,0,0,0,0
977,4,upper,0,0,0,0
977,4,lower,0,0,0,0
977,5,upper,0,0,0,0
977,5,lower,0,0,0,0
977,6,upper,0,0,0,0
977,6,lower,0,0,0,0
977,7,upper,0,0,0,-1
977,7,lower,0,0,-1,0
977,8,upper,0,0,0,-1
977,8,lower,0,0,0,-1
978,1,upper,0,0,0,0
978,1,lower,0,0,0,0
978,2,upper,0,0,0,0
978,2,lower,0,0,0,0
978,3,upper,0,0,0,0
978,3,lower,0,0,0,0
978,4,upper,0,0,0,0
978,4,lower,0,0,0,-1
978,5,upper,0,0,0,0
978,5,lower,0,0,0,0
978,6,upper,0,0,0,0
978,6,lower,0,0,0,0
978,7,upper,0,0,0,0
978,7,lower,0,0,0,0
978,8,upper,0,0,0,0
978,8,lower,0,0,0,0
979,1,upper,0,0,0,0
979,1,lower,0,0,0,0
979,2,upper,0,0,0,0
979,2,lower,0,0,0,0
979,3,upper,0,0,0,0
979,3,lower,0,0,0,0
979,4,upper,0,0,0,0
979,4,lower,0,0,0,0
979,5,upper,0,0,0,0
979,5,lower,0,0,0,-1
979,6,upper,0,0,0,0
979,6,lower,0,0,0,0
979,7,upper,0,0,0,0
979,7,lower,0,0,0,0
979,8,upper,0,0,0,0
979,8,lower,0,0,0,0
980,1,upper,0,0,0,0
980,1,lower,0,0,0,0
980,2,upper,0,0,0,0
980,2,lower,0,0,0,0
980,3,upper,0,0,0,0
980,3,lower,0,0,0,0
980,4,upper,0,0,0,0
980,4,lower,0,0,0,0
980,5,upper,0,0,0,0
980,5,lower,0,0,0,0
980,6,upper,0,0,0,-1
980,6,lower,0,0,-1,0
980,7,upper,0,0,0,0
980,7,lower,0,0,0,0
980,8,upper,0,0,0,0
980,8,lower,0,0,0,0
981,1,upper,0,0,0,0
981,1,lower,0,0,0,0
981,2,upper,0,0,0,0
981,2,lower,0,0,0,0
981,3,upper,0,0,0,0
981,3,lower,0,0,0,0
981,4,upper,0,0,0,0
981,4,lower,0,0,0,0
981,5,upper,0,0,0,0
981,5,lower,0,0,0,0
981,6,upper,0,0,0,0
981,6,lower,0,0,0,0
981,7,upper,0,0,0,0
981,7,lower,0,0,0,0
981,8,upper,0,0,0,-1
981,8,lower,0,0,0,-1
982,1,upper,0,0,0,0
982,1,lower,0,0,0,0
982,2,upper,0,0,0,0
982,2,lower,0,0,0,0
982,3,upper,0,0,0,0
982,3,lower,0,0,0,0
982,4,upper,0,0,0,0
982,4,lower,0,0,0,0
982,5,upper,0,0,0,0
982,5,lower,0,0,0,0
982,6,upper,0,0,0,0
982,6,lower,0,0,0,0
982,7,upper,0,0,0,0
982,7,lower,0,0,0,0
982,8,upper,0,0,0,0
982,8,lower,0,0,0,0
983,1,upper,0,0,0,0
983,1,lower,0,0,0,0
983,2,upper,0,0,0,0
983,2,lower,0,0,0,0
983,3,upper,0,0,0,0
983,3,lower,0,0,0,0
983,4,upper,0,0,0,0
983,4,lower,0,0,0,0
983,5,upper,0,0,0,0
983,5,lower,0,0,0,0
983,6,upper,0,0,0,0
983,6,lower,0,0,0,0
983,7,upper,0,0,0,-1
983,7,lower,0,0,-1,0
983,8,upper,0,0,0,0
983,8,lower,0,0,0,0
984,1,upper,0,0,0,0
984,1,lower,0,0,0,0
984,2,upper,0,0,0,0
984,2,lower,0,0,0,0
984,3,upper,0,0,0,0
984,3,lower,0,0,0,0
984,4,upper,0,0,0,0
984,4,lower,0,0,0,0
984,5,upper,0,0,0,0
984,5,lower,0,0,0,0
984,6,upper,0,0,0,-1
984,6,lower,0,0,-1,-1
984,7,upper,0,0,0,0
984,7,lower,0,0,0,0
984,8,upper,0,0,0,-1
984,8,lower,0,0,0,-1
985,1,upper,0,0,0,0
985,1,lower,0,0,0,0
985,2,upper,0,0,0,0
985,2,lower,0,0,0,0
985,3,upper,0,0,0,0
985,3,lower,0,0,0,0
985,4,upper,0,0,0,0
985,4,lower,0,0,0,0
985,5,upper,0,0,0,0
985,5,lower,0,0,0,0
985,6,upper,0,0,0,0
985,6,lower,0,0,0,0
985,7,upper,0,0,0,-1
985,7,lower,0,0,-1,0
985,8,upper,0,0,0,-1
985,8,lower,0,0,0,-1
986,1,upper,0,0,0,0
986,1,lower,0,0,0,0
986,2,upper,0,0,0,0
986,2,lower,0,0,0,0
986,3,upper,0,0,0,0
986,3,lower,0,0,0,0
986,4,upper,0,0,0,0
986,4,lower,0,0,0,0
986,5,upper,0,0,0,0
986,5,lower,0,0,0,0
986,6,upper,0,0,0,0
986,6,lower,0,0,0,0
986,7,upper,0,0,0,0
986,7,lower,0,0,0,0
986,8,upper,0,0,0,0
986,8,lower,0,0,0,0
987,1,upper,0,0,0,0
987,1,lower,0,0,0,0
987,2,upper,0,0,0,0
987,2,lower,0,0,0,0
987,3,upper,0,0,0,0
987,3,lower,0,0,0,0
987,4,upper,0,0,0,0
987,4,lower,0,0,0,0
987,5,upper,0,0,0,-1
987,5,lower,0,0,-1,0
987,6,upper,0,0,0,0
987,6,lower,0,0,0,0
987,7,upper,0,0,0,-1
987,7,lower,0,0,-1,0
987,8,upper,0,0,0,-1
987,8,lower,0,0,0,-1
988,1,upper,0,0,0,0
988,1,lower,0,0,0,0
988,2,upper,0,0,0,0
988,2,lower,0,0,0,0
988,3,upper,0,0,0,0
988,3,lower,0,0,0,0
988,4,upper,0,0,0,0
988,4,lower,0,0,0,0
988,5,upper,0,0,0,0
988,5,lower,0,0,0,0
988,6,upper,0,0,0,-1
988,6,lower,0,0,-1,0
988,7,upper,0,0,0,0
988,7,lower,0,0,0,0
988,8,upper,0,0,0,-1
988,8,lower,0,0,0,-1
989,1,upper,0,0,0,0
989,1,lower,0,0,0,0
989,2,upper,0,0,0,0
989,2,lower,0,0,0,0
989,3,upper,0,0,0,0
989,3,lower,0,0,0,0
989,4,upper,0,0,0,0
989,4,lower,0,0,0,0
989,5,upper,0,0,0,0
989,5,lower,0,0,0,0
989,6,upper,0,0,0,0
989,6,lower,0,0,0,0
989,7,upper,0,0,0,-1
989,7,lower,0,0,-1,0
989,8,upper,0,0,0,-1
989,8,lower,0,0,0,-1
990,1,upper,0,0,0,0
990,1,lower,0,0,0,0
990,2,upper,0,0,0,0
990,2,lower,0,0,0,0
990,3,upper,0,0,0,0
990,3,lower,0,0,0,0
990,4,upper,0,0,0,0
990,4,lower,0,0,0,0
990,5,upper,0,0,0,0
990,5,lower,0,0,0,0
990,6,upper,0,0,0,0
990,6,lower,0,0,0,0
990,7,upper,0,0,0,0
990,7,lower,0,0,0,0
990,8,upper,0,0,0,-1
990,8,lower,0,0,0,-1
991,1,upper,0,0,0,0
991,1,lower,0,0,0,0
991,2,upper,0,0,0,0
991,2,lower,0,0,0,0
991,3,upper,0,0,0,0
991,3,lower,0,0,0,0
991,4,upper,0,0,0,0
991,4,lower,0,0,0,0
991,5,upper,0,0,0,0
991,5,lower,0,0,0,0
991,6,upper,0,0,0,0
991,6,lower,0,0,0,0
991,7,upper,0,0,0,-1
991,7,lower,0,0,-1,0
991,8,upper,0,0,0,-1
991,8,lower,0,0,0,-1
992,1,upper,0,0,0,0
992,1,lower,0,0,0,0
992,2,upper,0,0,0,0
992,2,lower,0,0,0,0
992,3,upper,0,0,0,0
992,3,lower,0,0,0,0
992,4,upper,0,0,0,0
992,4,lower,0,0,0,0
992,5,upper,0,0,0,0
992,5,lower,0,0,0,0
992,6,upper,0,0,0,0
992,6,lower,0,0,0,-1
992,7,upper,0,0,0,0
992,7,lower,0,0,0,0
992,8,upper,0,0,0,-1
992,8,lower,0,0,0,-1
993,1,upper,0,0,0,0
993,1,lower,0,0,0,0
993,2,upper,0,0,0,0
993,2,lower,0,0,0,0
993,3,upper,0,0,0,-1
993,3,lower,0,0,0,0
993,4,upper,0,0,0,0
993,4,lower,0,0,0,0
993,5,upper,0,0,0,0
993,5,lower,0,0,0,0
993,6,upper,0,0,0,0
993,6,lower,0,0,0,0
993,7,upper,0,0,0,0
993,7,lower,0,0,0,0
993,8,upper,0,0,0,0
993,8,lower,0,0,0,0
994,1,upper,0,0,0,0
994,1,lower,0,0,0,0
994,2,upper,0,0,0,0
994,2,lower,0,0,0,0
994,3,upper,0,0,0,0
994,3,lower,0,0,0,0
994,4,upper,0,0,0,-1
994,4,lower,0,0,0,0
994,5,upper,0,0,0,0
994,5,lower,0,0,0,0
994,6,upper,0,0,0,0
994,6,lower,0,0,0,0
994,7,upper,0,0,0,0
994,7,lower,0,0,0,0
994,8,upper,0,0,0,0
994,8,lower,0,0,0,0
995,1,upper,0,0,0,0
995,1,lower,0,0,0,0
995,2,upper,0,0,0,0
995,2,lower,0,0,0,0
995,3,upper,0,0,0,0
995,3,lower,0,0,0,0
995,4,upper,0,0,0,0
995,4,lower,0,0,0,0
995,5,upper,0,0,0,0
995,5,lower,0,0,0,-1
995,6,upper,0,0,0,0
995,6,lower,0,0,0,0
995,7,upper,0,0,0,-1
995,7,lower,0,0,-1,0
995,8,upper,0,0,0,0
995,8,lower,0,0,0,0
996,1,upper,0,0,0,0
996,1,lower,0,0,0,0
996,2,upper,0,0,0,0
996,2,lower,0,0,0,0
996,3,upper,0,0,0,0
996,3,lower,0,0,0,0
996,4,upper,0,0,0,0
996,4,lower,0,0,0,0
996,5,upper,0,0,0,0
996,5,lower,0,0,0,0
996,6,upper,0,0,0,-1
996,6,lower,0,0,-1,-1
996,7,upper,0,0,0,0
996,7,lower,0,0,0,0
996,8,upper,0,0,0,-1
996,8,lower,0,0,0,-1
997,1,upper,0,0,0,0
997,1,lower,0,0,0,0
997,2,upper,0,0,0,0
997,2,lower,0,0,0,0
997,3,upper,0,0,0,0
997,3,lower,0,0,0,0
997,4,upper,0,0,0,0
997,4,lower,0,0,0,0
997,5,upper,0,0,0,0
997,5,lower,0,0,0,0
997,6,upper,0,0,0,0
997,6,lower,0,0,0,0
997,7,upper,0,0,0,0
997,7,lower,0,0,0,0
997,8,upper,0,0,0,-1
997,8,lower,0,0,0,-1
998,1,upper,0,0,0,0
998,1,lower,0,0,0,0
998,2,upper,0,0,0,0
998,2,lower,0,0,0,0
998,3,upper,0,0,0,0
998,3,lower,0,0,0,0
998,4,upper,0,0,0,0
998,4,lower,0,0,0,0
998,5,upper,0,0,0,0
998,5,lower,0,0,0,0
998,6,upper,0,0,0,0
998,6,lower,0,0,0,0
998,7,upper,0,0,0,0
998,7,lower,0,0,0,0
998,8,upper,0,0,0,0
998,8,lower,0,0,0,0
999,1,upper,0,0,0,0
999,1,lower,0,0,0,0
999,2,upper,0,0,0,0
999,2,lower,0,0,0,0
999,3,upper,0,0,0,0
999,3,lower,0,0,0,0
999,4,upper,0,0,0,0
999,4,lower,0,0,0,0
999,5,upper,0,0,0,0
999,5,lower,0,0,0,0
999,6,upper,0,0,0,0
999,6,lower,0,0,0,0
999,7,upper,0,0,0,-1
999,7,lower,0,0,-1,0
999,8,upper,0,0,0,0
999,8,lower,0,0,0,0
1000,1,upper,0,0,0,0
1000,1,lower,0,0,0,0
1000,2,upper,0,0,0,0
1000,2,lower,0,0,0,0
1000,3,upper,0,0,0,0
1000,3,lower,0,0,0,0
1000,4,upper,0,0,0,0
1000,4,lower,0,0,0,0
1000,5,upper,0,0,0,0
1000,5,lower,0,0,0,0
1000,6,upper,0,0,0,0
1000,6,lower,0,0,0,-1
1000,7,upper,0,0,0,0
1000,7,lower,0,0,0,0
1000,8,upper,0,0,0,-1
1000,8,lower,0,0,0,-1
1001,1,upper,0,0,0,0
1001,1,lower,0,0,0,0
1001,2,upper,0,0,0,0
1001,2,lower,0,0,0,0
1001,3,upper,0,0,0,0
1001,3,lower,0,0,0,0
1001,4,upper,0,0,0,0
1001,4,lower,0,0,0,0
1001,5,upper,0,0,0,0
1001,5,lower,0,0,0,0
1001,6,upper,0,0,0,0
1001,6,lower,0,0,0,0
1001,7,upper,0,0,0,0
1001,7,lower,0,0,0,0
1001,8,upper,0,0,0,-1
1001,8,lower,0,0,0,-1
1002,1,upper,0,0,0,0
1002,1,lower,0,0,0,0
1002,2,upper,0,0,0,0
1002,2,lower,0,0,0,0
1002,3,upper,0,0,0,0
1002,3,lower,0,0,0,0
1002,4,upper,0,0,0,0
1002,4,lower,0,0,0,0
1002,5,upper,0,0,0,0
1002,5,lower,0,0,0,0
1002,6,upper,0,0,0,0
1002,6,lower,0,0,0,0
1002,7,upper,0,0,0,0
1002,7,lower,0,0,0,0
1002,8,upper,0,0,0,0
1002,8,lower,0,0,0,0
1003,1,upper,0,0,0,0
1003,1,lower,0,0,0,0
1003,2,upper,0,0,0,0
1003,2,lower,0,0,0,0
1003,3,upper,0,0,0,0
1003,3,lower,0,0,0,0
1003,4,upper,0,0,0,0
1003,4,lower,0,0,0,0
1003,5,upper,0,0,0,-1
1003,5,lower,0,0,-1,0
1003,6,upper,0,0,0,0
1003,6,lower,0,0,0,0
1003,7,upper,0,0,0,-1
1003,7,lower,0,0,-1,0
1003,8,upper,0,0,0,-1
1003,8,lower,0,0,0,-1
1004,1,upper,0,0,0,0
1004,1,lower,0,0,0,0
1004,2,upper,0,0,0,0
1004,2,lower,0,0,0,0
1004,3,upper,0,0,0,0
1004,3,lower,0,0,0,0
1004,4,upper,0,0,0,0
1004,4,lower,0,0,0,0
1004,5,upper,0,0,0,0
1004,5,lower,0,0,0,0
1004,6,upper,0,0,0,-1
1004,6,lower,0,0,-1,-1
1004,7,upper,0,0,0,0
1004,7,lower,0,0,0,0
1004,8,upper,0,0,0,-1
1004,8,lower,0,0,0,-1
1005,1,upper,0,0,0,0
1005,1,lower,0,0,0,0
1005,2,upper,0,0,0,0
1005,2,lower,0,0,0,0
1005,3,upper,0,0,0,0
1005,3,lower,0,0,0,0
1005,4,upper,0,0,0,0
1005,4,lower,0,0,0,0
1005,5,upper,0,0,0,0
1005,5,lower,0,0,0,0
1005,6,upper,0,0,0,0
1005,6,lower,0,0,0,0
1005,7,upper,0,0,0,0
1005,7,lower,0,0,0,0
1005,8,upper,0,0,0,0
1005,8,lower,0,0,0,0
1006,1,upper,0,0,0,0
1006,1,lower,0,0,0,0
1006,2,upper,0,0,0,0
1006,2,lower,0,0,0,0
1006,3,upper,0,0,0,0
1006,3,lower,0,0,0,0
1006,4,upper,0,0,0,0
1006,4,lower,0,0,0,0
1006,5,upper,0,0,0,0
1006,5,lower,0,0,0,0
1006,6,upper,0,0,0,0
1006,6,lower,0,0,0,0
1006,7,upper,0,0,0,0
1006,7,lower,0,0,0,0
1006,8,upper,0,0,0,-1
1006,8,lower,0,0,0,-1
1007,1,upper,0,0,0,0
1007,1,lower,0,0,0,0
1007,2,upper,0,0,0,0
1007,2,lower,0,0,0,0
1007,3,upper,0,0,0,0
1007,3,lower,0,0,0,0
1007,4,upper,0,0,0,0
1007,4,lower,0,0,0,0
1007,5,upper,0,0,0,0
1007,5,lower,0,0,0,0
1007,6,upper,0,0,0,0
1007,6,lower,0,0,0,0
1007,7,upper,0,0,0,0
1007,7,lower,0,0,0,0
1007,8,upper,0,0,0,0
1007,8,lower,0,0,0,0
1008,1,upper,0,0,0,0
1008,1,lower,0,0,0,0
1008,2,upper,0,0,0,0
1008,2,lower,0,0,0,0
1008,3,upper,0,0,0,0
1008,3,lower,0,0,0,0
1008,4,upper,0,0,0,0
1008,4,lower,0,0,0,0
1008,5,upper,0,0,0,0
1008,5,lower,0,0,0,0
1008,6,upper,0,0,0,0
1008,6,lower,0,0,0,-1
1008,7,upper,0,0,0,0
1008,7,lower,0,0,0,0
1008,8,upper,0,0,0,0
1008,8,lower,0,0,0,0
1009,1,upper,0,0,0,0
1009,1,lower,0,0,0,0
1009,2,upper,0,0,0,0
1009,2,lower,0,0,0,0
1009,3,upper,0,0,0,0
1009,3,lower,0,0,0,0
1009,4,upper,0,0,0,0
1009,4,lower,0,0,0,0
1009,5,upper,0,0,0,0
1009,5,lower,0,0,0,0
1009,6,upper,0,0,0,0
1009,6,lower,0,0,0,0
1009,7,upper,0,0,0,0
1009,7,lower,0,0,0,0
1009,8,upper,0,0,0,-1
1009,8,lower,0,0,0,-1
1010,1,upper,0,0,0,0
1010,1,lower,0,0,0,0
1010,2,upper,0,0,0,0
1010,2,lower,0,0,0,0
1010,3,upper,0,0,0,0
1010,3,lower,0,0,0,0
1010,4,upper,0,0,0,0
1010,4,lower,0,0,0,-1
1010,5,upper,0,0,0,0
1010,5,lower,0,0,0,0
1010,6,upper,0,0,0,0
1010,6,lower,0,0,0,0
1010,7,upper,0,0,0,0
1010,7,lower,0,0,0,0
1010,8,upper,0,0,0,0
1010,8,lower,0,0,0,0
1011,1,upper,0,0,0,0
1011,1,lower,0,0,0,0
1011,2,upper,0,0,0,0
1011,2,lower,0,0,0,0
1011,3,upper,0,0,0,0
1011,3,lower,0,0,0,0
1011,4,upper,0,0,0,0
1011,4,lower,0,0,0,0
1011,5,upper,0,0,0,0
1011,5,lower,0,0,0,-1
1011,6,upper,0,0,0,0
1011,6,lower,0,0,0,0
1011,7,upper,0,0,0,-1
1011,7,lower,0,0,-1,0
1011,8,upper,0,0,0,0
1011,8,lower,0,0,0,0
1012,1,upper,0,0,0,0
1012,1,lower,0,0,0,0
1012,2,upper,0,0,0,0
1012,2,lower,0,0,0,0
1012,3,upper,0,0,0,0
1012,3,lower,0,0,0,0
1012,4,upper,0,0,0,0
1012,4,lower,0,0,0,0
1012,5,upper,0,0,0,0
1012,5,lower,0,0,0,0
1012,6,upper,0,0,0,-1
1012,6,lower,0,0,-1,0
1012,7,upper,0,0,0,0
1012,7,lower,0,0,0,0
1012,8,upper,0,0,0,-1
1012,8,lower,0,0,0,-1
1013,1,upper,0,0,0,0
1013,1,lower,0,0,0,0
1013,2,upper,0,0,0,0
1013,2,lower,0,0,0,0
1013,3,upper,0,0,0,0
1013,3,lower,0,0,0,0
1013,4,upper,0,0,0,0
1013,4,lower,0,0,0,0
1013,5,upper,0,0,0,0
1013,5,lower,0,0,0,0
1013,6,upper,0,0,0,0
1013,6,lower,0,0,0,0
1013,7,upper,0,0,0,-1
1013,7,lower,0,0,-1,0
1013,8,upper,0,0,0,0
1013,8,lower,0,0,0,0
1014,1,upper,0,0,0,0
1014,1,lower,0,0,0,0
1014,2,upper,0,0,0,0
1014,2,lower,0,0,0,0
1014,3,upper,0,0,0,0
1014,3,lower,0,0,0,0
1014,4,upper,0,0,0,0
1014,4,lower,0,0,0,0
1014,5,upper,0,0,0,0
1014,5,lower,0,0,0,0
1014,6,upper,0,0,0,0
1014,6,lower,0,0,0,0
1014,7,upper,0,0,0,0
1014,7,lower,0,0,0,0
1014,8,upper,0,0,0,0
1014,8,lower,0,0,0,0
1015,1,upper,0,0,0,0
1015,1,lower,0,0,0,0
1015,2,upper,0,0,0,0
1015,2,lower,0,0,0,0
1015,3,upper,0,0,0,0
1015,3,lower,0,0,0,0
1015,4,upper,0,0,0,0
1015,4,lower,0,0,0,0
1015,5,upper,0,0,0,0
1015,5,lower,0,0,0,0
1015,6,upper,0,0,0,0
1015,6,lower,0,0,0,0
1015,7,upper,0,0,0,-1
1015,7,lower,0,0,-1,0
1015,8,upper,0,0,0,-1
1015,8,lower,0,0,0,-1
1016,1,upper,0,0,0,0
1016,1,lower,0,0,0,0
1016,2,upper,0,0,0,0
1016,2,lower,0,0,0,0
1016,3,upper,0,0,0,0
1016,3,lower,0,0,0,0
1016,4,upper,0,0,0,0
1016,4,lower,0,0,0,0
1016,5,upper,0,0,0,0
1016,5,lower,0,0,0,0
1016,6,upper,0,0,0,0
1016,6,lower,0,0,0,-1
1016,7,upper,0,0,0,0
1016,7,lower,0,0,0,0
1016,8,upper,0,0,0,-1
1016,8,lower,0,0,0,-1
1017,1,upper,0,0,0,0
1017,1,lower,0,0,0,0
1017,2,upper,0,0,0,0
1017,2,lower,0,0,0,0
1017,3,upper,0,0,0,0
1017,3,lower,0,0,0,0
1017,4,upper,0,0,0,0
1017,4,lower,0,0,0,0
1017,5,upper,0,0,0,0
1017,5,lower,0,0,0,0
1017,6,upper,0,0,0,0
1017,6,lower,0,0,0,0
1017,7,upper,0,0,0,0
1017,7,lower,0,0,0,0
1017,8,upper,0,0,0,0
1017,8,lower,0,0,0,0
1018,1,upper,0,0,0,0
1018,1,lower,0,0,0,0
1018,2,upper,0,0,0,0
1018,2,lower,0,0,0,0
1018,3,upper,0,0,0,0
1018,3,lower,0,0,0,0
1018,4,upper,0,0,0,0
1018,4,lower,0,0,0,0
1018,5,upper,0,0,0,0
1018,5,lower,0,0,0,0
1018,6,upper,0,0,0,0
1018,6,lower,0,0,0,0
1018,7,upper,0,0,0,0
1018,7,lower,0,0,0,0
1018,8,upper,0,0,0,0
1018,8,lower,0,0,0,0
1019,1,upper,0,0,0,0
1019,1,lower,0,0,0,0
1019,2,upper,0,0,0,0
1019,2,lower,0,0,0,0
1019,3,upper,0,0,0,0
1019,3,lower,0,0,0,0
1019,4,upper,0,0,0,0
1019,4,lower,0,0,0,0
1019,5,upper,0,0,0,0
1019,5,lower,0,0,0,-1
1019,6,upper,0,0,0,0
1019,6,lower,0,0,0,0
1019,7,upper,0,0,0,-1
1019,7,lower,0,0,-1,0
1019,8,upper,0,0,0,0
1019,8,lower,0,0,0,0
1020,1,upper,0,0,0,0
1020,1,lower,0,0,0,0
1020,2,upper,0,0,0,0
1020,2,lower,0,0,0,0
1020,3,upper,0,0,0,0
1020,3,lower,0,0,0,0
1020,4,upper,0,0,0,0
1020,4,lower,0,0,0,0
1020,5,upper,0,0,0,0
1020,5,lower,0,0,0,0
1020,6,upper,0,0,0,0
1020,6,lower,0,0,0,-1
1020,7,upper,0,0,0,0
1020,7,lower,0,0,0,0
1020,8,upper,0,0,0,-1
1020,8,lower,0,0,0,-1
1021,1,upper,0,0,0,0
1021,1,lower,0,0,0,0
1021,2,upper,0,0,0,0
1021,2,lower,0,0,0,0
1021,3,upper,0,0,0,0
1021,3,lower,0,0,0,0
1021,4,upper,0,0,0,0
1021,4,lower,0,0,0,0
1021,5,upper,0,0,0,0
1021,5,lower,0,0,0,0
1021,6,upper,0,0,0,0
1021,6,lower,0,0,0,0
1021,7,upper,0,0,0,-1
1021,7,lower,0,0,-1,0
1021,8,upper,0,0,0,-1
1021,8,lower,0,0,0,-1
1022,1,upper,0,0,0,0
1022,1,lower,0,0,0,0
1022,2,upper,0,0,0,0
1022,2,lower,0,0,0,0
1022,3,upper,0,0,0,0
1022,3,lower,0,0,0,0
1022,4,upper,0,0,0,0
1022,4,lower,0,0,0,0
1022,5,upper,0,0,0,0
1022,5,lower,0,0,0,0
1022,6,upper,0,0,0,0
1022,6,lower,0,0,0,0
1022,7,upper,0,0,0,0
1022,7,lower,0,0,0,0
1022,8,upper,0,0,0,0
1022,8,lower,0,0,0,0
1023,1,upper,0,0,0,0
1023,1,lower,0,0,0,0
1023,2,upper,0,0,0,0
1023,2,lower,0,0,0,0
1023,3,upper,0,0,0,0
1023,3,lower,0,0,0,0
1023,4,upper,0,0,0,0
1023,4,lower,0,0,0,0
1023,5,upper,0,0,0,0
1023,5,lower,0,0,0,0
1023,6,upper,0,0,0,0
1023,6,lower,0,0,0,0
1023,7,upper,0,0,0,0
1023,7,lower,0,0,0,0
1023,8,upper,0,0,0,-1
1023,8,lower,0,0,0,-1
1024,1,upper,0,0,0,0
1024,1,lower,0,0,0,0
1024,2,upper,0,0,0,0
1024,2,lower,0,0,0,0
1024,3,upper,0,0,0,0
1024,3,lower,0,0,0,0
1024,4,upper,0,0,0,0
1024,4,lower,0,0,0,0
1024,5,upper,0,0,0,0
1024,5,lower,0,0,0,0
1024,6,upper,0,0,0,-1
1024,6,lower,0,0,-1,0
1024,7,upper,0,0,0,0
1024,7,lower,0,0,0,0
1024,8,upper,0,0,0,0
1024,8,lower,0,0,0,0
1025,1,upper,0,0,0,0
1025,1,lower,2,2,-1,-1
1025,2,upper,0,0,0,0
1025,2,lower,0,0,0,0
1025,3,upper,0,0,0,0
1025,3,lower,0,0,0,0
1025,4,upper,0,0,0,0
1025,4,lower,0,0,0,0
1025,5,upper,0,0,0,0
1025,5,lower,0,0,0,0
1025,6,upper,0,0,0,0
1025,6,lower,0,0,0,0
1025,7,upper,0,0,0,-1
1025,7,lower,0,0,-1,0
1025,8,upper,0,0,0,-1
1025,8,lower,0,0,0,-1
1026,1,upper,0,0,0,0
1026,1,lower,2,2,-1,0
1026,2,upper,0,0,0,0
1026,2,lower,0,0,0,0
1026,3,upper,0,0,0,0
1026,3,lower,0,0,0,0
1026,4,upper,0,0,0,0
1026,4,lower,0,0,0,0
1026,5,upper,0,0,0,0
1026,5,lower,0,0,0,0
1026,6,upper,0,0,0,0
1026,6,lower,0,0,0,0
1026,7,upper,0,0,0,0
1026,7,lower,0,0,0,0
1026,8,upper,0,0,0,-1
1026,8,lower,0,0,0,-1
1027,1,upper,0,0,0,0
1027,1,lower,2,2,-1,-1
1027,2,upper,0,0,0,0
1027,2,lower,0,0,0,0
1027,3,upper,0,0,0,0
1027,3,lower,0,0,0,0
1027,4,upper,0,0,0,0
1027,4,lower,0,0,0,0
1027,5,upper,0,0,0,0
1027,5,lower,0,0,0,0
1027,6,upper,0,0,0,0
1027,6,lower,0,0,0,0
1027,7,upper,0,0,0,-1
1027,7,lower,0,0,-1,0
1027,8,upper,0,0,0,0
1027,8,lower,0,0,0,0
1028,1,upper,0,0,0,0
1028,1,lower,2,2,-1,-1
1028,2,upper,0,0,0,0
1028,2,lower,0,0,0,0
1028,3,upper,0,0,0,0
1028,3,lower,0,0,0,0
1028,4,upper,0,0,0,0
1028,4,lower,0,0,0,0
1028,5,upper,0,0,0,0
1028,5,lower,0,0,0,0
1028,6,upper,0,0,0,0
1028,6,lower,0,0,0,0
1028,7,upper,0,0,0,0
1028,7,lower,0,0,0,0
1028,8,upper,0,0,0,-1
1028,8,lower,0,0,0,-1
1029,1,upper,0,0,0,0
1029,1,lower,2,2,-1,0
1029,2,upper,0,0,0,0
1029,2,lower,0,0,0,0
1029,3,upper,0,0,0,0
1029,3,lower,0,0,0,0
1029,4,upper,0,0,0,0
1029,4,lower,0,0,0,0
1029,5,upper,0,0,0,0
1029,5,lower,0,0,0,0
1029,6,upper,0,0,0,0
1029,6,lower,0,0,0,0
1029,7,upper,0,0,0,0
1029,7,lower,0,0,0,0
1029,8,upper,0,0,0,-1
1029,8,lower,0,0,0,-1
1030,1,upper,0,0,0,0
1030,1,lower,2,2,0,0
1030,2,upper,0,0,0,0
1030,2,lower,0,0,0,0
1030,3,upper,0,0,0,0
1030,3,lower,0,0,0,0
1030,4,upper,0,0,0,0
1030,4,lower,0,0,0,0
1030,5,upper,0,0,0,0
1030,5,lower,0,0,0,0
1030,6,upper,0,0,0,0
1030,6,lower,0,0,0,0
1030,7,upper,0,0,0,0
1030,7,lower,0,0,0,0
1030,8,upper,0,0,0,0
1030,8,lower,0,0,0,0
1031,1,upper,0,0,0,0
1031,1,lower,2,2,-1,0
1031,2,upper,0,0,0,0
1031,2,lower,0,0,0,0
1031,3,upper,0,0,0,0
1031,3,lower,0,0,0,0
1031,4,upper,0,0,0,0
1031,4,lower,0,0,0,0
1031,5,upper,0,0,0,0
1031,5,lower,0,0,0,0
1031,6,upper,0,0,0,0
1031,6,lower,0,0,0,0
1031,7,upper,0,0,0,0
1031,7,lower,0,0,0,0
1031,8,upper,0,0,0,0
1031,8,lower,0,0,0,0
1032,1,upper,0,0,0,0
1032,1,lower,2,2,-1,-1
1032,2,upper,0,0,0,0
1032,2,lower,0,0,0,0
1032,3,upper,0,0,0,0
1032,3,lower,0,0,0,0
1032,4,upper,0,0,0,0
1032,4,lower,0,0,0,0
1032,5,upper,0,0,0,0
1032,5,lower,0,0,0,0
1032,6,upper,0,0,0,0
1032,6,lower,0,0,0,0
1032,7,upper,0,0,0,0
1032,7,lower,0,0,0,0
1032,8,upper,0,0,0,0
1032,8,lower,0,0,0,0
1033,1,upper,0,0,0,0
1033,1,lower,2,2,0,-1
1033,2,upper,0,0,0,0
1033,2,lower,0,0,0,0
1033,3,upper,0,0,0,0
1033,3,lower,0,0,0,0
1033,4,upper,0,0,0,0
1033,4,lower,0,0,0,0
1033,5,upper,0,0,0,0
1033,5,lower,0,0,0,0
1033,6,upper,0,0,0,0
1033,6,lower,0,0,0,0
1033,7,upper,0,0,0,0
1033,7,lower,0,0,0,0
1033,8,upper,0,0,0,0
1033,8,lower,0,0,0,0
1034,1,upper,0,0,0,0
1034,1,lower,2,2,0,0
1034,2,upper,0,0,0,0
1034,2,lower,0,0,0,0
1034,3,upper,0,0,0,0
1034,3,lower,0,0,0,0
1034,4,upper,0,0,0,0
1034,4,lower,0,0,0,0
1034,5,upper,0,0,0,0
1034,5,lower,0,0,0,0
1034,6,upper,0,0,0,0
1034,6,lower,0,0,0,0
1034,7,upper,0,0,0,0
1034,7,lower,0,0,0,0
1034,8,upper,0,0,0,0
1034,8,lower,0,0,0,0
1035,1,upper,0,0,0,0
1035,1,lower,2,2,0,0
1035,2,upper,0,0,0,0
1035,2,lower,0,0,0,0
1035,3,upper,0,0,0,0
1035,3,lower,0,0,0,0
1035,4,upper,0,0,0,0
1035,4,lower,0,0,0,0
1035,5,upper,0,0,0,0
1035,5,lower,0,0,0,0
1035,6,upper,0,0,0,0
1035,6,lower,0,0,0,0
1035,7,upper,0,0,0,0
1035,7,lower,0,0,0,0
1035,8,upper,0,0,0,0
1035,8,lower,0,0,0,0
1036,1,upper,0,0,0,0
1036,1,lower,2,2,-1,-1
1036,2,upper,0,0,0,0
1036,2,lower,0,0,0,0
1036,3,upper,0,0,0,0
1036,3,lower,0,0,0,0
1036,4,upper,0,0,0,0
1036,4,lower,0,0,0,0
1036,5,upper,0,0,0,0
1036,5,lower,0,0,0,0
1036,6,upper,0,0,0,0
1036,6,lower,0,0,0,0
1036,7,upper,0,0,0,0
1036,7,lower,0,0,0,0
1036,8,upper,0,0,0,0
1036,8,lower,0,0,0,0
1037,1,upper,0,0,0,0
1037,1,lower,2,2,-1,-1
1037,2,upper,0,0,0,0
1037,2,lower,0,0,0,0
1037,3,upper,0,0,0,0
1037,3,lower,0,0,0,0
1037,4,upper,0,0,0,0
1037,4,lower,0,0,0,0
1037,5,upper,0,0,0,0
1037,5,lower,0,0,0,0
1037,6,upper,0,0,0,0
1037,6,lower,0,0,0,0
1037,7,upper,0,0,0,0
1037,7,lower,0,0,0,0
1037,8,upper,0,0,0,0
1037,8,lower,0,0,0,0
1038,1,upper,0,0,0,0
1038,1,lower,2,2,0,0
1038,2,upper,0,0,0,0
1038,2,lower,0,0,0,0
1038,3,upper,0,0,0,0
1038,3,lower,0,0,0,0
1038,4,upper,0,0,0,0
1038,4,lower,0,0,0,0
1038,5,upper,0,0,0,0
1038,5,lower,0,0,0,0
1038,6,upper,0,0,0,0
1038,6,lower,0,0,0,0
1038,7,upper,0,0,0,0
1038,7,lower,0,0,0,0
1038,8,upper,0,0,0,0
1038,8,lower,0,0,0,0
1039,1,upper,0,0,0,0
1039,1,lower,2,2,0,-1
1039,2,upper,0,0,0,0
1039,2,lower,0,0,0,0
1039,3,upper,0,0,0,0
1039,3,lower,0,0,0,0
1039,4,upper,0,0,0,0
1039,4,lower,0,0,0,0
1039,5,upper,0,0,0,0
1039,5,lower,0,0,0,0
1039,6,upper,0,0,0,0
1039,6,lower,0,0,0,0
1039,7,upper,0,0,0,0
1039,7,lower,0,0,0,0
1039,8,upper,0,0,0,0
1039,8,lower,0,0,0,0
1040,1,upper,0,0,0,0
1040,1,lower,2,2,-1,0
1040,2,upper,0,0,0,0
1040,2,lower,0,0,0,0
1040,3,upper,0,0,0,0
1040,3,lower,0,0,0,0
1040,4,upper,0,0,0,0
1040,4,lower,0,0,0,0
1040,5,upper,0,0,0,0
1040,5,lower,0,0,0,0
1040,6,upper,0,0,0,0
1040,6,lower,0,0,0,0
1040,7,upper,0,0,0,0
1040,7,lower,0,0,0,0
1040,8,upper,0,0,0,0
1040,8,lower,0,0,0,0
1041,1,upper,0,0,0,0
1041,1,lower,2,2,-1,-1
1041,2,upper,0,0,0,0
1041,2,lower,0,0,0,0
1041,3,upper,0,0,0,0
1041,3,lower,0,0,0,0
1041,4,upper,0,0,0,0
1041,4,lower,0,0,0,0
1041,5,upper,0,0,0,0
1041,5,lower,0,0,0,0
1041,6,upper,0,0,0,0
1041,6,lower,0,0,0,0
1041,7,upper,0,0,0,0
1041,7,lower,0,0,0,0
1041,8,upper,0,0,0,0
1041,8,lower,0,0,0,0
1042,1,upper,0,0,0,0
1042,1,lower,2,2,0,-1
1042,2,upper,0,0,0,0
1042,2,lower,0,0,0,0
1042,3,upper,0,0,0,0
1042,3,lower,0,0,0,0
1042,4,upper,0,0,0,0
1042,4,lower,0,0,0,0
1042,5,upper,0,0,0,0
1042,5,lower,0,0,0,0
1042,6,upper,0,0,0,0
1042,6,lower,0,0,0,0
1042,7,upper,0,0,0,0
1042,7,lower,0,0,0,0
1042,8,upper,0,0,0,0
1042,8,lower,0,0,0,0
1043,1,upper,0,0,0,0
1043,1,lower,2,2,0,-1
1043,2,upper,0,0,0,0
1043,2,lower,0,0,0,0
1043,3,upper,0,0,0,0
1043,3,lower,0,0,0,0
1043,4,upper,0,0,0,0
1043,4,lower,0,0,0,0
1043,5,upper,0,0,0,0
1043,5,lower,0,0,0,0
1043,6,upper,0,0,0,0
1043,6,lower,0,0,0,0
1043,7,upper,0,0,0,0
1043,7,lower,0,0,0,0
1043,8,upper,0,0,0,0
1043,8,lower,0,0,0,0
1044,1,upper,0,0,0,0
1044,1,lower,2,2,0,-1
1044,2,upper,0,0,0,0
1044,2,lower,0,0,0,0
1044,3,upper,0,0,0,0
1044,3,lower,0,0,0,0
1044,4,upper,0,0,0,0
1044,4,lower,0,0,0,0
1044,5,upper,0,0,0,0
1044,5,lower,0,0,0,0
1044,6,upper,0,0,0,0
1044,6,lower,0,0,0,0
1044,7,upper,0,0,0,0
1044,7,lower,0,0,0,0
1044,8,upper,0,0,0,0
1044,8,lower,0,0,0,0
1045,1,upper,0,0,0,0
1045,1,lower,2,2,-1,-1
1045,2,upper,0,0,0,0
1045,2,lower,0,0,0,0
1045,3,upper,0,0,0,0
1045,3,lower,0,0,0,0
1045,4,upper,0,0,0,0
1045,4,lower,0,0,0,0
1045,5,upper,0,0,0,0
1045,5,lower,0,0,0,0
1045,6,upper,0,0,0,0
1045,6,lower,0,0,0,0
1045,7,upper,0,0,0,0
1045,7,lower,0,0,0,0
1045,8,upper,0,0,0,0
1045,8,lower,0,0,0,0
1046,1,upper,0,0,0,0
1046,1,lower,2,2,-1,0
1046,2,upper,0,0,0,0
1046,2,lower,0,0,0,0
1046,3,upper,0,0,0,0
1046,3,lower,0,0,0,0
1046,4,upper,0,0,0,0
1046,4,lower,0,0,0,0
1046,5,upper,0,0,0,0
1046,5,lower,0,0,0,0
1046,6,upper,0,0,0,0
1046,6,lower,0,0,0,0
1046,7,upper,0,0,0,0
1046,7,lower,0,0,0,0
1046,8,upper,0,0,0,0
1046,8,lower,0,0,0,0
1047,1,upper,0,0,0,0
1047,1,lower,2,2,0,0
1047,2,upper,0,0,0,0
1047,2,lower,0,0,0,0
1047,3,upper,0,0,0,0
1047,3,lower,0,0,0,0
1047,4,upper,0,0,0,0
1047,4,lower,0,0,0,0
1047,5,upper,0,0,0,0
1047,5,lower,0,0,0,0
1047,6,upper,0,0,0,0
1047,6,lower,0,0,0,0
1047,7,upper,0,0,0,0
1047,7,lower,0,0,0,0
1047,8,upper,0,0,0,0
1047,8,lower,0,0,0,0
1048,1,upper,0,0,0,0
1048,1,lower,2,2,-1,-1
1048,2,upper,0,0,0,0
1048,2,lower,0,0,0,0
1048,3,upper,0,0,0,0
1048,3,lower,0,0,0,0
1048,4,upper,0,0,0,0
1048,4,lower,0,0,0,0
1048,5,upper,0,0,0,0
1048,5,lower,0,0,0,0
1048,6,upper,0,0,0,0
1048,6,lower,0,0,0,0
1048,7,upper,0,0,0,0
1048,7,lower,0,0,0,0
1048,8,upper,0,0,0,0
1048,8,lower,0,0,0,0
1049,1,upper,0,0,0,0
1049,1,lower,2,2,0,0
1049,2,upper,0,0,0,0
1049,2,lower,0,0,0,0
1049,3,upper,0,0,0,0
1049,3,lower,0,0,0,0
1049,4,upper,0,0,0,0
1049,4,lower,0,0,0,0
1049,5,upper,0,0,0,0
1049,5,lower,0,0,0,0
1049,6,upper,0,0,0,0
1049,6,lower,0,0,0,0
1049,7,upper,0,0,0,0
1049,7,lower,0,0,0,0
1049,8,upper,0,0,0,0
1049,8,lower,0,0,0,0
1050,1,upper,0,0,0,0
1050,1,lower,2,2,-1,0
1050,2,upper,0,0,0,0
1050,2,lower,0,0,0,0
1050,3,upper,0,0,0,0
1050,3,lower,0,0,0,0
1050,4,upper,0,0,0,0
1050,4,lower,0,0,0,0
1050,5,upper,0,0,0,0
1050,5,lower,0,0,0,0
1050,6,upper,0,0,0,0
1050,6,lower,0,0,0,0
1050,7,upper,0,0,0,0
1050,7,lower,0,0,0,0
1050,8,upper,0,0,0,0
1050,8,lower,0,0,0,0
1051,1,upper,0,0,0,0
1051,1,lower,2,2,-1,0
1051,2,upper,0,0,0,0
1051,2,lower,0,0,0,0
1051,3,upper,0,0,0,0
1051,3,lower,0,0,0,0
1051,4,upper,0,0,0,0
1051,4,lower,0,0,0,0
1051,5,upper,0,0,0,0
1051,5,lower,0,0,0,0
1051,6,upper,0,0,0,0
1051,6,lower,0,0,0,0
1051,7,upper,0,0,0,0
1051,7,lower,0,0,0,0
1051,8,upper,0,0,0,0
1051,8,lower,0,0,0,0
1052,1,upper,0,0,0,0
1052,1,lower,2,2,-1,-1
1052,2,upper,0,0,0,0
1052,2,lower,0,0,0,0
1052,3,upper,0,0,0,0
1052,3,lower,0,0,0,0
1052,4,upper,0,0,0,0
1052,4,lower,0,0,0,0
1052,5,upper,0,0,0,0
1052,5,lower,0,0,0,0
1052,6,upper,0,0,0,0
1052,6,lower,0,0,0,0
1052,7,upper,0,0,0,0
1052,7,lower,0,0,0,0
1052,8,upper,0,0,0,0
1052,8,lower,0,0,0,0
1053,1,upper,0,0,0,0
1053,1,lower,2,2,0,0
1053,2,upper,0,0,0,0
1053,2,lower,0,0,0,0
1053,3,upper,0,0,0,0
1053,3,lower,0,0,0,0
1053,4,upper,0,0,0,0
1053,4,lower,0,0,0,0
1053,5,upper,0,0,0,0
1053,5,lower,0,0,0,0
1053,6,upper,0,0,0,0
1053,6,lower,0,0,0,0
1053,7,upper,0,0,0,0
1053,7,lower,0,0,0,0
1053,8,upper,0,0,0,0
1053,8,lower,0,0,0,0
1054,1,upper,0,0,0,0
1054,1,lower,2,2,0,0
1054,2,upper,0,0,0,0
1054,2,lower,0,0,0,0
1054,3,upper,0,0,0,0
1054,3,lower,0,0,0,0
1054,4,upper,0,0,0,0
1054,4,lower,0,0,0,0
1054,5,upper,0,0,0,0
1054,5,lower,0,0,0,0
1054,6,upper,0,0,0,0
1054,6,lower,0,0,0,0
1054,7,upper,0,0,0,0
1054,7,lower,0,0,0,0
1054,8,upper,0,0,0,0
1054,8,lower,0,0,0,0
1055,1,upper,0,0,0,0
1055,1,lower,2,2,0,0
1055,2,upper,0,0,0,0
1055,2,lower,0,0,0,0
1055,3,upper,0,0,0,0
1055,3,lower,0,0,0,0
1055,4,upper,0,0,0,0
1055,4,lower,0,0,0,0
1055,5,upper,0,0,0,0
1055,5,lower,0,0,0,0
1055,6,upper,0,0,0,0
1055,6,lower,0,0,0,0
1055,7,upper,0,0,0,0
1055,7,lower,0,0,0,0
1055,8,upper,0,0,0,0
1055,8,lower,0,0,0,0
1056,1,upper,0,0,0,0
1056,1,lower,1,1,0,1
1056,2,upper,0,0,0,0
1056,2,lower,0,0,0,0
1056,3,upper,0,0,0,0
1056,3,lower,0,0,0,0
1056,4,upper,0,0,0,0
1056,4,lower,0,0,0,0
1056,5,upper,0,0,0,0
1056,5,lower,0,0,0,0
1056,6,upper,0,0,0,0
1056,6,lower,0,0,0,0
1056,7,upper,0,0,0,0
1056,7,lower,0,0,0,0
1056,8,upper,0,0,0,0
1056,8,lower,0,0,0,0
1057,1,upper,0,0,0,0
1057,1,lower,2,2,-1,0
1057,2,upper,0,0,0,0
1057,2,lower,0,0,0,0
1057,3,upper,0,0,0,0
1057,3,lower,0,0,0,0
1057,4,upper,0,0,0,0
1057,4,lower,0,0,0,0
1057,5,upper,0,0,0,0
1057,5,lower,0,0,0,0
1057,6,upper,0,0,0,0
1057,6,lower,0,0,0,0
1057,7,upper,0,0,0,0
1057,7,lower,0,0,0,0
1057,8,upper,0,0,0,0
1057,8,lower,0,0,0,0
1058,1,upper,0,0,0,0
1058,1,lower,2,2,-1,0
1058,2,upper,0,0,0,0
1058,2,lower,0,0,0,0
1058,3,upper,0,0,0,0
1058,3,lower,0,0,0,0
1058,4,upper,0,0,0,0
1058,4,lower,0,0,0,0
1058,5,upper,0,0,0,0
1058,5,lower,0,0,0,0
1058,6,upper,0,0,0,0
1058,6,lower,0,0,0,0
1058,7,upper,0,0,0,0
1058,7,lower,0,0,0,0
1058,8,upper,0,0,0,0
1058,8,lower,0,0,0,0
1059,1,upper,0,0,0,0
1059,1,lower,2,2,-1,0
1059,2,upper,0,0,0,0
1059,2,lower,0,0,0,0
1059,3,upper,0,0,0,0
1059,3,lower,0,0,0,0
1059,4,upper,0,0,0,0
1059,4,lower,0,0,0,0
1059,5,upper,0,0,0,0
1059,5,lower,0,0,0,0
1059,6,upper,0,0,0,0
1059,6,lower,0,0,0,0
1059,7,upper,0,0,0,0
1059,7,lower,0,0,0,0
1059,8,upper,0,0,0,0
1059,8,lower,0,0,0,0
1060,1,upper,0,0,0,0
1060,1,lower,2,2,0,-1
1060,2,upper,0,0,0,0
1060,2,lower,0,0,0,0
1060,3,upper,0,0,0,0
1060,3,lower,0,0,0,0
1060,4,upper,0,0,0,0
1060,4,lower,0,0,0,0
1060,5,upper,0,0,0,0
1060,5,lower,0,0,0,0
1060,6,upper,0,0,0,0
1060,6,lower,0,0,0,0
1060,7,upper,0,0,0,0
1060,7,lower,0,0,0,0
1060,8,upper,0,0,0,0
1060,8,lower,0,0,0,0
1061,1,upper,0,0,0,0
1061,1,lower,2,2,0,0
1061,2,upper,0,0,0,0
1061,2,lower,0,0,0,0
1061,3,upper,0,0,0,0
1061,3,lower,0,0,0,0
1061,4,upper,0,0,0,0
1061,4,lower,0,0,0,0
1061,5,upper,0,0,0,0
1061,5,lower,0,0,0,0
1061,6,upper,0,0,0,0
1061,6,lower,0,0,0,0
1061,7,upper,0,0,0,0
1061,7,lower,0,0,0,0
1061,8,upper,0,0,0,0
1061,8,lower,0,0,0,0
1062,1,upper,0,0,0,0
1062,1,lower,2,2,0,0
1062,2,upper,0,0,0,0
1062,2,lower,0,0,0,0
1062,3,upper,0,0,0,0
1062,3,lower,0,0,0,0
1062,4,upper,0,0,0,0
1062,4,lower,0,0,0,0
1062,5,upper,0,0,0,0
1062,5,lower,0,0,0,0
1062,6,upper,0,0,0,0
1062,6,lower,0,0,0,0
1062,7,upper,0,0,0,0
1062,7,lower,0,0,0,0
1062,8,upper,0,0,0,0
1062,8,lower,0,0,0,0
1063,1,upper,0,0,0,0
1063,1,lower,2,2,-1,0
1063,2,upper,0,0,0,0
1063,2,lower,0,0,0,0
1063,3,upper,0,0,0,0
1063,3,lower,0,0,0,0
1063,4,upper,0,0,0,0
1063,4,lower,0,0,0,0
1063,5,upper,0,0,0,0
1063,5,lower,0,0,0,0
1063,6,upper,0,0,0,0
1063,6,lower,0,0,0,0
1063,7,upper,0,0,0,0
1063,7,lower,0,0,0,0
1063,8,upper,0,0,0,0
1063,8,lower,0,0,0,0
1064,1,upper,0,0,0,0
1064,1,lower,2,2,0,-1
1064,2,upper,0,0,0,0
1064,2,lower,0,0,0,0
1064,3,upper,0,0,0,0
1064,3,lower,0,0,0,0
1064,4,upper,0,0,0,0
1064,4,lower,0,0,0,0
1064,5,upper,0,0,0,0
1064,5,lower,0,0,0,0
1064,6,upper,0,0,0,0
1064,6,lower,0,0,0,0
1064,7,upper,0,0,0,0
1064,7,lower,0,0,0,0
1064,8,upper,0,0,0,0
1064,8,lower,0,0,0,0
1065,1,upper,0,0,0,0
1065,1,lower,2,2,-1,0
1065,2,upper,0,0,0,0
1065,2,lower,0,0,0,0
1065,3,upper,0,0,0,0
1065,3,lower,0,0,0,0
1065,4,upper,0,0,0,0
1065,4,lower,0,0,0,0
1065,5,upper,0,0,0,0
1065,5,lower,0,0,0,0
1065,6,upper,0,0,0,0
1065,6,lower,0,0,0,0
1065,7,upper,0,0,0,0
1065,7,lower,0,0,0,0
1065,8,upper,0,0,0,0
1065,8,lower,0,0,0,0
1066,1,upper,0,0,0,0
1066,1,lower,2,2,0,0
1066,2,upper,0,0,0,0
1066,2,lower,0,0,0,0
1066,3,upper,0,0,0,0
1066,3,lower,0,0,0,0
1066,4,upper,0,0,0,0
1066,4,lower,0,0,0,0
1066,5,upper,0,0,0,0
1066,5,lower,0,0,0,0
1066,6,upper,0,0,0,0
1066,6,lower,0,0,0,0
1066,7,upper,0,0,0,0
1066,7,lower,0,0,0,0
1066,8,upper,0,0,0,0
1066,8,lower,0,0,0,0
1067,1,upper,0,0,0,0
1067,1,lower,2,2,0,-1
1067,2,upper,0,0,0,0
1067,2,lower,0,0,0,0
1067,3,upper,0,0,0,0
1067,3,lower,0,0,0,0
1067,4,upper,0,0,0,0
1067,4,lower,0,0,0,0
1067,5,upper,0,0,0,0
1067,5,lower,0,0,0,0
1067,6,upper,0,0,0,0
1067,6,lower,0,0,0,0
1067,7,upper,0,0,0,0
1067,7,lower,0,0,0,0
1067,8,upper,0,0,0,0
1067,8,lower,0,0,0,0
1068,1,upper,0,0,0,0
1068,1,lower,2,2,-1,-1
1068,2,upper,0,0,0,0
1068,2,lower,0,0,0,0
1068,3,upper,0,0,0,0
1068,3,lower,0,0,0,0
1068,4,upper,0,0,0,0
1068,4,lower,0,0,0,0
1068,5,upper,0,0,0,0
1068,5,lower,0,0,0,0
1068,6,upper,0,0,0,0
1068,6,lower,0,0,0,0
1068,7,upper,0,0,0,0
1068,7,lower,0,0,0,0
1068,8,upper,0,0,0,0
1068,8,lower,0,0,0,0
1069,1,upper,0,0,0,0
1069,1,lower,2,2,-1,-1
1069,2,upper,0,0,0,0
1069,2,lower,0,0,0,0
1069,3,upper,0,0,0,0
1069,3,lower,0,0,0,0
1069,4,upper,0,0,0,0
1069,4,lower,0,0,0,0
1069,5,upper,0,0,0,0
1069,5,lower,0,0,0,0
1069,6,upper,0,0,0,0
1069,6,lower,0,0,0,0
1069,7,upper,0,0,0,0
1069,7,lower,0,0,0,0
1069,8,upper,0,0,0,0
1069,8,lower,0,0,0,0
1070,1,upper,0,0,0,0
1070,1,lower,2,2,-1,-1
1070,2,upper,0,0,0,0
1070,2,lower,0,0,0,0
1070,3,upper,0,0,0,0
1070,3,lower,0,0,0,0
1070,4,upper,0,0,0,0
1070,4,lower,0,0,0,0
1070,5,upper,0,0,0,0
1070,5,lower,0,0,0,0
1070,6,upper,0,0,0,0
1070,6,lower,0,0,0,0
1070,7,upper,0,0,0,0
1070,7,lower,0,0,0,0
1070,8,upper,0,0,0,0
1070,8,lower,0,0,0,0
1071,1,upper,0,0,0,0
1071,1,lower,2,2,0,-1
1071,2,upper,0,0,0,0
1071,2,lower,0,0,0,0
1071,3,upper,0,0,0,0
1071,3,lower,0,0,0,0
1071,4,upper,0,0,0,0
1071,4,lower,0,0,0,0
1071,5,upper,0,0,0,0
1071,5,lower,0,0,0,0
1071,6,upper,0,0,0,0
1071,6,lower,0,0,0,0
1071,7,upper,0,0,0,0
1071,7,lower,0,0,0,0
1071,8,upper,0,0,0,0
1071,8,lower,0,0,0,0
1072,1,upper,0,0,0,0
1072,1,lower,2,2,0,0
1072,2,upper,0,0,0,0
1072,2,lower,0,0,0,0
1072,3,upper,0,0,0,0
1072,3,lower,0,0,0,0
1072,4,upper,0,0,0,0
1072,4,lower,0,0,0,0
1072,5,upper,0,0,0,0
1072,5,lower,0,0,0,0
1072,6,upper,0,0,0,0
1072,6,lower,0,0,0,0
1072,7,upper,0,0,0,0
1072,7,lower,0,0,0,0
1072,8,upper,0,0,0,0
1072,8,lower,0,0,0,0
1073,1,upper,0,0,0,0
1073,1,lower,2,2,-1,-1
1073,2,upper,0,0,0,0
1073,2,lower,0,0,0,0
1073,3,upper,0,0,0,0
1073,3,lower,0,0,0,0
1073,4,upper,0,0,0,0
1073,4,lower,0,0,0,0
1073,5,upper,0,0,0,0
1073,5,lower,0,0,0,0
1073,6,upper,0,0,0,0
1073,6,lower,0,0,0,0
1073,7,upper,0,0,0,0
1073,7,lower,0,0,0,0
1073,8,upper,0,0,0,0
1073,8,lower,0,0,0,0
1074,1,upper,0,0,0,0
1074,1,lower,2,2,-1,0
1074,2,upper,0,0,0,0
1074,2,lower,0,0,0,0
1074,3,upper,0,0,0,0
1074,3,lower,0,0,0,0
1074,4,upper,0,0,0,0
1074,4,lower,0,0,0,0
1074,5,upper,0,0,0,0
1074,5,lower,0,0,0,0
1074,6,upper,0,0,0,0
1074,6,lower,0,0,0,0
1074,7,upper,0,0,0,0
1074,7,lower,0,0,0,0
1074,8,upper,0,0,0,0
1074,8,lower,0,0,0,0
1075,1,upper,0,0,0,0
1075,1,lower,2,2,0,-1
1075,2,upper,0,0,0,0
1075,2,lower,0,0,0,0
1075,3,upper,0,0,0,0
1075,3,lower,0,0,0,0
1075,4,upper,0,0,0,0
1075,4,lower,0,0,0,0
1075,5,upper,0,0,0,0
1075,5,lower,0,0,0,0
1075,6,upper,0,0,0,0
1075,6,lower,0,0,0,0
1075,7,upper,0,0,0,0
1075,7,lower,0,0,0,0
1075,8,upper,0,0,0,0
1075,8,lower,0,0,0,0
1076,1,upper,0,0,0,0
1076,1,lower,2,2,0,-1
1076,2,upper,0,0,0,0
1076,2,lower,0,0,0,0
1076,3,upper,0,0,0,0
1076,3,lower,0,0,0,0
1076,4,upper,0,0,0,0
1076,4,lower,0,0,0,0
1076,5,upper,0,0,0,0
1076,5,lower,0,0,0,0
1076,6,upper,0,0,0,0
1076,6,lower,0,0,0,0
1076,7,upper,0,0,0,0
1076,7,lower,0,0,0,0
1076,8,upper,0,0,0,0
1076,8,lower,0,0,0,0
1077,1,upper,0,0,0,0
1077,1,lower,2,2,-1,0
1077,2,upper,0,0,0,0
1077,2,lower,0,0,0,0
1077,3,upper,0,0,0,0
1077,3,lower,0,0,0,0
1077,4,upper,0,0,0,0
1077,4,lower,0,0,0,0
1077,5,upper,0,0,0,0
1077,5,lower,0,0,0,0
1077,6,upper,0,0,0,0
1077,6,lower,0,0,0,0
1077,7,upper,0,0,0,0
1077,7,lower,0,0,0,0
1077,8,upper,0,0,0,0
1077,8,lower,0,0,0,0
1078,1,upper,0,0,0,0
1078,1,lower,2,2,-1,0
1078,2,upper,0,0,0,0
1078,2,lower,0,0,0,0
1078,3,upper,0,0,0,0
1078,3,lower,0,0,0,0
1078,4,upper,0,0,0,0
1078,4,lower,0,0,0,0
1078,5,upper,0,0,0,0
1078,5,lower,0,0,0,0
1078,6,upper,0,0,0,0
1078,6,lower,0,0,0,0
1078,7,upper,0,0,0,0
1078,7,lower,0,0,0,0
1078,8,upper,0,0,0,0
1078,8,lower,0,0,0,0
1079,1,upper,0,0,0,0
1079,1,lower,2,2,-1,-1
1079,2,upper,0,0,0,0
1079,2,lower,0,0,0,0
1079,3,upper,0,0,0,0
1079,3,lower,0,0,0,0
1079,4,upper,0,0,0,0
1079,4,lower,0,0,0,0
1079,5,upper,0,0,0,0
1079,5,lower,0,0,0,0
1079,6,upper,0,0,0,0
1079,6,lower,0,0,0,0
1079,7,upper,0,0,0,0
1079,7,lower,0,0,0,0
1079,8,upper,0,0,0,0
1079,8,lower,0,0,0,0
1080,1,upper,0,0,0,0
1080,1,lower,2,2,0,-1
1080,2,upper,0,0,0,0
1080,2,lower,0,0,0,0
1080,3,upper,0,0,0,0
1080,3,lower,0,0,0,0
1080,4,upper,0,0,0,0
1080,4,lower,0,0,0,0
1080,5,upper,0,0,0,0
1080,5,lower,0,0,0,0
1080,6,upper,0,0,0,0
1080,6,lower,0,0,0,0
1080,7,upper,0,0,0,0
1080,7,lower,0,0,0,0
1080,8,upper,0,0,0,0
1080,8,lower,0,0,0,0
1081,1,upper,0,0,0,0
1081,1,lower,2,2,0,0
1081,2,upper,0,0,0,0
1081,2,lower,0,0,0,0
1081,3,upper,0,0,0,0
1081,3,lower,0,0,0,0
1081,4,upper,0,0,0,0
1081,4,lower,0,0,0,0
1081,5,upper,0,0,0,0
1081,5,lower,0,0,0,0
1081,6,upper,0,0,0,0
1081,6,lower,0,0,0,0
1081,7,upper,0,0,0,0
1081,7,lower,0,0,0,0
1081,8,upper,0,0,0,0
1081,8,lower,0,0,0,0
1082,1,upper,0,0,0,0
1082,1,lower,2,2,-1,0
1082,2,upper,0,0,0,0
1082,2,lower,0,0,0,0
1082,3,upper,0,0,0,0
1082,3,lower,0,0,0,0
1082,4,upper,0,0,0,0
1082,4,lower,0,0,0,0
1082,5,upper,0,0,0,0
1082,5,lower,0,0,0,0
1082,6,upper,0,0,0,0
1082,6,lower,0,0,0,0
1082,7,upper,0,0,0,0
1082,7,lower,0,0,0,0
1082,8,upper,0,0,0,0
1082,8,lower,0,0,0,0
1083,1,upper,0,0,0,0
1083,1,lower,2,2,0,0
1083,2,upper,0,0,0,0
1083,2,lower,0,0,0,0
1083,3,upper,0,0,0,0
1083,3,lower,0,0,0,0
1083,4,upper,0,0,0,0
1083,4,lower,0,0,0,0
1083,5,upper,0,0,0,0
1083,5,lower,0,0,0,0
1083,6,upper,0,0,0,0
1083,6,lower,0,0,0,0
1083,7,upper,0,0,0,0
1083,7,lower,0,0,0,0
1083,8,upper,0,0,0,0
1083,8,lower,0,0,0,0
1084,1,upper,0,0,0,0
1084,1,lower,2,2,0,-1
1084,2,upper,0,0,0,0
1084,2,lower,0,0,0,0
1084,3,upper,0,0,0,0
1084,3,lower,0,0,0,0
1084,4,upper,0,0,0,0
1084,4,lower,0,0,0,0
1084,5,upper,0,0,0,0
1084,5,lower,0,0,0,0
1084,6,upper,0,0,0,0
1084,6,lower,0,0,0,0
1084,7,upper,0,0,0,0
1084,7,lower,0,0,0,0
1084,8,upper,0,0,0,0
1084,8,lower,0,0,0,0
1085,1,upper,0,0,0,0
1085,1,lower,2,2,0,-1
1085,2,upper,0,0,0,0
1085,2,lower,0,0,0,0
1085,3,upper,0,0,0,0
1085,3,lower,0,0,0,0
1085,4,upper,0,0,0,0
1085,4,lower,0,0,0,0
1085,5,upper,0,0,0,0
1085,5,lower,0,0,0,0
1085,6,upper,0,0,0,0
1085,6,lower,0,0,0,0
1085,7,upper,0,0,0,0
1085,7,lower,0,0,0,0
1085,8,upper,0,0,0,0
1085,8,lower,0,0,0,0
1086,1,upper,0,0,0,0
1086,1,lower,2,2,0,0
1086,2,upper,0,0,0,0
1086,2,lower,0,0,0,0
1086,3,upper,0,0,0,0
1086,3,lower,0,0,0,0
1086,4,upper,0,0,0,0
1086,4,lower,0,0,0,0
1086,5,upper,0,0,0,0
1086,5,lower,0,0,0,0
1086,6,upper,0,0,0,0
1086,6,lower,0,0,0,0
1086,7,upper,0,0,0,0
1086,7,lower,0,0,0,0
1086,8,upper,0,0,0,0
1086,8,lower,0,0,0,0
1087,1,upper,0,0,0,0
1087,1,lower,2,2,0,-1
1087,2,upper,0,0,0,0
1087,2,lower,0,0,0,0
1087,3,upper,0,0,0,0
1087,3,lower,0,0,0,0
1087,4,upper,0,0,0,0
1087,4,lower,0,0,0,0
1087,5,upper,0,0,0,0
1087,5,lower,0,0,0,0
1087,6,upper,0,0,0,0
1087,6,lower,0,0,0,0
1087,7,upper,0,0,0,0
1087,7,lower,0,0,0,0
1087,8,upper,0,0,0,0
1087,8,lower,0,0,0,0
1088,1,upper,0,0,0,0
1088,1,lower,0,0,0,0
1088,2,upper,0,0,0,0
1088,2,lower,0,0,0,0
1088,3,upper,0,0,0,0
1088,3,lower,0,0,0,0
1088,4,upper,0,0,0,0
1088,4,lower,0,0,0,0
1088,5,upper,0,0,0,0
1088,5,lower,0,0,0,0
1088,6,upper,0,0,0,0
1088,6,lower,0,0,0,0
1088,7,upper,0,0,0,0
1088,7,lower,0,0,0,0
1088,8,upper,0,0,0,0
1088,8,lower,0,0,0,0
1089,1,upper,0,0,0,0
1089,1,lower,2,2,-1,0
1089,2,upper,0,0,0,0
1089,2,lower,0,0,0,0
1089,3,upper,0,0,0,0
1089,3,lower,0,0,0,0
1089,4,upper,0,0,0,0
1089,4,lower,0,0,0,0
1089,5,upper,0,0,0,0
1089,5,lower,0,0,0,0
1089,6,upper,0,0,0,0
1089,6,lower,0,0,0,0
1089,7,upper,0,0,0,0
1089,7,lower,0,0,0,0
1089,8,upper,0,0,0,0
1089,8,lower,0,0,0,0
1090,1,upper,0,0,0,0
1090,1,lower,2,2,0,0
1090,2,upper,0,0,0,0
1090,2,lower,0,0,0,0
1090,3,upper,0,0,0,0
1090,3,lower,0,0,0,0
1090,4,upper,0,0,0,0
1090,4,lower,0,0,0,0
1090,5,upper,0,0,0,0
1090,5,lower,0,0,0,0
1090,6,upper,0,0,0,0
1090,6,lower,0,0,0,0
1090,7,upper,0,0,0,0
1090,7,lower,0,0,0,0
1090,8,upper,0,0,0,0
1090,8,lower,0,0,0,0
1091,1,upper,0,0,0,0
1091,1,lower,2,2,-1,0
1091,2,upper,0,0,0,0
1091,2,lower,0,0,0,0
1091,3,upper,0,0,0,0
1091,3,lower,0,0,0,0
1091,4,upper,0,0,0,0
1091,4,lower,0,0,0,0
1091,5,upper,0,0,0,0
1091,5,lower,0,0,0,0
1091,6,upper,0,0,0,0
1091,6,lower,0,0,0,0
1091,7,upper,0,0,0,0
1091,7,lower,0,0,0,0
1091,8,upper,0,0,0,0
1091,8,lower,0,0,0,0
1092,1,upper,0,0,0,0
1092,1,lower,2,2,-1,0
1092,2,upper,0,0,0,0
1092,2,lower,0,0,0,0
1092,3,upper,0,0,0,0
1092,3,lower,0,0,0,0
1092,4,upper,0,0,0,0
1092,4,lower,0,0,0,0
1092,5,upper,0,0,0,0
1092,5,lower,0,0,0,0
1092,6,upper,0,0,0,0
1092,6,lower,0,0,0,0
1092,7,upper,0,0,0,0
1092,7,lower,0,0,0,0
1092,8,upper,0,0,0,0
1092,8,lower,0,0,0,0
1093,1,upper,0,0,0,0
1093,1,lower,2,2,0,0
1093,2,upper,0,0,0,0
1093,2,lower,0,0,0,0
1093,3,upper,0,0,0,0
1093,3,lower,0,0,0,0
1093,4,upper,0,0,0,0
1093,4,lower,0,0,0,0
1093,5,upper,0,0,0,0
1093,5,lower,0,0,0,0
1093,6,upper,0,0,0,0
1093,6,lower,0,0,0,0
1093,7,upper,0,0,0,0
1093,7,lower,0,0,0,0
1093,8,upper,0,0,0,0
1093,8,lower,0,0,0,0
1094,1,upper,0,0,0,0
1094,1,lower,2,2,0,-1
1094,2,upper,0,0,0,0
1094,2,lower,0,0,0,0
1094,3,upper,0,0,0,0
1094,3,lower,0,0,0,0
1094,4,upper,0,0,0,0
1094,4,lower,0,0,0,0
1094,5,upper,0,0,0,0
1094,5,lower,0,0,0,0
1094,6,upper,0,0,0,0
1094,6,lower,0,0,0,0
1094,7,upper,0,0,0,0
1094,7,lower,0,0,0,0
1094,8,upper,0,0,0,0
1094,8,lower,0,0,0,0
1095,1,upper,0,0,0,0
1095,1,lower,2,2,0,0
1095,2,upper,0,0,0,0
1095,2,lower,0,0,0,0
1095,3,upper,0,0,0,0
1095,3,lower,0,0,0,0
1095,4,upper,0,0,0,0
1095,4,lower,0,0,0,0
1095,5,upper,0,0,0,0
1095,5,lower,0,0,0,0
1095,6,upper,0,0,0,0
1095,6,lower,0,0,0,0
1095,7,upper,0,0,0,0
1095,7,lower,0,0,0,0
1095,8,upper,0,0,0,0
1095,8,lower,0,0,0,0
1096,1,upper,0,0,0,0
1096,1,lower,2,2,-1,0
1096,2,upper,0,0,0,0
1096,2,lower,0,0,0,0
1096,3,upper,0,0,0,0
1096,3,lower,0,0,0,0
1096,4,upper,0,0,0,0
1096,4,lower,0,0,0,0
1096,5,upper,0,0,0,0
1096,5,lower,0,0,0,0
1096,6,upper,0,0,0,0
1096,6,lower,0,0,0,0
1096,7,upper,0,0,0,0
1096,7,lower,0,0,0,0
1096,8,upper,0,0,0,0
1096,8,lower,0,0,0,0
1097,1,upper,0,0,0,0
1097,1,lower,2,2,-1,-1
1097,2,upper,0,0,0,0
1097,2,lower,0,0,0,0
1097,3,upper,0,0,0,0
1097,3,lower,0,0,0,0
1097,4,upper,0,0,0,0
1097,4,lower,0,0,0,0
1097,5,upper,0,0,0,0
1097,5,lower,0,0,0,0
1097,6,upper,0,0,0,0
1097,6,lower,0,0,0,0
1097,7,upper,0,0,0,0
1097,7,lower,0,0,0,0
1097,8,upper,0,0,0,0
1097,8,lower,0,0,0,0
1098,1,upper,0,0,0,0
1098,1,lower,2,2,0,-1
1098,2,upper,0,0,0,0
1098,2,lower,0,0,0,0
1098,3,upper,0,0,0,0
1098,3,lower,0,0,0,0
1098,4,upper,0,0,0,0
1098,4,lower,0,0,0,0
1098,5,upper,0,0,0,0
1098,5,lower,0,0,0,0
1098,6,upper,0,0,0,0
1098,6,lower,0,0,0,0
1098,7,upper,0,0,0,0
1098,7,lower,0,0,0,0
1098,8,upper,0,0,0,0
1098,8,lower,0,0,0,0
1099,1,upper,0,0,0,0
1099,1,lower,2,2,0,-1
1099,2,upper,0,0,0,0
1099,2,lower,0,0,0,0
1099,3,upper,0,0,0,0
1099,3,lower,0,0,0,0
1099,4,upper,0,0,0,0
1099,4,lower,0,0,0,0
1099,5,upper,0,0,0,0
1099,5,lower,0,0,0,0
1099,6,upper,0,0,0,0
1099,6,lower,0,0,0,0
1099,7,upper,0,0,0,0
1099,7,lower,0,0,0,0
1099,8,upper,0,0,0,0
1099,8,lower,0,0,0,0
1100,1,upper,0,0,0,0
1100,1,lower,2,2,-1,0
1100,2,upper,0,0,0,0
1100,2,lower,0,0,0,0
1100,3,upper,0,0,0,0
1100,3,lower,0,0,0,0
1100,4,upper,0,0,0,0
1100,4,lower,0,0,0,0
1100,5,upper,0,0,0,0
1100,5,lower,0,0,0,0
1100,6,upper,0,0,0,0
1100,6,lower,0,0,0,0
1100,7,upper,0,0,0,0
1100,7,lower,0,0,0,0
1100,8,upper,0,0,0,0
1100,8,lower,0,0,0,0
1101,1,upper,0,0,0,0
1101,1,lower,2,2,-1,0
1101,2,upper,0,0,0,0
1101,2,lower,0,0,0,0
1101,3,upper,0,0,0,0
1101,3,lower,0,0,0,0
1101,4,upper,0,0,0,0
1101,4,lower,0,0,0,0
1101,5,upper,0,0,0,0
1101,5,lower,0,0,0,0
1101,6,upper,0,0,0,0
1101,6,lower,0,0,0,0
1101,7,upper,0,0,0,0
1101,7,lower,0,0,0,0
1101,8,upper,0,0,0,0
1101,8,lower,0,0,0,0
1102,1,upper,0,0,0,0
1102,1,lower,2,2,0,-1
1102,2,upper,0,0,0,0
1102,2,lower,0,0,0,0
1102,3,upper,0,0,0,0
1102,3,lower,0,0,0,0
1102,4,upper,0,0,0,0
1102,4,lower,0,0,0,0
1102,5,upper,0,0,0,0
1102,5,lower,0,0,0,0
1102,6,upper,0,0,0,0
1102,6,lower,0,0,0,0
1102,7,upper,0,0,0,0
1102,7,lower,0,0,0,0
1102,8,upper,0,0,0,0
1102,8,lower,0,0,0,0
1103,1,upper,0,0,0,0
1103,1,lower,2,2,-1,-1
1103,2,upper,0,0,0,0
1103,2,lower,0,0,0,0
1103,3,upper,0,0,0,0
1103,3,lower,0,0,0,0
1103,4,upper,0,0,0,0
1103,4,lower,0,0,0,0
1103,5,upper,0,0,0,0
1103,5,lower,0,0,0,0
1103,6,upper,0,0,0,0
1103,6,lower,0,0,0,0
1103,7,upper,0,0,0,0
1103,7,lower,0,0,0,0
1103,8,upper,0,0,0,0
1103,8,lower,0,0,0,0
1104,1,upper,0,0,0,0
1104,1,lower,2,2,0,0
1104,2,upper,0,0,0,0
1104,2,lower,0,0,0,0
1104,3,upper,0,0,0,0
1104,3,lower,0,0,0,0
1104,4,upper,0,0,0,0
1104,4,lower,0,0,0,0
1104,5,upper,0,0,0,0
1104,5,lower,0,0,0,0
1104,6,upper,0,0,0,0
1104,6,lower,0,0,0,0
1104,7,upper,0,0,0,0
1104,7,lower,0,0,0,0
1104,8,upper,0,0,0,0
1104,8,lower,0,0,0,0
1105,1,upper,0,0,0,0
1105,1,lower,2,2,-1,0
1105,2,upper,0,0,0,0
1105,2,lower,0,0,0,0
1105,3,upper,0,0,0,0
1105,3,lower,0,0,0,0
1105,4,upper,0,0,0,0
1105,4,lower,0,0,0,0
1105,5,upper,0,0,0,0
1105,5,lower,0,0,0,0
1105,6,upper,0,0,0,0
1105,6,lower,0,0,0,0
1105,7,upper,0,0,0,0
1105,7,lower,0,0,0,0
1105,8,upper,0,0,0,0
1105,8,lower,0,0,0,0
1106,1,upper,0,0,0,0
1106,1,lower,2,2,-1,-1
1106,2,upper,0,0,0,0
1106,2,lower,0,0,0,0
1106,3,upper,0,0,0,0
1106,3,lower,0,0,0,0
1106,4,upper,0,0,0,0
1106,4,lower,0,0,0,0
1106,5,upper,0,0,0,0
1106,5,lower,0,0,0,0
1106,6,upper,0,0,0,0
1106,6,lower,0,0,0,0
1106,7,upper,0,0,0,0
1106,7,lower,0,0,0,0
1106,8,upper,0,0,0,0
1106,8,lower,0,0,0,0
1107,1,upper,0,0,0,0
1107,1,lower,2,2,-1,-1
1107,2,upper,0,0,0,0
1107,2,lower,0,0,0,0
1107,3,upper,0,0,0,0
1107,3,lower,0,0,0,0
1107,4,upper,0,0,0,0
1107,4,lower,0,0,0,0
1107,5,upper,0,0,0,0
1107,5,lower,0,0,0,0
1107,6,upper,0,0,0,0
1107,6,lower,0,0,0,0
1107,7,upper,0,0,0,0
1107,7,lower,0,0,0,0
1107,8,upper,0,0,0,0
1107,8,lower,0,0,0,0
1108,1,upper,0,0,0,0
1108,1,lower,2,2,-1,-1
1108,2,upper,0,0,0,0
1108,2,lower,0,0,0,0
1108,3,upper,0,0,0,0
1108,3,lower,0,0,0,0
1108,4,upper,0,0,0,0
1108,4,lower,0,0,0,0
1108,5,upper,0,0,0,0
1108,5,lower,0,0,0,0
1108,6,upper,0,0,0,0
1108,6,lower,0,0,0,0
1108,7,upper,0,0,0,0
1108,7,lower,0,0,0,0
1108,8,upper,0,0,0,0
1108,8,lower,0,0,0,0
1109,1,upper,0,0,0,0
1109,1,lower,2,2,-1,0
1109,2,upper,0,0,0,0
1109,2,lower,0,0,0,0
1109,3,upper,0,0,0,0
1109,3,lower,0,0,0,0
1109,4,upper,0,0,0,0
1109,4,lower,0,0,0,0
1109,5,upper,0,0,0,0
1109,5,lower,0,0,0,0
1109,6,upper,0,0,0,0
1109,6,lower,0,0,0,0
1109,7,upper,0,0,0,0
1109,7,lower,0,0,0,0
1109,8,upper,0,0,0,0
1109,8,lower,0,0,0,0
1110,1,upper,0,0,0,0
1110,1,lower,2,2,0,0
1110,2,upper,0,0,0,0
1110,2,lower,0,0,0,0
1110,3,upper,0,0,0,0
1110,3,lower,0,0,0,0
1110,4,upper,0,0,0,0
1110,4,lower,0,0,0,0
1110,5,upper,0,0,0,0
1110,5,lower,0,0,0,0
1110,6,upper,0,0,0,0
1110,6,lower,0,0,0,0
1110,7,upper,0,0,0,0
1110,7,lower,0,0,0,0
1110,8,upper,0,0,0,0
1110,8,lower,0,0,0,0
1111,1,upper,0,0,0,0
1111,1,lower,2,2,0,-1
1111,2,upper,0,0,0,0
1111,2,lower,0,0,0,0
1111,3,upper,0,0,0,0
1111,3,lower,0,0,0,0
1111,4,upper,0,0,0,0
1111,4,lower,0,0,0,0
1111,5,upper,0,0,0,0
1111,5,lower,0,0,0,0
1111,6,upper,0,0,0,0
1111,6,lower,0,0,0,0
1111,7,upper,0,0,0,0
1111,7,lower,0,0,0,0
1111,8,upper,0,0,0,0
1111,8,lower,0,0,0,0
1112,1,upper,0,0,0,0
1112,1,lower,2,2,-1,0
1112,2,upper,0,0,0,0
1112,2,lower,0,0,0,0
1112,3,upper,0,0,0,0
1112,3,lower,0,0,0,0
1112,4,upper,0,0,0,0
1112,4,lower,0,0,0,0
1112,5,upper,0,0,0,0
1112,5,lower,0,0,0,0
1112,6,upper,0,0,0,0
1112,6,lower,0,0,0,0
1112,7,upper,0,0,0,0
1112,7,lower,0,0,0,0
1112,8,upper,0,0,0,0
1112,8,lower,0,0,0,0
1113,1,upper,0,0,0,0
1113,1,lower,2,2,0,-1
1113,2,upper,0,0,0,0
1113,2,lower,0,0,0,0
1113,3,upper,0,0,0,0
1113,3,lower,0,0,0,0
1113,4,upper,0,0,0,0
1113,4,lower,0,0,0,0
1113,5,upper,0,0,0,0
1113,5,lower,0,0,0,0
1113,6,upper,0,0,0,0
1113,6,lower,0,0,0,0
1113,7,upper,0,0,0,0
1113,7,lower,0,0,0,0
1113,8,upper,0,0,0,0
1113,8,lower,0,0,0,0
1114,1,upper,0,0,0,0
1114,1,lower,2,2,0,0
1114,2,upper,0,0,0,0
1114,2,lower,0,0,0,0
1114,3,upper,0,0,0,0
1114,3,lower,0,0,0,0
1114,4,upper,0,0,0,0
1114,4,lower,0,0,0,0
1114,5,upper,0,0,0,0
1114,5,lower,0,0,0,0
1114,6,upper,0,0,0,0
1114,6,lower,0,0,0,0
1114,7,upper,0,0,0,0
1114,7,lower,0,0,0,0
1114,8,upper,0,0,0,0
1114,8,lower,0,0,0,0
1115,1,upper,0,0,0,0
1115,1,lower,2,2,0,0
1115,2,upper,0,0,0,0
1115,2,lower,0,0,0,0
1115,3,upper,0,0,0,0
1115,3,lower,0,0,0,0
1115,4,upper,0,0,0,0
1115,4,lower,0,0,0,0
1115,5,upper,0,0,0,0
1115,5,lower,0,0,0,0
1115,6,upper,0,0,0,0
1115,6,lower,0,0,0,0
1115,7,upper,0,0,0,0
1115,7,lower,0,0,0,0
1115,8,upper,0,0,0,0
1115,8,lower,0,0,0,0
1116,1,upper,0,0,0,0
1116,1,lower,2,2,-1,0
1116,2,upper,0,0,0,0
1116,2,lower,0,0,0,0
1116,3,upper,0,0,0,0
1116,3,lower,0,0,0,0
1116,4,upper,0,0,0,0
1116,4,lower,0,0,0,0
1116,5,upper,0,0,0,0
1116,5,lower,0,0,0,0
1116,6,upper,0,0,0,0
1116,6,lower,0,0,0,0
1116,7,upper,0,0,0,0
1116,7,lower,0,0,0,0
1116,8,upper,0,0,0,0
1116,8,lower,0,0,0,0
1117,1,upper,0,0,0,0
1117,1,lower,2,2,0,-1
1117,2,upper,0,0,0,0
1117,2,lower,0,0,0,0
1117,3,upper,0,0,0,0
1117,3,lower,0,0,0,0
1117,4,upper,0,0,0,0
1117,4,lower,0,0,0,0
1117,5,upper,0,0,0,0
1117,5,lower,0,0,0,0
1117,6,upper,0,0,0,0
1117,6,lower,0,0,0,0
1117,7,upper,0,0,0,0
1117,7,lower,0,0,0,0
1117,8,upper,0,0,0,0
1117,8,lower,0,0,0,0
1118,1,upper,0,0,0,0
1118,1,lower,2,2,0,-1
1118,2,upper,0,0,0,0
1118,2,lower,0,0,0,0
1118,3,upper,0,0,0,0
1118,3,lower,0,0,0,0
1118,4,upper,0,0,0,0
1118,4,lower,0,0,0,0
1118,5,upper,0,0,0,0
1118,5,lower,0,0,0,0
1118,6,upper,0,0,0,0
1118,6,lower,0,0,0,0
1118,7,upper,0,0,0,0
1118,7,lower,0,0,0,0
1118,8,upper,0,0,0,0
1118,8,lower,0,0,0,0
1119,1,upper,0,0,0,0
1119,1,lower,2,2,0,-1
1119,2,upper,0,0,0,0
1119,2,lower,0,0,0,0
1119,3,upper,0,0,0,0
1119,3,lower,0,0,0,0
1119,4,upper,0,0,0,0
1119,4,lower,0,0,0,0
1119,5,upper,0,0,0,0
1119,5,lower,0,0,0,0
1119,6,upper,0,0,0,0
1119,6,lower,0,0,0,0
1119,7,upper,0,0,0,0
1119,7,lower,0,0,0,0
1119,8,upper,0,0,0,0
1119,8,lower,0,0,0,0
1120,1,upper,0,0,0,0
1120,1,lower,1,1,0,-1
1120,2,upper,0,0,0,0
1120,2,lower,0,0,0,0
1120,3,upper,0,0,0,0
1120,3,lower,0,0,0,0
1120,4,upper,0,0,0,0
1120,4,lower,0,0,0,0
1120,5,upper,0,0,0,0
1120,5,lower,0,0,0,0
1120,6,upper,0,0,0,0
1120,6,lower,0,0,0,0
1120,7,upper,0,0,0,0
1120,7,lower,0,0,0,0
1120,8,upper,0,0,0,0
1120,8,lower,0,0,0,0
1121,1,upper,0,0,0,0
1121,1,lower,2,2,0,0
1121,2,upper,0,0,0,0
1121,2,lower,0,0,0,0
1121,3,upper,0,0,0,0
1121,3,lower,0,0,0,0
1121,4,upper,0,0,0,0
1121,4,lower,0,0,0,0
1121,5,upper,0,0,0,0
1121,5,lower,0,0,0,0
1121,6,upper,0,0,0,0
1121,6,lower,0,0,0,0
1121,7,upper,0,0,0,0
1121,7,lower,0,0,0,0
1121,8,upper,0,0,0,0
1121,8,lower,0,0,0,0
1122,1,upper,0,0,0,0
1122,1,lower,2,2,0,0
1122,2,upper,0,0,0,0
1122,2,lower,0,0,0,0
1122,3,upper,0,0,0,0
1122,3,lower,0,0,0,0
1122,4,upper,0,0,0,0
1122,4,lower,0,0,0,0
1122,5,upper,0,0,0,0
1122,5,lower,0,0,0,0
1122,6,upper,0,0,0,0
1122,6,lower,0,0,0,0
1122,7,upper,0,0,0,0
1122,7,lower,0,0,0,0
1122,8,upper,0,0,0,0
1122,8,lower,0,0,0,0
1123,1,upper,0,0,0,0
1123,1,lower,2,2,0,0
1123,2,upper,0,0,0,0
1123,2,lower,0,0,0,0
1123,3,upper,0,0,0,0
1123,3,lower,0,0,0,0
1123,4,upper,0,0,0,0
1123,4,lower,0,0,0,0
1123,5,upper,0,0,0,0
1123,5,lower,0,0,0,0
1123,6,upper,0,0,0,0
1123,6,lower,0,0,0,0
1123,7,upper,0,0,0,0
1123,7,lower,0,0,0,0
1123,8,upper,0,0,0,0
1123,8,lower,0,0,0,0
1124,1,upper,0,0,0,0
1124,1,lower,2,2,-1,-1
1124,2,upper,0,0,0,0
1124,2,lower,0,0,0,0
1124,3,upper,0,0,0,0
1124,3,lower,0,0,0,0
1124,4,upper,0,0,0,0
1124,4,lower,0,0,0,0
1124,5,upper,0,0,0,0
1124,5,lower,0,0,0,0
1124,6,upper,0,0,0,0
1124,6,lower,0,0,0,0
1124,7,upper,0,0,0,0
1124,7,lower,0,0,0,0
1124,8,upper,0,0,0,0
1124,8,lower,0,0,0,0
1125,1,upper,0,0,0,0
1125,1,lower,2,2,0,-1
1125,2,upper,0,0,0,0
1125,2,lower,0,0,0,0
1125,3,upper,0,0,0,0
1125,3,lower,0,0,0,0
1125,4,upper,0,0,0,0
1125,4,lower,0,0,0,0
1125,5,upper,0,0,0,0
1125,5,lower,0,0,0,0
1125,6,upper,0,0,0,0
1125,6,lower,0,0,0,0
1125,7,upper,0,0,0,0
1125,7,lower,0,0,0,0
1125,8,upper,0,0,0,0
1125,8,lower,0,0,0,0
1126,1,upper,0,0,0,0
1126,1,lower,2,2,0,-1
1126,2,upper,0,0,0,0
1126,2,lower,0,0,0,0
1126,3,upper,0,0,0,0
1126,3,lower,0,0,0,0
1126,4,upper,0,0,0,0
1126,4,lower,0,0,0,0
1126,5,upper,0,0,0,0
1126,5,lower,0,0,0,0
1126,6,upper,0,0,0,0
1126,6,lower,0,0,0,0
1126,7,upper,0,0,0,0
1126,7,lower,0,0,0,0
1126,8,upper,0,0,0,0
1126,8,lower,0,0,0,0
1127,1,upper,0,0,0,0
1127,1,lower,2,2,0,0
1127,2,upper,0,0,0,0
1127,2,lower,0,0,0,0
1127,3,upper,0,0,0,0
1127,3,lower,0,0,0,0
1127,4,upper,0,0,0,0
1127,4,lower,0,0,0,0
1127,5,upper,0,0,0,0
1127,5,lower,0,0,0,0
1127,6,upper,0,0,0,0
1127,6,lower,0,0,0,0
1127,7,upper,0,0,0,0
1127,7,lower,0,0,0,0
1127,8,upper,0,0,0,0
1127,8,lower,0,0,0,0
1128,1,upper,0,0,0,0
1128,1,lower,2,2,-1,-1
1128,2,upper,0,0,0,0
1128,2,lower,0,0,0,0
1128,3,upper,0,0,0,0
1128,3,lower,0,0,0,0
1128,4,upper,0,0,0,0
1128,4,lower,0,0,0,0
1128,5,upper,0,0,0,0
1128,5,lower,0,0,0,0
1128,6,upper,0,0,0,0
1128,6,lower,0,0,0,0
1128,7,upper,0,0,0,0
1128,7,lower,0,0,0,0
1128,8,upper,0,0,0,0
1128,8,lower,0,0,0,0
1129,1,upper,0,0,0,0
1129,1,lower,2,2,0,0
1129,2,upper,0,0,0,0
1129,2,lower,0,0,0,0
1129,3,upper,0,0,0,0
1129,3,lower,0,0,0,0
1129,4,upper,0,0,0,0
1129,4,lower,0,0,0,0
1129,5,upper,0,0,0,0
1129,5,lower,0,0,0,0
1129,6,upper,0,0,0,0
1129,6,lower,0,0,0,0
1129,7,upper,0,0,0,0
1129,7,lower,0,0,0,0
1129,8,upper,0,0,0,0
1129,8,lower,0,0,0,0
1130,1,upper,0,0,0,0
1130,1,lower,2,2,0,-1
1130,2,upper,0,0,0,0
1130,2,lower,0,0,0,0
1130,3,upper,0,0,0,0
1130,3,lower,0,0,0,0
1130,4,upper,0,0,0,0
1130,4,lower,0,0,0,0
1130,5,upper,0,0,0,0
1130,5,lower,0,0,0,0
1130,6,upper,0,0,0,0
1130,6,lower,0,0,0,0
1130,7,upper,0,0,0,0
1130,7,lower,0,0,0,0
1130,8,upper,0,0,0,0
1130,8,lower,0,0,0,0
1131,1,upper,0,0,0,0
1131,1,lower,2,2,-1,-1
1131,2,upper,0,0,0,0
1131,2,lower,0,0,0,0
1131,3,upper,0,0,0,0
1131,3,lower,0,0,0,0
1131,4,upper,0,0,0,0
1131,4,lower,0,0,0,0
1131,5,upper,0,0,0,0
1131,5,lower,0,0,0,0
1131,6,upper,0,0,0,0
1131,6,lower,0,0,0,0
1131,7,upper,0,0,0,0
1131,7,lower,0,0,0,0
1131,8,upper,0,0,0,0
1131,8,lower,0,0,0,0
1132,1,upper,0,0,0,0
1132,1,lower,2,2,-1,0
1132,2,upper,0,0,0,0
1132,2,lower,0,0,0,0
1132,3,upper,0,0,0,0
1132,3,lower,0,0,0,0
1132,4,upper,0,0,0,0
1132,4,lower,0,0,0,0
1132,5,upper,0,0,0,0
1132,5,lower,0,0,0,0
1132,6,upper,0,0,0,0
1132,6,lower,0,0,0,0
1132,7,upper,0,0,0,0
1132,7,lower,0,0,0,0
1132,8,upper,0,0,0,0
1132,8,lower,0,0,0,0
1133,1,upper,0,0,0,0
1133,1,lower,2,2,-1,0
1133,2,upper,0,0,0,0
1133,2,lower,0,0,0,0
1133,3,upper,0,0,0,0
1133,3,lower,0,0,0,0
1133,4,upper,0,0,0,0
1133,4,lower,0,0,0,0
1133,5,upper,0,0,0,0
1133,5,lower,0,0,0,0
1133,6,upper,0,0,0,0
1133,6,lower,0,0,0,0
1133,7,upper,0,0,0,0
1133,7,lower,0,0,0,0
1133,8,upper,0,0,0,0
1133,8,lower,0,0,0,0
1134,1,upper,0,0,0,0
1134,1,lower,2,2,-1,0
1134,2,upper,0,0,0,0
1134,2,lower,0,0,0,0
1134,3,upper,0,0,0,0
1134,3,lower,0,0,0,0
1134,4,upper,0,0,0,0
1134,4,lower,0,0,0,0
1134,5,upper,0,0,0,0
1134,5,lower,0,0,0,0
1134,6,upper,0,0,0,0
1134,6,lower,0,0,0,0
1134,7,upper,0,0,0,0
1134,7,lower,0,0,0,0
1134,8,upper,0,0,0,0
1134,8,lower,0,0,0,0
1135,1,upper,0,0,0,0
1135,1,lower,2,2,-1,-1
1135,2,upper,0,0,0,0
1135,2,lower,0,0,0,0
1135,3,upper,0,0,0,0
1135,3,lower,0,0,0,0
1135,4,upper,0,0,0,0
1135,4,lower,0,0,0,0
1135,5,upper,0,0,0,0
1135,5,lower,0,0,0,0
1135,6,upper,0,0,0,0
1135,6,lower,0,0,0,0
1135,7,upper,0,0,0,0
1135,7,lower,0,0,0,0
1135,8,upper,0,0,0,0
1135,8,lower,0,0,0,0
1136,1,upper,0,0,0,0
1136,1,lower,2,2,0,-1
1136,2,upper,0,0,0,0
1136,2,lower,0,0,0,0
1136,3,upper,0,0,0,0
1136,3,lower,0,0,0,0
1136,4,upper,0,0,0,0
1136,4,lower,0,0,0,0
1136,5,upper,0,0,0,0
1136,5,lower,0,0,0,0
1136,6,upper,0,0,0,0
1136,6,lower,0,0,0,0
1136,7,upper,0,0,0,0
1136,7,lower,0,0,0,0
1136,8,upper,0,0,0,0
1136,8,lower,0,0,0,0
1137,1,upper,0,0,0,0
1137,1,lower,2,2,-1,0
1137,2,upper,0,0,0,0
1137,2,lower,0,0,0,0
1137,3,upper,0,0,0,0
1137,3,lower,0,0,0,0
1137,4,upper,0,0,0,0
1137,4,lower,0,0,0,0
1137,5,upper,0,0,0,0
1137,5,lower,0,0,0,0
1137,6,upper,0,0,0,0
1137,6,lower,0,0,0,0
1137,7,upper,0,0,0,0
1137,7,lower,0,0,0,0
1137,8,upper,0,0,0,0
1137,8,lower,0,0,0,0
1138,1,upper,0,0,0,0
1138,1,lower,2,2,0,0
1138,2,upper,0,0,0,0
1138,2,lower,0,0,0,0
1138,3,upper,0,0,0,0
1138,3,lower,0,0,0,0
1138,4,upper,0,0,0,0
1138,4,lower,0,0,0,0
1138,5,upper,0,0,0,0
1138,5,lower,0,0,0,0
1138,6,upper,0,0,0,0
1138,6,lower,0,0,0,0
1138,7,upper,0,0,0,0
1138,7,lower,0,0,0,0
1138,8,upper,0,0,0,0
1138,8,lower,0,0,0,0
1139,1,upper,0,0,0,0
1139,1,lower,2,2,-1,-1
1139,2,upper,0,0,0,0
1139,2,lower,0,0,0,0
1139,3,upper,0,0,0,0
1139,3,lower,0,0,0,0
1139,4,upper,0,0,0,0
1139,4,lower,0,0,0,0
1139,5,upper,0,0,0,0
1139,5,lower,0,0,0,0
1139,6,upper,0,0,0,0
1139,6,lower,0,0,0,0
1139,7,upper,0,0,0,0
1139,7,lower,0,0,0,0
1139,8,upper,0,0,0,0
1139,8,lower,0,0,0,0
1140,1,upper,0,0,0,0
1140,1,lower,2,2,-1,-1
1140,2,upper,0,0,0,0
1140,2,lower,0,0,0,0
1140,3,upper,0,0,0,0
1140,3,lower,0,0,0,0
1140,4,upper,0,0,0,0
1140,4,lower,0,0,0,0
1140,5,upper,0,0,0,0
1140,5,lower,0,0,0,0
1140,6,upper,0,0,0,0
1140,6,lower,0,0,0,0
1140,7,upper,0,0,0,0
1140,7,lower,0,0,0,0
1140,8,upper,0,0,0,0
1140,8,lower,0,0,0,0
1141,1,upper,0,0,0,0
1141,1,lower,2,2,0,0
1141,2,upper,0,0,0,0
1141,2,lower,0,0,0,0
1141,3,upper,0,0,0,0
1141,3,lower,0,0,0,0
1141,4,upper,0,0,0,0
1141,4,lower,0,0,0,0
1141,5,upper,0,0,0,0
1141,5,lower,0,0,0,0
1141,6,upper,0,0,0,0
1141,6,lower,0,0,0,0
1141,7,upper,0,0,0,0
1141,7,lower,0,0,0,0
1141,8,upper,0,0,0,0
1141,8,lower,0,0,0,0
1142,1,upper,0,0,0,0
1142,1,lower,2,2,0,0
1142,2,upper,0,0,0,0
1142,2,lower,0,0,0,0
1142,3,upper,0,0,0,0
1142,3,lower,0,0,0,0
1142,4,upper,0,0,0,0
1142,4,lower,0,0,0,0
1142,5,upper,0,0,0,0
1142,5,lower,0,0,0,0
1142,6,upper,0,0,0,0
1142,6,lower,0,0,0,0
1142,7,upper,0,0,0,0
1142,7,lower,0,0,0,0
1142,8,upper,0,0,0,0
1142,8,lower,0,0,0,0
1143,1,upper,0,0,0,0
1143,1,lower,2,2,-1,0
1143,2,upper,0,0,0,0
1143,2,lower,0,0,0,0
1143,3,upper,0,0,0,0
1143,3,lower,0,0,0,0
1143,4,upper,0,0,0,0
1143,4,lower,0,0,0,0
1143,5,upper,0,0,0,0
1143,5,lower,0,0,0,0
1143,6,upper,0,0,0,0
1143,6,lower,0,0,0,0
1143,7,upper,0,0,0,0
1143,7,lower,0,0,0,0
1143,8,upper,0,0,0,0
1143,8,lower,0,0,0,0
1144,1,upper,0,0,0,0
1144,1,lower,2,2,-1,-1
1144,2,upper,0,0,0,0
1144,2,lower,0,0,0,0
1144,3,upper,0,0,0,0
1144,3,lower,0,0,0,0
1144,4,upper,0,0,0,0
1144,4,lower,0,0,0,0
1144,5,upper,0,0,0,0
1144,5,lower,0,0,0,0
1144,6,upper,0,0,0,0
1144,6,lower,0,0,0,0
1144,7,upper,0,0,0,0
1144,7,lower,0,0,0,0
1144,8,upper,0,0,0,0
1144,8,lower,0,0,0,0
1145,1,upper,0,0,0,0
1145,1,lower,2,2,0,-1
1145,2,upper,0,0,0,0
1145,2,lower,0,0,0,0
1145,3,upper,0,0,0,0
1145,3,lower,0,0,0,0
1145,4,upper,0,0,0,0
1145,4,lower,0,0,0,0
1145,5,upper,0,0,0,0
1145,5,lower,0,0,0,0
1145,6,upper,0,0,0,0
1145,6,lower,0,0,0,0
1145,7,upper,0,0,0,0
1145,7,lower,0,0,0,0
1145,8,upper,0,0,0,0
1145,8,lower,0,0,0,0
1146,1,upper,0,0,0,0
1146,1,lower,2,2,0,0
1146,2,upper,0,0,0,0
1146,2,lower,0,0,0,0
1146,3,upper,0,0,0,0
1146,3,lower,0,0,0,0
1146,4,upper,0,0,0,0
1146,4,lower,0,0,0,0
1146,5,upper,0,0,0,0
1146,5,lower,0,0,0,0
1146,6,upper,0,0,0,0
1146,6,lower,0,0,0,0
1146,7,upper,0,0,0,0
1146,7,lower,0,0,0,0
1146,8,upper,0,0,0,0
1146,8,lower,0,0,0,0
1147,1,upper,0,0,0,0
1147,1,lower,2,2,0,-1
1147,2,upper,0,0,0,0
1147,2,lower,0,0,0,0
1147,3,upper,0,0,0,0
1147,3,lower,0,0,0,0
1147,4,upper,0,0,0,0
1147,4,lower,0,0,0,0
1147,5,upper,0,0,0,0
1147,5,lower,0,0,0,0
1147,6,upper,0,0,0,0
1147,6,lower,0,0,0,0
1147,7,upper,0,0,0,0
1147,7,lower,0,0,0,0
1147,8,upper,0,0,0,0
1147,8,lower,0,0,0,0
1148,1,upper,0,0,0,0
1148,1,lower,2,2,-1,-1
1148,2,upper,0,0,0,0
1148,2,lower,0,0,0,0
1148,3,upper,0,0,0,0
1148,3,lower,0,0,0,0
1148,4,upper,0,0,0,0
1148,4,lower,0,0,0,0
1148,5,upper,0,0,0,0
1148,5,lower,0,0,0,0
1148,6,upper,0,0,0,0
1148,6,lower,0,0,0,0
1148,7,upper,0,0,0,0
1148,7,lower,0,0,0,0
1148,8,upper,0,0,0,0
1148,8,lower,0,0,0,0
1149,1,upper,0,0,0,0
1149,1,lower,2,2,-1,-1
1149,2,upper,0,0,0,0
1149,2,lower,0,0,0,0
1149,3,upper,0,0,0,0
1149,3,lower,0,0,0,0
1149,4,upper,0,0,0,0
1149,4,lower,0,0,0,0
1149,5,upper,0,0,0,0
1149,5,lower,0,0,0,0
1149,6,upper,0,0,0,0
1149,6,lower,0,0,0,0
1149,7,upper,0,0,0,0
1149,7,lower,0,0,0,0
1149,8,upper,0,0,0,0
1149,8,lower,0,0,0,0
1150,1,upper,0,0,0,0
1150,1,lower,2,2,0,-1
1150,2,upper,0,0,0,0
1150,2,lower,0,0,0,0
1150,3,upper,0,0,0,0
1150,3,lower,0,0,0,0
1150,4,upper,0,0,0,0
1150,4,lower,0,0,0,0
1150,5,upper,0,0,0,0
1150,5,lower,0,0,0,0
1150,6,upper,0,0,0,0
1150,6,lower,0,0,0,0
1150,7,upper,0,0,0,0
1150,7,lower,0,0,0,0
1150,8,upper,0,0,0,0
1150,8,lower,0,0,0,0
1151,1,upper,0,0,0,0
1151,1,lower,2,2,-1,-1
1151,2,upper,0,0,0,0
1151,2,lower,0,0,0,0
1151,3,upper,0,0,0,0
1151,3,lower,0,0,0,0
1151,4,upper,0,0,0,0
1151,4,lower,0,0,0,0
1151,5,upper,0,0,0,0
1151,5,lower,0,0,0,0
1151,6,upper,0,0,0,0
1151,6,lower,0,0,0,0
1151,7,upper,0,0,0,0
1151,7,lower,0,0,0,0
1151,8,upper,0,0,0,0
1151,8,lower,0,0,0,0
1152,1,upper,0,0,0,0
1152,1,lower,0,0,0,0
1152,2,upper,0,0,0,0
1152,2,lower,0,0,0,0
1152,3,upper,0,0,0,0
1152,3,lower,0,0,0,0
1152,4,upper,0,0,0,0
1152,4,lower,0,0,0,0
1152,5,upper,0,0,0,0
1152,5,lower,0,0,0,0
1152,6,upper,0,0,0,0
1152,6,lower,0,0,0,0
1152,7,upper,0,0,0,0
1152,7,lower,0,0,0,0
1152,8,upper,0,0,0,0
1152,8,lower,0,0,0,0
1153,1,upper,0,0,0,0
1153,1,lower,0,0,0,0
1153,2,upper,0,0,0,0
1153,2,lower,0,0,0,0
1153,3,upper,0,0,0,0
1153,3,lower,0,0,0,0
1153,4,upper,0,0,0,0
1153,4,lower,0,0,0,0
1153,5,upper,0,0,0,0
1153,5,lower,0,0,0,0
1153,6,upper,0,0,0,0
1153,6,lower,0,0,0,0
1153,7,upper,0,0,0,0
1153,7,lower,0,0,0,0
1153,8,upper,0,0,0,0
1153,8,lower,0,0,0,0
1154,1,upper,0,0,0,0
1154,1,lower,0,0,0,0
1154,2,upper,0,0,0,0
1154,2,lower,2,2,-1,0
1154,3,upper,0,0,0,0
1154,3,lower,0,0,0,0
1154,4,upper,0,0,0,0
1154,4,lower,0,0,0,0
1154,5,upper,0,0,0,0
1154,5,lower,0,0,0,0
1154,6,upper,0,0,0,0
1154,6,lower,0,0,0,0
1154,7,upper,0,0,0,0
1154,7,lower,0,0,0,0
1154,8,upper,0,0,0,0
1154,8,lower,0,0,0,0
1155,1,upper,0,0,0,0
1155,1,lower,0,0,0,0
1155,2,upper,0,0,0,0
1155,2,lower,2,2,-1,-1
1155,3,upper,0,0,0,0
1155,3,lower,0,0,0,0
1155,4,upper,0,0,0,0
1155,4,lower,0,0,0,0
1155,5,upper,0,0,0,0
1155,5,lower,0,0,0,0
1155,6,upper,0,0,0,0
1155,6,lower,0,0,0,0
1155,7,upper,0,0,0,0
1155,7,lower,0,0,0,0
1155,8,upper,0,0,0,0
1155,8,lower,0,0,0,0
1156,1,upper,0,0,0,0
1156,1,lower,0,0,0,0
1156,2,upper,0,0,0,0
1156,2,lower,2,2,0,0
1156,3,upper,0,0,0,0
1156,3,lower,0,0,0,0
1156,4,upper,0,0,0,0
1156,4,lower,0,0,0,0
1156,5,upper,0,0,0,0
1156,5,lower,0,0,0,0
1156,6,upper,0,0,0,0
1156,6,lower,0,0,0,0
1156,7,upper,0,0,0,0
1156,7,lower,0,0,0,0
1156,8,upper,0,0,0,0
1156,8,lower,0,0,0,0
1157,1,upper,0,0,0,0
1157,1,lower,0,0,0,0
1157,2,upper,0,0,0,0
1157,2,lower,2,2,-1,-1
1157,3,upper,0,0,0,0
1157,3,lower,0,0,0,0
1157,4,upper,0,0,0,0
1157,4,lower,0,0,0,0
1157,5,upper,0,0,0,0
1157,5,lower,0,0,0,0
1157,6,upper,0,0,0,0
1157,6,lower,0,0,0,0
1157,7,upper,0,0,0,0
1157,7,lower,0,0,0,0
1157,8,upper,0,0,0,0
1157,8,lower,0,0,0,0
1158,1,upper,0,0,0,0
1158,1,lower,0,0,0,0
1158,2,upper,0,0,0,0
1158,2,lower,2,2,0,0
1158,3,upper,0,0,0,0
1158,3,lower,0,0,0,0
1158,4,upper,0,0,0,0
1158,4,lower,0,0,0,0
1158,5,upper,0,0,0,0
1158,5,lower,0,0,0,0
1158,6,upper,0,0,0,0
1158,6,lower,0,0,0,0
1158,7,upper,0,0,0,0
1158,7,lower,0,0,0,0
1158,8,upper,0,0,0,0
1158,8,lower,0,0,0,0
1159,1,upper,0,0,0,0
1159,1,lower,0,0,0,0
1159,2,upper,0,0,0,0
1159,2,lower,2,2,-1,-1
1159,3,upper,0,0,0,0
1159,3,lower,0,0,0,0
1159,4,upper,0,0,0,0
1159,4,lower,0,0,0,0
1159,5,upper,0,0,0,0
1159,5,lower,0,0,0,0
1159,6,upper,0,0,0,0
1159,6,lower,0,0,0,0
1159,7,upper,0,0,0,0
1159,7,lower,0,0,0,0
1159,8,upper,0,0,0,0
1159,8,lower,0,0,0,0
1160,1,upper,0,0,0,0
1160,1,lower,0,0,0,0
1160,2,upper,0,0,0,0
1160,2,lower,2,2,0,0
1160,3,upper,0,0,0,0
1160,3,lower,0,0,0,0
1160,4,upper,0,0,0,0
1160,4,lower,0,0,0,0
1160,5,upper,0,0,0,0
1160,5,lower,0,0,0,0
1160,6,upper,0,0,0,0
1160,6,lower,0,0,0,0
1160,7,upper,0,0,0,0
1160,7,lower,0,0,0,0
1160,8,upper,0,0,0,0
1160,8,lower,0,0,0,0
1161,1,upper,0,0,0,0
1161,1,lower,0,0,0,0
1161,2,upper,0,0,0,0
1161,2,lower,2,2,-1,0
1161,3,upper,0,0,0,0
1161,3,lower,0,0,0,0
1161,4,upper,0,0,0,0
1161,4,lower,0,0,0,0
1161,5,upper,0,0,0,0
1161,5,lower,0,0,0,0
1161,6,upper,0,0,0,0
1161,6,lower,0,0,0,0
1161,7,upper,0,0,0,0
1161,7,lower,0,0,0,0
1161,8,upper,0,0,0,0
1161,8,lower,0,0,0,0
1162,1,upper,0,0,0,0
1162,1,lower,0,0,0,0
1162,2,upper,0,0,0,0
1162,2,lower,2,2,0,-1
1162,3,upper,0,0,0,0
1162,3,lower,0,0,0,0
1162,4,upper,0,0,0,0
1162,4,lower,0,0,0,0
1162,5,upper,0,0,0,0
1162,5,lower,0,0,0,0
1162,6,upper,0,0,0,0
1162,6,lower,0,0,0,0
1162,7,upper,0,0,0,0
1162,7,lower,0,0,0,0
1162,8,upper,0,0,0,0
1162,8,lower,0,0,0,0
1163,1,upper,0,0,0,0
1163,1,lower,0,0,0,0
1163,2,upper,0,0,0,0
1163,2,lower,2,2,0,-1
1163,3,upper,0,0,0,0
1163,3,lower,0,0,0,0
1163,4,upper,0,0,0,0
1163,4,lower,0,0,0,0
1163,5,upper,0,0,0,0
1163,5,lower,0,0,0,0
1163,6,upper,0,0,0,0
1163,6,lower,0,0,0,0
1163,7,upper,0,0,0,0
1163,7,lower,0,0,0,0
1163,8,upper,0,0,0,0
1163,8,lower,0,0,0,0
1164,1,upper,0,0,0,0
1164,1,lower,0,0,0,0
1164,2,upper,0,0,0,0
1164,2,lower,2,2,-1,0
1164,3,upper,0,0,0,0
1164,3,lower,0,0,0,0
1164,4,upper,0,0,0,0
1164,4,lower,0,0,0,0
1164,5,upper,0,0,0,0
1164,5,lower,0,0,0,0
1164,6,upper,0,0,0,0
1164,6,lower,0,0,0,0
1164,7,upper,0,0,0,0
1164,7,lower,0,0,0,0
1164,8,upper,0,0,0,0
1164,8,lower,0,0,0,0
1165,1,upper,0,0,0,0
1165,1,lower,0,0,0,0
1165,2,upper,0,0,0,0
1165,2,lower,2,2,-1,-1
1165,3,upper,0,0,0,0
1165,3,lower,0,0,0,0
1165,4,upper,0,0,0,0
1165,4,lower,0,0,0,0
1165,5,upper,0,0,0,0
1165,5,lower,0,0,0,0
1165,6,upper,0,0,0,0
1165,6,lower,0,0,0,0
1165,7,upper,0,0,0,0
1165,7,lower,0,0,0,0
1165,8,upper,0,0,0,0
1165,8,lower,0,0,0,0
1166,1,upper,0,0,0,0
1166,1,lower,0,0,0,0
1166,2,upper,0,0,0,0
1166,2,lower,2,2,-1,0
1166,3,upper,0,0,0,0
1166,3,lower,0,0,0,0
1166,4,upper,0,0,0,0
1166,4,lower,0,0,0,0
1166,5,upper,0,0,0,0
1166,5,lower,0,0,0,0
1166,6,upper,0,0,0,0
1166,6,lower,0,0,0,0
1166,7,upper,0,0,0,0
1166,7,lower,0,0,0,0
1166,8,upper,0,0,0,0
1166,8,lower,0,0,0,0
1167,1,upper,0,0,0,0
1167,1,lower,0,0,0,0
1167,2,upper,0,0,0,0
1167,2,lower,2,2,-1,-1
1167,3,upper,0,0,0,0
1167,3,lower,0,0,0,0
1167,4,upper,0,0,0,0
1167,4,lower,0,0,0,0
1167,5,upper,0,0,0,0
1167,5,lower,0,0,0,0
1167,6,upper,0,0,0,0
1167,6,lower,0,0,0,0
1167,7,upper,0,0,0,0
1167,7,lower,0,0,0,0
1167,8,upper,0,0,0,0
1167,8,lower,0,0,0,0
1168,1,upper,0,0,0,0
1168,1,lower,0,0,0,0
1168,2,upper,0,0,0,0
1168,2,lower,2,2,0,0
1168,3,upper,0,0,0,0
1168,3,lower,0,0,0,0
1168,4,upper,0,0,0,0
1168,4,lower,0,0,0,0
1168,5,upper,0,0,0,0
1168,5,lower,0,0,0,0
1168,6,upper,0,0,0,0
1168,6,lower,0,0,0,0
1168,7,upper,0,0,0,0
1168,7,lower,0,0,0,0
1168,8,upper,0,0,0,0
1168,8,lower,0,0,0,0
1169,1,upper,0,0,0,0
1169,1,lower,0,0,0,0
1169,2,upper,0,0,0,0
1169,2,lower,1,1,0,1
1169,3,upper,0,0,0,0
1169,3,lower,0,0,0,0
1169,4,upper,0,0,0,0
1169,4,lower,0,0,0,0
1169,5,upper,0,0,0,0
1169,5,lower,0,0,0,0
1169,6,upper,0,0,0,0
1169,6,lower,0,0,0,0
1169,7,upper,0,0,0,0
1169,7,lower,0,0,0,0
1169,8,upper,0,0,0,0
1169,8,lower,0,0,0,0
1170,1,upper,0,0,0,0
1170,1,lower,0,0,0,0
1170,2,upper,0,0,0,0
1170,2,lower,2,2,-1,0
1170,3,upper,0,0,0,0
1170,3,lower,0,0,0,0
1170,4,upper,0,0,0,0
1170,4,lower,0,0,0,0
1170,5,upper,0,0,0,0
1170,5,lower,0,0,0,0
1170,6,upper,0,0,0,0
1170,6,lower,0,0,0,0
1170,7,upper,0,0,0,0
1170,7,lower,0,0,0,0
1170,8,upper,0,0,0,0
1170,8,lower,0,0,0,0
1171,1,upper,0,0,0,0
1171,1,lower,0,0,0,0
1171,2,upper,0,0,0,0
1171,2,lower,2,2,0,-1
1171,3,upper,0,0,0,0
1171,3,lower,0,0,0,0
1171,4,upper,0,0,0,0
1171,4,lower,0,0,0,0
1171,5,upper,0,0,0,0
1171,5,lower,0,0,0,0
1171,6,upper,0,0,0,0
1171,6,lower,0,0,0,0
1171,7,upper,0,0,0,0
1171,7,lower,0,0,0,0
1171,8,upper,0,0,0,0
1171,8,lower,0,0,0,0
1172,1,upper,0,0,0,0
1172,1,lower,0,0,0,0
1172,2,upper,0,0,0,0
1172,2,lower,2,2,0,0
1172,3,upper,0,0,0,0
1172,3,lower,0,0,0,0
1172,4,upper,0,0,0,0
1172,4,lower,0,0,0,0
1172,5,upper,0,0,0,0
1172,5,lower,0,0,0,0
1172,6,upper,0,0,0,0
1172,6,lower,0,0,0,0
1172,7,upper,0,0,0,0
1172,7,lower,0,0,0,0
1172,8,upper,0,0,0,0
1172,8,lower,0,0,0,0
1173,1,upper,0,0,0,0
1173,1,lower,0,0,0,0
1173,2,upper,0,0,0,0
1173,2,lower,2,2,0,-1
1173,3,upper,0,0,0,0
1173,3,lower,0,0,0,0
1173,4,upper,0,0,0,0
1173,4,lower,0,0,0,0
1173,5,upper,0,0,0,0
1173,5,lower,0,0,0,0
1173,6,upper,0,0,0,0
1173,6,lower,0,0,0,0
1173,7,upper,0,0,0,0
1173,7,lower,0,0,0,0
1173,8,upper,0,0,0,0
1173,8,lower,0,0,0,0
1174,1,upper,0,0,0,0
1174,1,lower,0,0,0,0
1174,2,upper,0,0,0,0
1174,2,lower,2,2,0,0
1174,3,upper,0,0,0,0
1174,3,lower,0,0,0,0
1174,4,upper,0,0,0,0
1174,4,lower,0,0,0,0
1174,5,upper,0,0,0,0
1174,5,lower,0,0,0,0
1174,6,upper,0,0,0,0
1174,6,lower,0,0,0,0
1174,7,upper,0,0,0,0
1174,7,lower,0,0,0,0
1174,8,upper,0,0,0,0
1174,8,lower,0,0,0,0
1175,1,upper,0,0,0,0
1175,1,lower,0,0,0,0
1175,2,upper,0,0,0,0
1175,2,lower,2,2,-1,-1
1175,3,upper,0,0,0,0
1175,3,lower,0,0,0,0
1175,4,upper,0,0,0,0
1175,4,lower,0,0,0,0
1175,5,upper,0,0,0,0
1175,5,lower,0,0,0,0
1175,6,upper,0,0,0,0
1175,6,lower,0,0,0,0
1175,7,upper,0,0,0,0
1175,7,lower,0,0,0,0
1175,8,upper,0,0,0,0
1175,8,lower,0,0,0,0
1176,1,upper,0,0,0,0
1176,1,lower,0,0,0,0
1176,2,upper,0,0,0,0
1176,2,lower,2,2,-1,-1
1176,3,upper,0,0,0,0
1176,3,lower,0,0,0,0
1176,4,upper,0,0,0,0
1176,4,lower,0,0,0,0
1176,5,upper,0,0,0,0
1176,5,lower,0,0,0,0
1176,6,upper,0,0,0,0
1176,6,lower,0,0,0,0
1176,7,upper,0,0,0,0
1176,7,lower,0,0,0,0
1176,8,upper,0,0,0,0
1176,8,lower,0,0,0,0
1177,1,upper,0,0,0,0
1177,1,lower,0,0,0,0
1177,2,upper,0,0,0,0
1177,2,lower,2,2,0,0
1177,3,upper,0,0,0,0
1177,3,lower,0,0,0,0
1177,4,upper,0,0,0,0
1177,4,lower,0,0,0,0
1177,5,upper,0,0,0,0
1177,5,lower,0,0,0,0
1177,6,upper,0,0,0,0
1177,6,lower,0,0,0,0
1177,7,upper,0,0,0,0
1177,7,lower,0,0,0,0
1177,8,upper,0,0,0,0
1177,8,lower,0,0,0,0
1178,1,upper,0,0,0,0
1178,1,lower,0,0,0,0
1178,2,upper,0,0,0,0
1178,2,lower,2,2,-1,0
1178,3,upper,0,0,0,0
1178,3,lower,0,0,0,0
1178,4,upper,0,0,0,0
1178,4,lower,0,0,0,0
1178,5,upper,0,0,0,0
1178,5,lower,0,0,0,0
1178,6,upper,0,0,0,0
1178,6,lower,0,0,0,0
1178,7,upper,0,0,0,0
1178,7,lower,0,0,0,0
1178,8,upper,0,0,0,0
1178,8,lower,0,0,0,0
1179,1,upper,0,0,0,0
1179,1,lower,0,0,0,0
1179,2,upper,0,0,0,0
1179,2,lower,2,2,0,-1
1179,3,upper,0,0,0,0
1179,3,lower,0,0,0,0
1179,4,upper,0,0,0,0
1179,4,lower,0,0,0,0
1179,5,upper,0,0,0,0
1179,5,lower,0,0,0,0
1179,6,upper,0,0,0,0
1179,6,lower,0,0,0,0
1179,7,upper,0,0,0,0
1179,7,lower,0,0,0,0
1179,8,upper,0,0,0,0
1179,8,lower,0,0,0,0
1180,1,upper,0,0,0,0
1180,1,lower,0,0,0,0
1180,2,upper,0,0,0,0
1180,2,lower,2,2,-1,0
1180,3,upper,0,0,0,0
1180,3,lower,0,0,0,0
1180,4,upper,0,0,0,0
1180,4,lower,0,0,0,0
1180,5,upper,0,0,0,0
1180,5,lower,0,0,0,0
1180,6,upper,0,0,0,0
1180,6,lower,0,0,0,0
1180,7,upper,0,0,0,0
1180,7,lower,0,0,0,0
1180,8,upper,0,0,0,0
1180,8,lower,0,0,0,0
1181,1,upper,0,0,0,0
1181,1,lower,0,0,0,0
1181,2,upper,0,0,0,0
1181,2,lower,2,2,0,-1
1181,3,upper,0,0,0,0
1181,3,lower,0,0,0,0
1181,4,upper,0,0,0,0
1181,4,lower,0,0,0,0
1181,5,upper,0,0,0,0
1181,5,lower,0,0,0,0
1181,6,upper,0,0,0,0
1181,6,lower,0,0,0,0
1181,7,upper,0,0,0,0
1181,7,lower,0,0,0,0
1181,8,upper,0,0,0,0
1181,8,lower,0,0,0,0
1182,1,upper,0,0,0,0
1182,1,lower,0,0,0,0
1182,2,upper,0,0,0,0
1182,2,lower,2,2,-1,0
1182,3,upper,0,0,0,0
1182,3,lower,0,0,0,0
1182,4,upper,0,0,0,0
1182,4,lower,0,0,0,0
1182,5,upper,0,0,0,0
1182,5,lower,0,0,0,0
1182,6,upper,0,0,0,0
1182,6,lower,0,0,0,0
1182,7,upper,0,0,0,0
1182,7,lower,0,0,0,0
1182,8,upper,0,0,0,0
1182,8,lower,0,0,0,0
1183,1,upper,0,0,0,0
1183,1,lower,0,0,0,0
1183,2,upper,0,0,0,0
1183,2,lower,2,2,0,-1
1183,3,upper,0,0,0,0
1183,3,lower,0,0,0,0
1183,4,upper,0,0,0,0
1183,4,lower,0,0,0,0
1183,5,upper,0,0,0,0
1183,5,lower,0,0,0,0
1183,6,upper,0,0,0,0
1183,6,lower,0,0,0,0
1183,7,upper,0,0,0,0
1183,7,lower,0,0,0,0
1183,8,upper,0,0,0,0
1183,8,lower,0,0,0,0
1184,1,upper,0,0,0,0
1184,1,lower,0,0,0,0
1184,2,upper,0,0,0,0
1184,2,lower,2,2,0,0
1184,3,upper,0,0,0,0
1184,3,lower,0,0,0,0
1184,4,upper,0,0,0,0
1184,4,lower,0,0,0,0
1184,5,upper,0,0,0,0
1184,5,lower,0,0,0,0
1184,6,upper,0,0,0,0
1184,6,lower,0,0,0,0
1184,7,upper,0,0,0,0
1184,7,lower,0,0,0,0
1184,8,upper,0,0,0,0
1184,8,lower,0,0,0,0
1185,1,upper,0,0,0,0
1185,1,lower,0,0,0,0
1185,2,upper,0,0,0,0
1185,2,lower,0,0,0,0
1185,3,upper,0,0,0,0
1185,3,lower,0,0,0,0
1185,4,upper,0,0,0,0
1185,4,lower,0,0,0,0
1185,5,upper,0,0,0,0
1185,5,lower,0,0,0,0
1185,6,upper,0,0,0,0
1185,6,lower,0,0,0,0
1185,7,upper,0,0,0,0
1185,7,lower,0,0,0,0
1185,8,upper,0,0,0,0
1185,8,lower,0,0,0,0
1186,1,upper,0,0,0,0
1186,1,lower,0,0,0,0
1186,2,upper,0,0,0,0
1186,2,lower,2,2,0,0
1186,3,upper,0,0,0,0
1186,3,lower,0,0,0,0
1186,4,upper,0,0,0,0
1186,4,lower,0,0,0,0
1186,5,upper,0,0,0,0
1186,5,lower,0,0,0,0
1186,6,upper,0,0,0,0
1186,6,lower,0,0,0,0
1186,7,upper,0,0,0,0
1186,7,lower,0,0,0,0
1186,8,upper,0,0,0,0
1186,8,lower,0,0,0,0
1187,1,upper,0,0,0,0
1187,1,lower,0,0,0,0
1187,2,upper,0,0,0,0
1187,2,lower,2,2,-1,0
1187,3,upper,0,0,0,0
1187,3,lower,0,0,0,0
1187,4,upper,0,0,0,0
1187,4,lower,0,0,0,0
1187,5,upper,0,0,0,0
1187,5,lower,0,0,0,0
1187,6,upper,0,0,0,0
1187,6,lower,0,0,0,0
1187,7,upper,0,0,0,0
1187,7,lower,0,0,0,0
1187,8,upper,0,0,0,0
1187,8,lower,0,0,0,0
1188,1,upper,0,0,0,0
1188,1,lower,0,0,0,0
1188,2,upper,0,0,0,0
1188,2,lower,2,2,0,-1
1188,3,upper,0,0,0,0
1188,3,lower,0,0,0,0
1188,4,upper,0,0,0,0
1188,4,lower,0,0,0,0
1188,5,upper,0,0,0,0
1188,5,lower,0,0,0,0
1188,6,upper,0,0,0,0
1188,6,lower,0,0,0,0
1188,7,upper,0,0,0,0
1188,7,lower,0,0,0,0
1188,8,upper,0,0,0,0
1188,8,lower,0,0,0,0
1189,1,upper,0,0,0,0
1189,1,lower,0,0,0,0
1189,2,upper,0,0,0,0
1189,2,lower,2,2,-1,0
1189,3,upper,0,0,0,0
1189,3,lower,0,0,0,0
1189,4,upper,0,0,0,0
1189,4,lower,0,0,0,0
1189,5,upper,0,0,0,0
1189,5,lower,0,0,0,0
1189,6,upper,0,0,0,0
1189,6,lower,0,0,0,0
1189,7,upper,0,0,0,0
1189,7,lower,0,0,0,0
1189,8,upper,0,0,0,0
1189,8,lower,0,0,0,0
1190,1,upper,0,0,0,0
1190,1,lower,0,0,0,0
1190,2,upper,0,0,0,0
1190,2,lower,2,2,0,-1
1190,3,upper,0,0,0,0
1190,3,lower,0,0,0,0
1190,4,upper,0,0,0,0
1190,4,lower,0,0,0,0
1190,5,upper,0,0,0,0
1190,5,lower,0,0,0,0
1190,6,upper,0,0,0,0
1190,6,lower,0,0,0,0
1190,7,upper,0,0,0,0
1190,7,lower,0,0,0,0
1190,8,upper,0,0,0,0
1190,8,lower,0,0,0,0
1191,1,upper,0,0,0,0
1191,1,lower,0,0,0,0
1191,2,upper,0,0,0,0
1191,2,lower,2,2,-1,0
1191,3,upper,0,0,0,0
1191,3,lower,0,0,0,0
1191,4,upper,0,0,0,0
1191,4,lower,0,0,0,0
1191,5,upper,0,0,0,0
1191,5,lower,0,0,0,0
1191,6,upper,0,0,0,0
1191,6,lower,0,0,0,0
1191,7,upper,0,0,0,0
1191,7,lower,0,0,0,0
1191,8,upper,0,0,0,0
1191,8,lower,0,0,0,0
1192,1,upper,0,0,0,0
1192,1,lower,0,0,0,0
1192,2,upper,0,0,0,0
1192,2,lower,2,2,0,-1
1192,3,upper,0,0,0,0
1192,3,lower,0,0,0,0
1192,4,upper,0,0,0,0
1192,4,lower,0,0,0,0
1192,5,upper,0,0,0,0
1192,5,lower,0,0,0,0
1192,6,upper,0,0,0,0
1192,6,lower,0,0,0,0
1192,7,upper,0,0,0,0
1192,7,lower,0,0,0,0
1192,8,upper,0,0,0,0
1192,8,lower,0,0,0,0
1193,1,upper,0,0,0,0
1193,1,lower,0,0,0,0
1193,2,upper,0,0,0,0
1193,2,lower,2,2,0,0
1193,3,upper,0,0,0,0
1193,3,lower,0,0,0,0
1193,4,upper,0,0,0,0
1193,4,lower,0,0,0,0
1193,5,upper,0,0,0,0
1193,5,lower,0,0,0,0
1193,6,upper,0,0,0,0
1193,6,lower,0,0,0,0
1193,7,upper,0,0,0,0
1193,7,lower,0,0,0,0
1193,8,upper,0,0,0,0
1193,8,lower,0,0,0,0
1194,1,upper,0,0,0,0
1194,1,lower,0,0,0,0
1194,2,upper,0,0,0,0
1194,2,lower,2,2,-1,-1
1194,3,upper,0,0,0,0
1194,3,lower,0,0,0,0
1194,4,upper,0,0,0,0
1194,4,lower,0,0,0,0
1194,5,upper,0,0,0,0
1194,5,lower,0,0,0,0
1194,6,upper,0,0,0,0
1194,6,lower,0,0,0,0
1194,7,upper,0,0,0,0
1194,7,lower,0,0,0,0
1194,8,upper,0,0,0,0
1194,8,lower,0,0,0,0
1195,1,upper,0,0,0,0
1195,1,lower,0,0,0,0
1195,2,upper,0,0,0,0
1195,2,lower,2,2,-1,-1
1195,3,upper,0,0,0,0
1195,3,lower,0,0,0,0
1195,4,upper,0,0,0,0
1195,4,lower,0,0,0,0
1195,5,upper,0,0,0,0
1195,5,lower,0,0,0,0
1195,6,upper,0,0,0,0
1195,6,lower,0,0,0,0
1195,7,upper,0,0,0,0
1195,7,lower,0,0,0,0
1195,8,upper,0,0,0,0
1195,8,lower,0,0,0,0
1196,1,upper,0,0,0,0
1196,1,lower,0,0,0,0
1196,2,upper,0,0,0,0
1196,2,lower,2,2,0,0
1196,3,upper,0,0,0,0
1196,3,lower,0,0,0,0
1196,4,upper,0,0,0,0
1196,4,lower,0,0,0,0
1196,5,upper,0,0,0,0
1196,5,lower,0,0,0,0
1196,6,upper,0,0,0,0
1196,6,lower,0,0,0,0
1196,7,upper,0,0,0,0
1196,7,lower,0,0,0,0
1196,8,upper,0,0,0,0
1196,8,lower,0,0,0,0
1197,1,upper,0,0,0,0
1197,1,lower,0,0,0,0
1197,2,upper,0,0,0,0
1197,2,lower,2,2,-1,0
1197,3,upper,0,0,0,0
1197,3,lower,0,0,0,0
1197,4,upper,0,0,0,0
1197,4,lower,0,0,0,0
1197,5,upper,0,0,0,0
1197,5,lower,0,0,0,0
1197,6,upper,0,0,0,0
1197,6,lower,0,0,0,0
1197,7,upper,0,0,0,0
1197,7,lower,0,0,0,0
1197,8,upper,0,0,0,0
1197,8,lower,0,0,0,0
1198,1,upper,0,0,0,0
1198,1,lower,0,0,0,0
1198,2,upper,0,0,0,0
1198,2,lower,2,2,0,0
1198,3,upper,0,0,0,0
1198,3,lower,0,0,0,0
1198,4,upper,0,0,0,0
1198,4,lower,0,0,0,0
1198,5,upper,0,0,0,0
1198,5,lower,0,0,0,0
1198,6,upper,0,0,0,0
1198,6,lower,0,0,0,0
1198,7,upper,0,0,0,0
1198,7,lower,0,0,0,0
1198,8,upper,0,0,0,0
1198,8,lower,0,0,0,0
1199,1,upper,0,0,0,0
1199,1,lower,0,0,0,0
1199,2,upper,0,0,0,0
1199,2,lower,2,2,-1,0
1199,3,upper,0,0,0,0
1199,3,lower,0,0,0,0
1199,4,upper,0,0,0,0
1199,4,lower,0,0,0,0
1199,5,upper,0,0,0,0
1199,5,lower,0,0,0,0
1199,6,upper,0,0,0,0
1199,6,lower,0,0,0,0
1199,7,upper,0,0,0,0
1199,7,lower,0,0,0,0
1199,8,upper,0,0,0,0
1199,8,lower,0,0,0,0
1200,1,upper,0,0,0,0
1200,1,lower,0,0,0,0
1200,2,upper,0,0,0,0
1200,2,lower,2,2,0,-1
1200,3,upper,0,0,0,0
1200,3,lower,0,0,0,0
1200,4,upper,0,0,0,0
1200,4,lower,0,0,0,0
1200,5,upper,0,0,0,0
1200,5,lower,0,0,0,0
1200,6,upper,0,0,0,0
1200,6,lower,0,0,0,0
1200,7,upper,0,0,0,0
1200,7,lower,0,0,0,0
1200,8,upper,0,0,0,0
1200,8,lower,0,0,0,0
1201,1,upper,0,0,0,0
1201,1,lower,0,0,0,0
1201,2,upper,0,0,0,0
1201,2,lower,1,1,0,-1
1201,3,upper,0,0,0,0
1201,3,lower,0,0,0,0
1201,4,upper,0,0,0,0
1201,4,lower,0,0,0,0
1201,5,upper,0,0,0,0
1201,5,lower,0,0,0,0
1201,6,upper,0,0,0,0
1201,6,lower,0,0,0,0
1201,7,upper,0,0,0,0
1201,7,lower,0,0,0,0
1201,8,upper,0,0,0,0
1201,8,lower,0,0,0,0
1202,1,upper,0,0,0,0
1202,1,lower,0,0,0,0
1202,2,upper,0,0,0,0
1202,2,lower,2,2,0,0
1202,3,upper,0,0,0,0
1202,3,lower,0,0,0,0
1202,4,upper,0,0,0,0
1202,4,lower,0,0,0,0
1202,5,upper,0,0,0,0
1202,5,lower,0,0,0,0
1202,6,upper,0,0,0,0
1202,6,lower,0,0,0,0
1202,7,upper,0,0,0,0
1202,7,lower,0,0,0,0
1202,8,upper,0,0,0,0
1202,8,lower,0,0,0,0
1203,1,upper,0,0,0,0
1203,1,lower,0,0,0,0
1203,2,upper,0,0,0,0
1203,2,lower,2,2,-1,-1
1203,3,upper,0,0,0,0
1203,3,lower,0,0,0,0
1203,4,upper,0,0,0,0
1203,4,lower,0,0,0,0
1203,5,upper,0,0,0,0
1203,5,lower,0,0,0,0
1203,6,upper,0,0,0,0
1203,6,lower,0,0,0,0
1203,7,upper,0,0,0,0
1203,7,lower,0,0,0,0
1203,8,upper,0,0,0,0
1203,8,lower,0,0,0,0
1204,1,upper,0,0,0,0
1204,1,lower,0,0,0,0
1204,2,upper,0,0,0,0
1204,2,lower,2,2,0,-1
1204,3,upper,0,0,0,0
1204,3,lower,0,0,0,0
1204,4,upper,0,0,0,0
1204,4,lower,0,0,0,0
1204,5,upper,0,0,0,0
1204,5,lower,0,0,0,0
1204,6,upper,0,0,0,0
1204,6,lower,0,0,0,0
1204,7,upper,0,0,0,0
1204,7,lower,0,0,0,0
1204,8,upper,0,0,0,0
1204,8,lower,0,0,0,0
1205,1,upper,0,0,0,0
1205,1,lower,0,0,0,0
1205,2,upper,0,0,0,0
1205,2,lower,2,2,-1,-1
1205,3,upper,0,0,0,0
1205,3,lower,0,0,0,0
1205,4,upper,0,0,0,0
1205,4,lower,0,0,0,0
1205,5,upper,0,0,0,0
1205,5,lower,0,0,0,0
1205,6,upper,0,0,0,0
1205,6,lower,0,0,0,0
1205,7,upper,0,0,0,0
1205,7,lower,0,0,0,0
1205,8,upper,0,0,0,0
1205,8,lower,0,0,0,0
1206,1,upper,0,0,0,0
1206,1,lower,0,0,0,0
1206,2,upper,0,0,0,0
1206,2,lower,2,2,0,-1
1206,3,upper,0,0,0,0
1206,3,lower,0,0,0,0
1206,4,upper,0,0,0,0
1206,4,lower,0,0,0,0
1206,5,upper,0,0,0,0
1206,5,lower,0,0,0,0
1206,6,upper,0,0,0,0
1206,6,lower,0,0,0,0
1206,7,upper,0,0,0,0
1206,7,lower,0,0,0,0
1206,8,upper,0,0,0,0
1206,8,lower,0,0,0,0
1207,1,upper,0,0,0,0
1207,1,lower,0,0,0,0
1207,2,upper,0,0,0,0
1207,2,lower,2,2,-1,0
1207,3,upper,0,0,0,0
1207,3,lower,0,0,0,0
1207,4,upper,0,0,0,0
1207,4,lower,0,0,0,0
1207,5,upper,0,0,0,0
1207,5,lower,0,0,0,0
1207,6,upper,0,0,0,0
1207,6,lower,0,0,0,0
1207,7,upper,0,0,0,0
1207,7,lower,0,0,0,0
1207,8,upper,0,0,0,0
1207,8,lower,0,0,0,0
1208,1,upper,0,0,0,0
1208,1,lower,0,0,0,0
1208,2,upper,0,0,0,0
1208,2,lower,2,2,-1,0
1208,3,upper,0,0,0,0
1208,3,lower,0,0,0,0
1208,4,upper,0,0,0,0
1208,4,lower,0,0,0,0
1208,5,upper,0,0,0,0
1208,5,lower,0,0,0,0
1208,6,upper,0,0,0,0
1208,6,lower,0,0,0,0
1208,7,upper,0,0,0,0
1208,7,lower,0,0,0,0
1208,8,upper,0,0,0,0
1208,8,lower,0,0,0,0
1209,1,upper,0,0,0,0
1209,1,lower,0,0,0,0
1209,2,upper,0,0,0,0
1209,2,lower,2,2,0,-1
1209,3,upper,0,0,0,0
1209,3,lower,0,0,0,0
1209,4,upper,0,0,0,0
1209,4,lower,0,0,0,0
1209,5,upper,0,0,0,0
1209,5,lower,0,0,0,0
1209,6,upper,0,0,0,0
1209,6,lower,0,0,0,0
1209,7,upper,0,0,0,0
1209,7,lower,0,0,0,0
1209,8,upper,0,0,0,0
1209,8,lower,0,0,0,0
1210,1,upper,0,0,0,0
1210,1,lower,0,0,0,0
1210,2,upper,0,0,0,0
1210,2,lower,2,2,0,0
1210,3,upper,0,0,0,0
1210,3,lower,0,0,0,0
1210,4,upper,0,0,0,0
1210,4,lower,0,0,0,0
1210,5,upper,0,0,0,0
1210,5,lower,0,0,0,0
1210,6,upper,0,0,0,0
1210,6,lower,0,0,0,0
1210,7,upper,0,0,0,0
1210,7,lower,0,0,0,0
1210,8,upper,0,0,0,0
1210,8,lower,0,0,0,0
1211,1,upper,0,0,0,0
1211,1,lower,0,0,0,0
1211,2,upper,0,0,0,0
1211,2,lower,2,2,-1,-1
1211,3,upper,0,0,0,0
1211,3,lower,0,0,0,0
1211,4,upper,0,0,0,0
1211,4,lower,0,0,0,0
1211,5,upper,0,0,0,0
1211,5,lower,0,0,0,0
1211,6,upper,0,0,0,0
1211,6,lower,0,0,0,0
1211,7,upper,0,0,0,0
1211,7,lower,0,0,0,0
1211,8,upper,0,0,0,0
1211,8,lower,0,0,0,0
1212,1,upper,0,0,0,0
1212,1,lower,0,0,0,0
1212,2,upper,0,0,0,0
1212,2,lower,2,2,0,0
1212,3,upper,0,0,0,0
1212,3,lower,0,0,0,0
1212,4,upper,0,0,0,0
1212,4,lower,0,0,0,0
1212,5,upper,0,0,0,0
1212,5,lower,0,0,0,0
1212,6,upper,0,0,0,0
1212,6,lower,0,0,0,0
1212,7,upper,0,0,0,0
1212,7,lower,0,0,0,0
1212,8,upper,0,0,0,0
1212,8,lower,0,0,0,0
1213,1,upper,0,0,0,0
1213,1,lower,0,0,0,0
1213,2,upper,0,0,0,0
1213,2,lower,2,2,-1,-1
1213,3,upper,0,0,0,0
1213,3,lower,0,0,0,0
1213,4,upper,0,0,0,0
1213,4,lower,0,0,0,0
1213,5,upper,0,0,0,0
1213,5,lower,0,0,0,0
1213,6,upper,0,0,0,0
1213,6,lower,0,0,0,0
1213,7,upper,0,0,0,0
1213,7,lower,0,0,0,0
1213,8,upper,0,0,0,0
1213,8,lower,0,0,0,0
1214,1,upper,0,0,0,0
1214,1,lower,0,0,0,0
1214,2,upper,0,0,0,0
1214,2,lower,2,2,0,0
1214,3,upper,0,0,0,0
1214,3,lower,0,0,0,0
1214,4,upper,0,0,0,0
1214,4,lower,0,0,0,0
1214,5,upper,0,0,0,0
1214,5,lower,0,0,0,0
1214,6,upper,0,0,0,0
1214,6,lower,0,0,0,0
1214,7,upper,0,0,0,0
1214,7,lower,0,0,0,0
1214,8,upper,0,0,0,0
1214,8,lower,0,0,0,0
1215,1,upper,0,0,0,0
1215,1,lower,0,0,0,0
1215,2,upper,0,0,0,0
1215,2,lower,2,2,-1,-1
1215,3,upper,0,0,0,0
1215,3,lower,0,0,0,0
1215,4,upper,0,0,0,0
1215,4,lower,0,0,0,0
1215,5,upper,0,0,0,0
1215,5,lower,0,0,0,0
1215,6,upper,0,0,0,0
1215,6,lower,0,0,0,0
1215,7,upper,0,0,0,0
1215,7,lower,0,0,0,0
1215,8,upper,0,0,0,0
1215,8,lower,0,0,0,0
1216,1,upper,0,0,0,0
1216,1,lower,0,0,0,0
1216,2,upper,0,0,0,0
1216,2,lower,2,2,0,-1
1216,3,upper,0,0,0,0
1216,3,lower,0,0,0,0
1216,4,upper,0,0,0,0
1216,4,lower,0,0,0,0
1216,5,upper,0,0,0,0
1216,5,lower,0,0,0,0
1216,6,upper,0,0,0,0
1216,6,lower,0,0,0,0
1216,7,upper,0,0,0,0
1216,7,lower,0,0,0,0
1216,8,upper,0,0,0,0
1216,8,lower,0,0,0,0
1217,1,upper,0,0,0,0
1217,1,lower,0,0,0,0
1217,2,upper,0,0,0,0
1217,2,lower,0,0,0,0
1217,3,upper,0,0,0,0
1217,3,lower,0,0,0,0
1217,4,upper,0,0,0,0
1217,4,lower,0,0,0,0
1217,5,upper,0,0,0,0
1217,5,lower,0,0,0,0
1217,6,upper,0,0,0,0
1217,6,lower,0,0,0,0
1217,7,upper,0,0,0,0
1217,7,lower,0,0,0,0
1217,8,upper,0,0,0,0
1217,8,lower,0,0,0,0
1218,1,upper,0,0,0,0
1218,1,lower,0,0,0,0
1218,2,upper,0,0,0,0
1218,2,lower,0,0,0,0
1218,3,upper,0,0,0,0
1218,3,lower,0,0,0,0
1218,4,upper,0,0,0,0
1218,4,lower,0,0,0,0
1218,5,upper,0,0,0,0
1218,5,lower,0,0,0,0
1218,6,upper,0,0,0,0
1218,6,lower,0,0,0,0
1218,7,upper,0,0,0,0
1218,7,lower,0,0,0,0
1218,8,upper,0,0,0,0
1218,8,lower,0,0,0,0
1219,1,upper,0,0,0,0
1219,1,lower,0,0,0,0
1219,2,upper,0,0,0,0
1219,2,lower,0,0,0,0
1219,3,upper,0,0,0,0
1219,3,lower,2,2,-1,-1
1219,4,upper,0,0,0,0
1219,4,lower,0,0,0,0
1219,5,upper,0,0,0,0
1219,5,lower,0,0,0,0
1219,6,upper,0,0,0,0
1219,6,lower,0,0,0,0
1219,7,upper,0,0,0,0
1219,7,lower,0,0,0,0
1219,8,upper,0,0,0,0
1219,8,lower,0,0,0,0
1220,1,upper,0,0,0,0
1220,1,lower,0,0,0,0
1220,2,upper,0,0,0,0
1220,2,lower,0,0,0,0
1220,3,upper,0,0,0,0
1220,3,lower,2,2,-1,-1
1220,4,upper,0,0,0,0
1220,4,lower,0,0,0,0
1220,5,upper,0,0,0,0
1220,5,lower,0,0,0,0
1220,6,upper,0,0,0,0
1220,6,lower,0,0,0,0
1220,7,upper,0,0,0,0
1220,7,lower,0,0,0,0
1220,8,upper,0,0,0,0
1220,8,lower,0,0,0,0
1221,1,upper,0,0,0,0
1221,1,lower,0,0,0,0
1221,2,upper,0,0,0,0
1221,2,lower,0,0,0,0
1221,3,upper,0,0,0,0
1221,3,lower,2,2,-1,-1
1221,4,upper,0,0,0,0
1221,4,lower,0,0,0,0
1221,5,upper,0,0,0,0
1221,5,lower,0,0,0,0
1221,6,upper,0,0,0,0
1221,6,lower,0,0,0,0
1221,7,upper,0,0,0,0
1221,7,lower,0,0,0,0
1221,8,upper,0,0,0,0
1221,8,lower,0,0,0,0
1222,1,upper,0,0,0,0
1222,1,lower,0,0,0,0
1222,2,upper,0,0,0,0
1222,2,lower,0,0,0,0
1222,3,upper,0,0,0,0
1222,3,lower,2,2,-1,0
1222,4,upper,0,0,0,0
1222,4,lower,0,0,0,0
1222,5,upper,0,0,0,0
1222,5,lower,0,0,0,0
1222,6,upper,0,0,0,0
1222,6,lower,0,0,0,0
1222,7,upper,0,0,0,0
1222,7,lower,0,0,0,0
1222,8,upper,0,0,0,0
1222,8,lower,0,0,0,0
1223,1,upper,0,0,0,0
1223,1,lower,0,0,0,0
1223,2,upper,0,0,0,0
1223,2,lower,0,0,0,0
1223,3,upper,0,0,0,0
1223,3,lower,2,2,0,-1
1223,4,upper,0,0,0,0
1223,4,lower,0,0,0,0
1223,5,upper,0,0,0,0
1223,5,lower,0,0,0,0
1223,6,upper,0,0,0,0
1223,6,lower,0,0,0,0
1223,7,upper,0,0,0,0
1223,7,lower,0,0,0,0
1223,8,upper,0,0,0,0
1223,8,lower,0,0,0,0
1224,1,upper,0,0,0,0
1224,1,lower,0,0,0,0
1224,2,upper,0,0,0,0
1224,2,lower,0,0,0,0
1224,3,upper,0,0,0,0
1224,3,lower,2,2,-1,-1
1224,4,upper,0,0,0,0
1224,4,lower,0,0,0,0
1224,5,upper,0,0,0,0
1224,5,lower,0,0,0,0
1224,6,upper,0,0,0,0
1224,6,lower,0,0,0,0
1224,7,upper,0,0,0,0
1224,7,lower,0,0,0,0
1224,8,upper,0,0,0,0
1224,8,lower,0,0,0,0
1225,1,upper,0,0,0,0
1225,1,lower,0,0,0,0
1225,2,upper,0,0,0,0
1225,2,lower,0,0,0,0
1225,3,upper,0,0,0,0
1225,3,lower,2,2,-1,-1
1225,4,upper,0,0,0,0
1225,4,lower,0,0,0,0
1225,5,upper,0,0,0,0
1225,5,lower,0,0,0,0
1225,6,upper,0,0,0,0
1225,6,lower,0,0,0,0
1225,7,upper,0,0,0,0
1225,7,lower,0,0,0,0
1225,8,upper,0,0,0,0
1225,8,lower,0,0,0,0
1226,1,upper,0,0,0,0
1226,1,lower,0,0,0,0
1226,2,upper,0,0,0,0
1226,2,lower,0,0,0,0
1226,3,upper,0,0,0,0
1226,3,lower,1,1,0,1
1226,4,upper,0,0,0,0
1226,4,lower,0,0,0,0
1226,5,upper,0,0,0,0
1226,5,lower,0,0,0,0
1226,6,upper,0,0,0,0
1226,6,lower,0,0,0,0
1226,7,upper,0,0,0,0
1226,7,lower,0,0,0,0
1226,8,upper,0,0,0,0
1226,8,lower,0,0,0,0
1227,1,upper,0,0,0,0
1227,1,lower,0,0,0,0
1227,2,upper,0,0,0,0
1227,2,lower,0,0,0,0
1227,3,upper,0,0,0,0
1227,3,lower,2,2,0,-1
1227,4,upper,0,0,0,0
1227,4,lower,0,0,0,0
1227,5,upper,0,0,0,0
1227,5,lower,0,0,0,0
1227,6,upper,0,0,0,0
1227,6,lower,0,0,0,0
1227,7,upper,0,0,0,0
1227,7,lower,0,0,0,0
1227,8,upper,0,0,0,0
1227,8,lower,0,0,0,0
1228,1,upper,0,0,0,0
1228,1,lower,0,0,0,0
1228,2,upper,0,0,0,0
1228,2,lower,0,0,0,0
1228,3,upper,0,0,0,0
1228,3,lower,2,2,0,-1
1228,4,upper,0,0,0,0
1228,4,lower,0,0,0,0
1228,5,upper,0,0,0,0
1228,5,lower,0,0,0,0
1228,6,upper,0,0,0,0
1228,6,lower,0,0,0,0
1228,7,upper,0,0,0,0
1228,7,lower,0,0,0,0
1228,8,upper,0,0,0,0
1228,8,lower,0,0,0,0
1229,1,upper,0,0,0,0
1229,1,lower,0,0,0,0
1229,2,upper,0,0,0,0
1229,2,lower,0,0,0,0
1229,3,upper,0,0,0,0
1229,3,lower,2,2,-1,-1
1229,4,upper,0,0,0,0
1229,4,lower,0,0,0,0
1229,5,upper,0,0,0,0
1229,5,lower,0,0,0,0
1229,6,upper,0,0,0,0
1229,6,lower,0,0,0,0
1229,7,upper,0,0,0,0
1229,7,lower,0,0,0,0
1229,8,upper,0,0,0,0
1229,8,lower,0,0,0,0
1230,1,upper,0,0,0,0
1230,1,lower,0,0,0,0
1230,2,upper,0,0,0,0
1230,2,lower,0,0,0,0
1230,3,upper,0,0,0,0
1230,3,lower,2,2,0,0
1230,4,upper,0,0,0,0
1230,4,lower,0,0,0,0
1230,5,upper,0,0,0,0
1230,5,lower,0,0,0,0
1230,6,upper,0,0,0,0
1230,6,lower,0,0,0,0
1230,7,upper,0,0,0,0
1230,7,lower,0,0,0,0
1230,8,upper,0,0,0,0
1230,8,lower,0,0,0,0
1231,1,upper,0,0,0,0
1231,1,lower,0,0,0,0
1231,2,upper,0,0,0,0
1231,2,lower,0,0,0,0
1231,3,upper,0,0,0,0
1231,3,lower,2,2,0,-1
1231,4,upper,0,0,0,0
1231,4,lower,0,0,0,0
1231,5,upper,0,0,0,0
1231,5,lower,0,0,0,0
1231,6,upper,0,0,0,0
1231,6,lower,0,0,0,0
1231,7,upper,0,0,0,0
1231,7,lower,0,0,0,0
1231,8,upper,0,0,0,0
1231,8,lower,0,0,0,0
1232,1,upper,0,0,0,0
1232,1,lower,0,0,0,0
1232,2,upper,0,0,0,0
1232,2,lower,0,0,0,0
1232,3,upper,0,0,0,0
1232,3,lower,2,2,0,-1
1232,4,upper,0,0,0,0
1232,4,lower,0,0,0,0
1232,5,upper,0,0,0,0
1232,5,lower,0,0,0,0
1232,6,upper,0,0,0,0
1232,6,lower,0,0,0,0
1232,7,upper,0,0,0,0
1232,7,lower,0,0,0,0
1232,8,upper,0,0,0,0
1232,8,lower,0,0,0,0
1233,1,upper,0,0,0,0
1233,1,lower,0,0,0,0
1233,2,upper,0,0,0,0
1233,2,lower,0,0,0,0
1233,3,upper,0,0,0,0
1233,3,lower,2,2,0,-1
1233,4,upper,0,0,0,0
1233,4,lower,0,0,0,0
1233,5,upper,0,0,0,0
1233,5,lower,0,0,0,0
1233,6,upper,0,0,0,0
1233,6,lower,0,0,0,0
1233,7,upper,0,0,0,0
1233,7,lower,0,0,0,0
1233,8,upper,0,0,0,0
1233,8,lower,0,0,0,0
1234,1,upper,0,0,0,0
1234,1,lower,0,0,0,0
1234,2,upper,0,0,0,0
1234,2,lower,0,0,0,0
1234,3,upper,0,0,0,0
1234,3,lower,0,0,0,0
1234,4,upper,0,0,0,0
1234,4,lower,0,0,0,0
1234,5,upper,0,0,0,0
1234,5,lower,0,0,0,0
1234,6,upper,0,0,0,0
1234,6,lower,0,0,0,0
1234,7,upper,0,0,0,0
1234,7,lower,0,0,0,0
1234,8,upper,0,0,0,0
1234,8,lower,0,0,0,0
1235,1,upper,0,0,0,0
1235,1,lower,0,0,0,0
1235,2,upper,0,0,0,0
1235,2,lower,0,0,0,0
1235,3,upper,0,0,0,0
1235,3,lower,2,2,-1,0
1235,4,upper,0,0,0,0
1235,4,lower,0,0,0,0
1235,5,upper,0,0,0,0
1235,5,lower,0,0,0,0
1235,6,upper,0,0,0,0
1235,6,lower,0,0,0,0
1235,7,upper,0,0,0,0
1235,7,lower,0,0,0,0
1235,8,upper,0,0,0,0
1235,8,lower,0,0,0,0
1236,1,upper,0,0,0,0
1236,1,lower,0,0,0,0
1236,2,upper,0,0,0,0
1236,2,lower,0,0,0,0
1236,3,upper,0,0,0,0
1236,3,lower,2,2,-1,0
1236,4,upper,0,0,0,0
1236,4,lower,0,0,0,0
1236,5,upper,0,0,0,0
1236,5,lower,0,0,0,0
1236,6,upper,0,0,0,0
1236,6,lower,0,0,0,0
1236,7,upper,0,0,0,0
1236,7,lower,0,0,0,0
1236,8,upper,0,0,0,0
1236,8,lower,0,0,0,0
1237,1,upper,0,0,0,0
1237,1,lower,0,0,0,0
1237,2,upper,0,0,0,0
1237,2,lower,0,0,0,0
1237,3,upper,0,0,0,0
1237,3,lower,2,2,-1,0
1237,4,upper,0,0,0,0
1237,4,lower,0,0,0,0
1237,5,upper,0,0,0,0
1237,5,lower,0,0,0,0
1237,6,upper,0,0,0,0
1237,6,lower,0,0,0,0
1237,7,upper,0,0,0,0
1237,7,lower,0,0,0,0
1237,8,upper,0,0,0,0
1237,8,lower,0,0,0,0
1238,1,upper,0,0,0,0
1238,1,lower,0,0,0,0
1238,2,upper,0,0,0,0
1238,2,lower,0,0,0,0
1238,3,upper,0,0,0,0
1238,3,lower,2,2,0,0
1238,4,upper,0,0,0,0
1238,4,lower,0,0,0,0
1238,5,upper,0,0,0,0
1238,5,lower,0,0,0,0
1238,6,upper,0,0,0,0
1238,6,lower,0,0,0,0
1238,7,upper,0,0,0,0
1238,7,lower,0,0,0,0
1238,8,upper,0,0,0,0
1238,8,lower,0,0,0,0
1239,1,upper,0,0,0,0
1239,1,lower,0,0,0,0
1239,2,upper,0,0,0,0
1239,2,lower,0,0,0,0
1239,3,upper,0,0,0,0
1239,3,lower,2,2,-1,-1
1239,4,upper,0,0,0,0
1239,4,lower,0,0,0,0
1239,5,upper,0,0,0,0
1239,5,lower,0,0,0,0
1239,6,upper,0,0,0,0
1239,6,lower,0,0,0,0
1239,7,upper,0,0,0,0
1239,7,lower,0,0,0,0
1239,8,upper,0,0,0,0
1239,8,lower,0,0,0,0
1240,1,upper,0,0,0,0
1240,1,lower,0,0,0,0
1240,2,upper,0,0,0,0
1240,2,lower,0,0,0,0
1240,3,upper,0,0,0,0
1240,3,lower,2,2,-1,0
1240,4,upper,0,0,0,0
1240,4,lower,0,0,0,0
1240,5,upper,0,0,0,0
1240,5,lower,0,0,0,0
1240,6,upper,0,0,0,0
1240,6,lower,0,0,0,0
1240,7,upper,0,0,0,0
1240,7,lower,0,0,0,0
1240,8,upper,0,0,0,0
1240,8,lower,0,0,0,0
1241,1,upper,0,0,0,0
1241,1,lower,0,0,0,0
1241,2,upper,0,0,0,0
1241,2,lower,0,0,0,0
1241,3,upper,0,0,0,0
1241,3,lower,2,2,-1,0
1241,4,upper,0,0,0,0
1241,4,lower,0,0,0,0
1241,5,upper,0,0,0,0
1241,5,lower,0,0,0,0
1241,6,upper,0,0,0,0
1241,6,lower,0,0,0,0
1241,7,upper,0,0,0,0
1241,7,lower,0,0,0,0
1241,8,upper,0,0,0,0
1241,8,lower,0,0,0,0
1242,1,upper,0,0,0,0
1242,1,lower,0,0,0,0
1242,2,upper,0,0,0,0
1242,2,lower,0,0,0,0
1242,3,upper,0,0,0,0
1242,3,lower,1,1,0,-1
1242,4,upper,0,0,0,0
1242,4,lower,0,0,0,0
1242,5,upper,0,0,0,0
1242,5,lower,0,0,0,0
1242,6,upper,0,0,0,0
1242,6,lower,0,0,0,0
1242,7,upper,0,0,0,0
1242,7,lower,0,0,0,0
1242,8,upper,0,0,0,0
1242,8,lower,0,0,0,0
1243,1,upper,0,0,0,0
1243,1,lower,0,0,0,0
1243,2,upper,0,0,0,0
1243,2,lower,0,0,0,0
1243,3,upper,0,0,0,0
1243,3,lower,2,2,-1,-1
1243,4,upper,0,0,0,0
1243,4,lower,0,0,0,0
1243,5,upper,0,0,0,0
1243,5,lower,0,0,0,0
1243,6,upper,0,0,0,0
1243,6,lower,0,0,0,0
1243,7,upper,0,0,0,0
1243,7,lower,0,0,0,0
1243,8,upper,0,0,0,0
1243,8,lower,0,0,0,0
1244,1,upper,0,0,0,0
1244,1,lower,0,0,0,0
1244,2,upper,0,0,0,0
1244,2,lower,0,0,0,0
1244,3,upper,0,0,0,0
1244,3,lower,2,2,-1,-1
1244,4,upper,0,0,0,0
1244,4,lower,0,0,0,0
1244,5,upper,0,0,0,0
1244,5,lower,0,0,0,0
1244,6,upper,0,0,0,0
1244,6,lower,0,0,0,0
1244,7,upper,0,0,0,0
1244,7,lower,0,0,0,0
1244,8,upper,0,0,0,0
1244,8,lower,0,0,0,0
1245,1,upper,0,0,0,0
1245,1,lower,0,0,0,0
1245,2,upper,0,0,0,0
1245,2,lower,0,0,0,0
1245,3,upper,0,0,0,0
1245,3,lower,2,2,-1,0
1245,4,upper,0,0,0,0
1245,4,lower,0,0,0,0
1245,5,upper,0,0,0,0
1245,5,lower,0,0,0,0
1245,6,upper,0,0,0,0
1245,6,lower,0,0,0,0
1245,7,upper,0,0,0,0
1245,7,lower,0,0,0,0
1245,8,upper,0,0,0,0
1245,8,lower,0,0,0,0
1246,1,upper,0,0,0,0
1246,1,lower,0,0,0,0
1246,2,upper,0,0,0,0
1246,2,lower,0,0,0,0
1246,3,upper,0,0,0,0
1246,3,lower,2,2,0,-1
1246,4,upper,0,0,0,0
1246,4,lower,0,0,0,0
1246,5,upper,0,0,0,0
1246,5,lower,0,0,0,0
1246,6,upper,0,0,0,0
1246,6,lower,0,0,0,0
1246,7,upper,0,0,0,0
1246,7,lower,0,0,0,0
1246,8,upper,0,0,0,0
1246,8,lower,0,0,0,0
1247,1,upper,0,0,0,0
1247,1,lower,0,0,0,0
1247,2,upper,0,0,0,0
1247,2,lower,0,0,0,0
1247,3,upper,0,0,0,0
1247,3,lower,2,2,-1,-1
1247,4,upper,0,0,0,0
1247,4,lower,0,0,0,0
1247,5,upper,0,0,0,0
1247,5,lower,0,0,0,0
1247,6,upper,0,0,0,0
1247,6,lower,0,0,0,0
1247,7,upper,0,0,0,0
1247,7,lower,0,0,0,0
1247,8,upper,0,0,0,0
1247,8,lower,0,0,0,0
1248,1,upper,0,0,0,0
1248,1,lower,0,0,0,0
1248,2,upper,0,0,0,0
1248,2,lower,0,0,0,0
1248,3,upper,0,0,0,0
1248,3,lower,2,2,-1,-1
1248,4,upper,0,0,0,0
1248,4,lower,0,0,0,0
1248,5,upper,0,0,0,0
1248,5,lower,0,0,0,0
1248,6,upper,0,0,0,0
1248,6,lower,0,0,0,0
1248,7,upper,0,0,0,0
1248,7,lower,0,0,0,0
1248,8,upper,0,0,0,0
1248,8,lower,0,0,0,0
1249,1,upper,0,0,0,0
1249,1,lower,0,0,0,0
1249,2,upper,0,0,0,0
1249,2,lower,0,0,0,0
1249,3,upper,0,0,0,0
1249,3,lower,2,2,-1,-1
1249,4,upper,0,0,0,0
1249,4,lower,0,0,0,0
1249,5,upper,0,0,0,0
1249,5,lower,0,0,0,0
1249,6,upper,0,0,0,0
1249,6,lower,0,0,0,0
1249,7,upper,0,0,0,0
1249,7,lower,0,0,0,0
1249,8,upper,0,0,0,0
1249,8,lower,0,0,0,0
1250,1,upper,0,0,0,0
1250,1,lower,0,0,0,0
1250,2,upper,0,0,0,0
1250,2,lower,0,0,0,0
1250,3,upper,0,0,0,0
1250,3,lower,0,0,0,0
1250,4,upper,0,0,0,0
1250,4,lower,0,0,0,0
1250,5,upper,0,0,0,0
1250,5,lower,0,0,0,0
1250,6,upper,0,0,0,0
1250,6,lower,0,0,0,0
1250,7,upper,0,0,0,0
1250,7,lower,0,0,0,0
1250,8,upper,0,0,0,0
1250,8,lower,0,0,0,0
1251,1,upper,0,0,0,0
1251,1,lower,0,0,0,0
1251,2,upper,0,0,0,0
1251,2,lower,0,0,0,0
1251,3,upper,0,0,0,0
1251,3,lower,0,0,0,0
1251,4,upper,0,0,0,0
1251,4,lower,0,0,0,0
1251,5,upper,0,0,0,0
1251,5,lower,0,0,0,0
1251,6,upper,0,0,0,0
1251,6,lower,0,0,0,0
1251,7,upper,0,0,0,0
1251,7,lower,0,0,0,0
1251,8,upper,0,0,0,0
1251,8,lower,0,0,0,0
1252,1,upper,0,0,0,0
1252,1,lower,0,0,0,0
1252,2,upper,0,0,0,0
1252,2,lower,0,0,0,0
1252,3,upper,0,0,0,0
1252,3,lower,0,0,0,0
1252,4,upper,0,0,0,0
1252,4,lower,2,2,-1,-1
1252,5,upper,0,0,0,0
1252,5,lower,0,0,0,0
1252,6,upper,0,0,0,0
1252,6,lower,0,0,0,0
1252,7,upper,0,0,0,0
1252,7,lower,0,0,0,0
1252,8,upper,0,0,0,0
1252,8,lower,0,0,0,0
1253,1,upper,0,0,0,0
1253,1,lower,0,0,0,0
1253,2,upper,0,0,0,0
1253,2,lower,0,0,0,0
1253,3,upper,0,0,0,0
1253,3,lower,0,0,0,0
1253,4,upper,0,0,0,0
1253,4,lower,2,2,-1,0
1253,5,upper,0,0,0,0
1253,5,lower,0,0,0,0
1253,6,upper,0,0,0,0
1253,6,lower,0,0,0,0
1253,7,upper,0,0,0,0
1253,7,lower,0,0,0,0
1253,8,upper,0,0,0,0
1253,8,lower,0,0,0,0
1254,1,upper,0,0,0,0
1254,1,lower,0,0,0,0
1254,2,upper,0,0,0,0
1254,2,lower,0,0,0,0
1254,3,upper,0,0,0,0
1254,3,lower,0,0,0,0
1254,4,upper,0,0,0,0
1254,4,lower,2,2,-1,-1
1254,5,upper,0,0,0,0
1254,5,lower,0,0,0,0
1254,6,upper,0,0,0,0
1254,6,lower,0,0,0,0
1254,7,upper,0,0,0,0
1254,7,lower,0,0,0,0
1254,8,upper,0,0,0,0
1254,8,lower,0,0,0,0
1255,1,upper,0,0,0,0
1255,1,lower,0,0,0,0
1255,2,upper,0,0,0,0
1255,2,lower,0,0,0,0
1255,3,upper,0,0,0,0
1255,3,lower,0,0,0,0
1255,4,upper,0,0,0,0
1255,4,lower,1,1,0,1
1255,5,upper,0,0,0,0
1255,5,lower,0,0,0,0
1255,6,upper,0,0,0,0
1255,6,lower,0,0,0,0
1255,7,upper,0,0,0,0
1255,7,lower,0,0,0,0
1255,8,upper,0,0,0,0
1255,8,lower,0,0,0,0
1256,1,upper,0,0,0,0
1256,1,lower,0,0,0,0
1256,2,upper,0,0,0,0
1256,2,lower,0,0,0,0
1256,3,upper,0,0,0,0
1256,3,lower,0,0,0,0
1256,4,upper,0,0,0,0
1256,4,lower,2,2,0,-1
1256,5,upper,0,0,0,0
1256,5,lower,0,0,0,0
1256,6,upper,0,0,0,0
1256,6,lower,0,0,0,0
1256,7,upper,0,0,0,0
1256,7,lower,0,0,0,0
1256,8,upper,0,0,0,0
1256,8,lower,0,0,0,0
1257,1,upper,0,0,0,0
1257,1,lower,0,0,0,0
1257,2,upper,0,0,0,0
1257,2,lower,0,0,0,0
1257,3,upper,0,0,0,0
1257,3,lower,0,0,0,0
1257,4,upper,0,0,0,0
1257,4,lower,2,2,0,0
1257,5,upper,0,0,0,0
1257,5,lower,0,0,0,0
1257,6,upper,0,0,0,0
1257,6,lower,0,0,0,0
1257,7,upper,0,0,0,0
1257,7,lower,0,0,0,0
1257,8,upper,0,0,0,0
1257,8,lower,0,0,0,0
1258,1,upper,0,0,0,0
1258,1,lower,0,0,0,0
1258,2,upper,0,0,0,0
1258,2,lower,0,0,0,0
1258,3,upper,0,0,0,0
1258,3,lower,0,0,0,0
1258,4,upper,0,0,0,0
1258,4,lower,2,2,0,-1
1258,5,upper,0,0,0,0
1258,5,lower,0,0,0,0
1258,6,upper,0,0,0,0
1258,6,lower,0,0,0,0
1258,7,upper,0,0,0,0
1258,7,lower,0,0,0,0
1258,8,upper,0,0,0,0
1258,8,lower,0,0,0,0
1259,1,upper,0,0,0,0
1259,1,lower,0,0,0,0
1259,2,upper,0,0,0,0
1259,2,lower,0,0,0,0
1259,3,upper,0,0,0,0
1259,3,lower,0,0,0,0
1259,4,upper,0,0,0,0
1259,4,lower,0,0,0,0
1259,5,upper,0,0,0,0
1259,5,lower,0,0,0,0
1259,6,upper,0,0,0,0
1259,6,lower,0,0,0,0
1259,7,upper,0,0,0,0
1259,7,lower,0,0,0,0
1259,8,upper,0,0,0,0
1259,8,lower,0,0,0,0
1260,1,upper,0,0,0,0
1260,1,lower,0,0,0,0
1260,2,upper,0,0,0,0
1260,2,lower,0,0,0,0
1260,3,upper,0,0,0,0
1260,3,lower,0,0,0,0
1260,4,upper,0,0,0,0
1260,4,lower,2,2,-1,0
1260,5,upper,0,0,0,0
1260,5,lower,0,0,0,0
1260,6,upper,0,0,0,0
1260,6,lower,0,0,0,0
1260,7,upper,0,0,0,0
1260,7,lower,0,0,0,0
1260,8,upper,0,0,0,0
1260,8,lower,0,0,0,0
1261,1,upper,0,0,0,0
1261,1,lower,0,0,0,0
1261,2,upper,0,0,0,0
1261,2,lower,0,0,0,0
1261,3,upper,0,0,0,0
1261,3,lower,0,0,0,0
1261,4,upper,0,0,0,0
1261,4,lower,2,2,0,0
1261,5,upper,0,0,0,0
1261,5,lower,0,0,0,0
1261,6,upper,0,0,0,0
1261,6,lower,0,0,0,0
1261,7,upper,0,0,0,0
1261,7,lower,0,0,0,0
1261,8,upper,0,0,0,0
1261,8,lower,0,0,0,0
1262,1,upper,0,0,0,0
1262,1,lower,0,0,0,0
1262,2,upper,0,0,0,0
1262,2,lower,0,0,0,0
1262,3,upper,0,0,0,0
1262,3,lower,0,0,0,0
1262,4,upper,0,0,0,0
1262,4,lower,2,2,-1,0
1262,5,upper,0,0,0,0
1262,5,lower,0,0,0,0
1262,6,upper,0,0,0,0
1262,6,lower,0,0,0,0
1262,7,upper,0,0,0,0
1262,7,lower,0,0,0,0
1262,8,upper,0,0,0,0
1262,8,lower,0,0,0,0
1263,1,upper,0,0,0,0
1263,1,lower,0,0,0,0
1263,2,upper,0,0,0,0
1263,2,lower,0,0,0,0
1263,3,upper,0,0,0,0
1263,3,lower,0,0,0,0
1263,4,upper,0,0,0,0
1263,4,lower,1,1,0,-1
1263,5,upper,0,0,0,0
1263,5,lower,0,0,0,0
1263,6,upper,0,0,0,0
1263,6,lower,0,0,0,0
1263,7,upper,0,0,0,0
1263,7,lower,0,0,0,0
1263,8,upper,0,0,0,0
1263,8,lower,0,0,0,0
1264,1,upper,0,0,0,0
1264,1,lower,0,0,0,0
1264,2,upper,0,0,0,0
1264,2,lower,0,0,0,0
1264,3,upper,0,0,0,0
1264,3,lower,0,0,0,0
1264,4,upper,0,0,0,0
1264,4,lower,2,2,-1,-1
1264,5,upper,0,0,0,0
1264,5,lower,0,0,0,0
1264,6,upper,0,0,0,0
1264,6,lower,0,0,0,0
1264,7,upper,0,0,0,0
1264,7,lower,0,0,0,0
1264,8,upper,0,0,0,0
1264,8,lower,0,0,0,0
1265,1,upper,0,0,0,0
1265,1,lower,0,0,0,0
1265,2,upper,0,0,0,0
1265,2,lower,0,0,0,0
1265,3,upper,0,0,0,0
1265,3,lower,0,0,0,0
1265,4,upper,0,0,0,0
1265,4,lower,2,2,0,-1
1265,5,upper,0,0,0,0
1265,5,lower,0,0,0,0
1265,6,upper,0,0,0,0
1265,6,lower,0,0,0,0
1265,7,upper,0,0,0,0
1265,7,lower,0,0,0,0
1265,8,upper,0,0,0,0
1265,8,lower,0,0,0,0
1266,1,upper,0,0,0,0
1266,1,lower,0,0,0,0
1266,2,upper,0,0,0,0
1266,2,lower,0,0,0,0
1266,3,upper,0,0,0,0
1266,3,lower,0,0,0,0
1266,4,upper,0,0,0,0
1266,4,lower,2,2,-1,-1
1266,5,upper,0,0,0,0
1266,5,lower,0,0,0,0
1266,6,upper,0,0,0,0
1266,6,lower,0,0,0,0
1266,7,upper,0,0,0,0
1266,7,lower,0,0,0,0
1266,8,upper,0,0,0,0
1266,8,lower,0,0,0,0
1267,1,upper,0,0,0,0
1267,1,lower,0,0,0,0
1267,2,upper,0,0,0,0
1267,2,lower,0,0,0,0
1267,3,upper,0,0,0,0
1267,3,lower,0,0,0,0
1267,4,upper,0,0,0,0
1267,4,lower,0,0,0,0
1267,5,upper,0,0,0,0
1267,5,lower,0,0,0,0
1267,6,upper,0,0,0,0
1267,6,lower,0,0,0,0
1267,7,upper,0,0,0,0
1267,7,lower,0,0,0,0
1267,8,upper,0,0,0,0
1267,8,lower,0,0,0,0
1268,1,upper,0,0,0,0
1268,1,lower,0,0,0,0
1268,2,upper,0,0,0,0
1268,2,lower,0,0,0,0
1268,3,upper,0,0,0,0
1268,3,lower,0,0,0,0
1268,4,upper,0,0,0,0
1268,4,lower,0,0,0,0
1268,5,upper,0,0,0,0
1268,5,lower,0,0,0,0
1268,6,upper,0,0,0,0
1268,6,lower,0,0,0,0
1268,7,upper,0,0,0,0
1268,7,lower,0,0,0,0
1268,8,upper,0,0,0,0
1268,8,lower,0,0,0,0
1269,1,upper,0,0,0,0
1269,1,lower,0,0,0,0
1269,2,upper,0,0,0,0
1269,2,lower,0,0,0,0
1269,3,upper,0,0,0,0
1269,3,lower,0,0,0,0
1269,4,upper,0,0,0,0
1269,4,lower,0,0,0,0
1269,5,upper,0,0,0,0
1269,5,lower,2,2,-1,0
1269,6,upper,0,0,0,0
1269,6,lower,0,0,0,0
1269,7,upper,0,0,0,0
1269,7,lower,0,0,0,0
1269,8,upper,0,0,0,0
1269,8,lower,0,0,0,0
1270,1,upper,0,0,0,0
1270,1,lower,0,0,0,0
1270,2,upper,0,0,0,0
1270,2,lower,0,0,0,0
1270,3,upper,0,0,0,0
1270,3,lower,0,0,0,0
1270,4,upper,0,0,0,0
1270,4,lower,0,0,0,0
1270,5,upper,0,0,0,0
1270,5,lower,1,1,0,1
1270,6,upper,0,0,0,0
1270,6,lower,0,0,0,0
1270,7,upper,0,0,0,0
1270,7,lower,0,0,0,0
1270,8,upper,0,0,0,0
1270,8,lower,0,0,0,0
1271,1,upper,0,0,0,0
1271,1,lower,0,0,0,0
1271,2,upper,0,0,0,0
1271,2,lower,0,0,0,0
1271,3,upper,0,0,0,0
1271,3,lower,0,0,0,0
1271,4,upper,0,0,0,0
1271,4,lower,0,0,0,0
1271,5,upper,0,0,0,0
1271,5,lower,2,2,0,0
1271,6,upper,0,0,0,0
1271,6,lower,0,0,0,0
1271,7,upper,0,0,0,0
1271,7,lower,0,0,0,0
1271,8,upper,0,0,0,0
1271,8,lower,0,0,0,0
1272,1,upper,0,0,0,0
1272,1,lower,0,0,0,0
1272,2,upper,0,0,0,0
1272,2,lower,0,0,0,0
1272,3,upper,0,0,0,0
1272,3,lower,0,0,0,0
1272,4,upper,0,0,0,0
1272,4,lower,0,0,0,0
1272,5,upper,0,0,0,0
1272,5,lower,0,0,0,0
1272,6,upper,0,0,0,0
1272,6,lower,0,0,0,0
1272,7,upper,0,0,0,0
1272,7,lower,0,0,0,0
1272,8,upper,0,0,0,0
1272,8,lower,0,0,0,0
1273,1,upper,0,0,0,0
1273,1,lower,0,0,0,0
1273,2,upper,0,0,0,0
1273,2,lower,0,0,0,0
1273,3,upper,0,0,0,0
1273,3,lower,0,0,0,0
1273,4,upper,0,0,0,0
1273,4,lower,0,0,0,0
1273,5,upper,0,0,0,0
1273,5,lower,2,2,0,0
1273,6,upper,0,0,0,0
1273,6,lower,0,0,0,0
1273,7,upper,0,0,0,0
1273,7,lower,0,0,0,0
1273,8,upper,0,0,0,0
1273,8,lower,0,0,0,0
1274,1,upper,0,0,0,0
1274,1,lower,0,0,0,0
1274,2,upper,0,0,0,0
1274,2,lower,0,0,0,0
1274,3,upper,0,0,0,0
1274,3,lower,0,0,0,0
1274,4,upper,0,0,0,0
1274,4,lower,0,0,0,0
1274,5,upper,0,0,0,0
1274,5,lower,1,1,0,-1
1274,6,upper,0,0,0,0
1274,6,lower,0,0,0,0
1274,7,upper,0,0,0,0
1274,7,lower,0,0,0,0
1274,8,upper,0,0,0,0
1274,8,lower,0,0,0,0
1275,1,upper,0,0,0,0
1275,1,lower,0,0,0,0
1275,2,upper,0,0,0,0
1275,2,lower,0,0,0,0
1275,3,upper,0,0,0,0
1275,3,lower,0,0,0,0
1275,4,upper,0,0,0,0
1275,4,lower,0,0,0,0
1275,5,upper,0,0,0,0
1275,5,lower,2,2,0,-1
1275,6,upper,0,0,0,0
1275,6,lower,0,0,0,0
1275,7,upper,0,0,0,0
1275,7,lower,0,0,0,0
1275,8,upper,0,0,0,0
1275,8,lower,0,0,0,0
1276,1,upper,0,0,0,0
1276,1,lower,0,0,0,0
1276,2,upper,0,0,0,0
1276,2,lower,0,0,0,0
1276,3,upper,0,0,0,0
1276,3,lower,0,0,0,0
1276,4,upper,0,0,0,0
1276,4,lower,0,0,0,0
1276,5,upper,0,0,0,0
1276,5,lower,0,0,0,0
1276,6,upper,0,0,0,0
1276,6,lower,0,0,0,0
1276,7,upper,0,0,0,0
1276,7,lower,0,0,0,0
1276,8,upper,0,0,0,0
1276,8,lower,0,0,0,0
1277,1,upper,0,0,0,0
1277,1,lower,0,0,0,0
1277,2,upper,0,0,0,0
1277,2,lower,0,0,0,0
1277,3,upper,0,0,0,0
1277,3,lower,0,0,0,0
1277,4,upper,0,0,0,0
1277,4,lower,0,0,0,0
1277,5,upper,0,0,0,0
1277,5,lower,0,0,0,0
1277,6,upper,0,0,0,0
1277,6,lower,0,0,0,0
1277,7,upper,0,0,0,0
1277,7,lower,0,0,0,0
1277,8,upper,0,0,0,0
1277,8,lower,0,0,0,0
1278,1,upper,0,0,0,0
1278,1,lower,0,0,0,0
1278,2,upper,0,0,0,0
1278,2,lower,0,0,0,0
1278,3,upper,0,0,0,0
1278,3,lower,0,0,0,0
1278,4,upper,0,0,0,0
1278,4,lower,0,0,0,0
1278,5,upper,0,0,0,0
1278,5,lower,0,0,0,0
1278,6,upper,0,0,0,0
1278,6,lower,1,1,0,1
1278,7,upper,0,0,0,0
1278,7,lower,0,0,0,0
1278,8,upper,0,0,0,0
1278,8,lower,0,0,0,0
1279,1,upper,0,0,0,0
1279,1,lower,0,0,0,0
1279,2,upper,0,0,0,0
1279,2,lower,0,0,0,0
1279,3,upper,0,0,0,0
1279,3,lower,0,0,0,0
1279,4,upper,0,0,0,0
1279,4,lower,0,0,0,0
1279,5,upper,0,0,0,0
1279,5,lower,0,0,0,0
1279,6,upper,0,0,0,0
1279,6,lower,0,0,0,0
1279,7,upper,0,0,0,0
1279,7,lower,0,0,0,0
1279,8,upper,0,0,0,0
1279,8,lower,0,0,0,0
1280,1,upper,0,0,0,0
1280,1,lower,0,0,0,0
1280,2,upper,0,0,0,0
1280,2,lower,0,0,0,0
1280,3,upper,0,0,0,0
1280,3,lower,0,0,0,0
1280,4,upper,0,0,0,0
1280,4,lower,0,0,0,0
1280,5,upper,0,0,0,0
1280,5,lower,0,0,0,0
1280,6,upper,0,0,0,0
1280,6,lower,1,1,0,-1
1280,7,upper,0,0,0,0
1280,7,lower,0,0,0,0
1280,8,upper,0,0,0,0
1280,8,lower,0,0,0,0
1281,1,upper,0,0,0,0
1281,1,lower,1,1,-1,-1
1281,2,upper,0,0,0,0
1281,2,lower,0,0,0,0
1281,3,upper,0,0,0,0
1281,3,lower,0,0,0,0
1281,4,upper,0,0,0,0
1281,4,lower,0,0,0,0
1281,5,upper,0,0,0,0
1281,5,lower,0,0,0,0
1281,6,upper,0,0,0,0
1281,6,lower,0,0,0,0
1281,7,upper,0,0,0,0
1281,7,lower,0,0,0,0
1281,8,upper,0,0,0,0
1281,8,lower,0,0,0,0
1282,1,upper,0,0,0,0
1282,1,lower,2,2,-1,-1
1282,2,upper,0,0,0,0
1282,2,lower,0,0,0,0
1282,3,upper,0,0,0,0
1282,3,lower,0,0,0,0
1282,4,upper,0,0,0,0
1282,4,lower,0,0,0,0
1282,5,upper,0,0,0,0
1282,5,lower,0,0,0,0
1282,6,upper,0,0,0,0
1282,6,lower,0,0,0,0
1282,7,upper,0,0,0,0
1282,7,lower,0,0,0,0
1282,8,upper,0,0,0,0
1282,8,lower,0,0,0,0
1283,1,upper,0,0,0,0
1283,1,lower,2,1,0,0
1283,2,upper,0,0,0,0
1283,2,lower,0,0,0,0
1283,3,upper,0,0,0,0
1283,3,lower,0,0,0,0
1283,4,upper,0,0,0,0
1283,4,lower,0,0,0,0
1283,5,upper,0,0,0,0
1283,5,lower,0,0,0,0
1283,6,upper,0,0,0,0
1283,6,lower,0,0,0,0
1283,7,upper,0,0,0,0
1283,7,lower,0,0,0,0
1283,8,upper,0,0,0,0
1283,8,lower,0,0,0,0
1284,1,upper,0,0,0,0
1284,1,lower,2,2,0,0
1284,2,upper,0,0,0,0
1284,2,lower,0,0,0,0
1284,3,upper,0,0,0,0
1284,3,lower,0,0,0,0
1284,4,upper,0,0,0,0
1284,4,lower,0,0,0,0
1284,5,upper,0,0,0,0
1284,5,lower,0,0,0,0
1284,6,upper,0,0,0,0
1284,6,lower,0,0,0,0
1284,7,upper,0,0,0,0
1284,7,lower,0,0,0,0
1284,8,upper,0,0,0,0
1284,8,lower,0,0,0,0
1285,1,upper,0,0,0,0
1285,1,lower,1,2,-1,0
1285,2,upper,0,0,0,0
1285,2,lower,0,0,0,0
1285,3,upper,0,0,0,0
1285,3,lower,0,0,0,0
1285,4,upper,0,0,0,0
1285,4,lower,0,0,0,0
1285,5,upper,0,0,0,0
1285,5,lower,0,0,0,0
1285,6,upper,0,0,0,0
1285,6,lower,0,0,0,0
1285,7,upper,0,0,0,0
1285,7,lower,0,0,0,0
1285,8,upper,0,0,0,0
1285,8,lower,0,0,0,0
1286,1,upper,0,0,0,0
1286,1,lower,2,1,-2,0
1286,2,upper,0,0,0,0
1286,2,lower,0,0,0,0
1286,3,upper,0,0,0,0
1286,3,lower,0,0,0,0
1286,4,upper,0,0,0,0
1286,4,lower,0,0,0,0
1286,5,upper,0,0,0,0
1286,5,lower,0,0,0,0
1286,6,upper,0,0,0,0
1286,6,lower,0,0,0,0
1286,7,upper,0,0,0,0
1286,7,lower,0,0,0,0
1286,8,upper,0,0,0,0
1286,8,lower,0,0,0,0
1287,1,upper,0,0,0,0
1287,1,lower,2,0,-1,-1
1287,2,upper,0,0,0,0
1287,2,lower,0,0,0,0
1287,3,upper,0,0,0,0
1287,3,lower,0,0,0,0
1287,4,upper,0,0,0,0
1287,4,lower,0,0,0,0
1287,5,upper,0,0,0,0
1287,5,lower,0,0,0,0
1287,6,upper,0,0,0,0
1287,6,lower,0,0,0,0
1287,7,upper,0,0,0,0
1287,7,lower,0,0,0,0
1287,8,upper,0,0,0,0
1287,8,lower,0,0,0,0
1288,1,upper,0,0,0,0
1288,1,lower,1,1,-1,0
1288,2,upper,0,0,0,0
1288,2,lower,0,0,0,0
1288,3,upper,0,0,0,0
1288,3,lower,0,0,0,0
1288,4,upper,0,0,0,0
1288,4,lower,0,0,0,0
1288,5,upper,0,0,0,0
1288,5,lower,0,0,0,0
1288,6,upper,0,0,0,0
1288,6,lower,0,0,0,0
1288,7,upper,0,0,0,0
1288,7,lower,0,0,0,0
1288,8,upper,0,0,0,0
1288,8,lower,0,0,0,0
1289,1,upper,0,0,0,0
1289,1,lower,2,1,1,0
1289,2,upper,0,0,0,0
1289,2,lower,0,0,0,0
1289,3,upper,0,0,0,0
1289,3,lower,0,0,0,0
1289,4,upper,0,0,0,0
1289,4,lower,0,0,0,0
1289,5,upper,0,0,0,0
1289,5,lower,0,0,0,0
1289,6,upper,0,0,0,0
1289,6,lower,0,0,0,0
1289,7,upper,0,0,0,0
1289,7,lower,0,0,0,0
1289,8,upper,0,0,0,0
1289,8,lower,0,0,0,0
1290,1,upper,0,0,0,0
1290,1,lower,2,2,-1,-1
1290,2,upper,0,0,0,0
1290,2,lower,0,0,0,0
1290,3,upper,0,0,0,0
1290,3,lower,0,0,0,0
1290,4,upper,0,0,0,0
1290,4,lower,0,0,0,0
1290,5,upper,0,0,0,0
1290,5,lower,0,0,0,0
1290,6,upper,0,0,0,0
1290,6,lower,0,0,0,0
1290,7,upper,0,0,0,0
1290,7,lower,0,0,0,0
1290,8,upper,0,0,0,0
1290,8,lower,0,0,0,0
1291,1,upper,0,0,0,0
1291,1,lower,0,2,-1,-1
1291,2,upper,0,0,0,0
1291,2,lower,0,0,0,0
1291,3,upper,0,0,0,0
1291,3,lower,0,0,0,0
1291,4,upper,0,0,0,0
1291,4,lower,0,0,0,0
1291,5,upper,0,0,0,0
1291,5,lower,0,0,0,0
1291,6,upper,0,0,0,0
1291,6,lower,0,0,0,0
1291,7,upper,0,0,0,0
1291,7,lower,0,0,0,0
1291,8,upper,0,0,0,0
1291,8,lower,0,0,0,0
1292,1,upper,0,0,0,0
1292,1,lower,1,2,0,-1
1292,2,upper,0,0,0,0
1292,2,lower,0,0,0,0
1292,3,upper,0,0,0,0
1292,3,lower,0,0,0,0
1292,4,upper,0,0,0,0
1292,4,lower,0,0,0,0
1292,5,upper,0,0,0,0
1292,5,lower,0,0,0,0
1292,6,upper,0,0,0,0
1292,6,lower,0,0,0,0
1292,7,upper,0,0,0,0
1292,7,lower,0,0,0,0
1292,8,upper,0,0,0,0
1292,8,lower,0,0,0,0
1293,1,upper,0,0,0,0
1293,1,lower,1,2,-1,0
1293,2,upper,0,0,0,0
1293,2,lower,0,0,0,0
1293,3,upper,0,0,0,0
1293,3,lower,0,0,0,0
1293,4,upper,0,0,0,0
1293,4,lower,0,0,0,0
1293,5,upper,0,0,0,0
1293,5,lower,0,0,0,0
1293,6,upper,0,0,0,0
1293,6,lower,0,0,0,0
1293,7,upper,0,0,0,0
1293,7,lower,0,0,0,0
1293,8,upper,0,0,0,0
1293,8,lower,0,0,0,0
1294,1,upper,0,0,0,0
1294,1,lower,1,1,0,0
1294,2,upper,0,0,0,0
1294,2,lower,0,0,0,0
1294,3,upper,0,0,0,0
1294,3,lower,0,0,0,0
1294,4,upper,0,0,0,0
1294,4,lower,0,0,0,0
1294,5,upper,0,0,0,0
1294,5,lower,0,0,0,0
1294,6,upper,0,0,0,0
1294,6,lower,0,0,0,0
1294,7,upper,0,0,0,0
1294,7,lower,0,0,0,0
1294,8,upper,0,0,0,0
1294,8,lower,0,0,0,0
1295,1,upper,0,0,0,0
1295,1,lower,2,1,-1,-1
1295,2,upper,0,0,0,0
1295,2,lower,0,0,0,0
1295,3,upper,0,0,0,0
1295,3,lower,0,0,0,0
1295,4,upper,0,0,0,0
1295,4,lower,0,0,0,0
1295,5,upper,0,0,0,0
1295,5,lower,0,0,0,0
1295,6,upper,0,0,0,0
1295,6,lower,0,0,0,0
1295,7,upper,0,0,0,0
1295,7,lower,0,0,0,0
1295,8,upper,0,0,0,0
1295,8,lower,0,0,0,0
1296,1,upper,0,0,0,0
1296,1,lower,0,3,0,0
1296,2,upper,0,0,0,0
1296,2,lower,0,0,0,0
1296,3,upper,0,0,0,0
1296,3,lower,0,0,0,0
1296,4,upper,0,0,0,0
1296,4,lower,0,0,0,0
1296,5,upper,0,0,0,0
1296,5,lower,0,0,0,0
1296,6,upper,0,0,0,0
1296,6,lower,0,0,0,0
1296,7,upper,0,0,0,0
1296,7,lower,0,0,0,0
1296,8,upper,0,0,0,0
1296,8,lower,0,0,0,0
1297,1,upper,0,0,0,0
1297,1,lower,1,1,0,1
1297,2,upper,0,0,0,0
1297,2,lower,0,0,0,0
1297,3,upper,0,0,0,0
1297,3,lower,0,0,0,0
1297,4,upper,0,0,0,0
1297,4,lower,0,0,0,0
1297,5,upper,0,0,0,0
1297,5,lower,0,0,0,0
1297,6,upper,0,0,0,0
1297,6,lower,0,0,0,0
1297,7,upper,0,0,0,0
1297,7,lower,0,0,0,0
1297,8,upper,0,0,0,0
1297,8,lower,0,0,0,0
1298,1,upper,0,0,0,0
1298,1,lower,0,1,0,0
1298,2,upper,0,0,0,0
1298,2,lower,0,0,0,0
1298,3,upper,0,0,0,0
1298,3,lower,0,0,0,0
1298,4,upper,0,0,0,0
1298,4,lower,0,0,0,0
1298,5,upper,0,0,0,0
1298,5,lower,0,0,0,0
1298,6,upper,0,0,0,0
1298,6,lower,0,0,0,0
1298,7,upper,0,0,0,0
1298,7,lower,0,0,0,0
1298,8,upper,0,0,0,0
1298,8,lower,0,0,0,0
1299,1,upper,0,0,0,0
1299,1,lower,2,1,-1,0
1299,2,upper,0,0,0,0
1299,2,lower,0,0,0,0
1299,3,upper,0,0,0,0
1299,3,lower,0,0,0,0
1299,4,upper,0,0,0,0
1299,4,lower,0,0,0,0
1299,5,upper,0,0,0,0
1299,5,lower,0,0,0,0
1299,6,upper,0,0,0,0
1299,6,lower,0,0,0,0
1299,7,upper,0,0,0,0
1299,7,lower,0,0,0,0
1299,8,upper,0,0,0,0
1299,8,lower,0,0,0,0
1300,1,upper,0,0,0,0
1300,1,lower,2,1,1,0
1300,2,upper,0,0,0,0
1300,2,lower,0,0,0,0
1300,3,upper,0,0,0,0
1300,3,lower,0,0,0,0
1300,4,upper,0,0,0,0
1300,4,lower,0,0,0,0
1300,5,upper,0,0,0,0
1300,5,lower,0,0,0,0
1300,6,upper,0,0,0,0
1300,6,lower,0,0,0,0
1300,7,upper,0,0,0,0
1300,7,lower,0,0,0,0
1300,8,upper,0,0,0,0
1300,8,lower,0,0,0,0
1301,1,upper,0,0,0,0
1301,1,lower,2,1,-1,0
1301,2,upper,0,0,0,0
1301,2,lower,0,0,0,0
1301,3,upper,0,0,0,0
1301,3,lower,0,0,0,0
1301,4,upper,0,0,0,0
1301,4,lower,0,0,0,0
1301,5,upper,0,0,0,0
1301,5,lower,0,0,0,0
1301,6,upper,0,0,0,0
1301,6,lower,0,0,0,0
1301,7,upper,0,0,0,0
1301,7,lower,0,0,0,0
1301,8,upper,0,0,0,0
1301,8,lower,0,0,0,0
1302,1,upper,0,0,0,0
1302,1,lower,1,1,-1,-1
1302,2,upper,0,0,0,0
1302,2,lower,0,0,0,0
1302,3,upper,0,0,0,0
1302,3,lower,0,0,0,0
1302,4,upper,0,0,0,0
1302,4,lower,0,0,0,0
1302,5,upper,0,0,0,0
1302,5,lower,0,0,0,0
1302,6,upper,0,0,0,0
1302,6,lower,0,0,0,0
1302,7,upper,0,0,0,0
1302,7,lower,0,0,0,0
1302,8,upper,0,0,0,0
1302,8,lower,0,0,0,0
1303,1,upper,0,0,0,0
1303,1,lower,1,2,0,0
1303,2,upper,0,0,0,0
1303,2,lower,0,0,0,0
1303,3,upper,0,0,0,0
1303,3,lower,0,0,0,0
1303,4,upper,0,0,0,0
1303,4,lower,0,0,0,0
1303,5,upper,0,0,0,0
1303,5,lower,0,0,0,0
1303,6,upper,0,0,0,0
1303,6,lower,0,0,0,0
1303,7,upper,0,0,0,0
1303,7,lower,0,0,0,0
1303,8,upper,0,0,0,0
1303,8,lower,0,0,0,0
1304,1,upper,0,0,0,0
1304,1,lower,1,2,0,0
1304,2,upper,0,0,0,0
1304,2,lower,0,0,0,0
1304,3,upper,0,0,0,0
1304,3,lower,0,0,0,0
1304,4,upper,0,0,0,0
1304,4,lower,0,0,0,0
1304,5,upper,0,0,0,0
1304,5,lower,0,0,0,0
1304,6,upper,0,0,0,0
1304,6,lower,0,0,0,0
1304,7,upper,0,0,0,0
1304,7,lower,0,0,0,0
1304,8,upper,0,0,0,0
1304,8,lower,0,0,0,0
1305,1,upper,0,0,0,0
1305,1,lower,1,2,0,-1
1305,2,upper,0,0,0,0
1305,2,lower,0,0,0,0
1305,3,upper,0,0,0,0
1305,3,lower,0,0,0,0
1305,4,upper,0,0,0,0
1305,4,lower,0,0,0,0
1305,5,upper,0,0,0,0
1305,5,lower,0,0,0,0
1305,6,upper,0,0,0,0
1305,6,lower,0,0,0,0
1305,7,upper,0,0,0,0
1305,7,lower,0,0,0,0
1305,8,upper,0,0,0,0
1305,8,lower,0,0,0,0
1306,1,upper,0,0,0,0
1306,1,lower,2,2,0,-1
1306,2,upper,0,0,0,0
1306,2,lower,0,0,0,0
1306,3,upper,0,0,0,0
1306,3,lower,0,0,0,0
1306,4,upper,0,0,0,0
1306,4,lower,0,0,0,0
1306,5,upper,0,0,0,0
1306,5,lower,0,0,0,0
1306,6,upper,0,0,0,0
1306,6,lower,0,0,0,0
1306,7,upper,0,0,0,0
1306,7,lower,0,0,0,0
1306,8,upper,0,0,0,0
1306,8,lower,0,0,0,0
1307,1,upper,0,0,0,0
1307,1,lower,2,2,-1,0
1307,2,upper,0,0,0,0
1307,2,lower,0,0,0,0
1307,3,upper,0,0,0,0
1307,3,lower,0,0,0,0
1307,4,upper,0,0,0,0
1307,4,lower,0,0,0,0
1307,5,upper,0,0,0,0
1307,5,lower,0,0,0,0
1307,6,upper,0,0,0,0
1307,6,lower,0,0,0,0
1307,7,upper,0,0,0,0
1307,7,lower,0,0,0,0
1307,8,upper,0,0,0,0
1307,8,lower,0,0,0,0
1308,1,upper,0,0,0,0
1308,1,lower,2,1,0,-1
1308,2,upper,0,0,0,0
1308,2,lower,0,0,0,0
1308,3,upper,0,0,0,0
1308,3,lower,0,0,0,0
1308,4,upper,0,0,0,0
1308,4,lower,0,0,0,0
1308,5,upper,0,0,0,0
1308,5,lower,0,0,0,0
1308,6,upper,0,0,0,0
1308,6,lower,0,0,0,0
1308,7,upper,0,0,0,0
1308,7,lower,0,0,0,0
1308,8,upper,0,0,0,0
1308,8,lower,0,0,0,0
1309,1,upper,0,0,0,0
1309,1,lower,2,1,0,1
1309,2,upper,0,0,0,0
1309,2,lower,0,0,0,0
1309,3,upper,0,0,0,0
1309,3,lower,0,0,0,0
1309,4,upper,0,0,0,0
1309,4,lower,0,0,0,0
1309,5,upper,0,0,0,0
1309,5,lower,0,0,0,0
1309,6,upper,0,0,0,0
1309,6,lower,0,0,0,0
1309,7,upper,0,0,0,0
1309,7,lower,0,0,0,0
1309,8,upper,0,0,0,0
1309,8,lower,0,0,0,0
1310,1,upper,0,0,0,0
1310,1,lower,1,2,0,0
1310,2,upper,0,0,0,0
1310,2,lower,0,0,0,0
1310,3,upper,0,0,0,0
1310,3,lower,0,0,0,0
1310,4,upper,0,0,0,0
1310,4,lower,0,0,0,0
1310,5,upper,0,0,0,0
1310,5,lower,0,0,0,0
1310,6,upper,0,0,0,0
1310,6,lower,0,0,0,0
1310,7,upper,0,0,0,0
1310,7,lower,0,0,0,0
1310,8,upper,0,0,0,0
1310,8,lower,0,0,0,0
1311,1,upper,0,0,0,0
1311,1,lower,2,1,1,0
1311,2,upper,0,0,0,0
1311,2,lower,0,0,0,0
1311,3,upper,0,0,0,0
1311,3,lower,0,0,0,0
1311,4,upper,0,0,0,0
1311,4,lower,0,0,0,0
1311,5,upper,0,0,0,0
1311,5,lower,0,0,0,0
1311,6,upper,0,0,0,0
1311,6,lower,0,0,0,0
1311,7,upper,0,0,0,0
1311,7,lower,0,0,0,0
1311,8,upper,0,0,0,0
1311,8,lower,0,0,0,0
1312,1,upper,0,0,0,0
1312,1,lower,0,1,0,-1
1312,2,upper,0,0,0,0
1312,2,lower,0,0,0,0
1312,3,upper,0,0,0,0
1312,3,lower,0,0,0,0
1312,4,upper,0,0,0,0
1312,4,lower,0,0,0,0
1312,5,upper,0,0,0,0
1312,5,lower,0,0,0,0
1312,6,upper,0,0,0,0
1312,6,lower,0,0,0,0
1312,7,upper,0,0,0,0
1312,7,lower,0,0,0,0
1312,8,upper,0,0,0,0
1312,8,lower,0,0,0,0
1313,1,upper,0,0,0,0
1313,1,lower,1,1,-1,-1
1313,2,upper,0,0,0,0
1313,2,lower,0,0,0,0
1313,3,upper,0,0,0,0
1313,3,lower,0,0,0,0
1313,4,upper,0,0,0,0
1313,4,lower,0,0,0,0
1313,5,upper,0,0,0,0
1313,5,lower,0,0,0,0
1313,6,upper,0,0,0,0
1313,6,lower,0,0,0,0
1313,7,upper,0,0,0,0
1313,7,lower,0,0,0,0
1313,8,upper,0,0,0,0
1313,8,lower,0,0,0,0
1314,1,upper,0,0,0,0
1314,1,lower,1,2,-1,0
1314,2,upper,0,0,0,0
1314,2,lower,0,0,0,0
1314,3,upper,0,0,0,0
1314,3,lower,0,0,0,0
1314,4,upper,0,0,0,0
1314,4,lower,0,0,0,0
1314,5,upper,0,0,0,0
1314,5,lower,0,0,0,0
1314,6,upper,0,0,0,0
1314,6,lower,0,0,0,0
1314,7,upper,0,0,0,0
1314,7,lower,0,0,0,0
1314,8,upper,0,0,0,0
1314,8,lower,0,0,0,0
1315,1,upper,0,0,0,0
1315,1,lower,1,2,0,0
1315,2,upper,0,0,0,0
1315,2,lower,0,0,0,0
1315,3,upper,0,0,0,0
1315,3,lower,0,0,0,0
1315,4,upper,0,0,0,0
1315,4,lower,0,0,0,0
1315,5,upper,0,0,0,0
1315,5,lower,0,0,0,0
1315,6,upper,0,0,0,0
1315,6,lower,0,0,0,0
1315,7,upper,0,0,0,0
1315,7,lower,0,0,0,0
1315,8,upper,0,0,0,0
1315,8,lower,0,0,0,0
1316,1,upper,0,0,0,0
1316,1,lower,0,1,0,-1
1316,2,upper,0,0,0,0
1316,2,lower,0,0,0,0
1316,3,upper,0,0,0,0
1316,3,lower,0,0,0,0
1316,4,upper,0,0,0,0
1316,4,lower,0,0,0,0
1316,5,upper,0,0,0,0
1316,5,lower,0,0,0,0
1316,6,upper,0,0,0,0
1316,6,lower,0,0,0,0
1316,7,upper,0,0,0,0
1316,7,lower,0,0,0,0
1316,8,upper,0,0,0,0
1316,8,lower,0,0,0,0
1317,1,upper,0,0,0,0
1317,1,lower,2,2,-1,0
1317,2,upper,0,0,0,0
1317,2,lower,0,0,0,0
1317,3,upper,0,0,0,0
1317,3,lower,0,0,0,0
1317,4,upper,0,0,0,0
1317,4,lower,0,0,0,0
1317,5,upper,0,0,0,0
1317,5,lower,0,0,0,0
1317,6,upper,0,0,0,0
1317,6,lower,0,0,0,0
1317,7,upper,0,0,0,0
1317,7,lower,0,0,0,0
1317,8,upper,0,0,0,0
1317,8,lower,0,0,0,0
1318,1,upper,0,0,0,0
1318,1,lower,1,2,-2,0
1318,2,upper,0,0,0,0
1318,2,lower,0,0,0,0
1318,3,upper,0,0,0,0
1318,3,lower,0,0,0,0
1318,4,upper,0,0,0,0
1318,4,lower,0,0,0,0
1318,5,upper,0,0,0,0
1318,5,lower,0,0,0,0
1318,6,upper,0,0,0,0
1318,6,lower,0,0,0,0
1318,7,upper,0,0,0,0
1318,7,lower,0,0,0,0
1318,8,upper,0,0,0,0
1318,8,lower,0,0,0,0
1319,1,upper,0,0,0,0
1319,1,lower,1,1,0,-1
1319,2,upper,0,0,0,0
1319,2,lower,0,0,0,0
1319,3,upper,0,0,0,0
1319,3,lower,0,0,0,0
1319,4,upper,0,0,0,0
1319,4,lower,0,0,0,0
1319,5,upper,0,0,0,0
1319,5,lower,0,0,0,0
1319,6,upper,0,0,0,0
1319,6,lower,0,0,0,0
1319,7,upper,0,0,0,0
1319,7,lower,0,0,0,0
1319,8,upper,0,0,0,0
1319,8,lower,0,0,0,0
1320,1,upper,0,0,0,0
1320,1,lower,1,2,-2,-1
1320,2,upper,0,0,0,0
1320,2,lower,0,0,0,0
1320,3,upper,0,0,0,0
1320,3,lower,0,0,0,0
1320,4,upper,0,0,0,0
1320,4,lower,0,0,0,0
1320,5,upper,0,0,0,0
1320,5,lower,0,0,0,0
1320,6,upper,0,0,0,0
1320,6,lower,0,0,0,0
1320,7,upper,0,0,0,0
1320,7,lower,0,0,0,0
1320,8,upper,0,0,0,0
1320,8,lower,0,0,0,0
1321,1,upper,0,0,0,0
1321,1,lower,2,1,-1,-1
1321,2,upper,0,0,0,0
1321,2,lower,0,0,0,0
1321,3,upper,0,0,0,0
1321,3,lower,0,0,0,0
1321,4,upper,0,0,0,0
1321,4,lower,0,0,0,0
1321,5,upper,0,0,0,0
1321,5,lower,0,0,0,0
1321,6,upper,0,0,0,0
1321,6,lower,0,0,0,0
1321,7,upper,0,0,0,0
1321,7,lower,0,0,0,0
1321,8,upper,0,0,0,0
1321,8,lower,0,0,0,0
1322,1,upper,0,0,0,0
1322,1,lower,2,1,-2,0
1322,2,upper,0,0,0,0
1322,2,lower,0,0,0,0
1322,3,upper,0,0,0,0
1322,3,lower,0,0,0,0
1322,4,upper,0,0,0,0
1322,4,lower,0,0,0,0
1322,5,upper,0,0,0,0
1322,5,lower,0,0,0,0
1322,6,upper,0,0,0,0
1322,6,lower,0,0,0,0
1322,7,upper,0,0,0,0
1322,7,lower,0,0,0,0
1322,8,upper,0,0,0,0
1322,8,lower,0,0,0,0
1323,1,upper,0,0,0,0
1323,1,lower,2,2,-1,0
1323,2,upper,0,0,0,0
1323,2,lower,0,0,0,0
1323,3,upper,0,0,0,0
1323,3,lower,0,0,0,0
1323,4,upper,0,0,0,0
1323,4,lower,0,0,0,0
1323,5,upper,0,0,0,0
1323,5,lower,0,0,0,0
1323,6,upper,0,0,0,0
1323,6,lower,0,0,0,0
1323,7,upper,0,0,0,0
1323,7,lower,0,0,0,0
1323,8,upper,0,0,0,0
1323,8,lower,0,0,0,0
1324,1,upper,0,0,0,0
1324,1,lower,1,0,-1,-1
1324,2,upper,0,0,0,0
1324,2,lower,0,0,0,0
1324,3,upper,0,0,0,0
1324,3,lower,0,0,0,0
1324,4,upper,0,0,0,0
1324,4,lower,0,0,0,0
1324,5,upper,0,0,0,0
1324,5,lower,0,0,0,0
1324,6,upper,0,0,0,0
1324,6,lower,0,0,0,0
1324,7,upper,0,0,0,0
1324,7,lower,0,0,0,0
1324,8,upper,0,0,0,0
1324,8,lower,0,0,0,0
1325,1,upper,0,0,0,0
1325,1,lower,1,1,-1,-1
1325,2,upper,0,0,0,0
1325,2,lower,0,0,0,0
1325,3,upper,0,0,0,0
1325,3,lower,0,0,0,0
1325,4,upper,0,0,0,0
1325,4,lower,0,0,0,0
1325,5,upper,0,0,0,0
1325,5,lower,0,0,0,0
1325,6,upper,0,0,0,0
1325,6,lower,0,0,0,0
1325,7,upper,0,0,0,0
1325,7,lower,0,0,0,0
1325,8,upper,0,0,0,0
1325,8,lower,0,0,0,0
1326,1,upper,0,0,0,0
1326,1,lower,1,2,0,0
1326,2,upper,0,0,0,0
1326,2,lower,0,0,0,0
1326,3,upper,0,0,0,0
1326,3,lower,0,0,0,0
1326,4,upper,0,0,0,0
1326,4,lower,0,0,0,0
1326,5,upper,0,0,0,0
1326,5,lower,0,0,0,0
1326,6,upper,0,0,0,0
1326,6,lower,0,0,0,0
1326,7,upper,0,0,0,0
1326,7,lower,0,0,0,0
1326,8,upper,0,0,0,0
1326,8,lower,0,0,0,0
1327,1,upper,0,0,0,0
1327,1,lower,1,1,-2,0
1327,2,upper,0,0,0,0
1327,2,lower,0,0,0,0
1327,3,upper,0,0,0,0
1327,3,lower,0,0,0,0
1327,4,upper,0,0,0,0
1327,4,lower,0,0,0,0
1327,5,upper,0,0,0,0
1327,5,lower,0,0,0,0
1327,6,upper,0,0,0,0
1327,6,lower,0,0,0,0
1327,7,upper,0,0,0,0
1327,7,lower,0,0,0,0
1327,8,upper,0,0,0,0
1327,8,lower,0,0,0,0
1328,1,upper,0,0,0,0
1328,1,lower,2,2,-1,-1
1328,2,upper,0,0,0,0
1328,2,lower,0,0,0,0
1328,3,upper,0,0,0,0
1328,3,lower,0,0,0,0
1328,4,upper,0,0,0,0
1328,4,lower,0,0,0,0
1328,5,upper,0,0,0,0
1328,5,lower,0,0,0,0
1328,6,upper,0,0,0,0
1328,6,lower,0,0,0,0
1328,7,upper,0,0,0,0
1328,7,lower,0,0,0,0
1328,8,upper,0,0,0,0
1328,8,lower,0,0,0,0
1329,1,upper,0,0,0,0
1329,1,lower,1,1,-1,0
1329,2,upper,0,0,0,0
1329,2,lower,0,0,0,0
1329,3,upper,0,0,0,0
1329,3,lower,0,0,0,0
1329,4,upper,0,0,0,0
1329,4,lower,0,0,0,0
1329,5,upper,0,0,0,0
1329,5,lower,0,0,0,0
1329,6,upper,0,0,0,0
1329,6,lower,0,0,0,0
1329,7,upper,0,0,0,0
1329,7,lower,0,0,0,0
1329,8,upper,0,0,0,0
1329,8,lower,0,0,0,0
1330,1,upper,0,0,0,0
1330,1,lower,2,1,-2,-1
1330,2,upper,0,0,0,0
1330,2,lower,0,0,0,0
1330,3,upper,0,0,0,0
1330,3,lower,0,0,0,0
1330,4,upper,0,0,0,0
1330,4,lower,0,0,0,0
1330,5,upper,0,0,0,0
1330,5,lower,0,0,0,0
1330,6,upper,0,0,0,0
1330,6,lower,0,0,0,0
1330,7,upper,0,0,0,0
1330,7,lower,0,0,0,0
1330,8,upper,0,0,0,0
1330,8,lower,0,0,0,0
1331,1,upper,0,0,0,0
1331,1,lower,2,2,0,-1
1331,2,upper,0,0,0,0
1331,2,lower,0,0,0,0
1331,3,upper,0,0,0,0
1331,3,lower,0,0,0,0
1331,4,upper,0,0,0,0
1331,4,lower,0,0,0,0
1331,5,upper,0,0,0,0
1331,5,lower,0,0,0,0
1331,6,upper,0,0,0,0
1331,6,lower,0,0,0,0
1331,7,upper,0,0,0,0
1331,7,lower,0,0,0,0
1331,8,upper,0,0,0,0
1331,8,lower,0,0,0,0
1332,1,upper,0,0,0,0
1332,1,lower,2,1,-1,0
1332,2,upper,0,0,0,0
1332,2,lower,0,0,0,0
1332,3,upper,0,0,0,0
1332,3,lower,0,0,0,0
1332,4,upper,0,0,0,0
1332,4,lower,0,0,0,0
1332,5,upper,0,0,0,0
1332,5,lower,0,0,0,0
1332,6,upper,0,0,0,0
1332,6,lower,0,0,0,0
1332,7,upper,0,0,0,0
1332,7,lower,0,0,0,0
1332,8,upper,0,0,0,0
1332,8,lower,0,0,0,0
1333,1,upper,0,0,0,0
1333,1,lower,1,1,0,0
1333,2,upper,0,0,0,0
1333,2,lower,0,0,0,0
1333,3,upper,0,0,0,0
1333,3,lower,0,0,0,0
1333,4,upper,0,0,0,0
1333,4,lower,0,0,0,0
1333,5,upper,0,0,0,0
1333,5,lower,0,0,0,0
1333,6,upper,0,0,0,0
1333,6,lower,0,0,0,0
1333,7,upper,0,0,0,0
1333,7,lower,0,0,0,0
1333,8,upper,0,0,0,0
1333,8,lower,0,0,0,0
1334,1,upper,0,0,0,0
1334,1,lower,1,0,0,0
1334,2,upper,0,0,0,0
1334,2,lower,0,0,0,0
1334,3,upper,0,0,0,0
1334,3,lower,0,0,0,0
1334,4,upper,0,0,0,0
1334,4,lower,0,0,0,0
1334,5,upper,0,0,0,0
1334,5,lower,0,0,0,0
1334,6,upper,0,0,0,0
1334,6,lower,0,0,0,0
1334,7,upper,0,0,0,0
1334,7,lower,0,0,0,0
1334,8,upper,0,0,0,0
1334,8,lower,0,0,0,0
1335,1,upper,0,0,0,0
1335,1,lower,2,1,0,-2
1335,2,upper,0,0,0,0
1335,2,lower,0,0,0,0
1335,3,upper,0,0,0,0
1335,3,lower,0,0,0,0
1335,4,upper,0,0,0,0
1335,4,lower,0,0,0,0
1335,5,upper,0,0,0,0
1335,5,lower,0,0,0,0
1335,6,upper,0,0,0,0
1335,6,lower,0,0,0,0
1335,7,upper,0,0,0,0
1335,7,lower,0,0,0,0
1335,8,upper,0,0,0,0
1335,8,lower,0,0,0,0
1336,1,upper,0,0,0,0
1336,1,lower,1,1,0,0
1336,2,upper,0,0,0,0
1336,2,lower,0,0,0,0
1336,3,upper,0,0,0,0
1336,3,lower,0,0,0,0
1336,4,upper,0,0,0,0
1336,4,lower,0,0,0,0
1336,5,upper,0,0,0,0
1336,5,lower,0,0,0,0
1336,6,upper,0,0,0,0
1336,6,lower,0,0,0,0
1336,7,upper,0,0,0,0
1336,7,lower,0,0,0,0
1336,8,upper,0,0,0,0
1336,8,lower,0,0,0,0
1337,1,upper,0,0,0,0
1337,1,lower,1,0,0,0
1337,2,upper,0,0,0,0
1337,2,lower,0,0,0,0
1337,3,upper,0,0,0,0
1337,3,lower,0,0,0,0
1337,4,upper,0,0,0,0
1337,4,lower,0,0,0,0
1337,5,upper,0,0,0,0
1337,5,lower,0,0,0,0
1337,6,upper,0,0,0,0
1337,6,lower,0,0,0,0
1337,7,upper,0,0,0,0
1337,7,lower,0,0,0,0
1337,8,upper,0,0,0,0
1337,8,lower,0,0,0,0
1338,1,upper,0,0,0,0
1338,1,lower,1,1,0,0
1338,2,upper,0,0,0,0
1338,2,lower,0,0,0,0
1338,3,upper,0,0,0,0
1338,3,lower,0,0,0,0
1338,4,upper,0,0,0,0
1338,4,lower,0,0,0,0
1338,5,upper,0,0,0,0
1338,5,lower,0,0,0,0
1338,6,upper,0,0,0,0
1338,6,lower,0,0,0,0
1338,7,upper,0,0,0,0
1338,7,lower,0,0,0,0
1338,8,upper,0,0,0,0
1338,8,lower,0,0,0,0
1339,1,upper,0,0,0,0
1339,1,lower,2,2,0,-1
1339,2,upper,0,0,0,0
1339,2,lower,0,0,0,0
1339,3,upper,0,0,0,0
1339,3,lower,0,0,0,0
1339,4,upper,0,0,0,0
1339,4,lower,0,0,0,0
1339,5,upper,0,0,0,0
1339,5,lower,0,0,0,0
1339,6,upper,0,0,0,0
1339,6,lower,0,0,0,0
1339,7,upper,0,0,0,0
1339,7,lower,0,0,0,0
1339,8,upper,0,0,0,0
1339,8,lower,0,0,0,0
1340,1,upper,0,0,0,0
1340,1,lower,1,2,0,-1
1340,2,upper,0,0,0,0
1340,2,lower,0,0,0,0
1340,3,upper,0,0,0,0
1340,3,lower,0,0,0,0
1340,4,upper,0,0,0,0
1340,4,lower,0,0,0,0
1340,5,upper,0,0,0,0
1340,5,lower,0,0,0,0
1340,6,upper,0,0,0,0
1340,6,lower,0,0,0,0
1340,7,upper,0,0,0,0
1340,7,lower,0,0,0,0
1340,8,upper,0,0,0,0
1340,8,lower,0,0,0,0
1341,1,upper,0,0,0,0
1341,1,lower,2,1,-1,-1
1341,2,upper,0,0,0,0
1341,2,lower,0,0,0,0
1341,3,upper,0,0,0,0
1341,3,lower,0,0,0,0
1341,4,upper,0,0,0,0
1341,4,lower,0,0,0,0
1341,5,upper,0,0,0,0
1341,5,lower,0,0,0,0
1341,6,upper,0,0,0,0
1341,6,lower,0,0,0,0
1341,7,upper,0,0,0,0
1341,7,lower,0,0,0,0
1341,8,upper,0,0,0,0
1341,8,lower,0,0,0,0
1342,1,upper,0,0,0,0
1342,1,lower,1,1,0,0
1342,2,upper,0,0,0,0
1342,2,lower,0,0,0,0
1342,3,upper,0,0,0,0
1342,3,lower,0,0,0,0
1342,4,upper,0,0,0,0
1342,4,lower,0,0,0,0
1342,5,upper,0,0,0,0
1342,5,lower,0,0,0,0
1342,6,upper,0,0,0,0
1342,6,lower,0,0,0,0
1342,7,upper,0,0,0,0
1342,7,lower,0,0,0,0
1342,8,upper,0,0,0,0
1342,8,lower,0,0,0,0
1343,1,upper,0,0,0,0
1343,1,lower,2,2,1,-1
1343,2,upper,0,0,0,0
1343,2,lower,0,0,0,0
1343,3,upper,0,0,0,0
1343,3,lower,0,0,0,0
1343,4,upper,0,0,0,0
1343,4,lower,0,0,0,0
1343,5,upper,0,0,0,0
1343,5,lower,0,0,0,0
1343,6,upper,0,0,0,0
1343,6,lower,0,0,0,0
1343,7,upper,0,0,0,0
1343,7,lower,0,0,0,0
1343,8,upper,0,0,0,0
1343,8,lower,0,0,0,0
1344,1,upper,0,0,0,0
1344,1,lower,0,0,0,0
1344,2,upper,0,0,0,0
1344,2,lower,0,0,0,0
1344,3,upper,0,0,0,0
1344,3,lower,0,0,0,0
1344,4,upper,0,0,0,0
1344,4,lower,0,0,0,0
1344,5,upper,0,0,0,0
1344,5,lower,0,0,0,0
1344,6,upper,0,0,0,0
1344,6,lower,0,0,0,0
1344,7,upper,0,0,0,0
1344,7,lower,0,0,0,0
1344,8,upper,0,0,0,0
1344,8,lower,0,0,0,0
1345,1,upper,0,0,0,0
1345,1,lower,1,2,-1,0
1345,2,upper,0,0,0,0
1345,2,lower,0,0,0,0
1345,3,upper,0,0,0,0
1345,3,lower,0,0,0,0
1345,4,upper,0,0,0,0
1345,4,lower,0,0,0,0
1345,5,upper,0,0,0,0
1345,5,lower,0,0,0,0
1345,6,upper,0,0,0,0
1345,6,lower,0,0,0,0
1345,7,upper,0,0,0,0
1345,7,lower,0,0,0,0
1345,8,upper,0,0,0,0
1345,8,lower,0,0,0,0
1346,1,upper,0,0,0,0
1346,1,lower,2,1,-1,-1
1346,2,upper,0,0,0,0
1346,2,lower,0,0,0,0
1346,3,upper,0,0,0,0
1346,3,lower,0,0,0,0
1346,4,upper,0,0,0,0
1346,4,lower,0,0,0,0
1346,5,upper,0,0,0,0
1346,5,lower,0,0,0,0
1346,6,upper,0,0,0,0
1346,6,lower,0,0,0,0
1346,7,upper,0,0,0,0
1346,7,lower,0,0,0,0
1346,8,upper,0,0,0,0
1346,8,lower,0,0,0,0
1347,1,upper,0,0,0,0
1347,1,lower,2,1,1,-1
1347,2,upper,0,0,0,0
1347,2,lower,0,0,0,0
1347,3,upper,0,0,0,0
1347,3,lower,0,0,0,0
1347,4,upper,0,0,0,0
1347,4,lower,0,0,0,0
1347,5,upper,0,0,0,0
1347,5,lower,0,0,0,0
1347,6,upper,0,0,0,0
1347,6,lower,0,0,0,0
1347,7,upper,0,0,0,0
1347,7,lower,0,0,0,0
1347,8,upper,0,0,0,0
1347,8,lower,0,0,0,0
1348,1,upper,0,0,0,0
1348,1,lower,1,2,1,0
1348,2,upper,0,0,0,0
1348,2,lower,0,0,0,0
1348,3,upper,0,0,0,0
1348,3,lower,0,0,0,0
1348,4,upper,0,0,0,0
1348,4,lower,0,0,0,0
1348,5,upper,0,0,0,0
1348,5,lower,0,0,0,0
1348,6,upper,0,0,0,0
1348,6,lower,0,0,0,0
1348,7,upper,0,0,0,0
1348,7,lower,0,0,0,0
1348,8,upper,0,0,0,0
1348,8,lower,0,0,0,0
1349,1,upper,0,0,0,0
1349,1,lower,1,1,0,0
1349,2,upper,0,0,0,0
1349,2,lower,0,0,0,0
1349,3,upper,0,0,0,0
1349,3,lower,0,0,0,0
1349,4,upper,0,0,0,0
1349,4,lower,0,0,0,0
1349,5,upper,0,0,0,0
1349,5,lower,0,0,0,0
1349,6,upper,0,0,0,0
1349,6,lower,0,0,0,0
1349,7,upper,0,0,0,0
1349,7,lower,0,0,0,0
1349,8,upper,0,0,0,0
1349,8,lower,0,0,0,0
1350,1,upper,0,0,0,0
1350,1,lower,2,2,1,0
1350,2,upper,0,0,0,0
1350,2,lower,0,0,0,0
1350,3,upper,0,0,0,0
1350,3,lower,0,0,0,0
1350,4,upper,0,0,0,0
1350,4,lower,0,0,0,0
1350,5,upper,0,0,0,0
1350,5,lower,0,0,0,0
1350,6,upper,0,0,0,0
1350,6,lower,0,0,0,0
1350,7,upper,0,0,0,0
1350,7,lower,0,0,0,0
1350,8,upper,0,0,0,0
1350,8,lower,0,0,0,0
1351,1,upper,0,0,0,0
1351,1,lower,2,1,-1,0
1351,2,upper,0,0,0,0
1351,2,lower,0,0,0,0
1351,3,upper,0,0,0,0
1351,3,lower,0,0,0,0
1351,4,upper,0,0,0,0
1351,4,lower,0,0,0,0
1351,5,upper,0,0,0,0
1351,5,lower,0,0,0,0
1351,6,upper,0,0,0,0
1351,6,lower,0,0,0,0
1351,7,upper,0,0,0,0
1351,7,lower,0,0,0,0
1351,8,upper,0,0,0,0
1351,8,lower,0,0,0,0
1352,1,upper,0,0,0,0
1352,1,lower,1,1,-1,-1
1352,2,upper,0,0,0,0
1352,2,lower,0,0,0,0
1352,3,upper,0,0,0,0
1352,3,lower,0,0,0,0
1352,4,upper,0,0,0,0
1352,4,lower,0,0,0,0
1352,5,upper,0,0,0,0
1352,5,lower,0,0,0,0
1352,6,upper,0,0,0,0
1352,6,lower,0,0,0,0
1352,7,upper,0,0,0,0
1352,7,lower,0,0,0,0
1352,8,upper,0,0,0,0
1352,8,lower,0,0,0,0
1353,1,upper,0,0,0,0
1353,1,lower,2,1,0,0
1353,2,upper,0,0,0,0
1353,2,lower,0,0,0,0
1353,3,upper,0,0,0,0
1353,3,lower,0,0,0,0
1353,4,upper,0,0,0,0
1353,4,lower,0,0,0,0
1353,5,upper,0,0,0,0
1353,5,lower,0,0,0,0
1353,6,upper,0,0,0,0
1353,6,lower,0,0,0,0
1353,7,upper,0,0,0,0
1353,7,lower,0,0,0,0
1353,8,upper,0,0,0,0
1353,8,lower,0,0,0,0
1354,1,upper,0,0,0,0
1354,1,lower,1,1,-1,0
1354,2,upper,0,0,0,0
1354,2,lower,0,0,0,0
1354,3,upper,0,0,0,0
1354,3,lower,0,0,0,0
1354,4,upper,0,0,0,0
1354,4,lower,0,0,0,0
1354,5,upper,0,0,0,0
1354,5,lower,0,0,0,0
1354,6,upper,0,0,0,0
1354,6,lower,0,0,0,0
1354,7,upper,0,0,0,0
1354,7,lower,0,0,0,0
1354,8,upper,0,0,0,0
1354,8,lower,0,0,0,0
1355,1,upper,0,0,0,0
1355,1,lower,1,0,-1,0
1355,2,upper,0,0,0,0
1355,2,lower,0,0,0,0
1355,3,upper,0,0,0,0
1355,3,lower,0,0,0,0
1355,4,upper,0,0,0,0
1355,4,lower,0,0,0,0
1355,5,upper,0,0,0,0
1355,5,lower,0,0,0,0
1355,6,upper,0,0,0,0
1355,6,lower,0,0,0,0
1355,7,upper,0,0,0,0
1355,7,lower,0,0,0,0
1355,8,upper,0,0,0,0
1355,8,lower,0,0,0,0
1356,1,upper,0,0,0,0
1356,1,lower,1,1,-1,-1
1356,2,upper,0,0,0,0
1356,2,lower,0,0,0,0
1356,3,upper,0,0,0,0
1356,3,lower,0,0,0,0
1356,4,upper,0,0,0,0
1356,4,lower,0,0,0,0
1356,5,upper,0,0,0,0
1356,5,lower,0,0,0,0
1356,6,upper,0,0,0,0
1356,6,lower,0,0,0,0
1356,7,upper,0,0,0,0
1356,7,lower,0,0,0,0
1356,8,upper,0,0,0,0
1356,8,lower,0,0,0,0
1357,1,upper,0,0,0,0
1357,1,lower,2,1,-1,-1
1357,2,upper,0,0,0,0
1357,2,lower,0,0,0,0
1357,3,upper,0,0,0,0
1357,3,lower,0,0,0,0
1357,4,upper,0,0,0,0
1357,4,lower,0,0,0,0
1357,5,upper,0,0,0,0
1357,5,lower,0,0,0,0
1357,6,upper,0,0,0,0
1357,6,lower,0,0,0,0
1357,7,upper,0,0,0,0
1357,7,lower,0,0,0,0
1357,8,upper,0,0,0,0
1357,8,lower,0,0,0,0
1358,1,upper,0,0,0,0
1358,1,lower,2,2,0,1
1358,2,upper,0,0,0,0
1358,2,lower,0,0,0,0
1358,3,upper,0,0,0,0
1358,3,lower,0,0,0,0
1358,4,upper,0,0,0,0
1358,4,lower,0,0,0,0
1358,5,upper,0,0,0,0
1358,5,lower,0,0,0,0
1358,6,upper,0,0,0,0
1358,6,lower,0,0,0,0
1358,7,upper,0,0,0,0
1358,7,lower,0,0,0,0
1358,8,upper,0,0,0,0
1358,8,lower,0,0,0,0
1359,1,upper,0,0,0,0
1359,1,lower,3,1,-1,0
1359,2,upper,0,0,0,0
1359,2,lower,0,0,0,0
1359,3,upper,0,0,0,0
1359,3,lower,0,0,0,0
1359,4,upper,0,0,0,0
1359,4,lower,0,0,0,0
1359,5,upper,0,0,0,0
1359,5,lower,0,0,0,0
1359,6,upper,0,0,0,0
1359,6,lower,0,0,0,0
1359,7,upper,0,0,0,0
1359,7,lower,0,0,0,0
1359,8,upper,0,0,0,0
1359,8,lower,0,0,0,0
1360,1,upper,0,0,0,0
1360,1,lower,2,1,0,-1
1360,2,upper,0,0,0,0
1360,2,lower,0,0,0,0
1360,3,upper,0,0,0,0
1360,3,lower,0,0,0,0
1360,4,upper,0,0,0,0
1360,4,lower,0,0,0,0
1360,5,upper,0,0,0,0
1360,5,lower,0,0,0,0
1360,6,upper,0,0,0,0
1360,6,lower,0,0,0,0
1360,7,upper,0,0,0,0
1360,7,lower,0,0,0,0
1360,8,upper,0,0,0,0
1360,8,lower,0,0,0,0
1361,1,upper,0,0,0,0
1361,1,lower,2,1,0,-1
1361,2,upper,0,0,0,0
1361,2,lower,0,0,0,0
1361,3,upper,0,0,0,0
1361,3,lower,0,0,0,0
1361,4,upper,0,0,0,0
1361,4,lower,0,0,0,0
1361,5,upper,0,0,0,0
1361,5,lower,0,0,0,0
1361,6,upper,0,0,0,0
1361,6,lower,0,0,0,0
1361,7,upper,0,0,0,0
1361,7,lower,0,0,0,0
1361,8,upper,0,0,0,0
1361,8,lower,0,0,0,0
1362,1,upper,0,0,0,0
1362,1,lower,2,1,1,-1
1362,2,upper,0,0,0,0
1362,2,lower,0,0,0,0
1362,3,upper,0,0,0,0
1362,3,lower,0,0,0,0
1362,4,upper,0,0,0,0
1362,4,lower,0,0,0,0
1362,5,upper,0,0,0,0
1362,5,lower,0,0,0,0
1362,6,upper,0,0,0,0
1362,6,lower,0,0,0,0
1362,7,upper,0,0,0,0
1362,7,lower,0,0,0,0
1362,8,upper,0,0,0,0
1362,8,lower,0,0,0,0
1363,1,upper,0,0,0,0
1363,1,lower,1,2,0,-1
1363,2,upper,0,0,0,0
1363,2,lower,0,0,0,0
1363,3,upper,0,0,0,0
1363,3,lower,0,0,0,0
1363,4,upper,0,0,0,0
1363,4,lower,0,0,0,0
1363,5,upper,0,0,0,0
1363,5,lower,0,0,0,0
1363,6,upper,0,0,0,0
1363,6,lower,0,0,0,0
1363,7,upper,0,0,0,0
1363,7,lower,0,0,0,0
1363,8,upper,0,0,0,0
1363,8,lower,0,0,0,0
1364,1,upper,0,0,0,0
1364,1,lower,0,1,-1,-1
1364,2,upper,0,0,0,0
1364,2,lower,0,0,0,0
1364,3,upper,0,0,0,0
1364,3,lower,0,0,0,0
1364,4,upper,0,0,0,0
1364,4,lower,0,0,0,0
1364,5,upper,0,0,0,0
1364,5,lower,0,0,0,0
1364,6,upper,0,0,0,0
1364,6,lower,0,0,0,0
1364,7,upper,0,0,0,0
1364,7,lower,0,0,0,0
1364,8,upper,0,0,0,0
1364,8,lower,0,0,0,0
1365,1,upper,0,0,0,0
1365,1,lower,1,1,0,1
1365,2,upper,0,0,0,0
1365,2,lower,0,0,0,0
1365,3,upper,0,0,0,0
1365,3,lower,0,0,0,0
1365,4,upper,0,0,0,0
1365,4,lower,0,0,0,0
1365,5,upper,0,0,0,0
1365,5,lower,0,0,0,0
1365,6,upper,0,0,0,0
1365,6,lower,0,0,0,0
1365,7,upper,0,0,0,0
1365,7,lower,0,0,0,0
1365,8,upper,0,0,0,0
1365,8,lower,0,0,0,0
1366,1,upper,0,0,0,0
1366,1,lower,2,1,0,-1
1366,2,upper,0,0,0,0
1366,2,lower,0,0,0,0
1366,3,upper,0,0,0,0
1366,3,lower,0,0,0,0
1366,4,upper,0,0,0,0
1366,4,lower,0,0,0,0
1366,5,upper,0,0,0,0
1366,5,lower,0,0,0,0
1366,6,upper,0,0,0,0
1366,6,lower,0,0,0,0
1366,7,upper,0,0,0,0
1366,7,lower,0,0,0,0
1366,8,upper,0,0,0,0
1366,8,lower,0,0,0,0
1367,1,upper,0,0,0,0
1367,1,lower,1,1,-1,-1
1367,2,upper,0,0,0,0
1367,2,lower,0,0,0,0
1367,3,upper,0,0,0,0
1367,3,lower,0,0,0,0
1367,4,upper,0,0,0,0
1367,4,lower,0,0,0,0
1367,5,upper,0,0,0,0
1367,5,lower,0,0,0,0
1367,6,upper,0,0,0,0
1367,6,lower,0,0,0,0
1367,7,upper,0,0,0,0
1367,7,lower,0,0,0,0
1367,8,upper,0,0,0,0
1367,8,lower,0,0,0,0
1368,1,upper,0,0,0,0
1368,1,lower,2,2,0,0
1368,2,upper,0,0,0,0
1368,2,lower,0,0,0,0
1368,3,upper,0,0,0,0
1368,3,lower,0,0,0,0
1368,4,upper,0,0,0,0
1368,4,lower,0,0,0,0
1368,5,upper,0,0,0,0
1368,5,lower,0,0,0,0
1368,6,upper,0,0,0,0
1368,6,lower,0,0,0,0
1368,7,upper,0,0,0,0
1368,7,lower,0,0,0,0
1368,8,upper,0,0,0,0
1368,8,lower,0,0,0,0
1369,1,upper,0,0,0,0
1369,1,lower,2,1,-1,-1
1369,2,upper,0,0,0,0
1369,2,lower,0,0,0,0
1369,3,upper,0,0,0,0
1369,3,lower,0,0,0,0
1369,4,upper,0,0,0,0
1369,4,lower,0,0,0,0
1369,5,upper,0,0,0,0
1369,5,lower,0,0,0,0
1369,6,upper,0,0,0,0
1369,6,lower,0,0,0,0
1369,7,upper,0,0,0,0
1369,7,lower,0,0,0,0
1369,8,upper,0,0,0,0
1369,8,lower,0,0,0,0
1370,1,upper,0,0,0,0
1370,1,lower,2,1,1,1
1370,2,upper,0,0,0,0
1370,2,lower,0,0,0,0
1370,3,upper,0,0,0,0
1370,3,lower,0,0,0,0
1370,4,upper,0,0,0,0
1370,4,lower,0,0,0,0
1370,5,upper,0,0,0,0
1370,5,lower,0,0,0,0
1370,6,upper,0,0,0,0
1370,6,lower,0,0,0,0
1370,7,upper,0,0,0,0
1370,7,lower,0,0,0,0
1370,8,upper,0,0,0,0
1370,8,lower,0,0,0,0
1371,1,upper,0,0,0,0
1371,1,lower,1,2,0,0
1371,2,upper,0,0,0,0
1371,2,lower,0,0,0,0
1371,3,upper,0,0,0,0
1371,3,lower,0,0,0,0
1371,4,upper,0,0,0,0
1371,4,lower,0,0,0,0
1371,5,upper,0,0,0,0
1371,5,lower,0,0,0,0
1371,6,upper,0,0,0,0
1371,6,lower,0,0,0,0
1371,7,upper,0,0,0,0
1371,7,lower,0,0,0,0
1371,8,upper,0,0,0,0
1371,8,lower,0,0,0,0
1372,1,upper,0,0,0,0
1372,1,lower,2,0,-1,-1
1372,2,upper,0,0,0,0
1372,2,lower,0,0,0,0
1372,3,upper,0,0,0,0
1372,3,lower,0,0,0,0
1372,4,upper,0,0,0,0
1372,4,lower,0,0,0,0
1372,5,upper,0,0,0,0
1372,5,lower,0,0,0,0
1372,6,upper,0,0,0,0
1372,6,lower,0,0,0,0
1372,7,upper,0,0,0,0
1372,7,lower,0,0,0,0
1372,8,upper,0,0,0,0
1372,8,lower,0,0,0,0
1373,1,upper,0,0,0,0
1373,1,lower,2,1,-1,-1
1373,2,upper,0,0,0,0
1373,2,lower,0,0,0,0
1373,3,upper,0,0,0,0
1373,3,lower,0,0,0,0
1373,4,upper,0,0,0,0
1373,4,lower,0,0,0,0
1373,5,upper,0,0,0,0
1373,5,lower,0,0,0,0
1373,6,upper,0,0,0,0
1373,6,lower,0,0,0,0
1373,7,upper,0,0,0,0
1373,7,lower,0,0,0,0
1373,8,upper,0,0,0,0
1373,8,lower,0,0,0,0
1374,1,upper,0,0,0,0
1374,1,lower,2,2,-1,0
1374,2,upper,0,0,0,0
1374,2,lower,0,0,0,0
1374,3,upper,0,0,0,0
1374,3,lower,0,0,0,0
1374,4,upper,0,0,0,0
1374,4,lower,0,0,0,0
1374,5,upper,0,0,0,0
1374,5,lower,0,0,0,0
1374,6,upper,0,0,0,0
1374,6,lower,0,0,0,0
1374,7,upper,0,0,0,0
1374,7,lower,0,0,0,0
1374,8,upper,0,0,0,0
1374,8,lower,0,0,0,0
1375,1,upper,0,0,0,0
1375,1,lower,1,2,0,-2
1375,2,upper,0,0,0,0
1375,2,lower,0,0,0,0
1375,3,upper,0,0,0,0
1375,3,lower,0,0,0,0
1375,4,upper,0,0,0,0
1375,4,lower,0,0,0,0
1375,5,upper,0,0,0,0
1375,5,lower,0,0,0,0
1375,6,upper,0,0,0,0
1375,6,lower,0,0,0,0
1375,7,upper,0,0,0,0
1375,7,lower,0,0,0,0
1375,8,upper,0,0,0,0
1375,8,lower,0,0,0,0
1376,1,upper,0,0,0,0
1376,1,lower,1,3,-1,-1
1376,2,upper,0,0,0,0
1376,2,lower,0,0,0,0
1376,3,upper,0,0,0,0
1376,3,lower,0,0,0,0
1376,4,upper,0,0,0,0
1376,4,lower,0,0,0,0
1376,5,upper,0,0,0,0
1376,5,lower,0,0,0,0
1376,6,upper,0,0,0,0
1376,6,lower,0,0,0,0
1376,7,upper,0,0,0,0
1376,7,lower,0,0,0,0
1376,8,upper,0,0,0,0
1376,8,lower,0,0,0,0
1377,1,upper,0,0,0,0
1377,1,lower,1,1,-1,0
1377,2,upper,0,0,0,0
1377,2,lower,0,0,0,0
1377,3,upper,0,0,0,0
1377,3,lower,0,0,0,0
1377,4,upper,0,0,0,0
1377,4,lower,0,0,0,0
1377,5,upper,0,0,0,0
1377,5,lower,0,0,0,0
1377,6,upper,0,0,0,0
1377,6,lower,0,0,0,0
1377,7,upper,0,0,0,0
1377,7,lower,0,0,0,0
1377,8,upper,0,0,0,0
1377,8,lower,0,0,0,0
1378,1,upper,0,0,0,0
1378,1,lower,2,1,-1,-1
1378,2,upper,0,0,0,0
1378,2,lower,0,0,0,0
1378,3,upper,0,0,0,0
1378,3,lower,0,0,0,0
1378,4,upper,0,0,0,0
1378,4,lower,0,0,0,0
1378,5,upper,0,0,0,0
1378,5,lower,0,0,0,0
1378,6,upper,0,0,0,0
1378,6,lower,0,0,0,0
1378,7,upper,0,0,0,0
1378,7,lower,0,0,0,0
1378,8,upper,0,0,0,0
1378,8,lower,0,0,0,0
1379,1,upper,0,0,0,0
1379,1,lower,0,2,-1,-1
1379,2,upper,0,0,0,0
1379,2,lower,0,0,0,0
1379,3,upper,0,0,0,0
1379,3,lower,0,0,0,0
1379,4,upper,0,0,0,0
1379,4,lower,0,0,0,0
1379,5,upper,0,0,0,0
1379,5,lower,0,0,0,0
1379,6,upper,0,0,0,0
1379,6,lower,0,0,0,0
1379,7,upper,0,0,0,0
1379,7,lower,0,0,0,0
1379,8,upper,0,0,0,0
1379,8,lower,0,0,0,0
1380,1,upper,0,0,0,0
1380,1,lower,2,0,-1,-1
1380,2,upper,0,0,0,0
1380,2,lower,0,0,0,0
1380,3,upper,0,0,0,0
1380,3,lower,0,0,0,0
1380,4,upper,0,0,0,0
1380,4,lower,0,0,0,0
1380,5,upper,0,0,0,0
1380,5,lower,0,0,0,0
1380,6,upper,0,0,0,0
1380,6,lower,0,0,0,0
1380,7,upper,0,0,0,0
1380,7,lower,0,0,0,0
1380,8,upper,0,0,0,0
1380,8,lower,0,0,0,0
1381,1,upper,0,0,0,0
1381,1,lower,1,1,0,0
1381,2,upper,0,0,0,0
1381,2,lower,0,0,0,0
1381,3,upper,0,0,0,0
1381,3,lower,0,0,0,0
1381,4,upper,0,0,0,0
1381,4,lower,0,0,0,0
1381,5,upper,0,0,0,0
1381,5,lower,0,0,0,0
1381,6,upper,0,0,0,0
1381,6,lower,0,0,0,0
1381,7,upper,0,0,0,0
1381,7,lower,0,0,0,0
1381,8,upper,0,0,0,0
1381,8,lower,0,0,0,0
1382,1,upper,0,0,0,0
1382,1,lower,1,2,-1,-1
1382,2,upper,0,0,0,0
1382,2,lower,0,0,0,0
1382,3,upper,0,0,0,0
1382,3,lower,0,0,0,0
1382,4,upper,0,0,0,0
1382,4,lower,0,0,0,0
1382,5,upper,0,0,0,0
1382,5,lower,0,0,0,0
1382,6,upper,0,0,0,0
1382,6,lower,0,0,0,0
1382,7,upper,0,0,0,0
1382,7,lower,0,0,0,0
1382,8,upper,0,0,0,0
1382,8,lower,0,0,0,0
1383,1,upper,0,0,0,0
1383,1,lower,1,2,-1,-1
1383,2,upper,0,0,0,0
1383,2,lower,0,0,0,0
1383,3,upper,0,0,0,0
1383,3,lower,0,0,0,0
1383,4,upper,0,0,0,0
1383,4,lower,0,0,0,0
1383,5,upper,0,0,0,0
1383,5,lower,0,0,0,0
1383,6,upper,0,0,0,0
1383,6,lower,0,0,0,0
1383,7,upper,0,0,0,0
1383,7,lower,0,0,0,0
1383,8,upper,0,0,0,0
1383,8,lower,0,0,0,0
1384,1,upper,0,0,0,0
1384,1,lower,2,1,0,0
1384,2,upper,0,0,0,0
1384,2,lower,0,0,0,0
1384,3,upper,0,0,0,0
1384,3,lower,0,0,0,0
1384,4,upper,0,0,0,0
1384,4,lower,0,0,0,0
1384,5,upper,0,0,0,0
1384,5,lower,0,0,0,0
1384,6,upper,0,0,0,0
1384,6,lower,0,0,0,0
1384,7,upper,0,0,0,0
1384,7,lower,0,0,0,0
1384,8,upper,0,0,0,0
1384,8,lower,0,0,0,0
1385,1,upper,0,0,0,0
1385,1,lower,2,2,0,0
1385,2,upper,0,0,0,0
1385,2,lower,0,0,0,0
1385,3,upper,0,0,0,0
1385,3,lower,0,0,0,0
1385,4,upper,0,0,0,0
1385,4,lower,0,0,0,0
1385,5,upper,0,0,0,0
1385,5,lower,0,0,0,0
1385,6,upper,0,0,0,0
1385,6,lower,0,0,0,0
1385,7,upper,0,0,0,0
1385,7,lower,0,0,0,0
1385,8,upper,0,0,0,0
1385,8,lower,0,0,0,0
1386,1,upper,0,0,0,0
1386,1,lower,2,1,0,0
1386,2,upper,0,0,0,0
1386,2,lower,0,0,0,0
1386,3,upper,0,0,0,0
1386,3,lower,0,0,0,0
1386,4,upper,0,0,0,0
1386,4,lower,0,0,0,0
1386,5,upper,0,0,0,0
1386,5,lower,0,0,0,0
1386,6,upper,0,0,0,0
1386,6,lower,0,0,0,0
1386,7,upper,0,0,0,0
1386,7,lower,0,0,0,0
1386,8,upper,0,0,0,0
1386,8,lower,0,0,0,0
1387,1,upper,0,0,0,0
1387,1,lower,2,1,-1,0
1387,2,upper,0,0,0,0
1387,2,lower,0,0,0,0
1387,3,upper,0,0,0,0
1387,3,lower,0,0,0,0
1387,4,upper,0,0,0,0
1387,4,lower,0,0,0,0
1387,5,upper,0,0,0,0
1387,5,lower,0,0,0,0
1387,6,upper,0,0,0,0
1387,6,lower,0,0,0,0
1387,7,upper,0,0,0,0
1387,7,lower,0,0,0,0
1387,8,upper,0,0,0,0
1387,8,lower,0,0,0,0
1388,1,upper,0,0,0,0
1388,1,lower,1,2,0,0
1388,2,upper,0,0,0,0
1388,2,lower,0,0,0,0
1388,3,upper,0,0,0,0
1388,3,lower,0,0,0,0
1388,4,upper,0,0,0,0
1388,4,lower,0,0,0,0
1388,5,upper,0,0,0,0
1388,5,lower,0,0,0,0
1388,6,upper,0,0,0,0
1388,6,lower,0,0,0,0
1388,7,upper,0,0,0,0
1388,7,lower,0,0,0,0
1388,8,upper,0,0,0,0
1388,8,lower,0,0,0,0
1389,1,upper,0,0,0,0
1389,1,lower,2,1,-1,0
1389,2,upper,0,0,0,0
1389,2,lower,0,0,0,0
1389,3,upper,0,0,0,0
1389,3,lower,0,0,0,0
1389,4,upper,0,0,0,0
1389,4,lower,0,0,0,0
1389,5,upper,0,0,0,0
1389,5,lower,0,0,0,0
1389,6,upper,0,0,0,0
1389,6,lower,0,0,0,0
1389,7,upper,0,0,0,0
1389,7,lower,0,0,0,0
1389,8,upper,0,0,0,0
1389,8,lower,0,0,0,0
1390,1,upper,0,0,0,0
1390,1,lower,1,2,0,0
1390,2,upper,0,0,0,0
1390,2,lower,0,0,0,0
1390,3,upper,0,0,0,0
1390,3,lower,0,0,0,0
1390,4,upper,0,0,0,0
1390,4,lower,0,0,0,0
1390,5,upper,0,0,0,0
1390,5,lower,0,0,0,0
1390,6,upper,0,0,0,0
1390,6,lower,0,0,0,0
1390,7,upper,0,0,0,0
1390,7,lower,0,0,0,0
1390,8,upper,0,0,0,0
1390,8,lower,0,0,0,0
1391,1,upper,0,0,0,0
1391,1,lower,1,2,-1,-1
1391,2,upper,0,0,0,0
1391,2,lower,0,0,0,0
1391,3,upper,0,0,0,0
1391,3,lower,0,0,0,0
1391,4,upper,0,0,0,0
1391,4,lower,0,0,0,0
1391,5,upper,0,0,0,0
1391,5,lower,0,0,0,0
1391,6,upper,0,0,0,0
1391,6,lower,0,0,0,0
1391,7,upper,0,0,0,0
1391,7,lower,0,0,0,0
1391,8,upper,0,0,0,0
1391,8,lower,0,0,0,0
1392,1,upper,0,0,0,0
1392,1,lower,1,2,-1,0
1392,2,upper,0,0,0,0
1392,2,lower,0,0,0,0
1392,3,upper,0,0,0,0
1392,3,lower,0,0,0,0
1392,4,upper,0,0,0,0
1392,4,lower,0,0,0,0
1392,5,upper,0,0,0,0
1392,5,lower,0,0,0,0
1392,6,upper,0,0,0,0
1392,6,lower,0,0,0,0
1392,7,upper,0,0,0,0
1392,7,lower,0,0,0,0
1392,8,upper,0,0,0,0
1392,8,lower,0,0,0,0
1393,1,upper,0,0,0,0
1393,1,lower,2,1,0,0
1393,2,upper,0,0,0,0
1393,2,lower,0,0,0,0
1393,3,upper,0,0,0,0
1393,3,lower,0,0,0,0
1393,4,upper,0,0,0,0
1393,4,lower,0,0,0,0
1393,5,upper,0,0,0,0
1393,5,lower,0,0,0,0
1393,6,upper,0,0,0,0
1393,6,lower,0,0,0,0
1393,7,upper,0,0,0,0
1393,7,lower,0,0,0,0
1393,8,upper,0,0,0,0
1393,8,lower,0,0,0,0
1394,1,upper,0,0,0,0
1394,1,lower,2,2,-1,0
1394,2,upper,0,0,0,0
1394,2,lower,0,0,0,0
1394,3,upper,0,0,0,0
1394,3,lower,0,0,0,0
1394,4,upper,0,0,0,0
1394,4,lower,0,0,0,0
1394,5,upper,0,0,0,0
1394,5,lower,0,0,0,0
1394,6,upper,0,0,0,0
1394,6,lower,0,0,0,0
1394,7,upper,0,0,0,0
1394,7,lower,0,0,0,0
1394,8,upper,0,0,0,0
1394,8,lower,0,0,0,0
1395,1,upper,0,0,0,0
1395,1,lower,2,2,1,0
1395,2,upper,0,0,0,0
1395,2,lower,0,0,0,0
1395,3,upper,0,0,0,0
1395,3,lower,0,0,0,0
1395,4,upper,0,0,0,0
1395,4,lower,0,0,0,0
1395,5,upper,0,0,0,0
1395,5,lower,0,0,0,0
1395,6,upper,0,0,0,0
1395,6,lower,0,0,0,0
1395,7,upper,0,0,0,0
1395,7,lower,0,0,0,0
1395,8,upper,0,0,0,0
1395,8,lower,0,0,0,0
1396,1,upper,0,0,0,0
1396,1,lower,2,2,0,0
1396,2,upper,0,0,0,0
1396,2,lower,0,0,0,0
1396,3,upper,0,0,0,0
1396,3,lower,0,0,0,0
1396,4,upper,0,0,0,0
1396,4,lower,0,0,0,0
1396,5,upper,0,0,0,0
1396,5,lower,0,0,0,0
1396,6,upper,0,0,0,0
1396,6,lower,0,0,0,0
1396,7,upper,0,0,0,0
1396,7,lower,0,0,0,0
1396,8,upper,0,0,0,0
1396,8,lower,0,0,0,0
1397,1,upper,0,0,0,0
1397,1,lower,0,1,0,0
1397,2,upper,0,0,0,0
1397,2,lower,0,0,0,0
1397,3,upper,0,0,0,0
1397,3,lower,0,0,0,0
1397,4,upper,0,0,0,0
1397,4,lower,0,0,0,0
1397,5,upper,0,0,0,0
1397,5,lower,0,0,0,0
1397,6,upper,0,0,0,0
1397,6,lower,0,0,0,0
1397,7,upper,0,0,0,0
1397,7,lower,0,0,0,0
1397,8,upper,0,0,0,0
1397,8,lower,0,0,0,0
1398,1,upper,0,0,0,0
1398,1,lower,2,1,1,0
1398,2,upper,0,0,0,0
1398,2,lower,0,0,0,0
1398,3,upper,0,0,0,0
1398,3,lower,0,0,0,0
1398,4,upper,0,0,0,0
1398,4,lower,0,0,0,0
1398,5,upper,0,0,0,0
1398,5,lower,0,0,0,0
1398,6,upper,0,0,0,0
1398,6,lower,0,0,0,0
1398,7,upper,0,0,0,0
1398,7,lower,0,0,0,0
1398,8,upper,0,0,0,0
1398,8,lower,0,0,0,0
1399,1,upper,0,0,0,0
1399,1,lower,1,2,0,-1
1399,2,upper,0,0,0,0
1399,2,lower,0,0,0,0
1399,3,upper,0,0,0,0
1399,3,lower,0,0,0,0
1399,4,upper,0,0,0,0
1399,4,lower,0,0,0,0
1399,5,upper,0,0,0,0
1399,5,lower,0,0,0,0
1399,6,upper,0,0,0,0
1399,6,lower,0,0,0,0
1399,7,upper,0,0,0,0
1399,7,lower,0,0,0,0
1399,8,upper,0,0,0,0
1399,8,lower,0,0,0,0
1400,1,upper,0,0,0,0
1400,1,lower,1,2,0,0
1400,2,upper,0,0,0,0
1400,2,lower,0,0,0,0
1400,3,upper,0,0,0,0
1400,3,lower,0,0,0,0
1400,4,upper,0,0,0,0
1400,4,lower,0,0,0,0
1400,5,upper,0,0,0,0
1400,5,lower,0,0,0,0
1400,6,upper,0,0,0,0
1400,6,lower,0,0,0,0
1400,7,upper,0,0,0,0
1400,7,lower,0,0,0,0
1400,8,upper,0,0,0,0
1400,8,lower,0,0,0,0
1401,1,upper,0,0,0,0
1401,1,lower,2,2,0,-1
1401,2,upper,0,0,0,0
1401,2,lower,0,0,0,0
1401,3,upper,0,0,0,0
1401,3,lower,0,0,0,0
1401,4,upper,0,0,0,0
1401,4,lower,0,0,0,0
1401,5,upper,0,0,0,0
1401,5,lower,0,0,0,0
1401,6,upper,0,0,0,0
1401,6,lower,0,0,0,0
1401,7,upper,0,0,0,0
1401,7,lower,0,0,0,0
1401,8,upper,0,0,0,0
1401,8,lower,0,0,0,0
1402,1,upper,0,0,0,0
1402,1,lower,1,2,0,-1
1402,2,upper,0,0,0,0
1402,2,lower,0,0,0,0
1402,3,upper,0,0,0,0
1402,3,lower,0,0,0,0
1402,4,upper,0,0,0,0
1402,4,lower,0,0,0,0
1402,5,upper,0,0,0,0
1402,5,lower,0,0,0,0
1402,6,upper,0,0,0,0
1402,6,lower,0,0,0,0
1402,7,upper,0,0,0,0
1402,7,lower,0,0,0,0
1402,8,upper,0,0,0,0
1402,8,lower,0,0,0,0
1403,1,upper,0,0,0,0
1403,1,lower,1,2,-1,-1
1403,2,upper,0,0,0,0
1403,2,lower,0,0,0,0
1403,3,upper,0,0,0,0
1403,3,lower,0,0,0,0
1403,4,upper,0,0,0,0
1403,4,lower,0,0,0,0
1403,5,upper,0,0,0,0
1403,5,lower,0,0,0,0
1403,6,upper,0,0,0,0
1403,6,lower,0,0,0,0
1403,7,upper,0,0,0,0
1403,7,lower,0,0,0,0
1403,8,upper,0,0,0,0
1403,8,lower,0,0,0,0
1404,1,upper,0,0,0,0
1404,1,lower,2,1,-1,-1
1404,2,upper,0,0,0,0
1404,2,lower,0,0,0,0
1404,3,upper,0,0,0,0
1404,3,lower,0,0,0,0
1404,4,upper,0,0,0,0
1404,4,lower,0,0,0,0
1404,5,upper,0,0,0,0
1404,5,lower,0,0,0,0
1404,6,upper,0,0,0,0
1404,6,lower,0,0,0,0
1404,7,upper,0,0,0,0
1404,7,lower,0,0,0,0
1404,8,upper,0,0,0,0
1404,8,lower,0,0,0,0
1405,1,upper,0,0,0,0
1405,1,lower,1,3,-1,0
1405,2,upper,0,0,0,0
1405,2,lower,0,0,0,0
1405,3,upper,0,0,0,0
1405,3,lower,0,0,0,0
1405,4,upper,0,0,0,0
1405,4,lower,0,0,0,0
1405,5,upper,0,0,0,0
1405,5,lower,0,0,0,0
1405,6,upper,0,0,0,0
1405,6,lower,0,0,0,0
1405,7,upper,0,0,0,0
1405,7,lower,0,0,0,0
1405,8,upper,0,0,0,0
1405,8,lower,0,0,0,0
1406,1,upper,0,0,0,0
1406,1,lower,1,2,0,0
1406,2,upper,0,0,0,0
1406,2,lower,0,0,0,0
1406,3,upper,0,0,0,0
1406,3,lower,0,0,0,0
1406,4,upper,0,0,0,0
1406,4,lower,0,0,0,0
1406,5,upper,0,0,0,0
1406,5,lower,0,0,0,0
1406,6,upper,0,0,0,0
1406,6,lower,0,0,0,0
1406,7,upper,0,0,0,0
1406,7,lower,0,0,0,0
1406,8,upper,0,0,0,0
1406,8,lower,0,0,0,0
1407,1,upper,0,0,0,0
1407,1,lower,2,2,-1,-1
1407,2,upper,0,0,0,0
1407,2,lower,0,0,0,0
1407,3,upper,0,0,0,0
1407,3,lower,0,0,0,0
1407,4,upper,0,0,0,0
1407,4,lower,0,0,0,0
1407,5,upper,0,0,0,0
1407,5,lower,0,0,0,0
1407,6,upper,0,0,0,0
1407,6,lower,0,0,0,0
1407,7,upper,0,0,0,0
1407,7,lower,0,0,0,0
1407,8,upper,0,0,0,0
1407,8,lower,0,0,0,0
1408,1,upper,0,0,0,0
1408,1,lower,0,0,0,0
1408,2,upper,0,0,0,0
1408,2,lower,0,0,0,0
1408,3,upper,0,0,0,0
1408,3,lower,0,0,0,0
1408,4,upper,0,0,0,0
1408,4,lower,0,0,0,0
1408,5,upper,0,0,0,0
1408,5,lower,0,0,0,0
1408,6,upper,0,0,0,0
1408,6,lower,0,0,0,0
1408,7,upper,0,0,0,0
1408,7,lower,0,0,0,0
1408,8,upper,0,0,0,0
1408,8,lower,0,0,0,0
1409,1,upper,0,0,0,0
1409,1,lower,1,1,0,0
1409,2,upper,0,0,0,0
1409,2,lower,0,0,0,0
1409,3,upper,0,0,0,0
1409,3,lower,0,0,0,0
1409,4,upper,0,0,0,0
1409,4,lower,0,0,0,0
1409,5,upper,0,0,0,0
1409,5,lower,0,0,0,0
1409,6,upper,0,0,0,0
1409,6,lower,0,0,0,0
1409,7,upper,0,0,0,0
1409,7,lower,0,0,0,0
1409,8,upper,0,0,0,0
1409,8,lower,0,0,0,0
1410,1,upper,0,0,0,0
1410,1,lower,2,0,0,0
1410,2,upper,0,0,0,0
1410,2,lower,1,2,0,0
1410,3,upper,0,0,0,0
1410,3,lower,0,0,0,0
1410,4,upper,0,0,0,0
1410,4,lower,0,0,0,0
1410,5,upper,0,0,0,0
1410,5,lower,0,0,0,0
1410,6,upper,0,0,0,0
1410,6,lower,0,0,0,0
1410,7,upper,0,0,0,0
1410,7,lower,0,0,0,0
1410,8,upper,0,0,0,0
1410,8,lower,0,0,0,0
1411,1,upper,0,0,0,0
1411,1,lower,3,0,0,0
1411,2,upper,0,0,0,0
1411,2,lower,2,1,0,-1
1411,3,upper,0,0,0,0
1411,3,lower,0,0,0,0
1411,4,upper,0,0,0,0
1411,4,lower,0,0,0,0
1411,5,upper,0,0,0,0
1411,5,lower,0,0,0,0
1411,6,upper,0,0,0,0
1411,6,lower,0,0,0,0
1411,7,upper,0,0,0,0
1411,7,lower,0,0,0,0
1411,8,upper,0,0,0,0
1411,8,lower,0,0,0,0
1412,1,upper,0,0,0,0
1412,1,lower,3,1,0,0
1412,2,upper,0,0,0,0
1412,2,lower,1,1,-1,1
1412,3,upper,0,0,0,0
1412,3,lower,0,0,0,0
1412,4,upper,0,0,0,0
1412,4,lower,0,0,0,0
1412,5,upper,0,0,0,0
1412,5,lower,0,0,0,0
1412,6,upper,0,0,0,0
1412,6,lower,0,0,0,0
1412,7,upper,0,0,0,0
1412,7,lower,0,0,0,0
1412,8,upper,0,0,0,0
1412,8,lower,0,0,0,0
1413,1,upper,0,0,0,0
1413,1,lower,2,3,0,0
1413,2,upper,0,0,0,0
1413,2,lower,1,2,-1,0
1413,3,upper,0,0,0,0
1413,3,lower,0,0,0,0
1413,4,upper,0,0,0,0
1413,4,lower,0,0,0,0
1413,5,upper,0,0,0,0
1413,5,lower,0,0,0,0
1413,6,upper,0,0,0,0
1413,6,lower,0,0,0,0
1413,7,upper,0,0,0,0
1413,7,lower,0,0,0,0
1413,8,upper,0,0,0,0
1413,8,lower,0,0,0,0
1414,1,upper,0,0,0,0
1414,1,lower,3,0,0,0
1414,2,upper,0,0,0,0
1414,2,lower,2,0,-1,-1
1414,3,upper,0,0,0,0
1414,3,lower,0,0,0,0
1414,4,upper,0,0,0,0
1414,4,lower,0,0,0,0
1414,5,upper,0,0,0,0
1414,5,lower,0,0,0,0
1414,6,upper,0,0,0,0
1414,6,lower,0,0,0,0
1414,7,upper,0,0,0,0
1414,7,lower,0,0,0,0
1414,8,upper,0,0,0,0
1414,8,lower,0,0,0,0
1415,1,upper,0,0,0,0
1415,1,lower,0,1,0,0
1415,2,upper,0,0,0,0
1415,2,lower,2,1,-1,-1
1415,3,upper,0,0,0,0
1415,3,lower,0,0,0,0
1415,4,upper,0,0,0,0
1415,4,lower,0,0,0,0
1415,5,upper,0,0,0,0
1415,5,lower,0,0,0,0
1415,6,upper,0,0,0,0
1415,6,lower,0,0,0,0
1415,7,upper,0,0,0,0
1415,7,lower,0,0,0,0
1415,8,upper,0,0,0,0
1415,8,lower,0,0,0,0
1416,1,upper,0,0,0,0
1416,1,lower,3,2,0,0
1416,2,upper,0,0,0,0
1416,2,lower,2,2,0,0
1416,3,upper,0,0,0,0
1416,3,lower,0,0,0,0
1416,4,upper,0,0,0,0
1416,4,lower,0,0,0,0
1416,5,upper,0,0,0,0
1416,5,lower,0,0,0,0
1416,6,upper,0,0,0,0
1416,6,lower,0,0,0,0
1416,7,upper,0,0,0,0
1416,7,lower,0,0,0,0
1416,8,upper,0,0,0,0
1416,8,lower,0,0,0,0
1417,1,upper,0,0,0,0
1417,1,lower,2,2,0,0
1417,2,upper,0,0,0,0
1417,2,lower,1,3,0,0
1417,3,upper,0,0,0,0
1417,3,lower,0,0,0,0
1417,4,upper,0,0,0,0
1417,4,lower,0,0,0,0
1417,5,upper,0,0,0,0
1417,5,lower,0,0,0,0
1417,6,upper,0,0,0,0
1417,6,lower,0,0,0,0
1417,7,upper,0,0,0,0
1417,7,lower,0,0,0,0
1417,8,upper,0,0,0,0
1417,8,lower,0,0,0,0
1418,1,upper,0,0,0,0
1418,1,lower,3,2,0,0
1418,2,upper,0,0,0,0
1418,2,lower,2,2,0,0
1418,3,upper,0,0,0,0
1418,3,lower,0,0,0,0
1418,4,upper,0,0,0,0
1418,4,lower,0,0,0,0
1418,5,upper,0,0,0,0
1418,5,lower,0,0,0,0
1418,6,upper,0,0,0,0
1418,6,lower,0,0,0,0
1418,7,upper,0,0,0,0
1418,7,lower,0,0,0,0
1418,8,upper,0,0,0,0
1418,8,lower,0,0,0,0
1419,1,upper,0,0,0,0
1419,1,lower,0,1,0,0
1419,2,upper,0,0,0,0
1419,2,lower,2,0,-1,0
1419,3,upper,0,0,0,0
1419,3,lower,0,0,0,0
1419,4,upper,0,0,0,0
1419,4,lower,0,0,0,0
1419,5,upper,0,0,0,0
1419,5,lower,0,0,0,0
1419,6,upper,0,0,0,0
1419,6,lower,0,0,0,0
1419,7,upper,0,0,0,0
1419,7,lower,0,0,0,0
1419,8,upper,0,0,0,0
1419,8,lower,0,0,0,0
1420,1,upper,0,0,0,0
1420,1,lower,0,2,0,0
1420,2,upper,0,0,0,0
1420,2,lower,3,1,-1,-1
1420,3,upper,0,0,0,0
1420,3,lower,0,0,0,0
1420,4,upper,0,0,0,0
1420,4,lower,0,0,0,0
1420,5,upper,0,0,0,0
1420,5,lower,0,0,0,0
1420,6,upper,0,0,0,0
1420,6,lower,0,0,0,0
1420,7,upper,0,0,0,0
1420,7,lower,0,0,0,0
1420,8,upper,0,0,0,0
1420,8,lower,0,0,0,0
1421,1,upper,0,0,0,0
1421,1,lower,2,3,0,0
1421,2,upper,0,0,0,0
1421,2,lower,1,2,-1,-1
1421,3,upper,0,0,0,0
1421,3,lower,0,0,0,0
1421,4,upper,0,0,0,0
1421,4,lower,0,0,0,0
1421,5,upper,0,0,0,0
1421,5,lower,0,0,0,0
1421,6,upper,0,0,0,0
1421,6,lower,0,0,0,0
1421,7,upper,0,0,0,0
1421,7,lower,0,0,0,0
1421,8,upper,0,0,0,0
1421,8,lower,0,0,0,0
1422,1,upper,0,0,0,0
1422,1,lower,2,3,0,0
1422,2,upper,0,0,0,0
1422,2,lower,1,2,0,0
1422,3,upper,0,0,0,0
1422,3,lower,0,0,0,0
1422,4,upper,0,0,0,0
1422,4,lower,0,0,0,0
1422,5,upper,0,0,0,0
1422,5,lower,0,0,0,0
1422,6,upper,0,0,0,0
1422,6,lower,0,0,0,0
1422,7,upper,0,0,0,0
1422,7,lower,0,0,0,0
1422,8,upper,0,0,0,0
1422,8,lower,0,0,0,0
1423,1,upper,0,0,0,0
1423,1,lower,3,3,0,0
1423,2,upper,0,0,0,0
1423,2,lower,0,2,0,-1
1423,3,upper,0,0,0,0
1423,3,lower,0,0,0,0
1423,4,upper,0,0,0,0
1423,4,lower,0,0,0,0
1423,5,upper,0,0,0,0
1423,5,lower,0,0,0,0
1423,6,upper,0,0,0,0
1423,6,lower,0,0,0,0
1423,7,upper,0,0,0,0
1423,7,lower,0,0,0,0
1423,8,upper,0,0,0,0
1423,8,lower,0,0,0,0
1424,1,upper,0,0,0,0
1424,1,lower,2,2,0,0
1424,2,upper,0,0,0,0
1424,2,lower,2,1,0,-1
1424,3,upper,0,0,0,0
1424,3,lower,0,0,0,0
1424,4,upper,0,0,0,0
1424,4,lower,0,0,0,0
1424,5,upper,0,0,0,0
1424,5,lower,0,0,0,0
1424,6,upper,0,0,0,0
1424,6,lower,0,0,0,0
1424,7,upper,0,0,0,0
1424,7,lower,0,0,0,0
1424,8,upper,0,0,0,0
1424,8,lower,0,0,0,0
1425,1,upper,0,0,0,0
1425,1,lower,3,0,0,0
1425,2,upper,0,0,0,0
1425,2,lower,0,1,0,-1
1425,3,upper,0,0,0,0
1425,3,lower,0,0,0,0
1425,4,upper,0,0,0,0
1425,4,lower,0,0,0,0
1425,5,upper,0,0,0,0
1425,5,lower,0,0,0,0
1425,6,upper,0,0,0,0
1425,6,lower,0,0,0,0
1425,7,upper,0,0,0,0
1425,7,lower,0,0,0,0
1425,8,upper,0,0,0,0
1425,8,lower,0,0,0,0
1426,1,upper,0,0,0,0
1426,1,lower,2,1,0,0
1426,2,upper,0,0,0,0
1426,2,lower,1,2,1,-1
1426,3,upper,0,0,0,0
1426,3,lower,0,0,0,0
1426,4,upper,0,0,0,0
1426,4,lower,0,0,0,0
1426,5,upper,0,0,0,0
1426,5,lower,0,0,0,0
1426,6,upper,0,0,0,0
1426,6,lower,0,0,0,0
1426,7,upper,0,0,0,0
1426,7,lower,0,0,0,0
1426,8,upper,0,0,0,0
1426,8,lower,0,0,0,0
1427,1,upper,0,0,0,0
1427,1,lower,2,1,0,0
1427,2,upper,0,0,0,0
1427,2,lower,3,2,0,-1
1427,3,upper,0,0,0,0
1427,3,lower,0,0,0,0
1427,4,upper,0,0,0,0
1427,4,lower,0,0,0,0
1427,5,upper,0,0,0,0
1427,5,lower,0,0,0,0
1427,6,upper,0,0,0,0
1427,6,lower,0,0,0,0
1427,7,upper,0,0,0,0
1427,7,lower,0,0,0,0
1427,8,upper,0,0,0,0
1427,8,lower,0,0,0,0
1428,1,upper,0,0,0,0
1428,1,lower,1,0,0,0
1428,2,upper,0,0,0,0
1428,2,lower,1,2,-2,1
1428,3,upper,0,0,0,0
1428,3,lower,0,0,0,0
1428,4,upper,0,0,0,0
1428,4,lower,0,0,0,0
1428,5,upper,0,0,0,0
1428,5,lower,0,0,0,0
1428,6,upper,0,0,0,0
1428,6,lower,0,0,0,0
1428,7,upper,0,0,0,0
1428,7,lower,0,0,0,0
1428,8,upper,0,0,0,0
1428,8,lower,0,0,0,0
1429,1,upper,0,0,0,0
1429,1,lower,0,1,0,0
1429,2,upper,0,0,0,0
1429,2,lower,2,2,-1,-1
1429,3,upper,0,0,0,0
1429,3,lower,0,0,0,0
1429,4,upper,0,0,0,0
1429,4,lower,0,0,0,0
1429,5,upper,0,0,0,0
1429,5,lower,0,0,0,0
1429,6,upper,0,0,0,0
1429,6,lower,0,0,0,0
1429,7,upper,0,0,0,0
1429,7,lower,0,0,0,0
1429,8,upper,0,0,0,0
1429,8,lower,0,0,0,0
1430,1,upper,0,0,0,0
1430,1,lower,2,1,0,0
1430,2,upper,0,0,0,0
1430,2,lower,1,1,-2,-1
1430,3,upper,0,0,0,0
1430,3,lower,0,0,0,0
1430,4,upper,0,0,0,0
1430,4,lower,0,0,0,0
1430,5,upper,0,0,0,0
1430,5,lower,0,0,0,0
1430,6,upper,0,0,0,0
1430,6,lower,0,0,0,0
1430,7,upper,0,0,0,0
1430,7,lower,0,0,0,0
1430,8,upper,0,0,0,0
1430,8,lower,0,0,0,0
1431,1,upper,0,0,0,0
1431,1,lower,0,2,0,0
1431,2,upper,0,0,0,0
1431,2,lower,1,0,0,-1
1431,3,upper,0,0,0,0
1431,3,lower,0,0,0,0
1431,4,upper,0,0,0,0
1431,4,lower,0,0,0,0
1431,5,upper,0,0,0,0
1431,5,lower,0,0,0,0
1431,6,upper,0,0,0,0
1431,6,lower,0,0,0,0
1431,7,upper,0,0,0,0
1431,7,lower,0,0,0,0
1431,8,upper,0,0,0,0
1431,8,lower,0,0,0,0
1432,1,upper,0,0,0,0
1432,1,lower,2,0,0,0
1432,2,upper,0,0,0,0
1432,2,lower,2,1,-1,0
1432,3,upper,0,0,0,0
1432,3,lower,0,0,0,0
1432,4,upper,0,0,0,0
1432,4,lower,0,0,0,0
1432,5,upper,0,0,0,0
1432,5,lower,0,0,0,0
1432,6,upper,0,0,0,0
1432,6,lower,0,0,0,0
1432,7,upper,0,0,0,0
1432,7,lower,0,0,0,0
1432,8,upper,0,0,0,0
1432,8,lower,0,0,0,0
1433,1,upper,0,0,0,0
1433,1,lower,2,2,0,0
1433,2,upper,0,0,0,0
1433,2,lower,1,0,-1,-1
1433,3,upper,0,0,0,0
1433,3,lower,0,0,0,0
1433,4,upper,0,0,0,0
1433,4,lower,0,0,0,0
1433,5,upper,0,0,0,0
1433,5,lower,0,0,0,0
1433,6,upper,0,0,0,0
1433,6,lower,0,0,0,0
1433,7,upper,0,0,0,0
1433,7,lower,0,0,0,0
1433,8,upper,0,0,0,0
1433,8,lower,0,0,0,0
1434,1,upper,0,0,0,0
1434,1,lower,3,0,0,0
1434,2,upper,0,0,0,0
1434,2,lower,2,2,-2,-1
1434,3,upper,0,0,0,0
1434,3,lower,0,0,0,0
1434,4,upper,0,0,0,0
1434,4,lower,0,0,0,0
1434,5,upper,0,0,0,0
1434,5,lower,0,0,0,0
1434,6,upper,0,0,0,0
1434,6,lower,0,0,0,0
1434,7,upper,0,0,0,0
1434,7,lower,0,0,0,0
1434,8,upper,0,0,0,0
1434,8,lower,0,0,0,0
1435,1,upper,0,0,0,0
1435,1,lower,3,2,0,0
1435,2,upper,0,0,0,0
1435,2,lower,1,1,-1,0
1435,3,upper,0,0,0,0
1435,3,lower,0,0,0,0
1435,4,upper,0,0,0,0
1435,4,lower,0,0,0,0
1435,5,upper,0,0,0,0
1435,5,lower,0,0,0,0
1435,6,upper,0,0,0,0
1435,6,lower,0,0,0,0
1435,7,upper,0,0,0,0
1435,7,lower,0,0,0,0
1435,8,upper,0,0,0,0
1435,8,lower,0,0,0,0
1436,1,upper,0,0,0,0
1436,1,lower,1,1,0,0
1436,2,upper,0,0,0,0
1436,2,lower,2,1,0,0
1436,3,upper,0,0,0,0
1436,3,lower,0,0,0,0
1436,4,upper,0,0,0,0
1436,4,lower,0,0,0,0
1436,5,upper,0,0,0,0
1436,5,lower,0,0,0,0
1436,6,upper,0,0,0,0
1436,6,lower,0,0,0,0
1436,7,upper,0,0,0,0
1436,7,lower,0,0,0,0
1436,8,upper,0,0,0,0
1436,8,lower,0,0,0,0
1437,1,upper,0,0,0,0
1437,1,lower,2,0,0,0
1437,2,upper,0,0,0,0
1437,2,lower,2,2,-2,1
1437,3,upper,0,0,0,0
1437,3,lower,0,0,0,0
1437,4,upper,0,0,0,0
1437,4,lower,0,0,0,0
1437,5,upper,0,0,0,0
1437,5,lower,0,0,0,0
1437,6,upper,0,0,0,0
1437,6,lower,0,0,0,0
1437,7,upper,0,0,0,0
1437,7,lower,0,0,0,0
1437,8,upper,0,0,0,0
1437,8,lower,0,0,0,0
1438,1,upper,0,0,0,0
1438,1,lower,1,0,0,0
1438,2,upper,0,0,0,0
1438,2,lower,2,1,-1,-1
1438,3,upper,0,0,0,0
1438,3,lower,0,0,0,0
1438,4,upper,0,0,0,0
1438,4,lower,0,0,0,0
1438,5,upper,0,0,0,0
1438,5,lower,0,0,0,0
1438,6,upper,0,0,0,0
1438,6,lower,0,0,0,0
1438,7,upper,0,0,0,0
1438,7,lower,0,0,0,0
1438,8,upper,0,0,0,0
1438,8,lower,0,0,0,0
1439,1,upper,0,0,0,0
1439,1,lower,3,3,0,0
1439,2,upper,0,0,0,0
1439,2,lower,1,1,0,-1
1439,3,upper,0,0,0,0
1439,3,lower,0,0,0,0
1439,4,upper,0,0,0,0
1439,4,lower,0,0,0,0
1439,5,upper,0,0,0,0
1439,5,lower,0,0,0,0
1439,6,upper,0,0,0,0
1439,6,lower,0,0,0,0
1439,7,upper,0,0,0,0
1439,7,lower,0,0,0,0
1439,8,upper,0,0,0,0
1439,8,lower,0,0,0,0
1440,1,upper,0,0,0,0
1440,1,lower,0,2,0,0
1440,2,upper,0,0,0,0
1440,2,lower,2,2,0,-1
1440,3,upper,0,0,0,0
1440,3,lower,0,0,0,0
1440,4,upper,0,0,0,0
1440,4,lower,0,0,0,0
1440,5,upper,0,0,0,0
1440,5,lower,0,0,0,0
1440,6,upper,0,0,0,0
1440,6,lower,0,0,0,0
1440,7,upper,0,0,0,0
1440,7,lower,0,0,0,0
1440,8,upper,0,0,0,0
1440,8,lower,0,0,0,0
1441,1,upper,0,0,0,0
1441,1,lower,0,3,0,0
1441,2,upper,0,0,0,0
1441,2,lower,0,0,0,0
1441,3,upper,0,0,0,0
1441,3,lower,0,0,0,0
1441,4,upper,0,0,0,0
1441,4,lower,0,0,0,0
1441,5,upper,0,0,0,0
1441,5,lower,0,0,0,0
1441,6,upper,0,0,0,0
1441,6,lower,0,0,0,0
1441,7,upper,0,0,0,0
1441,7,lower,0,0,0,0
1441,8,upper,0,0,0,0
1441,8,lower,0,0,0,0
1442,1,upper,0,0,0,0
1442,1,lower,2,0,0,0
1442,2,upper,0,0,0,0
1442,2,lower,1,1,-1,0
1442,3,upper,0,0,0,0
1442,3,lower,0,0,0,0
1442,4,upper,0,0,0,0
1442,4,lower,0,0,0,0
1442,5,upper,0,0,0,0
1442,5,lower,0,0,0,0
1442,6,upper,0,0,0,0
1442,6,lower,0,0,0,0
1442,7,upper,0,0,0,0
1442,7,lower,0,0,0,0
1442,8,upper,0,0,0,0
1442,8,lower,0,0,0,0
1443,1,upper,0,0,0,0
1443,1,lower,1,0,0,0
1443,2,upper,0,0,0,0
1443,2,lower,2,2,0,0
1443,3,upper,0,0,0,0
1443,3,lower,0,0,0,0
1443,4,upper,0,0,0,0
1443,4,lower,0,0,0,0
1443,5,upper,0,0,0,0
1443,5,lower,0,0,0,0
1443,6,upper,0,0,0,0
1443,6,lower,0,0,0,0
1443,7,upper,0,0,0,0
1443,7,lower,0,0,0,0
1443,8,upper,0,0,0,0
1443,8,lower,0,0,0,0
1444,1,upper,0,0,0,0
1444,1,lower,2,1,0,0
1444,2,upper,0,0,0,0
1444,2,lower,2,2,-1,-1
1444,3,upper,0,0,0,0
1444,3,lower,0,0,0,0
1444,4,upper,0,0,0,0
1444,4,lower,0,0,0,0
1444,5,upper,0,0,0,0
1444,5,lower,0,0,0,0
1444,6,upper,0,0,0,0
1444,6,lower,0,0,0,0
1444,7,upper,0,0,0,0
1444,7,lower,0,0,0,0
1444,8,upper,0,0,0,0
1444,8,lower,0,0,0,0
1445,1,upper,0,0,0,0
1445,1,lower,0,2,0,0
1445,2,upper,0,0,0,0
1445,2,lower,3,1,-1,-1
1445,3,upper,0,0,0,0
1445,3,lower,0,0,0,0
1445,4,upper,0,0,0,0
1445,4,lower,0,0,0,0
1445,5,upper,0,0,0,0
1445,5,lower,0,0,0,0
1445,6,upper,0,0,0,0
1445,6,lower,0,0,0,0
1445,7,upper,0,0,0,0
1445,7,lower,0,0,0,0
1445,8,upper,0,0,0,0
1445,8,lower,0,0,0,0
1446,1,upper,0,0,0,0
1446,1,lower,0,0,0,0
1446,2,upper,0,0,0,0
1446,2,lower,1,1,0,0
1446,3,upper,0,0,0,0
1446,3,lower,0,0,0,0
1446,4,upper,0,0,0,0
1446,4,lower,0,0,0,0
1446,5,upper,0,0,0,0
1446,5,lower,0,0,0,0
1446,6,upper,0,0,0,0
1446,6,lower,0,0,0,0
1446,7,upper,0,0,0,0
1446,7,lower,0,0,0,0
1446,8,upper,0,0,0,0
1446,8,lower,0,0,0,0
1447,1,upper,0,0,0,0
1447,1,lower,1,2,0,0
1447,2,upper,0,0,0,0
1447,2,lower,2,2,-1,-1
1447,3,upper,0,0,0,0
1447,3,lower,0,0,0,0
1447,4,upper,0,0,0,0
1447,4,lower,0,0,0,0
1447,5,upper,0,0,0,0
1447,5,lower,0,0,0,0
1447,6,upper,0,0,0,0
1447,6,lower,0,0,0,0
1447,7,upper,0,0,0,0
1447,7,lower,0,0,0,0
1447,8,upper,0,0,0,0
1447,8,lower,0,0,0,0
1448,1,upper,0,0,0,0
1448,1,lower,1,0,0,0
1448,2,upper,0,0,0,0
1448,2,lower,2,2,0,-1
1448,3,upper,0,0,0,0
1448,3,lower,0,0,0,0
1448,4,upper,0,0,0,0
1448,4,lower,0,0,0,0
1448,5,upper,0,0,0,0
1448,5,lower,0,0,0,0
1448,6,upper,0,0,0,0
1448,6,lower,0,0,0,0
1448,7,upper,0,0,0,0
1448,7,lower,0,0,0,0
1448,8,upper,0,0,0,0
1448,8,lower,0,0,0,0
1449,1,upper,0,0,0,0
1449,1,lower,3,2,0,0
1449,2,upper,0,0,0,0
1449,2,lower,3,1,0,-1
1449,3,upper,0,0,0,0
1449,3,lower,0,0,0,0
1449,4,upper,0,0,0,0
1449,4,lower,0,0,0,0
1449,5,upper,0,0,0,0
1449,5,lower,0,0,0,0
1449,6,upper,0,0,0,0
1449,6,lower,0,0,0,0
1449,7,upper,0,0,0,0
1449,7,lower,0,0,0,0
1449,8,upper,0,0,0,0
1449,8,lower,0,0,0,0
1450,1,upper,0,0,0,0
1450,1,lower,1,1,0,0
1450,2,upper,0,0,0,0
1450,2,lower,1,1,1,0
1450,3,upper,0,0,0,0
1450,3,lower,0,0,0,0
1450,4,upper,0,0,0,0
1450,4,lower,0,0,0,0
1450,5,upper,0,0,0,0
1450,5,lower,0,0,0,0
1450,6,upper,0,0,0,0
1450,6,lower,0,0,0,0
1450,7,upper,0,0,0,0
1450,7,lower,0,0,0,0
1450,8,upper,0,0,0,0
1450,8,lower,0,0,0,0
1451,1,upper,0,0,0,0
1451,1,lower,3,1,0,0
1451,2,upper,0,0,0,0
1451,2,lower,1,1,0,-1
1451,3,upper,0,0,0,0
1451,3,lower,0,0,0,0
1451,4,upper,0,0,0,0
1451,4,lower,0,0,0,0
1451,5,upper,0,0,0,0
1451,5,lower,0,0,0,0
1451,6,upper,0,0,0,0
1451,6,lower,0,0,0,0
1451,7,upper,0,0,0,0
1451,7,lower,0,0,0,0
1451,8,upper,0,0,0,0
1451,8,lower,0,0,0,0
1452,1,upper,0,0,0,0
1452,1,lower,2,0,0,0
1452,2,upper,0,0,0,0
1452,2,lower,2,2,1,-1
1452,3,upper,0,0,0,0
1452,3,lower,0,0,0,0
1452,4,upper,0,0,0,0
1452,4,lower,0,0,0,0
1452,5,upper,0,0,0,0
1452,5,lower,0,0,0,0
1452,6,upper,0,0,0,0
1452,6,lower,0,0,0,0
1452,7,upper,0,0,0,0
1452,7,lower,0,0,0,0
1452,8,upper,0,0,0,0
1452,8,lower,0,0,0,0
1453,1,upper,0,0,0,0
1453,1,lower,1,1,0,0
1453,2,upper,0,0,0,0
1453,2,lower,2,2,-1,1
1453,3,upper,0,0,0,0
1453,3,lower,0,0,0,0
1453,4,upper,0,0,0,0
1453,4,lower,0,0,0,0
1453,5,upper,0,0,0,0
1453,5,lower,0,0,0,0
1453,6,upper,0,0,0,0
1453,6,lower,0,0,0,0
1453,7,upper,0,0,0,0
1453,7,lower,0,0,0,0
1453,8,upper,0,0,0,0
1453,8,lower,0,0,0,0
1454,1,upper,0,0,0,0
1454,1,lower,1,1,0,0
1454,2,upper,0,0,0,0
1454,2,lower,2,2,0,-1
1454,3,upper,0,0,0,0
1454,3,lower,0,0,0,0
1454,4,upper,0,0,0,0
1454,4,lower,0,0,0,0
1454,5,upper,0,0,0,0
1454,5,lower,0,0,0,0
1454,6,upper,0,0,0,0
1454,6,lower,0,0,0,0
1454,7,upper,0,0,0,0
1454,7,lower,0,0,0,0
1454,8,upper,0,0,0,0
1454,8,lower,0,0,0,0
1455,1,upper,0,0,0,0
1455,1,lower,0,0,0,0
1455,2,upper,0,0,0,0
1455,2,lower,1,0,-1,0
1455,3,upper,0,0,0,0
1455,3,lower,0,0,0,0
1455,4,upper,0,0,0,0
1455,4,lower,0,0,0,0
1455,5,upper,0,0,0,0
1455,5,lower,0,0,0,0
1455,6,upper,0,0,0,0
1455,6,lower,0,0,0,0
1455,7,upper,0,0,0,0
1455,7,lower,0,0,0,0
1455,8,upper,0,0,0,0
1455,8,lower,0,0,0,0
1456,1,upper,0,0,0,0
1456,1,lower,1,2,0,0
1456,2,upper,0,0,0,0
1456,2,lower,1,1,-1,0
1456,3,upper,0,0,0,0
1456,3,lower,0,0,0,0
1456,4,upper,0,0,0,0
1456,4,lower,0,0,0,0
1456,5,upper,0,0,0,0
1456,5,lower,0,0,0,0
1456,6,upper,0,0,0,0
1456,6,lower,0,0,0,0
1456,7,upper,0,0,0,0
1456,7,lower,0,0,0,0
1456,8,upper,0,0,0,0
1456,8,lower,0,0,0,0
1457,1,upper,0,0,0,0
1457,1,lower,0,3,0,0
1457,2,upper,0,0,0,0
1457,2,lower,0,3,-1,-1
1457,3,upper,0,0,0,0
1457,3,lower,0,0,0,0
1457,4,upper,0,0,0,0
1457,4,lower,0,0,0,0
1457,5,upper,0,0,0,0
1457,5,lower,0,0,0,0
1457,6,upper,0,0,0,0
1457,6,lower,0,0,0,0
1457,7,upper,0,0,0,0
1457,7,lower,0,0,0,0
1457,8,upper,0,0,0,0
1457,8,lower,0,0,0,0
1458,1,upper,0,0,0,0
1458,1,lower,1,3,0,0
1458,2,upper,0,0,0,0
1458,2,lower,2,2,-1,0
1458,3,upper,0,0,0,0
1458,3,lower,0,0,0,0
1458,4,upper,0,0,0,0
1458,4,lower,0,0,0,0
1458,5,upper,0,0,0,0
1458,5,lower,0,0,0,0
1458,6,upper,0,0,0,0
1458,6,lower,0,0,0,0
1458,7,upper,0,0,0,0
1458,7,lower,0,0,0,0
1458,8,upper,0,0,0,0
1458,8,lower,0,0,0,0
1459,1,upper,0,0,0,0
1459,1,lower,1,3,0,0
1459,2,upper,0,0,0,0
1459,2,lower,2,2,-1,-1
1459,3,upper,0,0,0,0
1459,3,lower,0,0,0,0
1459,4,upper,0,0,0,0
1459,4,lower,0,0,0,0
1459,5,upper,0,0,0,0
1459,5,lower,0,0,0,0
1459,6,upper,0,0,0,0
1459,6,lower,0,0,0,0
1459,7,upper,0,0,0,0
1459,7,lower,0,0,0,0
1459,8,upper,0,0,0,0
1459,8,lower,0,0,0,0
1460,1,upper,0,0,0,0
1460,1,lower,3,2,0,0
1460,2,upper,0,0,0,0
1460,2,lower,2,2,0,0
1460,3,upper,0,0,0,0
1460,3,lower,0,0,0,0
1460,4,upper,0,0,0,0
1460,4,lower,0,0,0,0
1460,5,upper,0,0,0,0
1460,5,lower,0,0,0,0
1460,6,upper,0,0,0,0
1460,6,lower,0,0,0,0
1460,7,upper,0,0,0,0
1460,7,lower,0,0,0,0
1460,8,upper,0,0,0,0
1460,8,lower,0,0,0,0
1461,1,upper,0,0,0,0
1461,1,lower,3,1,0,0
1461,2,upper,0,0,0,0
1461,2,lower,2,1,-1,1
1461,3,upper,0,0,0,0
1461,3,lower,0,0,0,0
1461,4,upper,0,0,0,0
1461,4,lower,0,0,0,0
1461,5,upper,0,0,0,0
1461,5,lower,0,0,0,0
1461,6,upper,0,0,0,0
1461,6,lower,0,0,0,0
1461,7,upper,0,0,0,0
1461,7,lower,0,0,0,0
1461,8,upper,0,0,0,0
1461,8,lower,0,0,0,0
1462,1,upper,0,0,0,0
1462,1,lower,0,2,0,0
1462,2,upper,0,0,0,0
1462,2,lower,2,0,0,0
1462,3,upper,0,0,0,0
1462,3,lower,0,0,0,0
1462,4,upper,0,0,0,0
1462,4,lower,0,0,0,0
1462,5,upper,0,0,0,0
1462,5,lower,0,0,0,0
1462,6,upper,0,0,0,0
1462,6,lower,0,0,0,0
1462,7,upper,0,0,0,0
1462,7,lower,0,0,0,0
1462,8,upper,0,0,0,0
1462,8,lower,0,0,0,0
1463,1,upper,0,0,0,0
1463,1,lower,1,2,0,0
1463,2,upper,0,0,0,0
1463,2,lower,1,2,-1,0
1463,3,upper,0,0,0,0
1463,3,lower,0,0,0,0
1463,4,upper,0,0,0,0
1463,4,lower,0,0,0,0
1463,5,upper,0,0,0,0
1463,5,lower,0,0,0,0
1463,6,upper,0,0,0,0
1463,6,lower,0,0,0,0
1463,7,upper,0,0,0,0
1463,7,lower,0,0,0,0
1463,8,upper,0,0,0,0
1463,8,lower,0,0,0,0
1464,1,upper,0,0,0,0
1464,1,lower,0,2,0,0
1464,2,upper,0,0,0,0
1464,2,lower,2,3,0,0
1464,3,upper,0,0,0,0
1464,3,lower,0,0,0,0
1464,4,upper,0,0,0,0
1464,4,lower,0,0,0,0
1464,5,upper,0,0,0,0
1464,5,lower,0,0,0,0
1464,6,upper,0,0,0,0
1464,6,lower,0,0,0,0
1464,7,upper,0,0,0,0
1464,7,lower,0,0,0,0
1464,8,upper,0,0,0,0
1464,8,lower,0,0,0,0
1465,1,upper,0,0,0,0
1465,1,lower,3,1,0,0
1465,2,upper,0,0,0,0
1465,2,lower,0,3,-1,0
1465,3,upper,0,0,0,0
1465,3,lower,0,0,0,0
1465,4,upper,0,0,0,0
1465,4,lower,0,0,0,0
1465,5,upper,0,0,0,0
1465,5,lower,0,0,0,0
1465,6,upper,0,0,0,0
1465,6,lower,0,0,0,0
1465,7,upper,0,0,0,0
1465,7,lower,0,0,0,0
1465,8,upper,0,0,0,0
1465,8,lower,0,0,0,0
1466,1,upper,0,0,0,0
1466,1,lower,0,0,0,0
1466,2,upper,0,0,0,0
1466,2,lower,2,1,-1,0
1466,3,upper,0,0,0,0
1466,3,lower,0,0,0,0
1466,4,upper,0,0,0,0
1466,4,lower,0,0,0,0
1466,5,upper,0,0,0,0
1466,5,lower,0,0,0,0
1466,6,upper,0,0,0,0
1466,6,lower,0,0,0,0
1466,7,upper,0,0,0,0
1466,7,lower,0,0,0,0
1466,8,upper,0,0,0,0
1466,8,lower,0,0,0,0
1467,1,upper,0,0,0,0
1467,1,lower,1,3,0,0
1467,2,upper,0,0,0,0
1467,2,lower,2,2,0,0
1467,3,upper,0,0,0,0
1467,3,lower,0,0,0,0
1467,4,upper,0,0,0,0
1467,4,lower,0,0,0,0
1467,5,upper,0,0,0,0
1467,5,lower,0,0,0,0
1467,6,upper,0,0,0,0
1467,6,lower,0,0,0,0
1467,7,upper,0,0,0,0
1467,7,lower,0,0,0,0
1467,8,upper,0,0,0,0
1467,8,lower,0,0,0,0
1468,1,upper,0,0,0,0
1468,1,lower,0,1,0,0
1468,2,upper,0,0,0,0
1468,2,lower,1,1,0,-1
1468,3,upper,0,0,0,0
1468,3,lower,0,0,0,0
1468,4,upper,0,0,0,0
1468,4,lower,0,0,0,0
1468,5,upper,0,0,0,0
1468,5,lower,0,0,0,0
1468,6,upper,0,0,0,0
1468,6,lower,0,0,0,0
1468,7,upper,0,0,0,0
1468,7,lower,0,0,0,0
1468,8,upper,0,0,0,0
1468,8,lower,0,0,0,0
1469,1,upper,0,0,0,0
1469,1,lower,0,0,0,0
1469,2,upper,0,0,0,0
1469,2,lower,0,2,-1,-1
1469,3,upper,0,0,0,0
1469,3,lower,0,0,0,0
1469,4,upper,0,0,0,0
1469,4,lower,0,0,0,0
1469,5,upper,0,0,0,0
1469,5,lower,0,0,0,0
1469,6,upper,0,0,0,0
1469,6,lower,0,0,0,0
1469,7,upper,0,0,0,0
1469,7,lower,0,0,0,0
1469,8,upper,0,0,0,0
1469,8,lower,0,0,0,0
1470,1,upper,0,0,0,0
1470,1,lower,1,0,0,0
1470,2,upper,0,0,0,0
1470,2,lower,1,2,0,-1
1470,3,upper,0,0,0,0
1470,3,lower,0,0,0,0
1470,4,upper,0,0,0,0
1470,4,lower,0,0,0,0
1470,5,upper,0,0,0,0
1470,5,lower,0,0,0,0
1470,6,upper,0,0,0,0
1470,6,lower,0,0,0,0
1470,7,upper,0,0,0,0
1470,7,lower,0,0,0,0
1470,8,upper,0,0,0,0
1470,8,lower,0,0,0,0
1471,1,upper,0,0,0,0
1471,1,lower,2,1,0,0
1471,2,upper,0,0,0,0
1471,2,lower,2,1,-2,-1
1471,3,upper,0,0,0,0
1471,3,lower,0,0,0,0
1471,4,upper,0,0,0,0
1471,4,lower,0,0,0,0
1471,5,upper,0,0,0,0
1471,5,lower,0,0,0,0
1471,6,upper,0,0,0,0
1471,6,lower,0,0,0,0
1471,7,upper,0,0,0,0
1471,7,lower,0,0,0,0
1471,8,upper,0,0,0,0
1471,8,lower,0,0,0,0
1472,1,upper,0,0,0,0
1472,1,lower,0,0,0,0
1472,2,upper,0,0,0,0
1472,2,lower,1,2,0,0
1472,3,upper,0,0,0,0
1472,3,lower,0,0,0,0
1472,4,upper,0,0,0,0
1472,4,lower,0,0,0,0
1472,5,upper,0,0,0,0
1472,5,lower,0,0,0,0
1472,6,upper,0,0,0,0
1472,6,lower,0,0,0,0
1472,7,upper,0,0,0,0
1472,7,lower,0,0,0,0
1472,8,upper,0,0,0,0
1472,8,lower,0,0,0,0
1473,1,upper,0,0,0,0
1473,1,lower,1,2,0,0
1473,2,upper,0,0,0,0
1473,2,lower,0,0,0,0
1473,3,upper,0,0,0,0
1473,3,lower,0,0,0,0
1473,4,upper,0,0,0,0
1473,4,lower,0,0,0,0
1473,5,upper,0,0,0,0
1473,5,lower,0,0,0,0
1473,6,upper,0,0,0,0
1473,6,lower,0,0,0,0
1473,7,upper,0,0,0,0
1473,7,lower,0,0,0,0
1473,8,upper,0,0,0,0
1473,8,lower,0,0,0,0
1474,1,upper,0,0,0,0
1474,1,lower,0,1,0,0
1474,2,upper,0,0,0,0
1474,2,lower,1,2,0,0
1474,3,upper,0,0,0,0
1474,3,lower,0,0,0,0
1474,4,upper,0,0,0,0
1474,4,lower,0,0,0,0
1474,5,upper,0,0,0,0
1474,5,lower,0,0,0,0
1474,6,upper,0,0,0,0
1474,6,lower,0,0,0,0
1474,7,upper,0,0,0,0
1474,7,lower,0,0,0,0
1474,8,upper,0,0,0,0
1474,8,lower,0,0,0,0
1475,1,upper,0,0,0,0
1475,1,lower,0,0,0,0
1475,2,upper,0,0,0,0
1475,2,lower,1,0,0,0
1475,3,upper,0,0,0,0
1475,3,lower,2,1,0,-1
1475,4,upper,0,0,0,0
1475,4,lower,0,0,0,0
1475,5,upper,0,0,0,0
1475,5,lower,0,0,0,0
1475,6,upper,0,0,0,0
1475,6,lower,0,0,0,0
1475,7,upper,0,0,0,0
1475,7,lower,0,0,0,0
1475,8,upper,0,0,0,0
1475,8,lower,0,0,0,0
1476,1,upper,0,0,0,0
1476,1,lower,1,0,0,0
1476,2,upper,0,0,0,0
1476,2,lower,3,2,0,0
1476,3,upper,0,0,0,0
1476,3,lower,2,1,0,0
1476,4,upper,0,0,0,0
1476,4,lower,0,0,0,0
1476,5,upper,0,0,0,0
1476,5,lower,0,0,0,0
1476,6,upper,0,0,0,0
1476,6,lower,0,0,0,0
1476,7,upper,0,0,0,0
1476,7,lower,0,0,0,0
1476,8,upper,0,0,0,0
1476,8,lower,0,0,0,0
1477,1,upper,0,0,0,0
1477,1,lower,3,1,0,0
1477,2,upper,0,0,0,0
1477,2,lower,1,1,0,0
1477,3,upper,0,0,0,0
1477,3,lower,2,2,-1,-1
1477,4,upper,0,0,0,0
1477,4,lower,0,0,0,0
1477,5,upper,0,0,0,0
1477,5,lower,0,0,0,0
1477,6,upper,0,0,0,0
1477,6,lower,0,0,0,0
1477,7,upper,0,0,0,0
1477,7,lower,0,0,0,0
1477,8,upper,0,0,0,0
1477,8,lower,0,0,0,0
1478,1,upper,0,0,0,0
1478,1,lower,0,0,0,0
1478,2,upper,0,0,0,0
1478,2,lower,3,3,0,0
1478,3,upper,0,0,0,0
1478,3,lower,0,1,0,0
1478,4,upper,0,0,0,0
1478,4,lower,0,0,0,0
1478,5,upper,0,0,0,0
1478,5,lower,0,0,0,0
1478,6,upper,0,0,0,0
1478,6,lower,0,0,0,0
1478,7,upper,0,0,0,0
1478,7,lower,0,0,0,0
1478,8,upper,0,0,0,0
1478,8,lower,0,0,0,0
1479,1,upper,0,0,0,0
1479,1,lower,1,3,0,0
1479,2,upper,0,0,0,0
1479,2,lower,0,1,0,0
1479,3,upper,0,0,0,0
1479,3,lower,1,1,0,0
1479,4,upper,0,0,0,0
1479,4,lower,0,0,0,0
1479,5,upper,0,0,0,0
1479,5,lower,0,0,0,0
1479,6,upper,0,0,0,0
1479,6,lower,0,0,0,0
1479,7,upper,0,0,0,0
1479,7,lower,0,0,0,0
1479,8,upper,0,0,0,0
1479,8,lower,0,0,0,0
1480,1,upper,0,0,0,0
1480,1,lower,2,0,0,0
1480,2,upper,0,0,0,0
1480,2,lower,3,3,0,0
1480,3,upper,0,0,0,0
1480,3,lower,1,2,-1,-1
1480,4,upper,0,0,0,0
1480,4,lower,0,0,0,0
1480,5,upper,0,0,0,0
1480,5,lower,0,0,0,0
1480,6,upper,0,0,0,0
1480,6,lower,0,0,0,0
1480,7,upper,0,0,0,0
1480,7,lower,0,0,0,0
1480,8,upper,0,0,0,0
1480,8,lower,0,0,0,0
1481,1,upper,0,0,0,0
1481,1,lower,2,1,0,0
1481,2,upper,0,0,0,0
1481,2,lower,1,3,0,0
1481,3,upper,0,0,0,0
1481,3,lower,0,2,0,-1
1481,4,upper,0,0,0,0
1481,4,lower,0,0,0,0
1481,5,upper,0,0,0,0
1481,5,lower,0,0,0,0
1481,6,upper,0,0,0,0
1481,6,lower,0,0,0,0
1481,7,upper,0,0,0,0
1481,7,lower,0,0,0,0
1481,8,upper,0,0,0,0
1481,8,lower,0,0,0,0
1482,1,upper,0,0,0,0
1482,1,lower,2,0,0,0
1482,2,upper,0,0,0,0
1482,2,lower,3,0,0,0
1482,3,upper,0,0,0,0
1482,3,lower,0,2,0,-1
1482,4,upper,0,0,0,0
1482,4,lower,0,0,0,0
1482,5,upper,0,0,0,0
1482,5,lower,0,0,0,0
1482,6,upper,0,0,0,0
1482,6,lower,0,0,0,0
1482,7,upper,0,0,0,0
1482,7,lower,0,0,0,0
1482,8,upper,0,0,0,0
1482,8,lower,0,0,0,0
1483,1,upper,0,0,0,0
1483,1,lower,1,3,0,0
1483,2,upper,0,0,0,0
1483,2,lower,2,0,0,0
1483,3,upper,0,0,0,0
1483,3,lower,1,1,0,-1
1483,4,upper,0,0,0,0
1483,4,lower,0,0,0,0
1483,5,upper,0,0,0,0
1483,5,lower,0,0,0,0
1483,6,upper,0,0,0,0
1483,6,lower,0,0,0,0
1483,7,upper,0,0,0,0
1483,7,lower,0,0,0,0
1483,8,upper,0,0,0,0
1483,8,lower,0,0,0,0
1484,1,upper,0,0,0,0
1484,1,lower,2,3,0,0
1484,2,upper,0,0,0,0
1484,2,lower,1,2,0,0
1484,3,upper,0,0,0,0
1484,3,lower,1,1,0,0
1484,4,upper,0,0,0,0
1484,4,lower,0,0,0,0
1484,5,upper,0,0,0,0
1484,5,lower,0,0,0,0
1484,6,upper,0,0,0,0
1484,6,lower,0,0,0,0
1484,7,upper,0,0,0,0
1484,7,lower,0,0,0,0
1484,8,upper,0,0,0,0
1484,8,lower,0,0,0,0
1485,1,upper,0,0,0,0
1485,1,lower,3,1,0,0
1485,2,upper,0,0,0,0
1485,2,lower,1,0,0,0
1485,3,upper,0,0,0,0
1485,3,lower,1,2,0,0
1485,4,upper,0,0,0,0
1485,4,lower,0,0,0,0
1485,5,upper,0,0,0,0
1485,5,lower,0,0,0,0
1485,6,upper,0,0,0,0
1485,6,lower,0,0,0,0
1485,7,upper,0,0,0,0
1485,7,lower,0,0,0,0
1485,8,upper,0,0,0,0
1485,8,lower,0,0,0,0
1486,1,upper,0,0,0,0
1486,1,lower,3,1,0,0
1486,2,upper,0,0,0,0
1486,2,lower,1,2,0,0
1486,3,upper,0,0,0,0
1486,3,lower,3,1,0,-1
1486,4,upper,0,0,0,0
1486,4,lower,0,0,0,0
1486,5,upper,0,0,0,0
1486,5,lower,0,0,0,0
1486,6,upper,0,0,0,0
1486,6,lower,0,0,0,0
1486,7,upper,0,0,0,0
1486,7,lower,0,0,0,0
1486,8,upper,0,0,0,0
1486,8,lower,0,0,0,0
1487,1,upper,0,0,0,0
1487,1,lower,3,0,0,0
1487,2,upper,0,0,0,0
1487,2,lower,0,0,0,0
1487,3,upper,0,0,0,0
1487,3,lower,1,1,-1,0
1487,4,upper,0,0,0,0
1487,4,lower,0,0,0,0
1487,5,upper,0,0,0,0
1487,5,lower,0,0,0,0
1487,6,upper,0,0,0,0
1487,6,lower,0,0,0,0
1487,7,upper,0,0,0,0
1487,7,lower,0,0,0,0
1487,8,upper,0,0,0,0
1487,8,lower,0,0,0,0
1488,1,upper,0,0,0,0
1488,1,lower,2,1,0,0
1488,2,upper,0,0,0,0
1488,2,lower,2,2,0,0
1488,3,upper,0,0,0,0
1488,3,lower,1,1,-1,0
1488,4,upper,0,0,0,0
1488,4,lower,0,0,0,0
1488,5,upper,0,0,0,0
1488,5,lower,0,0,0,0
1488,6,upper,0,0,0,0
1488,6,lower,0,0,0,0
1488,7,upper,0,0,0,0
1488,7,lower,0,0,0,0
1488,8,upper,0,0,0,0
1488,8,lower,0,0,0,0
1489,1,upper,0,0,0,0
1489,1,lower,0,0,0,0
1489,2,upper,0,0,0,0
1489,2,lower,0,3,0,0
1489,3,upper,0,0,0,0
1489,3,lower,2,2,-1,-2
1489,4,upper,0,0,0,0
1489,4,lower,0,0,0,0
1489,5,upper,0,0,0,0
1489,5,lower,0,0,0,0
1489,6,upper,0,0,0,0
1489,6,lower,0,0,0,0
1489,7,upper,0,0,0,0
1489,7,lower,0,0,0,0
1489,8,upper,0,0,0,0
1489,8,lower,0,0,0,0
1490,1,upper,0,0,0,0
1490,1,lower,1,1,0,0
1490,2,upper,0,0,0,0
1490,2,lower,1,2,0,0
1490,3,upper,0,0,0,0
1490,3,lower,0,0,0,0
1490,4,upper,0,0,0,0
1490,4,lower,0,0,0,0
1490,5,upper,0,0,0,0
1490,5,lower,0,0,0,0
1490,6,upper,0,0,0,0
1490,6,lower,0,0,0,0
1490,7,upper,0,0,0,0
1490,7,lower,0,0,0,0
1490,8,upper,0,0,0,0
1490,8,lower,0,0,0,0
1491,1,upper,0,0,0,0
1491,1,lower,1,1,0,0
1491,2,upper,0,0,0,0
1491,2,lower,3,0,0,0
1491,3,upper,0,0,0,0
1491,3,lower,1,2,0,-1
1491,4,upper,0,0,0,0
1491,4,lower,0,0,0,0
1491,5,upper,0,0,0,0
1491,5,lower,0,0,0,0
1491,6,upper,0,0,0,0
1491,6,lower,0,0,0,0
1491,7,upper,0,0,0,0
1491,7,lower,0,0,0,0
1491,8,upper,0,0,0,0
1491,8,lower,0,0,0,0
1492,1,upper,0,0,0,0
1492,1,lower,0,2,0,0
1492,2,upper,0,0,0,0
1492,2,lower,2,2,0,0
1492,3,upper,0,0,0,0
1492,3,lower,2,2,-1,0
1492,4,upper,0,0,0,0
1492,4,lower,0,0,0,0
1492,5,upper,0,0,0,0
1492,5,lower,0,0,0,0
1492,6,upper,0,0,0,0
1492,6,lower,0,0,0,0
1492,7,upper,0,0,0,0
1492,7,lower,0,0,0,0
1492,8,upper,0,0,0,0
1492,8,lower,0,0,0,0
1493,1,upper,0,0,0,0
1493,1,lower,1,3,0,0
1493,2,upper,0,0,0,0
1493,2,lower,2,0,0,0
1493,3,upper,0,0,0,0
1493,3,lower,2,2,-1,-1
1493,4,upper,0,0,0,0
1493,4,lower,0,0,0,0
1493,5,upper,0,0,0,0
1493,5,lower,0,0,0,0
1493,6,upper,0,0,0,0
1493,6,lower,0,0,0,0
1493,7,upper,0,0,0,0
1493,7,lower,0,0,0,0
1493,8,upper,0,0,0,0
1493,8,lower,0,0,0,0
1494,1,upper,0,0,0,0
1494,1,lower,1,1,0,0
1494,2,upper,0,0,0,0
1494,2,lower,2,2,0,0
1494,3,upper,0,0,0,0
1494,3,lower,3,3,0,-1
1494,4,upper,0,0,0,0
1494,4,lower,0,0,0,0
1494,5,upper,0,0,0,0
1494,5,lower,0,0,0,0
1494,6,upper,0,0,0,0
1494,6,lower,0,0,0,0
1494,7,upper,0,0,0,0
1494,7,lower,0,0,0,0
1494,8,upper,0,0,0,0
1494,8,lower,0,0,0,0
1495,1,upper,0,0,0,0
1495,1,lower,2,3,0,0
1495,2,upper,0,0,0,0
1495,2,lower,1,0,0,0
1495,3,upper,0,0,0,0
1495,3,lower,3,2,0,-1
1495,4,upper,0,0,0,0
1495,4,lower,0,0,0,0
1495,5,upper,0,0,0,0
1495,5,lower,0,0,0,0
1495,6,upper,0,0,0,0
1495,6,lower,0,0,0,0
1495,7,upper,0,0,0,0
1495,7,lower,0,0,0,0
1495,8,upper,0,0,0,0
1495,8,lower,0,0,0,0
1496,1,upper,0,0,0,0
1496,1,lower,0,1,0,0
1496,2,upper,0,0,0,0
1496,2,lower,0,0,0,0
1496,3,upper,0,0,0,0
1496,3,lower,1,2,0,-1
1496,4,upper,0,0,0,0
1496,4,lower,0,0,0,0
1496,5,upper,0,0,0,0
1496,5,lower,0,0,0,0
1496,6,upper,0,0,0,0
1496,6,lower,0,0,0,0
1496,7,upper,0,0,0,0
1496,7,lower,0,0,0,0
1496,8,upper,0,0,0,0
1496,8,lower,0,0,0,0
1497,1,upper,0,0,0,0
1497,1,lower,2,1,0,0
1497,2,upper,0,0,0,0
1497,2,lower,2,3,0,0
1497,3,upper,0,0,0,0
1497,3,lower,1,0,-1,-1
1497,4,upper,0,0,0,0
1497,4,lower,0,0,0,0
1497,5,upper,0,0,0,0
1497,5,lower,0,0,0,0
1497,6,upper,0,0,0,0
1497,6,lower,0,0,0,0
1497,7,upper,0,0,0,0
1497,7,lower,0,0,0,0
1497,8,upper,0,0,0,0
1497,8,lower,0,0,0,0
1498,1,upper,0,0,0,0
1498,1,lower,0,0,0,0
1498,2,upper,0,0,0,0
1498,2,lower,0,3,0,0
1498,3,upper,0,0,0,0
1498,3,lower,2,3,-1,-1
1498,4,upper,0,0,0,0
1498,4,lower,0,0,0,0
1498,5,upper,0,0,0,0
1498,5,lower,0,0,0,0
1498,6,upper,0,0,0,0
1498,6,lower,0,0,0,0
1498,7,upper,0,0,0,0
1498,7,lower,0,0,0,0
1498,8,upper,0,0,0,0
1498,8,lower,0,0,0,0
1499,1,upper,0,0,0,0
1499,1,lower,2,0,0,0
1499,2,upper,0,0,0,0
1499,2,lower,3,1,0,0
1499,3,upper,0,0,0,0
1499,3,lower,1,1,-1,0
1499,4,upper,0,0,0,0
1499,4,lower,0,0,0,0
1499,5,upper,0,0,0,0
1499,5,lower,0,0,0,0
1499,6,upper,0,0,0,0
1499,6,lower,0,0,0,0
1499,7,upper,0,0,0,0
1499,7,lower,0,0,0,0
1499,8,upper,0,0,0,0
1499,8,lower,0,0,0,0
1500,1,upper,0,0,0,0
1500,1,lower,1,2,0,0
1500,2,upper,0,0,0,0
1500,2,lower,0,3,0,0
1500,3,upper,0,0,0,0
1500,3,lower,3,1,0,0
1500,4,upper,0,0,0,0
1500,4,lower,0,0,0,0
1500,5,upper,0,0,0,0
1500,5,lower,0,0,0,0
1500,6,upper,0,0,0,0
1500,6,lower,0,0,0,0
1500,7,upper,0,0,0,0
1500,7,lower,0,0,0,0
1500,8,upper,0,0,0,0
1500,8,lower,0,0,0,0
1501,1,upper,0,0,0,0
1501,1,lower,0,1,0,0
1501,2,upper,0,0,0,0
1501,2,lower,2,1,0,0
1501,3,upper,0,0,0,0
1501,3,lower,0,1,0,-1
1501,4,upper,0,0,0,0
1501,4,lower,0,0,0,0
1501,5,upper,0,0,0,0
1501,5,lower,0,0,0,0
1501,6,upper,0,0,0,0
1501,6,lower,0,0,0,0
1501,7,upper,0,0,0,0
1501,7,lower,0,0,0,0
1501,8,upper,0,0,0,0
1501,8,lower,0,0,0,0
1502,1,upper,0,0,0,0
1502,1,lower,0,2,0,0
1502,2,upper,0,0,0,0
1502,2,lower,0,2,0,0
1502,3,upper,0,0,0,0
1502,3,lower,2,1,-1,0
1502,4,upper,0,0,0,0
1502,4,lower,0,0,0,0
1502,5,upper,0,0,0,0
1502,5,lower,0,0,0,0
1502,6,upper,0,0,0,0
1502,6,lower,0,0,0,0
1502,7,upper,0,0,0,0
1502,7,lower,0,0,0,0
1502,8,upper,0,0,0,0
1502,8,lower,0,0,0,0
1503,1,upper,0,0,0,0
1503,1,lower,3,0,0,0
1503,2,upper,0,0,0,0
1503,2,lower,2,0,0,0
1503,3,upper,0,0,0,0
1503,3,lower,2,2,0,0
1503,4,upper,0,0,0,0
1503,4,lower,0,0,0,0
1503,5,upper,0,0,0,0
1503,5,lower,0,0,0,0
1503,6,upper,0,0,0,0
1503,6,lower,0,0,0,0
1503,7,upper,0,0,0,0
1503,7,lower,0,0,0,0
1503,8,upper,0,0,0,0
1503,8,lower,0,0,0,0
1504,1,upper,0,0,0,0
1504,1,lower,2,0,0,0
1504,2,upper,0,0,0,0
1504,2,lower,2,2,0,0
1504,3,upper,0,0,0,0
1504,3,lower,2,1,-1,-1
1504,4,upper,0,0,0,0
1504,4,lower,0,0,0,0
1504,5,upper,0,0,0,0
1504,5,lower,0,0,0,0
1504,6,upper,0,0,0,0
1504,6,lower,0,0,0,0
1504,7,upper,0,0,0,0
1504,7,lower,0,0,0,0
1504,8,upper,0,0,0,0
1504,8,lower,0,0,0,0
1505,1,upper,0,0,0,0
1505,1,lower,3,3,0,0
1505,2,upper,0,0,0,0
1505,2,lower,0,0,0,0
1505,3,upper,0,0,0,0
1505,3,lower,1,2,-1,0
1505,4,upper,0,0,0,0
1505,4,lower,0,0,0,0
1505,5,upper,0,0,0,0
1505,5,lower,0,0,0,0
1505,6,upper,0,0,0,0
1505,6,lower,0,0,0,0
1505,7,upper,0,0,0,0
1505,7,lower,0,0,0,0
1505,8,upper,0,0,0,0
1505,8,lower,0,0,0,0
1506,1,upper,0,0,0,0
1506,1,lower,0,1,0,0
1506,2,upper,0,0,0,0
1506,2,lower,2,2,0,0
1506,3,upper,0,0,0,0
1506,3,lower,0,0,0,0
1506,4,upper,0,0,0,0
1506,4,lower,0,0,0,0
1506,5,upper,0,0,0,0
1506,5,lower,0,0,0,0
1506,6,upper,0,0,0,0
1506,6,lower,0,0,0,0
1506,7,upper,0,0,0,0
1506,7,lower,0,0,0,0
1506,8,upper,0,0,0,0
1506,8,lower,0,0,0,0
1507,1,upper,0,0,0,0
1507,1,lower,0,2,0,0
1507,2,upper,0,0,0,0
1507,2,lower,0,2,0,0
1507,3,upper,0,0,0,0
1507,3,lower,0,0,0,0
1507,4,upper,0,0,0,0
1507,4,lower,0,0,0,0
1507,5,upper,0,0,0,0
1507,5,lower,0,0,0,0
1507,6,upper,0,0,0,0
1507,6,lower,0,0,0,0
1507,7,upper,0,0,0,0
1507,7,lower,0,0,0,0
1507,8,upper,0,0,0,0
1507,8,lower,0,0,0,0
1508,1,upper,0,0,0,0
1508,1,lower,1,1,0,0
1508,2,upper,0,0,0,0
1508,2,lower,2,0,0,0
1508,3,upper,0,0,0,0
1508,3,lower,2,0,0,0
1508,4,upper,0,0,0,0
1508,4,lower,2,1,-1,-1
1508,5,upper,0,0,0,0
1508,5,lower,0,0,0,0
1508,6,upper,0,0,0,0
1508,6,lower,0,0,0,0
1508,7,upper,0,0,0,0
1508,7,lower,0,0,0,0
1508,8,upper,0,0,0,0
1508,8,lower,0,0,0,0
1509,1,upper,0,0,0,0
1509,1,lower,2,3,0,0
1509,2,upper,0,0,0,0
1509,2,lower,1,2,0,0
1509,3,upper,0,0,0,0
1509,3,lower,0,0,0,0
1509,4,upper,0,0,0,0
1509,4,lower,1,0,-1,-1
1509,5,upper,0,0,0,0
1509,5,lower,0,0,0,0
1509,6,upper,0,0,0,0
1509,6,lower,0,0,0,0
1509,7,upper,0,0,0,0
1509,7,lower,0,0,0,0
1509,8,upper,0,0,0,0
1509,8,lower,0,0,0,0
1510,1,upper,0,0,0,0
1510,1,lower,0,3,0,0
1510,2,upper,0,0,0,0
1510,2,lower,3,0,0,0
1510,3,upper,0,0,0,0
1510,3,lower,0,3,0,0
1510,4,upper,0,0,0,0
1510,4,lower,2,1,0,0
1510,5,upper,0,0,0,0
1510,5,lower,0,0,0,0
1510,6,upper,0,0,0,0
1510,6,lower,0,0,0,0
1510,7,upper,0,0,0,0
1510,7,lower,0,0,0,0
1510,8,upper,0,0,0,0
1510,8,lower,0,0,0,0
1511,1,upper,0,0,0,0
1511,1,lower,2,2,0,0
1511,2,upper,0,0,0,0
1511,2,lower,1,3,0,0
1511,3,upper,0,0,0,0
1511,3,lower,3,0,0,0
1511,4,upper,0,0,0,0
1511,4,lower,0,1,0,-1
1511,5,upper,0,0,0,0
1511,5,lower,0,0,0,0
1511,6,upper,0,0,0,0
1511,6,lower,0,0,0,0
1511,7,upper,0,0,0,0
1511,7,lower,0,0,0,0
1511,8,upper,0,0,0,0
1511,8,lower,0,0,0,0
1512,1,upper,0,0,0,0
1512,1,lower,0,2,0,0
1512,2,upper,0,0,0,0
1512,2,lower,3,0,0,0
1512,3,upper,0,0,0,0
1512,3,lower,2,0,0,0
1512,4,upper,0,0,0,0
1512,4,lower,1,1,-1,0
1512,5,upper,0,0,0,0
1512,5,lower,0,0,0,0
1512,6,upper,0,0,0,0
1512,6,lower,0,0,0,0
1512,7,upper,0,0,0,0
1512,7,lower,0,0,0,0
1512,8,upper,0,0,0,0
1512,8,lower,0,0,0,0
1513,1,upper,0,0,0,0
1513,1,lower,2,0,0,0
1513,2,upper,0,0,0,0
1513,2,lower,3,2,0,0
1513,3,upper,0,0,0,0
1513,3,lower,2,2,0,0
1513,4,upper,0,0,0,0
1513,4,lower,1,1,-1,-1
1513,5,upper,0,0,0,0
1513,5,lower,0,0,0,0
1513,6,upper,0,0,0,0
1513,6,lower,0,0,0,0
1513,7,upper,0,0,0,0
1513,7,lower,0,0,0,0
1513,8,upper,0,0,0,0
1513,8,lower,0,0,0,0
1514,1,upper,0,0,0,0
1514,1,lower,1,2,0,0
1514,2,upper,0,0,0,0
1514,2,lower,0,0,0,0
1514,3,upper,0,0,0,0
1514,3,lower,0,3,0,0
1514,4,upper,0,0,0,0
1514,4,lower,1,0,-1,0
1514,5,upper,0,0,0,0
1514,5,lower,0,0,0,0
1514,6,upper,0,0,0,0
1514,6,lower,0,0,0,0
1514,7,upper,0,0,0,0
1514,7,lower,0,0,0,0
1514,8,upper,0,0,0,0
1514,8,lower,0,0,0,0
1515,1,upper,0,0,0,0
1515,1,lower,1,0,0,0
1515,2,upper,0,0,0,0
1515,2,lower,0,1,0,0
1515,3,upper,0,0,0,0
1515,3,lower,1,2,0,0
1515,4,upper,0,0,0,0
1515,4,lower,0,0,0,0
1515,5,upper,0,0,0,0
1515,5,lower,0,0,0,0
1515,6,upper,0,0,0,0
1515,6,lower,0,0,0,0
1515,7,upper,0,0,0,0
1515,7,lower,0,0,0,0
1515,8,upper,0,0,0,0
1515,8,lower,0,0,0,0
1516,1,upper,0,0,0,0
1516,1,lower,0,1,0,0
1516,2,upper,0,0,0,0
1516,2,lower,2,2,0,0
1516,3,upper,0,0,0,0
1516,3,lower,1,0,0,0
1516,4,upper,0,0,0,0
1516,4,lower,3,2,-1,-1
1516,5,upper,0,0,0,0
1516,5,lower,0,0,0,0
1516,6,upper,0,0,0,0
1516,6,lower,0,0,0,0
1516,7,upper,0,0,0,0
1516,7,lower,0,0,0,0
1516,8,upper,0,0,0,0
1516,8,lower,0,0,0,0
1517,1,upper,0,0,0,0
1517,1,lower,1,2,0,0
1517,2,upper,0,0,0,0
1517,2,lower,0,2,0,0
1517,3,upper,0,0,0,0
1517,3,lower,0,0,0,0
1517,4,upper,0,0,0,0
1517,4,lower,3,1,-1,0
1517,5,upper,0,0,0,0
1517,5,lower,0,0,0,0
1517,6,upper,0,0,0,0
1517,6,lower,0,0,0,0
1517,7,upper,0,0,0,0
1517,7,lower,0,0,0,0
1517,8,upper,0,0,0,0
1517,8,lower,0,0,0,0
1518,1,upper,0,0,0,0
1518,1,lower,1,2,0,0
1518,2,upper,0,0,0,0
1518,2,lower,2,2,0,0
1518,3,upper,0,0,0,0
1518,3,lower,3,3,0,0
1518,4,upper,0,0,0,0
1518,4,lower,2,1,-1,-1
1518,5,upper,0,0,0,0
1518,5,lower,0,0,0,0
1518,6,upper,0,0,0,0
1518,6,lower,0,0,0,0
1518,7,upper,0,0,0,0
1518,7,lower,0,0,0,0
1518,8,upper,0,0,0,0
1518,8,lower,0,0,0,0
1519,1,upper,0,0,0,0
1519,1,lower,0,3,0,0
1519,2,upper,0,0,0,0
1519,2,lower,0,3,0,0
1519,3,upper,0,0,0,0
1519,3,lower,3,0,0,0
1519,4,upper,0,0,0,0
1519,4,lower,2,3,-1,0
1519,5,upper,0,0,0,0
1519,5,lower,0,0,0,0
1519,6,upper,0,0,0,0
1519,6,lower,0,0,0,0
1519,7,upper,0,0,0,0
1519,7,lower,0,0,0,0
1519,8,upper,0,0,0,0
1519,8,lower,0,0,0,0
1520,1,upper,0,0,0,0
1520,1,lower,2,2,0,0
1520,2,upper,0,0,0,0
1520,2,lower,2,1,0,0
1520,3,upper,0,0,0,0
1520,3,lower,1,0,0,0
1520,4,upper,0,0,0,0
1520,4,lower,2,2,0,-1
1520,5,upper,0,0,0,0
1520,5,lower,0,0,0,0
1520,6,upper,0,0,0,0
1520,6,lower,0,0,0,0
1520,7,upper,0,0,0,0
1520,7,lower,0,0,0,0
1520,8,upper,0,0,0,0
1520,8,lower,0,0,0,0
1521,1,upper,0,0,0,0
1521,1,lower,3,3,0,0
1521,2,upper,0,0,0,0
1521,2,lower,3,0,0,0
1521,3,upper,0,0,0,0
1521,3,lower,3,0,0,0
1521,4,upper,0,0,0,0
1521,4,lower,0,2,-1,0
1521,5,upper,0,0,0,0
1521,5,lower,0,0,0,0
1521,6,upper,0,0,0,0
1521,6,lower,0,0,0,0
1521,7,upper,0,0,0,0
1521,7,lower,0,0,0,0
1521,8,upper,0,0,0,0
1521,8,lower,0,0,0,0
1522,1,upper,0,0,0,0
1522,1,lower,3,2,0,0
1522,2,upper,0,0,0,0
1522,2,lower,2,2,0,0
1522,3,upper,0,0,0,0
1522,3,lower,0,0,0,0
1522,4,upper,0,0,0,0
1522,4,lower,3,2,-1,0
1522,5,upper,0,0,0,0
1522,5,lower,0,0,0,0
1522,6,upper,0,0,0,0
1522,6,lower,0,0,0,0
1522,7,upper,0,0,0,0
1522,7,lower,0,0,0,0
1522,8,upper,0,0,0,0
1522,8,lower,0,0,0,0
1523,1,upper,0,0,0,0
1523,1,lower,3,2,0,0
1523,2,upper,0,0,0,0
1523,2,lower,0,0,0,0
1523,3,upper,0,0,0,0
1523,3,lower,0,3,0,0
1523,4,upper,0,0,0,0
1523,4,lower,0,0,0,0
1523,5,upper,0,0,0,0
1523,5,lower,0,0,0,0
1523,6,upper,0,0,0,0
1523,6,lower,0,0,0,0
1523,7,upper,0,0,0,0
1523,7,lower,0,0,0,0
1523,8,upper,0,0,0,0
1523,8,lower,0,0,0,0
1524,1,upper,0,0,0,0
1524,1,lower,2,0,0,0
1524,2,upper,0,0,0,0
1524,2,lower,2,1,0,0
1524,3,upper,0,0,0,0
1524,3,lower,0,1,0,0
1524,4,upper,0,0,0,0
1524,4,lower,1,0,0,0
1524,5,upper,0,0,0,0
1524,5,lower,0,0,0,0
1524,6,upper,0,0,0,0
1524,6,lower,0,0,0,0
1524,7,upper,0,0,0,0
1524,7,lower,0,0,0,0
1524,8,upper,0,0,0,0
1524,8,lower,0,0,0,0
1525,1,upper,0,0,0,0
1525,1,lower,1,0,0,0
1525,2,upper,0,0,0,0
1525,2,lower,0,1,0,0
1525,3,upper,0,0,0,0
1525,3,lower,0,3,0,0
1525,4,upper,0,0,0,0
1525,4,lower,0,1,0,0
1525,5,upper,0,0,0,0
1525,5,lower,1,0,0,0
1525,6,upper,0,0,0,0
1525,6,lower,0,0,0,0
1525,7,upper,0,0,0,0
1525,7,lower,0,0,0,0
1525,8,upper,0,0,0,0
1525,8,lower,0,0,0,0
1526,1,upper,0,0,0,0
1526,1,lower,2,3,0,0
1526,2,upper,0,0,0,0
1526,2,lower,2,1,0,0
1526,3,upper,0,0,0,0
1526,3,lower,3,3,0,0
1526,4,upper,0,0,0,0
1526,4,lower,1,2,0,0
1526,5,upper,0,0,0,0
1526,5,lower,0,1,0,-1
1526,6,upper,0,0,0,0
1526,6,lower,0,0,0,0
1526,7,upper,0,0,0,0
1526,7,lower,0,0,0,0
1526,8,upper,0,0,0,0
1526,8,lower,0,0,0,0
1527,1,upper,0,0,0,0
1527,1,lower,2,2,0,0
1527,2,upper,0,0,0,0
1527,2,lower,0,2,0,0
1527,3,upper,0,0,0,0
1527,3,lower,0,0,0,0
1527,4,upper,0,0,0,0
1527,4,lower,0,3,0,0
1527,5,upper,0,0,0,0
1527,5,lower,1,2,-1,-1
1527,6,upper,0,0,0,0
1527,6,lower,0,0,0,0
1527,7,upper,0,0,0,0
1527,7,lower,0,0,0,0
1527,8,upper,0,0,0,0
1527,8,lower,0,0,0,0
1528,1,upper,0,0,0,0
1528,1,lower,2,3,0,0
1528,2,upper,0,0,0,0
1528,2,lower,0,3,0,0
1528,3,upper,0,0,0,0
1528,3,lower,0,1,0,0
1528,4,upper,0,0,0,0
1528,4,lower,2,2,0,0
1528,5,upper,0,0,0,0
1528,5,lower,0,0,0,0
1528,6,upper,0,0,0,0
1528,6,lower,0,0,0,0
1528,7,upper,0,0,0,0
1528,7,lower,0,0,0,0
1528,8,upper,0,0,0,0
1528,8,lower,0,0,0,0
1529,1,upper,0,0,0,0
1529,1,lower,1,0,0,0
1529,2,upper,0,0,0,0
1529,2,lower,3,1,0,0
1529,3,upper,0,0,0,0
1529,3,lower,2,1,0,0
1529,4,upper,0,0,0,0
1529,4,lower,3,1,0,0
1529,5,upper,0,0,0,0
1529,5,lower,1,1,0,0
1529,6,upper,0,0,0,0
1529,6,lower,0,0,0,0
1529,7,upper,0,0,0,0
1529,7,lower,0,0,0,0
1529,8,upper,0,0,0,0
1529,8,lower,0,0,0,0
1530,1,upper,0,0,0,0
1530,1,lower,0,3,0,0
1530,2,upper,0,0,0,0
1530,2,lower,3,3,0,0
1530,3,upper,0,0,0,0
1530,3,lower,3,0,0,0
1530,4,upper,0,0,0,0
1530,4,lower,2,0,0,0
1530,5,upper,0,0,0,0
1530,5,lower,2,3,-1,-1
1530,6,upper,0,0,0,0
1530,6,lower,0,0,0,0
1530,7,upper,0,0,0,0
1530,7,lower,0,0,0,0
1530,8,upper,0,0,0,0
1530,8,lower,0,0,0,0
1531,1,upper,0,0,0,0
1531,1,lower,3,2,0,0
1531,2,upper,0,0,0,0
1531,2,lower,1,0,0,0
1531,3,upper,0,0,0,0
1531,3,lower,2,2,0,0
1531,4,upper,0,0,0,0
1531,4,lower,0,0,0,0
1531,5,upper,0,0,0,0
1531,5,lower,1,0,-1,-1
1531,6,upper,0,0,0,0
1531,6,lower,0,0,0,0
1531,7,upper,0,0,0,0
1531,7,lower,0,0,0,0
1531,8,upper,0,0,0,0
1531,8,lower,0,0,0,0
1532,1,upper,0,0,0,0
1532,1,lower,1,3,0,0
1532,2,upper,0,0,0,0
1532,2,lower,3,3,0,0
1532,3,upper,0,0,0,0
1532,3,lower,0,2,0,0
1532,4,upper,0,0,0,0
1532,4,lower,0,2,0,0
1532,5,upper,0,0,0,0
1532,5,lower,0,0,0,0
1532,6,upper,0,0,0,0
1532,6,lower,0,0,0,0
1532,7,upper,0,0,0,0
1532,7,lower,0,0,0,0
1532,8,upper,0,0,0,0
1532,8,lower,0,0,0,0
1533,1,upper,0,0,0,0
1533,1,lower,0,3,0,0
1533,2,upper,0,0,0,0
1533,2,lower,1,1,0,0
1533,3,upper,0,0,0,0
1533,3,lower,0,3,0,0
1533,4,upper,0,0,0,0
1533,4,lower,1,3,0,0
1533,5,upper,0,0,0,0
1533,5,lower,0,2,0,0
1533,6,upper,0,0,0,0
1533,6,lower,0,0,0,0
1533,7,upper,0,0,0,0
1533,7,lower,0,0,0,0
1533,8,upper,0,0,0,0
1533,8,lower,0,0,0,0
1534,1,upper,0,0,0,0
1534,1,lower,0,2,0,0
1534,2,upper,0,0,0,0
1534,2,lower,2,3,0,0
1534,3,upper,0,0,0,0
1534,3,lower,3,0,0,0
1534,4,upper,0,0,0,0
1534,4,lower,2,2,0,0
1534,5,upper,0,0,0,0
1534,5,lower,0,1,0,0
1534,6,upper,0,0,0,0
1534,6,lower,0,0,0,-1
1534,7,upper,0,0,0,0
1534,7,lower,0,0,0,0
1534,8,upper,0,0,0,0
1534,8,lower,0,0,0,0
1535,1,upper,0,0,0,0
1535,1,lower,1,1,0,0
1535,2,upper,0,0,0,0
1535,2,lower,0,1,0,0
1535,3,upper,0,0,0,0
1535,3,lower,0,0,0,0
1535,4,upper,0,0,0,0
1535,4,lower,3,0,0,0
1535,5,upper,0,0,0,0
1535,5,lower,3,2,0,0
1535,6,upper,0,0,0,0
1535,6,lower,0,0,0,0
1535,7,upper,0,0,0,0
1535,7,lower,0,0,0,0
1535,8,upper,0,0,0,0
1535,8,lower,0,0,0,0
1536,1,upper,0,0,0,0
1536,1,lower,0,0,0,0
1536,2,upper,0,0,0,0
1536,2,lower,2,1,0,0
1536,3,upper,0,0,0,0
1536,3,lower,0,2,0,0
1536,4,upper,0,0,0,0
1536,4,lower,2,1,0,0
1536,5,upper,0,0,0,0
1536,5,lower,0,0,0,0
1536,6,upper,0,0,0,0
1536,6,lower,3,3,-1,-1
1536,7,upper,0,0,0,0
1536,7,lower,0,0,0,0
1536,8,upper,0,0,0,0
1536,8,lower,0,0,0,0
1537,1,upper,0,0,0,0
1537,1,lower,0,1,0,0
1537,2,upper,0,0,0,0
1537,2,lower,0,0,0,0
1537,3,upper,0,0,0,0
1537,3,lower,0,0,0,0
1537,4,upper,0,0,0,0
1537,4,lower,1,0,0,0
1537,5,upper,0,0,0,0
1537,5,lower,2,3,0,0
1537,6,upper,0,0,0,0
1537,6,lower,0,0,0,0
1537,7,upper,0,0,0,0
1537,7,lower,0,0,0,0
1537,8,upper,0,0,0,0
1537,8,lower,0,0,0,0
1538,1,upper,0,2,0,0
1538,1,lower,0,4,0,0
1538,2,upper,2,2,0,0
1538,2,lower,3,3,0,0
1538,3,upper,0,0,0,0
1538,3,lower,0,0,0,0
1538,4,upper,0,0,0,0
1538,4,lower,0,1,0,0
1538,5,upper,0,0,0,0
1538,5,lower,1,0,0,0
1538,6,upper,0,0,0,0
1538,6,lower,0,0,0,0
1538,7,upper,0,0,0,0
1538,7,lower,0,0,0,0
1538,8,upper,0,0,0,0
1538,8,lower,0,0,0,0
1539,1,upper,0,0,0,0
1539,1,lower,2,2,0,0
1539,2,upper,0,2,0,0
1539,2,lower,3,2,0,0
1539,3,upper,0,2,0,0
1539,3,lower,3,2,0,0
1539,4,upper,0,0,0,0
1539,4,lower,0,0,0,0
1539,5,upper,0,0,0,0
1539,5,lower,2,0,0,0
1539,6,upper,0,0,0,0
1539,6,lower,0,0,0,0
1539,7,upper,0,0,0,0
1539,7,lower,0,0,0,0
1539,8,upper,0,0,0,0
1539,8,lower,0,0,0,0
1540,1,upper,0,0,0,0
1540,1,lower,3,1,0,0
1540,2,upper,0,2,0,0
1540,2,lower,0,2,0,0
1540,3,upper,0,0,0,0
1540,3,lower,3,1,0,0
1540,4,upper,2,2,0,0
1540,4,lower,3,2,0,0
1540,5,upper,0,0,0,0
1540,5,lower,0,0,0,0
1540,6,upper,0,0,0,0
1540,6,lower,0,0,0,0
1540,7,upper,0,0,0,0
1540,7,lower,0,0,0,0
1540,8,upper,0,0,0,0
1540,8,lower,0,0,0,0
1541,1,upper,0,2,0,0
1541,1,lower,2,5,0,0
1541,2,upper,2,0,0,0
1541,2,lower,5,2,0,0
1541,3,upper,0,2,0,0
1541,3,lower,1,2,0,0
1541,4,upper,0,2,0,0
1541,4,lower,3,2,0,0
1541,5,upper,2,2,0,0
1541,5,lower,5,2,0,0
1541,6,upper,0,0,0,0
1541,6,lower,0,0,0,0
1541,7,upper,0,0,0,0
1541,7,lower,0,0,0,0
1541,8,upper,0,0,0,0
1541,8,lower,0,0,0,0
1542,1,upper,2,2,0,0
1542,1,lower,2,4,0,0
1542,2,upper,2,0,0,0
1542,2,lower,3,2,0,0
1542,3,upper,2,0,0,0
1542,3,lower,5,2,0,0
1542,4,upper,2,0,0,0
1542,4,lower,2,-1,0,0
1542,5,upper,0,2,0,0
1542,5,lower,4,4,0,0
1542,6,upper,2,2,0,0
1542,6,lower,2,3,0,0
1542,7,upper,0,0,0,0
1542,7,lower,0,0,0,0
1542,8,upper,0,0,0,0
1542,8,lower,0,0,0,0
1543,1,upper,0,2,0,0
1543,1,lower,2,3,0,0
1543,2,upper,2,2,0,0
1543,2,lower,4,2,0,0
1543,3,upper,0,0,0,0
1543,3,lower,2,2,0,0
1543,4,upper,0,0,0,0
1543,4,lower,0,1,0,0
1543,5,upper,2,0,0,0
1543,5,lower,1,1,0,0
1543,6,upper,0,0,0,0
1543,6,lower,0,0,0,0
1543,7,upper,0,2,0,0
1543,7,lower,2,0,0,0
1543,8,upper,0,0,0,0
1543,8,lower,0,0,0,0
1544,1,upper,0,0,0,0
1544,1,lower,3,2,0,0
1544,2,upper,0,2,0,0
1544,2,lower,4,4,0,0
1544,3,upper,0,2,0,0
1544,3,lower,1,4,0,0
1544,4,upper,2,2,0,0
1544,4,lower,4,2,0,0
1544,5,upper,0,0,0,0
1544,5,lower,0,0,0,0
1544,6,upper,2,0,0,0
1544,6,lower,2,-1,0,0
1544,7,upper,0,0,0,0
1544,7,lower,0,0,0,0
1544,8,upper,0,0,0,0
1544,8,lower,0,0,0,0
1545,1,upper,2,0,0,0
1545,1,lower,5,-1,0,0
1545,2,upper,0,2,0,0
1545,2,lower,3,2,0,0
1545,3,upper,2,2,0,0
1545,3,lower,3,3,0,0
1545,4,upper,2,0,0,0
1545,4,lower,4,1,0,0
1545,5,upper,0,0,0,0
1545,5,lower,1,2,0,0
1545,6,upper,0,0,0,0
1545,6,lower,0,0,0,0
1545,7,upper,2,2,0,0
1545,7,lower,2,-2,0,0
1545,8,upper,0,0,0,0
1545,8,lower,0,0,0,0
1546,1,upper,2,2,0,0
1546,1,lower,4,3,0,0
1546,2,upper,2,0,0,0
1546,2,lower,3,0,0,0
1546,3,upper,0,0,0,0
1546,3,lower,1,3,0,0
1546,4,upper,0,0,0,0
1546,4,lower,1,0,0,0
1546,5,upper,2,2,0,0
1546,5,lower,0,-3,0,0
1546,6,upper,2,0,0,0
1546,6,lower,1,-2,0,0
1546,7,upper,0,0,0,0
1546,7,lower,0,0,0,0
1546,8,upper,0,0,0,0
1546,8,lower,0,0,0,0
1547,1,upper,2,2,0,0
1547,1,lower,4,2,0,0
1547,2,upper,0,2,0,0
1547,2,lower,3,2,0,0
1547,3,upper,0,2,0,0
1547,3,lower,4,1,0,0
1547,4,upper,0,2,0,0
1547,4,lower,2,0,0,0
1547,5,upper,2,0,0,0
1547,5,lower,0,1,0,0
1547,6,upper,0,0,0,0
1547,6,lower,0,0,0,0
1547,7,upper,2,2,0,0
1547,7,lower,2,-2,0,0
1547,8,upper,0,0,0,0
1547,8,lower,0,0,0,0
1548,1,upper,0,0,0,0
1548,1,lower,0,3,0,0
1548,2,upper,2,2,0,0
1548,2,lower,3,3,0,0
1548,3,upper,0,2,0,0
1548,3,lower,3,2,0,0
1548,4,upper,2,0,0,0
1548,4,lower,1,0,0,0
1548,5,upper,0,0,0,0
1548,5,lower,0,0,0,0
1548,6,upper,0,2,0,0
1548,6,lower,2,1,0,0
1548,7,upper,2,2,0,0
1548,7,lower,2,2,0,0
1548,8,upper,0,2,0,0
1548,8,lower,0,2,0,0
1549,1,upper,0,0,0,0
1549,1,lower,0,0,0,0
1549,2,upper,2,0,0,0
1549,2,lower,4,-1,0,0
1549,3,upper,0,2,0,0
1549,3,lower,4,1,0,0
1549,4,upper,0,0,0,0
1549,4,lower,2,1,0,0
1549,5,upper,2,0,0,0
1549,5,lower,5,0,0,0
1549,6,upper,0,0,0,0
1549,6,lower,0,0,0,0
1549,7,upper,2,2,0,0
1549,7,lower,2,-2,0,0
1549,8,upper,0,2,0,0
1549,8,lower,0,2,0,0
1550,1,upper,2,2,0,0
1550,1,lower,3,3,0,0
1550,2,upper,2,2,0,0
1550,2,lower,3,1,0,0
1550,3,upper,0,0,0,0
1550,3,lower,1,3,0,0
1550,4,upper,0,2,0,0
1550,4,lower,2,2,0,0
1550,5,upper,2,0,0,0
1550,5,lower,2,-2,0,0
1550,6,upper,0,2,0,0
1550,6,lower,2,3,0,0
1550,7,upper,2,2,0,0
1550,7,lower,2,2,0,0
1550,8,upper,0,0,0,0
1550,8,lower,0,0,0,0
1551,1,upper,2,0,0,0
1551,1,lower,4,1,0,0
1551,2,upper,0,0,0,0
1551,2,lower,3,2,0,0
1551,3,upper,0,2,0,0
1551,3,lower,4,3,0,0
1551,4,upper,2,0,0,0
1551,4,lower,1,0,0,0
1551,5,upper,2,0,0,0
1551,5,lower,3,1,0,0
1551,6,upper,0,0,0,0
1551,6,lower,0,0,0,0
1551,7,upper,2,2,0,0
1551,7,lower,2,-2,0,0
1551,8,upper,0,0,0,0
1551,8,lower,0,0,0,0
1552,1,upper,0,2,0,0
1552,1,lower,2,2,0,0
1552,2,upper,2,0,0,0
1552,2,lower,2,-1,0,0
1552,3,upper,0,2,0,0
1552,3,lower,5,4,0,0
1552,4,upper,2,2,0,0
1552,4,lower,3,-1,0,0
1552,5,upper,0,0,0,0
1552,5,lower,0,0,0,0
1552,6,upper,0,2,0,0
1552,6,lower,1,0,0,0
1552,7,upper,2,2,0,0
1552,7,lower,2,2,0,0
1552,8,upper,0,2,0,0
1552,8,lower,0,2,0,0
1553,1,upper,0,0,0,0
1553,1,lower,3,2,0,0
1553,2,upper,0,0,0,0
1553,2,lower,2,3,0,0
1553,3,upper,0,0,0,0
1553,3,lower,2,0,0,0
1553,4,upper,0,0,0,0
1553,4,lower,1,2,0,0
1553,5,upper,0,2,0,0
1553,5,lower,5,-1,0,0
1553,6,upper,0,0,0,0
1553,6,lower,0,0,0,0
1553,7,upper,0,2,0,0
1553,7,lower,2,0,0,0
1553,8,upper,2,0,0,0
1553,8,lower,2,0,0,0
1554,1,upper,2,0,0,0
1554,1,lower,1,0,0,0
1554,2,upper,2,0,0,0
1554,2,lower,1,-1,0,0
1554,3,upper,0,2,0,0
1554,3,lower,2,0,0,0
1554,4,upper,2,0,0,0
1554,4,lower,-1,0,0,0
1554,5,upper,0,2,0,0
1554,5,lower,2,2,0,0
1554,6,upper,2,0,0,0
1554,6,lower,3,0,0,0
1554,7,upper,0,0,0,0
1554,7,lower,0,0,0,0
1554,8,upper,2,2,0,0
1554,8,lower,2,2,0,0
1555,1,upper,2,0,0,0
1555,1,lower,4,1,0,0
1555,2,upper,2,2,0,0
1555,2,lower,4,2,0,0
1555,3,upper,2,0,0,0
1555,3,lower,3,0,0,0
1555,4,upper,0,0,0,0
1555,4,lower,0,0,0,0
1555,5,upper,0,2,0,0
1555,5,lower,0,1,0,0
1555,6,upper,0,0,0,0
1555,6,lower,0,0,0,0
1555,7,upper,2,0,0,0
1555,7,lower,0,-2,0,0
1555,8,upper,0,0,0,0
1555,8,lower,0,0,0,0
1556,1,upper,2,0,0,0
1556,1,lower,5,0,0,0
1556,2,upper,2,2,0,0
1556,2,lower,4,1,0,0
1556,3,upper,0,0,0,0
1556,3,lower,3,1,0,0
1556,4,upper,2,0,0,0
1556,4,lower,3,1,0,0
1556,5,upper,0,0,0,0
1556,5,lower,0,0,0,0
1556,6,upper,0,2,0,0
1556,6,lower,4,-1,0,0
1556,7,upper,2,2,0,0
1556,7,lower,2,2,0,0
1556,8,upper,0,0,0,0
1556,8,lower,0,0,0,0
1557,1,upper,0,0,0,0
1557,1,lower,2,2,0,0
1557,2,upper,2,0,0,0
1557,2,lower,1,-1,0,0
1557,3,upper,0,0,0,0
1557,3,lower,3,3,0,0
1557,4,upper,0,2,0,0
1557,4,lower,2,4,0,0
1557,5,upper,0,2,0,0
1557,5,lower,2,5,0,0
1557,6,upper,2,2,0,0
1557,6,lower,2,2,0,0
1557,7,upper,2,2,0,0
1557,7,lower,2,-2,0,0
1557,8,upper,2,2,0,0
1557,8,lower,2,2,0,0
1558,1,upper,0,2,0,0
1558,1,lower,3,4,0,0
1558,2,upper,2,0,0,0
1558,2,lower,3,0,0,0
1558,3,upper,0,2,0,0
1558,3,lower,2,2,0,0
1558,4,upper,0,2,0,0
1558,4,lower,2,5,0,0
1558,5,upper,2,0,0,0
1558,5,lower,2,0,0,0
1558,6,upper,0,0,0,0
1558,6,lower,0,3,0,0
1558,7,upper,0,0,0,0
1558,7,lower,0,0,0,0
1558,8,upper,2,2,0,0
1558,8,lower,2,2,0,0
1559,1,upper,2,2,0,0
1559,1,lower,3,3,0,0
1559,2,upper,0,2,0,0
1559,2,lower,2,2,0,0
1559,3,upper,0,0,0,0
1559,3,lower,2,1,0,0
1559,4,upper,0,2,0,0
1559,4,lower,2,4,0,0
1559,5,upper,0,2,0,0
1559,5,lower,4,3,0,0
1559,6,upper,2,2,0,0
1559,6,lower,2,-2,0,0
1559,7,upper,2,0,0,0
1559,7,lower,0,-2,0,0
1559,8,upper,2,2,0,0
1559,8,lower,2,2,0,0
1560,1,upper,0,0,0,0
1560,1,lower,1,3,0,0
1560,2,upper,0,2,0,0
1560,2,lower,3,3,0,0
1560,3,upper,2,2,0,0
1560,3,lower,0,-2,0,0
1560,4,upper,0,2,0,0
1560,4,lower,4,3,0,0
1560,5,upper,2,0,0,0
1560,5,lower,0,-2,0,0
1560,6,upper,0,0,0,0
1560,6,lower,2,0,0,0
1560,7,upper,0,0,0,0
1560,7,lower,0,0,0,0
1560,8,upper,2,0,0,0
1560,8,lower,2,0,0,0
1561,1,upper,2,2,0,0
1561,1,lower,3,3,0,0
1561,2,upper,2,2,0,0
1561,2,lower,4,1,0,0
1561,3,upper,0,0,0,0
1561,3,lower,1,0,0,0
1561,4,upper,2,0,0,0
1561,4,lower,1,0,0,0
1561,5,upper,0,0,0,0
1561,5,lower,1,0,0,0
1561,6,upper,0,0,0,0
1561,6,lower,0,0,0,0
1561,7,upper,2,2,0,0
1561,7,lower,2,-2,0,0
1561,8,upper,2,2,0,0
1561,8,lower,2,2,0,0
1562,1,upper,0,2,0,0
1562,1,lower,1,2,0,0
1562,2,upper,0,2,0,0
1562,2,lower,3,3,0,0
1562,3,upper,0,2,0,0
1562,3,lower,2,-2,0,0
1562,4,upper,0,2,0,0
1562,4,lower,5,2,0,0
1562,5,upper,0,2,0,0
1562,5,lower,1,1,0,0
1562,6,upper,0,0,0,0
1562,6,lower,3,2,0,0
1562,7,upper,2,2,0,0
1562,7,lower,2,2,0,0
1562,8,upper,0,2,0,0
1562,8,lower,0,2,0,0
1563,1,upper,0,2,0,0
1563,1,lower,1,3,0,0
1563,2,upper,2,2,0,0
1563,2,lower,4,1,0,0
1563,3,upper,0,2,0,0
1563,3,lower,5,-2,0,0
1563,4,upper,2,2,0,0
1563,4,lower,2,-2,0,0
1563,5,upper,0,2,0,0
1563,5,lower,4,0,0,0
1563,6,upper,2,0,0,0
1563,6,lower,0,-2,0,0
1563,7,upper,2,0,0,0
1563,7,lower,0,-2,0,0
1563,8,upper,0,2,0,0
1563,8,lower,0,2,0,0
1564,1,upper,0,0,0,0
1564,1,lower,1,1,0,0
1564,2,upper,0,0,0,0
1564,2,lower,3,3,0,0
1564,3,upper,0,0,0,0
1564,3,lower,2,2,0,0
1564,4,upper,2,0,0,0
1564,4,lower,2,1,0,0
1564,5,upper,0,0,0,0
1564,5,lower,0,0,0,0
1564,6,upper,2,0,0,0
1564,6,lower,-1,0,0,0
1564,7,upper,2,0,0,0
1564,7,lower,2,0,0,0
1564,8,upper,0,2,0,0
1564,8,lower,0,2,0,0
1565,1,upper,2,2,0,0
1565,1,lower,3,3,0,0
1565,2,upper,0,0,0,0
1565,2,lower,3,0,0,0
1565,3,upper,2,0,0,0
1565,3,lower,0,2,0,0
1565,4,upper,0,2,0,0
1565,4,lower,4,1,0,0
1565,5,upper,0,2,0,0
1565,5,lower,3,3,0,0
1565,6,upper,2,2,0,0
1565,6,lower,2,2,0,0
1565,7,upper,2,2,0,0
1565,7,lower,2,-2,0,0
1565,8,upper,0,0,0,0
1565,8,lower,0,0,0,0
1566,1,upper,2,2,0,0
1566,1,lower,5,0,0,0
1566,2,upper,0,0,0,0
1566,2,lower,0,1,0,0
1566,3,upper,0,0,0,0
1566,3,lower,2,0,0,0
1566,4,upper,2,0,0,0
1566,4,lower,-1,0,0,0
1566,5,upper,0,2,0,0
1566,5,lower,4,3,0,0
1566,6,upper,2,0,0,0
1566,6,lower,4,0,0,0
1566,7,upper,0,0,0,0
1566,7,lower,0,0,0,0
1566,8,upper,0,0,0,0
1566,8,lower,0,0,0,0
1567,1,upper,2,2,0,0
1567,1,lower,4,1,0,0
1567,2,upper,0,2,0,0
1567,2,lower,2,1,0,0
1567,3,upper,2,2,0,0
1567,3,lower,0,-2,0,0
1567,4,upper,2,0,0,0
1567,4,lower,0,-2,0,0
1567,5,upper,2,0,0,0
1567,5,lower,4,1,0,0
1567,6,upper,2,2,0,0
1567,6,lower,2,-2,0,0
1567,7,upper,0,0,0,0
1567,7,lower,0,0,0,0
1567,8,upper,0,0,0,0
1567,8,lower,0,0,0,0
1568,1,upper,0,2,0,0
1568,1,lower,3,3,0,0
1568,2,upper,2,0,0,0
1568,2,lower,2,-1,0,0
1568,3,upper,2,0,0,0
1568,3,lower,1,1,0,0
1568,4,upper,2,0,0,0
1568,4,lower,1,2,0,0
1568,5,upper,2,2,0,0
1568,5,lower,2,-2,0,0
1568,6,upper,0,0,0,0
1568,6,lower,2,0,0,0
1568,7,upper,0,0,0,0
1568,7,lower,0,0,0,0
1568,8,upper,2,0,0,0
1568,8,lower,2,0,0,0
1569,1,upper,0,2,0,0
1569,1,lower,4,1,0,0
1569,2,upper,0,2,0,0
1569,2,lower,2,0,0,0
1569,3,upper,0,0,0,0
1569,3,lower,0,1,0,0
1569,4,upper,2,0,0,0
1569,4,lower,0,2,0,0
1569,5,upper,0,2,0,0
1569,5,lower,5,0,0,0
1569,6,upper,0,0,0,0
1569,6,lower,0,0,0,0
1569,7,upper,0,0,0,0
1569,7,lower,0,0,0,0
1569,8,upper,2,2,0,0
1569,8,lower,2,2,0,0
1570,1,upper,0,2,0,0
1570,1,lower,3,3,0,0
1570,2,upper,2,2,0,0
1570,2,lower,5,1,0,0
1570,3,upper,0,0,0,0
1570,3,lower,0,0,0,0
1570,4,upper,0,2,0,0
1570,4,lower,1,-1,0,0
1570,5,upper,2,0,0,0
1570,5,lower,-1,0,0,0
1570,6,upper,0,2,0,0
1570,6,lower,4,5,0,0
1570,7,upper,2,2,0,0
1570,7,lower,2,2,0,0
1570,8,upper,2,2,0,0
1570,8,lower,2,2,0,0
1571,1,upper,0,2,0,0
1571,1,lower,1,4,0,0
1571,2,upper,0,0,0,0
1571,2,lower,2,0,0,0
1571,3,upper,0,2,0,0
1571,3,lower,3,5,0,0
1571,4,upper,0,0,0,0
1571,4,lower,0,0,0,0
1571,5,upper,2,0,0,0
1571,5,lower,-1,-1,0,0
1571,6,upper,0,0,0,0
1571,6,lower,0,0,0,0
1571,7,upper,2,2,0,0
1571,7,lower,2,-2,0,0
1571,8,upper,2,2,0,0
1571,8,lower,2,2,0,0
1572,1,upper,2,0,0,0
1572,1,lower,3,-2,0,0
1572,2,upper,2,0,0,0
1572,2,lower,0,1,0,0
1572,3,upper,0,2,0,0
1572,3,lower,3,5,0,0
1572,4,upper,0,2,0,0
1572,4,lower,4,5,0,0
1572,5,upper,0,0,0,0
1572,5,lower,0,0,0,0
1572,6,upper,2,0,0,0
1572,6,lower,1,0,0,0
1572,7,upper,2,2,0,0
1572,7,lower,2,2,0,0
1572,8,upper,2,0,0,0
1572,8,lower,2,0,0,0
1573,1,upper,2,2,0,0
1573,1,lower,6,3,0,0
1573,2,upper,2,0,0,0
1573,2,lower,2,0,0,0
1573,3,upper,2,0,0,0
1573,3,lower,4,1,0,0
1573,4,upper,2,2,0,0
1573,4,lower,5,4,0,0
1573,5,upper,0,0,0,0
1573,5,lower,3,2,0,0
1573,6,upper,2,2,0,0
1573,6,lower,2,2,0,0
1573,7,upper,2,2,0,0
1573,7,lower,2,-2,0,0
1573,8,upper,0,0,0,0
1573,8,lower,0,0,0,0
1574,1,upper,2,2,0,0
1574,1,lower,5,3,0,0
1574,2,upper,0,2,0,0
1574,2,lower,5,3,0,0
1574,3,upper,2,0,0,0
1574,3,lower,2,-1,0,0
1574,4,upper,2,0,0,0
1574,4,lower,4,-2,0,0
1574,5,upper,0,0,0,0
1574,5,lower,1,1,0,0
1574,6,upper,0,0,0,0
1574,6,lower,1,0,0,0
1574,7,upper,2,2,0,0
1574,7,lower,2,2,0,0
1574,8,upper,2,2,0,0
1574,8,lower,2,2,0,0
1575,1,upper,0,2,0,0
1575,1,lower,2,4,0,0
1575,2,upper,2,0,0,0
1575,2,lower,0,1,0,0
1575,3,upper,0,2,0,0
1575,3,lower,3,5,0,0
1575,4,upper,0,2,0,0
1575,4,lower,1,1,0,0
1575,5,upper,2,0,0,0
1575,5,lower,2,-1,0,0
1575,6,upper,0,2,0,0
1575,6,lower,2,0,0,0
1575,7,upper,0,0,0,0
1575,7,lower,0,0,0,0
1575,8,upper,2,2,0,0
1575,8,lower,2,2,0,0
1576,1,upper,2,0,0,0
1576,1,lower,2,-1,0,0
1576,2,upper,0,0,0,0
1576,2,lower,0,0,0,0
1576,3,upper,0,2,0,0
1576,3,lower,4,4,0,0
1576,4,upper,0,2,0,0
1576,4,lower,4,2,0,0
1576,5,upper,2,0,0,0
1576,5,lower,0,-2,0,0
1576,6,upper,0,2,0,0
1576,6,lower,4,-1,0,0
1576,7,upper,2,2,0,0
1576,7,lower,2,2,0,0
1576,8,upper,2,0,0,0
1576,8,lower,2,0,0,0
1577,1,upper,0,2,0,0
1577,1,lower,2,1,0,0
1577,2,upper,0,2,0,0
1577,2,lower,1,0,0,0
1577,3,upper,0,2,0,0
1577,3,lower,1,3,0,0
1577,4,upper,2,0,0,0
1577,4,lower,2,1,0,0
1577,5,upper,2,0,0,0
1577,5,lower,0,-2,0,0
1577,6,upper,2,0,0,0
1577,6,lower,2,0,0,0
1577,7,upper,0,0,0,0
1577,7,lower,0,0,0,0
1577,8,upper,2,2,0,0
1577,8,lower,2,2,0,0
1578,1,upper,2,2,0,0
1578,1,lower,3,1,0,0
1578,2,upper,0,0,0,0
1578,2,lower,3,2,0,0
1578,3,upper,2,0,0,0
1578,3,lower,4,2,0,0
1578,4,upper,0,0,0,0
1578,4,lower,2,1,0,0
1578,5,upper,2,0,0,0
1578,5,lower,0,-1,0,0
1578,6,upper,2,0,0,0
1578,6,lower,4,0,0,0
1578,7,upper,0,2,0,0
1578,7,lower,0,2,0,0
1578,8,upper,2,2,0,0
1578,8,lower,2,2,0,0
1579,1,upper,2,0,0,0
1579,1,lower,1,-1,0,0
1579,2,upper,2,2,0,0
1579,2,lower,4,-3,0,0
1579,3,upper,0,2,0,0
1579,3,lower,3,4,0,0
1579,4,upper,0,2,0,0
1579,4,lower,2,0,0,0
1579,5,upper,2,2,0,0
1579,5,lower,1,-2,0,0
1579,6,upper,0,0,0,0
1579,6,lower,0,0,0,0
1579,7,upper,2,0,0,0
1579,7,lower,0,-2,0,0
1579,8,upper,0,0,0,0
1579,8,lower,0,0,0,0
1580,1,upper,0,0,0,0
1580,1,lower,3,3,0,0
1580,2,upper,2,2,0,0
1580,2,lower,3,0,0,0
1580,3,upper,2,0,0,0
1580,3,lower,2,0,0,0
1580,4,upper,2,0,0,0
1580,4,lower,0,-1,0,0
1580,5,upper,0,2,0,0
1580,5,lower,0,2,0,0
1580,6,upper,0,2,0,0
1580,6,lower,3,-1,0,0
1580,7,upper,2,0,0,0
1580,7,lower,2,0,0,0
1580,8,upper,2,0,0,0
1580,8,lower,2,0,0,0
1581,1,upper,0,0,0,0
1581,1,lower,1,2,0,0
1581,2,upper,0,0,0,0
1581,2,lower,1,0,0,0
1581,3,upper,0,2,0,0
1581,3,lower,2,3,0,0
1581,4,upper,0,0,0,0
1581,4,lower,2,2,0,0
1581,5,upper,0,2,0,0
1581,5,lower,2,4,0,0
1581,6,upper,0,0,0,0
1581,6,lower,0,0,0,0
1581,7,upper,0,2,0,0
1581,7,lower,2,0,0,0
1581,8,upper,0,2,0,0
1581,8,lower,0,2,0,0
1582,1,upper,0,0,0,0
1582,1,lower,3,3,0,0
1582,2,upper,2,0,0,0
1582,2,lower,-1,2,0,0
1582,3,upper,2,0,0,0
1582,3,lower,4,-2,0,0
1582,4,upper,2,2,0,0
1582,4,lower,4,0,0,0
1582,5,upper,0,0,0,0
1582,5,lower,2,0,0,0
1582,6,upper,0,0,0,0
1582,6,lower,1,1,0,0
1582,7,upper,0,2,0,0
1582,7,lower,0,2,0,0
1582,8,upper,0,2,0,0
1582,8,lower,0,2,0,0
1583,1,upper,2,0,0,0
1583,1,lower,1,1,0,0
1583,2,upper,2,0,0,0
1583,2,lower,1,-2,0,0
1583,3,upper,0,2,0,0
1583,3,lower,3,4,0,0
1583,4,upper,0,2,0,0
1583,4,lower,4,2,0,0
1583,5,upper,2,2,0,0
1583,5,lower,4,0,0,0
1583,6,upper,2,2,0,0
1583,6,lower,2,-2,0,0
1583,7,upper,2,2,0,0
1583,7,lower,2,-2,0,0
1583,8,upper,2,0,0,0
1583,8,lower,2,0,0,0
1584,1,upper,2,2,0,0
1584,1,lower,5,0,0,0
1584,2,upper,2,2,0,0
1584,2,lower,2,-2,0,0
1584,3,upper,0,2,0,0
1584,3,lower,4,0,0,0
1584,4,upper,2,2,0,0
1584,4,lower,1,-3,0,0
1584,5,upper,2,2,0,0
1584,5,lower,2,-2,0,0
1584,6,upper,0,0,0,0
1584,6,lower,0,1,0,0
1584,7,upper,2,0,0,0
1584,7,lower,2,0,0,0
1584,8,upper,0,0,0,0
1584,8,lower,0,0,0,0
1585,1,upper,0,0,0,0
1585,1,lower,0,2,0,0
1585,2,upper,0,2,0,0
1585,2,lower,2,-1,0,0
1585,3,upper,0,2,0,0
1585,3,lower,5,0,0,0
1585,4,upper,2,2,0,0
1585,4,lower,1,-1,0,0
1585,5,upper,2,0,0,0
1585,5,lower,0,1,0,0
1585,6,upper,2,2,0,0
1585,6,lower,2,2,0,0
1585,7,upper,2,2,0,0
1585,7,lower,2,-2,0,0
1585,8,upper,2,0,0,0
1585,8,lower,2,0,0,0
1586,1,upper,0,2,0,0
1586,1,lower,3,1,0,0
1586,2,upper,0,0,0,0
1586,2,lower,3,1,0,0
1586,3,upper,2,2,0,0
1586,3,lower,2,-2,0,0
1586,4,upper,0,2,0,0
1586,4,lower,1,1,0,0
1586,5,upper,2,2,0,0
1586,5,lower,3,-2,0,0
1586,6,upper,0,0,0,0
1586,6,lower,1,0,0,0
1586,7,upper,0,0,0,0
1586,7,lower,0,0,0,0
1586,8,upper,2,2,0,0
1586,8,lower,2,2,0,0
1587,1,upper,2,0,0,0
1587,1,lower,4,1,0,0
1587,2,upper,2,0,0,0
1587,2,lower,0,0,0,0
1587,3,upper,2,0,0,0
1587,3,lower,0,1,0,0
1587,4,upper,2,2,0,0
1587,4,lower,2,2,0,0
1587,5,upper,0,2,0,0
1587,5,lower,1,1,0,0
1587,6,upper,2,2,0,0
1587,6,lower,2,-2,0,0
1587,7,upper,0,2,0,0
1587,7,lower,2,0,0,0
1587,8,upper,0,0,0,0
1587,8,lower,0,0,0,0
1588,1,upper,2,0,0,0
1588,1,lower,2,-2,0,0
1588,2,upper,0,2,0,0
1588,2,lower,3,-2,0,0
1588,3,upper,2,0,0,0
1588,3,lower,0,0,0,0
1588,4,upper,0,2,0,0
1588,4,lower,4,5,0,0
1588,5,upper,0,2,0,0
1588,5,lower,0,2,0,0
1588,6,upper,0,0,0,0
1588,6,lower,0,1,0,0
1588,7,upper,2,2,0,0
1588,7,lower,2,2,0,0
1588,8,upper,0,0,0,0
1588,8,lower,0,0,0,0
1589,1,upper,0,2,0,0
1589,1,lower,5,2,0,0
1589,2,upper,2,2,0,0
1589,2,lower,0,0,0,0
1589,3,upper,2,0,0,0
1589,3,lower,0,-1,0,0
1589,4,upper,0,2,0,0
1589,4,lower,2,4,0,0
1589,5,upper,2,0,0,0
1589,5,lower,2,1,0,0
1589,6,upper,0,2,0,0
1589,6,lower,0,2,0,0
1589,7,upper,2,2,0,0
1589,7,lower,2,-2,0,0
1589,8,upper,2,0,0,0
1589,8,lower,2,0,0,0
1590,1,upper,0,2,0,0
1590,1,lower,3,2,0,0
1590,2,upper,0,2,0,0
1590,2,lower,3,-1,0,0
1590,3,upper,0,2,0,0
1590,3,lower,2,0,0,0
1590,4,upper,0,0,0,0
1590,4,lower,0,1,0,0
1590,5,upper,0,0,0,0
1590,5,lower,0,1,0,0
1590,6,upper,0,0,0,0
1590,6,lower,1,0,0,0
1590,7,upper,2,2,0,0
1590,7,lower,2,2,0,0
1590,8,upper,0,0,0,0
1590,8,lower,0,0,0,0
1591,1,upper,0,0,0,0
1591,1,lower,3,3,0,0
1591,2,upper,0,0,0,0
1591,2,lower,1,0,0,0
1591,3,upper,2,0,0,0
1591,3,lower,-1,2,0,0
1591,4,upper,0,0,0,0
1591,4,lower,1,2,0,0
1591,5,upper,2,0,0,0
1591,5,lower,0,1,0,0
1591,6,upper,2,0,0,0
1591,6,lower,0,-2,0,0
1591,7,upper,2,0,0,0
1591,7,lower,0,-2,0,0
1591,8,upper,2,2,0,0
1591,8,lower,2,2,0,0
1592,1,upper,2,0,0,0
1592,1,lower,1,1,0,0
1592,2,upper,0,0,0,0
1592,2,lower,2,1,0,0
1592,3,upper,0,2,0,0
1592,3,lower,4,2,0,0
1592,4,upper,0,2,0,0
1592,4,lower,4,1,0,0
1592,5,upper,0,0,0,0
1592,5,lower,0,0,0,0
1592,6,upper,0,2,0,0
1592,6,lower,3,2,0,0
1592,7,upper,0,2,0,0
1592,7,lower,0,2,0,0
1592,8,upper,2,0,0,0
1592,8,lower,2,0,0,0
1593,1,upper,2,2,0,0
1593,1,lower,2,0,0,0
1593,2,upper,0,0,0,0
1593,2,lower,0,0,0,0
1593,3,upper,2,0,0,0
1593,3,lower,0,-1,0,0
1593,4,upper,2,2,0,0
1593,4,lower,5,0,0,0
1593,5,upper,2,0,0,0
1593,5,lower,-1,0,0,0
1593,6,upper,0,2,0,0
1593,6,lower,0,2,0,0
1593,7,upper,0,0,0,0
1593,7,lower,0,0,0,0
1593,8,upper,2,2,0,0
1593,8,lower,2,2,0,0
1594,1,upper,0,2,0,0
1594,1,lower,4,0,0,0
1594,2,upper,2,2,0,0
1594,2,lower,0,-1,0,0
1594,3,upper,0,2,0,0
1594,3,lower,2,0,0,0
1594,4,upper,2,2,0,0
1594,4,lower,2,-1,0,0
1594,5,upper,0,0,0,0
1594,5,lower,3,3,0,0
1594,6,upper,2,0,0,0
1594,6,lower,1,1,0,0
1594,7,upper,0,2,0,0
1594,7,lower,0,2,0,0
1594,8,upper,2,2,0,0
1594,8,lower,2,2,0,0
1595,1,upper,2,2,0,0
1595,1,lower,5,0,0,0
1595,2,upper,0,2,0,0
1595,2,lower,0,1,0,0
1595,3,upper,2,0,0,0
1595,3,lower,-1,1,0,0
1595,4,upper,0,0,0,0
1595,4,lower,0,0,0,0
1595,5,upper,2,0,0,0
1595,5,lower,0,-1,0,0
1595,6,upper,0,2,0,0
1595,6,lower,2,0,0,0
1595,7,upper,0,0,0,0
1595,7,lower,0,0,0,0
1595,8,upper,2,0,0,0
1595,8,lower,2,0,0,0
1596,1,upper,2,0,0,0
1596,1,lower,0,1,0,0
1596,2,upper,0,0,0,0
1596,2,lower,0,2,0,0
1596,3,upper,2,0,0,0
1596,3,lower,0,0,0,0
1596,4,upper,2,2,0,0
1596,4,lower,3,-2,0,0
1596,5,upper,0,0,0,0
1596,5,lower,0,0,0,0
1596,6,upper,2,0,0,0
1596,6,lower,0,-1,0,0
1596,7,upper,2,2,0,0
1596,7,lower,2,2,0,0
1596,8,upper,0,2,0,0
1596,8,lower,0,2,0,0
1597,1,upper,2,0,0,0
1597,1,lower,1,0,0,0
1597,2,upper,2,2,0,0
1597,2,lower,0,0,0,0
1597,3,upper,2,0,0,0
1597,3,lower,1,-1,0,0
1597,4,upper,2,2,0,0
1597,4,lower,4,1,0,0
1597,5,upper,0,0,0,0
1597,5,lower,3,0,0,0
1597,6,upper,0,0,0,0
1597,6,lower,0,0,0,0
1597,7,upper,2,2,0,0
1597,7,lower,2,-2,0,0
1597,8,upper,0,2,0,0
1597,8,lower,0,2,0,0
1598,1,upper,2,2,0,0
1598,1,lower,4,-2,0,0
1598,2,upper,0,0,0,0
1598,2,lower,0,2,0,0
1598,3,upper,0,2,0,0
1598,3,lower,3,-2,0,0
1598,4,upper,2,0,0,0
1598,4,lower,1,0,0,0
1598,5,upper,2,0,0,0
1598,5,lower,2,0,0,0
1598,6,upper,2,0,0,0
1598,6,lower,5,-1,0,0
1598,7,upper,2,2,0,0
1598,7,lower,2,2,0,0
1598,8,upper,2,0,0,0
1598,8,lower,2,0,0,0
1599,1,upper,2,0,0,0
1599,1,lower,1,-2,0,0
1599,2,upper,2,2,0,0
1599,2,lower,-2,0,0,0
1599,3,upper,0,2,0,0
1599,3,lower,1,0,0,0
1599,4,upper,0,0,0,0
1599,4,lower,2,1,0,0
1599,5,upper,2,2,0,0
1599,5,lower,4,2,0,0
1599,6,upper,0,2,0,0
1599,6,lower,2,0,0,0
1599,7,upper,0,2,0,0
1599,7,lower,2,0,0,0
1599,8,upper,2,2,0,0
1599,8,lower,2,2,0,0
1600,1,upper,0,0,0,0
1600,1,lower,0,0,0,0
1600,2,upper,0,2,0,0
1600,2,lower,1,-1,0,0
1600,3,upper,2,0,0,0
1600,3,lower,1,3,0,0
1600,4,upper,0,0,0,0
1600,4,lower,1,0,0,0
1600,5,upper,0,0,0,0
1600,5,lower,0,0,0,0
1600,6,upper,2,0,0,0
1600,6,lower,0,2,0,0
1600,7,upper,2,0,0,0
1600,7,lower,2,0,0,0
1600,8,upper,0,2,0,0
1600,8,lower,0,2,0,0
1601,1,upper,0,2,0,0
1601,1,lower,5,2,0,0
1601,2,upper,0,0,0,0
1601,2,lower,0,0,0,0
1601,3,upper,2,0,0,0
1601,3,lower,1,3,0,0
1601,4,upper,2,0,0,0
1601,4,lower,0,2,0,0
1601,5,upper,2,2,0,0
1601,5,lower,2,0,0,0
1601,6,upper,0,0,0,0
1601,6,lower,0,0,0,0
1601,7,upper,2,0,0,0
1601,7,lower,0,-2,0,0
1601,8,upper,2,0,0,0
1601,8,lower,2,0,0,0
1602,1,upper,2,2,0,0
1602,1,lower,5,-1,0,0
1602,2,upper,0,2,0,0
1602,2,lower,1,2,0,0
1602,3,upper,0,0,0,0
1602,3,lower,0,0,0,0
1602,4,upper,2,0,0,0
1602,4,lower,1,0,0,0
1602,5,upper,0,2,0,0
1602,5,lower,4,2,0,0
1602,6,upper,2,0,0,0
1602,6,lower,4,1,0,0
1602,7,upper,2,0,0,0
1602,7,lower,2,0,0,0
1602,8,upper,0,2,0,0
1602,8,lower,0,2,0,0
1603,1,upper,0,2,0,0
1603,1,lower,3,2,0,0
1603,2,upper,2,0,0,0
1603,2,lower,4,2,0,0
1603,3,upper,2,2,0,0
1603,3,lower,4,2,0,0
1603,4,upper,2,2,0,0
1603,4,lower,2,2,0,0
1603,5,upper,0,0,0,0
1603,5,lower,0,3,0,0
1603,6,upper,0,0,0,0
1603,6,lower,0,0,0,0
1603,7,upper,0,0,0,0
1603,7,lower,0,0,0,0
1603,8,upper,2,2,0,0
1603,8,lower,2,2,0,0
1604,1,upper,0,2,0,0
1604,1,lower,2,3,0,0
1604,2,upper,0,2,0,0
1604,2,lower,1,4,0,0
1604,3,upper,2,2,0,0
1604,3,lower,5,4,0,0
1604,4,upper,2,2,0,0
1604,4,lower,6,4,0,0
1604,5,upper,0,0,0,0
1604,5,lower,0,0,0,0
1604,6,upper,0,2,0,0
1604,6,lower,5,0,0,0
1604,7,upper,0,0,0,0
1604,7,lower,0,0,0,0
1604,8,upper,2,0,0,0
1604,8,lower,2,0,0,0
1605,1,upper,2,2,0,0
1605,1,lower,3,-2,0,0
1605,2,upper,0,2,0,0
1605,2,lower,2,5,0,0
1605,3,upper,2,2,0,0
1605,3,lower,6,5,0,0
1605,4,upper,0,2,0,0
1605,4,lower,3,3,0,0
1605,5,upper,2,2,0,0
1605,5,lower,6,2,0,0
1605,6,upper,0,0,0,0
1605,6,lower,0,0,0,0
1605,7,upper,0,0,0,0
1605,7,lower,0,0,0,0
1605,8,upper,2,0,0,0
1605,8,lower,2,0,0,0
1606,1,upper,2,0,0,0
1606,1,lower,3,-1,0,0
1606,2,upper,2,0,0,0
1606,2,lower,2,0,0,0
1606,3,upper,2,2,0,0
1606,3,lower,5,1,0,0
1606,4,upper,2,2,0,0
1606,4,lower,6,3,0,0
1606,5,upper,2,0,0,0
1606,5,lower,2,1,0,0
1606,6,upper,0,0,0,0
1606,6,lower,2,2,0,0
1606,7,upper,0,0,0,0
1606,7,lower,0,0,0,0
1606,8,upper,0,0,0,0
1606,8,lower,0,0,0,0
1607,1,upper,2,2,0,0
1607,1,lower,3,1,0,0
1607,2,upper,0,2,0,0
1607,2,lower,1,4,0,0
1607,3,upper,2,2,0,0
1607,3,lower,4,4,0,0
1607,4,upper,2,2,0,0
1607,4,lower,2,3,0,0
1607,5,upper,0,0,0,0
1607,5,lower,1,0,0,0
1607,6,upper,0,0,0,0
1607,6,lower,0,0,0,0
1607,7,upper,2,0,0,0
1607,7,lower,0,-2,0,0
1607,8,upper,2,2,0,0
1607,8,lower,2,2,0,0
1608,1,upper,0,2,0,0
1608,1,lower,2,2,0,0
1608,2,upper,2,0,0,0
1608,2,lower,4,2,0,0
1608,3,upper,0,2,0,0
1608,3,lower,2,1,0,0
1608,4,upper,2,2,0,0
1608,4,lower,6,0,0,0
1608,5,upper,2,0,0,0
1608,5,lower,0,-2,0,0
1608,6,upper,0,0,0,0
1608,6,lower,0,0,0,0
1608,7,upper,2,2,0,0
1608,7,lower,2,2,0,0
1608,8,upper,0,0,0,0
1608,8,lower,0,0,0,0
1609,1,upper,0,0,0,0
1609,1,lower,0,0,0,0
1609,2,upper,0,2,0,0
1609,2,lower,4,4,0,0
1609,3,upper,2,2,0,0
1609,3,lower,4,2,0,0
1609,4,upper,2,0,0,0
1609,4,lower,2,0,0,0
1609,5,upper,2,2,0,0
1609,5,lower,4,-3,0,0
1609,6,upper,0,0,0,0
1609,6,lower,0,0,0,0
1609,7,upper,0,0,0,0
1609,7,lower,0,0,0,0
1609,8,upper,2,2,0,0
1609,8,lower,2,2,0,0
1610,1,upper,2,0,0,0
1610,1,lower,1,0,0,0
1610,2,upper,2,0,0,0
1610,2,lower,2,0,0,0
1610,3,upper,2,0,0,0
1610,3,lower,4,-1,0,0
1610,4,upper,2,0,0,0
1610,4,lower,0,-1,0,0
1610,5,upper,0,2,0,0
1610,5,lower,2,-2,0,0
1610,6,upper,2,0,0,0
1610,6,lower,3,1,0,0
1610,7,upper,2,2,0,0
1610,7,lower,2,2,0,0
1610,8,upper,2,0,0,0
1610,8,lower,2,0,0,0
1611,1,upper,2,0,0,0
1611,1,lower,1,-2,0,0
1611,2,upper,0,2,0,0
1611,2,lower,3,3,0,0
1611,3,upper,0,2,0,0
1611,3,lower,3,1,0,0
1611,4,upper,0,0,0,0
1611,4,lower,0,0,0,0
1611,5,upper,2,2,0,0
1611,5,lower,0,-2,0,0
1611,6,upper,2,0,0,0
1611,6,lower,0,-2,0,0
1611,7,upper,2,0,0,0
1611,7,lower,0,-2,0,0
1611,8,upper,0,0,0,0
1611,8,lower,0,0,0,0
1612,1,upper,0,2,0,0
1612,1,lower,5,1,0,0
1612,2,upper,0,2,0,0
1612,2,lower,1,5,0,0
1612,3,upper,2,0,0,0
1612,3,lower,1,0,0,0
1612,4,upper,2,0,0,0
1612,4,lower,1,-2,0,0
1612,5,upper,2,2,0,0
1612,5,lower,2,2,0,0
1612,6,upper,2,2,0,0
1612,6,lower,3,0,0,0
1612,7,upper,2,0,0,0
1612,7,lower,2,0,0,0
1612,8,upper,2,2,0,0
1612,8,lower,2,2,0,0
1613,1,upper,0,2,0,0
1613,1,lower,2,-1,0,0
1613,2,upper,0,2,0,0
1613,2,lower,3,4,0,0
1613,3,upper,0,0,0,0
1613,3,lower,2,1,0,0
1613,4,upper,0,2,0,0
1613,4,lower,2,2,0,0
1613,5,upper,2,2,0,0
1613,5,lower,4,2,0,0
1613,6,upper,2,2,0,0
1613,6,lower,2,2,0,0
1613,7,upper,0,2,0,0
1613,7,lower,2,0,0,0
1613,8,upper,2,0,0,0
1613,8,lower,2,0,0,0
1614,1,upper,2,0,0,0
1614,1,lower,2,0,0,0
1614,2,upper,0,2,0,0
1614,2,lower,5,2,0,0
1614,3,upper,0,2,0,0
1614,3,lower,2,2,0,0
1614,4,upper,2,0,0,0
1614,4,lower,-1,0,0,0
1614,5,upper,2,0,0,0
1614,5,lower,3,2,0,0
1614,6,upper,2,0,0,0
1614,6,lower,2,0,0,0
1614,7,upper,2,2,0,0
1614,7,lower,2,2,0,0
1614,8,upper,0,2,0,0
1614,8,lower,0,2,0,0
1615,1,upper,0,0,0,0
1615,1,lower,1,3,0,0
1615,2,upper,0,2,0,0
1615,2,lower,4,4,0,0
1615,3,upper,2,2,0,0
1615,3,lower,6,-1,0,0
1615,4,upper,2,0,0,0
1615,4,lower,-2,-1,0,0
1615,5,upper,0,0,0,0
1615,5,lower,2,0,0,0
1615,6,upper,2,2,0,0
1615,6,lower,2,-2,0,0
1615,7,upper,0,2,0,0
1615,7,lower,2,0,0,0
1615,8,upper,2,2,0,0
1615,8,lower,2,2,0,0
1616,1,upper,2,2,0,0
1616,1,lower,3,-2,0,0
1616,2,upper,2,0,0,0
1616,2,lower,3,0,0,0
1616,3,upper,2,0,0,0
1616,3,lower,0,1,0,0
1616,4,upper,2,2,0,0
1616,4,lower,-1,-2,0,0
1616,5,upper,2,2,0,0
1616,5,lower,2,-2,0,0
1616,6,upper,0,0,0,0
1616,6,lower,1,2,0,0
1616,7,upper,2,2,0,0
1616,7,lower,2,2,0,0
1616,8,upper,0,0,0,0
1616,8,lower,0,0,0,0
1617,1,upper,0,2,0,0
1617,1,lower,2,2,0,0
1617,2,upper,2,0,0,0
1617,2,lower,2,1,0,0
1617,3,upper,2,0,0,0
1617,3,lower,1,1,0,0
1617,4,upper,2,0,0,0
1617,4,lower,-1,2,0,0
1617,5,upper,2,0,0,0
1617,5,lower,1,0,0,0
1617,6,upper,2,2,0,0
1617,6,lower,2,2,0,0
1617,7,upper,2,0,0,0
1617,7,lower,0,-2,0,0
1617,8,upper,2,2,0,0
1617,8,lower,2,2,0,0
1618,1,upper,0,0,0,0
1618,1,lower,0,0,0,0
1618,2,upper,0,2,0,0
1618,2,lower,3,1,0,0
1618,3,upper,0,2,0,0
1618,3,lower,2,0,0,0
1618,4,upper,2,0,0,0
1618,4,lower,0,0,0,0
1618,5,upper,0,0,0,0
1618,5,lower,2,1,0,0
1618,6,upper,2,0,0,0
1618,6,lower,3,1,0,0
1618,7,upper,2,2,0,0
1618,7,lower,2,2,0,0
1618,8,upper,0,2,0,0
1618,8,lower,0,2,0,0
1619,1,upper,0,0,0,0
1619,1,lower,1,2,0,0
1619,2,upper,2,0,0,0
1619,2,lower,4,-1,0,0
1619,3,upper,2,2,0,0
1619,3,lower,4,-1,0,0
1619,4,upper,2,0,0,0
1619,4,lower,2,0,0,0
1619,5,upper,2,2,0,0
1619,5,lower,2,-3,0,0
1619,6,upper,0,2,0,0
1619,6,lower,2,0,0,0
1619,7,upper,2,0,0,0
1619,7,lower,0,-2,0,0
1619,8,upper,0,2,0,0
1619,8,lower,0,2,0,0
1620,1,upper,0,0,0,0
1620,1,lower,0,0,0,0
1620,2,upper,2,0,0,0
1620,2,lower,1,-1,0,0
1620,3,upper,2,0,0,0
1620,3,lower,0,0,0,0
1620,4,upper,0,0,0,0
1620,4,lower,2,3,0,0
1620,5,upper,2,0,0,0
1620,5,lower,2,0,0,0
1620,6,upper,0,2,0,0
1620,6,lower,1,-1,0,0
1620,7,upper,0,0,0,0
1620,7,lower,0,0,0,0
1620,8,upper,0,2,0,0
1620,8,lower,0,2,0,0
1621,1,upper,0,2,0,0
1621,1,lower,4,2,0,0
1621,2,upper,2,0,0,0
1621,2,lower,1,-1,0,0
1621,3,upper,0,0,0,0
1621,3,lower,1,3,0,0
1621,4,upper,0,0,0,0
1621,4,lower,3,1,0,0
1621,5,upper,2,2,0,0
1621,5,lower,5,3,0,0
1621,6,upper,0,0,0,0
1621,6,lower,0,0,0,0
1621,7,upper,0,2,0,0
1621,7,lower,2,0,0,0
1621,8,upper,0,2,0,0
1621,8,lower,0,2,0,0
1622,1,upper,2,2,0,0
1622,1,lower,2,0,0,0
1622,2,upper,0,2,0,0
1622,2,lower,3,4,0,0
1622,3,upper,0,2,0,0
1622,3,lower,2,0,0,0
1622,4,upper,2,2,0,0
1622,4,lower,4,4,0,0
1622,5,upper,0,2,0,0
1622,5,lower,2,4,0,0
1622,6,upper,0,0,0,0
1622,6,lower,0,3,0,0
1622,7,upper,2,2,0,0
1622,7,lower,2,2,0,0
1622,8,upper,2,2,0,0
1622,8,lower,2,2,0,0
1623,1,upper,2,0,0,0
1623,1,lower,2,1,0,0
1623,2,upper,2,0,0,0
1623,2,lower,3,1,0,0
1623,3,upper,0,0,0,0
1623,3,lower,3,2,0,0
1623,4,upper,0,2,0,0
1623,4,lower,1,2,0,0
1623,5,upper,2,0,0,0
1623,5,lower,2,2,0,0
1623,6,upper,2,2,0,0
1623,6,lower,2,-2,0,0
1623,7,upper,2,2,0,0
1623,7,lower,2,-2,0,0
1623,8,upper,2,2,0,0
1623,8,lower,2,2,0,0
1624,1,upper,0,2,0,0
1624,1,lower,4,1,0,0
1624,2,upper,0,2,0,0
1624,2,lower,5,1,0,0
1624,3,upper,0,0,0,0
1624,3,lower,3,2,0,0
1624,4,upper,2,0,0,0
1624,4,lower,2,-2,0,0
1624,5,upper,2,0,0,0
1624,5,lower,0,-2,0,0
1624,6,upper,2,0,0,0
1624,6,lower,1,1,0,0
1624,7,upper,2,0,0,0
1624,7,lower,2,0,0,0
1624,8,upper,0,2,0,0
1624,8,lower,0,2,0,0
1625,1,upper,2,0,0,0
1625,1,lower,-1,1,0,0
1625,2,upper,0,2,0,0
1625,2,lower,3,0,0,0
1625,3,upper,0,0,0,0
1625,3,lower,1,0,0,0
1625,4,upper,0,2,0,0
1625,4,lower,4,2,0,0
1625,5,upper,2,0,0,0
1625,5,lower,-1,-1,0,0
1625,6,upper,2,0,0,0
1625,6,lower,2,0,0,0
1625,7,upper,2,0,0,0
1625,7,lower,0,-2,0,0
1625,8,upper,0,0,0,0
1625,8,lower,0,0,0,0
1626,1,upper,2,2,0,0
1626,1,lower,0,-2,0,0
1626,2,upper,0,2,0,0
1626,2,lower,3,4,0,0
1626,3,upper,2,2,0,0
1626,3,lower,0,-1,0,0
1626,4,upper,2,2,0,0
1626,4,lower,4,2,0,0
1626,5,upper,2,2,0,0
1626,5,lower,0,-2,0,0
1626,6,upper,2,0,0,0
1626,6,lower,2,2,0,0
1626,7,upper,0,2,0,0
1626,7,lower,0,2,0,0
1626,8,upper,0,0,0,0
1626,8,lower,0,0,0,0
1627,1,upper,2,2,0,0
1627,1,lower,0,-3,0,0
1627,2,upper,2,0,0,0
1627,2,lower,2,-2,0,0
1627,3,upper,0,2,0,0
1627,3,lower,4,1,0,0
1627,4,upper,0,2,0,0
1627,4,lower,2,0,0,0
1627,5,upper,0,0,0,0
1627,5,lower,0,0,0,0
1627,6,upper,0,0,0,0
1627,6,lower,0,0,0,0
1627,7,upper,0,2,0,0
1627,7,lower,2,0,0,0
1627,8,upper,0,0,0,0
1627,8,lower,0,0,0,0
1628,1,upper,0,2,0,0
1628,1,lower,5,0,0,0
1628,2,upper,2,0,0,0
1628,2,lower,1,-2,0,0
1628,3,upper,0,2,0,0
1628,3,lower,2,1,0,0
1628,4,upper,2,0,0,0
1628,4,lower,0,0,0,0
1628,5,upper,2,0,0,0
1628,5,lower,2,0,0,0
1628,6,upper,0,2,0,0
1628,6,lower,2,0,0,0
1628,7,upper,0,2,0,0
1628,7,lower,0,2,0,0
1628,8,upper,2,0,0,0
1628,8,lower,2,0,0,0
1629,1,upper,2,0,0,0
1629,1,lower,-1,2,0,0
1629,2,upper,0,2,0,0
1629,2,lower,3,1,0,0
1629,3,upper,0,0,0,0
1629,3,lower,0,1,0,0
1629,4,upper,0,0,0,0
1629,4,lower,2,2,0,0
1629,5,upper,2,0,0,0
1629,5,lower,5,0,0,0
1629,6,upper,2,0,0,0
1629,6,lower,2,0,0,0
1629,7,upper,0,2,0,0
1629,7,lower,2,0,0,0
1629,8,upper,2,2,0,0
1629,8,lower,2,2,0,0
1630,1,upper,2,0,0,0
1630,1,lower,0,0,0,0
1630,2,upper,0,2,0,0
1630,2,lower,2,2,0,0
1630,3,upper,2,2,0,0
1630,3,lower,1,1,0,0
1630,4,upper,2,2,0,0
1630,4,lower,0,-2,0,0
1630,5,upper,2,0,0,0
1630,5,lower,5,-1,0,0
1630,6,upper,2,0,0,0
1630,6,lower,4,1,0,0
1630,7,upper,0,0,0,0
1630,7,lower,0,0,0,0
1630,8,upper,2,2,0,0
1630,8,lower,2,2,0,0
1631,1,upper,2,0,0,0
1631,1,lower,2,-1,0,0
1631,2,upper,0,2,0,0
1631,2,lower,5,0,0,0
1631,3,upper,2,2,0,0
1631,3,lower,2,0,0,0
1631,4,upper,2,0,0,0
1631,4,lower,-2,1,0,0
1631,5,upper,0,2,0,0
1631,5,lower,5,3,0,0
1631,6,upper,2,0,0,0
1631,6,lower,0,-2,0,0
1631,7,upper,2,2,0,0
1631,7,lower,2,-2,0,0
1631,8,upper,2,2,0,0
1631,8,lower,2,2,0,0
1632,1,upper,2,0,0,0
1632,1,lower,0,0,0,0
1632,2,upper,0,2,0,0
1632,2,lower,3,2,0,0
1632,3,upper,2,0,0,0
1632,3,lower,0,3,0,0
1632,4,upper,0,2,0,0
1632,4,lower,3,0,0,0
1632,5,upper,2,2,0,0
1632,5,lower,2,-2,0,0
1632,6,upper,0,2,0,0
1632,6,lower,3,2,0,0
1632,7,upper,0,2,0,0
1632,7,lower,0,2,0,0
1632,8,upper,2,0,0,0
1632,8,lower,2,0,0,0
1633,1,upper,2,2,0,0
1633,1,lower,2,-1,0,0
1633,2,upper,2,2,0,0
1633,2,lower,2,-2,0,0
1633,3,upper,0,0,0,0
1633,3,lower,1,3,0,0
1633,4,upper,0,0,0,0
1633,4,lower,1,1,0,0
1633,5,upper,2,0,0,0
1633,5,lower,-1,1,0,0
1633,6,upper,0,0,0,0
1633,6,lower,0,0,0,0
1633,7,upper,2,2,0,0
1633,7,lower,2,-2,0,0
1633,8,upper,0,0,0,0
1633,8,lower,0,0,0,0
1634,1,upper,2,2,0,0
1634,1,lower,3,-2,0,0
1634,2,upper,2,0,0,0
1634,2,lower,2,-1,0,0
1634,3,upper,2,2,0,0
1634,3,lower,2,2,0,0
1634,4,upper,0,0,0,0
1634,4,lower,3,3,0,0
1634,5,upper,2,0,0,0
1634,5,lower,-1,0,0,0
1634,6,upper,0,0,0,0
1634,6,lower,2,2,0,0
1634,7,upper,2,2,0,0
1634,7,lower,2,2,0,0
1634,8,upper,0,2,0,0
1634,8,lower,0,2,0,0
1635,1,upper,2,2,0,0
1635,1,lower,0,0,0,0
1635,2,upper,2,0,0,0
1635,2,lower,0,1,0,0
1635,3,upper,2,0,0,0
1635,3,lower,3,2,0,0
1635,4,upper,0,0,0,0
1635,4,lower,0,0,0,0
1635,5,upper,0,2,0,0
1635,5,lower,4,1,0,0
1635,6,upper,2,0,0,0
1635,6,lower,0,-2,0,0
1635,7,upper,2,2,0,0
1635,7,lower,2,-2,0,0
1635,8,upper,2,2,0,0
1635,8,lower,2,2,0,0
1636,1,upper,0,0,0,0
1636,1,lower,2,2,0,0
1636,2,upper,2,0,0,0
1636,2,lower,2,-2,0,0
1636,3,upper,2,2,0,0
1636,3,lower,2,1,0,0
1636,4,upper,0,0,0,0
1636,4,lower,2,3,0,0
1636,5,upper,2,0,0,0
1636,5,lower,2,0,0,0
1636,6,upper,0,0,0,0
1636,6,lower,2,2,0,0
1636,7,upper,2,2,0,0
1636,7,lower,2,2,0,0
1636,8,upper,2,0,0,0
1636,8,lower,2,0,0,0
1637,1,upper,2,0,0,0
1637,1,lower,0,2,0,0
1637,2,upper,2,0,0,0
1637,2,lower,1,-1,0,0
1637,3,upper,2,0,0,0
1637,3,lower,3,0,0,0
1637,4,upper,0,2,0,0
1637,4,lower,3,2,0,0
1637,5,upper,2,2,0,0
1637,5,lower,3,1,0,0
1637,6,upper,2,0,0,0
1637,6,lower,2,0,0,0
1637,7,upper,0,0,0,0
1637,7,lower,0,0,0,0
1637,8,upper,2,2,0,0
1637,8,lower,2,2,0,0
1638,1,upper,2,0,0,0
1638,1,lower,1,2,0,0
1638,2,upper,0,2,0,0
1638,2,lower,2,1,0,0
1638,3,upper,2,2,0,0
1638,3,lower,3,3,0,0
1638,4,upper,0,0,0,0
1638,4,lower,3,2,0,0
1638,5,upper,2,0,0,0
1638,5,lower,5,2,0,0
1638,6,upper,0,2,0,0
1638,6,lower,2,4,0,0
1638,7,upper,2,2,0,0
1638,7,lower,2,2,0,0
1638,8,upper,2,0,0,0
1638,8,lower,2,0,0,0
1639,1,upper,2,2,0,0
1639,1,lower,0,0,0,0
1639,2,upper,0,2,0,0
1639,2,lower,2,2,0,0
1639,3,upper,0,0,0,0
1639,3,lower,3,2,0,0
1639,4,upper,2,2,0,0
1639,4,lower,5,3,0,0
1639,5,upper,0,0,0,0
1639,5,lower,0,1,0,0
1639,6,upper,0,0,0,0
1639,6,lower,0,0,0,0
1639,7,upper,0,0,0,0
1639,7,lower,0,0,0,0
1639,8,upper,0,2,0,0
1639,8,lower,0,2,0,0
1640,1,upper,0,0,0,0
1640,1,lower,0,2,0,0
1640,2,upper,2,0,0,0
1640,2,lower,0,-1,0,0
1640,3,upper,0,0,0,0
1640,3,lower,1,3,0,0
1640,4,upper,2,2,0,0
1640,4,lower,3,-1,0,0
1640,5,upper,2,2,0,0
1640,5,lower,2,-2,0,0
1640,6,upper,2,0,0,0
1640,6,lower,2,-1,0,0
1640,7,upper,0,0,0,0
1640,7,lower,0,0,0,0
1640,8,upper,2,2,0,0
1640,8,lower,2,2,0,0
1641,1,upper,2,2,0,0
1641,1,lower,0,0,0,0
1641,2,upper,2,0,0,0
1641,2,lower,0,-1,0,0
1641,3,upper,0,0,0,0
1641,3,lower,0,3,0,0
1641,4,upper,0,2,0,0
1641,4,lower,4,3,0,0
1641,5,upper,2,2,0,0
1641,5,lower,3,-1,0,0
1641,6,upper,0,0,0,0
1641,6,lower,0,0,0,0
1641,7,upper,0,0,0,0
1641,7,lower,0,0,0,0
1641,8,upper,2,2,0,0
1641,8,lower,2,2,0,0
1642,1,upper,2,0,0,0
1642,1,lower,-1,0,0,0
1642,2,upper,2,0,0,0
1642,2,lower,1,1,0,0
1642,3,upper,2,2,0,0
1642,3,lower,6,1,0,0
1642,4,upper,2,0,0,0
1642,4,lower,1,0,0,0
1642,5,upper,2,0,0,0
1642,5,lower,-1,-2,0,0
1642,6,upper,2,2,0,0
1642,6,lower,2,1,0,0
1642,7,upper,2,0,0,0
1642,7,lower,2,0,0,0
1642,8,upper,2,2,0,0
1642,8,lower,2,2,0,0
1643,1,upper,0,0,0,0
1643,1,lower,1,1,0,0
1643,2,upper,0,2,0,0
1643,2,lower,5,-1,0,0
1643,3,upper,2,0,0,0
1643,3,lower,4,1,0,0
1643,4,upper,0,2,0,0
1643,4,lower,2,0,0,0
1643,5,upper,0,0,0,0
1643,5,lower,0,2,0,0
1643,6,upper,0,0,0,0
1643,6,lower,0,0,0,0
1643,7,upper,2,0,0,0
1643,7,lower,0,-2,0,0
1643,8,upper,0,0,0,0
1643,8,lower,0,0,0,0
1644,1,upper,0,2,0,0
1644,1,lower,3,-2,0,0
1644,2,upper,2,0,0,0
1644,2,lower,0,-1,0,0
1644,3,upper,2,2,0,0
1644,3,lower,5,2,0,0
1644,4,upper,2,2,0,0
1644,4,lower,5,-1,0,0
1644,5,upper,2,0,0,0
1644,5,lower,2,0,0,0
1644,6,upper,2,2,0,0
1644,6,lower,2,-3,0,0
1644,7,upper,0,0,0,0
1644,7,lower,0,0,0,0
1644,8,upper,2,2,0,0
1644,8,lower,2,2,0,0
1645,1,upper,0,2,0,0
1645,1,lower,2,-1,0,0
1645,2,upper,0,2,0,0
1645,2,lower,3,1,0,0
1645,3,upper,0,2,0,0
1645,3,lower,1,2,0,0
1645,4,upper,0,0,0,0
1645,4,lower,1,3,0,0
1645,5,upper,0,0,0,0
1645,5,lower,3,1,0,0
1645,6,upper,0,2,0,0
1645,6,lower,0,2,0,0
1645,7,upper,0,2,0,0
1645,7,lower,2,0,0,0
1645,8,upper,2,0,0,0
1645,8,lower,2,0,0,0
1646,1,upper,0,2,0,0
1646,1,lower,3,2,0,0
1646,2,upper,0,2,0,0
1646,2,lower,3,1,0,0
1646,3,upper,0,0,0,0
1646,3,lower,2,1,0,0
1646,4,upper,2,2,0,0
1646,4,lower,3,1,0,0
1646,5,upper,2,0,0,0
1646,5,lower,3,-1,0,0
1646,6,upper,2,0,0,0
1646,6,lower,4,2,0,0
1646,7,upper,2,2,0,0
1646,7,lower,2,2,0,0
1646,8,upper,2,0,0,0
1646,8,lower,2,0,0,0
1647,1,upper,0,0,0,0
1647,1,lower,1,0,0,0
1647,2,upper,0,2,0,0
1647,2,lower,3,0,0,0
1647,3,upper,0,0,0,0
1647,3,lower,3,0,0,0
1647,4,upper,0,2,0,0
1647,4,lower,2,-1,0,0
1647,5,upper,2,0,0,0
1647,5,lower,2,0,0,0
1647,6,upper,0,2,0,0
1647,6,lower,2,0,0,0
1647,7,upper,2,2,0,0
1647,7,lower,2,-2,0,0
1647,8,upper,0,2,0,0
1647,8,lower,0,2,0,0
1648,1,upper,2,0,0,0
1648,1,lower,1,1,0,0
1648,2,upper,2,0,0,0
1648,2,lower,1,-1,0,0
1648,3,upper,0,2,0,0
1648,3,lower,3,3,0,0
1648,4,upper,0,2,0,0
1648,4,lower,3,1,0,0
1648,5,upper,0,2,0,0
1648,5,lower,2,0,0,0
1648,6,upper,0,0,0,0
1648,6,lower,2,1,0,0
1648,7,upper,0,2,0,0
1648,7,lower,0,2,0,0
1648,8,upper,0,0,0,0
1648,8,lower,0,0,0,0
1649,1,upper,0,2,0,0
1649,1,lower,2,-1,0,0
1649,2,upper,0,2,0,0
1649,2,lower,1,-2,0,0
1649,3,upper,2,2,0,0
1649,3,lower,3,-1,0,0
1649,4,upper,0,0,0,0
1649,4,lower,2,0,0,0
1649,5,upper,0,0,0,0
1649,5,lower,3,3,0,0
1649,6,upper,2,2,0,0
1649,6,lower,2,2,0,0
1649,7,upper,2,0,0,0
1649,7,lower,0,-2,0,0
1649,8,upper,2,2,0,0
1649,8,lower,2,2,0,0
1650,1,upper,2,2,0,0
1650,1,lower,0,0,0,0
1650,2,upper,0,2,0,0
1650,2,lower,4,-1,0,0
1650,3,upper,0,0,0,0
1650,3,lower,0,0,0,0
1650,4,upper,0,0,0,0
1650,4,lower,2,1,0,0
1650,5,upper,0,0,0,0
1650,5,lower,1,3,0,0
1650,6,upper,0,2,0,0
1650,6,lower,3,2,0,0
1650,7,upper,2,0,0,0
1650,7,lower,2,0,0,0
1650,8,upper,2,2,0,0
1650,8,lower,2,2,0,0
1651,1,upper,0,0,0,0
1651,1,lower,3,3,0,0
1651,2,upper,2,0,0,0
1651,2,lower,0,0,0,0
1651,3,upper,2,2,0,0
1651,3,lower,3,-1,0,0
1651,4,upper,0,0,0,0
1651,4,lower,0,0,0,0
1651,5,upper,2,0,0,0
1651,5,lower,-2,1,0,0
1651,6,upper,0,2,0,0
1651,6,lower,2,0,0,0
1651,7,upper,0,0,0,0
1651,7,lower,0,0,0,0
1651,8,upper,0,0,0,0
1651,8,lower,0,0,0,0
1652,1,upper,0,0,0,0
1652,1,lower,0,3,0,0
1652,2,upper,2,0,0,0
1652,2,lower,-2,1,0,0
1652,3,upper,2,0,0,0
1652,3,lower,3,-1,0,0
1652,4,upper,0,2,0,0
1652,4,lower,3,4,0,0
1652,5,upper,2,2,0,0
1652,5,lower,2,2,0,0
1652,6,upper,0,2,0,0
1652,6,lower,1,-1,0,0
1652,7,upper,2,2,0,0
1652,7,lower,2,2,0,0
1652,8,upper,2,2,0,0
1652,8,lower,2,2,0,0
1653,1,upper,2,2,0,0
1653,1,lower,1,-1,0,0
1653,2,upper,2,0,0,0
1653,2,lower,0,-1,0,0
1653,3,upper,0,0,0,0
1653,3,lower,0,3,0,0
1653,4,upper,2,0,0,0
1653,4,lower,5,2,0,0
1653,5,upper,0,0,0,0
1653,5,lower,0,1,0,0
1653,6,upper,0,2,0,0
1653,6,lower,0,2,0,0
1653,7,upper,0,2,0,0
1653,7,lower,2,0,0,0
1653,8,upper,2,0,0,0
1653,8,lower,2,0,0,0
1654,1,upper,2,2,0,0
1654,1,lower,0,-1,0,0
1654,2,upper,2,0,0,0
1654,2,lower,1,1,0,0
1654,3,upper,0,0,0,0
1654,3,lower,1,2,0,0
1654,4,upper,2,0,0,0
1654,4,lower,3,0,0,0
1654,5,upper,2,2,0,0
1654,5,lower,6,0,0,0
1654,6,upper,0,0,0,0
1654,6,lower,0,0,0,0
1654,7,upper,0,2,0,0
1654,7,lower,0,2,0,0
1654,8,upper,2,2,0,0
1654,8,lower,2,2,0,0
1655,1,upper,0,2,0,0
1655,1,lower,4,-2,0,0
1655,2,upper,2,0,0,0
1655,2,lower,-1,-1,0,0
1655,3,upper,2,0,0,0
1655,3,lower,2,1,0,0
1655,4,upper,0,0,0,0
1655,4,lower,1,0,0,0
1655,5,upper,0,2,0,0
1655,5,lower,4,3,0,0
1655,6,upper,0,2,0,0
1655,6,lower,2,0,0,0
1655,7,upper,0,0,0,0
1655,7,lower,0,0,0,0
1655,8,upper,0,0,0,0
1655,8,lower,0,0,0,0
1656,1,upper,0,0,0,0
1656,1,lower,1,0,0,0
1656,2,upper,0,2,0,0
1656,2,lower,0,-2,0,0
1656,3,upper,2,2,0,0
1656,3,lower,2,1,0,0
1656,4,upper,0,2,0,0
1656,4,lower,3,4,0,0
1656,5,upper,2,2,0,0
1656,5,lower,2,-2,0,0
1656,6,upper,2,0,0,0
1656,6,lower,1,0,0,0
1656,7,upper,2,2,0,0
1656,7,lower,2,2,0,0
1656,8,upper,0,0,0,0
1656,8,lower,0,0,0,0
1657,1,upper,2,0,0,0
1657,1,lower,0,1,0,0
1657,2,upper,2,0,0,0
1657,2,lower,0,0,0,0
1657,3,upper,0,2,0,0
1657,3,lower,5,0,0,0
1657,4,upper,2,2,0,0
1657,4,lower,3,1,0,0
1657,5,upper,2,0,0,0
1657,5,lower,-1,-2,0,0
1657,6,upper,2,0,0,0
1657,6,lower,2,0,0,0
1657,7,upper,2,2,0,0
1657,7,lower,2,-2,0,0
1657,8,upper,0,2,0,0
1657,8,lower,0,2,0,0
1658,1,upper,2,2,0,0
1658,1,lower,-1,1,0,0
1658,2,upper,0,2,0,0
1658,2,lower,2,0,0,0
1658,3,upper,2,2,0,0
1658,3,lower,1,-2,0,0
1658,4,upper,0,2,0,0
1658,4,lower,5,2,0,0
1658,5,upper,2,2,0,0
1658,5,lower,0,-3,0,0
1658,6,upper,0,2,0,0
1658,6,lower,4,2,0,0
1658,7,upper,2,0,0,0
1658,7,lower,2,0,0,0
1658,8,upper,0,2,0,0
1658,8,lower,0,2,0,0
1659,1,upper,2,0,0,0
1659,1,lower,-2,1,0,0
1659,2,upper,2,0,0,0
1659,2,lower,0,1,0,0
1659,3,upper,0,0,0,0
1659,3,lower,3,0,0,0
1659,4,upper,0,0,0,0
1659,4,lower,0,0,0,0
1659,5,upper,0,0,0,0
1659,5,lower,3,0,0,0
1659,6,upper,0,2,0,0
1659,6,lower,2,0,0,0
1659,7,upper,2,2,0,0
1659,7,lower,2,-2,0,0
1659,8,upper,0,0,0,0
1659,8,lower,0,0,0,0
1660,1,upper,0,0,0,0
1660,1,lower,2,0,0,0
1660,2,upper,0,2,0,0
1660,2,lower,4,-2,0,0
1660,3,upper,0,0,0,0
1660,3,lower,3,1,0,0
1660,4,upper,2,0,0,0
1660,4,lower,2,1,0,0
1660,5,upper,2,2,0,0
1660,5,lower,2,2,0,0
1660,6,upper,0,0,0,0
1660,6,lower,2,0,0,0
1660,7,upper,2,0,0,0
1660,7,lower,2,0,0,0
1660,8,upper,0,0,0,0
1660,8,lower,0,0,0,0
1661,1,upper,0,0,0,0
1661,1,lower,1,1,0,0
1661,2,upper,2,0,0,0
1661,2,lower,1,2,0,0
1661,3,upper,0,0,0,0
1661,3,lower,2,3,0,0
1661,4,upper,2,2,0,0
1661,4,lower,1,-1,0,0
1661,5,upper,2,0,0,0
1661,5,lower,3,-1,0,0
1661,6,upper,2,2,0,0
1661,6,lower,2,2,0,0
1661,7,upper,2,2,0,0
1661,7,lower,2,-2,0,0
1661,8,upper,0,0,0,0
1661,8,lower,0,0,0,0
1662,1,upper,2,0,0,0
1662,1,lower,-1,3,0,0
1662,2,upper,2,0,0,0
1662,2,lower,0,1,0,0
1662,3,upper,2,2,0,0
1662,3,lower,-1,-1,0,0
1662,4,upper,2,0,0,0
1662,4,lower,0,-1,0,0
1662,5,upper,2,0,0,0
1662,5,lower,2,-1,0,0
1662,6,upper,0,0,0,0
1662,6,lower,1,3,0,0
1662,7,upper,0,2,0,0
1662,7,lower,0,2,0,0
1662,8,upper,0,2,0,0
1662,8,lower,0,2,0,0
1663,1,upper,0,0,0,0
1663,1,lower,2,3,0,0
1663,2,upper,0,2,0,0
1663,2,lower,2,0,0,0
1663,3,upper,0,2,0,0
1663,3,lower,0,-1,0,0
1663,4,upper,0,0,0,0
1663,4,lower,0,1,0,0
1663,5,upper,2,2,0,0
1663,5,lower,5,2,0,0
1663,6,upper,0,0,0,0
1663,6,lower,0,0,0,0
1663,7,upper,0,0,0,0
1663,7,lower,0,0,0,0
1663,8,upper,2,0,0,0
1663,8,lower,2,0,0,0
1664,1,upper,0,0,0,0
1664,1,lower,0,0,0,0
1664,2,upper,2,0,0,0
1664,2,lower,-2,1,0,0
1664,3,upper,2,2,0,0
1664,3,lower,1,-2,0,0
1664,4,upper,0,2,0,0
1664,4,lower,4,-1,0,0
1664,5,upper,2,2,0,0
1664,5,lower,2,-2,0,0
1664,6,upper,0,0,0,0
1664,6,lower,1,0,0,0
1664,7,upper,0,2,0,0
1664,7,lower,0,2,0,0
1664,8,upper,0,2,0,0
1664,8,lower,0,2,0,0
1665,1,upper,0,0,0,0
1665,1,lower,0,0,0,0
1665,2,upper,0,0,0,0
1665,2,lower,0,0,0,0
1665,3,upper,0,2,0,0
1665,3,lower,2,-1,0,0
1665,4,upper,0,2,0,0
1665,4,lower,2,1,0,0
1665,5,upper,2,2,0,0
1665,5,lower,2,-3,0,0
1665,6,upper,2,2,0,0
1665,6,lower,2,2,0,0
1665,7,upper,2,0,0,0
1665,7,lower,0,-2,0,0
1665,8,upper,2,0,0,0
1665,8,lower,2,0,0,0
1666,1,upper,0,0,0,0
1666,1,lower,0,0,0,0
1666,2,upper,0,0,0,0
1666,2,lower,2,1,0,0
1666,3,upper,0,0,0,0
1666,3,lower,0,0,0,0
1666,4,upper,2,0,0,0
1666,4,lower,0,-1,0,0
1666,5,upper,0,2,0,0
1666,5,lower,3,-2,0,0
1666,6,upper,0,2,0,0
1666,6,lower,1,4,0,0
1666,7,upper,0,2,0,0
1666,7,lower,0,2,0,0
1666,8,upper,2,0,0,0
1666,8,lower,2,0,0,0
1667,1,upper,0,0,0,0
1667,1,lower,0,0,0,0
1667,2,upper,0,0,0,0
1667,2,lower,1,2,0,0
1667,3,upper,0,0,0,0
1667,3,lower,3,2,0,0
1667,4,upper,0,0,0,0
1667,4,lower,0,0,0,0
1667,5,upper,0,2,0,0
1667,5,lower,3,-1,0,0
1667,6,upper,2,2,0,0
1667,6,lower,2,-2,0,0
1667,7,upper,0,0,0,0
1667,7,lower,0,0,0,0
1667,8,upper,0,2,0,0
1667,8,lower,0,2,0,0
1668,1,upper,0,0,0,0
1668,1,lower,0,0,0,0
1668,2,upper,2,2,0,0
1668,2,lower,5,2,0,0
1668,3,upper,2,2,0,0
1668,3,lower,2,2,0,0
1668,4,upper,2,2,0,0
1668,4,lower,2,2,0,0
1668,5,upper,0,0,0,0
1668,5,lower,0,0,0,0
1668,6,upper,2,0,0,0
1668,6,lower,0,1,0,0
1668,7,upper,2,2,0,0
1668,7,lower,2,2,0,0
1668,8,upper,0,2,0,0
1668,8,lower,0,2,0,0
1669,1,upper,0,0,0,0
1669,1,lower,0,0,0,0
1669,2,upper,2,2,0,0
1669,2,lower,5,5,0,0
1669,3,upper,2,0,0,0
1669,3,lower,2,-1,0,0
1669,4,upper,2,2,0,0
1669,4,lower,4,3,0,0
1669,5,upper,0,2,0,0
1669,5,lower,4,5,0,0
1669,6,upper,2,2,0,0
1669,6,lower,2,2,0,0
1669,7,upper,0,0,0,0
1669,7,lower,0,0,0,0
1669,8,upper,0,0,0,0
1669,8,lower,0,0,0,0
1670,1,upper,0,0,0,0
1670,1,lower,0,0,0,0
1670,2,upper,2,0,0,0
1670,2,lower,4,0,0,0
1670,3,upper,2,2,0,0
1670,3,lower,2,4,0,0
1670,4,upper,0,2,0,0
1670,4,lower,3,1,0,0
1670,5,upper,2,2,0,0
1670,5,lower,4,1,0,0
1670,6,upper,0,2,0,0
1670,6,lower,2,1,0,0
1670,7,upper,0,0,0,0
1670,7,lower,0,0,0,0
1670,8,upper,2,2,0,0
1670,8,lower,2,2,0,0
1671,1,upper,0,0,0,0
1671,1,lower,0,0,0,0
1671,2,upper,0,0,0,0
1671,2,lower,2,0,0,0
1671,3,upper,0,0,0,0
1671,3,lower,2,1,0,0
1671,4,upper,0,2,0,0
1671,4,lower,3,2,0,0
1671,5,upper,0,0,0,0
1671,5,lower,3,3,0,0
1671,6,upper,2,0,0,0
1671,6,lower,0,-2,0,0
1671,7,upper,0,0,0,0
1671,7,lower,0,0,0,0
1671,8,upper,2,2,0,0
1671,8,lower,2,2,0,0
1672,1,upper,0,0,0,0
1672,1,lower,0,0,0,0
1672,2,upper,2,0,0,0
1672,2,lower,3,-1,0,0
1672,3,upper,0,0,0,0
1672,3,lower,2,0,0,0
1672,4,upper,0,0,0,0
1672,4,lower,3,1,0,0
1672,5,upper,2,2,0,0
1672,5,lower,2,-2,0,0
1672,6,upper,0,2,0,0
1672,6,lower,2,-1,0,0
1672,7,upper,2,0,0,0
1672,7,lower,2,0,0,0
1672,8,upper,0,0,0,0
1672,8,lower,0,0,0,0
1673,1,upper,0,0,0,0
1673,1,lower,0,0,0,0
1673,2,upper,0,0,0,0
1673,2,lower,1,3,0,0
1673,3,upper,2,0,0,0
1673,3,lower,5,1,0,0
1673,4,upper,2,0,0,0
1673,4,lower,3,-1,0,0
1673,5,upper,2,0,0,0
1673,5,lower,-1,0,0,0
1673,6,upper,2,0,0,0
1673,6,lower,2,0,0,0
1673,7,upper,2,0,0,0
1673,7,lower,0,-2,0,0
1673,8,upper,0,2,0,0
1673,8,lower,0,2,0,0
1674,1,upper,0,0,0,0
1674,1,lower,0,0,0,0
1674,2,upper,2,2,0,0
1674,2,lower,4,2,0,0
1674,3,upper,2,0,0,0
1674,3,lower,3,-1,0,0
1674,4,upper,2,0,0,0
1674,4,lower,3,-1,0,0
1674,5,upper,2,0,0,0
1674,5,lower,0,-1,0,0
1674,6,upper,2,0,0,0
1674,6,lower,1,-1,0,0
1674,7,upper,2,0,0,0
1674,7,lower,2,0,0,0
1674,8,upper,0,2,0,0
1674,8,lower,0,2,0,0
1675,1,upper,0,0,0,0
1675,1,lower,0,0,0,0
1675,2,upper,2,0,0,0
1675,2,lower,5,-1,0,0
1675,3,upper,0,2,0,0
1675,3,lower,4,1,0,0
1675,4,upper,2,0,0,0
1675,4,lower,0,-2,0,0
1675,5,upper,0,0,0,0
1675,5,lower,1,3,0,0
1675,6,upper,2,2,0,0
1675,6,lower,2,-2,0,0
1675,7,upper,0,2,0,0
1675,7,lower,2,0,0,0
1675,8,upper,2,2,0,0
1675,8,lower,2,2,0,0
1676,1,upper,0,0,0,0
1676,1,lower,0,0,0,0
1676,2,upper,2,0,0,0
1676,2,lower,2,-1,0,0
1676,3,upper,0,2,0,0
1676,3,lower,3,3,0,0
1676,4,upper,2,0,0,0
1676,4,lower,2,0,0,0
1676,5,upper,0,0,0,0
1676,5,lower,0,0,0,0
1676,6,upper,2,0,0,0
1676,6,lower,-1,0,0,0
1676,7,upper,2,2,0,0
1676,7,lower,2,2,0,0
1676,8,upper,2,0,0,0
1676,8,lower,2,0,0,0
1677,1,upper,0,0,0,0
1677,1,lower,0,0,0,0
1677,2,upper,2,2,0,0
1677,2,lower,4,2,0,0
1677,3,upper,2,0,0,0
1677,3,lower,1,-2,0,0
1677,4,upper,2,2,0,0
1677,4,lower,2,-3,0,0
1677,5,upper,2,2,0,0
1677,5,lower,6,1,0,0
1677,6,upper,2,2,0,0
1677,6,lower,2,2,0,0
1677,7,upper,0,2,0,0
1677,7,lower,2,0,0,0
1677,8,upper,2,0,0,0
1677,8,lower,2,0,0,0
1678,1,upper,0,0,0,0
1678,1,lower,0,0,0,0
1678,2,upper,0,0,0,0
1678,2,lower,3,2,0,0
1678,3,upper,2,2,0,0
1678,3,lower,3,1,0,0
1678,4,upper,2,0,0,0
1678,4,lower,0,1,0,0
1678,5,upper,0,0,0,0
1678,5,lower,2,3,0,0
1678,6,upper,0,2,0,0
1678,6,lower,2,5,0,0
1678,7,upper,2,2,0,0
1678,7,lower,2,2,0,0
1678,8,upper,2,2,0,0
1678,8,lower,2,2,0,0
1679,1,upper,0,0,0,0
1679,1,lower,0,0,0,0
1679,2,upper,0,2,0,0
1679,2,lower,1,4,0,0
1679,3,upper,0,0,0,0
1679,3,lower,3,3,0,0
1679,4,upper,2,0,0,0
1679,4,lower,-1,0,0,0
1679,5,upper,2,0,0,0
1679,5,lower,3,0,0,0
1679,6,upper,2,2,0,0
1679,6,lower,2,-2,0,0
1679,7,upper,0,2,0,0
1679,7,lower,2,0,0,0
1679,8,upper,0,0,0,0
1679,8,lower,0,0,0,0
1680,1,upper,0,0,0,0
1680,1,lower,0,0,0,0
1680,2,upper,0,2,0,0
1680,2,lower,4,5,0,0
1680,3,upper,2,0,0,0
1680,3,lower,1,1,0,0
1680,4,upper,2,2,0,0
1680,4,lower,0,-2,0,0
1680,5,upper,2,2,0,0
1680,5,lower,2,-2,0,0
1680,6,upper,0,2,0,0
1680,6,lower,5,1,0,0
1680,7,upper,2,0,0,0
1680,7,lower,2,0,0,0
1680,8,upper,0,0,0,0
1680,8,lower,0,0,0,0
1681,1,upper,0,0,0,0
1681,1,lower,0,0,0,0
1681,2,upper,2,2,0,0
1681,2,lower,6,3,0,0
1681,3,upper,0,2,0,0
1681,3,lower,3,3,0,0
1681,4,upper,2,0,0,0
1681,4,lower,0,1,0,0
1681,5,upper,0,2,0,0
1681,5,lower,5,1,0,0
1681,6,upper,0,0,0,0
1681,6,lower,0,0,0,0
1681,7,upper,2,0,0,0
1681,7,lower,0,-2,0,0
1681,8,upper,2,0,0,0
1681,8,lower,2,0,0,0
1682,1,upper,0,0,0,0
1682,1,lower,0,0,0,0
1682,2,upper,2,2,0,0
1682,2,lower,6,1,0,0
1682,3,upper,2,2,0,0
1682,3,lower,2,-2,0,0
1682,4,upper,0,0,0,0
1682,4,lower,1,1,0,0
1682,5,upper,2,2,0,0
1682,5,lower,3,1,0,0
1682,6,upper,2,2,0,0
1682,6,lower,4,1,0,0
1682,7,upper,2,2,0,0
1682,7,lower,2,2,0,0
1682,8,upper,0,0,0,0
1682,8,lower,0,0,0,0
1683,1,upper,0,0,0,0
1683,1,lower,0,0,0,0
1683,2,upper,2,0,0,0
1683,2,lower,4,2,0,0
1683,3,upper,0,0,0,0
1683,3,lower,3,2,0,0
1683,4,upper,0,0,0,0
1683,4,lower,0,0,0,0
1683,5,upper,2,0,0,0
1683,5,lower,0,1,0,0
1683,6,upper,0,2,0,0
1683,6,lower,2,0,0,0
1683,7,upper,0,2,0,0
1683,7,lower,2,0,0,0
1683,8,upper,0,0,0,0
1683,8,lower,0,0,0,0
1684,1,upper,0,0,0,0
1684,1,lower,0,0,0,0
1684,2,upper,2,2,0,0
1684,2,lower,6,3,0,0
1684,3,upper,0,0,0,0
1684,3,lower,3,1,0,0
1684,4,upper,2,2,0,0
1684,4,lower,2,4,0,0
1684,5,upper,2,2,0,0
1684,5,lower,2,2,0,0
1684,6,upper,2,2,0,0
1684,6,lower,1,0,0,0
1684,7,upper,2,2,0,0
1684,7,lower,2,2,0,0
1684,8,upper,0,2,0,0
1684,8,lower,0,2,0,0
1685,1,upper,0,0,0,0
1685,1,lower,0,0,0,0
1685,2,upper,2,0,0,0
1685,2,lower,4,1,0,0
1685,3,upper,2,2,0,0
1685,3,lower,3,-2,0,0
1685,4,upper,0,2,0,0
1685,4,lower,3,2,0,0
1685,5,upper,0,0,0,0
1685,5,lower,3,2,0,0
1685,6,upper,0,0,0,0
1685,6,lower,0,0,0,0
1685,7,upper,0,2,0,0
1685,7,lower,2,0,0,0
1685,8,upper,2,0,0,0
1685,8,lower,2,0,0,0
1686,1,upper,0,0,0,0
1686,1,lower,0,0,0,0
1686,2,upper,0,0,0,0
1686,2,lower,0,0,0,0
1686,3,upper,2,0,0,0
1686,3,lower,-1,-1,0,0
1686,4,upper,0,2,0,0
1686,4,lower,4,4,0,0
1686,5,upper,2,0,0,0
1686,5,lower,3,0,0,0
1686,6,upper,0,0,0,0
1686,6,lower,1,0,0,0
1686,7,upper,0,0,0,0
1686,7,lower,0,0,0,0
1686,8,upper,0,0,0,0
1686,8,lower,0,0,0,0
1687,1,upper,0,0,0,0
1687,1,lower,0,0,0,0
1687,2,upper,0,0,0,0
1687,2,lower,1,3,0,0
1687,3,upper,0,0,0,0
1687,3,lower,2,0,0,0
1687,4,upper,0,0,0,0
1687,4,lower,3,1,0,0
1687,5,upper,2,0,0,0
1687,5,lower,3,0,0,0
1687,6,upper,2,0,0,0
1687,6,lower,0,-2,0,0
1687,7,upper,0,0,0,0
1687,7,lower,0,0,0,0
1687,8,upper,2,2,0,0
1687,8,lower,2,2,0,0
1688,1,upper,0,0,0,0
1688,1,lower,0,0,0,0
1688,2,upper,0,0,0,0
1688,2,lower,0,1,0,0
1688,3,upper,2,0,0,0
1688,3,lower,-1,1,0,0
1688,4,upper,2,0,0,0
1688,4,lower,4,2,0,0
1688,5,upper,0,0,0,0
1688,5,lower,0,0,0,0
1688,6,upper,2,0,0,0
1688,6,lower,-2,0,0,0
1688,7,upper,0,0,0,0
1688,7,lower,0,0,0,0
1688,8,upper,2,0,0,0
1688,8,lower,2,0,0,0
1689,1,upper,0,0,0,0
1689,1,lower,0,0,0,0
1689,2,upper,2,2,0,0
1689,2,lower,5,0,0,0
1689,3,upper,2,0,0,0
1689,3,lower,0,-1,0,0
1689,4,upper,2,0,0,0
1689,4,lower,3,-2,0,0
1689,5,upper,0,0,0,0
1689,5,lower,2,2,0,0
1689,6,upper,0,2,0,0
1689,6,lower,0,2,0,0
1689,7,upper,2,0,0,0
1689,7,lower,0,-2,0,0
1689,8,upper,2,2,0,0
1689,8,lower,2,2,0,0
1690,1,upper,0,0,0,0
1690,1,lower,0,0,0,0
1690,2,upper,0,2,0,0
1690,2,lower,4,2,0,0
1690,3,upper,2,0,0,0
1690,3,lower,2,1,0,0
1690,4,upper,2,0,0,0
1690,4,lower,2,1,0,0
1690,5,upper,0,0,0,0
1690,5,lower,2,1,0,0
1690,6,upper,2,0,0,0
1690,6,lower,2,2,0,0
1690,7,upper,2,2,0,0
1690,7,lower,2,2,0,0
1690,8,upper,2,0,0,0
1690,8,lower,2,0,0,0
1691,1,upper,0,0,0,0
1691,1,lower,0,0,0,0
1691,2,upper,2,2,0,0
1691,2,lower,5,0,0,0
1691,3,upper,0,2,0,0
1691,3,lower,1,-1,0,0
1691,4,upper,2,2,0,0
1691,4,lower,2,-2,0,0
1691,5,upper,2,0,0,0
1691,5,lower,0,0,0,0
1691,6,upper,2,0,0,0
1691,6,lower,0,-2,0,0
1691,7,upper,2,0,0,0
1691,7,lower,0,-2,0,0
1691,8,upper,2,2,0,0
1691,8,lower,2,2,0,0
1692,1,upper,0,0,0,0
1692,1,lower,0,0,0,0
1692,2,upper,2,2,0,0
1692,2,lower,5,0,0,0
1692,3,upper,2,2,0,0
1692,3,lower,2,-2,0,0
1692,4,upper,2,0,0,0
1692,4,lower,0,-1,0,0
1692,5,upper,2,0,0,0
1692,5,lower,2,0,0,0
1692,6,upper,0,2,0,0
1692,6,lower,5,0,0,0
1692,7,upper,0,2,0,0
1692,7,lower,0,2,0,0
1692,8,upper,0,2,0,0
1692,8,lower,0,2,0,0
1693,1,upper,0,0,0,0
1693,1,lower,0,0,0,0
1693,2,upper,2,0,0,0
1693,2,lower,3,0,0,0
1693,3,upper,2,0,0,0
1693,3,lower,0,1,0,0
1693,4,upper,2,2,0,0
1693,4,lower,3,-3,0,0
1693,5,upper,2,2,0,0
1693,5,lower,4,2,0,0
1693,6,upper,0,0,0,0
1693,6,lower,0,0,0,0
1693,7,upper,0,0,0,0
1693,7,lower,0,0,0,0
1693,8,upper,2,0,0,0
1693,8,lower,2,0,0,0
1694,1,upper,0,0,0,0
1694,1,lower,0,0,0,0
1694,2,upper,0,2,0,0
1694,2,lower,4,1,0,0
1694,3,upper,0,2,0,0
1694,3,lower,3,-1,0,0
1694,4,upper,0,2,0,0
1694,4,lower,2,0,0,0
1694,5,upper,2,0,0,0
1694,5,lower,2,0,0,0
1694,6,upper,2,0,0,0
1694,6,lower,1,0,0,0
1694,7,upper,2,2,0,0
1694,7,lower,2,2,0,0
1694,8,upper,2,0,0,0
1694,8,lower,2,0,0,0
1695,1,upper,0,0,0,0
1695,1,lower,0,0,0,0
1695,2,upper,0,0,0,0
1695,2,lower,0,0,0,0
1695,3,upper,2,0,0,0
1695,3,lower,-1,0,0,0
1695,4,upper,2,2,0,0
1695,4,lower,1,-2,0,0
1695,5,upper,0,0,0,0
1695,5,lower,1,0,0,0
1695,6,upper,0,0,0,0
1695,6,lower,0,0,0,0
1695,7,upper,0,0,0,0
1695,7,lower,0,0,0,0
1695,8,upper,2,0,0,0
1695,8,lower,2,0,0,0
1696,1,upper,0,0,0,0
1696,1,lower,0,0,0,0
1696,2,upper,0,2,0,0
1696,2,lower,2,4,0,0
1696,3,upper,2,0,0,0
1696,3,lower,-1,0,0,0
1696,4,upper,2,2,0,0
1696,4,lower,-1,-2,0,0
1696,5,upper,2,2,0,0
1696,5,lower,2,-2,0,0
1696,6,upper,2,2,0,0
1696,6,lower,0,-3,0,0
1696,7,upper,2,2,0,0
1696,7,lower,2,2,0,0
1696,8,upper,0,0,0,0
1696,8,lower,0,0,0,0
1697,1,upper,0,0,0,0
1697,1,lower,0,0,0,0
1697,2,upper,2,0,0,0
1697,2,lower,0,-2,0,0
1697,3,upper,0,0,0,0
1697,3,lower,0,0,0,0
1697,4,upper,0,2,0,0
1697,4,lower,3,1,0,0
1697,5,upper,0,0,0,0
1697,5,lower,0,1,0,0
1697,6,upper,0,2,0,0
1697,6,lower,0,2,0,0
1697,7,upper,2,0,0,0
1697,7,lower,0,-2,0,0
1697,8,upper,2,0,0,0
1697,8,lower,2,0,0,0
1698,1,upper,0,0,0,0
1698,1,lower,0,0,0,0
1698,2,upper,2,2,0,0
1698,2,lower,1,0,0,0
1698,3,upper,2,0,0,0
1698,3,lower,2,0,0,0
1698,4,upper,0,2,0,0
1698,4,lower,2,-1,0,0
1698,5,upper,0,0,0,0
1698,5,lower,2,0,0,0
1698,6,upper,2,2,0,0
1698,6,lower,6,0,0,0
1698,7,upper,2,0,0,0
1698,7,lower,2,0,0,0
1698,8,upper,0,2,0,0
1698,8,lower,0,2,0,0
1699,1,upper,0,0,0,0
1699,1,lower,0,0,0,0
1699,2,upper,0,2,0,0
1699,2,lower,5,3,0,0
1699,3,upper,2,2,0,0
1699,3,lower,5,3,0,0
1699,4,upper,0,2,0,0
1699,4,lower,0,2,0,0
1699,5,upper,0,2,0,0
1699,5,lower,4,0,0,0
1699,6,upper,2,0,0,0
1699,6,lower,0,-2,0,0
1699,7,upper,0,0,0,0
1699,7,lower,0,0,0,0
1699,8,upper,2,2,0,0
1699,8,lower,2,2,0,0
1700,1,upper,0,0,0,0
1700,1,lower,0,0,0,0
1700,2,upper,2,2,0,0
1700,2,lower,4,-1,0,0
1700,3,upper,0,2,0,0
1700,3,lower,2,4,0,0
1700,4,upper,0,2,0,0
1700,4,lower,1,4,0,0
1700,5,upper,0,0,0,0
1700,5,lower,0,0,0,0
1700,6,upper,2,0,0,0
1700,6,lower,-1,0,0,0
1700,7,upper,0,2,0,0
1700,7,lower,0,2,0,0
1700,8,upper,0,0,0,0
1700,8,lower,0,0,0,0
1701,1,upper,0,0,0,0
1701,1,lower,0,0,0,0
1701,2,upper,0,0,0,0
1701,2,lower,1,0,0,0
1701,3,upper,0,0,0,0
1701,3,lower,2,3,0,0
1701,4,upper,0,2,0,0
1701,4,lower,4,2,0,0
1701,5,upper,0,0,0,0
1701,5,lower,3,2,0,0
1701,6,upper,2,2,0,0
1701,6,lower,2,2,0,0
1701,7,upper,2,0,0,0
1701,7,lower,0,-2,0,0
1701,8,upper,0,2,0,0
1701,8,lower,0,2,0,0
1702,1,upper,0,0,0,0
1702,1,lower,0,0,0,0
1702,2,upper,0,2,0,0
1702,2,lower,4,0,0,0
1702,3,upper,2,2,0,0
1702,3,lower,6,5,0,0
1702,4,upper,2,0,0,0
1702,4,lower,4,2,0,0
1702,5,upper,0,2,0,0
1702,5,lower,4,2,0,0
1702,6,upper,2,0,0,0
1702,6,lower,5,-1,0,0
1702,7,upper,2,0,0,0
1702,7,lower,2,0,0,0
1702,8,upper,2,0,0,0
1702,8,lower,2,0,0,0
1703,1,upper,0,0,0,0
1703,1,lower,0,0,0,0
1703,2,upper,0,2,0,0
1703,2,lower,4,0,0,0
1703,3,upper,2,2,0,0
1703,3,lower,6,0,0,0
1703,4,upper,2,0,0,0
1703,4,lower,4,-2,0,0
1703,5,upper,2,0,0,0
1703,5,lower,1,1,0,0
1703,6,upper,2,2,0,0
1703,6,lower,2,-2,0,0
1703,7,upper,2,2,0,0
1703,7,lower,2,-2,0,0
1703,8,upper,2,0,0,0
1703,8,lower,2,0,0,0
1704,1,upper,0,0,0,0
1704,1,lower,0,0,0,0
1704,2,upper,0,2,0,0
1704,2,lower,2,0,0,0
1704,3,upper,0,2,0,0
1704,3,lower,1,4,0,0
1704,4,upper,0,0,0,0
1704,4,lower,0,3,0,0
1704,5,upper,0,0,0,0
1704,5,lower,0,0,0,0
1704,6,upper,0,2,0,0
1704,6,lower,1,-1,0,0
1704,7,upper,2,0,0,0
1704,7,lower,2,0,0,0
1704,8,upper,0,0,0,0
1704,8,lower,0,0,0,0
1705,1,upper,0,0,0,0
1705,1,lower,0,0,0,0
1705,2,upper,2,0,0,0
1705,2,lower,0,1,0,0
1705,3,upper,2,2,0,0
1705,3,lower,4,0,0,0
1705,4,upper,0,2,0,0
1705,4,lower,2,4,0,0
1705,5,upper,0,0,0,0
1705,5,lower,2,3,0,0
1705,6,upper,0,2,0,0
1705,6,lower,0,2,0,0
1705,7,upper,2,2,0,0
1705,7,lower,2,-2,0,0
1705,8,upper,0,0,0,0
1705,8,lower,0,0,0,0
1706,1,upper,0,0,0,0
1706,1,lower,0,0,0,0
1706,2,upper,0,2,0,0
1706,2,lower,4,2,0,0
1706,3,upper,2,0,0,0
1706,3,lower,2,0,0,0
1706,4,upper,2,2,0,0
1706,4,lower,2,1,0,0
1706,5,upper,2,2,0,0
1706,5,lower,0,-1,0,0
1706,6,upper,0,0,0,0
1706,6,lower,0,1,0,0
1706,7,upper,2,2,0,0
1706,7,lower,2,2,0,0
1706,8,upper,0,0,0,0
1706,8,lower,0,0,0,0
1707,1,upper,0,0,0,0
1707,1,lower,0,0,0,0
1707,2,upper,2,2,0,0
1707,2,lower,3,-1,0,0
1707,3,upper,2,0,0,0
1707,3,lower,2,0,0,0
1707,4,upper,0,0,0,0
1707,4,lower,0,0,0,0
1707,5,upper,2,0,0,0
1707,5,lower,1,-1,0,0
1707,6,upper,2,2,0,0
1707,6,lower,2,-2,0,0
1707,7,upper,2,0,0,0
1707,7,lower,0,-2,0,0
1707,8,upper,0,0,0,0
1707,8,lower,0,0,0,0
1708,1,upper,0,0,0,0
1708,1,lower,0,0,0,0
1708,2,upper,2,2,0,0
1708,2,lower,3,1,0,0
1708,3,upper,0,2,0,0
1708,3,lower,4,3,0,0
1708,4,upper,0,2,0,0
1708,4,lower,5,2,0,0
1708,5,upper,2,2,0,0
1708,5,lower,2,2,0,0
1708,6,upper,0,2,0,0
1708,6,lower,4,1,0,0
1708,7,upper,0,0,0,0
1708,7,lower,0,0,0,0
1708,8,upper,0,0,0,0
1708,8,lower,0,0,0,0
1709,1,upper,0,0,0,0
1709,1,lower,0,0,0,0
1709,2,upper,2,2,0,0
1709,2,lower,3,-3,0,0
1709,3,upper,0,2,0,0
1709,3,lower,3,3,0,0
1709,4,upper,2,2,0,0
1709,4,lower,2,1,0,0
1709,5,upper,0,0,0,0
1709,5,lower,0,3,0,0
1709,6,upper,0,0,0,0
1709,6,lower,0,0,0,0
1709,7,upper,2,2,0,0
1709,7,lower,2,-2,0,0
1709,8,upper,2,0,0,0
1709,8,lower,2,0,0,0
1710,1,upper,0,0,0,0
1710,1,lower,0,0,0,0
1710,2,upper,0,2,0,0
1710,2,lower,2,-1,0,0
1710,3,upper,0,0,0,0
1710,3,lower,1,0,0,0
1710,4,upper,0,2,0,0
1710,4,lower,3,2,0,0
1710,5,upper,0,0,0,0
1710,5,lower,2,1,0,0
1710,6,upper,0,2,0,0
1710,6,lower,4,5,0,0
1710,7,upper,2,0,0,0
1710,7,lower,2,0,0,0
1710,8,upper,2,2,0,0
1710,8,lower,2,2,0,0
1711,1,upper,0,0,0,0
1711,1,lower,0,0,0,0
1711,2,upper,2,0,0,0
1711,2,lower,0,-1,0,0
1711,3,upper,0,2,0,0
1711,3,lower,2,2,0,0
1711,4,upper,2,2,0,0
1711,4,lower,0,0,0,0
1711,5,upper,2,2,0,0
1711,5,lower,5,-1,0,0
1711,6,upper,0,0,0,0
1711,6,lower,0,0,0,0
1711,7,upper,2,2,0,0
1711,7,lower,2,-2,0,0
1711,8,upper,0,0,0,0
1711,8,lower,0,0,0,0
1712,1,upper,0,0,0,0
1712,1,lower,0,0,0,0
1712,2,upper,2,0,0,0
1712,2,lower,-1,-1,0,0
1712,3,upper,2,2,0,0
1712,3,lower,2,-2,0,0
1712,4,upper,2,2,0,0
1712,4,lower,2,-2,0,0
1712,5,upper,2,2,0,0
1712,5,lower,2,-2,0,0
1712,6,upper,2,2,0,0
1712,6,lower,0,0,0,0
1712,7,upper,2,2,0,0
1712,7,lower,2,2,0,0
1712,8,upper,2,0,0,0
1712,8,lower,2,0,0,0
1713,1,upper,0,0,0,0
1713,1,lower,0,0,0,0
1713,2,upper,2,0,0,0
1713,2,lower,1,0,0,0
1713,3,upper,2,2,0,0
1713,3,lower,2,-1,0,0
1713,4,upper,0,0,0,0
1713,4,lower,3,0,0,0
1713,5,upper,2,2,0,0
1713,5,lower,1,-2,0,0
1713,6,upper,2,2,0,0
1713,6,lower,2,2,0,0
1713,7,upper,0,2,0,0
1713,7,lower,2,0,0,0
1713,8,upper,2,2,0,0
1713,8,lower,2,2,0,0
1714,1,upper,0,0,0,0
1714,1,lower,0,0,0,0
1714,2,upper,0,2,0,0
1714,2,lower,1,-1,0,0
1714,3,upper,0,2,0,0
1714,3,lower,2,0,0,0
1714,4,upper,0,2,0,0
1714,4,lower,3,-1,0,0
1714,5,upper,0,0,0,0
1714,5,lower,3,1,0,0
1714,6,upper,2,0,0,0
1714,6,lower,2,2,0,0
1714,7,upper,2,2,0,0
1714,7,lower,2,2,0,0
1714,8,upper,0,0,0,0
1714,8,lower,0,0,0,0
1715,1,upper,0,0,0,0
1715,1,lower,0,0,0,0
1715,2,upper,0,2,0,0
1715,2,lower,3,-1,0,0
1715,3,upper,2,0,0,0
1715,3,lower,1,-2,0,0
1715,4,upper,0,2,0,0
1715,4,lower,0,2,0,0
1715,5,upper,0,0,0,0
1715,5,lower,1,1,0,0
1715,6,upper,0,0,0,0
1715,6,lower,0,0,0,0
1715,7,upper,0,0,0,0
1715,7,lower,0,0,0,0
1715,8,upper,2,0,0,0
1715,8,lower,2,0,0,0
1716,1,upper,0,0,0,0
1716,1,lower,0,0,0,0
1716,2,upper,2,2,0,0
1716,2,lower,1,-3,0,0
1716,3,upper,2,2,0,0
1716,3,lower,3,-2,0,0
1716,4,upper,2,2,0,0
1716,4,lower,6,4,0,0
1716,5,upper,2,0,0,0
1716,5,lower,2,0,0,0
1716,6,upper,2,2,0,0
1716,6,lower,3,-1,0,0
1716,7,upper,2,2,0,0
1716,7,lower,2,2,0,0
1716,8,upper,0,2,0,0
1716,8,lower,0,2,0,0
1717,1,upper,0,0,0,0
1717,1,lower,0,0,0,0
1717,2,upper,0,0,0,0
1717,2,lower,1,0,0,0
1717,3,upper,0,0,0,0
1717,3,lower,3,0,0,0
1717,4,upper,2,0,0,0
1717,4,lower,4,1,0,0
1717,5,upper,0,0,0,0
1717,5,lower,0,1,0,0
1717,6,upper,2,0,0,0
1717,6,lower,2,0,0,0
1717,7,upper,2,0,0,0
1717,7,lower,0,-2,0,0
1717,8,upper,0,0,0,0
1717,8,lower,0,0,0,0
1718,1,upper,0,0,0,0
1718,1,lower,0,0,0,0
1718,2,upper,2,2,0,0
1718,2,lower,3,0,0,0
1718,3,upper,2,0,0,0
1718,3,lower,1,-1,0,0
1718,4,upper,2,2,0,0
1718,4,lower,5,3,0,0
1718,5,upper,2,0,0,0
1718,5,lower,1,1,0,0
1718,6,upper,0,0,0,0
1718,6,lower,2,0,0,0
1718,7,upper,0,0,0,0
1718,7,lower,0,0,0,0
1718,8,upper,2,2,0,0
1718,8,lower,2,2,0,0
1719,1,upper,0,0,0,0
1719,1,lower,0,0,0,0
1719,2,upper,2,0,0,0
1719,2,lower,-1,-1,0,0
1719,3,upper,2,2,0,0
1719,3,lower,3,-1,0,0
1719,4,upper,0,0,0,0
1719,4,lower,2,2,0,0
1719,5,upper,2,2,0,0
1719,5,lower,2,0,0,0
1719,6,upper,2,0,0,0
1719,6,lower,0,-2,0,0
1719,7,upper,2,2,0,0
1719,7,lower,2,-2,0,0
1719,8,upper,0,0,0,0
1719,8,lower,0,0,0,0
1720,1,upper,0,0,0,0
1720,1,lower,0,0,0,0
1720,2,upper,2,0,0,0
1720,2,lower,1,1,0,0
1720,3,upper,2,0,0,0
1720,3,lower,1,0,0,0
1720,4,upper,0,2,0,0
1720,4,lower,4,4,0,0
1720,5,upper,2,0,0,0
1720,5,lower,0,-2,0,0
1720,6,upper,2,0,0,0
1720,6,lower,-2,0,0,0
1720,7,upper,2,2,0,0
1720,7,lower,2,2,0,0
1720,8,upper,0,0,0,0
1720,8,lower,0,0,0,0
1721,1,upper,0,0,0,0
1721,1,lower,0,0,0,0
1721,2,upper,2,2,0,0
1721,2,lower,-1,-1,0,0
1721,3,upper,2,0,0,0
1721,3,lower,-1,1,0,0
1721,4,upper,2,0,0,0
1721,4,lower,3,0,0,0
1721,5,upper,2,0,0,0
1721,5,lower,2,-2,0,0
1721,6,upper,2,0,0,0
1721,6,lower,2,0,0,0
1721,7,upper,0,2,0,0
1721,7,lower,2,0,0,0
1721,8,upper,2,2,0,0
1721,8,lower,2,2,0,0
1722,1,upper,0,0,0,0
1722,1,lower,0,0,0,0
1722,2,upper,0,0,0,0
1722,2,lower,1,2,0,0
1722,3,upper,0,0,0,0
1722,3,lower,1,3,0,0
1722,4,upper,0,2,0,0
1722,4,lower,3,4,0,0
1722,5,upper,0,2,0,0
1722,5,lower,2,0,0,0
1722,6,upper,0,0,0,0
1722,6,lower,0,0,0,0
1722,7,upper,0,2,0,0
1722,7,lower,0,2,0,0
1722,8,upper,0,0,0,0
1722,8,lower,0,0,0,0
1723,1,upper,0,0,0,0
1723,1,lower,0,0,0,0
1723,2,upper,2,0,0,0
1723,2,lower,1,0,0,0
1723,3,upper,0,2,0,0
1723,3,lower,3,1,0,0
1723,4,upper,0,2,0,0
1723,4,lower,2,0,0,0
1723,5,upper,2,2,0,0
1723,5,lower,-1,-1,0,0
1723,6,upper,2,0,0,0
1723,6,lower,0,-2,0,0
1723,7,upper,0,0,0,0
1723,7,lower,0,0,0,0
1723,8,upper,0,0,0,0
1723,8,lower,0,0,0,0
1724,1,upper,0,0,0,0
1724,1,lower,0,0,0,0
1724,2,upper,2,0,0,0
1724,2,lower,1,1,0,0
1724,3,upper,0,2,0,0
1724,3,lower,3,0,0,0
1724,4,upper,0,2,0,0
1724,4,lower,2,0,0,0
1724,5,upper,0,0,0,0
1724,5,lower,0,0,0,0
1724,6,upper,0,0,0,0
1724,6,lower,2,2,0,0
1724,7,upper,0,0,0,0
1724,7,lower,0,0,0,0
1724,8,upper,2,0,0,0
1724,8,lower,2,0,0,0
1725,1,upper,0,0,0,0
1725,1,lower,0,0,0,0
1725,2,upper,0,2,0,0
1725,2,lower,0,-2,0,0
1725,3,upper,0,2,0,0
1725,3,lower,3,1,0,0
1725,4,upper,0,2,0,0
1725,4,lower,5,2,0,0
1725,5,upper,0,0,0,0
1725,5,lower,1,1,0,0
1725,6,upper,0,2,0,0
1725,6,lower,0,2,0,0
1725,7,upper,0,0,0,0
1725,7,lower,0,0,0,0
1725,8,upper,2,0,0,0
1725,8,lower,2,0,0,0
1726,1,upper,0,0,0,0
1726,1,lower,0,0,0,0
1726,2,upper,0,2,0,0
1726,2,lower,3,2,0,0
1726,3,upper,2,2,0,0
1726,3,lower,0,-1,0,0
1726,4,upper,0,2,0,0
1726,4,lower,1,0,0,0
1726,5,upper,2,0,0,0
1726,5,lower,4,1,0,0
1726,6,upper,2,0,0,0
1726,6,lower,4,2,0,0
1726,7,upper,2,0,0,0
1726,7,lower,2,0,0,0
1726,8,upper,2,2,0,0
1726,8,lower,2,2,0,0
1727,1,upper,0,0,0,0
1727,1,lower,0,0,0,0
1727,2,upper,0,2,0,0
1727,2,lower,1,0,0,0
1727,3,upper,0,0,0,0
1727,3,lower,3,3,0,0
1727,4,upper,2,0,0,0
1727,4,lower,-1,0,0,0
1727,5,upper,2,2,0,0
1727,5,lower,5,0,0,0
1727,6,upper,2,0,0,0
1727,6,lower,0,-2,0,0
1727,7,upper,0,0,0,0
1727,7,lower,0,0,0,0
1727,8,upper,2,2,0,0
1727,8,lower,2,2,0,0
1728,1,upper,0,0,0,0
1728,1,lower,0,0,0,0
1728,2,upper,2,0,0,0
1728,2,lower,0,1,0,0
1728,3,upper,0,2,0,0
1728,3,lower,2,0,0,0
1728,4,upper,0,0,0,0
1728,4,lower,3,0,0,0
1728,5,upper,0,2,0,0
1728,5,lower,2,0,0,0
1728,6,upper,2,2,0,0
1728,6,lower,0,-1,0,0
1728,7,upper,0,0,0,0
1728,7,lower,0,0,0,0
1728,8,upper,0,0,0,0
1728,8,lower,0,0,0,0
1729,1,upper,0,0,0,0
1729,1,lower,0,0,0,0
1729,2,upper,0,0,0,0
1729,2,lower,0,0,0,0
1729,3,upper,2,2,0,0
1729,3,lower,-1,-2,0,0
1729,4,upper,2,2,0,0
1729,4,lower,2,-3,0,0
1729,5,upper,2,0,0,0
1729,5,lower,2,1,0,0
1729,6,upper,0,0,0,0
1729,6,lower,0,0,0,0
1729,7,upper,2,2,0,0
1729,7,lower,2,-2,0,0
1729,8,upper,2,2,0,0
1729,8,lower,2,2,0,0
1730,1,upper,0,0,0,0
1730,1,lower,0,0,0,0
1730,2,upper,0,0,0,0
1730,2,lower,0,0,0,0
1730,3,upper,0,0,0,0
1730,3,lower,0,0,0,0
1730,4,upper,0,0,0,0
1730,4,lower,2,0,0,0
1730,5,upper,2,2,0,0
1730,5,lower,0,-1,0,0
1730,6,upper,2,0,0,0
1730,6,lower,1,1,0,0
1730,7,upper,2,0,0,0
1730,7,lower,2,0,0,0
1730,8,upper,0,0,0,0
1730,8,lower,0,0,0,0
1731,1,upper,0,0,0,0
1731,1,lower,0,0,0,0
1731,2,upper,0,0,0,0
1731,2,lower,0,0,0,0
1731,3,upper,0,2,0,0
1731,3,lower,1,5,0,0
1731,4,upper,2,2,0,0
1731,4,lower,2,2,0,0
1731,5,upper,0,2,0,0
1731,5,lower,1,-1,0,0
1731,6,upper,2,0,0,0
1731,6,lower,0,-2,0,0
1731,7,upper,0,2,0,0
1731,7,lower,2,0,0,0
1731,8,upper,0,2,0,0
1731,8,lower,0,2,0,0
1732,1,upper,0,0,0,0
1732,1,lower,0,0,0,0
1732,2,upper,0,0,0,0
1732,2,lower,0,0,0,0
1732,3,upper,2,2,0,0
1732,3,lower,4,3,0,0
1732,4,upper,0,0,0,0
1732,4,lower,1,0,0,0
1732,5,upper,2,2,0,0
1732,5,lower,2,2,0,0
1732,6,upper,0,2,0,0
1732,6,lower,5,1,0,0
1732,7,upper,2,0,0,0
1732,7,lower,2,0,0,0
1732,8,upper,0,2,0,0
1732,8,lower,0,2,0,0
1733,1,upper,0,0,0,0
1733,1,lower,0,0,0,0
1733,2,upper,0,0,0,0
1733,2,lower,0,0,0,0
1733,3,upper,2,2,0,0
1733,3,lower,5,3,0,0
1733,4,upper,0,2,0,0
1733,4,lower,2,4,0,0
1733,5,upper,2,2,0,0
1733,5,lower,2,3,0,0
1733,6,upper,2,2,0,0
1733,6,lower,2,2,0,0
1733,7,upper,2,2,0,0
1733,7,lower,2,-2,0,0
1733,8,upper,2,0,0,0
1733,8,lower,2,0,0,0
1734,1,upper,0,0,0,0
1734,1,lower,0,0,0,0
1734,2,upper,0,0,0,0
1734,2,lower,0,0,0,0
1734,3,upper,2,0,0,0
1734,3,lower,4,0,0,0
1734,4,upper,0,2,0,0
1734,4,lower,3,4,0,0
1734,5,upper,2,2,0,0
1734,5,lower,5,3,0,0
1734,6,upper,2,0,0,0
1734,6,lower,1,-2,0,0
1734,7,upper,2,2,0,0
1734,7,lower,2,2,0,0
1734,8,upper,2,0,0,0
1734,8,lower,2,0,0,0
1735,1,upper,0,0,0,0
1735,1,lower,0,0,0,0
1735,2,upper,0,0,0,0
1735,2,lower,0,0,0,0
1735,3,upper,2,2,0,0
1735,3,lower,3,2,0,0
1735,4,upper,2,2,0,0
1735,4,lower,6,1,0,0
1735,5,upper,2,2,0,0
1735,5,lower,4,0,0,0
1735,6,upper,0,2,0,0
1735,6,lower,2,0,0,0
1735,7,upper,2,0,0,0
1735,7,lower,0,-2,0,0
1735,8,upper,0,2,0,0
1735,8,lower,0,2,0,0
1736,1,upper,0,0,0,0
1736,1,lower,0,0,0,0
1736,2,upper,0,0,0,0
1736,2,lower,0,0,0,0
1736,3,upper,2,2,0,0
1736,3,lower,3,2,0,0
1736,4,upper,0,2,0,0
1736,4,lower,2,2,0,0
1736,5,upper,2,0,0,0
1736,5,lower,0,-2,0,0
1736,6,upper,2,2,0,0
1736,6,lower,1,0,0,0
1736,7,upper,2,2,0,0
1736,7,lower,2,2,0,0
1736,8,upper,2,0,0,0
1736,8,lower,2,0,0,0
1737,1,upper,0,0,0,0
1737,1,lower,0,0,0,0
1737,2,upper,0,0,0,0
1737,2,lower,0,0,0,0
1737,3,upper,2,2,0,0
1737,3,lower,4,0,0,0
1737,4,upper,0,0,0,0
1737,4,lower,3,2,0,0
1737,5,upper,2,2,0,0
1737,5,lower,4,0,0,0
1737,6,upper,2,2,0,0
1737,6,lower,2,2,0,0
1737,7,upper,2,0,0,0
1737,7,lower,0,-2,0,0
1737,8,upper,0,0,0,0
1737,8,lower,0,0,0,0
1738,1,upper,0,0,0,0
1738,1,lower,0,0,0,0
1738,2,upper,0,0,0,0
1738,2,lower,0,0,0,0
1738,3,upper,2,2,0,0
1738,3,lower,2,1,0,0
1738,4,upper,2,2,0,0
1738,4,lower,6,0,0,0
1738,5,upper,0,0,0,0
1738,5,lower,0,3,0,0
1738,6,upper,2,2,0,0
1738,6,lower,3,1,0,0
1738,7,upper,0,0,0,0
1738,7,lower,0,0,0,0
1738,8,upper,2,0,0,0
1738,8,lower,2,0,0,0
1739,1,upper,0,0,0,0
1739,1,lower,0,0,0,0
1739,2,upper,0,0,0,0
1739,2,lower,0,0,0,0
1739,3,upper,0,0,0,0
1739,3,lower,1,0,0,0
1739,4,upper,0,2,0,0
1739,4,lower,2,0,0,0
1739,5,upper,0,0,0,0
1739,5,lower,2,0,0,0
1739,6,upper,2,0,0,0
1739,6,lower,0,-2,0,0
1739,7,upper,0,0,0,0
1739,7,lower,0,0,0,0
1739,8,upper,2,2,0,0
1739,8,lower,2,2,0,0
1740,1,upper,0,0,0,0
1740,1,lower,0,0,0,0
1740,2,upper,0,0,0,0
1740,2,lower,0,0,0,0
1740,3,upper,2,0,0,0
1740,3,lower,4,-2,0,0
1740,4,upper,2,2,0,0
1740,4,lower,3,1,0,0
1740,5,upper,0,2,0,0
1740,5,lower,0,2,0,0
1740,6,upper,0,2,0,0
1740,6,lower,3,1,0,0
1740,7,upper,2,0,0,0
1740,7,lower,2,0,0,0
1740,8,upper,0,0,0,0
1740,8,lower,0,0,0,0
1741,1,upper,0,0,0,0
1741,1,lower,0,0,0,0
1741,2,upper,0,0,0,0
1741,2,lower,0,0,0,0
1741,3,upper,0,0,0,0
1741,3,lower,1,2,0,0
1741,4,upper,2,0,0,0
1741,4,lower,1,-2,0,0
1741,5,upper,2,0,0,0
1741,5,lower,4,1,0,0
1741,6,upper,2,2,0,0
1741,6,lower,2,2,0,0
1741,7,upper,0,2,0,0
1741,7,lower,2,0,0,0
1741,8,upper,0,2,0,0
1741,8,lower,0,2,0,0
1742,1,upper,0,0,0,0
1742,1,lower,0,0,0,0
1742,2,upper,0,0,0,0
1742,2,lower,0,0,0,0
1742,3,upper,0,2,0,0
1742,3,lower,4,0,0,0
1742,4,upper,0,0,0,0
1742,4,lower,1,1,0,0
1742,5,upper,2,0,0,0
1742,5,lower,1,1,0,0
1742,6,upper,2,2,0,0
1742,6,lower,5,1,0,0
1742,7,upper,0,0,0,0
1742,7,lower,0,0,0,0
1742,8,upper,2,0,0,0
1742,8,lower,2,0,0,0
1743,1,upper,0,0,0,0
1743,1,lower,0,0,0,0
1743,2,upper,0,0,0,0
1743,2,lower,0,0,0,0
1743,3,upper,0,0,0,0
1743,3,lower,3,0,0,0
1743,4,upper,0,0,0,0
1743,4,lower,2,3,0,0
1743,5,upper,2,0,0,0
1743,5,lower,1,1,0,0
1743,6,upper,0,0,0,0
1743,6,lower,0,0,0,0
1743,7,upper,0,2,0,0
1743,7,lower,2,0,0,0
1743,8,upper,2,0,0,0
1743,8,lower,2,0,0,0
1744,1,upper,0,0,0,0
1744,1,lower,0,0,0,0
1744,2,upper,0,0,0,0
1744,2,lower,0,0,0,0
1744,3,upper,0,2,0,0
1744,3,lower,2,4,0,0
1744,4,upper,0,2,0,0
1744,4,lower,1,2,0,0
1744,5,upper,0,0,0,0
1744,5,lower,0,0,0,0
1744,6,upper,2,2,0,0
1744,6,lower,3,-2,0,0
1744,7,upper,0,2,0,0
1744,7,lower,0,2,0,0
1744,8,upper,2,0,0,0
1744,8,lower,2,0,0,0
1745,1,upper,0,0,0,0
1745,1,lower,0,0,0,0
1745,2,upper,0,0,0,0
1745,2,lower,0,0,0,0
1745,3,upper,0,2,0,0
1745,3,lower,4,3,0,0
1745,4,upper,0,0,0,0
1745,4,lower,0,0,0,0
1745,5,upper,2,2,0,0
1745,5,lower,2,1,0,0
1745,6,upper,0,0,0,0
1745,6,lower,0,0,0,0
1745,7,upper,0,2,0,0
1745,7,lower,2,0,0,0
1745,8,upper,2,2,0,0
1745,8,lower,2,2,0,0
1746,1,upper,0,0,0,0
1746,1,lower,0,0,0,0
1746,2,upper,0,0,0,0
1746,2,lower,0,0,0,0
1746,3,upper,2,0,0,0
1746,3,lower,0,-2,0,0
1746,4,upper,0,0,0,0
1746,4,lower,3,0,0,0
1746,5,upper,2,0,0,0
1746,5,lower,1,0,0,0
1746,6,upper,0,2,0,0
1746,6,lower,2,1,0,0
1746,7,upper,0,2,0,0
1746,7,lower,0,2,0,0
1746,8,upper,0,0,0,0
1746,8,lower,0,0,0,0
1747,1,upper,0,0,0,0
1747,1,lower,0,0,0,0
1747,2,upper,0,0,0,0
1747,2,lower,0,0,0,0
1747,3,upper,0,2,0,0
1747,3,lower,2,0,0,0
1747,4,upper,2,0,0,0
1747,4,lower,2,0,0,0
1747,5,upper,0,2,0,0
1747,5,lower,3,1,0,0
1747,6,upper,0,2,0,0
1747,6,lower,2,0,0,0
1747,7,upper,2,0,0,0
1747,7,lower,0,-2,0,0
1747,8,upper,2,0,0,0
1747,8,lower,2,0,0,0
1748,1,upper,0,0,0,0
1748,1,lower,0,0,0,0
1748,2,upper,0,0,0,0
1748,2,lower,0,0,0,0
1748,3,upper,0,0,0,0
1748,3,lower,0,2,0,0
1748,4,upper,0,0,0,0
1748,4,lower,0,0,0,0
1748,5,upper,2,2,0,0
1748,5,lower,2,2,0,0
1748,6,upper,0,2,0,0
1748,6,lower,4,2,0,0
1748,7,upper,0,2,0,0
1748,7,lower,0,2,0,0
1748,8,upper,0,0,0,0
1748,8,lower,0,0,0,0
1749,1,upper,0,0,0,0
1749,1,lower,0,0,0,0
1749,2,upper,0,0,0,0
1749,2,lower,0,0,0,0
1749,3,upper,0,2,0,0
1749,3,lower,4,-1,0,0
1749,4,upper,2,2,0,0
1749,4,lower,5,3,0,0
1749,5,upper,2,0,0,0
1749,5,lower,3,0,0,0
1749,6,upper,0,2,0,0
1749,6,lower,0,2,0,0
1749,7,upper,0,0,0,0
1749,7,lower,0,0,0,0
1749,8,upper,0,2,0,0
1749,8,lower,0,2,0,0
1750,1,upper,0,0,0,0
1750,1,lower,0,0,0,0
1750,2,upper,0,0,0,0
1750,2,lower,0,0,0,0
1750,3,upper,2,2,0,0
1750,3,lower,4,-2,0,0
1750,4,upper,2,0,0,0
1750,4,lower,1,1,0,0
1750,5,upper,0,2,0,0
1750,5,lower,2,4,0,0
1750,6,upper,0,0,0,0
1750,6,lower,2,2,0,0
1750,7,upper,2,0,0,0
1750,7,lower,2,0,0,0
1750,8,upper,0,0,0,0
1750,8,lower,0,0,0,0
1751,1,upper,0,0,0,0
1751,1,lower,0,0,0,0
1751,2,upper,0,0,0,0
1751,2,lower,0,0,0,0
1751,3,upper,0,0,0,0
1751,3,lower,0,0,0,0
1751,4,upper,0,2,0,0
1751,4,lower,1,2,0,0
1751,5,upper,2,2,0,0
1751,5,lower,6,0,0,0
1751,6,upper,0,0,0,0
1751,6,lower,0,0,0,0
1751,7,upper,2,2,0,0
1751,7,lower,2,-2,0,0
1751,8,upper,2,0,0,0
1751,8,lower,2,0,0,0
1752,1,upper,0,0,0,0
1752,1,lower,0,0,0,0
1752,2,upper,0,0,0,0
1752,2,lower,0,0,0,0
1752,3,upper,2,2,0,0
1752,3,lower,3,-1,0,0
1752,4,upper,2,2,0,0
1752,4,lower,3,-1,0,0
1752,5,upper,0,2,0,0
1752,5,lower,2,0,0,0
1752,6,upper,2,0,0,0
1752,6,lower,2,0,0,0
1752,7,upper,0,2,0,0
1752,7,lower,0,2,0,0
1752,8,upper,2,0,0,0
1752,8,lower,2,0,0,0
1753,1,upper,0,0,0,0
1753,1,lower,0,0,0,0
1753,2,upper,0,0,0,0
1753,2,lower,0,0,0,0
1753,3,upper,0,2,0,0
1753,3,lower,5,1,0,0
1753,4,upper,0,0,0,0
1753,4,lower,2,2,0,0
1753,5,upper,0,0,0,0
1753,5,lower,0,3,0,0
1753,6,upper,0,0,0,0
1753,6,lower,0,0,0,0
1753,7,upper,0,0,0,0
1753,7,lower,0,0,0,0
1753,8,upper,0,0,0,0
1753,8,lower,0,0,0,0
1754,1,upper,0,0,0,0
1754,1,lower,0,0,0,0
1754,2,upper,0,0,0,0
1754,2,lower,0,0,0,0
1754,3,upper,2,0,0,0
1754,3,lower,-1,-1,0,0
1754,4,upper,2,0,0,0
1754,4,lower,0,1,0,0
1754,5,upper,0,2,0,0
1754,5,lower,3,2,0,0
1754,6,upper,2,0,0,0
1754,6,lower,5,0,0,0
1754,7,upper,0,2,0,0
1754,7,lower,0,2,0,0
1754,8,upper,2,2,0,0
1754,8,lower,2,2,0,0
1755,1,upper,0,0,0,0
1755,1,lower,0,0,0,0
1755,2,upper,0,0,0,0
1755,2,lower,0,0,0,0
1755,3,upper,0,2,0,0
1755,3,lower,3,1,0,0
1755,4,upper,0,2,0,0
1755,4,lower,2,0,0,0
1755,5,upper,0,2,0,0
1755,5,lower,2,-2,0,0
1755,6,upper,2,0,0,0
1755,6,lower,0,-2,0,0
1755,7,upper,0,2,0,0
1755,7,lower,2,0,0,0
1755,8,upper,0,2,0,0
1755,8,lower,0,2,0,0
1756,1,upper,0,0,0,0
1756,1,lower,0,0,0,0
1756,2,upper,0,0,0,0
1756,2,lower,0,0,0,0
1756,3,upper,0,2,0,0
1756,3,lower,3,-1,0,0
1756,4,upper,0,2,0,0
1756,4,lower,5,1,0,0
1756,5,upper,0,2,0,0
1756,5,lower,0,2,0,0
1756,6,upper,2,0,0,0
1756,6,lower,0,0,0,0
1756,7,upper,0,2,0,0
1756,7,lower,0,2,0,0
1756,8,upper,0,2,0,0
1756,8,lower,0,2,0,0
1757,1,upper,0,0,0,0
1757,1,lower,0,0,0,0
1757,2,upper,0,0,0,0
1757,2,lower,0,0,0,0
1757,3,upper,0,0,0,0
1757,3,lower,0,3,0,0
1757,4,upper,2,2,0,0
1757,4,lower,2,0,0,0
1757,5,upper,2,2,0,0
1757,5,lower,3,4,0,0
1757,6,upper,2,0,0,0
1757,6,lower,2,0,0,0
1757,7,upper,0,2,0,0
1757,7,lower,2,0,0,0
1757,8,upper,0,2,0,0
1757,8,lower,0,2,0,0
1758,1,upper,0,0,0,0
1758,1,lower,0,0,0,0
1758,2,upper,0,0,0,0
1758,2,lower,0,0,0,0
1758,3,upper,0,2,0,0
1758,3,lower,0,2,0,0
1758,4,upper,0,0,0,0
1758,4,lower,3,2,0,0
1758,5,upper,2,0,0,0
1758,5,lower,4,1,0,0
1758,6,upper,0,0,0,0
1758,6,lower,3,2,0,0
1758,7,upper,0,0,0,0
1758,7,lower,0,0,0,0
1758,8,upper,0,2,0,0
1758,8,lower,0,2,0,0
1759,1,upper,0,0,0,0
1759,1,lower,0,0,0,0
1759,2,upper,0,0,0,0
1759,2,lower,0,0,0,0
1759,3,upper,0,2,0,0
1759,3,lower,2,2,0,0
1759,4,upper,0,0,0,0
1759,4,lower,3,0,0,0
1759,5,upper,2,2,0,0
1759,5,lower,5,-1,0,0
1759,6,upper,0,2,0,0
1759,6,lower,2,0,0,0
1759,7,upper,2,0,0,0
1759,7,lower,0,-2,0,0
1759,8,upper,0,0,0,0
1759,8,lower,0,0,0,0
1760,1,upper,0,0,0,0
1760,1,lower,0,0,0,0
1760,2,upper,0,0,0,0
1760,2,lower,0,0,0,0
1760,3,upper,0,0,0,0
1760,3,lower,3,0,0,0
1760,4,upper,0,2,0,0
1760,4,lower,1,0,0,0
1760,5,upper,2,2,0,0
1760,5,lower,2,-2,0,0
1760,6,upper,2,0,0,0
1760,6,lower,1,-2,0,0
1760,7,upper,0,0,0,0
1760,7,lower,0,0,0,0
1760,8,upper,2,2,0,0
1760,8,lower,2,2,0,0
1761,1,upper,0,0,0,0
1761,1,lower,0,0,0,0
1761,2,upper,0,0,0,0
1761,2,lower,0,0,0,0
1761,3,upper,2,0,0,0
1761,3,lower,-1,2,0,0
1761,4,upper,0,2,0,0
1761,4,lower,1,0,0,0
1761,5,upper,0,0,0,0
1761,5,lower,2,2,0,0
1761,6,upper,0,0,0,0
1761,6,lower,0,0,0,0
1761,7,upper,0,0,0,0
1761,7,lower,0,0,0,0
1761,8,upper,2,0,0,0
1761,8,lower,2,0,0,0
1762,1,upper,0,0,0,0
1762,1,lower,0,0,0,0
1762,2,upper,0,0,0,0
1762,2,lower,0,0,0,0
1762,3,upper,0,0,0,0
1762,3,lower,0,0,0,0
1762,4,upper,2,2,0,0
1762,4,lower,1,0,0,0
1762,5,upper,2,2,0,0
1762,5,lower,0,-1,0,0
1762,6,upper,0,0,0,0
1762,6,lower,1,1,0,0
1762,7,upper,2,0,0,0
1762,7,lower,2,0,0,0
1762,8,upper,2,0,0,0
1762,8,lower,2,0,0,0
1763,1,upper,0,0,0,0
1763,1,lower,0,0,0,0
1763,2,upper,0,0,0,0
1763,2,lower,0,0,0,0
1763,3,upper,0,0,0,0
1763,3,lower,0,0,0,0
1763,4,upper,0,0,0,0
1763,4,lower,0,0,0,0
1763,5,upper,0,2,0,0
1763,5,lower,2,0,0,0
1763,6,upper,0,2,0,0
1763,6,lower,2,0,0,0
1763,7,upper,2,2,0,0
1763,7,lower,2,-2,0,0
1763,8,upper,0,2,0,0
1763,8,lower,0,2,0,0
1764,1,upper,0,0,0,0
1764,1,lower,0,0,0,0
1764,2,upper,0,0,0,0
1764,2,lower,0,0,0,0
1764,3,upper,0,0,0,0
1764,3,lower,0,0,0,0
1764,4,upper,2,2,0,0
1764,4,lower,5,4,0,0
1764,5,upper,0,0,0,0
1764,5,lower,0,0,0,0
1764,6,upper,2,2,0,0
1764,6,lower,1,0,0,0
1764,7,upper,2,2,0,0
1764,7,lower,2,2,0,0
1764,8,upper,0,0,0,0
1764,8,lower,0,0,0,0
1765,1,upper,0,0,0,0
1765,1,lower,0,0,0,0
1765,2,upper,0,0,0,0
1765,2,lower,0,0,0,0
1765,3,upper,0,0,0,0
1765,3,lower,0,0,0,0
1765,4,upper,2,0,0,0
1765,4,lower,4,2,0,0
1765,5,upper,0,2,0,0
1765,5,lower,4,4,0,0
1765,6,upper,2,2,0,0
1765,6,lower,2,2,0,0
1765,7,upper,0,2,0,0
1765,7,lower,2,0,0,0
1765,8,upper,2,0,0,0
1765,8,lower,2,0,0,0
1766,1,upper,0,0,0,0
1766,1,lower,0,0,0,0
1766,2,upper,0,0,0,0
1766,2,lower,0,0,0,0
1766,3,upper,0,0,0,0
1766,3,lower,0,0,0,0
1766,4,upper,0,0,0,0
1766,4,lower,3,1,0,0
1766,5,upper,0,0,0,0
1766,5,lower,3,0,0,0
1766,6,upper,2,2,0,0
1766,6,lower,6,2,0,0
1766,7,upper,0,0,0,0
1766,7,lower,0,0,0,0
1766,8,upper,2,2,0,0
1766,8,lower,2,2,0,0
1767,1,upper,0,0,0,0
1767,1,lower,0,0,0,0
1767,2,upper,0,0,0,0
1767,2,lower,0,0,0,0
1767,3,upper,0,0,0,0
1767,3,lower,0,0,0,0
1767,4,upper,2,2,0,0
1767,4,lower,5,1,0,0
1767,5,upper,0,0,0,0
1767,5,lower,1,3,0,0
1767,6,upper,2,2,0,0
1767,6,lower,2,-2,0,0
1767,7,upper,2,0,0,0
1767,7,lower,0,-2,0,0
1767,8,upper,0,0,0,0
1767,8,lower,0,0,0,0
1768,1,upper,0,0,0,0
1768,1,lower,0,0,0,0
1768,2,upper,0,0,0,0
1768,2,lower,0,0,0,0
1768,3,upper,0,0,0,0
1768,3,lower,0,0,0,0
1768,4,upper,0,2,0,0
1768,4,lower,5,3,0,0
1768,5,upper,2,2,0,0
1768,5,lower,2,-2,0,0
1768,6,upper,2,2,0,0
1768,6,lower,3,-1,0,0
1768,7,upper,2,0,0,0
1768,7,lower,2,0,0,0
1768,8,upper,0,0,0,0
1768,8,lower,0,0,0,0
1769,1,upper,0,0,0,0
1769,1,lower,0,0,0,0
1769,2,upper,0,0,0,0
1769,2,lower,0,0,0,0
1769,3,upper,0,0,0,0
1769,3,lower,0,0,0,0
1769,4,upper,0,2,0,0
1769,4,lower,2,4,0,0
1769,5,upper,0,0,0,0
1769,5,lower,0,0,0,0
1769,6,upper,0,0,0,0
1769,6,lower,0,0,0,0
1769,7,upper,2,0,0,0
1769,7,lower,0,-2,0,0
1769,8,upper,0,2,0,0
1769,8,lower,0,2,0,0
1770,1,upper,0,0,0,0
1770,1,lower,0,0,0,0
1770,2,upper,0,0,0,0
1770,2,lower,0,0,0,0
1770,3,upper,0,0,0,0
1770,3,lower,0,0,0,0
1770,4,upper,2,0,0,0
1770,4,lower,1,0,0,0
1770,5,upper,0,2,0,0
1770,5,lower,3,-2,0,0
1770,6,upper,2,2,0,0
1770,6,lower,3,2,0,0
1770,7,upper,0,2,0,0
1770,7,lower,0,2,0,0
1770,8,upper,2,2,0,0
1770,8,lower,2,2,0,0
1771,1,upper,0,0,0,0
1771,1,lower,0,0,0,0
1771,2,upper,0,0,0,0
1771,2,lower,0,0,0,0
1771,3,upper,0,0,0,0
1771,3,lower,0,0,0,0
1771,4,upper,2,0,0,0
1771,4,lower,0,-2,0,0
1771,5,upper,0,0,0,0
1771,5,lower,1,1,0,0
1771,6,upper,2,0,0,0
1771,6,lower,0,-2,0,0
1771,7,upper,0,2,0,0
1771,7,lower,2,0,0,0
1771,8,upper,2,2,0,0
1771,8,lower,2,2,0,0
1772,1,upper,0,0,0,0
1772,1,lower,0,0,0,0
1772,2,upper,0,0,0,0
1772,2,lower,0,0,0,0
1772,3,upper,0,0,0,0
1772,3,lower,0,0,0,0
1772,4,upper,0,2,0,0
1772,4,lower,4,2,0,0
1772,5,upper,2,0,0,0
1772,5,lower,2,0,0,0
1772,6,upper,2,0,0,0
1772,6,lower,-1,-1,0,0
1772,7,upper,2,2,0,0
1772,7,lower,2,2,0,0
1772,8,upper,2,0,0,0
1772,8,lower,2,0,0,0
1773,1,upper,0,0,0,0
1773,1,lower,0,0,0,0
1773,2,upper,0,0,0,0
1773,2,lower,0,0,0,0
1773,3,upper,0,0,0,0
1773,3,lower,0,0,0,0
1773,4,upper,2,0,0,0
1773,4,lower,2,-1,0,0
1773,5,upper,2,0,0,0
1773,5,lower,3,3,0,0
1773,6,upper,2,2,0,0
1773,6,lower,2,2,0,0
1773,7,upper,0,2,0,0
1773,7,lower,2,0,0,0
1773,8,upper,0,2,0,0
1773,8,lower,0,2,0,0
1774,1,upper,0,0,0,0
1774,1,lower,0,0,0,0
1774,2,upper,0,0,0,0
1774,2,lower,0,0,0,0
1774,3,upper,0,0,0,0
1774,3,lower,0,0,0,0
1774,4,upper,0,2,0,0
1774,4,lower,3,-2,0,0
1774,5,upper,0,0,0,0
1774,5,lower,1,2,0,0
1774,6,upper,2,2,0,0
1774,6,lower,5,2,0,0
1774,7,upper,0,2,0,0
1774,7,lower,0,2,0,0
1774,8,upper,0,2,0,0
1774,8,lower,0,2,0,0
1775,1,upper,0,0,0,0
1775,1,lower,0,0,0,0
1775,2,upper,0,0,0,0
1775,2,lower,0,0,0,0
1775,3,upper,0,0,0,0
1775,3,lower,0,0,0,0
1775,4,upper,2,2,0,0
1775,4,lower,1,-1,0,0
1775,5,upper,0,2,0,0
1775,5,lower,4,3,0,0
1775,6,upper,2,2,0,0
1775,6,lower,2,-2,0,0
1775,7,upper,2,0,0,0
1775,7,lower,0,-2,0,0
1775,8,upper,0,0,0,0
1775,8,lower,0,0,0,0
1776,1,upper,0,0,0,0
1776,1,lower,0,0,0,0
1776,2,upper,0,0,0,0
1776,2,lower,0,0,0,0
1776,3,upper,0,0,0,0
1776,3,lower,0,0,0,0
1776,4,upper,2,2,0,0
1776,4,lower,2,-3,0,0
1776,5,upper,0,0,0,0
1776,5,lower,0,0,0,0
1776,6,upper,2,0,0,0
1776,6,lower,1,-2,0,0
1776,7,upper,0,0,0,0
1776,7,lower,0,0,0,0
1776,8,upper,2,0,0,0
1776,8,lower,2,0,0,0
1777,1,upper,0,0,0,0
1777,1,lower,0,0,0,0
1777,2,upper,0,0,0,0
1777,2,lower,0,0,0,0
1777,3,upper,0,0,0,0
1777,3,lower,0,0,0,0
1777,4,upper,0,2,0,0
1777,4,lower,3,-2,0,0
1777,5,upper,2,0,0,0
1777,5,lower,0,-1,0,0
1777,6,upper,2,2,0,0
1777,6,lower,2,2,0,0
1777,7,upper,2,0,0,0
1777,7,lower,0,-2,0,0
1777,8,upper,2,2,0,0
1777,8,lower,2,2,0,0
1778,1,upper,0,0,0,0
1778,1,lower,0,0,0,0
1778,2,upper,0,0,0,0
1778,2,lower,0,0,0,0
1778,3,upper,0,0,0,0
1778,3,lower,0,0,0,0
1778,4,upper,0,0,0,0
1778,4,lower,2,0,0,0
1778,5,upper,0,0,0,0
1778,5,lower,1,2,0,0
1778,6,upper,2,0,0,0
1778,6,lower,1,-1,0,0
1778,7,upper,2,2,0,0
1778,7,lower,2,2,0,0
1778,8,upper,2,0,0,0
1778,8,lower,2,0,0,0
1779,1,upper,0,0,0,0
1779,1,lower,0,0,0,0
1779,2,upper,0,0,0,0
1779,2,lower,0,0,0,0
1779,3,upper,0,0,0,0
1779,3,lower,0,0,0,0
1779,4,upper,0,0,0,0
1779,4,lower,0,0,0,0
1779,5,upper,2,0,0,0
1779,5,lower,1,2,0,0
1779,6,upper,2,0,0,0
1779,6,lower,0,-2,0,0
1779,7,upper,2,2,0,0
1779,7,lower,2,-2,0,0
1779,8,upper,2,0,0,0
1779,8,lower,2,0,0,0
1780,1,upper,0,0,0,0
1780,1,lower,0,0,0,0
1780,2,upper,0,0,0,0
1780,2,lower,0,0,0,0
1780,3,upper,0,0,0,0
1780,3,lower,0,0,0,0
1780,4,upper,0,0,0,0
1780,4,lower,0,0,0,0
1780,5,upper,0,0,0,0
1780,5,lower,0,0,0,0
1780,6,upper,2,2,0,0
1780,6,lower,2,-2,0,0
1780,7,upper,0,0,0,0
1780,7,lower,0,0,0,0
1780,8,upper,0,2,0,0
1780,8,lower,0,2,0,0
1781,1,upper,0,0,0,0
1781,1,lower,0,0,0,0
1781,2,upper,0,0,0,0
1781,2,lower,0,0,0,0
1781,3,upper,0,0,0,0
1781,3,lower,0,0,0,0
1781,4,upper,0,0,0,0
1781,4,lower,0,0,0,0
1781,5,upper,0,2,0,0
1781,5,lower,4,3,0,0
1781,6,upper,2,2,0,0
1781,6,lower,2,2,0,0
1781,7,upper,2,2,0,0
1781,7,lower,2,-2,0,0
1781,8,upper,0,2,0,0
1781,8,lower,0,2,0,0
1782,1,upper,0,0,0,0
1782,1,lower,0,0,0,0
1782,2,upper,0,0,0,0
1782,2,lower,0,0,0,0
1782,3,upper,0,0,0,0
1782,3,lower,0,0,0,0
1782,4,upper,0,0,0,0
1782,4,lower,0,0,0,0
1782,5,upper,2,0,0,0
1782,5,lower,2,-1,0,0
1782,6,upper,0,2,0,0
1782,6,lower,3,2,0,0
1782,7,upper,2,2,0,0
1782,7,lower,2,2,0,0
1782,8,upper,0,0,0,0
1782,8,lower,0,0,0,0
1783,1,upper,0,0,0,0
1783,1,lower,0,0,0,0
1783,2,upper,0,0,0,0
1783,2,lower,0,0,0,0
1783,3,upper,0,0,0,0
1783,3,lower,0,0,0,0
1783,4,upper,0,0,0,0
1783,4,lower,0,0,0,0
1783,5,upper,0,0,0,0
1783,5,lower,1,2,0,0
1783,6,upper,2,2,0,0
1783,6,lower,2,-2,0,0
1783,7,upper,0,2,0,0
1783,7,lower,2,0,0,0
1783,8,upper,2,2,0,0
1783,8,lower,2,2,0,0
1784,1,upper,0,0,0,0
1784,1,lower,0,0,0,0
1784,2,upper,0,0,0,0
1784,2,lower,0,0,0,0
1784,3,upper,0,0,0,0
1784,3,lower,0,0,0,0
1784,4,upper,0,0,0,0
1784,4,lower,0,0,0,0
1784,5,upper,0,2,0,0
1784,5,lower,2,0,0,0
1784,6,upper,2,0,0,0
1784,6,lower,1,0,0,0
1784,7,upper,2,0,0,0
1784,7,lower,2,0,0,0
1784,8,upper,0,2,0,0
1784,8,lower,0,2,0,0
1785,1,upper,0,0,0,0
1785,1,lower,0,0,0,0
1785,2,upper,0,0,0,0
1785,2,lower,0,0,0,0
1785,3,upper,0,0,0,0
1785,3,lower,0,0,0,0
1785,4,upper,0,0,0,0
1785,4,lower,0,0,0,0
1785,5,upper,2,0,0,0
1785,5,lower,0,-1,0,0
1785,6,upper,0,2,0,0
1785,6,lower,0,2,0,0
1785,7,upper,2,0,0,0
1785,7,lower,0,-2,0,0
1785,8,upper,0,0,0,0
1785,8,lower,0,0,0,0
1786,1,upper,0,0,0,0
1786,1,lower,0,0,0,0
1786,2,upper,0,0,0,0
1786,2,lower,0,0,0,0
1786,3,upper,0,0,0,0
1786,3,lower,0,0,0,0
1786,4,upper,0,0,0,0
1786,4,lower,0,0,0,0
1786,5,upper,2,2,0,0
1786,5,lower,1,-3,0,0
1786,6,upper,2,2,0,0
1786,6,lower,6,2,0,0
1786,7,upper,2,2,0,0
1786,7,lower,2,2,0,0
1786,8,upper,0,2,0,0
1786,8,lower,0,2,0,0
1787,1,upper,0,0,0,0
1787,1,lower,0,0,0,0
1787,2,upper,0,0,0,0
1787,2,lower,0,0,0,0
1787,3,upper,0,0,0,0
1787,3,lower,0,0,0,0
1787,4,upper,0,0,0,0
1787,4,lower,0,0,0,0
1787,5,upper,0,0,0,0
1787,5,lower,2,3,0,0
1787,6,upper,0,2,0,0
1787,6,lower,2,0,0,0
1787,7,upper,2,2,0,0
1787,7,lower,2,-2,0,0
1787,8,upper,2,0,0,0
1787,8,lower,2,0,0,0
1788,1,upper,0,0,0,0
1788,1,lower,0,0,0,0
1788,2,upper,0,0,0,0
1788,2,lower,0,0,0,0
1788,3,upper,0,0,0,0
1788,3,lower,0,0,0,0
1788,4,upper,0,0,0,0
1788,4,lower,0,0,0,0
1788,5,upper,0,0,0,0
1788,5,lower,0,0,0,0
1788,6,upper,0,0,0,0
1788,6,lower,1,0,0,0
1788,7,upper,2,2,0,0
1788,7,lower,2,2,0,0
1788,8,upper,0,2,0,0
1788,8,lower,0,2,0,0
1789,1,upper,0,0,0,0
1789,1,lower,0,0,0,0
1789,2,upper,0,0,0,0
1789,2,lower,0,0,0,0
1789,3,upper,0,0,0,0
1789,3,lower,0,0,0,0
1789,4,upper,0,0,0,0
1789,4,lower,0,0,0,0
1789,5,upper,0,0,0,0
1789,5,lower,0,0,0,0
1789,6,upper,0,2,0,0
1789,6,lower,0,2,0,0
1789,7,upper,2,2,0,0
1789,7,lower,2,-2,0,0
1789,8,upper,2,0,0,0
1789,8,lower,2,0,0,0
1790,1,upper,0,0,0,0
1790,1,lower,0,0,0,0
1790,2,upper,0,0,0,0
1790,2,lower,0,0,0,0
1790,3,upper,0,0,0,0
1790,3,lower,0,0,0,0
1790,4,upper,0,0,0,0
1790,4,lower,0,0,0,0
1790,5,upper,0,0,0,0
1790,5,lower,0,0,0,0
1790,6,upper,0,2,0,0
1790,6,lower,3,2,0,0
1790,7,upper,0,2,0,0
1790,7,lower,0,2,0,0
1790,8,upper,0,0,0,0
1790,8,lower,0,0,0,0
1791,1,upper,0,0,0,0
1791,1,lower,0,0,0,0
1791,2,upper,0,0,0,0
1791,2,lower,0,0,0,0
1791,3,upper,0,0,0,0
1791,3,lower,0,0,0,0
1791,4,upper,0,0,0,0
1791,4,lower,0,0,0,0
1791,5,upper,0,0,0,0
1791,5,lower,0,0,0,0
1791,6,upper,0,0,0,0
1791,6,lower,0,0,0,0
1791,7,upper,2,2,0,0
1791,7,lower,2,-2,0,0
1791,8,upper,2,2,0,0
1791,8,lower,2,2,0,0
1792,1,upper,1,1,0,-1
1792,1,lower,1,1,0,-1
1792,2,upper,0,0,0,0
1792,2,lower,0,0,0,0
1792,3,upper,0,0,0,0
1792,3,lower,0,0,0,0
1792,4,upper,0,0,0,0
1792,4,lower,0,0,0,0
1792,5,upper,0,0,0,0
1792,5,lower,0,0,0,0
1792,6,upper,0,2,0,0
1792,6,lower,4,2,0,0
1792,7,upper,0,2,0,0
1792,7,lower,0,2,0,0
1792,8,upper,2,0,0,0
1792,8,lower,2,0,0,0
1793,1,upper,1,1,0,0
1793,1,lower,2,3,0,0
1793,2,upper,0,0,0,0
1793,2,lower,0,0,0,0
1793,3,upper,0,0,0,0
1793,3,lower,0,0,0,0
1793,4,upper,0,0,0,0
1793,4,lower,0,0,0,0
1793,5,upper,0,0,0,0
1793,5,lower,0,0,0,0
1793,6,upper,0,0,0,0
1793,6,lower,0,0,0,0
1793,7,upper,0,0,0,0
1793,7,lower,0,0,0,0
1793,8,upper,0,0,0,0
1793,8,lower,0,0,0,0
1794,1,upper,0,0,0,-1
1794,1,lower,3,2,-2,-2
1794,2,upper,0,0,0,0
1794,2,lower,0,0,0,0
1794,3,upper,0,0,0,0
1794,3,lower,0,0,0,0
1794,4,upper,0,0,0,0
1794,4,lower,0,0,0,0
1794,5,upper,0,0,0,0
1794,5,lower,0,0,0,0
1794,6,upper,0,0,0,0
1794,6,lower,0,0,0,0
1794,7,upper,0,0,0,0
1794,7,lower,0,0,0,0
1794,8,upper,0,2,0,0
1794,8,lower,0,2,0,0
1795,1,upper,1,1,0,-1
1795,1,lower,2,2,0,-2
1795,2,upper,0,0,0,0
1795,2,lower,0,0,0,0
1795,3,upper,0,0,0,0
1795,3,lower,0,0,0,0
1795,4,upper,0,0,0,0
1795,4,lower,0,0,0,0
1795,5,upper,0,0,0,0
1795,5,lower,0,0,0,0
1795,6,upper,0,0,0,0
1795,6,lower,0,0,0,0
1795,7,upper,0,0,0,0
1795,7,lower,0,0,0,0
1795,8,upper,0,2,0,0
1795,8,lower,0,2,0,0
1796,1,upper,0,1,0,0
1796,1,lower,2,3,-1,1
1796,2,upper,0,0,0,0
1796,2,lower,0,0,0,0
1796,3,upper,0,0,0,0
1796,3,lower,0,0,0,0
1796,4,upper,0,0,0,0
1796,4,lower,0,0,0,0
1796,5,upper,0,0,0,0
1796,5,lower,0,0,0,0
1796,6,upper,0,0,0,0
1796,6,lower,0,0,0,0
1796,7,upper,0,0,0,0
1796,7,lower,0,0,0,0
1796,8,upper,0,0,0,0
1796,8,lower,0,0,0,0
1797,1,upper,0,1,-1,0
1797,1,lower,1,1,-2,0
1797,2,upper,0,0,0,0
1797,2,lower,0,0,0,0
1797,3,upper,0,0,0,0
1797,3,lower,0,0,0,0
1797,4,upper,0,0,0,0
1797,4,lower,0,0,0,0
1797,5,upper,0,0,0,0
1797,5,lower,0,0,0,0
1797,6,upper,0,0,0,0
1797,6,lower,0,0,0,0
1797,7,upper,0,0,0,0
1797,7,lower,0,0,0,0
1797,8,upper,2,2,0,0
1797,8,lower,2,2,0,0
1798,1,upper,1,1,1,-1
1798,1,lower,2,3,0,-3
1798,2,upper,0,0,0,0
1798,2,lower,0,0,0,0
1798,3,upper,0,0,0,0
1798,3,lower,0,0,0,0
1798,4,upper,0,0,0,0
1798,4,lower,0,0,0,0
1798,5,upper,0,0,0,0
1798,5,lower,0,0,0,0
1798,6,upper,0,0,0,0
1798,6,lower,0,0,0,0
1798,7,upper,0,0,0,0
1798,7,lower,0,0,0,0
1798,8,upper,0,0,0,0
1798,8,lower,0,0,0,0
1799,1,upper,0,2,0,0
1799,1,lower,2,4,-1,0
1799,2,upper,0,0,0,0
1799,2,lower,0,0,0,0
1799,3,upper,0,0,0,0
1799,3,lower,0,0,0,0
1799,4,upper,0,0,0,0
1799,4,lower,0,0,0,0
1799,5,upper,0,0,0,0
1799,5,lower,0,0,0,0
1799,6,upper,0,0,0,0
1799,6,lower,0,0,0,0
1799,7,upper,0,0,0,0
1799,7,lower,0,0,0,0
1799,8,upper,0,0,0,0
1799,8,lower,0,0,0,0
1800,1,upper,0,1,0,0
1800,1,lower,2,2,-1,0
1800,2,upper,0,0,0,0
1800,2,lower,0,0,0,0
1800,3,upper,0,0,0,0
1800,3,lower,0,0,0,0
1800,4,upper,0,0,0,0
1800,4,lower,0,0,0,0
1800,5,upper,0,0,0,0
1800,5,lower,0,0,0,0
1800,6,upper,0,0,0,0
1800,6,lower,0,0,0,0
1800,7,upper,0,0,0,0
1800,7,lower,0,0,0,0
1800,8,upper,0,0,0,0
1800,8,lower,0,0,0,0
1801,1,upper,0,1,-1,0
1801,1,lower,2,3,-2,0
1801,2,upper,0,0,0,0
1801,2,lower,0,0,0,0
1801,3,upper,0,0,0,0
1801,3,lower,0,0,0,0
1801,4,upper,0,0,0,0
1801,4,lower,0,0,0,0
1801,5,upper,0,0,0,0
1801,5,lower,0,0,0,0
1801,6,upper,0,0,0,0
1801,6,lower,0,0,0,0
1801,7,upper,0,0,0,0
1801,7,lower,0,0,0,0
1801,8,upper,0,0,0,0
1801,8,lower,0,0,0,0
1802,1,upper,0,0,0,0
1802,1,lower,2,2,0,-1
1802,2,upper,0,0,0,0
1802,2,lower,0,0,0,0
1802,3,upper,0,0,0,0
1802,3,lower,0,0,0,0
1802,4,upper,0,0,0,0
1802,4,lower,0,0,0,0
1802,5,upper,0,0,0,0
1802,5,lower,0,0,0,0
1802,6,upper,0,0,0,0
1802,6,lower,0,0,0,0
1802,7,upper,0,0,0,0
1802,7,lower,0,0,0,0
1802,8,upper,0,0,0,0
1802,8,lower,0,0,0,0
1803,1,upper,1,0,0,-1
1803,1,lower,3,1,0,-2
1803,2,upper,0,0,0,0
1803,2,lower,0,0,0,0
1803,3,upper,0,0,0,0
1803,3,lower,0,0,0,0
1803,4,upper,0,0,0,0
1803,4,lower,0,0,0,0
1803,5,upper,0,0,0,0
1803,5,lower,0,0,0,0
1803,6,upper,0,0,0,0
1803,6,lower,0,0,0,0
1803,7,upper,0,0,0,0
1803,7,lower,0,0,0,0
1803,8,upper,0,0,0,0
1803,8,lower,0,0,0,0
1804,1,upper,1,1,-1,-1
1804,1,lower,3,2,-1,-2
1804,2,upper,0,0,0,0
1804,2,lower,0,0,0,0
1804,3,upper,0,0,0,0
1804,3,lower,0,0,0,0
1804,4,upper,0,0,0,0
1804,4,lower,0,0,0,0
1804,5,upper,0,0,0,0
1804,5,lower,0,0,0,0
1804,6,upper,0,0,0,0
1804,6,lower,0,0,0,0
1804,7,upper,0,0,0,0
1804,7,lower,0,0,0,0
1804,8,upper,0,0,0,0
1804,8,lower,0,0,0,0
1805,1,upper,0,1,0,-1
1805,1,lower,2,2,-1,-1
1805,2,upper,0,0,0,0
1805,2,lower,0,0,0,0
1805,3,upper,0,0,0,0
1805,3,lower,0,0,0,0
1805,4,upper,0,0,0,0
1805,4,lower,0,0,0,0
1805,5,upper,0,0,0,0
1805,5,lower,0,0,0,0
1805,6,upper,0,0,0,0
1805,6,lower,0,0,0,0
1805,7,upper,0,0,0,0
1805,7,lower,0,0,0,0
1805,8,upper,0,0,0,0
1805,8,lower,0,0,0,0
1806,1,upper,1,0,0,-1
1806,1,lower,2,0,0,-2
1806,2,upper,0,0,0,0
1806,2,lower,0,0,0,0
1806,3,upper,0,0,0,0
1806,3,lower,0,0,0,0
1806,4,upper,0,0,0,0
1806,4,lower,0,0,0,0
1806,5,upper,0,0,0,0
1806,5,lower,0,0,0,0
1806,6,upper,0,0,0,0
1806,6,lower,0,0,0,0
1806,7,upper,0,0,0,0
1806,7,lower,0,0,0,0
1806,8,upper,0,0,0,0
1806,8,lower,0,0,0,0
1807,1,upper,0,0,0,0
1807,1,lower,2,1,0,-1
1807,2,upper,0,0,0,0
1807,2,lower,0,0,0,0
1807,3,upper,0,0,0,0
1807,3,lower,0,0,0,0
1807,4,upper,0,0,0,0
1807,4,lower,0,0,0,0
1807,5,upper,0,0,0,0
1807,5,lower,0,0,0,0
1807,6,upper,0,0,0,0
1807,6,lower,0,0,0,0
1807,7,upper,0,0,0,0
1807,7,lower,0,0,0,0
1807,8,upper,0,0,0,0
1807,8,lower,0,0,0,0
1808,1,upper,1,1,0,0
1808,1,lower,3,2,-1,0
1808,2,upper,0,0,0,0
1808,2,lower,0,0,0,0
1808,3,upper,0,0,0,0
1808,3,lower,0,0,0,0
1808,4,upper,0,0,0,0
1808,4,lower,0,0,0,0
1808,5,upper,0,0,0,0
1808,5,lower,0,0,0,0
1808,6,upper,0,0,0,0
1808,6,lower,0,0,0,0
1808,7,upper,0,0,0,0
1808,7,lower,0,0,0,0
1808,8,upper,0,0,0,0
1808,8,lower,0,0,0,0
1809,1,upper,0,1,0,0
1809,1,lower,2,3,0,0
1809,2,upper,0,0,0,0
1809,2,lower,0,0,0,0
1809,3,upper,0,0,0,0
1809,3,lower,0,0,0,0
1809,4,upper,0,0,0,0
1809,4,lower,0,0,0,0
1809,5,upper,0,0,0,0
1809,5,lower,0,0,0,0
1809,6,upper,0,0,0,0
1809,6,lower,0,0,0,0
1809,7,upper,0,0,0,0
1809,7,lower,0,0,0,0
1809,8,upper,0,0,0,0
1809,8,lower,0,0,0,0
1810,1,upper,0,0,0,0
1810,1,lower,2,1,-1,-1
1810,2,upper,0,0,0,0
1810,2,lower,0,0,0,0
1810,3,upper,0,0,0,0
1810,3,lower,0,0,0,0
1810,4,upper,0,0,0,0
1810,4,lower,0,0,0,0
1810,5,upper,0,0,0,0
1810,5,lower,0,0,0,0
1810,6,upper,0,0,0,0
1810,6,lower,0,0,0,0
1810,7,upper,0,0,0,0
1810,7,lower,0,0,0,0
1810,8,upper,0,0,0,0
1810,8,lower,0,0,0,0
1811,1,upper,0,1,0,-1
1811,1,lower,2,2,-1,-2
1811,2,upper,0,0,0,0
1811,2,lower,0,0,0,0
1811,3,upper,0,0,0,0
1811,3,lower,0,0,0,0
1811,4,upper,0,0,0,0
1811,4,lower,0,0,0,0
1811,5,upper,0,0,0,0
1811,5,lower,0,0,0,0
1811,6,upper,0,0,0,0
1811,6,lower,0,0,0,0
1811,7,upper,0,0,0,0
1811,7,lower,0,0,0,0
1811,8,upper,0,0,0,0
1811,8,lower,0,0,0,0
1812,1,upper,1,0,1,0
1812,1,lower,2,1,1,-2
1812,2,upper,0,0,0,0
1812,2,lower,0,0,0,0
1812,3,upper,0,0,0,0
1812,3,lower,0,0,0,0
1812,4,upper,0,0,0,0
1812,4,lower,0,0,0,0
1812,5,upper,0,0,0,0
1812,5,lower,0,0,0,0
1812,6,upper,0,0,0,0
1812,6,lower,0,0,0,0
1812,7,upper,0,0,0,0
1812,7,lower,0,0,0,0
1812,8,upper,0,0,0,0
1812,8,lower,0,0,0,0
1813,1,upper,1,1,0,0
1813,1,lower,3,2,-1,1
1813,2,upper,0,0,0,0
1813,2,lower,0,0,0,0
1813,3,upper,0,0,0,0
1813,3,lower,0,0,0,0
1813,4,upper,0,0,0,0
1813,4,lower,0,0,0,0
1813,5,upper,0,0,0,0
1813,5,lower,0,0,0,0
1813,6,upper,0,0,0,0
1813,6,lower,0,0,0,0
1813,7,upper,0,0,0,0
1813,7,lower,0,0,0,0
1813,8,upper,0,0,0,0
1813,8,lower,0,0,0,0
1814,1,upper,1,0,1,-1
1814,1,lower,2,1,-1,-2
1814,2,upper,0,0,0,0
1814,2,lower,0,0,0,0
1814,3,upper,0,0,0,0
1814,3,lower,0,0,0,0
1814,4,upper,0,0,0,0
1814,4,lower,0,0,0,0
1814,5,upper,0,0,0,0
1814,5,lower,0,0,0,0
1814,6,upper,0,0,0,0
1814,6,lower,0,0,0,0
1814,7,upper,0,0,0,0
1814,7,lower,0,0,0,0
1814,8,upper,0,0,0,0
1814,8,lower,0,0,0,0
1815,1,upper,1,2,0,0
1815,1,lower,4,3,0,-1
1815,2,upper,0,0,0,0
1815,2,lower,0,0,0,0
1815,3,upper,0,0,0,0
1815,3,lower,0,0,0,0
1815,4,upper,0,0,0,0
1815,4,lower,0,0,0,0
1815,5,upper,0,0,0,0
1815,5,lower,0,0,0,0
1815,6,upper,0,0,0,0
1815,6,lower,0,0,0,0
1815,7,upper,0,0,0,0
1815,7,lower,0,0,0,0
1815,8,upper,0,0,0,0
1815,8,lower,0,0,0,0
1816,1,upper,1,2,0,0
1816,1,lower,4,2,0,-1
1816,2,upper,0,0,0,0
1816,2,lower,0,0,0,0
1816,3,upper,0,0,0,0
1816,3,lower,0,0,0,0
1816,4,upper,0,0,0,0
1816,4,lower,0,0,0,0
1816,5,upper,0,0,0,0
1816,5,lower,0,0,0,0
1816,6,upper,0,0,0,0
1816,6,lower,0,0,0,0
1816,7,upper,0,0,0,0
1816,7,lower,0,0,0,0
1816,8,upper,0,0,0,0
1816,8,lower,0,0,0,0
1817,1,upper,1,1,-1,-1
1817,1,lower,3,1,-2,-1
1817,2,upper,0,0,0,0
1817,2,lower,0,0,0,0
1817,3,upper,0,0,0,0
1817,3,lower,0,0,0,0
1817,4,upper,0,0,0,0
1817,4,lower,0,0,0,0
1817,5,upper,0,0,0,0
1817,5,lower,0,0,0,0
1817,6,upper,0,0,0,0
1817,6,lower,0,0,0,0
1817,7,upper,0,0,0,0
1817,7,lower,0,0,0,0
1817,8,upper,0,0,0,0
1817,8,lower,0,0,0,0
1818,1,upper,1,0,0,0
1818,1,lower,2,1,0,0
1818,2,upper,0,0,0,0
1818,2,lower,0,0,0,0
1818,3,upper,0,0,0,0
1818,3,lower,0,0,0,0
1818,4,upper,0,0,0,0
1818,4,lower,0,0,0,0
1818,5,upper,0,0,0,0
1818,5,lower,0,0,0,0
1818,6,upper,0,0,0,0
1818,6,lower,0,0,0,0
1818,7,upper,0,0,0,0
1818,7,lower,0,0,0,0
1818,8,upper,0,0,0,0
1818,8,lower,0,0,0,0
1819,1,upper,1,1,0,0
1819,1,lower,3,1,0,-1
1819,2,upper,0,0,0,0
1819,2,lower,0,0,0,0
1819,3,upper,0,0,0,0
1819,3,lower,0,0,0,0
1819,4,upper,0,0,0,0
1819,4,lower,0,0,0,0
1819,5,upper,0,0,0,0
1819,5,lower,0,0,0,0
1819,6,upper,0,0,0,0
1819,6,lower,0,0,0,0
1819,7,upper,0,0,0,0
1819,7,lower,0,0,0,0
1819,8,upper,0,0,0,0
1819,8,lower,0,0,0,0
1820,1,upper,1,1,0,0
1820,1,lower,4,1,-1,-1
1820,2,upper,0,0,0,0
1820,2,lower,0,0,0,0
1820,3,upper,0,0,0,0
1820,3,lower,0,0,0,0
1820,4,upper,0,0,0,0
1820,4,lower,0,0,0,0
1820,5,upper,0,0,0,0
1820,5,lower,0,0,0,0
1820,6,upper,0,0,0,0
1820,6,lower,0,0,0,0
1820,7,upper,0,0,0,0
1820,7,lower,0,0,0,0
1820,8,upper,0,0,0,0
1820,8,lower,0,0,0,0
1821,1,upper,0,1,0,0
1821,1,lower,2,3,0,0
1821,2,upper,0,0,0,0
1821,2,lower,0,0,0,0
1821,3,upper,0,0,0,0
1821,3,lower,0,0,0,0
1821,4,upper,0,0,0,0
1821,4,lower,0,0,0,0
1821,5,upper,0,0,0,0
1821,5,lower,0,0,0,0
1821,6,upper,0,0,0,0
1821,6,lower,0,0,0,0
1821,7,upper,0,0,0,0
1821,7,lower,0,0,0,0
1821,8,upper,0,0,0,0
1821,8,lower,0,0,0,0
1822,1,upper,1,0,0,-1
1822,1,lower,3,1,-1,-1
1822,2,upper,0,0,0,0
1822,2,lower,0,0,0,0
1822,3,upper,0,0,0,0
1822,3,lower,0,0,0,0
1822,4,upper,0,0,0,0
1822,4,lower,0,0,0,0
1822,5,upper,0,0,0,0
1822,5,lower,0,0,0,0
1822,6,upper,0,0,0,0
1822,6,lower,0,0,0,0
1822,7,upper,0,0,0,0
1822,7,lower,0,0,0,0
1822,8,upper,0,0,0,0
1822,8,lower,0,0,0,0
1823,1,upper,0,1,0,-1
1823,1,lower,2,2,-1,-1
1823,2,upper,0,0,0,0
1823,2,lower,0,0,0,0
1823,3,upper,0,0,0,0
1823,3,lower,0,0,0,0
1823,4,upper,0,0,0,0
1823,4,lower,0,0,0,0
1823,5,upper,0,0,0,0
1823,5,lower,0,0,0,0
1823,6,upper,0,0,0,0
1823,6,lower,0,0,0,0
1823,7,upper,0,0,0,0
1823,7,lower,0,0,0,0
1823,8,upper,0,0,0,0
1823,8,lower,0,0,0,0
1824,1,upper,0,0,-1,0
1824,1,lower,1,2,0,-1
1824,2,upper,0,0,0,0
1824,2,lower,0,0,0,0
1824,3,upper,0,0,0,0
1824,3,lower,0,0,0,0
1824,4,upper,0,0,0,0
1824,4,lower,0,0,0,0
1824,5,upper,0,0,0,0
1824,5,lower,0,0,0,0
1824,6,upper,0,0,0,0
1824,6,lower,0,0,0,0
1824,7,upper,0,0,0,0
1824,7,lower,0,0,0,0
1824,8,upper,0,0,0,0
1824,8,lower,0,0,0,0
1825,1,upper,0,1,-1,0
1825,1,lower,3,2,0,0
1825,2,upper,0,0,0,0
1825,2,lower,0,0,0,0
1825,3,upper,0,0,0,0
1825,3,lower,0,0,0,0
1825,4,upper,0,0,0,0
1825,4,lower,0,0,0,0
1825,5,upper,0,0,0,0
1825,5,lower,0,0,0,0
1825,6,upper,0,0,0,0
1825,6,lower,0,0,0,0
1825,7,upper,0,0,0,0
1825,7,lower,0,0,0,0
1825,8,upper,0,0,0,0
1825,8,lower,0,0,0,0
1826,1,upper,1,1,0,0
1826,1,lower,3,1,-1,-1
1826,2,upper,0,0,0,0
1826,2,lower,0,0,0,0
1826,3,upper,0,0,0,0
1826,3,lower,0,0,0,0
1826,4,upper,0,0,0,0
1826,4,lower,0,0,0,0
1826,5,upper,0,0,0,0
1826,5,lower,0,0,0,0
1826,6,upper,0,0,0,0
1826,6,lower,0,0,0,0
1826,7,upper,0,0,0,0
1826,7,lower,0,0,0,0
1826,8,upper,0,0,0,0
1826,8,lower,0,0,0,0
1827,1,upper,0,1,1,0
1827,1,lower,3,2,-1,-1
1827,2,upper,0,0,0,0
1827,2,lower,0,0,0,0
1827,3,upper,0,0,0,0
1827,3,lower,0,0,0,0
1827,4,upper,0,0,0,0
1827,4,lower,0,0,0,0
1827,5,upper,0,0,0,0
1827,5,lower,0,0,0,0
1827,6,upper,0,0,0,0
1827,6,lower,0,0,0,0
1827,7,upper,0,0,0,0
1827,7,lower,0,0,0,0
1827,8,upper,0,0,0,0
1827,8,lower,0,0,0,0
1828,1,upper,0,1,-1,-1
1828,1,lower,2,2,-2,0
1828,2,upper,0,0,0,0
1828,2,lower,0,0,0,0
1828,3,upper,0,0,0,0
1828,3,lower,0,0,0,0
1828,4,upper,0,0,0,0
1828,4,lower,0,0,0,0
1828,5,upper,0,0,0,0
1828,5,lower,0,0,0,0
1828,6,upper,0,0,0,0
1828,6,lower,0,0,0,0
1828,7,upper,0,0,0,0
1828,7,lower,0,0,0,0
1828,8,upper,0,0,0,0
1828,8,lower,0,0,0,0
1829,1,upper,0,0,-1,0
1829,1,lower,2,1,-1,0
1829,2,upper,0,0,0,0
1829,2,lower,0,0,0,0
1829,3,upper,0,0,0,0
1829,3,lower,0,0,0,0
1829,4,upper,0,0,0,0
1829,4,lower,0,0,0,0
1829,5,upper,0,0,0,0
1829,5,lower,0,0,0,0
1829,6,upper,0,0,0,0
1829,6,lower,0,0,0,0
1829,7,upper,0,0,0,0
1829,7,lower,0,0,0,0
1829,8,upper,0,0,0,0
1829,8,lower,0,0,0,0
1830,1,upper,1,1,0,0
1830,1,lower,1,1,0,0
1830,2,upper,0,0,0,0
1830,2,lower,0,0,0,0
1830,3,upper,0,0,0,0
1830,3,lower,0,0,0,0
1830,4,upper,0,0,0,0
1830,4,lower,0,0,0,0
1830,5,upper,0,0,0,0
1830,5,lower,0,0,0,0
1830,6,upper,0,0,0,0
1830,6,lower,0,0,0,0
1830,7,upper,0,0,0,0
1830,7,lower,0,0,0,0
1830,8,upper,0,0,0,0
1830,8,lower,0,0,0,0
1831,1,upper,1,1,1,-1
1831,1,lower,3,1,-1,-2
1831,2,upper,0,0,0,0
1831,2,lower,0,0,0,0
1831,3,upper,0,0,0,0
1831,3,lower,0,0,0,0
1831,4,upper,0,0,0,0
1831,4,lower,0,0,0,0
1831,5,upper,0,0,0,0
1831,5,lower,0,0,0,0
1831,6,upper,0,0,0,0
1831,6,lower,0,0,0,0
1831,7,upper,0,0,0,0
1831,7,lower,0,0,0,0
1831,8,upper,0,0,0,0
1831,8,lower,0,0,0,0
1832,1,upper,1,0,0,0
1832,1,lower,2,1,0,-1
1832,2,upper,0,0,0,0
1832,2,lower,0,0,0,0
1832,3,upper,0,0,0,0
1832,3,lower,0,0,0,0
1832,4,upper,0,0,0,0
1832,4,lower,0,0,0,0
1832,5,upper,0,0,0,0
1832,5,lower,0,0,0,0
1832,6,upper,0,0,0,0
1832,6,lower,0,0,0,0
1832,7,upper,0,0,0,0
1832,7,lower,0,0,0,0
1832,8,upper,0,0,0,0
1832,8,lower,0,0,0,0
1833,1,upper,1,1,0,0
1833,1,lower,2,0,-1,-1
1833,2,upper,0,0,0,0
1833,2,lower,0,0,0,0
1833,3,upper,0,0,0,0
1833,3,lower,0,0,0,0
1833,4,upper,0,0,0,0
1833,4,lower,0,0,0,0
1833,5,upper,0,0,0,0
1833,5,lower,0,0,0,0
1833,6,upper,0,0,0,0
1833,6,lower,0,0,0,0
1833,7,upper,0,0,0,0
1833,7,lower,0,0,0,0
1833,8,upper,0,0,0,0
1833,8,lower,0,0,0,0
1834,1,upper,2,1,0,0
1834,1,lower,4,2,-1,-1
1834,2,upper,0,0,0,0
1834,2,lower,0,0,0,0
1834,3,upper,0,0,0,0
1834,3,lower,0,0,0,0
1834,4,upper,0,0,0,0
1834,4,lower,0,0,0,0
1834,5,upper,0,0,0,0
1834,5,lower,0,0,0,0
1834,6,upper,0,0,0,0
1834,6,lower,0,0,0,0
1834,7,upper,0,0,0,0
1834,7,lower,0,0,0,0
1834,8,upper,0,0,0,0
1834,8,lower,0,0,0,0
1835,1,upper,1,0,-1,-1
1835,1,lower,2,0,-2,0
1835,2,upper,0,0,0,0
1835,2,lower,0,0,0,0
1835,3,upper,0,0,0,0
1835,3,lower,0,0,0,0
1835,4,upper,0,0,0,0
1835,4,lower,0,0,0,0
1835,5,upper,0,0,0,0
1835,5,lower,0,0,0,0
1835,6,upper,0,0,0,0
1835,6,lower,0,0,0,0
1835,7,upper,0,0,0,0
1835,7,lower,0,0,0,0
1835,8,upper,0,0,0,0
1835,8,lower,0,0,0,0
1836,1,upper,0,1,0,0
1836,1,lower,3,2,-1,0
1836,2,upper,0,0,0,0
1836,2,lower,0,0,0,0
1836,3,upper,0,0,0,0
1836,3,lower,0,0,0,0
1836,4,upper,0,0,0,0
1836,4,lower,0,0,0,0
1836,5,upper,0,0,0,0
1836,5,lower,0,0,0,0
1836,6,upper,0,0,0,0
1836,6,lower,0,0,0,0
1836,7,upper,0,0,0,0
1836,7,lower,0,0,0,0
1836,8,upper,0,0,0,0
1836,8,lower,0,0,0,0
1837,1,upper,1,1,-1,0
1837,1,lower,2,2,-2,1
1837,2,upper,0,0,0,0
1837,2,lower,0,0,0,0
1837,3,upper,0,0,0,0
1837,3,lower,0,0,0,0
1837,4,upper,0,0,0,0
1837,4,lower,0,0,0,0
1837,5,upper,0,0,0,0
1837,5,lower,0,0,0,0
1837,6,upper,0,0,0,0
1837,6,lower,0,0,0,0
1837,7,upper,0,0,0,0
1837,7,lower,0,0,0,0
1837,8,upper,0,0,0,0
1837,8,lower,0,0,0,0
1838,1,upper,0,1,0,1
1838,1,lower,2,2,1,-1
1838,2,upper,0,0,0,0
1838,2,lower,0,0,0,0
1838,3,upper,0,0,0,0
1838,3,lower,0,0,0,0
1838,4,upper,0,0,0,0
1838,4,lower,0,0,0,0
1838,5,upper,0,0,0,0
1838,5,lower,0,0,0,0
1838,6,upper,0,0,0,0
1838,6,lower,0,0,0,0
1838,7,upper,0,0,0,0
1838,7,lower,0,0,0,0
1838,8,upper,0,0,0,0
1838,8,lower,0,0,0,0
1839,1,upper,1,2,-1,0
1839,1,lower,3,1,-1,0
1839,2,upper,0,0,0,0
1839,2,lower,0,0,0,0
1839,3,upper,0,0,0,0
1839,3,lower,0,0,0,0
1839,4,upper,0,0,0,0
1839,4,lower,0,0,0,0
1839,5,upper,0,0,0,0
1839,5,lower,0,0,0,0
1839,6,upper,0,0,0,0
1839,6,lower,0,0,0,0
1839,7,upper,0,0,0,0
1839,7,lower,0,0,0,0
1839,8,upper,0,0,0,0
1839,8,lower,0,0,0,0
1840,1,upper,1,2,0,0
1840,1,lower,3,1,0,-1
1840,2,upper,0,0,0,0
1840,2,lower,0,0,0,0
1840,3,upper,0,0,0,0
1840,3,lower,0,0,0,0
1840,4,upper,0,0,0,0
1840,4,lower,0,0,0,0
1840,5,upper,0,0,0,0
1840,5,lower,0,0,0,0
1840,6,upper,0,0,0,0
1840,6,lower,0,0,0,0
1840,7,upper,0,0,0,0
1840,7,lower,0,0,0,0
1840,8,upper,0,0,0,0
1840,8,lower,0,0,0,0
1841,1,upper,1,0,0,-1
1841,1,lower,1,-1,-2,0
1841,2,upper,0,0,0,0
1841,2,lower,0,0,0,0
1841,3,upper,0,0,0,0
1841,3,lower,0,0,0,0
1841,4,upper,0,0,0,0
1841,4,lower,0,0,0,0
1841,5,upper,0,0,0,0
1841,5,lower,0,0,0,0
1841,6,upper,0,0,0,0
1841,6,lower,0,0,0,0
1841,7,upper,0,0,0,0
1841,7,lower,0,0,0,0
1841,8,upper,0,0,0,0
1841,8,lower,0,0,0,0
1842,1,upper,1,1,-1,0
1842,1,lower,3,1,-2,0
1842,2,upper,0,0,0,0
1842,2,lower,0,0,0,0
1842,3,upper,0,0,0,0
1842,3,lower,0,0,0,0
1842,4,upper,0,0,0,0
1842,4,lower,0,0,0,0
1842,5,upper,0,0,0,0
1842,5,lower,0,0,0,0
1842,6,upper,0,0,0,0
1842,6,lower,0,0,0,0
1842,7,upper,0,0,0,0
1842,7,lower,0,0,0,0
1842,8,upper,0,0,0,0
1842,8,lower,0,0,0,0
1843,1,upper,1,1,0,0
1843,1,lower,3,1,-1,0
1843,2,upper,0,0,0,0
1843,2,lower,0,0,0,0
1843,3,upper,0,0,0,0
1843,3,lower,0,0,0,0
1843,4,upper,0,0,0,0
1843,4,lower,0,0,0,0
1843,5,upper,0,0,0,0
1843,5,lower,0,0,0,0
1843,6,upper,0,0,0,0
1843,6,lower,0,0,0,0
1843,7,upper,0,0,0,0
1843,7,lower,0,0,0,0
1843,8,upper,0,0,0,0
1843,8,lower,0,0,0,0
1844,1,upper,0,1,1,0
1844,1,lower,3,1,-1,-1
1844,2,upper,0,0,0,0
1844,2,lower,0,0,0,0
1844,3,upper,0,0,0,0
1844,3,lower,0,0,0,0
1844,4,upper,0,0,0,0
1844,4,lower,0,0,0,0
1844,5,upper,0,0,0,0
1844,5,lower,0,0,0,0
1844,6,upper,0,0,0,0
1844,6,lower,0,0,0,0
1844,7,upper,0,0,0,0
1844,7,lower,0,0,0,0
1844,8,upper,0,0,0,0
1844,8,lower,0,0,0,0
1845,1,upper,2,1,-1,0
1845,1,lower,4,-1,0,1
1845,2,upper,0,0,0,0
1845,2,lower,0,0,0,0
1845,3,upper,0,0,0,0
1845,3,lower,0,0,0,0
1845,4,upper,0,0,0,0
1845,4,lower,0,0,0,0
1845,5,upper,0,0,0,0
1845,5,lower,0,0,0,0
1845,6,upper,0,0,0,0
1845,6,lower,0,0,0,0
1845,7,upper,0,0,0,0
1845,7,lower,0,0,0,0
1845,8,upper,0,0,0,0
1845,8,lower,0,0,0,0
1846,1,upper,0,1,0,-1
1846,1,lower,3,3,-2,-1
1846,2,upper,0,0,0,0
1846,2,lower,0,0,0,0
1846,3,upper,0,0,0,0
1846,3,lower,0,0,0,0
1846,4,upper,0,0,0,0
1846,4,lower,0,0,0,0
1846,5,upper,0,0,0,0
1846,5,lower,0,0,0,0
1846,6,upper,0,0,0,0
1846,6,lower,0,0,0,0
1846,7,upper,0,0,0,0
1846,7,lower,0,0,0,0
1846,8,upper,0,0,0,0
1846,8,lower,0,0,0,0
1847,1,upper,0,0,0,0
1847,1,lower,2,2,0,0
1847,2,upper,0,0,0,0
1847,2,lower,0,0,0,0
1847,3,upper,0,0,0,0
1847,3,lower,0,0,0,0
1847,4,upper,0,0,0,0
1847,4,lower,0,0,0,0
1847,5,upper,0,0,0,0
1847,5,lower,0,0,0,0
1847,6,upper,0,0,0,0
1847,6,lower,0,0,0,0
1847,7,upper,0,0,0,0
1847,7,lower,0,0,0,0
1847,8,upper,0,0,0,0
1847,8,lower,0,0,0,0
1848,1,upper,1,1,1,0
1848,1,lower,3,0,-1,-1
1848,2,upper,0,0,0,0
1848,2,lower,0,0,0,0
1848,3,upper,0,0,0,0
1848,3,lower,0,0,0,0
1848,4,upper,0,0,0,0
1848,4,lower,0,0,0,0
1848,5,upper,0,0,0,0
1848,5,lower,0,0,0,0
1848,6,upper,0,0,0,0
1848,6,lower,0,0,0,0
1848,7,upper,0,0,0,0
1848,7,lower,0,0,0,0
1848,8,upper,0,0,0,0
1848,8,lower,0,0,0,0
1849,1,upper,1,1,-1,0
1849,1,lower,3,1,-1,1
1849,2,upper,0,0,0,0
1849,2,lower,0,0,0,0
1849,3,upper,0,0,0,0
1849,3,lower,0,0,0,0
1849,4,upper,0,0,0,0
1849,4,lower,0,0,0,0
1849,5,upper,0,0,0,0
1849,5,lower,0,0,0,0
1849,6,upper,0,0,0,0
1849,6,lower,0,0,0,0
1849,7,upper,0,0,0,0
1849,7,lower,0,0,0,0
1849,8,upper,0,0,0,0
1849,8,lower,0,0,0,0
1850,1,upper,1,0,0,-1
1850,1,lower,1,1,-1,-1
1850,2,upper,0,0,0,0
1850,2,lower,0,0,0,0
1850,3,upper,0,0,0,0
1850,3,lower,0,0,0,0
1850,4,upper,0,0,0,0
1850,4,lower,0,0,0,0
1850,5,upper,0,0,0,0
1850,5,lower,0,0,0,0
1850,6,upper,0,0,0,0
1850,6,lower,0,0,0,0
1850,7,upper,0,0,0,0
1850,7,lower,0,0,0,0
1850,8,upper,0,0,0,0
1850,8,lower,0,0,0,0
1851,1,upper,1,1,-1,1
1851,1,lower,3,-1,0,1
1851,2,upper,0,0,0,0
1851,2,lower,0,0,0,0
1851,3,upper,0,0,0,0
1851,3,lower,0,0,0,0
1851,4,upper,0,0,0,0
1851,4,lower,0,0,0,0
1851,5,upper,0,0,0,0
1851,5,lower,0,0,0,0
1851,6,upper,0,0,0,0
1851,6,lower,0,0,0,0
1851,7,upper,0,0,0,0
1851,7,lower,0,0,0,0
1851,8,upper,0,0,0,0
1851,8,lower,0,0,0,0
1852,1,upper,1,1,1,1
1852,1,lower,1,2,1,-2
1852,2,upper,0,0,0,0
1852,2,lower,0,0,0,0
1852,3,upper,0,0,0,0
1852,3,lower,0,0,0,0
1852,4,upper,0,0,0,0
1852,4,lower,0,0,0,0
1852,5,upper,0,0,0,0
1852,5,lower,0,0,0,0
1852,6,upper,0,0,0,0
1852,6,lower,0,0,0,0
1852,7,upper,0,0,0,0
1852,7,lower,0,0,0,0
1852,8,upper,0,0,0,0
1852,8,lower,0,0,0,0
1853,1,upper,1,1,0,1
1853,1,lower,2,1,0,-1
1853,2,upper,0,0,0,0
1853,2,lower,0,0,0,0
1853,3,upper,0,0,0,0
1853,3,lower,0,0,0,0
1853,4,upper,0,0,0,0
1853,4,lower,0,0,0,0
1853,5,upper,0,0,0,0
1853,5,lower,0,0,0,0
1853,6,upper,0,0,0,0
1853,6,lower,0,0,0,0
1853,7,upper,0,0,0,0
1853,7,lower,0,0,0,0
1853,8,upper,0,0,0,0
1853,8,lower,0,0,0,0
1854,1,upper,0,1,0,-1
1854,1,lower,2,2,-1,0
1854,2,upper,0,0,0,0
1854,2,lower,0,0,0,0
1854,3,upper,0,0,0,0
1854,3,lower,0,0,0,0
1854,4,upper,0,0,0,0
1854,4,lower,0,0,0,0
1854,5,upper,0,0,0,0
1854,5,lower,0,0,0,0
1854,6,upper,0,0,0,0
1854,6,lower,0,0,0,0
1854,7,upper,0,0,0,0
1854,7,lower,0,0,0,0
1854,8,upper,0,0,0,0
1854,8,lower,0,0,0,0
1855,1,upper,1,0,-1,0
1855,1,lower,2,0,0,1
1855,2,upper,0,0,0,0
1855,2,lower,0,0,0,0
1855,3,upper,0,0,0,0
1855,3,lower,0,0,0,0
1855,4,upper,0,0,0,0
1855,4,lower,0,0,0,0
1855,5,upper,0,0,0,0
1855,5,lower,0,0,0,0
1855,6,upper,0,0,0,0
1855,6,lower,0,0,0,0
1855,7,upper,0,0,0,0
1855,7,lower,0,0,0,0
1855,8,upper,0,0,0,0
1855,8,lower,0,0,0,0
1856,1,upper,1,0,-1,1
1856,1,lower,0,-1,1,1
1856,2,upper,0,0,0,0
1856,2,lower,0,0,0,0
1856,3,upper,0,0,0,0
1856,3,lower,0,0,0,0
1856,4,upper,0,0,0,0
1856,4,lower,0,0,0,0
1856,5,upper,0,0,0,0
1856,5,lower,0,0,0,0
1856,6,upper,0,0,0,0
1856,6,lower,0,0,0,0
1856,7,upper,0,0,0,0
1856,7,lower,0,0,0,0
1856,8,upper,0,0,0,0
1856,8,lower,0,0,0,0
1857,1,upper,1,0,0,-1
1857,1,lower,1,0,-1,-1
1857,2,upper,0,0,0,0
1857,2,lower,0,0,0,0
1857,3,upper,0,0,0,0
1857,3,lower,0,0,0,0
1857,4,upper,0,0,0,0
1857,4,lower,0,0,0,0
1857,5,upper,0,0,0,0
1857,5,lower,0,0,0,0
1857,6,upper,0,0,0,0
1857,6,lower,0,0,0,0
1857,7,upper,0,0,0,0
1857,7,lower,0,0,0,0
1857,8,upper,0,0,0,0
1857,8,lower,0,0,0,0
1858,1,upper,0,2,0,-1
1858,1,lower,2,1,-1,0
1858,2,upper,0,0,0,0
1858,2,lower,0,0,0,0
1858,3,upper,0,0,0,0
1858,3,lower,0,0,0,0
1858,4,upper,0,0,0,0
1858,4,lower,0,0,0,0
1858,5,upper,0,0,0,0
1858,5,lower,0,0,0,0
1858,6,upper,0,0,0,0
1858,6,lower,0,0,0,0
1858,7,upper,0,0,0,0
1858,7,lower,0,0,0,0
1858,8,upper,0,0,0,0
1858,8,lower,0,0,0,0
1859,1,upper,1,2,0,0
1859,1,lower,3,1,0,-1
1859,2,upper,0,0,0,0
1859,2,lower,0,0,0,0
1859,3,upper,0,0,0,0
1859,3,lower,0,0,0,0
1859,4,upper,0,0,0,0
1859,4,lower,0,0,0,0
1859,5,upper,0,0,0,0
1859,5,lower,0,0,0,0
1859,6,upper,0,0,0,0
1859,6,lower,0,0,0,0
1859,7,upper,0,0,0,0
1859,7,lower,0,0,0,0
1859,8,upper,0,0,0,0
1859,8,lower,0,0,0,0
1860,1,upper,1,1,0,-1
1860,1,lower,3,1,-2,0
1860,2,upper,0,0,0,0
1860,2,lower,0,0,0,0
1860,3,upper,0,0,0,0
1860,3,lower,0,0,0,0
1860,4,upper,0,0,0,0
1860,4,lower,0,0,0,0
1860,5,upper,0,0,0,0
1860,5,lower,0,0,0,0
1860,6,upper,0,0,0,0
1860,6,lower,0,0,0,0
1860,7,upper,0,0,0,0
1860,7,lower,0,0,0,0
1860,8,upper,0,0,0,0
1860,8,lower,0,0,0,0
1861,1,upper,1,0,-1,0
1861,1,lower,1,0,0,0
1861,2,upper,0,0,0,0
1861,2,lower,0,0,0,0
1861,3,upper,0,0,0,0
1861,3,lower,0,0,0,0
1861,4,upper,0,0,0,0
1861,4,lower,0,0,0,0
1861,5,upper,0,0,0,0
1861,5,lower,0,0,0,0
1861,6,upper,0,0,0,0
1861,6,lower,0,0,0,0
1861,7,upper,0,0,0,0
1861,7,lower,0,0,0,0
1861,8,upper,0,0,0,0
1861,8,lower,0,0,0,0
1862,1,upper,0,0,-1,0
1862,1,lower,2,1,-1,1
1862,2,upper,0,0,0,0
1862,2,lower,0,0,0,0
1862,3,upper,0,0,0,0
1862,3,lower,0,0,0,0
1862,4,upper,0,0,0,0
1862,4,lower,0,0,0,0
1862,5,upper,0,0,0,0
1862,5,lower,0,0,0,0
1862,6,upper,0,0,0,0
1862,6,lower,0,0,0,0
1862,7,upper,0,0,0,0
1862,7,lower,0,0,0,0
1862,8,upper,0,0,0,0
1862,8,lower,0,0,0,0
1863,1,upper,0,0,-1,-1
1863,1,lower,2,2,-1,1
1863,2,upper,0,0,0,0
1863,2,lower,0,0,0,0
1863,3,upper,0,0,0,0
1863,3,lower,0,0,0,0
1863,4,upper,0,0,0,0
1863,4,lower,0,0,0,0
1863,5,upper,0,0,0,0
1863,5,lower,0,0,0,0
1863,6,upper,0,0,0,0
1863,6,lower,0,0,0,0
1863,7,upper,0,0,0,0
1863,7,lower,0,0,0,0
1863,8,upper,0,0,0,0
1863,8,lower,0,0,0,0
1864,1,upper,1,1,-1,-1
1864,1,lower,2,1,0,0
1864,2,upper,0,0,0,0
1864,2,lower,0,0,0,0
1864,3,upper,0,0,0,0
1864,3,lower,0,0,0,0
1864,4,upper,0,0,0,0
1864,4,lower,0,0,0,0
1864,5,upper,0,0,0,0
1864,5,lower,0,0,0,0
1864,6,upper,0,0,0,0
1864,6,lower,0,0,0,0
1864,7,upper,0,0,0,0
1864,7,lower,0,0,0,0
1864,8,upper,0,0,0,0
1864,8,lower,0,0,0,0
1865,1,upper,1,0,0,0
1865,1,lower,0,0,0,0
1865,2,upper,0,0,0,0
1865,2,lower,0,0,0,0
1865,3,upper,0,0,0,0
1865,3,lower,0,0,0,0
1865,4,upper,0,0,0,0
1865,4,lower,0,0,0,0
1865,5,upper,0,0,0,0
1865,5,lower,0,0,0,0
1865,6,upper,0,0,0,0
1865,6,lower,0,0,0,0
1865,7,upper,0,0,0,0
1865,7,lower,0,0,0,0
1865,8,upper,0,0,0,0
1865,8,lower,0,0,0,0
1866,1,upper,1,0,0,-1
1866,1,lower,0,2,-1,0
1866,2,upper,0,0,0,0
1866,2,lower,0,0,0,0
1866,3,upper,0,0,0,0
1866,3,lower,0,0,0,0
1866,4,upper,0,0,0,0
1866,4,lower,0,0,0,0
1866,5,upper,0,0,0,0
1866,5,lower,0,0,0,0
1866,6,upper,0,0,0,0
1866,6,lower,0,0,0,0
1866,7,upper,0,0,0,0
1866,7,lower,0,0,0,0
1866,8,upper,0,0,0,0
1866,8,lower,0,0,0,0
1867,1,upper,1,0,0,0
1867,1,lower,2,2,0,0
1867,2,upper,0,0,0,0
1867,2,lower,0,0,0,0
1867,3,upper,0,0,0,0
1867,3,lower,0,0,0,0
1867,4,upper,0,0,0,0
1867,4,lower,0,0,0,0
1867,5,upper,0,0,0,0
1867,5,lower,0,0,0,0
1867,6,upper,0,0,0,0
1867,6,lower,0,0,0,0
1867,7,upper,0,0,0,0
1867,7,lower,0,0,0,0
1867,8,upper,0,0,0,0
1867,8,lower,0,0,0,0
1868,1,upper,1,0,0,0
1868,1,lower,1,0,-1,-1
1868,2,upper,0,0,0,0
1868,2,lower,0,0,0,0
1868,3,upper,0,0,0,0
1868,3,lower,0,0,0,0
1868,4,upper,0,0,0,0
1868,4,lower,0,0,0,0
1868,5,upper,0,0,0,0
1868,5,lower,0,0,0,0
1868,6,upper,0,0,0,0
1868,6,lower,0,0,0,0
1868,7,upper,0,0,0,0
1868,7,lower,0,0,0,0
1868,8,upper,0,0,0,0
1868,8,lower,0,0,0,0
1869,1,upper,1,1,-1,0
1869,1,lower,2,0,1,1
1869,2,upper,0,0,0,0
1869,2,lower,0,0,0,0
1869,3,upper,0,0,0,0
1869,3,lower,0,0,0,0
1869,4,upper,0,0,0,0
1869,4,lower,0,0,0,0
1869,5,upper,0,0,0,0
1869,5,lower,0,0,0,0
1869,6,upper,0,0,0,0
1869,6,lower,0,0,0,0
1869,7,upper,0,0,0,0
1869,7,lower,0,0,0,0
1869,8,upper,0,0,0,0
1869,8,lower,0,0,0,0
1870,1,upper,1,1,-1,-1
1870,1,lower,2,0,-1,0
1870,2,upper,0,0,0,0
1870,2,lower,0,0,0,0
1870,3,upper,0,0,0,0
1870,3,lower,0,0,0,0
1870,4,upper,0,0,0,0
1870,4,lower,0,0,0,0
1870,5,upper,0,0,0,0
1870,5,lower,0,0,0,0
1870,6,upper,0,0,0,0
1870,6,lower,0,0,0,0
1870,7,upper,0,0,0,0
1870,7,lower,0,0,0,0
1870,8,upper,0,0,0,0
1870,8,lower,0,0,0,0
1871,1,upper,1,2,0,-1
1871,1,lower,2,-1,-1,0
1871,2,upper,0,0,0,0
1871,2,lower,0,0,0,0
1871,3,upper,0,0,0,0
1871,3,lower,0,0,0,0
1871,4,upper,0,0,0,0
1871,4,lower,0,0,0,0
1871,5,upper,0,0,0,0
1871,5,lower,0,0,0,0
1871,6,upper,0,0,0,0
1871,6,lower,0,0,0,0
1871,7,upper,0,0,0,0
1871,7,lower,0,0,0,0
1871,8,upper,0,0,0,0
1871,8,lower,0,0,0,0
1872,1,upper,1,1,0,0
1872,1,lower,3,0,0,0
1872,2,upper,0,0,0,0
1872,2,lower,0,0,0,0
1872,3,upper,0,0,0,0
1872,3,lower,0,0,0,0
1872,4,upper,0,0,0,0
1872,4,lower,0,0,0,0
1872,5,upper,0,0,0,0
1872,5,lower,0,0,0,0
1872,6,upper,0,0,0,0
1872,6,lower,0,0,0,0
1872,7,upper,0,0,0,0
1872,7,lower,0,0,0,0
1872,8,upper,0,0,0,0
1872,8,lower,0,0,0,0
1873,1,upper,2,0,0,-1
1873,1,lower,1,0,-2,-1
1873,2,upper,0,0,0,0
1873,2,lower,0,0,0,0
1873,3,upper,0,0,0,0
1873,3,lower,0,0,0,0
1873,4,upper,0,0,0,0
1873,4,lower,0,0,0,0
1873,5,upper,0,0,0,0
1873,5,lower,0,0,0,0
1873,6,upper,0,0,0,0
1873,6,lower,0,0,0,0
1873,7,upper,0,0,0,0
1873,7,lower,0,0,0,0
1873,8,upper,0,0,0,0
1873,8,lower,0,0,0,0
1874,1,upper,0,2,0,0
1874,1,lower,3,0,1,-1
1874,2,upper,0,0,0,0
1874,2,lower,0,0,0,0
1874,3,upper,0,0,0,0
1874,3,lower,0,0,0,0
1874,4,upper,0,0,0,0
1874,4,lower,0,0,0,0
1874,5,upper,0,0,0,0
1874,5,lower,0,0,0,0
1874,6,upper,0,0,0,0
1874,6,lower,0,0,0,0
1874,7,upper,0,0,0,0
1874,7,lower,0,0,0,0
1874,8,upper,0,0,0,0
1874,8,lower,0,0,0,0
1875,1,upper,1,1,0,-1
1875,1,lower,2,0,-1,-1
1875,2,upper,0,0,0,0
1875,2,lower,0,0,0,0
1875,3,upper,0,0,0,0
1875,3,lower,0,0,0,0
1875,4,upper,0,0,0,0
1875,4,lower,0,0,0,0
1875,5,upper,0,0,0,0
1875,5,lower,0,0,0,0
1875,6,upper,0,0,0,0
1875,6,lower,0,0,0,0
1875,7,upper,0,0,0,0
1875,7,lower,0,0,0,0
1875,8,upper,0,0,0,0
1875,8,lower,0,0,0,0
1876,1,upper,0,0,0,0
1876,1,lower,1,2,-1,-1
1876,2,upper,0,0,0,0
1876,2,lower,0,0,0,0
1876,3,upper,0,0,0,0
1876,3,lower,0,0,0,0
1876,4,upper,0,0,0,0
1876,4,lower,0,0,0,0
1876,5,upper,0,0,0,0
1876,5,lower,0,0,0,0
1876,6,upper,0,0,0,0
1876,6,lower,0,0,0,0
1876,7,upper,0,0,0,0
1876,7,lower,0,0,0,0
1876,8,upper,0,0,0,0
1876,8,lower,0,0,0,0
1877,1,upper,1,1,-1,-1
1877,1,lower,1,0,-1,2
1877,2,upper,0,0,0,0
1877,2,lower,0,0,0,0
1877,3,upper,0,0,0,0
1877,3,lower,0,0,0,0
1877,4,upper,0,0,0,0
1877,4,lower,0,0,0,0
1877,5,upper,0,0,0,0
1877,5,lower,0,0,0,0
1877,6,upper,0,0,0,0
1877,6,lower,0,0,0,0
1877,7,upper,0,0,0,0
1877,7,lower,0,0,0,0
1877,8,upper,0,0,0,0
1877,8,lower,0,0,0,0
1878,1,upper,1,1,0,-1
1878,1,lower,1,0,-2,1
1878,2,upper,0,0,0,0
1878,2,lower,0,0,0,0
1878,3,upper,0,0,0,0
1878,3,lower,0,0,0,0
1878,4,upper,0,0,0,0
1878,4,lower,0,0,0,0
1878,5,upper,0,0,0,0
1878,5,lower,0,0,0,0
1878,6,upper,0,0,0,0
1878,6,lower,0,0,0,0
1878,7,upper,0,0,0,0
1878,7,lower,0,0,0,0
1878,8,upper,0,0,0,0
1878,8,lower,0,0,0,0
1879,1,upper,1,1,1,1
1879,1,lower,2,0,0,-2
1879,2,upper,0,0,0,0
1879,2,lower,0,0,0,0
1879,3,upper,0,0,0,0
1879,3,lower,0,0,0,0
1879,4,upper,0,0,0,0
1879,4,lower,0,0,0,0
1879,5,upper,0,0,0,0
1879,5,lower,0,0,0,0
1879,6,upper,0,0,0,0
1879,6,lower,0,0,0,0
1879,7,upper,0,0,0,0
1879,7,lower,0,0,0,0
1879,8,upper,0,0,0,0
1879,8,lower,0,0,0,0
1880,1,upper,1,1,0,-1
1880,1,lower,1,0,-1,0
1880,2,upper,0,0,0,0
1880,2,lower,0,0,0,0
1880,3,upper,0,0,0,0
1880,3,lower,0,0,0,0
1880,4,upper,0,0,0,0
1880,4,lower,0,0,0,0
1880,5,upper,0,0,0,0
1880,5,lower,0,0,0,0
1880,6,upper,0,0,0,0
1880,6,lower,0,0,0,0
1880,7,upper,0,0,0,0
1880,7,lower,0,0,0,0
1880,8,upper,0,0,0,0
1880,8,lower,0,0,0,0
1881,1,upper,1,0,-1,0
1881,1,lower,2,1,0,0
1881,2,upper,0,0,0,0
1881,2,lower,0,0,0,0
1881,3,upper,0,0,0,0
1881,3,lower,0,0,0,0
1881,4,upper,0,0,0,0
1881,4,lower,0,0,0,0
1881,5,upper,0,0,0,0
1881,5,lower,0,0,0,0
1881,6,upper,0,0,0,0
1881,6,lower,0,0,0,0
1881,7,upper,0,0,0,0
1881,7,lower,0,0,0,0
1881,8,upper,0,0,0,0
1881,8,lower,0,0,0,0
1882,1,upper,0,1,0,0
1882,1,lower,1,1,0,-1
1882,2,upper,0,0,0,0
1882,2,lower,0,0,0,0
1882,3,upper,0,0,0,0
1882,3,lower,0,0,0,0
1882,4,upper,0,0,0,0
1882,4,lower,0,0,0,0
1882,5,upper,0,0,0,0
1882,5,lower,0,0,0,0
1882,6,upper,0,0,0,0
1882,6,lower,0,0,0,0
1882,7,upper,0,0,0,0
1882,7,lower,0,0,0,0
1882,8,upper,0,0,0,0
1882,8,lower,0,0,0,0
1883,1,upper,0,1,-1,1
1883,1,lower,3,1,1,0
1883,2,upper,0,0,0,0
1883,2,lower,0,0,0,0
1883,3,upper,0,0,0,0
1883,3,lower,0,0,0,0
1883,4,upper,0,0,0,0
1883,4,lower,0,0,0,0
1883,5,upper,0,0,0,0
1883,5,lower,0,0,0,0
1883,6,upper,0,0,0,0
1883,6,lower,0,0,0,0
1883,7,upper,0,0,0,0
1883,7,lower,0,0,0,0
1883,8,upper,0,0,0,0
1883,8,lower,0,0,0,0
1884,1,upper,1,0,0,0
1884,1,lower,0,1,0,-1
1884,2,upper,0,0,0,0
1884,2,lower,0,0,0,0
1884,3,upper,0,0,0,0
1884,3,lower,0,0,0,0
1884,4,upper,0,0,0,0
1884,4,lower,0,0,0,0
1884,5,upper,0,0,0,0
1884,5,lower,0,0,0,0
1884,6,upper,0,0,0,0
1884,6,lower,0,0,0,0
1884,7,upper,0,0,0,0
1884,7,lower,0,0,0,0
1884,8,upper,0,0,0,0
1884,8,lower,0,0,0,0
1885,1,upper,1,1,-1,0
1885,1,lower,2,1,0,0
1885,2,upper,0,0,0,0
1885,2,lower,0,0,0,0
1885,3,upper,0,0,0,0
1885,3,lower,0,0,0,0
1885,4,upper,0,0,0,0
1885,4,lower,0,0,0,0
1885,5,upper,0,0,0,0
1885,5,lower,0,0,0,0
1885,6,upper,0,0,0,0
1885,6,lower,0,0,0,0
1885,7,upper,0,0,0,0
1885,7,lower,0,0,0,0
1885,8,upper,0,0,0,0
1885,8,lower,0,0,0,0
1886,1,upper,1,1,-1,-1
1886,1,lower,2,0,0,2
1886,2,upper,0,0,0,0
1886,2,lower,0,0,0,0
1886,3,upper,0,0,0,0
1886,3,lower,0,0,0,0
1886,4,upper,0,0,0,0
1886,4,lower,0,0,0,0
1886,5,upper,0,0,0,0
1886,5,lower,0,0,0,0
1886,6,upper,0,0,0,0
1886,6,lower,0,0,0,0
1886,7,upper,0,0,0,0
1886,7,lower,0,0,0,0
1886,8,upper,0,0,0,0
1886,8,lower,0,0,0,0
1887,1,upper,1,1,0,-1
1887,1,lower,1,1,0,-1
1887,2,upper,0,0,0,0
1887,2,lower,0,0,0,0
1887,3,upper,0,0,0,0
1887,3,lower,0,0,0,0
1887,4,upper,0,0,0,0
1887,4,lower,0,0,0,0
1887,5,upper,0,0,0,0
1887,5,lower,0,0,0,0
1887,6,upper,0,0,0,0
1887,6,lower,0,0,0,0
1887,7,upper,0,0,0,0
1887,7,lower,0,0,0,0
1887,8,upper,0,0,0,0
1887,8,lower,0,0,0,0
1888,1,upper,2,1,0,0
1888,1,lower,1,-1,-1,-1
1888,2,upper,0,0,0,0
1888,2,lower,0,0,0,0
1888,3,upper,0,0,0,0
1888,3,lower,0,0,0,0
1888,4,upper,0,0,0,0
1888,4,lower,0,0,0,0
1888,5,upper,0,0,0,0
1888,5,lower,0,0,0,0
1888,6,upper,0,0,0,0
1888,6,lower,0,0,0,0
1888,7,upper,0,0,0,0
1888,7,lower,0,0,0,0
1888,8,upper,0,0,0,0
1888,8,lower,0,0,0,0
1889,1,upper,0,0,0,-1
1889,1,lower,2,1,-1,0
1889,2,upper,0,0,0,0
1889,2,lower,0,0,0,0
1889,3,upper,0,0,0,0
1889,3,lower,0,0,0,0
1889,4,upper,0,0,0,0
1889,4,lower,0,0,0,0
1889,5,upper,0,0,0,0
1889,5,lower,0,0,0,0
1889,6,upper,0,0,0,0
1889,6,lower,0,0,0,0
1889,7,upper,0,0,0,0
1889,7,lower,0,0,0,0
1889,8,upper,0,0,0,0
1889,8,lower,0,0,0,0
1890,1,upper,1,1,0,0
1890,1,lower,2,0,-1,-2
1890,2,upper,0,0,0,0
1890,2,lower,0,0,0,0
1890,3,upper,0,0,0,0
1890,3,lower,0,0,0,0
1890,4,upper,0,0,0,0
1890,4,lower,0,0,0,0
1890,5,upper,0,0,0,0
1890,5,lower,0,0,0,0
1890,6,upper,0,0,0,0
1890,6,lower,0,0,0,0
1890,7,upper,0,0,0,0
1890,7,lower,0,0,0,0
1890,8,upper,0,0,0,0
1890,8,lower,0,0,0,0
1891,1,upper,1,2,0,-1
1891,1,lower,2,-1,-2,1
1891,2,upper,0,0,0,0
1891,2,lower,0,0,0,0
1891,3,upper,0,0,0,0
1891,3,lower,0,0,0,0
1891,4,upper,0,0,0,0
1891,4,lower,0,0,0,0
1891,5,upper,0,0,0,0
1891,5,lower,0,0,0,0
1891,6,upper,0,0,0,0
1891,6,lower,0,0,0,0
1891,7,upper,0,0,0,0
1891,7,lower,0,0,0,0
1891,8,upper,0,0,0,0
1891,8,lower,0,0,0,0
1892,1,upper,0,0,1,0
1892,1,lower,1,1,-1,-2
1892,2,upper,0,0,0,0
1892,2,lower,0,0,0,0
1892,3,upper,0,0,0,0
1892,3,lower,0,0,0,0
1892,4,upper,0,0,0,0
1892,4,lower,0,0,0,0
1892,5,upper,0,0,0,0
1892,5,lower,0,0,0,0
1892,6,upper,0,0,0,0
1892,6,lower,0,0,0,0
1892,7,upper,0,0,0,0
1892,7,lower,0,0,0,0
1892,8,upper,0,0,0,0
1892,8,lower,0,0,0,0
1893,1,upper,2,0,0,0
1893,1,lower,1,2,0,0
1893,2,upper,0,0,0,0
1893,2,lower,0,0,0,0
1893,3,upper,0,0,0,0
1893,3,lower,0,0,0,0
1893,4,upper,0,0,0,0
1893,4,lower,0,0,0,0
1893,5,upper,0,0,0,0
1893,5,lower,0,0,0,0
1893,6,upper,0,0,0,0
1893,6,lower,0,0,0,0
1893,7,upper,0,0,0,0
1893,7,lower,0,0,0,0
1893,8,upper,0,0,0,0
1893,8,lower,0,0,0,0
1894,1,upper,1,1,0,0
1894,1,lower,0,0,-1,0
1894,2,upper,0,0,0,0
1894,2,lower,0,0,0,0
1894,3,upper,0,0,0,0
1894,3,lower,0,0,0,0
1894,4,upper,0,0,0,0
1894,4,lower,0,0,0,0
1894,5,upper,0,0,0,0
1894,5,lower,0,0,0,0
1894,6,upper,0,0,0,0
1894,6,lower,0,0,0,0
1894,7,upper,0,0,0,0
1894,7,lower,0,0,0,0
1894,8,upper,0,0,0,0
1894,8,lower,0,0,0,0
1895,1,upper,1,0,-1,1
1895,1,lower,0,0,0,-1
1895,2,upper,0,0,0,0
1895,2,lower,0,0,0,0
1895,3,upper,0,0,0,0
1895,3,lower,0,0,0,0
1895,4,upper,0,0,0,0
1895,4,lower,0,0,0,0
1895,5,upper,0,0,0,0
1895,5,lower,0,0,0,0
1895,6,upper,0,0,0,0
1895,6,lower,0,0,0,0
1895,7,upper,0,0,0,0
1895,7,lower,0,0,0,0
1895,8,upper,0,0,0,0
1895,8,lower,0,0,0,0
1896,1,upper,0,1,0,0
1896,1,lower,3,1,0,-1
1896,2,upper,0,0,0,0
1896,2,lower,0,0,0,0
1896,3,upper,0,0,0,0
1896,3,lower,0,0,0,0
1896,4,upper,0,0,0,0
1896,4,lower,0,0,0,0
1896,5,upper,0,0,0,0
1896,5,lower,0,0,0,0
1896,6,upper,0,0,0,0
1896,6,lower,0,0,0,0
1896,7,upper,0,0,0,0
1896,7,lower,0,0,0,0
1896,8,upper,0,0,0,0
1896,8,lower,0,0,0,0
1897,1,upper,1,1,0,-1
1897,1,lower,0,0,-1,0
1897,2,upper,0,0,0,0
1897,2,lower,0,0,0,0
1897,3,upper,0,0,0,0
1897,3,lower,0,0,0,0
1897,4,upper,0,0,0,0
1897,4,lower,0,0,0,0
1897,5,upper,0,0,0,0
1897,5,lower,0,0,0,0
1897,6,upper,0,0,0,0
1897,6,lower,0,0,0,0
1897,7,upper,0,0,0,0
1897,7,lower,0,0,0,0
1897,8,upper,0,0,0,0
1897,8,lower,0,0,0,0
1898,1,upper,1,1,0,-1
1898,1,lower,1,0,-2,0
1898,2,upper,0,0,0,0
1898,2,lower,0,0,0,0
1898,3,upper,0,0,0,0
1898,3,lower,0,0,0,0
1898,4,upper,0,0,0,0
1898,4,lower,0,0,0,0
1898,5,upper,0,0,0,0
1898,5,lower,0,0,0,0
1898,6,upper,0,0,0,0
1898,6,lower,0,0,0,0
1898,7,upper,0,0,0,0
1898,7,lower,0,0,0,0
1898,8,upper,0,0,0,0
1898,8,lower,0,0,0,0
1899,1,upper,0,1,-1,0
1899,1,lower,3,1,0,0
1899,2,upper,0,0,0,0
1899,2,lower,0,0,0,0
1899,3,upper,0,0,0,0
1899,3,lower,0,0,0,0
1899,4,upper,0,0,0,0
1899,4,lower,0,0,0,0
1899,5,upper,0,0,0,0
1899,5,lower,0,0,0,0
1899,6,upper,0,0,0,0
1899,6,lower,0,0,0,0
1899,7,upper,0,0,0,0
1899,7,lower,0,0,0,0
1899,8,upper,0,0,0,0
1899,8,lower,0,0,0,0
1900,1,upper,1,1,0,-1
1900,1,lower,1,0,-2,1
1900,2,upper,0,0,0,0
1900,2,lower,0,0,0,0
1900,3,upper,0,0,0,0
1900,3,lower,0,0,0,0
1900,4,upper,0,0,0,0
1900,4,lower,0,0,0,0
1900,5,upper,0,0,0,0
1900,5,lower,0,0,0,0
1900,6,upper,0,0,0,0
1900,6,lower,0,0,0,0
1900,7,upper,0,0,0,0
1900,7,lower,0,0,0,0
1900,8,upper,0,0,0,0
1900,8,lower,0,0,0,0
1901,1,upper,1,1,1,1
1901,1,lower,1,0,-2,-1
1901,2,upper,0,0,0,0
1901,2,lower,0,0,0,0
1901,3,upper,0,0,0,0
1901,3,lower,0,0,0,0
1901,4,upper,0,0,0,0
1901,4,lower,0,0,0,0
1901,5,upper,0,0,0,0
1901,5,lower,0,0,0,0
1901,6,upper,0,0,0,0
1901,6,lower,0,0,0,0
1901,7,upper,0,0,0,0
1901,7,lower,0,0,0,0
1901,8,upper,0,0,0,0
1901,8,lower,0,0,0,0
1902,1,upper,1,1,-1,0
1902,1,lower,1,0,0,1
1902,2,upper,0,0,0,0
1902,2,lower,0,0,0,0
1902,3,upper,0,0,0,0
1902,3,lower,0,0,0,0
1902,4,upper,0,0,0,0
1902,4,lower,0,0,0,0
1902,5,upper,0,0,0,0
1902,5,lower,0,0,0,0
1902,6,upper,0,0,0,0
1902,6,lower,0,0,0,0
1902,7,upper,0,0,0,0
1902,7,lower,0,0,0,0
1902,8,upper,0,0,0,0
1902,8,lower,0,0,0,0
1903,1,upper,1,1,-1,0
1903,1,lower,1,0,1,0
1903,2,upper,0,0,0,0
1903,2,lower,0,0,0,0
1903,3,upper,0,0,0,0
1903,3,lower,0,0,0,0
1903,4,upper,0,0,0,0
1903,4,lower,0,0,0,0
1903,5,upper,0,0,0,0
1903,5,lower,0,0,0,0
1903,6,upper,0,0,0,0
1903,6,lower,0,0,0,0
1903,7,upper,0,0,0,0
1903,7,lower,0,0,0,0
1903,8,upper,0,0,0,0
1903,8,lower,0,0,0,0
1904,1,upper,1,1,0,0
1904,1,lower,1,0,-1,0
1904,2,upper,0,0,0,0
1904,2,lower,0,0,0,0
1904,3,upper,0,0,0,0
1904,3,lower,0,0,0,0
1904,4,upper,0,0,0,0
1904,4,lower,0,0,0,0
1904,5,upper,0,0,0,0
1904,5,lower,0,0,0,0
1904,6,upper,0,0,0,0
1904,6,lower,0,0,0,0
1904,7,upper,0,0,0,0
1904,7,lower,0,0,0,0
1904,8,upper,0,0,0,0
1904,8,lower,0,0,0,0
1905,1,upper,0,1,0,0
1905,1,lower,2,0,0,1
1905,2,upper,0,0,0,0
1905,2,lower,0,0,0,0
1905,3,upper,0,0,0,0
1905,3,lower,0,0,0,0
1905,4,upper,0,0,0,0
1905,4,lower,0,0,0,0
1905,5,upper,0,0,0,0
1905,5,lower,0,0,0,0
1905,6,upper,0,0,0,0
1905,6,lower,0,0,0,0
1905,7,upper,0,0,0,0
1905,7,lower,0,0,0,0
1905,8,upper,0,0,0,0
1905,8,lower,0,0,0,0
1906,1,upper,1,1,0,0
1906,1,lower,1,1,0,-1
1906,2,upper,0,0,0,0
1906,2,lower,0,0,0,0
1906,3,upper,0,0,0,0
1906,3,lower,0,0,0,0
1906,4,upper,0,0,0,0
1906,4,lower,0,0,0,0
1906,5,upper,0,0,0,0
1906,5,lower,0,0,0,0
1906,6,upper,0,0,0,0
1906,6,lower,0,0,0,0
1906,7,upper,0,0,0,0
1906,7,lower,0,0,0,0
1906,8,upper,0,0,0,0
1906,8,lower,0,0,0,0
1907,1,upper,1,1,0,0
1907,1,lower,0,1,-1,0
1907,2,upper,0,0,0,0
1907,2,lower,0,0,0,0
1907,3,upper,0,0,0,0
1907,3,lower,0,0,0,0
1907,4,upper,0,0,0,0
1907,4,lower,0,0,0,0
1907,5,upper,0,0,0,0
1907,5,lower,0,0,0,0
1907,6,upper,0,0,0,0
1907,6,lower,0,0,0,0
1907,7,upper,0,0,0,0
1907,7,lower,0,0,0,0
1907,8,upper,0,0,0,0
1907,8,lower,0,0,0,0
1908,1,upper,1,1,-1,0
1908,1,lower,2,-1,0,0
1908,2,upper,0,0,0,0
1908,2,lower,0,0,0,0
1908,3,upper,0,0,0,0
1908,3,lower,0,0,0,0
1908,4,upper,0,0,0,0
1908,4,lower,0,0,0,0
1908,5,upper,0,0,0,0
1908,5,lower,0,0,0,0
1908,6,upper,0,0,0,0
1908,6,lower,0,0,0,0
1908,7,upper,0,0,0,0
1908,7,lower,0,0,0,0
1908,8,upper,0,0,0,0
1908,8,lower,0,0,0,0
1909,1,upper,1,1,0,0
1909,1,lower,2,1,-1,-1
1909,2,upper,0,0,0,0
1909,2,lower,0,0,0,0
1909,3,upper,0,0,0,0
1909,3,lower,0,0,0,0
1909,4,upper,0,0,0,0
1909,4,lower,0,0,0,0
1909,5,upper,0,0,0,0
1909,5,lower,0,0,0,0
1909,6,upper,0,0,0,0
1909,6,lower,0,0,0,0
1909,7,upper,0,0,0,0
1909,7,lower,0,0,0,0
1909,8,upper,0,0,0,0
1909,8,lower,0,0,0,0
1910,1,upper,0,1,0,1
1910,1,lower,1,1,0,-1
1910,2,upper,0,0,0,0
1910,2,lower,0,0,0,0
1910,3,upper,0,0,0,0
1910,3,lower,0,0,0,0
1910,4,upper,0,0,0,0
1910,4,lower,0,0,0,0
1910,5,upper,0,0,0,0
1910,5,lower,0,0,0,0
1910,6,upper,0,0,0,0
1910,6,lower,0,0,0,0
1910,7,upper,0,0,0,0
1910,7,lower,0,0,0,0
1910,8,upper,0,0,0,0
1910,8,lower,0,0,0,0
1911,1,upper,1,1,1,1
1911,1,lower,1,0,-1,-1
1911,2,upper,0,0,0,0
1911,2,lower,0,0,0,0
1911,3,upper,0,0,0,0
1911,3,lower,0,0,0,0
1911,4,upper,0,0,0,0
1911,4,lower,0,0,0,0
1911,5,upper,0,0,0,0
1911,5,lower,0,0,0,0
1911,6,upper,0,0,0,0
1911,6,lower,0,0,0,0
1911,7,upper,0,0,0,0
1911,7,lower,0,0,0,0
1911,8,upper,0,0,0,0
1911,8,lower,0,0,0,0
1912,1,upper,1,0,0,0
1912,1,lower,2,0,-1,-1
1912,2,upper,0,0,0,0
1912,2,lower,0,0,0,0
1912,3,upper,0,0,0,0
1912,3,lower,0,0,0,0
1912,4,upper,0,0,0,0
1912,4,lower,0,0,0,0
1912,5,upper,0,0,0,0
1912,5,lower,0,0,0,0
1912,6,upper,0,0,0,0
1912,6,lower,0,0,0,0
1912,7,upper,0,0,0,0
1912,7,lower,0,0,0,0
1912,8,upper,0,0,0,0
1912,8,lower,0,0,0,0
1913,1,upper,1,0,-1,-1
1913,1,lower,1,2,1,1
1913,2,upper,0,0,0,0
1913,2,lower,0,0,0,0
1913,3,upper,0,0,0,0
1913,3,lower,0,0,0,0
1913,4,upper,0,0,0,0
1913,4,lower,0,0,0,0
1913,5,upper,0,0,0,0
1913,5,lower,0,0,0,0
1913,6,upper,0,0,0,0
1913,6,lower,0,0,0,0
1913,7,upper,0,0,0,0
1913,7,lower,0,0,0,0
1913,8,upper,0,0,0,0
1913,8,lower,0,0,0,0
1914,1,upper,1,0,0,0
1914,1,lower,1,2,-1,1
1914,2,upper,0,0,0,0
1914,2,lower,0,0,0,0
1914,3,upper,0,0,0,0
1914,3,lower,0,0,0,0
1914,4,upper,0,0,0,0
1914,4,lower,0,0,0,0
1914,5,upper,0,0,0,0
1914,5,lower,0,0,0,0
1914,6,upper,0,0,0,0
1914,6,lower,0,0,0,0
1914,7,upper,0,0,0,0
1914,7,lower,0,0,0,0
1914,8,upper,0,0,0,0
1914,8,lower,0,0,0,0
1915,1,upper,1,0,-1,0
1915,1,lower,1,2,0,0
1915,2,upper,0,0,0,0
1915,2,lower,0,0,0,0
1915,3,upper,0,0,0,0
1915,3,lower,0,0,0,0
1915,4,upper,0,0,0,0
1915,4,lower,0,0,0,0
1915,5,upper,0,0,0,0
1915,5,lower,0,0,0,0
1915,6,upper,0,0,0,0
1915,6,lower,0,0,0,0
1915,7,upper,0,0,0,0
1915,7,lower,0,0,0,0
1915,8,upper,0,0,0,0
1915,8,lower,0,0,0,0
1916,1,upper,1,1,-1,-1
1916,1,lower,1,0,1,0
1916,2,upper,0,0,0,0
1916,2,lower,0,0,0,0
1916,3,upper,0,0,0,0
1916,3,lower,0,0,0,0
1916,4,upper,0,0,0,0
1916,4,lower,0,0,0,0
1916,5,upper,0,0,0,0
1916,5,lower,0,0,0,0
1916,6,upper,0,0,0,0
1916,6,lower,0,0,0,0
1916,7,upper,0,0,0,0
1916,7,lower,0,0,0,0
1916,8,upper,0,0,0,0
1916,8,lower,0,0,0,0
1917,1,upper,0,1,0,0
1917,1,lower,1,1,-1,-2
1917,2,upper,0,0,0,0
1917,2,lower,0,0,0,0
1917,3,upper,0,0,0,0
1917,3,lower,0,0,0,0
1917,4,upper,0,0,0,0
1917,4,lower,0,0,0,0
1917,5,upper,0,0,0,0
1917,5,lower,0,0,0,0
1917,6,upper,0,0,0,0
1917,6,lower,0,0,0,0
1917,7,upper,0,0,0,0
1917,7,lower,0,0,0,0
1917,8,upper,0,0,0,0
1917,8,lower,0,0,0,0
1918,1,upper,1,1,0,0
1918,1,lower,1,-1,-2,-1
1918,2,upper,0,0,0,0
1918,2,lower,0,0,0,0
1918,3,upper,0,0,0,0
1918,3,lower,0,0,0,0
1918,4,upper,0,0,0,0
1918,4,lower,0,0,0,0
1918,5,upper,0,0,0,0
1918,5,lower,0,0,0,0
1918,6,upper,0,0,0,0
1918,6,lower,0,0,0,0
1918,7,upper,0,0,0,0
1918,7,lower,0,0,0,0
1918,8,upper,0,0,0,0
1918,8,lower,0,0,0,0
1919,1,upper,2,1,0,0
1919,1,lower,0,0,0,0
1919,2,upper,0,0,0,0
1919,2,lower,0,0,0,0
1919,3,upper,0,0,0,0
1919,3,lower,0,0,0,0
1919,4,upper,0,0,0,0
1919,4,lower,0,0,0,0
1919,5,upper,0,0,0,0
1919,5,lower,0,0,0,0
1919,6,upper,0,0,0,0
1919,6,lower,0,0,0,0
1919,7,upper,0,0,0,0
1919,7,lower,0,0,0,0
1919,8,upper,0,0,0,0
1919,8,lower,0,0,0,0
1920,1,upper,0,1,0,0
1920,1,lower,0,1,0,0
1920,2,upper,0,0,0,0
1920,2,lower,0,0,0,0
1920,3,upper,0,0,0,0
1920,3,lower,0,0,0,0
1920,4,upper,0,0,0,0
1920,4,lower,0,0,0,0
1920,5,upper,0,0,0,0
1920,5,lower,0,0,0,0
1920,6,upper,0,0,0,0
1920,6,lower,0,0,0,0
1920,7,upper,0,0,0,0
1920,7,lower,0,0,0,0
1920,8,upper,0,0,0,0
1920,8,lower,0,0,0,0
1921,1,upper,1,0,0,-1
1921,1,lower,2,1,0,-2
1921,2,upper,1,1,-1,-1
1921,2,lower,1,1,-1,-1
1921,3,upper,0,0,0,0
1921,3,lower,0,0,0,0
1921,4,upper,0,0,0,0
1921,4,lower,0,0,0,0
1921,5,upper,0,0,0,0
1921,5,lower,0,0,0,0
1921,6,upper,0,0,0,0
1921,6,lower,0,0,0,0
1921,7,upper,0,0,0,0
1921,7,lower,0,0,0,0
1921,8,upper,0,0,0,0
1921,8,lower,0,0,0,0
1922,1,upper,0,1,-1,0
1922,1,lower,2,3,-3,1
1922,2,upper,1,1,0,-1
1922,2,lower,2,3,0,-1
1922,3,upper,0,0,0,0
1922,3,lower,0,0,0,0
1922,4,upper,0,0,0,0
1922,4,lower,0,0,0,0
1922,5,upper,0,0,0,0
1922,5,lower,0,0,0,0
1922,6,upper,0,0,0,0
1922,6,lower,0,0,0,0
1922,7,upper,0,0,0,0
1922,7,lower,0,0,0,0
1922,8,upper,0,0,0,0
1922,8,lower,0,0,0,0
1923,1,upper,1,2,0,0
1923,1,lower,2,3,0,0
1923,2,upper,1,0,0,0
1923,2,lower,3,1,-1,-1
1923,3,upper,0,0,0,0
1923,3,lower,0,0,0,0
1923,4,upper,0,0,0,0
1923,4,lower,0,0,0,0
1923,5,upper,0,0,0,0
1923,5,lower,0,0,0,0
1923,6,upper,0,0,0,0
1923,6,lower,0,0,0,0
1923,7,upper,0,0,0,0
1923,7,lower,0,0,0,0
1923,8,upper,0,0,0,0
1923,8,lower,0,0,0,0
1924,1,upper,1,0,0,0
1924,1,lower,3,3,-1,0
1924,2,upper,0,1,-1,0
1924,2,lower,1,2,-2,0
1924,3,upper,0,0,0,0
1924,3,lower,0,0,0,0
1924,4,upper,0,0,0,0
1924,4,lower,0,0,0,0
1924,5,upper,0,0,0,0
1924,5,lower,0,0,0,0
1924,6,upper,0,0,0,0
1924,6,lower,0,0,0,0
1924,7,upper,0,0,0,0
1924,7,lower,0,0,0,0
1924,8,upper,0,0,0,0
1924,8,lower,0,0,0,0
1925,1,upper,1,1,0,0
1925,1,lower,2,3,-1,0
1925,2,upper,1,1,0,0
1925,2,lower,2,2,0,1
1925,3,upper,0,0,0,0
1925,3,lower,0,0,0,0
1925,4,upper,0,0,0,0
1925,4,lower,0,0,0,0
1925,5,upper,0,0,0,0
1925,5,lower,0,0,0,0
1925,6,upper,0,0,0,0
1925,6,lower,0,0,0,0
1925,7,upper,0,0,0,0
1925,7,lower,0,0,0,0
1925,8,upper,0,0,0,0
1925,8,lower,0,0,0,0
1926,1,upper,1,1,0,-1
1926,1,lower,4,3,-1,-2
1926,2,upper,1,0,1,-1
1926,2,lower,2,1,0,-2
1926,3,upper,0,0,0,0
1926,3,lower,0,0,0,0
1926,4,upper,0,0,0,0
1926,4,lower,0,0,0,0
1926,5,upper,0,0,0,0
1926,5,lower,0,0,0,0
1926,6,upper,0,0,0,0
1926,6,lower,0,0,0,0
1926,7,upper,0,0,0,0
1926,7,lower,0,0,0,0
1926,8,upper,0,0,0,0
1926,8,lower,0,0,0,0
1927,1,upper,1,1,-1,0
1927,1,lower,3,2,-2,-1
1927,2,upper,0,1,0,1
1927,2,lower,2,3,-1,1
1927,3,upper,0,0,0,0
1927,3,lower,0,0,0,0
1927,4,upper,0,0,0,0
1927,4,lower,0,0,0,0
1927,5,upper,0,0,0,0
1927,5,lower,0,0,0,0
1927,6,upper,0,0,0,0
1927,6,lower,0,0,0,0
1927,7,upper,0,0,0,0
1927,7,lower,0,0,0,0
1927,8,upper,0,0,0,0
1927,8,lower,0,0,0,0
1928,1,upper,0,1,0,0
1928,1,lower,2,3,1,-1
1928,2,upper,0,1,-1,0
1928,2,lower,2,2,-2,0
1928,3,upper,0,0,0,0
1928,3,lower,0,0,0,0
1928,4,upper,0,0,0,0
1928,4,lower,0,0,0,0
1928,5,upper,0,0,0,0
1928,5,lower,0,0,0,0
1928,6,upper,0,0,0,0
1928,6,lower,0,0,0,0
1928,7,upper,0,0,0,0
1928,7,lower,0,0,0,0
1928,8,upper,0,0,0,0
1928,8,lower,0,0,0,0
1929,1,upper,1,0,0,-1
1929,1,lower,2,1,-1,-1
1929,2,upper,1,1,0,0
1929,2,lower,2,2,-1,0
1929,3,upper,0,0,0,0
1929,3,lower,0,0,0,0
1929,4,upper,0,0,0,0
1929,4,lower,0,0,0,0
1929,5,upper,0,0,0,0
1929,5,lower,0,0,0,0
1929,6,upper,0,0,0,0
1929,6,lower,0,0,0,0
1929,7,upper,0,0,0,0
1929,7,lower,0,0,0,0
1929,8,upper,0,0,0,0
1929,8,lower,0,0,0,0
1930,1,upper,1,1,0,-1
1930,1,lower,2,3,0,-1
1930,2,upper,0,1,0,-1
1930,2,lower,2,3,0,-1
1930,3,upper,0,0,0,0
1930,3,lower,0,0,0,0
1930,4,upper,0,0,0,0
1930,4,lower,0,0,0,0
1930,5,upper,0,0,0,0
1930,5,lower,0,0,0,0
1930,6,upper,0,0,0,0
1930,6,lower,0,0,0,0
1930,7,upper,0,0,0,0
1930,7,lower,0,0,0,0
1930,8,upper,0,0,0,0
1930,8,lower,0,0,0,0
1931,1,upper,2,0,0,0
1931,1,lower,5,1,-1,0
1931,2,upper,1,1,0,-1
1931,2,lower,3,1,-1,-2
1931,3,upper,0,0,0,0
1931,3,lower,0,0,0,0
1931,4,upper,0,0,0,0
1931,4,lower,0,0,0,0
1931,5,upper,0,0,0,0
1931,5,lower,0,0,0,0
1931,6,upper,0,0,0,0
1931,6,lower,0,0,0,0
1931,7,upper,0,0,0,0
1931,7,lower,0,0,0,0
1931,8,upper,0,0,0,0
1931,8,lower,0,0,0,0
1932,1,upper,1,2,-1,-1
1932,1,lower,2,2,-2,-2
1932,2,upper,0,1,-1,0
1932,2,lower,2,3,-2,1
1932,3,upper,0,0,0,0
1932,3,lower,0,0,0,0
1932,4,upper,0,0,0,0
1932,4,lower,0,0,0,0
1932,5,upper,0,0,0,0
1932,5,lower,0,0,0,0
1932,6,upper,0,0,0,0
1932,6,lower,0,0,0,0
1932,7,upper,0,0,0,0
1932,7,lower,0,0,0,0
1932,8,upper,0,0,0,0
1932,8,lower,0,0,0,0
1933,1,upper,2,2,0,0
1933,1,lower,5,3,0,0
1933,2,upper,1,0,-1,-1
1933,2,lower,3,0,-1,-1
1933,3,upper,0,0,0,0
1933,3,lower,0,0,0,0
1933,4,upper,0,0,0,0
1933,4,lower,0,0,0,0
1933,5,upper,0,0,0,0
1933,5,lower,0,0,0,0
1933,6,upper,0,0,0,0
1933,6,lower,0,0,0,0
1933,7,upper,0,0,0,0
1933,7,lower,0,0,0,0
1933,8,upper,0,0,0,0
1933,8,lower,0,0,0,0
1934,1,upper,0,1,-1,0
1934,1,lower,1,2,-2,0
1934,2,upper,1,0,0,0
1934,2,lower,3,2,0,0
1934,3,upper,0,0,0,0
1934,3,lower,0,0,0,0
1934,4,upper,0,0,0,0
1934,4,lower,0,0,0,0
1934,5,upper,0,0,0,0
1934,5,lower,0,0,0,0
1934,6,upper,0,0,0,0
1934,6,lower,0,0,0,0
1934,7,upper,0,0,0,0
1934,7,lower,0,0,0,0
1934,8,upper,0,0,0,0
1934,8,lower,0,0,0,0
1935,1,upper,2,0,0,0
1935,1,lower,4,1,-1,1
1935,2,upper,0,0,0,0
1935,2,lower,2,2,1,-1
1935,3,upper,0,0,0,0
1935,3,lower,0,0,0,0
1935,4,upper,0,0,0,0
1935,4,lower,0,0,0,0
1935,5,upper,0,0,0,0
1935,5,lower,0,0,0,0
1935,6,upper,0,0,0,0
1935,6,lower,0,0,0,0
1935,7,upper,0,0,0,0
1935,7,lower,0,0,0,0
1935,8,upper,0,0,0,0
1935,8,lower,0,0,0,0
1936,1,upper,1,0,0,0
1936,1,lower,2,1,-1,0
1936,2,upper,0,2,0,-1
1936,2,lower,3,2,-1,-1
1936,3,upper,0,0,0,0
1936,3,lower,0,0,0,0
1936,4,upper,0,0,0,0
1936,4,lower,0,0,0,0
1936,5,upper,0,0,0,0
1936,5,lower,0,0,0,0
1936,6,upper,0,0,0,0
1936,6,lower,0,0,0,0
1936,7,upper,0,0,0,0
1936,7,lower,0,0,0,0
1936,8,upper,0,0,0,0
1936,8,lower,0,0,0,0
1937,1,upper,1,1,-1,0
1937,1,lower,4,2,-1,0
1937,2,upper,1,1,0,0
1937,2,lower,3,2,0,-1
1937,3,upper,0,0,0,0
1937,3,lower,0,0,0,0
1937,4,upper,0,0,0,0
1937,4,lower,0,0,0,0
1937,5,upper,0,0,0,0
1937,5,lower,0,0,0,0
1937,6,upper,0,0,0,0
1937,6,lower,0,0,0,0
1937,7,upper,0,0,0,0
1937,7,lower,0,0,0,0
1937,8,upper,0,0,0,0
1937,8,lower,0,0,0,0
1938,1,upper,2,1,-1,0
1938,1,lower,4,1,-2,0
1938,2,upper,1,0,-1,-1
1938,2,lower,2,2,-2,-1
1938,3,upper,0,0,0,0
1938,3,lower,0,0,0,0
1938,4,upper,0,0,0,0
1938,4,lower,0,0,0,0
1938,5,upper,0,0,0,0
1938,5,lower,0,0,0,0
1938,6,upper,0,0,0,0
1938,6,lower,0,0,0,0
1938,7,upper,0,0,0,0
1938,7,lower,0,0,0,0
1938,8,upper,0,0,0,0
1938,8,lower,0,0,0,0
1939,1,upper,1,0,0,0
1939,1,lower,2,2,0,0
1939,2,upper,1,1,-1,0
1939,2,lower,4,1,-2,1
1939,3,upper,0,0,0,0
1939,3,lower,0,0,0,0
1939,4,upper,0,0,0,0
1939,4,lower,0,0,0,0
1939,5,upper,0,0,0,0
1939,5,lower,0,0,0,0
1939,6,upper,0,0,0,0
1939,6,lower,0,0,0,0
1939,7,upper,0,0,0,0
1939,7,lower,0,0,0,0
1939,8,upper,0,0,0,0
1939,8,lower,0,0,0,0
1940,1,upper,1,0,0,-1
1940,1,lower,3,1,-2,-2
1940,2,upper,1,1,0,-1
1940,2,lower,4,0,-1,-1
1940,3,upper,0,0,0,0
1940,3,lower,0,0,0,0
1940,4,upper,0,0,0,0
1940,4,lower,0,0,0,0
1940,5,upper,0,0,0,0
1940,5,lower,0,0,0,0
1940,6,upper,0,0,0,0
1940,6,lower,0,0,0,0
1940,7,upper,0,0,0,0
1940,7,lower,0,0,0,0
1940,8,upper,0,0,0,0
1940,8,lower,0,0,0,0
1941,1,upper,0,0,-1,-1
1941,1,lower,3,0,-2,-1
1941,2,upper,1,1,-1,-1
1941,2,lower,3,2,-1,-1
1941,3,upper,0,0,0,0
1941,3,lower,0,0,0,0
1941,4,upper,0,0,0,0
1941,4,lower,0,0,0,0
1941,5,upper,0,0,0,0
1941,5,lower,0,0,0,0
1941,6,upper,0,0,0,0
1941,6,lower,0,0,0,0
1941,7,upper,0,0,0,0
1941,7,lower,0,0,0,0
1941,8,upper,0,0,0,0
1941,8,lower,0,0,0,0
1942,1,upper,1,1,0,0
1942,1,lower,2,2,0,0
1942,2,upper,1,1,0,1
1942,2,lower,3,0,1,-1
1942,3,upper,0,0,0,0
1942,3,lower,0,0,0,0
1942,4,upper,0,0,0,0
1942,4,lower,0,0,0,0
1942,5,upper,0,0,0,0
1942,5,lower,0,0,0,0
1942,6,upper,0,0,0,0
1942,6,lower,0,0,0,0
1942,7,upper,0,0,0,0
1942,7,lower,0,0,0,0
1942,8,upper,0,0,0,0
1942,8,lower,0,0,0,0
1943,1,upper,0,0,0,-1
1943,1,lower,1,2,-2,-2
1943,2,upper,1,1,0,-1
1943,2,lower,3,0,-1,-1
1943,3,upper,0,0,0,0
1943,3,lower,0,0,0,0
1943,4,upper,0,0,0,0
1943,4,lower,0,0,0,0
1943,5,upper,0,0,0,0
1943,5,lower,0,0,0,0
1943,6,upper,0,0,0,0
1943,6,lower,0,0,0,0
1943,7,upper,0,0,0,0
1943,7,lower,0,0,0,0
1943,8,upper,0,0,0,0
1943,8,lower,0,0,0,0
1944,1,upper,1,1,-1,-1
1944,1,lower,3,1,-2,-1
1944,2,upper,1,1,0,0
1944,2,lower,3,1,-1,-1
1944,3,upper,0,0,0,0
1944,3,lower,0,0,0,0
1944,4,upper,0,0,0,0
1944,4,lower,0,0,0,0
1944,5,upper,0,0,0,0
1944,5,lower,0,0,0,0
1944,6,upper,0,0,0,0
1944,6,lower,0,0,0,0
1944,7,upper,0,0,0,0
1944,7,lower,0,0,0,0
1944,8,upper,0,0,0,0
1944,8,lower,0,0,0,0
1945,1,upper,0,1,-1,-1
1945,1,lower,3,2,-2,0
1945,2,upper,1,1,0,0
1945,2,lower,2,0,-1,0
1945,3,upper,0,0,0,0
1945,3,lower,0,0,0,0
1945,4,upper,0,0,0,0
1945,4,lower,0,0,0,0
1945,5,upper,0,0,0,0
1945,5,lower,0,0,0,0
1945,6,upper,0,0,0,0
1945,6,lower,0,0,0,0
1945,7,upper,0,0,0,0
1945,7,lower,0,0,0,0
1945,8,upper,0,0,0,0
1945,8,lower,0,0,0,0
1946,1,upper,0,1,0,0
1946,1,lower,3,2,-1,0
1946,2,upper,0,0,0,-1
1946,2,lower,1,2,-1,0
1946,3,upper,0,0,0,0
1946,3,lower,0,0,0,0
1946,4,upper,0,0,0,0
1946,4,lower,0,0,0,0
1946,5,upper,0,0,0,0
1946,5,lower,0,0,0,0
1946,6,upper,0,0,0,0
1946,6,lower,0,0,0,0
1946,7,upper,0,0,0,0
1946,7,lower,0,0,0,0
1946,8,upper,0,0,0,0
1946,8,lower,0,0,0,0
1947,1,upper,0,1,-1,0
1947,1,lower,2,2,-1,-1
1947,2,upper,1,1,0,0
1947,2,lower,4,1,0,0
1947,3,upper,0,0,0,0
1947,3,lower,0,0,0,0
1947,4,upper,0,0,0,0
1947,4,lower,0,0,0,0
1947,5,upper,0,0,0,0
1947,5,lower,0,0,0,0
1947,6,upper,0,0,0,0
1947,6,lower,0,0,0,0
1947,7,upper,0,0,0,0
1947,7,lower,0,0,0,0
1947,8,upper,0,0,0,0
1947,8,lower,0,0,0,0
1948,1,upper,1,1,1,0
1948,1,lower,3,2,0,-1
1948,2,upper,1,1,0,0
1948,2,lower,3,1,-1,-1
1948,3,upper,0,0,0,0
1948,3,lower,0,0,0,0
1948,4,upper,0,0,0,0
1948,4,lower,0,0,0,0
1948,5,upper,0,0,0,0
1948,5,lower,0,0,0,0
1948,6,upper,0,0,0,0
1948,6,lower,0,0,0,0
1948,7,upper,0,0,0,0
1948,7,lower,0,0,0,0
1948,8,upper,0,0,0,0
1948,8,lower,0,0,0,0
1949,1,upper,1,1,-1,-1
1949,1,lower,2,1,-2,-1
1949,2,upper,1,0,0,0
1949,2,lower,3,0,0,-1
1949,3,upper,0,0,0,0
1949,3,lower,0,0,0,0
1949,4,upper,0,0,0,0
1949,4,lower,0,0,0,0
1949,5,upper,0,0,0,0
1949,5,lower,0,0,0,0
1949,6,upper,0,0,0,0
1949,6,lower,0,0,0,0
1949,7,upper,0,0,0,0
1949,7,lower,0,0,0,0
1949,8,upper,0,0,0,0
1949,8,lower,0,0,0,0
1950,1,upper,1,1,0,0
1950,1,lower,3,2,-1,-1
1950,2,upper,1,0,0,-1
1950,2,lower,1,0,-2,-1
1950,3,upper,0,0,0,0
1950,3,lower,0,0,0,0
1950,4,upper,0,0,0,0
1950,4,lower,0,0,0,0
1950,5,upper,0,0,0,0
1950,5,lower,0,0,0,0
1950,6,upper,0,0,0,0
1950,6,lower,0,0,0,0
1950,7,upper,0,0,0,0
1950,7,lower,0,0,0,0
1950,8,upper,0,0,0,0
1950,8,lower,0,0,0,0
1951,1,upper,1,0,0,0
1951,1,lower,2,0,-1,0
1951,2,upper,2,2,0,0
1951,2,lower,5,-1,1,0
1951,3,upper,0,0,0,0
1951,3,lower,0,0,0,0
1951,4,upper,0,0,0,0
1951,4,lower,0,0,0,0
1951,5,upper,0,0,0,0
1951,5,lower,0,0,0,0
1951,6,upper,0,0,0,0
1951,6,lower,0,0,0,0
1951,7,upper,0,0,0,0
1951,7,lower,0,0,0,0
1951,8,upper,0,0,0,0
1951,8,lower,0,0,0,0
1952,1,upper,1,1,0,-1
1952,1,lower,2,2,0,-1
1952,2,upper,0,1,0,-1
1952,2,lower,2,1,-2,-1
1952,3,upper,0,0,0,0
1952,3,lower,0,0,0,0
1952,4,upper,0,0,0,0
1952,4,lower,0,0,0,0
1952,5,upper,0,0,0,0
1952,5,lower,0,0,0,0
1952,6,upper,0,0,0,0
1952,6,lower,0,0,0,0
1952,7,upper,0,0,0,0
1952,7,lower,0,0,0,0
1952,8,upper,0,0,0,0
1952,8,lower,0,0,0,0
1953,1,upper,1,0,0,-1
1953,1,lower,1,0,-1,-1
1953,2,upper,1,0,0,0
1953,2,lower,0,-1,0,0
1953,3,upper,0,0,0,0
1953,3,lower,0,0,0,0
1953,4,upper,0,0,0,0
1953,4,lower,0,0,0,0
1953,5,upper,0,0,0,0
1953,5,lower,0,0,0,0
1953,6,upper,0,0,0,0
1953,6,lower,0,0,0,0
1953,7,upper,0,0,0,0
1953,7,lower,0,0,0,0
1953,8,upper,0,0,0,0
1953,8,lower,0,0,0,0
1954,1,upper,1,2,-1,-1
1954,1,lower,4,2,-1,0
1954,2,upper,1,0,0,0
1954,2,lower,2,1,0,-1
1954,3,upper,0,0,0,0
1954,3,lower,0,0,0,0
1954,4,upper,0,0,0,0
1954,4,lower,0,0,0,0
1954,5,upper,0,0,0,0
1954,5,lower,0,0,0,0
1954,6,upper,0,0,0,0
1954,6,lower,0,0,0,0
1954,7,upper,0,0,0,0
1954,7,lower,0,0,0,0
1954,8,upper,0,0,0,0
1954,8,lower,0,0,0,0
1955,1,upper,0,1,0,1
1955,1,lower,2,3,0,0
1955,2,upper,1,1,0,0
1955,2,lower,2,1,-1,-1
1955,3,upper,0,0,0,0
1955,3,lower,0,0,0,0
1955,4,upper,0,0,0,0
1955,4,lower,0,0,0,0
1955,5,upper,0,0,0,0
1955,5,lower,0,0,0,0
1955,6,upper,0,0,0,0
1955,6,lower,0,0,0,0
1955,7,upper,0,0,0,0
1955,7,lower,0,0,0,0
1955,8,upper,0,0,0,0
1955,8,lower,0,0,0,0
1956,1,upper,1,0,-1,0
1956,1,lower,2,0,-2,0
1956,2,upper,0,1,-1,-1
1956,2,lower,2,1,-1,1
1956,3,upper,0,0,0,0
1956,3,lower,0,0,0,0
1956,4,upper,0,0,0,0
1956,4,lower,0,0,0,0
1956,5,upper,0,0,0,0
1956,5,lower,0,0,0,0
1956,6,upper,0,0,0,0
1956,6,lower,0,0,0,0
1956,7,upper,0,0,0,0
1956,7,lower,0,0,0,0
1956,8,upper,0,0,0,0
1956,8,lower,0,0,0,0
1957,1,upper,0,1,0,0
1957,1,lower,2,3,-1,0
1957,2,upper,1,1,0,0
1957,2,lower,2,2,0,-1
1957,3,upper,0,0,0,0
1957,3,lower,0,0,0,0
1957,4,upper,0,0,0,0
1957,4,lower,0,0,0,0
1957,5,upper,0,0,0,0
1957,5,lower,0,0,0,0
1957,6,upper,0,0,0,0
1957,6,lower,0,0,0,0
1957,7,upper,0,0,0,0
1957,7,lower,0,0,0,0
1957,8,upper,0,0,0,0
1957,8,lower,0,0,0,0
1958,1,upper,1,1,-1,0
1958,1,lower,3,1,0,1
1958,2,upper,1,1,-1,0
1958,2,lower,2,0,1,0
1958,3,upper,0,0,0,0
1958,3,lower,0,0,0,0
1958,4,upper,0,0,0,0
1958,4,lower,0,0,0,0
1958,5,upper,0,0,0,0
1958,5,lower,0,0,0,0
1958,6,upper,0,0,0,0
1958,6,lower,0,0,0,0
1958,7,upper,0,0,0,0
1958,7,lower,0,0,0,0
1958,8,upper,0,0,0,0
1958,8,lower,0,0,0,0
1959,1,upper,1,0,-1,0
1959,1,lower,2,0,-1,1
1959,2,upper,1,1,1,0
1959,2,lower,3,1,-1,-1
1959,3,upper,0,0,0,0
1959,3,lower,0,0,0,0
1959,4,upper,0,0,0,0
1959,4,lower,0,0,0,0
1959,5,upper,0,0,0,0
1959,5,lower,0,0,0,0
1959,6,upper,0,0,0,0
1959,6,lower,0,0,0,0
1959,7,upper,0,0,0,0
1959,7,lower,0,0,0,0
1959,8,upper,0,0,0,0
1959,8,lower,0,0,0,0
1960,1,upper,2,1,0,-1
1960,1,lower,4,0,-1,-1
1960,2,upper,1,1,0,-1
1960,2,lower,2,1,-2,-1
1960,3,upper,0,0,0,0
1960,3,lower,0,0,0,0
1960,4,upper,0,0,0,0
1960,4,lower,0,0,0,0
1960,5,upper,0,0,0,0
1960,5,lower,0,0,0,0
1960,6,upper,0,0,0,0
1960,6,lower,0,0,0,0
1960,7,upper,0,0,0,0
1960,7,lower,0,0,0,0
1960,8,upper,0,0,0,0
1960,8,lower,0,0,0,0
1961,1,upper,1,0,0,1
1961,1,lower,2,1,1,0
1961,2,upper,1,0,0,-1
1961,2,lower,1,1,-2,1
1961,3,upper,0,0,0,0
1961,3,lower,0,0,0,0
1961,4,upper,0,0,0,0
1961,4,lower,0,0,0,0
1961,5,upper,0,0,0,0
1961,5,lower,0,0,0,0
1961,6,upper,0,0,0,0
1961,6,lower,0,0,0,0
1961,7,upper,0,0,0,0
1961,7,lower,0,0,0,0
1961,8,upper,0,0,0,0
1961,8,lower,0,0,0,0
1962,1,upper,0,2,0,0
1962,1,lower,3,2,0,-1
1962,2,upper,1,1,-1,0
1962,2,lower,3,1,-1,0
1962,3,upper,0,0,0,0
1962,3,lower,0,0,0,0
1962,4,upper,0,0,0,0
1962,4,lower,0,0,0,0
1962,5,upper,0,0,0,0
1962,5,lower,0,0,0,0
1962,6,upper,0,0,0,0
1962,6,lower,0,0,0,0
1962,7,upper,0,0,0,0
1962,7,lower,0,0,0,0
1962,8,upper,0,0,0,0
1962,8,lower,0,0,0,0
1963,1,upper,1,1,1,-1
1963,1,lower,3,1,-2,-2
1963,2,upper,1,2,0,-1
1963,2,lower,4,-1,-1,0
1963,3,upper,0,0,0,0
1963,3,lower,0,0,0,0
1963,4,upper,0,0,0,0
1963,4,lower,0,0,0,0
1963,5,upper,0,0,0,0
1963,5,lower,0,0,0,0
1963,6,upper,0,0,0,0
1963,6,lower,0,0,0,0
1963,7,upper,0,0,0,0
1963,7,lower,0,0,0,0
1963,8,upper,0,0,0,0
1963,8,lower,0,0,0,0
1964,1,upper,2,1,0,0
1964,1,lower,3,-1,0,0
1964,2,upper,1,0,0,-1
1964,2,lower,1,1,-3,0
1964,3,upper,0,0,0,0
1964,3,lower,0,0,0,0
1964,4,upper,0,0,0,0
1964,4,lower,0,0,0,0
1964,5,upper,0,0,0,0
1964,5,lower,0,0,0,0
1964,6,upper,0,0,0,0
1964,6,lower,0,0,0,0
1964,7,upper,0,0,0,0
1964,7,lower,0,0,0,0
1964,8,upper,0,0,0,0
1964,8,lower,0,0,0,0
1965,1,upper,2,1,-1,0
1965,1,lower,3,1,0,0
1965,2,upper,1,1,0,0
1965,2,lower,1,1,0,-1
1965,3,upper,0,0,0,0
1965,3,lower,0,0,0,0
1965,4,upper,0,0,0,0
1965,4,lower,0,0,0,0
1965,5,upper,0,0,0,0
1965,5,lower,0,0,0,0
1965,6,upper,0,0,0,0
1965,6,lower,0,0,0,0
1965,7,upper,0,0,0,0
1965,7,lower,0,0,0,0
1965,8,upper,0,0,0,0
1965,8,lower,0,0,0,0
1966,1,upper,1,0,0,-1
1966,1,lower,1,1,-2,-1
1966,2,upper,2,1,0,0
1966,2,lower,2,1,-1,0
1966,3,upper,0,0,0,0
1966,3,lower,0,0,0,0
1966,4,upper,0,0,0,0
1966,4,lower,0,0,0,0
1966,5,upper,0,0,0,0
1966,5,lower,0,0,0,0
1966,6,upper,0,0,0,0
1966,6,lower,0,0,0,0
1966,7,upper,0,0,0,0
1966,7,lower,0,0,0,0
1966,8,upper,0,0,0,0
1966,8,lower,0,0,0,0
1967,1,upper,1,1,-1,-1
1967,1,lower,2,2,-1,0
1967,2,upper,1,1,0,-1
1967,2,lower,0,0,-1,-1
1967,3,upper,0,0,0,0
1967,3,lower,0,0,0,0
1967,4,upper,0,0,0,0
1967,4,lower,0,0,0,0
1967,5,upper,0,0,0,0
1967,5,lower,0,0,0,0
1967,6,upper,0,0,0,0
1967,6,lower,0,0,0,0
1967,7,upper,0,0,0,0
1967,7,lower,0,0,0,0
1967,8,upper,0,0,0,0
1967,8,lower,0,0,0,0
1968,1,upper,2,1,-1,-1
1968,1,lower,2,1,-2,0
1968,2,upper,1,1,-1,-1
1968,2,lower,1,0,-2,0
1968,3,upper,0,0,0,0
1968,3,lower,0,0,0,0
1968,4,upper,0,0,0,0
1968,4,lower,0,0,0,0
1968,5,upper,0,0,0,0
1968,5,lower,0,0,0,0
1968,6,upper,0,0,0,0
1968,6,lower,0,0,0,0
1968,7,upper,0,0,0,0
1968,7,lower,0,0,0,0
1968,8,upper,0,0,0,0
1968,8,lower,0,0,0,0
1969,1,upper,1,1,-1,0
1969,1,lower,2,1,0,0
1969,2,upper,1,1,0,-1
1969,2,lower,2,1,0,0
1969,3,upper,0,0,0,0
1969,3,lower,0,0,0,0
1969,4,upper,0,0,0,0
1969,4,lower,0,0,0,0
1969,5,upper,0,0,0,0
1969,5,lower,0,0,0,0
1969,6,upper,0,0,0,0
1969,6,lower,0,0,0,0
1969,7,upper,0,0,0,0
1969,7,lower,0,0,0,0
1969,8,upper,0,0,0,0
1969,8,lower,0,0,0,0
1970,1,upper,1,1,0,0
1970,1,lower,3,0,-1,0
1970,2,upper,1,1,-1,0
1970,2,lower,1,1,-1,0
1970,3,upper,0,0,0,0
1970,3,lower,0,0,0,0
1970,4,upper,0,0,0,0
1970,4,lower,0,0,0,0
1970,5,upper,0,0,0,0
1970,5,lower,0,0,0,0
1970,6,upper,0,0,0,0
1970,6,lower,0,0,0,0
1970,7,upper,0,0,0,0
1970,7,lower,0,0,0,0
1970,8,upper,0,0,0,0
1970,8,lower,0,0,0,0
1971,1,upper,1,1,-1,-1
1971,1,lower,4,1,-2,0
1971,2,upper,1,1,1,1
1971,2,lower,2,0,-2,-3
1971,3,upper,0,0,0,0
1971,3,lower,0,0,0,0
1971,4,upper,0,0,0,0
1971,4,lower,0,0,0,0
1971,5,upper,0,0,0,0
1971,5,lower,0,0,0,0
1971,6,upper,0,0,0,0
1971,6,lower,0,0,0,0
1971,7,upper,0,0,0,0
1971,7,lower,0,0,0,0
1971,8,upper,0,0,0,0
1971,8,lower,0,0,0,0
1972,1,upper,1,1,-1,1
1972,1,lower,4,0,0,1
1972,2,upper,1,1,0,-1
1972,2,lower,1,0,0,0
1972,3,upper,0,0,0,0
1972,3,lower,0,0,0,0
1972,4,upper,0,0,0,0
1972,4,lower,0,0,0,0
1972,5,upper,0,0,0,0
1972,5,lower,0,0,0,0
1972,6,upper,0,0,0,0
1972,6,lower,0,0,0,0
1972,7,upper,0,0,0,0
1972,7,lower,0,0,0,0
1972,8,upper,0,0,0,0
1972,8,lower,0,0,0,0
1973,1,upper,0,0,0,0
1973,1,lower,1,1,-1,0
1973,2,upper,1,1,0,0
1973,2,lower,2,1,-1,-1
1973,3,upper,0,0,0,0
1973,3,lower,0,0,0,0
1973,4,upper,0,0,0,0
1973,4,lower,0,0,0,0
1973,5,upper,0,0,0,0
1973,5,lower,0,0,0,0
1973,6,upper,0,0,0,0
1973,6,lower,0,0,0,0
1973,7,upper,0,0,0,0
1973,7,lower,0,0,0,0
1973,8,upper,0,0,0,0
1973,8,lower,0,0,0,0
1974,1,upper,1,0,0,-1
1974,1,lower,2,0,-1,-1
1974,2,upper,1,1,0,0
1974,2,lower,1,0,0,0
1974,3,upper,0,0,0,0
1974,3,lower,0,0,0,0
1974,4,upper,0,0,0,0
1974,4,lower,0,0,0,0
1974,5,upper,0,0,0,0
1974,5,lower,0,0,0,0
1974,6,upper,0,0,0,0
1974,6,lower,0,0,0,0
1974,7,upper,0,0,0,0
1974,7,lower,0,0,0,0
1974,8,upper,0,0,0,0
1974,8,lower,0,0,0,0
1975,1,upper,1,1,0,0
1975,1,lower,3,1,0,0
1975,2,upper,0,1,0,-1
1975,2,lower,2,0,-1,0
1975,3,upper,0,0,0,0
1975,3,lower,0,0,0,0
1975,4,upper,0,0,0,0
1975,4,lower,0,0,0,0
1975,5,upper,0,0,0,0
1975,5,lower,0,0,0,0
1975,6,upper,0,0,0,0
1975,6,lower,0,0,0,0
1975,7,upper,0,0,0,0
1975,7,lower,0,0,0,0
1975,8,upper,0,0,0,0
1975,8,lower,0,0,0,0
1976,1,upper,2,0,0,0
1976,1,lower,2,0,-1,-1
1976,2,upper,1,1,0,1
1976,2,lower,1,0,0,0
1976,3,upper,0,0,0,0
1976,3,lower,0,0,0,0
1976,4,upper,0,0,0,0
1976,4,lower,0,0,0,0
1976,5,upper,0,0,0,0
1976,5,lower,0,0,0,0
1976,6,upper,0,0,0,0
1976,6,lower,0,0,0,0
1976,7,upper,0,0,0,0
1976,7,lower,0,0,0,0
1976,8,upper,0,0,0,0
1976,8,lower,0,0,0,0
1977,1,upper,1,1,0,0
1977,1,lower,2,1,-1,0
1977,2,upper,1,0,-1,-1
1977,2,lower,2,1,0,1
1977,3,upper,0,0,0,0
1977,3,lower,0,0,0,0
1977,4,upper,0,0,0,0
1977,4,lower,0,0,0,0
1977,5,upper,0,0,0,0
1977,5,lower,0,0,0,0
1977,6,upper,0,0,0,0
1977,6,lower,0,0,0,0
1977,7,upper,0,0,0,0
1977,7,lower,0,0,0,0
1977,8,upper,0,0,0,0
1977,8,lower,0,0,0,0
1978,1,upper,1,1,-1,0
1978,1,lower,2,0,-1,-1
1978,2,upper,0,1,1,0
1978,2,lower,2,0,-2,-1
1978,3,upper,0,0,0,0
1978,3,lower,0,0,0,0
1978,4,upper,0,0,0,0
1978,4,lower,0,0,0,0
1978,5,upper,0,0,0,0
1978,5,lower,0,0,0,0
1978,6,upper,0,0,0,0
1978,6,lower,0,0,0,0
1978,7,upper,0,0,0,0
1978,7,lower,0,0,0,0
1978,8,upper,0,0,0,0
1978,8,lower,0,0,0,0
1979,1,upper,1,1,0,0
1979,1,lower,2,1,0,-1
1979,2,upper,1,1,-1,-1
1979,2,lower,0,0,0,0
1979,3,upper,0,0,0,0
1979,3,lower,0,0,0,0
1979,4,upper,0,0,0,0
1979,4,lower,0,0,0,0
1979,5,upper,0,0,0,0
1979,5,lower,0,0,0,0
1979,6,upper,0,0,0,0
1979,6,lower,0,0,0,0
1979,7,upper,0,0,0,0
1979,7,lower,0,0,0,0
1979,8,upper,0,0,0,0
1979,8,lower,0,0,0,0
1980,1,upper,1,0,0,0
1980,1,lower,1,1,1,0
1980,2,upper,1,1,-1,1
1980,2,lower,1,0,1,-1
1980,3,upper,0,0,0,0
1980,3,lower,0,0,0,0
1980,4,upper,0,0,0,0
1980,4,lower,0,0,0,0
1980,5,upper,0,0,0,0
1980,5,lower,0,0,0,0
1980,6,upper,0,0,0,0
1980,6,lower,0,0,0,0
1980,7,upper,0,0,0,0
1980,7,lower,0,0,0,0
1980,8,upper,0,0,0,0
1980,8,lower,0,0,0,0
1981,1,upper,1,1,1,-1
1981,1,lower,3,1,-2,-1
1981,2,upper,1,0,0,-1
1981,2,lower,0,1,-2,1
1981,3,upper,0,0,0,0
1981,3,lower,0,0,0,0
1981,4,upper,0,0,0,0
1981,4,lower,0,0,0,0
1981,5,upper,0,0,0,0
1981,5,lower,0,0,0,0
1981,6,upper,0,0,0,0
1981,6,lower,0,0,0,0
1981,7,upper,0,0,0,0
1981,7,lower,0,0,0,0
1981,8,upper,0,0,0,0
1981,8,lower,0,0,0,0
1982,1,upper,1,1,1,-1
1982,1,lower,3,0,-1,-2
1982,2,upper,0,0,-1,-1
1982,2,lower,2,2,0,1
1982,3,upper,0,0,0,0
1982,3,lower,0,0,0,0
1982,4,upper,0,0,0,0
1982,4,lower,0,0,0,0
1982,5,upper,0,0,0,0
1982,5,lower,0,0,0,0
1982,6,upper,0,0,0,0
1982,6,lower,0,0,0,0
1982,7,upper,0,0,0,0
1982,7,lower,0,0,0,0
1982,8,upper,0,0,0,0
1982,8,lower,0,0,0,0
1983,1,upper,0,0,0,0
1983,1,lower,2,1,-1,-1
1983,2,upper,1,0,0,0
1983,2,lower,1,3,-1,0
1983,3,upper,0,0,0,0
1983,3,lower,0,0,0,0
1983,4,upper,0,0,0,0
1983,4,lower,0,0,0,0
1983,5,upper,0,0,0,0
1983,5,lower,0,0,0,0
1983,6,upper,0,0,0,0
1983,6,lower,0,0,0,0
1983,7,upper,0,0,0,0
1983,7,lower,0,0,0,0
1983,8,upper,0,0,0,0
1983,8,lower,0,0,0,0
1984,1,upper,1,1,0,0
1984,1,lower,1,-1,0,0
1984,2,upper,1,1,1,-1
1984,2,lower,1,0,-1,1
1984,3,upper,0,0,0,0
1984,3,lower,0,0,0,0
1984,4,upper,0,0,0,0
1984,4,lower,0,0,0,0
1984,5,upper,0,0,0,0
1984,5,lower,0,0,0,0
1984,6,upper,0,0,0,0
1984,6,lower,0,0,0,0
1984,7,upper,0,0,0,0
1984,7,lower,0,0,0,0
1984,8,upper,0,0,0,0
1984,8,lower,0,0,0,0
1985,1,upper,1,1,0,-1
1985,1,lower,2,0,-1,0
1985,2,upper,1,1,0,-1
1985,2,lower,1,1,0,-1
1985,3,upper,0,0,0,0
1985,3,lower,0,0,0,0
1985,4,upper,0,0,0,0
1985,4,lower,0,0,0,0
1985,5,upper,0,0,0,0
1985,5,lower,0,0,0,0
1985,6,upper,0,0,0,0
1985,6,lower,0,0,0,0
1985,7,upper,0,0,0,0
1985,7,lower,0,0,0,0
1985,8,upper,0,0,0,0
1985,8,lower,0,0,0,0
1986,1,upper,1,0,0,0
1986,1,lower,2,1,-1,0
1986,2,upper,1,0,0,0
1986,2,lower,2,2,-1,-1
1986,3,upper,1,0,-1,-1
1986,3,lower,1,0,-1,-1
1986,4,upper,0,0,0,0
1986,4,lower,0,0,0,0
1986,5,upper,0,0,0,0
1986,5,lower,0,0,0,0
1986,6,upper,0,0,0,0
1986,6,lower,0,0,0,0
1986,7,upper,0,0,0,0
1986,7,lower,0,0,0,0
1986,8,upper,0,0,0,0
1986,8,lower,0,0,0,0
1987,1,upper,1,2,0,0
1987,1,lower,4,1,-1,0
1987,2,upper,1,1,0,1
1987,2,lower,3,3,0,0
1987,3,upper,1,1,1,-1
1987,3,lower,2,2,1,-1
1987,4,upper,0,0,0,0
1987,4,lower,0,0,0,0
1987,5,upper,0,0,0,0
1987,5,lower,0,0,0,0
1987,6,upper,0,0,0,0
1987,6,lower,0,0,0,0
1987,7,upper,0,0,0,0
1987,7,lower,0,0,0,0
1987,8,upper,0,0,0,0
1987,8,lower,0,0,0,0
1988,1,upper,2,1,0,0
1988,1,lower,2,-1,0,0
1988,2,upper,2,1,-1,0
1988,2,lower,4,3,-1,-2
1988,3,upper,0,0,-1,-1
1988,3,lower,2,2,-2,-1
1988,4,upper,0,0,0,0
1988,4,lower,0,0,0,0
1988,5,upper,0,0,0,0
1988,5,lower,0,0,0,0
1988,6,upper,0,0,0,0
1988,6,lower,0,0,0,0
1988,7,upper,0,0,0,0
1988,7,lower,0,0,0,0
1988,8,upper,0,0,0,0
1988,8,lower,0,0,0,0
1989,1,upper,0,2,0,0
1989,1,lower,3,2,-1,-1
1989,2,upper,2,1,-1,0
1989,2,lower,4,2,-1,-1
1989,3,upper,0,1,-1,0
1989,3,lower,2,2,-2,1
1989,4,upper,0,0,0,0
1989,4,lower,0,0,0,0
1989,5,upper,0,0,0,0
1989,5,lower,0,0,0,0
1989,6,upper,0,0,0,0
1989,6,lower,0,0,0,0
1989,7,upper,0,0,0,0
1989,7,lower,0,0,0,0
1989,8,upper,0,0,0,0
1989,8,lower,0,0,0,0
1990,1,upper,1,0,0,0
1990,1,lower,0,0,-1,0
1990,2,upper,1,1,0,0
1990,2,lower,3,2,-2,0
1990,3,upper,1,2,0,0
1990,3,lower,4,3,0,-1
1990,4,upper,0,0,0,0
1990,4,lower,0,0,0,0
1990,5,upper,0,0,0,0
1990,5,lower,0,0,0,0
1990,6,upper,0,0,0,0
1990,6,lower,0,0,0,0
1990,7,upper,0,0,0,0
1990,7,lower,0,0,0,0
1990,8,upper,0,0,0,0
1990,8,lower,0,0,0,0
1991,1,upper,1,1,-1,-1
1991,1,lower,3,0,-1,1
1991,2,upper,1,1,-1,0
1991,2,lower,3,2,-2,0
1991,3,upper,0,0,-1,0
1991,3,lower,2,2,-1,1
1991,4,upper,0,0,0,0
1991,4,lower,0,0,0,0
1991,5,upper,0,0,0,0
1991,5,lower,0,0,0,0
1991,6,upper,0,0,0,0
1991,6,lower,0,0,0,0
1991,7,upper,0,0,0,0
1991,7,lower,0,0,0,0
1991,8,upper,0,0,0,0
1991,8,lower,0,0,0,0
1992,1,upper,0,0,0,0
1992,1,lower,1,2,0,0
1992,2,upper,2,0,0,-1
1992,2,lower,4,1,-1,-2
1992,3,upper,2,1,0,-1
1992,3,lower,4,1,-1,-1
1992,4,upper,0,0,0,0
1992,4,lower,0,0,0,0
1992,5,upper,0,0,0,0
1992,5,lower,0,0,0,0
1992,6,upper,0,0,0,0
1992,6,lower,0,0,0,0
1992,7,upper,0,0,0,0
1992,7,lower,0,0,0,0
1992,8,upper,0,0,0,0
1992,8,lower,0,0,0,0
1993,1,upper,1,1,0,1
1993,1,lower,1,1,1,0
1993,2,upper,1,0,-1,0
1993,2,lower,2,2,-1,0
1993,3,upper,1,2,0,-1
1993,3,lower,3,2,0,-2
1993,4,upper,0,0,0,0
1993,4,lower,0,0,0,0
1993,5,upper,0,0,0,0
1993,5,lower,0,0,0,0
1993,6,upper,0,0,0,0
1993,6,lower,0,0,0,0
1993,7,upper,0,0,0,0
1993,7,lower,0,0,0,0
1993,8,upper,0,0,0,0
1993,8,lower,0,0,0,0
1994,1,upper,0,1,-1,1
1994,1,lower,3,1,0,-1
1994,2,upper,0,1,-1,-1
1994,2,lower,2,3,-3,-1
1994,3,upper,1,1,1,0
1994,3,lower,2,1,0,-1
1994,4,upper,0,0,0,0
1994,4,lower,0,0,0,0
1994,5,upper,0,0,0,0
1994,5,lower,0,0,0,0
1994,6,upper,0,0,0,0
1994,6,lower,0,0,0,0
1994,7,upper,0,0,0,0
1994,7,lower,0,0,0,0
1994,8,upper,0,0,0,0
1994,8,lower,0,0,0,0
1995,1,upper,0,0,-1,0
1995,1,lower,2,1,0,0
1995,2,upper,0,0,0,0
1995,2,lower,1,1,-1,0
1995,3,upper,0,1,0,0
1995,3,lower,1,1,-1,-1
1995,4,upper,0,0,0,0
1995,4,lower,0,0,0,0
1995,5,upper,0,0,0,0
1995,5,lower,0,0,0,0
1995,6,upper,0,0,0,0
1995,6,lower,0,0,0,0
1995,7,upper,0,0,0,0
1995,7,lower,0,0,0,0
1995,8,upper,0,0,0,0
1995,8,lower,0,0,0,0
1996,1,upper,0,1,-1,0
1996,1,lower,2,1,0,0
1996,2,upper,1,1,0,-1
1996,2,lower,3,1,-1,-2
1996,3,upper,1,1,-1,0
1996,3,lower,3,1,-1,0
1996,4,upper,0,0,0,0
1996,4,lower,0,0,0,0
1996,5,upper,0,0,0,0
1996,5,lower,0,0,0,0
1996,6,upper,0,0,0,0
1996,6,lower,0,0,0,0
1996,7,upper,0,0,0,0
1996,7,lower,0,0,0,0
1996,8,upper,0,0,0,0
1996,8,lower,0,0,0,0
1997,1,upper,1,1,-1,0
1997,1,lower,3,0,1,1
1997,2,upper,1,1,-1,0
1997,2,lower,3,2,-1,1
1997,3,upper,1,1,0,-1
1997,3,lower,3,1,-3,0
1997,4,upper,0,0,0,0
1997,4,lower,0,0,0,0
1997,5,upper,0,0,0,0
1997,5,lower,0,0,0,0
1997,6,upper,0,0,0,0
1997,6,lower,0,0,0,0
1997,7,upper,0,0,0,0
1997,7,lower,0,0,0,0
1997,8,upper,0,0,0,0
1997,8,lower,0,0,0,0
1998,1,upper,0,1,0,0
1998,1,lower,3,2,0,-1
1998,2,upper,2,1,0,0
1998,2,lower,4,0,-1,0
1998,3,upper,0,0,0,0
1998,3,lower,0,2,0,0
1998,4,upper,0,0,0,0
1998,4,lower,0,0,0,0
1998,5,upper,0,0,0,0
1998,5,lower,0,0,0,0
1998,6,upper,0,0,0,0
1998,6,lower,0,0,0,0
1998,7,upper,0,0,0,0
1998,7,lower,0,0,0,0
1998,8,upper,0,0,0,0
1998,8,lower,0,0,0,0
1999,1,upper,1,0,0,0
1999,1,lower,1,1,-1,-1
1999,2,upper,0,0,0,0
1999,2,lower,2,1,-1,0
1999,3,upper,2,1,0,0
1999,3,lower,3,-1,-1,0
1999,4,upper,0,0,0,0
1999,4,lower,0,0,0,0
1999,5,upper,0,0,0,0
1999,5,lower,0,0,0,0
1999,6,upper,0,0,0,0
1999,6,lower,0,0,0,0
1999,7,upper,0,0,0,0
1999,7,lower,0,0,0,0
1999,8,upper,0,0,0,0
1999,8,lower,0,0,0,0
2000,1,upper,1,1,0,0
2000,1,lower,3,0,0,-1
2000,2,upper,2,0,0,-1
2000,2,lower,3,1,-1,-1
2000,3,upper,1,1,0,-1
2000,3,lower,3,0,-2,-1
2000,4,upper,0,0,0,0
2000,4,lower,0,0,0,0
2000,5,upper,0,0,0,0
2000,5,lower,0,0,0,0
2000,6,upper,0,0,0,0
2000,6,lower,0,0,0,0
2000,7,upper,0,0,0,0
2000,7,lower,0,0,0,0
2000,8,upper,0,0,0,0
2000,8,lower,0,0,0,0
2001,1,upper,1,1,0,0
2001,1,lower,2,0,-1,0
2001,2,upper,0,0,0,-1
2001,2,lower,1,1,-1,-2
2001,3,upper,0,1,0,0
2001,3,lower,4,2,0,-1
2001,4,upper,0,0,0,0
2001,4,lower,0,0,0,0
2001,5,upper,0,0,0,0
2001,5,lower,0,0,0,0
2001,6,upper,0,0,0,0
2001,6,lower,0,0,0,0
2001,7,upper,0,0,0,0
2001,7,lower,0,0,0,0
2001,8,upper,0,0,0,0
2001,8,lower,0,0,0,0
2002,1,upper,0,0,0,-1
2002,1,lower,3,2,-2,0
2002,2,upper,1,0,0,0
2002,2,lower,1,0,1,-1
2002,3,upper,1,0,0,-1
2002,3,lower,0,-1,-1,0
2002,4,upper,0,0,0,0
2002,4,lower,0,0,0,0
2002,5,upper,0,0,0,0
2002,5,lower,0,0,0,0
2002,6,upper,0,0,0,0
2002,6,lower,0,0,0,0
2002,7,upper,0,0,0,0
2002,7,lower,0,0,0,0
2002,8,upper,0,0,0,0
2002,8,lower,0,0,0,0
2003,1,upper,2,0,0,0
2003,1,lower,0,0,-1,0
2003,2,upper,0,2,0,0
2003,2,lower,3,3,0,-1
2003,3,upper,0,1,-1,0
2003,3,lower,3,1,-1,1
2003,4,upper,0,0,0,0
2003,4,lower,0,0,0,0
2003,5,upper,0,0,0,0
2003,5,lower,0,0,0,0
2003,6,upper,0,0,0,0
2003,6,lower,0,0,0,0
2003,7,upper,0,0,0,0
2003,7,lower,0,0,0,0
2003,8,upper,0,0,0,0
2003,8,lower,0,0,0,0
2004,1,upper,0,0,-1,-1
2004,1,lower,0,2,0,1
2004,2,upper,1,1,0,1
2004,2,lower,3,2,1,0
2004,3,upper,1,1,0,1
2004,3,lower,2,0,2,-1
2004,4,upper,0,0,0,0
2004,4,lower,0,0,0,0
2004,5,upper,0,0,0,0
2004,5,lower,0,0,0,0
2004,6,upper,0,0,0,0
2004,6,lower,0,0,0,0
2004,7,upper,0,0,0,0
2004,7,lower,0,0,0,0
2004,8,upper,0,0,0,0
2004,8,lower,0,0,0,0
2005,1,upper,1,1,1,0
2005,1,lower,2,0,-2,-2
2005,2,upper,1,0,0,-1
2005,2,lower,2,0,-1,-1
2005,3,upper,1,2,0,0
2005,3,lower,3,0,-1,1
2005,4,upper,0,0,0,0
2005,4,lower,0,0,0,0
2005,5,upper,0,0,0,0
2005,5,lower,0,0,0,0
2005,6,upper,0,0,0,0
2005,6,lower,0,0,0,0
2005,7,upper,0,0,0,0
2005,7,lower,0,0,0,0
2005,8,upper,0,0,0,0
2005,8,lower,0,0,0,0
2006,1,upper,1,0,-1,-1
2006,1,lower,0,1,-1,1
2006,2,upper,0,0,-1,0
2006,2,lower,2,2,-2,0
2006,3,upper,1,0,0,0
2006,3,lower,0,1,-1,-1
2006,4,upper,0,0,0,0
2006,4,lower,0,0,0,0
2006,5,upper,0,0,0,0
2006,5,lower,0,0,0,0
2006,6,upper,0,0,0,0
2006,6,lower,0,0,0,0
2006,7,upper,0,0,0,0
2006,7,lower,0,0,0,0
2006,8,upper,0,0,0,0
2006,8,lower,0,0,0,0
2007,1,upper,0,0,0,0
2007,1,lower,2,2,0,-1
2007,2,upper,0,0,-1,0
2007,2,lower,1,1,0,0
2007,3,upper,0,1,0,-1
2007,3,lower,2,1,-1,0
2007,4,upper,0,0,0,0
2007,4,lower,0,0,0,0
2007,5,upper,0,0,0,0
2007,5,lower,0,0,0,0
2007,6,upper,0,0,0,0
2007,6,lower,0,0,0,0
2007,7,upper,0,0,0,0
2007,7,lower,0,0,0,0
2007,8,upper,0,0,0,0
2007,8,lower,0,0,0,0
2008,1,upper,1,1,-1,0
2008,1,lower,1,1,-1,1
2008,2,upper,1,1,0,0
2008,2,lower,3,0,-1,0
2008,3,upper,0,0,-1,0
2008,3,lower,2,0,0,1
2008,4,upper,0,0,0,0
2008,4,lower,0,0,0,0
2008,5,upper,0,0,0,0
2008,5,lower,0,0,0,0
2008,6,upper,0,0,0,0
2008,6,lower,0,0,0,0
2008,7,upper,0,0,0,0
2008,7,lower,0,0,0,0
2008,8,upper,0,0,0,0
2008,8,lower,0,0,0,0
2009,1,upper,1,1,1,0
2009,1,lower,2,1,-2,-2
2009,2,upper,1,1,0,0
2009,2,lower,3,1,0,-1
2009,3,upper,0,0,0,-1
2009,3,lower,2,1,0,0
2009,4,upper,0,0,0,0
2009,4,lower,0,0,0,0
2009,5,upper,0,0,0,0
2009,5,lower,0,0,0,0
2009,6,upper,0,0,0,0
2009,6,lower,0,0,0,0
2009,7,upper,0,0,0,0
2009,7,lower,0,0,0,0
2009,8,upper,0,0,0,0
2009,8,lower,0,0,0,0
2010,1,upper,1,0,1,-1
2010,1,lower,1,1,-2,0
2010,2,upper,1,1,0,0
2010,2,lower,3,1,0,0
2010,3,upper,1,1,-1,0
2010,3,lower,2,0,0,0
2010,4,upper,0,0,0,0
2010,4,lower,0,0,0,0
2010,5,upper,0,0,0,0
2010,5,lower,0,0,0,0
2010,6,upper,0,0,0,0
2010,6,lower,0,0,0,0
2010,7,upper,0,0,0,0
2010,7,lower,0,0,0,0
2010,8,upper,0,0,0,0
2010,8,lower,0,0,0,0
2011,1,upper,1,1,1,0
2011,1,lower,2,1,-1,-1
2011,2,upper,1,1,-1,0
2011,2,lower,3,1,-1,2
2011,3,upper,1,1,-1,0
2011,3,lower,1,0,0,1
2011,4,upper,0,0,0,0
2011,4,lower,0,0,0,0
2011,5,upper,0,0,0,0
2011,5,lower,0,0,0,0
2011,6,upper,0,0,0,0
2011,6,lower,0,0,0,0
2011,7,upper,0,0,0,0
2011,7,lower,0,0,0,0
2011,8,upper,0,0,0,0
2011,8,lower,0,0,0,0
2012,1,upper,1,0,1,-1
2012,1,lower,1,1,-2,-1
2012,2,upper,0,0,-1,-1
2012,2,lower,1,2,-2,0
2012,3,upper,1,0,0,-1
2012,3,lower,1,0,-2,0
2012,4,upper,0,0,0,0
2012,4,lower,0,0,0,0
2012,5,upper,0,0,0,0
2012,5,lower,0,0,0,0
2012,6,upper,0,0,0,0
2012,6,lower,0,0,0,0
2012,7,upper,0,0,0,0
2012,7,lower,0,0,0,0
2012,8,upper,0,0,0,0
2012,8,lower,0,0,0,0
2013,1,upper,0,1,0,0
2013,1,lower,2,1,-1,-1
2013,2,upper,0,0,-1,0
2013,2,lower,1,2,0,0
2013,3,upper,1,1,0,0
2013,3,lower,1,1,0,-1
2013,4,upper,0,0,0,0
2013,4,lower,0,0,0,0
2013,5,upper,0,0,0,0
2013,5,lower,0,0,0,0
2013,6,upper,0,0,0,0
2013,6,lower,0,0,0,0
2013,7,upper,0,0,0,0
2013,7,lower,0,0,0,0
2013,8,upper,0,0,0,0
2013,8,lower,0,0,0,0
2014,1,upper,1,0,-1,0
2014,1,lower,1,0,1,-1
2014,2,upper,1,1,0,-1
2014,2,lower,2,0,-2,-1
2014,3,upper,1,1,0,0
2014,3,lower,1,-1,-1,-1
2014,4,upper,0,0,0,0
2014,4,lower,0,0,0,0
2014,5,upper,0,0,0,0
2014,5,lower,0,0,0,0
2014,6,upper,0,0,0,0
2014,6,lower,0,0,0,0
2014,7,upper,0,0,0,0
2014,7,lower,0,0,0,0
2014,8,upper,0,0,0,0
2014,8,lower,0,0,0,0
2015,1,upper,0,0,0,-1
2015,1,lower,1,0,-1,0
2015,2,upper,0,1,0,0
2015,2,lower,2,2,0,0
2015,3,upper,1,1,0,0
2015,3,lower,1,-1,0,0
2015,4,upper,0,0,0,0
2015,4,lower,0,0,0,0
2015,5,upper,0,0,0,0
2015,5,lower,0,0,0,0
2015,6,upper,0,0,0,0
2015,6,lower,0,0,0,0
2015,7,upper,0,0,0,0
2015,7,lower,0,0,0,0
2015,8,upper,0,0,0,0
2015,8,lower,0,0,0,0
2016,1,upper,1,1,-1,0
2016,1,lower,0,0,1,0
2016,2,upper,1,1,1,-1
2016,2,lower,3,1,-2,-1
2016,3,upper,1,0,0,0
2016,3,lower,0,1,-1,-1
2016,4,upper,0,0,0,0
2016,4,lower,0,0,0,0
2016,5,upper,0,0,0,0
2016,5,lower,0,0,0,0
2016,6,upper,0,0,0,0
2016,6,lower,0,0,0,0
2016,7,upper,0,0,0,0
2016,7,lower,0,0,0,0
2016,8,upper,0,0,0,0
2016,8,lower,0,0,0,0
2017,1,upper,1,0,-1,0
2017,1,lower,0,1,0,0
2017,2,upper,1,0,-1,0
2017,2,lower,0,-1,0,1
2017,3,upper,1,1,-1,1
2017,3,lower,1,0,0,-2
2017,4,upper,0,0,0,0
2017,4,lower,0,0,0,0
2017,5,upper,0,0,0,0
2017,5,lower,0,0,0,0
2017,6,upper,0,0,0,0
2017,6,lower,0,0,0,0
2017,7,upper,0,0,0,0
2017,7,lower,0,0,0,0
2017,8,upper,0,0,0,0
2017,8,lower,0,0,0,0
2018,1,upper,1,1,1,0
2018,1,lower,2,0,-1,-1
2018,2,upper,1,1,0,0
2018,2,lower,2,1,0,-1
2018,3,upper,1,1,1,-1
2018,3,lower,1,1,1,-1
2018,4,upper,0,0,0,0
2018,4,lower,0,0,0,0
2018,5,upper,0,0,0,0
2018,5,lower,0,0,0,0
2018,6,upper,0,0,0,0
2018,6,lower,0,0,0,0
2018,7,upper,0,0,0,0
2018,7,lower,0,0,0,0
2018,8,upper,0,0,0,0
2018,8,lower,0,0,0,0
2019,1,upper,0,0,-1,-1
2019,1,lower,1,1,0,2
2019,2,upper,2,1,-1,0
2019,2,lower,3,0,-1,0
2019,3,upper,0,0,0,0
2019,3,lower,1,1,-1,0
2019,4,upper,1,1,0,1
2019,4,lower,1,1,0,1
2019,5,upper,0,0,0,0
2019,5,lower,0,0,0,0
2019,6,upper,0,0,0,0
2019,6,lower,0,0,0,0
2019,7,upper,0,0,0,0
2019,7,lower,0,0,0,0
2019,8,upper,0,0,0,0
2019,8,lower,0,0,0,0
2020,1,upper,1,1,0,-1
2020,1,lower,1,0,-2,1
2020,2,upper,0,1,0,0
2020,2,lower,2,1,-1,-1
2020,3,upper,1,1,0,-1
2020,3,lower,3,3,-1,-2
2020,4,upper,0,1,0,-1
2020,4,lower,2,2,0,-1
2020,5,upper,0,0,0,0
2020,5,lower,0,0,0,0
2020,6,upper,0,0,0,0
2020,6,lower,0,0,0,0
2020,7,upper,0,0,0,0
2020,7,lower,0,0,0,0
2020,8,upper,0,0,0,0
2020,8,lower,0,0,0,0
2021,1,upper,0,0,-1,0
2021,1,lower,1,1,1,0
2021,2,upper,1,1,0,0
2021,2,lower,2,0,-1,0
2021,3,upper,0,0,1,0
2021,3,lower,3,2,0,-1
2021,4,upper,0,1,0,0
2021,4,lower,1,2,0,0
2021,5,upper,0,0,0,0
2021,5,lower,0,0,0,0
2021,6,upper,0,0,0,0
2021,6,lower,0,0,0,0
2021,7,upper,0,0,0,0
2021,7,lower,0,0,0,0
2021,8,upper,0,0,0,0
2021,8,lower,0,0,0,0
2022,1,upper,0,1,0,1
2022,1,lower,2,0,1,-3
2022,2,upper,0,1,-1,-1
2022,2,lower,3,2,-1,0
2022,3,upper,1,0,0,0
2022,3,lower,3,0,0,-1
2022,4,upper,1,1,0,0
2022,4,lower,3,3,0,0
2022,5,upper,0,0,0,0
2022,5,lower,0,0,0,0
2022,6,upper,0,0,0,0
2022,6,lower,0,0,0,0
2022,7,upper,0,0,0,0
2022,7,lower,0,0,0,0
2022,8,upper,0,0,0,0
2022,8,lower,0,0,0,0
2023,1,upper,0,1,-1,0
2023,1,lower,2,0,0,1
2023,2,upper,1,1,-1,0
2023,2,lower,2,0,1,-1
2023,3,upper,1,0,-1,0
2023,3,lower,2,2,-1,0
2023,4,upper,1,1,-1,-1
2023,4,lower,4,1,-3,0
2023,5,upper,0,0,0,0
2023,5,lower,0,0,0,0
2023,6,upper,0,0,0,0
2023,6,lower,0,0,0,0
2023,7,upper,0,0,0,0
2023,7,lower,0,0,0,0
2023,8,upper,0,0,0,0
2023,8,lower,0,0,0,0
2024,1,upper,1,0,-1,0
2024,1,lower,1,2,0,1
2024,2,upper,0,1,-1,0
2024,2,lower,3,1,0,1
2024,3,upper,0,2,0,-1
2024,3,lower,2,3,-1,-2
2024,4,upper,1,1,0,0
2024,4,lower,3,1,0,-1
2024,5,upper,0,0,0,0
2024,5,lower,0,0,0,0
2024,6,upper,0,0,0,0
2024,6,lower,0,0,0,0
2024,7,upper,0,0,0,0
2024,7,lower,0,0,0,0
2024,8,upper,0,0,0,0
2024,8,lower,0,0,0,0
2025,1,upper,2,2,0,0
2025,1,lower,1,-2,0,-1
2025,2,upper,1,1,0,-1
2025,2,lower,2,1,-1,0
2025,3,upper,1,0,0,0
2025,3,lower,2,0,0,-1
2025,4,upper,1,1,0,0
2025,4,lower,3,0,-1,-1
2025,5,upper,0,0,0,0
2025,5,lower,0,0,0,0
2025,6,upper,0,0,0,0
2025,6,lower,0,0,0,0
2025,7,upper,0,0,0,0
2025,7,lower,0,0,0,0
2025,8,upper,0,0,0,0
2025,8,lower,0,0,0,0
2026,1,upper,1,0,0,0
2026,1,lower,0,1,-1,1
2026,2,upper,1,1,0,1
2026,2,lower,1,0,1,-1
2026,3,upper,1,1,0,1
2026,3,lower,2,2,1,1
2026,4,upper,0,2,0,0
2026,4,lower,3,2,-1,-1
2026,5,upper,0,0,0,0
2026,5,lower,0,0,0,0
2026,6,upper,0,0,0,0
2026,6,lower,0,0,0,0
2026,7,upper,0,0,0,0
2026,7,lower,0,0,0,0
2026,8,upper,0,0,0,0
2026,8,lower,0,0,0,0
2027,1,upper,1,0,1,0
2027,1,lower,1,2,-2,-1
2027,2,upper,1,0,-1,0
2027,2,lower,2,0,0,0
2027,3,upper,1,1,1,1
2027,3,lower,3,2,1,0
2027,4,upper,0,1,-1,0
2027,4,lower,1,0,0,1
2027,5,upper,0,0,0,0
2027,5,lower,0,0,0,0
2027,6,upper,0,0,0,0
2027,6,lower,0,0,0,0
2027,7,upper,0,0,0,0
2027,7,lower,0,0,0,0
2027,8,upper,0,0,0,0
2027,8,lower,0,0,0,0
2028,1,upper,1,1,-1,-1
2028,1,lower,1,0,0,1
2028,2,upper,1,1,0,-1
2028,2,lower,1,0,-1,0
2028,3,upper,1,1,0,0
2028,3,lower,3,1,-1,-1
2028,4,upper,0,0,0,0
2028,4,lower,1,1,-1,0
2028,5,upper,0,0,0,0
2028,5,lower,0,0,0,0
2028,6,upper,0,0,0,0
2028,6,lower,0,0,0,0
2028,7,upper,0,0,0,0
2028,7,lower,0,0,0,0
2028,8,upper,0,0,0,0
2028,8,lower,0,0,0,0
2029,1,upper,1,0,1,0
2029,1,lower,0,0,-2,-1
2029,2,upper,0,1,0,0
2029,2,lower,3,1,-1,0
2029,3,upper,0,0,0,0
2029,3,lower,1,1,-1,-2
2029,4,upper,1,1,0,0
2029,4,lower,3,0,-1,1
2029,5,upper,0,0,0,0
2029,5,lower,0,0,0,0
2029,6,upper,0,0,0,0
2029,6,lower,0,0,0,0
2029,7,upper,0,0,0,0
2029,7,lower,0,0,0,0
2029,8,upper,0,0,0,0
2029,8,lower,0,0,0,0
2030,1,upper,1,1,-1,0
2030,1,lower,1,0,1,1
2030,2,upper,0,1,0,-1
2030,2,lower,2,1,-1,1
2030,3,upper,0,1,0,0
2030,3,lower,3,2,0,-1
2030,4,upper,1,1,0,0
2030,4,lower,2,0,0,0
2030,5,upper,0,0,0,0
2030,5,lower,0,0,0,0
2030,6,upper,0,0,0,0
2030,6,lower,0,0,0,0
2030,7,upper,0,0,0,0
2030,7,lower,0,0,0,0
2030,8,upper,0,0,0,0
2030,8,lower,0,0,0,0
2031,1,upper,0,1,0,0
2031,1,lower,2,1,-1,-1
2031,2,upper,0,2,0,0
2031,2,lower,3,0,0,0
2031,3,upper,1,1,-1,0
2031,3,lower,2,0,-1,0
2031,4,upper,1,0,0,0
2031,4,lower,0,1,0,0
2031,5,upper,0,0,0,0
2031,5,lower,0,0,0,0
2031,6,upper,0,0,0,0
2031,6,lower,0,0,0,0
2031,7,upper,0,0,0,0
2031,7,lower,0,0,0,0
2031,8,upper,0,0,0,0
2031,8,lower,0,0,0,0
2032,1,upper,1,0,0,0
2032,1,lower,1,2,0,-1
2032,2,upper,2,1,0,0
2032,2,lower,1,-1,0,-1
2032,3,upper,1,2,0,0
2032,3,lower,3,0,-1,0
2032,4,upper,1,1,0,0
2032,4,lower,1,0,0,-1
2032,5,upper,0,0,0,0
2032,5,lower,0,0,0,0
2032,6,upper,0,0,0,0
2032,6,lower,0,0,0,0
2032,7,upper,0,0,0,0
2032,7,lower,0,0,0,0
2032,8,upper,0,0,0,0
2032,8,lower,0,0,0,0
2033,1,upper,1,1,0,1
2033,1,lower,1,0,1,-1
2033,2,upper,1,1,-1,0
2033,2,lower,3,0,1,0
2033,3,upper,1,1,0,0
2033,3,lower,2,0,-2,-1
2033,4,upper,0,1,-1,0
2033,4,lower,2,1,0,1
2033,5,upper,0,0,0,0
2033,5,lower,0,0,0,0
2033,6,upper,0,0,0,0
2033,6,lower,0,0,0,0
2033,7,upper,0,0,0,0
2033,7,lower,0,0,0,0
2033,8,upper,0,0,0,0
2033,8,lower,0,0,0,0
2034,1,upper,1,1,0,-1
2034,1,lower,1,1,0,-1
2034,2,upper,1,0,-1,0
2034,2,lower,1,1,0,1
2034,3,upper,1,0,0,0
2034,3,lower,0,-1,0,0
2034,4,upper,1,0,-1,0
2034,4,lower,1,0,1,0
2034,5,upper,0,0,0,0
2034,5,lower,0,0,0,0
2034,6,upper,0,0,0,0
2034,6,lower,0,0,0,0
2034,7,upper,0,0,0,0
2034,7,lower,0,0,0,0
2034,8,upper,0,0,0,0
2034,8,lower,0,0,0,0
2035,1,upper,1,1,-1,0
2035,1,lower,0,1,-1,1
2035,2,upper,1,0,0,-1
2035,2,lower,1,1,-1,1
2035,3,upper,0,1,0,0
2035,3,lower,1,1,-1,-1
2035,4,upper,1,0,0,1
2035,4,lower,1,0,0,1
2035,5,upper,0,0,0,0
2035,5,lower,0,0,0,0
2035,6,upper,0,0,0,0
2035,6,lower,0,0,0,0
2035,7,upper,0,0,0,0
2035,7,lower,0,0,0,0
2035,8,upper,0,0,0,0
2035,8,lower,0,0,0,0
2036,1,upper,0,1,0,0
2036,1,lower,2,0,0,-1
2036,2,upper,1,1,0,0
2036,2,lower,1,1,-1,0
2036,3,upper,1,1,0,-1
2036,3,lower,1,1,-2,0
2036,4,upper,1,1,0,0
2036,4,lower,2,2,1,-1
2036,5,upper,0,1,0,-1
2036,5,lower,0,1,0,-1
2036,6,upper,0,0,0,0
2036,6,lower,0,0,0,0
2036,7,upper,0,0,0,0
2036,7,lower,0,0,0,0
2036,8,upper,0,0,0,0
2036,8,lower,0,0,0,0
2037,1,upper,1,1,-1,0
2037,1,lower,1,1,0,-1
2037,2,upper,1,0,-1,0
2037,2,lower,0,0,1,0
2037,3,upper,1,0,0,0
2037,3,lower,1,1,1,-1
2037,4,upper,0,1,-1,0
2037,4,lower,3,4,-2,-1
2037,5,upper,0,1,-1,0
2037,5,lower,3,2,-1,0
2037,6,upper,0,0,0,0
2037,6,lower,0,0,0,0
2037,7,upper,0,0,0,0
2037,7,lower,0,0,0,0
2037,8,upper,0,0,0,0
2037,8,lower,0,0,0,0
2038,1,upper,0,0,0,0
2038,1,lower,1,2,-2,-1
2038,2,upper,1,1,0,1
2038,2,lower,1,1,0,-1
2038,3,upper,1,1,0,0
2038,3,lower,1,0,1,-1
2038,4,upper,0,0,0,0
2038,4,lower,1,2,-1,-1
2038,5,upper,1,0,1,0
2038,5,lower,3,1,0,-1
2038,6,upper,0,0,0,0
2038,6,lower,0,0,0,0
2038,7,upper,0,0,0,0
2038,7,lower,0,0,0,0
2038,8,upper,0,0,0,0
2038,8,lower,0,0,0,0
2039,1,upper,1,1,0,0
2039,1,lower,2,1,0,-1
2039,2,upper,0,1,0,-1
2039,2,lower,2,1,-1,1
2039,3,upper,2,2,0,0
2039,3,lower,3,-1,1,0
2039,4,upper,0,1,-1,0
2039,4,lower,2,2,-1,1
2039,5,upper,1,0,1,0
2039,5,lower,2,2,0,-2
2039,6,upper,0,0,0,0
2039,6,lower,0,0,0,0
2039,7,upper,0,0,0,0
2039,7,lower,0,0,0,0
2039,8,upper,0,0,0,0
2039,8,lower,0,0,0,0
2040,1,upper,0,0,0,0
2040,1,lower,2,1,-1,0
2040,2,upper,1,2,0,-1
2040,2,lower,1,0,0,1
2040,3,upper,0,0,-1,0
2040,3,lower,2,2,0,1
2040,4,upper,0,0,-1,-1
2040,4,lower,2,2,-1,0
2040,5,upper,0,0,0,0
2040,5,lower,0,0,0,0
2040,6,upper,0,0,0,0
2040,6,lower,0,0,0,0
2040,7,upper,0,0,0,0
2040,7,lower,0,0,0,0
2040,8,upper,0,0,0,0
2040,8,lower,0,0,0,0
2041,1,upper,1,0,0,-1
2041,1,lower,1,1,0,0
2041,2,upper,0,1,-1,0
2041,2,lower,2,0,1,0
2041,3,upper,1,1,0,0
2041,3,lower,1,0,0,-1
2041,4,upper,0,1,0,0
2041,4,lower,3,2,-1,-1
2041,5,upper,1,1,-1,0
2041,5,lower,2,0,-1,-1
2041,6,upper,0,0,0,0
2041,6,lower,0,0,0,0
2041,7,upper,0,0,0,0
2041,7,lower,0,0,0,0
2041,8,upper,0,0,0,0
2041,8,lower,0,0,0,0
2042,1,upper,1,0,0,0
2042,1,lower,0,2,0,0
2042,2,upper,0,1,-1,-1
2042,2,lower,2,1,1,0
2042,3,upper,1,1,0,-1
2042,3,lower,2,0,-1,-1
2042,4,upper,0,1,1,0
2042,4,lower,3,2,-1,-1
2042,5,upper,1,1,0,-1
2042,5,lower,1,1,-1,-1
2042,6,upper,0,0,0,0
2042,6,lower,0,0,0,0
2042,7,upper,0,0,0,0
2042,7,lower,0,0,0,0
2042,8,upper,0,0,0,0
2042,8,lower,0,0,0,0
2043,1,upper,1,1,1,1
2043,1,lower,1,0,0,-1
2043,2,upper,1,2,-1,0
2043,2,lower,0,-1,0,1
2043,3,upper,0,1,0,0
2043,3,lower,2,1,0,0
2043,4,upper,1,1,-1,-1
2043,4,lower,1,-1,-1,1
2043,5,upper,1,0,-1,0
2043,5,lower,1,1,1,1
2043,6,upper,0,0,0,0
2043,6,lower,0,0,0,0
2043,7,upper,0,0,0,0
2043,7,lower,0,0,0,0
2043,8,upper,0,0,0,0
2043,8,lower,0,0,0,0
2044,1,upper,1,1,1,0
2044,1,lower,0,-1,-2,0
2044,2,upper,1,1,-1,-1
2044,2,lower,0,-1,0,1
2044,3,upper,1,1,0,0
2044,3,lower,2,1,0,0
2044,4,upper,2,1,-1,-1
2044,4,lower,2,-1,-1,1
2044,5,upper,1,1,-1,-1
2044,5,lower,1,1,-1,-1
2044,6,upper,0,0,0,0
2044,6,lower,0,0,0,0
2044,7,upper,0,0,0,0
2044,7,lower,0,0,0,0
2044,8,upper,0,0,0,0
2044,8,lower,0,0,0,0
2045,1,upper,1,0,-1,-1
2045,1,lower,1,3,-1,1
2045,2,upper,1,1,-1,0
2045,2,lower,0,0,0,0
2045,3,upper,1,1,0,0
2045,3,lower,2,1,-1,0
2045,4,upper,0,1,0,0
2045,4,lower,3,1,-1,-1
2045,5,upper,2,1,-1,0
2045,5,lower,4,2,-1,-1
2045,6,upper,1,1,0,-1
2045,6,lower,1,1,0,-1
2045,7,upper,0,0,0,0
2045,7,lower,0,0,0,0
2045,8,upper,0,0,0,0
2045,8,lower,0,0,0,0
2046,1,upper,1,1,0,0
2046,1,lower,0,1,-1,-1
2046,2,upper,0,2,0,0
2046,2,lower,1,0,-1,-1
2046,3,upper,1,0,0,0
2046,3,lower,1,1,0,-1
2046,4,upper,1,0,0,-1
2046,4,lower,1,0,0,0
2046,5,upper,1,0,0,-1
2046,5,lower,1,1,0,-1
2046,6,upper,1,1,0,1
2046,6,lower,2,2,1,0
2046,7,upper,0,0,0,0
2046,7,lower,0,0,0,0
2046,8,upper,0,0,0,0
2046,8,lower,0,0,0,0
2047,1,upper,1,2,0,0
2047,1,lower,0,-1,0,0
2047,2,upper,1,1,-1,1
2047,2,lower,0,0,1,-1
2047,3,upper,0,1,0,0
2047,3,lower,2,2,0,-1
2047,4,upper,1,1,-1,1
2047,4,lower,2,1,1,0
2047,5,upper,0,0,0,-1
2047,5,lower,3,1,-2,-2
2047,6,upper,1,2,0,0
2047,6,lower,2,-1,0,0
2047,7,upper,0,0,0,0
2047,7,lower,0,0,0,0
2047,8,upper,0,0,0,0
2047,8,lower,0,0,0,0
2048,1,upper,0,1,0,0
2048,1,lower,0,1,0,0
2048,2,upper,1,1,0,-1
2048,2,lower,0,1,0,0
2048,3,upper,2,1,0,-1
2048,3,lower,0,0,-1,1
2048,4,upper,0,1,0,0
2048,4,lower,2,0,-1,-1
2048,5,upper,0,1,0,0
2048,5,lower,1,0,0,0
2048,6,upper,1,1,0,0
2048,6,lower,2,1,0,1
2048,7,upper,0,0,0,0
2048,7,lower,0,0,0,0
2048,8,upper,0,0,0,0
2048,8,lower,0,0,0,0
2049,1,upper,0,1,0,1
2049,1,lower,1,2,0,0
2049,2,upper,1,0,0,-1
2049,2,lower,1,0,0,-1
2049,3,upper,1,1,0,0
2049,3,lower,1,1,-1,0
2049,4,upper,0,2,0,-1
2049,4,lower,2,-1,0,1
2049,5,upper,1,0,0,-1
2049,5,lower,1,-1,-1,0
2049,6,upper,2,1,0,0
2049,6,lower,2,1,0,0
2049,7,upper,0,0,0,0
2049,7,lower,0,0,0,0
2049,8,upper,0,0,0,0
2049,8,lower,0,0,0,0
2050,1,upper,1,1,1,0
2050,1,lower,3,3,0,0
2050,2,upper,0,1,-1,0
2050,2,lower,2,3,-1,-1
2050,3,upper,2,1,0,0
2050,3,lower,2,1,0,0
2050,4,upper,1,0,0,0
2050,4,lower,0,1,0,0
2050,5,upper,1,0,-1,1
2050,5,lower,1,2,2,-1
2050,6,upper,0,0,-1,0
2050,6,lower,1,2,-1,-1
2050,7,upper,0,0,0,0
2050,7,lower,0,0,0,0
2050,8,upper,0,0,0,0
2050,8,lower,0,0,0,0
2051,1,upper,1,2,0,0
2051,1,lower,3,4,-1,0
2051,2,upper,1,0,0,0
2051,2,lower,3,3,-1,-1
2051,3,upper,0,2,0,0
2051,3,lower,2,3,-1,0
2051,4,upper,1,0,0,0
2051,4,lower,1,0,0,0
2051,5,upper,0,1,0,-1
2051,5,lower,2,1,-1,1
2051,6,upper,1,2,0,0
2051,6,lower,2,-1,0,0
2051,7,upper,1,1,1,1
2051,7,lower,1,-1,1,-1
2051,8,upper,0,0,0,0
2051,8,lower,0,0,0,0
2052,1,upper,0,1,-1,-1
2052,1,lower,2,3,-2,-2
2052,2,upper,0,1,0,-1
2052,2,lower,2,2,-2,-1
2052,3,upper,0,1,-1,-1
2052,3,lower,3,3,-1,-1
2052,4,upper,1,2,-1,0
2052,4,lower,3,2,-1,0
2052,5,upper,2,0,-1,0
2052,5,lower,2,0,-1,0
2052,6,upper,1,1,1,1
2052,6,lower,1,1,-1,-2
2052,7,upper,1,1,-1,-1
2052,7,lower,1,1,-1,-1
2052,8,upper,0,0,0,0
2052,8,lower,0,0,0,0
2053,1,upper,2,0,0,0
2053,1,lower,3,2,0,-1
2053,2,upper,1,1,0,1
2053,2,lower,3,2,0,0
2053,3,upper,1,0,-1,0
2053,3,lower,3,1,-1,0
2053,4,upper,1,1,0,1
2053,4,lower,4,1,0,0
2053,5,upper,1,2,-1,0
2053,5,lower,3,3,-2,-1
2053,6,upper,2,1,0,0
2053,6,lower,2,1,0,0
2053,7,upper,1,1,-1,0
2053,7,lower,1,-1,0,1
2053,8,upper,1,0,1,0
2053,8,lower,1,0,1,0
2054,1,upper,0,0,-1,0
2054,1,lower,2,1,-1,0
2054,2,upper,1,1,-1,-1
2054,2,lower,3,2,-3,-1
2054,3,upper,1,0,0,-1
2054,3,lower,3,1,0,-2
2054,4,upper,1,0,-1,0
2054,4,lower,2,1,-2,0
2054,5,upper,1,1,0,0
2054,5,lower,3,1,-1,-1
2054,6,upper,0,1,-1,0
2054,6,lower,4,2,-2,0
2054,7,upper,0,1,0,0
2054,7,lower,0,1,0,0
2054,8,upper,1,0,0,0
2054,8,lower,1,0,0,0
2055,1,upper,1,1,1,-1
2055,1,lower,3,3,1,-2
2055,2,upper,1,1,0,0
2055,2,lower,2,2,-1,0
2055,3,upper,1,1,0,-1
2055,3,lower,2,2,0,-2
2055,4,upper,1,0,0,0
2055,4,lower,3,1,1,-1
2055,5,upper,1,1,-1,0
2055,5,lower,2,0,-1,0
2055,6,upper,2,1,0,-1
2055,6,lower,1,-2,-1,0
2055,7,upper,0,1,0,1
2055,7,lower,1,0,1,0
2055,8,upper,1,0,-1,0
2055,8,lower,1,0,-1,0
2056,1,upper,1,0,0,0
2056,1,lower,2,0,-1,-1
2056,2,upper,0,1,0,-1
2056,2,lower,2,2,-1,0
2056,3,upper,1,1,0,0
2056,3,lower,2,1,-1,-1
2056,4,upper,0,0,0,0
2056,4,lower,2,1,0,0
2056,5,upper,1,1,-1,-1
2056,5,lower,1,-1,-1,1
2056,6,upper,1,1,-1,0
2056,6,lower,2,0,1,1
2056,7,upper,2,0,0,0
2056,7,lower,2,0,0,0
2056,8,upper,1,1,0,-1
2056,8,lower,1,1,0,-1
2057,1,upper,1,0,0,0
2057,1,lower,2,1,0,0
2057,2,upper,0,2,0,-1
2057,2,lower,3,3,-1,-1
2057,3,upper,0,0,0,0
2057,3,lower,1,1,-1,0
2057,4,upper,1,0,0,0
2057,4,lower,2,0,0,0
2057,5,upper,1,1,1,0
2057,5,lower,3,0,0,-2
2057,6,upper,1,1,-1,1
2057,6,lower,1,1,-1,1
2057,7,upper,0,1,0,0
2057,7,lower,1,0,0,0
2057,8,upper,1,1,-1,0
2057,8,lower,1,1,-1,0
2058,1,upper,0,1,-1,0
2058,1,lower,1,2,-1,1
2058,2,upper,0,0,0,-1
2058,2,lower,2,2,0,-1
2058,3,upper,2,1,0,0
2058,3,lower,4,1,-1,0
2058,4,upper,1,1,0,-1
2058,4,lower,3,1,-2,-1
2058,5,upper,1,1,-1,0
2058,5,lower,2,1,-1,0
2058,6,upper,1,1,0,0
2058,6,lower,2,2,0,0
2058,7,upper,0,0,0,0
2058,7,lower,0,0,0,0
2058,8,upper,1,0,0,0
2058,8,lower,1,0,0,0
2059,1,upper,1,1,0,0
2059,1,lower,2,1,0,0
2059,2,upper,0,1,0,0
2059,2,lower,2,2,-1,0
2059,3,upper,0,1,-1,-1
2059,3,lower,3,2,-3,0
2059,4,upper,2,0,0,0
2059,4,lower,0,-2,0,0
2059,5,upper,1,0,0,0
2059,5,lower,1,1,-1,-1
2059,6,upper,0,0,0,0
2059,6,lower,0,0,0,0
2059,7,upper,1,0,0,0
2059,7,lower,0,-1,0,0
2059,8,upper,1,2,0,0
2059,8,lower,1,2,0,0
2060,1,upper,0,1,0,-1
2060,1,lower,3,3,0,-1
2060,2,upper,2,1,-1,-1
2060,2,lower,4,1,-2,-1
2060,3,upper,1,1,1,-1
2060,3,lower,4,2,-1,-2
2060,4,upper,0,0,0,-1
2060,4,lower,2,2,-1,0
2060,5,upper,1,0,-1,-1
2060,5,lower,1,0,-1,-1
2060,6,upper,0,0,0,-1
2060,6,lower,1,2,0,1
2060,7,upper,1,1,1,-1
2060,7,lower,1,1,1,-1
2060,8,upper,1,2,-1,0
2060,8,lower,1,2,-1,0
2061,1,upper,0,1,0,0
2061,1,lower,2,2,0,-1
2061,2,upper,1,0,-1,0
2061,2,lower,2,2,-1,0
2061,3,upper,1,2,0,0
2061,3,lower,3,1,1,0
2061,4,upper,1,1,-1,-1
2061,4,lower,2,0,-1,1
2061,5,upper,1,1,-1,-1
2061,5,lower,3,2,-3,-1
2061,6,upper,0,0,0,-1
2061,6,lower,0,0,0,-1
2061,7,upper,0,0,0,0
2061,7,lower,0,0,0,0
2061,8,upper,0,1,0,-1
2061,8,lower,0,1,0,-1
2062,1,upper,0,1,-1,0
2062,1,lower,2,3,-1,0
2062,2,upper,1,0,-1,1
2062,2,lower,2,1,0,0
2062,3,upper,1,1,0,0
2062,3,lower,3,2,-1,0
2062,4,upper,1,1,-1,0
2062,4,lower,2,0,-1,1
2062,5,upper,1,0,0,0
2062,5,lower,2,2,0,-1
2062,6,upper,0,1,0,-1
2062,6,lower,3,3,-1,0
2062,7,upper,1,1,0,0
2062,7,lower,1,1,0,0
2062,8,upper,1,1,0,0
2062,8,lower,1,1,0,0
2063,1,upper,0,1,-1,0
2063,1,lower,1,2,-2,1
2063,2,upper,0,1,0,-1
2063,2,lower,2,2,-2,-2
2063,3,upper,1,1,0,0
2063,3,lower,4,0,-1,1
2063,4,upper,1,2,-1,-1
2063,4,lower,2,-2,-1,1
2063,5,upper,1,0,1,0
2063,5,lower,2,1,-1,-2
2063,6,upper,0,0,-1,0
2063,6,lower,0,0,0,1
2063,7,upper,1,2,0,-1
2063,7,lower,2,-1,-1,0
2063,8,upper,0,1,0,0
2063,8,lower,0,1,0,0
2064,1,upper,1,1,0,-1
2064,1,lower,2,3,-1,-1
2064,2,upper,1,0,0,-1
2064,2,lower,3,1,-2,-2
2064,3,upper,1,1,0,-1
2064,3,lower,2,1,-1,-1
2064,4,upper,1,1,0,1
2064,4,lower,1,0,-1,-1
2064,5,upper,0,1,0,0
2064,5,lower,1,0,0,0
2064,6,upper,1,0,-1,0
2064,6,lower,1,1,0,-1
2064,7,upper,0,2,0,0
2064,7,lower,0,2,0,0
2064,8,upper,1,1,0,-1
2064,8,lower,1,1,0,-1
2065,1,upper,1,2,0,-1
2065,1,lower,4,3,-1,-2
2065,2,upper,1,1,0,-1
2065,2,lower,4,1,-1,-1
2065,3,upper,1,1,-1,-1
2065,3,lower,3,0,-1,0
2065,4,upper,0,1,0,0
2065,4,lower,2,1,0,-1
2065,5,upper,1,0,0,0
2065,5,lower,0,1,0,0
2065,6,upper,1,1,-1,-1
2065,6,lower,1,1,-1,-1
2065,7,upper,2,1,-1,0
2065,7,lower,1,-2,0,1
2065,8,upper,1,1,-1,-1
2065,8,lower,1,1,-1,-1
2066,1,upper,1,1,0,0
2066,1,lower,3,3,0,-1
2066,2,upper,1,0,1,0
2066,2,lower,2,0,0,-2
2066,3,upper,1,1,-1,-1
2066,3,lower,1,-1,-1,1
2066,4,upper,1,2,0,-1
2066,4,lower,1,0,-1,-1
2066,5,upper,1,1,0,0
2066,5,lower,1,0,-1,-1
2066,6,upper,1,0,0,-1
2066,6,lower,4,2,-2,-1
2066,7,upper,0,1,0,0
2066,7,lower,0,1,0,0
2066,8,upper,1,0,0,-1
2066,8,lower,1,0,0,-1
2067,1,upper,2,0,0,0
2067,1,lower,3,1,0,-1
2067,2,upper,1,0,0,-1
2067,2,lower,2,1,-1,-1
2067,3,upper,0,0,0,0
2067,3,lower,1,2,-1,0
2067,4,upper,1,0,0,-1
2067,4,lower,1,0,0,-1
2067,5,upper,1,1,0,0
2067,5,lower,1,2,-1,-1
2067,6,upper,1,0,0,0
2067,6,lower,0,-1,0,0
2067,7,upper,1,1,0,0
2067,7,lower,1,-1,0,0
2067,8,upper,0,1,0,-1
2067,8,lower,0,1,0,-1
2068,1,upper,1,1,0,0
2068,1,lower,3,2,-1,-1
2068,2,upper,1,1,0,0
2068,2,lower,3,1,0,0
2068,3,upper,0,1,0,-1
2068,3,lower,3,1,-1,0
2068,4,upper,1,0,-1,1
2068,4,lower,3,2,-1,1
2068,5,upper,1,1,0,-1
2068,5,lower,1,1,0,-1
2068,6,upper,0,1,0,1
2068,6,lower,2,2,1,-2
2068,7,upper,1,1,0,0
2068,7,lower,1,1,0,0
2068,8,upper,1,1,0,0
2068,8,lower,1,1,0,0
2069,1,upper,0,0,-1,-1
2069,1,lower,2,1,-2,0
2069,2,upper,1,0,-1,0
2069,2,lower,3,2,-2,0
2069,3,upper,1,0,1,0
2069,3,lower,1,0,-2,-1
2069,4,upper,1,0,0,-1
2069,4,lower,1,1,-1,-2
2069,5,upper,1,1,0,0
2069,5,lower,3,2,-2,-1
2069,6,upper,0,0,0,0
2069,6,lower,0,0,0,0
2069,7,upper,1,2,0,0
2069,7,lower,2,-1,0,0
2069,8,upper,2,0,0,0
2069,8,lower,2,0,0,0
2070,1,upper,2,1,0,0
2070,1,lower,4,2,-2,0
2070,2,upper,1,1,0,0
2070,2,lower,3,2,-1,0
2070,3,upper,2,1,0,-1
2070,3,lower,2,-1,-2,-1
2070,4,upper,2,0,-1,0
2070,4,lower,3,1,0,0
2070,5,upper,1,1,-1,0
2070,5,lower,3,2,-2,1
2070,6,upper,0,2,-1,0
2070,6,lower,4,3,-1,0
2070,7,upper,1,1,-1,-1
2070,7,lower,1,1,-1,-1
2070,8,upper,2,1,-1,-1
2070,8,lower,2,1,-1,-1
2071,1,upper,1,0,0,1
2071,1,lower,2,1,1,0
2071,2,upper,1,0,1,-1
2071,2,lower,2,1,-1,-2
2071,3,upper,0,1,1,0
2071,3,lower,2,1,-1,-2
2071,4,upper,0,0,-1,0
2071,4,lower,2,2,-1,0
2071,5,upper,1,0,0,0
2071,5,lower,2,1,1,0
2071,6,upper,1,1,0,0
2071,6,lower,1,-1,0,0
2071,7,upper,1,1,-1,-1
2071,7,lower,1,-1,-1,1
2071,8,upper,0,1,0,1
2071,8,lower,0,1,0,1
2072,1,upper,1,0,-1,0
2072,1,lower,2,1,-2,0
2072,2,upper,0,1,0,-1
2072,2,lower,2,1,-1,-1
2072,3,upper,1,0,0,0
2072,3,lower,2,0,-1,0
2072,4,upper,1,2,-1,0
2072,4,lower,4,2,-1,1
2072,5,upper,1,2,-1,0
2072,5,lower,2,-1,0,1
2072,6,upper,0,1,0,0
2072,6,lower,3,1,0,-1
2072,7,upper,1,0,-1,0
2072,7,lower,1,0,-1,0
2072,8,upper,1,0,0,0
2072,8,lower,1,0,0,0
2073,1,upper,0,1,1,0
2073,1,lower,2,3,0,-1
2073,2,upper,1,0,-1,0
2073,2,lower,2,0,0,1
2073,3,upper,1,0,0,-1
2073,3,lower,0,0,0,-1
2073,4,upper,1,0,0,0
2073,4,lower,1,1,-1,0
2073,5,upper,1,1,-1,-1
2073,5,lower,3,0,-1,1
2073,6,upper,0,0,1,0
2073,6,lower,0,0,1,0
2073,7,upper,0,0,-1,0
2073,7,lower,0,0,0,1
2073,8,upper,1,1,0,0
2073,8,lower,1,1,0,0
2074,1,upper,1,1,-1,-1
2074,1,lower,3,1,-2,-1
2074,2,upper,1,0,0,-1
2074,2,lower,1,0,0,-1
2074,3,upper,1,1,0,0
2074,3,lower,1,0,0,0
2074,4,upper,1,1,-1,0
2074,4,lower,2,0,0,0
2074,5,upper,1,1,0,0
2074,5,lower,1,-1,-1,-1
2074,6,upper,1,2,0,0
2074,6,lower,3,2,1,0
2074,7,upper,0,0,-1,-1
2074,7,lower,0,0,-1,-1
2074,8,upper,1,0,0,0
2074,8,lower,1,0,0,0
2075,1,upper,0,0,0,-1
2075,1,lower,3,0,-1,-1
2075,2,upper,0,1,-1,0
2075,2,lower,3,2,-1,0
2075,3,upper,1,0,0,0
2075,3,lower,1,1,0,-1
2075,4,upper,0,1,0,-1
2075,4,lower,1,0,-1,0
2075,5,upper,1,1,0,0
2075,5,lower,1,-1,-1,1
2075,6,upper,1,1,-1,0
2075,6,lower,1,-1,0,1
2075,7,upper,0,1,0,0
2075,7,lower,1,0,0,0
2075,8,upper,1,2,0,-1
2075,8,lower,1,2,0,-1
2076,1,upper,1,1,0,0
2076,1,lower,4,3,0,-1
2076,2,upper,2,1,0,0
2076,2,lower,4,0,0,0
2076,3,upper,1,0,-1,0
2076,3,lower,0,1,0,-1
2076,4,upper,1,1,-1,0
2076,4,lower,3,2,-1,0
2076,5,upper,1,1,-1,1
2076,5,lower,1,1,-1,1
2076,6,upper,1,2,0,-1
2076,6,lower,2,-1,-1,-1
2076,7,upper,1,0,-1,0
2076,7,lower,1,0,-1,0
2076,8,upper,0,1,0,-1
2076,8,lower,0,1,0,-1
2077,1,upper,0,1,0,0
2077,1,lower,1,2,-1,-1
2077,2,upper,1,1,0,0
2077,2,lower,3,1,0,0
2077,3,upper,1,0,-1,0
2077,3,lower,1,0,1,0
2077,4,upper,2,1,0,0
2077,4,lower,3,-1,0,-1
2077,5,upper,1,1,0,-1
2077,5,lower,2,2,-1,-1
2077,6,upper,1,1,0,0
2077,6,lower,1,1,0,0
2077,7,upper,0,2,0,0
2077,7,lower,2,0,0,0
2077,8,upper,1,0,0,0
2077,8,lower,1,0,0,0
2078,1,upper,1,1,1,0
2078,1,lower,3,1,1,-1
2078,2,upper,1,0,0,0
2078,2,lower,2,1,0,0
2078,3,upper,0,1,0,0
2078,3,lower,2,0,0,-1
2078,4,upper,0,1,0,0
2078,4,lower,2,2,0,-1
2078,5,upper,1,1,0,1
2078,5,lower,3,1,0,1
2078,6,upper,1,0,-1,0
2078,6,lower,2,0,-1,1
2078,7,upper,1,1,0,0
2078,7,lower,1,1,0,0
2078,8,upper,1,1,-1,0
2078,8,lower,1,1,-1,0
2079,1,upper,1,1,0,-1
2079,1,lower,3,1,0,0
2079,2,upper,0,1,0,0
2079,2,lower,2,2,-1,0
2079,3,upper,1,1,1,0
2079,3,lower,1,0,-3,0
2079,4,upper,1,1,-1,0
2079,4,lower,1,-1,0,0
2079,5,upper,0,1,0,0
2079,5,lower,2,2,-1,-1
2079,6,upper,1,1,0,1
2079,6,lower,1,-1,1,0
2079,7,upper,1,0,-1,-1
2079,7,lower,0,-1,-1,1
2079,8,upper,0,0,0,-1
2079,8,lower,0,0,0,-1
2080,1,upper,1,1,-1,-1
2080,1,lower,3,1,-3,0
2080,2,upper,1,1,-1,0
2080,2,lower,2,1,0,1
2080,3,upper,1,2,0,0
2080,3,lower,1,-1,0,0
2080,4,upper,0,2,0,-1
2080,4,lower,3,0,-1,0
2080,5,upper,0,0,1,0
2080,5,lower,0,0,0,-1
2080,6,upper,1,1,0,0
2080,6,lower,1,0,1,1
2080,7,upper,1,1,-1,1
2080,7,lower,1,1,-1,1
2080,8,upper,2,0,0,-1
2080,8,lower,2,0,0,-1
2081,1,upper,1,1,-1,-1
2081,1,lower,3,1,-2,-1
2081,2,upper,0,1,0,0
2081,2,lower,1,0,0,0
2081,3,upper,0,1,0,-1
2081,3,lower,1,1,-1,1
2081,4,upper,0,1,0,-1
2081,4,lower,1,0,-1,1
2081,5,upper,1,1,0,-1
2081,5,lower,3,-1,-2,0
2081,6,upper,1,1,1,0
2081,6,lower,1,1,1,0
2081,7,upper,1,1,0,0
2081,7,lower,1,-1,0,0
2081,8,upper,1,1,0,0
2081,8,lower,1,1,0,0
2082,1,upper,1,0,-1,-1
2082,1,lower,2,1,-2,-1
2082,2,upper,1,1,0,0
2082,2,lower,3,1,0,-1
2082,3,upper,1,1,-1,1
2082,3,lower,1,1,-1,1
2082,4,upper,0,1,-1,-1
2082,4,lower,1,0,1,1
2082,5,upper,2,1,0,0
2082,5,lower,0,-1,0,0
2082,6,upper,1,1,0,0
2082,6,lower,3,1,0,0
2082,7,upper,1,1,0,0
2082,7,lower,1,1,0,0
2082,8,upper,0,0,0,0
2082,8,lower,0,0,0,0
2083,1,upper,1,1,0,0
2083,1,lower,3,2,0,-1
2083,2,upper,0,1,0,0
2083,2,lower,2,2,0,0
2083,3,upper,1,1,0,0
2083,3,lower,2,2,0,-1
2083,4,upper,0,1,-1,-1
2083,4,lower,0,1,-1,-1
2083,5,upper,0,0,0,0
2083,5,lower,2,2,-1,1
2083,6,upper,1,1,-1,-1
2083,6,lower,1,-1,-1,1
2083,7,upper,1,1,0,0
2083,7,lower,1,-1,0,0
2083,8,upper,1,1,0,0
2083,8,lower,1,1,0,0
2084,1,upper,2,1,0,0
2084,1,lower,4,1,-1,0
2084,2,upper,1,0,-1,0
2084,2,lower,1,-1,1,1
2084,3,upper,0,0,0,0
2084,3,lower,2,1,-1,1
2084,4,upper,1,1,0,0
2084,4,lower,2,2,-1,-1
2084,5,upper,1,1,-1,0
2084,5,lower,1,1,-1,0
2084,6,upper,1,1,0,0
2084,6,lower,1,1,0,-2
2084,7,upper,1,0,0,0
2084,7,lower,1,0,0,0
2084,8,upper,1,0,-1,0
2084,8,lower,1,0,-1,0
2085,1,upper,0,1,0,-1
2085,1,lower,2,2,-1,-2
2085,2,upper,1,1,0,0
2085,2,lower,3,0,-1,0
2085,3,upper,1,1,0,0
2085,3,lower,1,1,0,0
2085,4,upper,0,0,-1,-1
2085,4,lower,1,1,-1,-1
2085,5,upper,1,1,0,-1
2085,5,lower,4,2,-1,-2
2085,6,upper,1,1,0,-1
2085,6,lower,1,1,0,-1
2085,7,upper,1,1,0,0
2085,7,lower,1,-1,0,0
2085,8,upper,2,0,0,-1
2085,8,lower,2,0,0,-1
2086,1,upper,1,0,0,0
2086,1,lower,2,2,1,0
2086,2,upper,0,0,0,0
2086,2,lower,2,2,0,0
2086,3,upper,1,0,1,-1
2086,3,lower,2,1,1,-3
2086,4,upper,1,1,0,0
2086,4,lower,3,2,-1,0
2086,5,upper,1,1,0,-1
2086,5,lower,2,2,-2,-2
2086,6,upper,1,1,-1,0
2086,6,lower,2,1,-1,-1
2086,7,upper,1,2,0,0
2086,7,lower,1,2,0,0
2086,8,upper,0,1,1,0
2086,8,lower,0,1,1,0
2087,1,upper,1,1,0,-1
2087,1,lower,2,2,-1,0
2087,2,upper,1,0,-1,0
2087,2,lower,1,2,0,0
2087,3,upper,0,1,0,0
2087,3,lower,1,2,-1,-1
2087,4,upper,1,1,0,-1
2087,4,lower,3,2,-1,-2
2087,5,upper,1,1,0,0
2087,5,lower,3,2,0,0
2087,6,upper,1,1,-1,1
2087,6,lower,1,-1,1,1
2087,7,upper,0,2,0,0
2087,7,lower,2,0,0,0
2087,8,upper,1,1,0,-1
2087,8,lower,1,1,0,-1
2088,1,upper,1,1,0,0
2088,1,lower,2,1,0,0
2088,2,upper,1,1,0,0
2088,2,lower,2,-1,0,-1
2088,3,upper,0,2,0,0
2088,3,lower,3,4,-1,0
2088,4,upper,1,1,0,0
2088,4,lower,3,0,0,0
2088,5,upper,0,0,-1,-1
2088,5,lower,0,0,-1,1
2088,6,upper,1,1,1,0
2088,6,lower,2,1,-1,-1
2088,7,upper,1,0,0,-1
2088,7,lower,1,0,0,-1
2088,8,upper,1,1,0,-1
2088,8,lower,1,1,0,-1
2089,1,upper,0,1,0,-1
2089,1,lower,2,1,-1,-1
2089,2,upper,1,1,0,-1
2089,2,lower,2,0,-1,0
2089,3,upper,0,1,0,0
2089,3,lower,2,2,-1,-1
2089,4,upper,1,0,0,0
2089,4,lower,2,0,0,0
2089,5,upper,1,1,-1,1
2089,5,lower,2,0,1,0
2089,6,upper,1,1,-1,-1
2089,6,lower,1,1,-1,-1
2089,7,upper,2,1,0,0
2089,7,lower,1,-2,0,0
2089,8,upper,0,1,-1,-1
2089,8,lower,0,1,-1,-1
2090,1,upper,1,0,1,0
2090,1,lower,2,0,0,-2
2090,2,upper,1,0,0,0
2090,2,lower,1,1,0,-1
2090,3,upper,1,2,0,0
2090,3,lower,3,3,-1,0
2090,4,upper,0,0,0,0
2090,4,lower,2,1,0,-1
2090,5,upper,1,1,-1,-1
2090,5,lower,1,0,-1,0
2090,6,upper,1,0,0,0
2090,6,lower,2,1,0,-1
2090,7,upper,1,1,0,1
2090,7,lower,1,1,0,1
2090,8,upper,1,1,0,0
2090,8,lower,1,1,0,0
2091,1,upper,1,2,-1,0
2091,1,lower,4,2,-1,0
2091,2,upper,1,1,0,0
2091,2,lower,3,1,-2,0
2091,3,upper,1,0,0,0
2091,3,lower,2,1,0,-1
2091,4,upper,1,0,-1,0
2091,4,lower,0,-1,0,1
2091,5,upper,1,1,0,1
2091,5,lower,1,-1,0,-1
2091,6,upper,1,0,0,0
2091,6,lower,0,-1,0,0
2091,7,upper,1,1,1,0
2091,7,lower,1,-1,0,-1
2091,8,upper,0,1,0,0
2091,8,lower,0,1,0,0
2092,1,upper,1,0,1,0
2092,1,lower,2,1,0,0
2092,2,upper,1,1,-1,0
2092,2,lower,1,0,0,1
2092,3,upper,1,1,0,0
2092,3,lower,2,1,0,-1
2092,4,upper,1,0,0,-1
2092,4,lower,1,0,0,-1
2092,5,upper,0,2,-1,0
2092,5,lower,0,2,-1,0
2092,6,upper,1,0,0,0
2092,6,lower,1,1,-1,0
2092,7,upper,1,1,-1,-1
2092,7,lower,1,1,-1,-1
2092,8,upper,0,1,0,0
2092,8,lower,0,1,0,0
2093,1,upper,1,0,-1,1
2093,1,lower,2,1,1,0
2093,2,upper,0,2,-1,0
2093,2,lower,2,1,0,0
2093,3,upper,0,1,-1,0
2093,3,lower,3,2,-1,1
2093,4,upper,1,1,1,-1
2093,4,lower,2,0,-1,-1
2093,5,upper,1,1,0,0
2093,5,lower,3,2,1,-1
2093,6,upper,1,1,1,0
2093,6,lower,1,1,1,0
2093,7,upper,1,1,0,-1
2093,7,lower,1,-1,-1,0
2093,8,upper,1,0,-1,-1
2093,8,lower,1,0,-1,-1
2094,1,upper,1,0,-1,0
2094,1,lower,2,0,-1,0
2094,2,upper,0,1,0,0
2094,2,lower,1,0,-1,-1
2094,3,upper,0,0,0,0
2094,3,lower,2,1,0,0
2094,4,upper,2,1,-1,-1
2094,4,lower,1,-1,-1,0
2094,5,upper,0,1,0,0
2094,5,lower,3,2,-1,-1
2094,6,upper,1,0,-1,-1
2094,6,lower,2,0,-2,-1
2094,7,upper,1,1,1,0
2094,7,lower,1,1,1,0
2094,8,upper,0,1,1,0
2094,8,lower,0,1,1,0
2095,1,upper,1,1,-1,0
2095,1,lower,3,2,-1,0
2095,2,upper,1,1,-1,0
2095,2,lower,1,0,0,1
2095,3,upper,0,1,0,0
2095,3,lower,2,3,0,-1
2095,4,upper,0,1,-1,-1
2095,4,lower,2,1,-1,1
2095,5,upper,1,0,-1,-1
2095,5,lower,1,1,-2,0
2095,6,upper,1,1,-1,0
2095,6,lower,1,-1,0,1
2095,7,upper,1,0,-1,0
2095,7,lower,0,-1,0,1
2095,8,upper,0,1,0,1
2095,8,lower,0,1,0,1
2096,1,upper,1,0,0,0
2096,1,lower,1,1,0,-1
2096,2,upper,0,2,0,0
2096,2,lower,3,1,-1,0
2096,3,upper,1,0,0,0
2096,3,lower,2,0,0,-1
2096,4,upper,1,1,0,0
2096,4,lower,1,-1,-1,-1
2096,5,upper,1,1,0,1
2096,5,lower,1,-1,1,0
2096,6,upper,0,1,-1,0
2096,6,lower,2,1,-1,1
2096,7,upper,0,1,-1,0
2096,7,lower,0,1,-1,0
2096,8,upper,1,0,0,-1
2096,8,lower,1,0,0,-1
2097,1,upper,0,2,0,0
2097,1,lower,4,3,0,-1
2097,2,upper,2,1,0,0
2097,2,lower,1,-1,-2,0
2097,3,upper,1,1,0,-1
2097,3,lower,2,1,0,-1
2097,4,upper,1,1,-1,0
2097,4,lower,1,-1,0,0
2097,5,upper,1,0,0,0
2097,5,lower,0,0,-1,-1
2097,6,upper,1,1,0,0
2097,6,lower,1,1,0,0
2097,7,upper,1,1,0,1
2097,7,lower,1,-1,1,0
2097,8,upper,1,1,0,0
2097,8,lower,1,1,0,0
2098,1,upper,1,1,0,-1
2098,1,lower,4,0,-2,-2
2098,2,upper,1,0,0,0
2098,2,lower,0,1,0,0
2098,3,upper,1,1,-1,0
2098,3,lower,1,-1,0,1
2098,4,upper,0,0,0,-1
2098,4,lower,2,1,0,0
2098,5,upper,1,1,0,-1
2098,5,lower,1,-1,-1,0
2098,6,upper,0,1,0,0
2098,6,lower,2,1,-2,0
2098,7,upper,0,1,-1,0
2098,7,lower,0,1,-1,0
2098,8,upper,2,1,-1,0
2098,8,lower,2,1,-1,0
2099,1,upper,2,1,0,-1
2099,1,lower,3,0,-2,-1
2099,2,upper,2,0,-1,0
2099,2,lower,0,1,-1,0
2099,3,upper,1,0,0,0
2099,3,lower,1,0,-1,0
2099,4,upper,0,1,-1,-1
2099,4,lower,0,1,-1,-1
2099,5,upper,1,1,-1,0
2099,5,lower,1,-1,0,-1
2099,6,upper,1,1,-1,0
2099,6,lower,1,-1,0,1
2099,7,upper,1,1,0,-1
2099,7,lower,1,-1,-1,0
2099,8,upper,2,0,-1,0
2099,8,lower,2,0,-1,0
2100,1,upper,0,1,0,0
2100,1,lower,2,2,-2,-2
2100,2,upper,0,0,-1,0
2100,2,lower,1,2,0,0
2100,3,upper,1,1,0,1
2100,3,lower,1,0,0,0
2100,4,upper,1,0,-1,0
2100,4,lower,1,2,-1,0
2100,5,upper,1,1,0,0
2100,5,lower,1,1,0,0
2100,6,upper,0,0,0,-1
2100,6,lower,3,1,-1,-1
2100,7,upper,1,1,0,0
2100,7,lower,1,1,0,0
2100,8,upper,1,1,1,0
2100,8,lower,1,1,1,0
2101,1,upper,1,1,0,0
2101,1,lower,3,1,0,0
2101,2,upper,0,1,0,-1
2101,2,lower,2,0,-1,0
2101,3,upper,1,1,0,0
2101,3,lower,2,1,-1,1
2101,4,upper,2,0,0,-1
2101,4,lower,4,0,0,-2
2101,5,upper,1,1,0,0
2101,5,lower,3,1,0,-1
2101,6,upper,1,0,0,-1
2101,6,lower,1,0,0,-1
2101,7,upper,2,1,0,0
2101,7,lower,1,-2,0,0
2101,8,upper,0,0,-1,0
2101,8,lower,0,0,-1,0
2102,1,upper,1,1,1,1
2102,1,lower,3,1,1,-2
2102,2,upper,1,1,0,0
2102,2,lower,1,0,-1,-1
2102,3,upper,1,1,0,0
2102,3,lower,2,1,-1,-1
2102,4,upper,1,1,-1,-1
2102,4,lower,3,2,-3,-2
2102,5,upper,1,0,0,0
2102,5,lower,2,1,-1,0
2102,6,upper,1,1,-1,-1
2102,6,lower,3,1,-1,-1
2102,7,upper,0,0,0,-1
2102,7,lower,0,0,0,-1
2102,8,upper,1,1,0,0
2102,8,lower,1,1,0,0
2103,1,upper,1,1,-1,0
2103,1,lower,1,1,-2,0
2103,2,upper,1,1,-1,0
2103,2,lower,1,0,2,0
2103,3,upper,0,1,0,0
2103,3,lower,3,1,0,0
2103,4,upper,0,1,-1,0
2103,4,lower,2,2,0,0
2103,5,upper,0,0,0,-1
2103,5,lower,1,2,-1,-2
2103,6,upper,0,1,0,0
2103,6,lower,1,0,0,0
2103,7,upper,0,0,0,-1
2103,7,lower,0,0,-1,0
2103,8,upper,1,1,0,-1
2103,8,lower,1,1,0,-1
2104,1,upper,0,1,0,0
2104,1,lower,2,1,0,0
2104,2,upper,1,1,1,0
2104,2,lower,1,1,0,-1
2104,3,upper,1,1,0,0
2104,3,lower,2,0,-1,-1
2104,4,upper,1,2,0,0
2104,4,lower,3,3,0,-1
2104,5,upper,1,1,1,0
2104,5,lower,1,-1,0,-1
2104,6,upper,1,0,0,-1
2104,6,lower,1,2,-1,1
2104,7,upper,0,0,-1,-1
2104,7,lower,0,0,-1,-1
2104,8,upper,1,0,0,0
2104,8,lower,1,0,0,0
2105,1,upper,0,1,0,0
2105,1,lower,3,2,0,-1
2105,2,upper,1,1,-1,0
2105,2,lower,0,1,1,0
2105,3,upper,1,1,-1,0
2105,3,lower,2,1,0,0
2105,4,upper,0,1,0,-1
2105,4,lower,2,1,-1,0
2105,5,upper,1,0,0,-1
2105,5,lower,1,0,-1,1
2105,6,upper,1,0,1,-1
2105,6,lower,1,0,1,-1
2105,7,upper,1,0,0,0
2105,7,lower,0,-1,0,0
2105,8,upper,1,1,0,1
2105,8,lower,1,1,0,1
2106,1,upper,1,1,0,0
2106,1,lower,3,1,-1,0
2106,2,upper,1,1,0,-1
2106,2,lower,2,0,0,1
2106,3,upper,1,1,0,0
2106,3,lower,1,-1,0,0
2106,4,upper,1,1,-1,-1
2106,4,lower,3,0,-3,1
2106,5,upper,1,0,0,0
2106,5,lower,1,1,-2,-2
2106,6,upper,1,0,0,0
2106,6,lower,2,0,0,0
2106,7,upper,1,2,0,0
2106,7,lower,1,2,0,0
2106,8,upper,1,0,1,0
2106,8,lower,1,0,1,0
2107,1,upper,1,1,0,0
2107,1,lower,2,1,0,-1
2107,2,upper,1,1,-1,0
2107,2,lower,1,0,-1,0
2107,3,upper,2,1,0,0
2107,3,lower,2,-2,0,-1
2107,4,upper,1,1,0,0
2107,4,lower,1,-1,0,0
2107,5,upper,0,0,-1,0
2107,5,lower,1,1,1,-1
2107,6,upper,1,0,-1,0
2107,6,lower,0,-1,0,1
2107,7,upper,1,1,0,-1
2107,7,lower,1,-1,-1,0
2107,8,upper,1,0,0,1
2107,8,lower,1,0,0,1
2108,1,upper,1,1,0,-1
2108,1,lower,2,1,-2,-1
2108,2,upper,1,1,-1,0
2108,2,lower,1,0,0,-1
2108,3,upper,1,0,0,-1
2108,3,lower,0,2,-1,0
2108,4,upper,1,1,0,-1
2108,4,lower,2,0,-2,0
2108,5,upper,1,1,0,-1
2108,5,lower,1,1,0,-1
2108,6,upper,1,1,0,0
2108,6,lower,1,0,0,0
2108,7,upper,2,1,0,0
2108,7,lower,2,1,0,0
2108,8,upper,1,1,-1,1
2108,8,lower,1,1,-1,1
2109,1,upper,1,0,0,0
2109,1,lower,2,1,-1,0
2109,2,upper,1,1,0,-1
2109,2,lower,1,1,-1,0
2109,3,upper,1,1,1,-1
2109,3,lower,1,1,-2,0
2109,4,upper,1,1,1,-1
2109,4,lower,2,0,-1,-1
2109,5,upper,1,1,0,0
2109,5,lower,3,2,-1,0
2109,6,upper,1,0,0,0
2109,6,lower,1,0,0,0
2109,7,upper,1,1,0,-1
2109,7,lower,1,-1,-1,0
2109,8,upper,1,1,1,0
2109,8,lower,1,1,1,0
2110,1,upper,0,1,0,-1
2110,1,lower,3,2,-1,-1
2110,2,upper,1,1,0,0
2110,2,lower,0,0,-2,0
2110,3,upper,1,1,0,0
2110,3,lower,1,0,-1,1
2110,4,upper,1,1,-1,0
2110,4,lower,2,0,0,0
2110,5,upper,1,0,0,0
2110,5,lower,3,2,-1,0
2110,6,upper,0,1,0,0
2110,6,lower,2,3,-1,-1
2110,7,upper,0,1,-1,-1
2110,7,lower,0,1,-1,-1
2110,8,upper,1,1,-1,0
2110,8,lower,1,1,-1,0
2111,1,upper,0,1,0,-1
2111,1,lower,3,1,-2,-1
2111,2,upper,1,1,0,-1
2111,2,lower,0,0,-1,1
2111,3,upper,0,1,-1,0
2111,3,lower,1,0,0,0
2111,4,upper,1,0,0,-1
2111,4,lower,1,0,0,1
2111,5,upper,1,0,0,0
2111,5,lower,2,1,0,-1
2111,6,upper,1,1,-1,0
2111,6,lower,1,-1,0,1
2111,7,upper,0,1,0,0
2111,7,lower,1,0,0,0
2111,8,upper,1,1,1,0
2111,8,lower,1,1,1,0
2112,1,upper,1,1,0,-1
2112,1,lower,1,-1,-1,0
2112,2,upper,0,1,0,-1
2112,2,lower,1,0,-1,-1
2112,3,upper,1,0,0,-1
2112,3,lower,1,2,-1,0
2112,4,upper,0,1,0,0
2112,4,lower,3,1,-1,-1
2112,5,upper,1,1,-1,1
2112,5,lower,1,-1,1,1
2112,6,upper,1,1,0,0
2112,6,lower,1,-1,-1,-1
2112,7,upper,1,2,0,0
2112,7,lower,1,2,0,0
2112,8,upper,1,1,0,0
2112,8,lower,1,1,0,0
2113,1,upper,1,0,-1,0
2113,1,lower,1,1,0,0
2113,2,upper,1,1,0,0
2113,2,lower,1,1,0,0
2113,3,upper,1,1,0,0
2113,3,lower,0,0,-1,0
2113,4,upper,1,1,0,0
2113,4,lower,0,0,0,0
2113,5,upper,1,1,0,0
2113,5,lower,3,0,0,-1
2113,6,upper,2,0,0,0
2113,6,lower,2,0,0,0
2113,7,upper,1,2,0,0
2113,7,lower,2,-1,0,0
2113,8,upper,1,2,0,-1
2113,8,lower,1,2,0,-1
2114,1,upper,1,0,0,0
2114,1,lower,1,0,-1,-1
2114,2,upper,1,1,0,1
2114,2,lower,2,2,0,1
2114,3,upper,2,1,0,0
2114,3,lower,2,1,0,0
2114,4,upper,1,1,1,0
2114,4,lower,1,0,-1,-1
2114,5,upper,1,1,0,0
2114,5,lower,1,0,0,-1
2114,6,upper,1,0,0,0
2114,6,lower,3,1,-1,-1
2114,7,upper,1,1,0,0
2114,7,lower,1,1,0,0
2114,8,upper,1,1,0,0
2114,8,lower,1,1,0,0
2115,1,upper,1,1,0,0
2115,1,lower,3,1,-1,-2
2115,2,upper,0,2,0,0
2115,2,lower,2,4,-1,0
2115,3,upper,1,0,0,-1
2115,3,lower,4,2,-1,-2
2115,4,upper,1,1,0,0
2115,4,lower,1,1,0,0
2115,5,upper,1,0,-1,0
2115,5,lower,0,1,-1,0
2115,6,upper,1,0,0,0
2115,6,lower,0,-1,0,0
2115,7,upper,1,1,-1,-1
2115,7,lower,1,-1,-1,1
2115,8,upper,0,1,-1,0
2115,8,lower,0,1,-1,0
2116,1,upper,1,2,0,0
2116,1,lower,4,1,0,0
2116,2,upper,0,1,0,0
2116,2,lower,2,2,0,0
2116,3,upper,0,1,0,0
2116,3,lower,2,3,1,-1
2116,4,upper,1,1,0,0
2116,4,lower,2,2,-1,0
2116,5,upper,0,0,-1,0
2116,5,lower,0,0,-1,0
2116,6,upper,1,0,0,0
2116,6,lower,1,1,0,-1
2116,7,upper,0,0,-1,0
2116,7,lower,0,0,-1,0
2116,8,upper,1,1,0,0
2116,8,lower,1,1,0,0
2117,1,upper,2,1,0,-1
2117,1,lower,2,-2,-2,0
2117,2,upper,1,1,1,1
2117,2,lower,2,2,1,2
2117,3,upper,1,1,1,0
2117,3,lower,3,3,1,0
2117,4,upper,1,1,0,0
2117,4,lower,3,1,0,0
2117,5,upper,0,1,0,0
2117,5,lower,1,2,-1,-1
2117,6,upper,1,1,0,0
2117,6,lower,1,1,0,0
2117,7,upper,1,1,-1,0
2117,7,lower,1,-1,0,1
2117,8,upper,2,0,-1,0
2117,8,lower,2,0,-1,0
2118,1,upper,0,0,0,0
2118,1,lower,1,2,-1,-1
2118,2,upper,0,1,-1,-1
2118,2,lower,2,2,-2,-2
2118,3,upper,1,1,0,-1
2118,3,lower,3,2,-1,-1
2118,4,upper,0,1,-1,-1
2118,4,lower,1,2,-1,-1
2118,5,upper,1,1,0,1
2118,5,lower,3,1,0,-1
2118,6,upper,1,1,1,0
2118,6,lower,4,2,0,-1
2118,7,upper,1,1,-1,-1
2118,7,lower,1,1,-1,-1
2118,8,upper,1,0,1,0
2118,8,lower,1,0,1,0
2119,1,upper,1,1,-1,0
2119,1,lower,2,1,0,1
2119,2,upper,0,0,0,0
2119,2,lower,1,1,-1,1
2119,3,upper,1,2,0,0
2119,3,lower,4,4,0,-1
2119,4,upper,2,1,-1,0
2119,4,lower,4,1,-1,0
2119,5,upper,0,1,-1,-1
2119,5,lower,3,1,-2,-1
2119,6,upper,0,1,-1,-1
2119,6,lower,1,0,-1,1
2119,7,upper,1,1,-1,-1
2119,7,lower,1,-1,-1,1
2119,8,upper,2,1,0,0
2119,8,lower,2,1,0,0
2120,1,upper,1,1,-1,0
2120,1,lower,1,1,0,1
2120,2,upper,1,1,-1,0
2120,2,lower,2,2,-2,0
2120,3,upper,1,1,-1,0
2120,3,lower,3,2,-1,1
2120,4,upper,1,2,0,0
2120,4,lower,5,2,0,0
2120,5,upper,1,1,0,0
2120,5,lower,1,-1,0,0
2120,6,upper,2,0,0,0
2120,6,lower,-1,-1,0,0
2120,7,upper,1,0,0,0
2120,7,lower,1,0,0,0
2120,8,upper,1,2,0,0
2120,8,lower,1,2,0,0
2121,1,upper,1,1,-1,-1
2121,1,lower,2,1,-1,0
2121,2,upper,1,1,0,0
2121,2,lower,3,1,-1,1
2121,3,upper,1,1,1,-1
2121,3,lower,3,2,0,-2
2121,4,upper,0,2,0,0
2121,4,lower,4,2,-1,0
2121,5,upper,0,1,0,0
2121,5,lower,2,1,0,1
2121,6,upper,1,0,0,0
2121,6,lower,1,0,0,0
2121,7,upper,0,1,-1,0
2121,7,lower,1,0,0,1
2121,8,upper,0,1,0,-1
2121,8,lower,0,1,0,-1
2122,1,upper,0,1,0,0
2122,1,lower,1,1,0,1
2122,2,upper,1,1,-1,-1
2122,2,lower,2,3,-3,0
2122,3,upper,0,1,-1,0
2122,3,lower,3,3,-1,-1
2122,4,upper,1,1,-1,0
2122,4,lower,3,1,-1,0
2122,5,upper,1,1,1,1
2122,5,lower,1,1,-1,-1
2122,6,upper,0,0,0,0
2122,6,lower,1,1,0,0
2122,7,upper,1,1,-1,-1
2122,7,lower,1,1,-1,-1
2122,8,upper,1,2,0,0
2122,8,lower,1,2,0,0
2123,1,upper,1,1,-1,0
2123,1,lower,2,-1,-1,0
2123,2,upper,0,1,0,-1
2123,2,lower,2,2,-2,-1
2123,3,upper,0,1,0,1
2123,3,lower,2,2,0,-1
2123,4,upper,0,1,0,0
2123,4,lower,1,0,0,0
2123,5,upper,0,0,0,0
2123,5,lower,1,2,0,-1
2123,6,upper,0,1,0,-1
2123,6,lower,1,0,-1,0
2123,7,upper,1,1,0,0
2123,7,lower,1,-1,0,0
2123,8,upper,0,1,0,-1
2123,8,lower,0,1,0,-1
2124,1,upper,0,2,0,0
2124,1,lower,3,0,0,-1
2124,2,upper,0,0,0,-1
2124,2,lower,2,1,-1,-1
2124,3,upper,1,1,-1,1
2124,3,lower,2,1,0,0
2124,4,upper,1,0,-1,0
2124,4,lower,1,0,0,1
2124,5,upper,1,1,0,-1
2124,5,lower,1,1,0,-1
2124,6,upper,0,1,0,-1
2124,6,lower,2,1,-2,0
2124,7,upper,1,1,0,0
2124,7,lower,1,1,0,0
2124,8,upper,1,1,-1,-1
2124,8,lower,1,1,-1,-1
2125,1,upper,0,1,-1,-1
2125,1,lower,3,1,0,1
2125,2,upper,0,0,0,0
2125,2,lower,2,1,1,0
2125,3,upper,1,1,0,1
2125,3,lower,4,2,0,0
2125,4,upper,1,1,0,-1
2125,4,lower,2,0,-1,-1
2125,5,upper,1,1,0,0
2125,5,lower,2,2,1,0
2125,6,upper,0,0,0,-1
2125,6,lower,0,0,0,-1
2125,7,upper,1,1,0,0
2125,7,lower,1,-1,0,0
2125,8,upper,1,1,-1,-1
2125,8,lower,1,1,-1,-1
2126,1,upper,1,1,-1,0
2126,1,lower,2,0,-1,0
2126,2,upper,0,1,0,-1
2126,2,lower,3,3,-1,-1
2126,3,upper,1,1,-1,1
2126,3,lower,2,1,-1,1
2126,4,upper,1,1,0,-1
2126,4,lower,0,1,-1,0
2126,5,upper,1,0,-1,-1
2126,5,lower,1,1,-2,-1
2126,6,upper,1,0,-1,0
2126,6,lower,2,0,-2,1
2126,7,upper,1,0,-1,-1
2126,7,lower,1,0,-1,-1
2126,8,upper,1,1,0,0
2126,8,lower,1,1,0,0
2127,1,upper,1,1,0,-1
2127,1,lower,2,1,-1,-1
2127,2,upper,1,0,0,0
2127,2,lower,2,0,-1,-1
2127,3,upper,0,0,0,0
2127,3,lower,3,1,0,0
2127,4,upper,1,1,0,-1
2127,4,lower,1,0,-1,0
2127,5,upper,1,0,-1,0
2127,5,lower,1,1,-1,1
2127,6,upper,0,0,0,0
2127,6,lower,0,0,0,0
2127,7,upper,1,1,0,-1
2127,7,lower,1,-1,-1,0
2127,8,upper,1,1,0,-1
2127,8,lower,1,1,0,-1
2128,1,upper,1,0,-1,0
2128,1,lower,0,0,0,1
2128,2,upper,1,2,0,-1
2128,2,lower,2,2,-1,-1
2128,3,upper,1,2,0,0
2128,3,lower,4,1,-1,-1
2128,4,upper,1,0,0,0
2128,4,lower,1,2,0,-1
2128,5,upper,1,0,0,-1
2128,5,lower,0,-1,-1,0
2128,6,upper,0,1,-1,-1
2128,6,lower,1,0,-1,1
2128,7,upper,1,1,-1,-1
2128,7,lower,1,1,-1,-1
2128,8,upper,1,0,1,-1
2128,8,lower,1,0,1,-1
2129,1,upper,1,0,-1,0
2129,1,lower,1,1,0,-1
2129,2,upper,2,1,0,-1
2129,2,lower,4,0,-3,-1
2129,3,upper,1,2,0,-1
2129,3,lower,4,0,-1,-1
2129,4,upper,1,1,1,1
2129,4,lower,2,0,-1,-3
2129,5,upper,1,1,0,-1
2129,5,lower,2,0,-1,0
2129,6,upper,1,0,0,0
2129,6,lower,1,0,0,0
2129,7,upper,0,1,0,0
2129,7,lower,1,0,0,0
2129,8,upper,0,1,0,1
2129,8,lower,0,1,0,1
2130,1,upper,0,1,0,0
2130,1,lower,2,1,-2,1
2130,2,upper,1,1,0,0
2130,2,lower,2,1,0,0
2130,3,upper,0,0,-1,-1
2130,3,lower,0,0,-1,1
2130,4,upper,0,0,0,0
2130,4,lower,1,2,0,0
2130,5,upper,0,0,-1,0
2130,5,lower,2,1,1,0
2130,6,upper,0,1,-1,0
2130,6,lower,3,2,0,0
2130,7,upper,1,1,1,-1
2130,7,lower,1,1,1,-1
2130,8,upper,0,1,0,1
2130,8,lower,0,1,0,1
2131,1,upper,1,1,1,0
2131,1,lower,1,-1,0,-2
2131,2,upper,1,1,-1,-1
2131,2,lower,3,1,-2,0
2131,3,upper,2,1,0,0
2131,3,lower,2,0,0,0
2131,4,upper,1,1,0,0
2131,4,lower,1,1,0,0
2131,5,upper,1,0,0,0
2131,5,lower,0,2,0,0
2131,6,upper,1,0,1,0
2131,6,lower,0,-1,0,-1
2131,7,upper,1,1,0,0
2131,7,lower,1,-1,0,0
2131,8,upper,0,0,-1,0
2131,8,lower,0,0,-1,0
2132,1,upper,1,1,0,0
2132,1,lower,1,1,-2,-1
2132,2,upper,0,1,0,-1
2132,2,lower,2,2,-1,-1
2132,3,upper,0,1,0,0
2132,3,lower,3,0,-1,0
2132,4,upper,0,0,0,0
2132,4,lower,2,1,-1,0
2132,5,upper,0,1,-1,-1
2132,5,lower,0,1,-1,-1
2132,6,upper,0,1,0,1
2132,6,lower,3,0,0,-1
2132,7,upper,0,1,0,0
2132,7,lower,0,1,0,0
2132,8,upper,0,2,0,0
2132,8,lower,0,2,0,0
2133,1,upper,0,1,0,0
2133,1,lower,3,0,1,0
2133,2,upper,1,0,1,-1
2133,2,lower,3,0,-2,-3
2133,3,upper,1,2,-1,0
2133,3,lower,2,0,-1,1
2133,4,upper,1,0,-1,0
2133,4,lower,3,2,-2,0
2133,5,upper,1,2,-1,0
2133,5,lower,4,4,-1,-1
2133,6,upper,1,0,0,1
2133,6,lower,1,0,0,1
2133,7,upper,0,0,-1,0
2133,7,lower,0,0,0,1
2133,8,upper,0,2,0,0
2133,8,lower,0,2,0,0
2134,1,upper,1,2,0,0
2134,1,lower,3,-1,0,0
2134,2,upper,1,1,0,1
2134,2,lower,3,2,0,0
2134,3,upper,1,1,-1,-1
2134,3,lower,4,0,-1,1
2134,4,upper,1,1,0,-1
2134,4,lower,3,1,-1,0
2134,5,upper,0,0,0,0
2134,5,lower,1,2,-1,-2
2134,6,upper,1,0,-1,-1
2134,6,lower,2,1,-1,0
2134,7,upper,0,1,-1,1
2134,7,lower,0,1,-1,1
2134,8,upper,1,0,0,0
2134,8,lower,1,0,0,0
2135,1,upper,1,1,-1,0
2135,1,lower,2,0,0,2
2135,2,upper,1,0,-1,-1
2135,2,lower,1,0,-2,0
2135,3,upper,1,0,1,-1
2135,3,lower,1,1,-2,0
2135,4,upper,0,0,-1,0
2135,4,lower,2,2,-2,1
2135,5,upper,0,0,0,0
2135,5,lower,2,2,-1,0
2135,6,upper,1,1,1,0
2135,6,lower,1,-1,0,-1
2135,7,upper,0,1,0,-1
2135,7,lower,1,0,-1,0
2135,8,upper,1,1,-1,-1
2135,8,lower,1,1,-1,-1
2136,1,upper,1,1,0,0
2136,1,lower,1,0,0,0
2136,2,upper,2,0,-1,0
2136,2,lower,2,1,0,1
2136,3,upper,0,1,1,0
2136,3,lower,2,1,-1,-2
2136,4,upper,1,1,0,0
2136,4,lower,3,0,-1,-1
2136,5,upper,1,1,-1,0
2136,5,lower,1,-1,0,1
2136,6,upper,1,1,0,0
2136,6,lower,1,1,-1,0
2136,7,upper,0,0,0,0
2136,7,lower,0,0,0,0
2136,8,upper,0,1,0,0
2136,8,lower,0,1,0,0
2137,1,upper,1,1,0,0
2137,1,lower,2,-1,0,0
2137,2,upper,1,1,1,0
2137,2,lower,3,1,-1,-3
2137,3,upper,1,1,0,0
2137,3,lower,1,1,-1,-1
2137,4,upper,1,1,0,-1
2137,4,lower,3,1,-1,0
2137,5,upper,0,1,-1,-1
2137,5,lower,3,1,-1,2
2137,6,upper,0,1,-1,-1
2137,6,lower,0,1,-1,-1
2137,7,upper,1,0,0,0
2137,7,lower,0,-1,0,0
2137,8,upper,1,0,-1,0
2137,8,lower,1,0,-1,0
2138,1,upper,0,1,0,0
2138,1,lower,2,1,-1,-1
2138,2,upper,0,1,-1,0
2138,2,lower,2,1,-1,0
2138,3,upper,1,0,0,0
2138,3,lower,1,1,-1,0
2138,4,upper,1,0,-1,0
2138,4,lower,2,1,0,0
2138,5,upper,1,1,0,0
2138,5,lower,2,0,-2,0
2138,6,upper,0,1,-1,0
2138,6,lower,3,3,-1,1
2138,7,upper,2,1,0,0
2138,7,lower,2,1,0,0
2138,8,upper,1,1,0,0
2138,8,lower,1,1,0,0
2139,1,upper,1,0,0,0
2139,1,lower,1,1,-1,-1
2139,2,upper,1,1,0,0
2139,2,lower,2,0,-1,0
2139,3,upper,0,0,-1,0
2139,3,lower,2,2,0,1
2139,4,upper,1,1,-1,0
2139,4,lower,1,-1,0,1
2139,5,upper,0,0,-1,0
2139,5,lower,1,1,0,0
2139,6,upper,1,0,-1,0
2139,6,lower,0,-1,0,1
2139,7,upper,1,0,-1,-1
2139,7,lower,0,-1,-1,1
2139,8,upper,2,1,0,-1
2139,8,lower,2,1,0,-1
2140,1,upper,0,1,-1,-1
2140,1,lower,3,1,-1,1
2140,2,upper,1,0,0,-1
2140,2,lower,2,1,-2,1
2140,3,upper,1,0,-1,0
2140,3,lower,1,1,-1,-1
2140,4,upper,1,1,-1,0
2140,4,lower,3,1,0,1
2140,5,upper,1,1,0,0
2140,5,lower,1,1,0,0
2140,6,upper,1,0,-1,-1
2140,6,lower,1,1,-1,1
2140,7,upper,1,1,0,-1
2140,7,lower,1,1,0,-1
2140,8,upper,1,1,0,1
2140,8,lower,1,1,0,1
2141,1,upper,1,1,0,0
2141,1,lower,2,0,0,-1
2141,2,upper,1,2,0,-1
2141,2,lower,2,0,-1,-1
2141,3,upper,1,1,-1,0
2141,3,lower,0,1,0,-1
2141,4,upper,1,1,-1,1
2141,4,lower,1,1,0,0
2141,5,upper,1,1,0,0
2141,5,lower,2,1,0,0
2141,6,upper,1,0,0,0
2141,6,lower,1,0,0,0
2141,7,upper,1,0,-1,1
2141,7,lower,0,-1,1,1
2141,8,upper,2,2,0,0
2141,8,lower,2,2,0,0
2142,1,upper,1,1,-1,1
2142,1,lower,2,0,1,0
2142,2,upper,0,0,0,0
2142,2,lower,3,2,-1,-1
2142,3,upper,1,1,0,-1
2142,3,lower,0,1,-1,1
2142,4,upper,1,1,0,0
2142,4,lower,1,0,0,0
2142,5,upper,0,0,0,0
2142,5,lower,1,0,-1,0
2142,6,upper,1,1,0,-1
2142,6,lower,3,1,-1,-2
2142,7,upper,0,0,0,0
2142,7,lower,0,0,0,0
2142,8,upper,0,2,0,0
2142,8,lower,0,2,0,0
2143,1,upper,0,2,0,0
2143,1,lower,4,1,-1,0
2143,2,upper,1,1,-1,-1
2143,2,lower,3,1,0,1
2143,3,upper,1,1,-1,0
2143,3,lower,1,0,0,-1
2143,4,upper,1,1,0,0
2143,4,lower,2,0,0,0
2143,5,upper,1,1,-1,-1
2143,5,lower,4,1,-2,0
2143,6,upper,1,1,0,-1
2143,6,lower,1,-1,-1,0
2143,7,upper,1,1,0,-1
2143,7,lower,1,-1,-1,0
2143,8,upper,0,0,0,0
2143,8,lower,0,0,0,0
2144,1,upper,0,1,-1,0
2144,1,lower,2,1,1,0
2144,2,upper,1,1,0,-1
2144,2,lower,3,0,-2,0
2144,3,upper,1,1,0,-1
2144,3,lower,0,0,0,0
2144,4,upper,1,0,-1,1
2144,4,lower,1,1,2,0
2144,5,upper,1,0,0,0
2144,5,lower,0,-1,0,0
2144,6,upper,0,1,0,-1
2144,6,lower,2,1,-1,-1
2144,7,upper,1,0,0,-1
2144,7,lower,1,0,0,-1
2144,8,upper,1,1,-1,1
2144,8,lower,1,1,-1,1
2145,1,upper,0,1,1,0
2145,1,lower,2,0,0,-1
2145,2,upper,1,0,0,-1
2145,2,lower,0,-1,-1,0
2145,3,upper,1,0,0,0
2145,3,lower,0,1,-1,0
2145,4,upper,0,0,-1,-1
2145,4,lower,1,2,1,1
2145,5,upper,1,0,1,0
2145,5,lower,1,1,0,-2
2145,6,upper,0,1,0,0
2145,6,lower,0,1,0,0
2145,7,upper,1,1,0,1
2145,7,lower,1,-1,1,0
2145,8,upper,1,1,1,1
2145,8,lower,1,1,1,1
2146,1,upper,2,1,-1,-1
2146,1,lower,1,0,-1,1
2146,2,upper,0,1,-1,0
2146,2,lower,2,1,-1,0
2146,3,upper,0,1,0,0
2146,3,lower,0,1,0,0
2146,4,upper,0,1,1,0
2146,4,lower,2,1,-1,0
2146,5,upper,1,2,0,0
2146,5,lower,2,0,1,1
2146,6,upper,0,0,0,0
2146,6,lower,1,1,1,-1
2146,7,upper,1,1,0,1
2146,7,lower,1,1,0,1
2146,8,upper,0,1,-1,0
2146,8,lower,0,1,-1,0
2147,1,upper,1,1,-1,0
2147,1,lower,1,0,0,-1
2147,2,upper,1,0,0,0
2147,2,lower,1,0,-1,-2
2147,3,upper,1,0,-1,-1
2147,3,lower,3,2,-1,-2
2147,4,upper,1,0,0,-1
2147,4,lower,1,0,0,-1
2147,5,upper,1,1,0,0
2147,5,lower,1,0,0,0
2147,6,upper,1,0,0,-1
2147,6,lower,0,-1,-1,0
2147,7,upper,1,0,-1,-1
2147,7,lower,0,-1,-1,1
2147,8,upper,0,0,-1,0
2147,8,lower,0,0,-1,0
2148,1,upper,0,1,0,0
2148,1,lower,3,1,0,0
2148,2,upper,1,0,-1,-1
2148,2,lower,2,0,-2,0
2148,3,upper,0,1,0,0
2148,3,lower,1,3,-1,-1
2148,4,upper,1,0,0,0
2148,4,lower,2,2,-1,-1
2148,5,upper,1,1,1,0
2148,5,lower,1,1,1,0
2148,6,upper,1,1,-1,0
2148,6,lower,2,1,0,0
2148,7,upper,0,1,-1,0
2148,7,lower,0,1,-1,0
2148,8,upper,1,1,0,0
2148,8,lower,1,1,0,0
2149,1,upper,2,1,-1,0
2149,1,lower,0,-1,0,0
2149,2,upper,1,0,0,-1
2149,2,lower,1,1,-1,-1
2149,3,upper,1,1,-1,-1
2149,3,lower,3,2,-1,-1
2149,4,upper,1,1,0,1
2149,4,lower,3,2,0,1
2149,5,upper,1,1,0,0
2149,5,lower,3,2,0,-2
2149,6,upper,0,1,0,-1
2149,6,lower,0,1,0,-1
2149,7,upper,0,0,0,0
2149,7,lower,0,0,0,0
2149,8,upper,0,0,0,0
2149,8,lower,0,0,0,0
2150,1,upper,1,1,0,0
2150,1,lower,1,0,-1,0
2150,2,upper,1,1,0,0
2150,2,lower,1,1,-1,-1
2150,3,upper,1,1,1,0
2150,3,lower,2,2,0,-2
2150,4,upper,1,0,-1,0
2150,4,lower,2,2,-1,0
2150,5,upper,0,1,-1,0
2150,5,lower,2,2,-1,0
2150,6,upper,2,1,0,0
2150,6,lower,4,1,0,0
2150,7,upper,0,0,-1,0
2150,7,lower,0,0,-1,0
2150,8,upper,1,1,1,0
2150,8,lower,1,1,1,0
2151,1,upper,0,2,0,0
2151,1,lower,3,0,-1,1
2151,2,upper,1,1,0,1
2151,2,lower,2,1,1,-1
2151,3,upper,1,0,0,0
2151,3,lower,2,0,-1,-1
2151,4,upper,1,1,-1,0
2151,4,lower,3,2,-1,0
2151,5,upper,0,0,1,0
2151,5,lower,2,1,1,-2
2151,6,upper,1,1,0,0
2151,6,lower,1,-1,0,0
2151,7,upper,0,1,-1,0
2151,7,lower,1,0,0,1
2151,8,upper,0,1,-1,0
2151,8,lower,0,1,-1,0
2152,1,upper,0,1,0,0
2152,1,lower,1,1,0,0
2152,2,upper,0,0,0,0
2152,2,lower,1,1,0,1
2152,3,upper,1,1,-1,-1
2152,3,lower,2,2,-3,-1
2152,4,upper,1,0,0,0
2152,4,lower,2,0,-2,0
2152,5,upper,1,1,0,0
2152,5,lower,1,-1,0,0
2152,6,upper,0,0,0,-1
2152,6,lower,1,1,-1,1
2152,7,upper,1,1,-1,0
2152,7,lower,1,1,-1,0
2152,8,upper,2,0,0,-1
2152,8,lower,2,0,0,-1
2153,1,upper,0,0,0,0
2153,1,lower,0,2,-1,-1
2153,2,upper,1,1,0,0
2153,2,lower,2,0,1,-1
2153,3,upper,1,0,-1,0
2153,3,lower,3,0,-1,-1
2153,4,upper,1,1,0,0
2153,4,lower,3,0,-1,-2
2153,5,upper,0,0,0,0
2153,5,lower,2,1,0,0
2153,6,upper,1,1,0,0
2153,6,lower,1,1,0,0
2153,7,upper,2,1,0,0
2153,7,lower,1,-2,0,0
2153,8,upper,1,1,1,0
2153,8,lower,1,1,1,0
2154,1,upper,1,1,-1,0
2154,1,lower,1,0,0,0
2154,2,upper,1,1,1,-1
2154,2,lower,2,-1,-1,-1
2154,3,upper,2,1,0,0
2154,3,lower,3,-1,0,0
2154,4,upper,0,1,0,1
2154,4,lower,3,2,0,0
2154,5,upper,1,1,-1,0
2154,5,lower,1,0,1,1
2154,6,upper,0,1,-1,0
2154,6,lower,2,3,-2,1
2154,7,upper,1,0,-1,1
2154,7,lower,1,0,-1,1
2154,8,upper,1,1,-1,-1
2154,8,lower,1,1,-1,-1
2155,1,upper,1,1,0,0
2155,1,lower,1,0,-1,0
2155,2,upper,1,1,-1,0
2155,2,lower,3,1,1,1
2155,3,upper,1,1,0,0
2155,3,lower,4,1,-2,0
2155,4,upper,1,1,0,0
2155,4,lower,1,-1,0,0
2155,5,upper,0,1,-1,-1
2155,5,lower,2,1,0,1
2155,6,upper,1,1,-1,0
2155,6,lower,1,-1,0,1
2155,7,upper,1,1,-1,0
2155,7,lower,1,-1,0,1
2155,8,upper,1,1,0,-1
2155,8,lower,1,1,0,-1
2156,1,upper,1,1,0,-1
2156,1,lower,1,0,-1,0
2156,2,upper,1,1,0,-1
2156,2,lower,2,0,-1,0
2156,3,upper,1,1,-1,0
2156,3,lower,3,1,-1,1
2156,4,upper,1,1,0,0
2156,4,lower,2,0,0,0
2156,5,upper,1,1,-1,-1
2156,5,lower,1,1,-1,-1
2156,6,upper,0,0,0,0
2156,6,lower,2,1,0,-1
2156,7,upper,1,1,-1,-1
2156,7,lower,1,1,-1,-1
2156,8,upper,1,2,-1,0
2156,8,lower,1,2,-1,0
2157,1,upper,0,0,0,0
2157,1,lower,1,2,-1,0
2157,2,upper,1,1,-1,0
2157,2,lower,1,0,-1,1
2157,3,upper,1,0,-1,-1
2157,3,lower,2,1,-3,0
2157,4,upper,1,2,0,0
2157,4,lower,3,0,-1,0
2157,5,upper,0,1,0,-1
2157,5,lower,3,3,-1,-3
2157,6,upper,1,0,-1,0
2157,6,lower,1,0,-1,0
2157,7,upper,1,1,0,0
2157,7,lower,1,-1,0,0
2157,8,upper,0,0,-1,0
2157,8,lower,0,0,-1,0
2158,1,upper,0,0,0,0
2158,1,lower,2,3,-1,-1
2158,2,upper,1,1,-1,1
2158,2,lower,2,0,0,0
2158,3,upper,1,0,0,0
2158,3,lower,2,1,0,-1
2158,4,upper,1,1,0,0
2158,4,lower,2,0,0,0
2158,5,upper,1,1,0,-1
2158,5,lower,3,1,-1,-2
2158,6,upper,0,1,0,0
2158,6,lower,2,2,0,0
2158,7,upper,0,1,0,0
2158,7,lower,0,1,0,0
2158,8,upper,0,1,1,0
2158,8,lower,0,1,1,0
2159,1,upper,1,1,-1,-1
2159,1,lower,1,1,0,1
2159,2,upper,1,0,-1,-1
2159,2,lower,2,0,-1,1
2159,3,upper,0,1,-1,0
2159,3,lower,1,1,-1,1
2159,4,upper,0,1,0,0
2159,4,lower,3,1,-1,0
2159,5,upper,1,0,-1,0
2159,5,lower,1,1,-1,0
2159,6,upper,1,1,0,0
2159,6,lower,1,-1,0,0
2159,7,upper,1,0,0,0
2159,7,lower,0,-1,0,0
2159,8,upper,0,1,0,0
2159,8,lower,0,1,0,0
2160,1,upper,1,1,0,0
2160,1,lower,1,0,0,-1
2160,2,upper,1,0,-1,1
2160,2,lower,1,1,1,0
2160,3,upper,0,0,0,0
2160,3,lower,2,2,-1,0
2160,4,upper,0,1,-1,-1
2160,4,lower,1,1,0,0
2160,5,upper,0,1,0,0
2160,5,lower,1,0,0,0
2160,6,upper,0,1,1,0
2160,6,lower,2,0,-2,-2
2160,7,upper,1,1,0,-1
2160,7,lower,1,1,0,-1
2160,8,upper,1,1,-1,0
2160,8,lower,1,1,-1,0
2161,1,upper,2,1,-1,0
2161,1,lower,0,-1,1,1
2161,2,upper,0,1,0,0
2161,2,lower,2,1,0,0
2161,3,upper,1,1,-1,-1
2161,3,lower,2,1,-2,-1
2161,4,upper,0,1,-1,0
2161,4,lower,2,1,0,1
2161,5,upper,0,0,-1,0
2161,5,lower,2,2,0,0
2161,6,upper,1,1,-1,1
2161,6,lower,1,1,-1,1
2161,7,upper,1,0,0,-1
2161,7,lower,0,-1,-1,0
2161,8,upper,1,2,0,-1
2161,8,lower,1,2,0,-1
2162,1,upper,0,0,0,0
2162,1,lower,2,1,0,1
2162,2,upper,1,0,0,-1
2162,2,lower,1,0,-1,0
2162,3,upper,1,0,-1,-1
2162,3,lower,0,-1,-1,1
2162,4,upper,0,2,0,0
2162,4,lower,2,-1,-1,-1
2162,5,upper,1,1,1,0
2162,5,lower,1,0,-1,0
2162,6,upper,0,1,-1,0
2162,6,lower,3,2,0,1
2162,7,upper,0,2,0,0
2162,7,lower,0,2,0,0
2162,8,upper,0,2,-1,0
2162,8,lower,0,2,-1,0
2163,1,upper,1,1,0,0
2163,1,lower,1,0,0,0
2163,2,upper,0,1,0,0
2163,2,lower,2,1,0,1
2163,3,upper,0,0,0,0
2163,3,lower,2,1,0,0
2163,4,upper,1,1,0,0
2163,4,lower,1,1,0,0
2163,5,upper,1,1,0,0
2163,5,lower,0,0,-1,0
2163,6,upper,1,1,-1,-1
2163,6,lower,1,-1,-1,1
2163,7,upper,1,0,0,-1
2163,7,lower,0,-1,-1,0
2163,8,upper,1,1,1,0
2163,8,lower,1,1,1,0
2164,1,upper,1,0,0,-1
2164,1,lower,-1,1,0,1
2164,2,upper,0,1,0,0
2164,2,lower,3,1,-1,0
2164,3,upper,1,0,0,-1
2164,3,lower,2,1,-1,0
2164,4,upper,1,1,0,0
2164,4,lower,3,3,0,-1
2164,5,upper,1,1,-1,0
2164,5,lower,1,1,-1,0
2164,6,upper,1,0,1,0
2164,6,lower,2,0,-1,-1
2164,7,upper,0,0,-1,0
2164,7,lower,0,0,-1,0
2164,8,upper,1,0,0,0
2164,8,lower,1,0,0,0
2165,1,upper,1,1,0,0
2165,1,lower,1,0,-1,-1
2165,2,upper,2,1,0,-1
2165,2,lower,0,-1,-1,0
2165,3,upper,0,1,0,0
2165,3,lower,2,2,-1,-1
2165,4,upper,0,2,0,0
2165,4,lower,3,3,-2,0
2165,5,upper,1,0,1,-1
2165,5,lower,1,1,1,-2
2165,6,upper,1,0,0,-1
2165,6,lower,1,0,0,-1
2165,7,upper,0,1,-1,0
2165,7,lower,1,0,0,1
2165,8,upper,1,1,-1,0
2165,8,lower,1,1,-1,0
2166,1,upper,0,0,0,1
2166,1,lower,1,3,0,-1
2166,2,upper,0,1,1,-1
2166,2,lower,2,1,-2,-1
2166,3,upper,1,1,-1,-1
2166,3,lower,3,0,-1,0
2166,4,upper,1,1,0,0
2166,4,lower,3,3,0,0
2166,5,upper,1,0,0,0
2166,5,lower,2,1,-1,0
2166,6,upper,0,0,0,0
2166,6,lower,2,1,-1,-2
2166,7,upper,0,0,0,-1
2166,7,lower,0,0,0,-1
2166,8,upper,1,1,-1,0
2166,8,lower,1,1,-1,0
2167,1,upper,1,2,0,0
2167,1,lower,1,-1,-1,-1
2167,2,upper,0,0,1,0
2167,2,lower,2,1,-3,-2
2167,3,upper,1,2,-1,-1
2167,3,lower,3,-1,-1,1
2167,4,upper,1,1,1,-1
2167,4,lower,3,1,-1,-1
2167,5,upper,1,1,0,-1
2167,5,lower,2,1,-2,-1
2167,6,upper,0,1,0,0
2167,6,lower,1,0,0,0
2167,7,upper,1,0,-1,0
2167,7,lower,0,-1,0,1
2167,8,upper,1,0,0,-1
2167,8,lower,1,0,0,-1
2168,1,upper,1,2,-1,0
2168,1,lower,0,0,0,-1
2168,2,upper,1,0,0,0
2168,2,lower,0,1,-1,-1
2168,3,upper,1,1,0,0
2168,3,lower,1,0,-1,-1
2168,4,upper,0,0,0,-1
2168,4,lower,1,2,-1,-1
2168,5,upper,1,1,0,0
2168,5,lower,1,-1,0,0
2168,6,upper,2,1,-1,0
2168,6,lower,1,-1,0,0
2168,7,upper,0,1,-1,-1
2168,7,lower,0,1,-1,-1
2168,8,upper,1,1,-1,-1
2168,8,lower,1,1,-1,-1
2169,1,upper,1,1,0,0
2169,1,lower,-1,0,0,0
2169,2,upper,1,0,-1,0
2169,2,lower,1,0,0,-1
2169,3,upper,1,0,0,0
2169,3,lower,1,1,-1,1
2169,4,upper,1,0,-1,0
2169,4,lower,2,0,-1,0
2169,5,upper,1,1,0,0
2169,5,lower,2,0,0,-1
2169,6,upper,2,1,0,0
2169,6,lower,2,1,0,0
2169,7,upper,1,0,-1,-1
2169,7,lower,0,-1,-1,1
2169,8,upper,1,0,0,-1
2169,8,lower,1,0,0,-1
2170,1,upper,1,0,1,0
2170,1,lower,0,2,-1,-1
2170,2,upper,1,1,-1,0
2170,2,lower,2,0,1,-1
2170,3,upper,1,0,0,0
2170,3,lower,0,1,-1,-1
2170,4,upper,2,2,0,0
2170,4,lower,5,-1,0,0
2170,5,upper,0,1,-1,-1
2170,5,lower,3,1,0,1
2170,6,upper,1,0,0,0
2170,6,lower,2,1,-1,-1
2170,7,upper,1,1,0,-1
2170,7,lower,1,1,0,-1
2170,8,upper,1,1,0,-1
2170,8,lower,1,1,0,-1
2171,1,upper,1,1,-1,0
2171,1,lower,1,-1,0,-1
2171,2,upper,1,1,0,0
2171,2,lower,0,1,0,0
2171,3,upper,1,1,0,-1
2171,3,lower,1,0,-1,1
2171,4,upper,0,0,0,-1
2171,4,lower,0,0,-1,0
2171,5,upper,0,2,0,0
2171,5,lower,3,0,-1,-1
2171,6,upper,1,2,-1,0
2171,6,lower,2,-1,0,1
2171,7,upper,1,1,0,0
2171,7,lower,1,-1,0,0
2171,8,upper,1,0,0,0
2171,8,lower,1,0,0,0
2172,1,upper,1,1,0,-1
2172,1,lower,1,0,0,0
2172,2,upper,1,1,-1,-1
2172,2,lower,1,0,1,1
2172,3,upper,1,2,0,0
2172,3,lower,2,0,0,-1
2172,4,upper,1,2,0,0
2172,4,lower,3,0,-1,0
2172,5,upper,0,1,0,0
2172,5,lower,0,1,0,0
2172,6,upper,1,1,-1,0
2172,6,lower,2,-1,0,1
2172,7,upper,1,1,-1,0
2172,7,lower,1,1,-1,0
2172,8,upper,1,1,0,1
2172,8,lower,1,1,0,1
2173,1,upper,1,1,0,0
2173,1,lower,1,0,-1,0
2173,2,upper,1,1,0,1
2173,2,lower,-1,1,0,-1
2173,3,upper,1,1,-1,-1
2173,3,lower,1,-1,0,2
2173,4,upper,0,0,0,0
2173,4,lower,2,1,0,0
2173,5,upper,1,1,0,0
2173,5,lower,3,1,0,-1
2173,6,upper,1,0,-1,0
2173,6,lower,1,0,-1,0
2173,7,upper,0,1,0,0
2173,7,lower,1,0,0,0
2173,8,upper,1,0,0,0
2173,8,lower,1,0,0,0
2174,1,upper,1,1,-1,-1
2174,1,lower,1,0,1,0
2174,2,upper,1,1,0,1
2174,2,lower,0,0,-1,-1
2174,3,upper,0,1,0,0
2174,3,lower,2,1,1,-1
2174,4,upper,0,1,0,-1
2174,4,lower,2,1,-1,0
2174,5,upper,1,1,-1,1
2174,5,lower,3,0,0,1
2174,6,upper,0,1,-1,0
2174,6,lower,2,2,-2,0
2174,7,upper,0,0,0,0
2174,7,lower,0,0,0,0
2174,8,upper,1,1,0,1
2174,8,lower,1,1,0,1
2175,1,upper,0,0,0,0
2175,1,lower,0,1,-1,-1
2175,2,upper,0,1,0,0
2175,2,lower,2,1,0,0
2175,3,upper,0,1,0,0
2175,3,lower,3,0,0,0
2175,4,upper,0,1,0,0
2175,4,lower,3,1,-1,-2
2175,5,upper,1,0,-1,-1
2175,5,lower,1,1,-3,-1
2175,6,upper,0,1,0,-1
2175,6,lower,1,0,-1,0
2175,7,upper,1,0,-1,-1
2175,7,lower,0,-1,-1,1
2175,8,upper,1,1,-1,0
2175,8,lower,1,1,-1,0
2176,1,upper,0,0,0,0
2176,1,lower,0,0,0,0
2176,2,upper,1,2,0,-1
2176,2,lower,1,1,-1,1
2176,3,upper,1,0,1,-1
2176,3,lower,1,1,-2,0
2176,4,upper,1,0,0,0
2176,4,lower,0,2,0,0
2176,5,upper,0,1,0,0
2176,5,lower,1,0,0,0
2176,6,upper,1,1,-1,1
2176,6,lower,1,1,1,-1
2176,7,upper,1,1,0,0
2176,7,lower,1,1,0,0
2176,8,upper,0,0,0,0
2176,8,lower,0,0,0,0
2177,1,upper,0,0,0,0
2177,1,lower,0,0,0,0
2177,2,upper,1,1,1,-1
2177,2,lower,1,1,1,-1
2177,3,upper,0,1,0,0
2177,3,lower,1,0,0,0
2177,4,upper,1,1,-1,1
2177,4,lower,1,0,1,-1
2177,5,upper,0,0,-1,0
2177,5,lower,2,0,0,1
2177,6,upper,1,1,0,0
2177,6,lower,1,1,0,0
2177,7,upper,2,1,0,-1
2177,7,lower,1,-2,-1,0
2177,8,upper,1,1,1,0
2177,8,lower,1,1,1,0
2178,1,upper,0,0,0,0
2178,1,lower,0,0,0,0
2178,2,upper,1,0,0,1
2178,2,lower,1,1,0,1
2178,3,upper,1,1,0,-1
2178,3,lower,1,1,0,-1
2178,4,upper,2,1,0,-1
2178,4,lower,0,-1,-1,0
2178,5,upper,1,1,-1,0
2178,5,lower,0,0,0,0
2178,6,upper,1,1,0,0
2178,6,lower,4,2,0,0
2178,7,upper,1,1,0,0
2178,7,lower,1,1,0,0
2178,8,upper,1,0,-1,0
2178,8,lower,1,0,-1,0
2179,1,upper,0,0,0,0
2179,1,lower,0,0,0,0
2179,2,upper,1,1,0,-1
2179,2,lower,3,2,-1,-1
2179,3,upper,1,1,0,-1
2179,3,lower,3,2,-1,-2
2179,4,upper,0,1,0,-1
2179,4,lower,0,1,0,-1
2179,5,upper,1,1,0,0
2179,5,lower,1,0,0,-1
2179,6,upper,0,0,0,0
2179,6,lower,0,0,0,0
2179,7,upper,1,1,0,-1
2179,7,lower,1,-1,-1,0
2179,8,upper,1,1,-1,0
2179,8,lower,1,1,-1,0
2180,1,upper,0,0,0,0
2180,1,lower,0,0,0,0
2180,2,upper,2,1,0,0
2180,2,lower,3,3,-1,0
2180,3,upper,1,1,0,0
2180,3,lower,3,2,0,0
2180,4,upper,1,0,0,0
2180,4,lower,1,1,0,0
2180,5,upper,2,1,0,0
2180,5,lower,2,1,0,0
2180,6,upper,1,0,0,0
2180,6,lower,0,1,-1,-1
2180,7,upper,0,1,0,0
2180,7,lower,0,1,0,0
2180,8,upper,0,1,0,-1
2180,8,lower,0,1,0,-1
2181,1,upper,0,0,0,0
2181,1,lower,0,0,0,0
2181,2,upper,1,1,0,-1
2181,2,lower,4,1,-1,-2
2181,3,upper,0,1,0,0
2181,3,lower,1,3,0,0
2181,4,upper,1,0,0,0
2181,4,lower,3,2,0,-1
2181,5,upper,1,0,-1,0
2181,5,lower,1,0,-2,1
2181,6,upper,1,0,0,0
2181,6,lower,1,0,0,0
2181,7,upper,1,1,0,0
2181,7,lower,1,-1,0,0
2181,8,upper,1,0,0,-1
2181,8,lower,1,0,0,-1
2182,1,upper,0,0,0,0
2182,1,lower,0,0,0,0
2182,2,upper,1,0,0,-1
2182,2,lower,3,2,-1,-2
2182,3,upper,1,1,0,-1
2182,3,lower,3,2,-2,-1
2182,4,upper,1,0,-1,0
2182,4,lower,2,1,-1,0
2182,5,upper,1,1,-1,-1
2182,5,lower,3,1,-1,0
2182,6,upper,0,1,0,0
2182,6,lower,3,3,-1,0
2182,7,upper,1,1,-1,0
2182,7,lower,1,1,-1,0
2182,8,upper,1,2,0,-1
2182,8,lower,1,2,0,-1
2183,1,upper,0,0,0,0
2183,1,lower,0,0,0,0
2183,2,upper,2,1,0,0
2183,2,lower,3,3,-1,0
2183,3,upper,0,0,0,0
2183,3,lower,3,1,0,0
2183,4,upper,1,0,-1,0
2183,4,lower,3,1,-1,0
2183,5,upper,1,1,-1,0
2183,5,lower,4,1,-1,1
2183,6,upper,1,0,0,0
2183,6,lower,0,-1,0,0
2183,7,upper,0,0,-1,-1
2183,7,lower,0,0,-1,1
2183,8,upper,2,1,-1,0
2183,8,lower,2,1,-1,0
2184,1,upper,0,0,0,0
2184,1,lower,0,0,0,0
2184,2,upper,0,1,0,-1
2184,2,lower,2,3,-1,-2
2184,3,upper,1,1,1,0
2184,3,lower,4,1,0,-1
2184,4,upper,1,1,-1,-1
2184,4,lower,4,2,-1,0
2184,5,upper,1,1,0,0
2184,5,lower,1,-1,0,0
2184,6,upper,1,1,0,0
2184,6,lower,2,0,-1,-1
2184,7,upper,2,0,-1,0
2184,7,lower,2,0,-1,0
2184,8,upper,1,0,-1,-1
2184,8,lower,1,0,-1,-1
2185,1,upper,0,0,0,0
2185,1,lower,0,0,0,0
2185,2,upper,0,1,0,1
2185,2,lower,3,2,0,0
2185,3,upper,1,1,0,0
2185,3,lower,2,1,0,0
2185,4,upper,1,1,-1,0
2185,4,lower,2,1,-1,0
2185,5,upper,2,1,0,-1
2185,5,lower,2,0,-1,0
2185,6,upper,1,1,1,0
2185,6,lower,1,1,1,0
2185,7,upper,1,1,-1,-1
2185,7,lower,1,-1,-1,1
2185,8,upper,2,1,0,0
2185,8,lower,2,1,0,0
2186,1,upper,0,0,0,0
2186,1,lower,0,0,0,0
2186,2,upper,2,0,0,-1
2186,2,lower,3,1,-1,-1
2186,3,upper,0,0,0,0
2186,3,lower,3,1,0,-1
2186,4,upper,0,0,0,1
2186,4,lower,2,2,-1,0
2186,5,upper,1,1,0,0
2186,5,lower,2,0,-1,-1
2186,6,upper,1,1,-1,0
2186,6,lower,2,1,0,0
2186,7,upper,1,0,-1,0
2186,7,lower,1,0,-1,0
2186,8,upper,1,0,-1,0
2186,8,lower,1,0,-1,0
2187,1,upper,0,0,0,0
2187,1,lower,0,0,0,0
2187,2,upper,1,1,0,0
2187,2,lower,3,2,0,1
2187,3,upper,1,1,0,-1
2187,3,lower,3,1,-1,-2
2187,4,upper,1,2,0,-1
2187,4,lower,2,-1,-1,0
2187,5,upper,1,0,0,0
2187,5,lower,1,2,0,-1
2187,6,upper,1,1,1,-1
2187,6,lower,1,-1,-1,-1
2187,7,upper,0,1,0,0
2187,7,lower,1,0,0,0
2187,8,upper,1,1,0,-1
2187,8,lower,1,1,0,-1
2188,1,upper,0,0,0,0
2188,1,lower,0,0,0,0
2188,2,upper,1,0,-1,0
2188,2,lower,1,0,-2,0
2188,3,upper,1,1,0,0
2188,3,lower,2,1,0,-1
2188,4,upper,0,1,0,0
2188,4,lower,3,2,0,-1
2188,5,upper,1,0,0,0
2188,5,lower,1,0,0,0
2188,6,upper,0,1,0,0
2188,6,lower,2,1,-2,0
2188,7,upper,1,0,-1,1
2188,7,lower,1,0,-1,1
2188,8,upper,1,1,0,0
2188,8,lower,1,1,0,0
2189,1,upper,0,0,0,0
2189,1,lower,0,0,0,0
2189,2,upper,1,1,0,-1
2189,2,lower,3,2,-1,-1
2189,3,upper,1,1,1,0
2189,3,lower,3,1,0,-1
2189,4,upper,0,1,0,-1
2189,4,lower,2,2,-1,0
2189,5,upper,1,0,0,0
2189,5,lower,1,1,-1,-1
2189,6,upper,1,1,0,1
2189,6,lower,1,1,0,1
2189,7,upper,0,1,-1,-1
2189,7,lower,1,0,-1,1
2189,8,upper,0,0,0,-1
2189,8,lower,0,0,0,-1
2190,1,upper,0,0,0,0
2190,1,lower,0,0,0,0
2190,2,upper,1,1,0,-1
2190,2,lower,2,1,-1,-2
2190,3,upper,0,1,-1,-1
2190,3,lower,2,1,-1,-1
2190,4,upper,1,0,0,0
2190,4,lower,0,1,0,0
2190,5,upper,2,1,-1,-1
2190,5,lower,3,1,-2,0
2190,6,upper,2,1,-1,0
2190,6,lower,3,0,-2,0
2190,7,upper,1,1,0,0
2190,7,lower,1,1,0,0
2190,8,upper,0,0,0,0
2190,8,lower,0,0,0,0
2191,1,upper,0,0,0,0
2191,1,lower,0,0,0,0
2191,2,upper,1,1,0,0
2191,2,lower,3,2,0,-1
2191,3,upper,1,1,1,-1
2191,3,lower,2,1,-1,-2
2191,4,upper,1,2,0,0
2191,4,lower,3,0,0,-1
2191,5,upper,1,1,-1,0
2191,5,lower,3,1,-1,1
2191,6,upper,1,1,0,0
2191,6,lower,1,-1,0,0
2191,7,upper,1,0,-1,0
2191,7,lower,0,-1,0,1
2191,8,upper,1,0,-1,-1
2191,8,lower,1,0,-1,-1
2192,1,upper,0,0,0,0
2192,1,lower,0,0,0,0
2192,2,upper,0,2,0,-1
2192,2,lower,4,3,-2,-1
2192,3,upper,1,1,-1,-1
2192,3,lower,2,0,-2,0
2192,4,upper,0,0,-1,0
2192,4,lower,2,1,0,0
2192,5,upper,1,1,-1,-1
2192,5,lower,1,-1,-1,1
2192,6,upper,1,1,-1,1
2192,6,lower,2,-1,0,0
2192,7,upper,1,1,-1,0
2192,7,lower,1,1,-1,0
2192,8,upper,2,0,0,-1
2192,8,lower,2,0,0,-1
2193,1,upper,0,0,0,0
2193,1,lower,0,0,0,0
2193,2,upper,0,2,0,0
2193,2,lower,3,3,-1,-1
2193,3,upper,1,1,0,0
2193,3,lower,3,1,-1,0
2193,4,upper,2,1,0,0
2193,4,lower,0,-1,0,0
2193,5,upper,1,0,0,-1
2193,5,lower,2,0,-1,-1
2193,6,upper,1,1,0,0
2193,6,lower,1,1,0,0
2193,7,upper,0,1,0,0
2193,7,lower,1,0,0,0
2193,8,upper,1,1,0,0
2193,8,lower,1,1,0,0
2194,1,upper,0,0,0,0
2194,1,lower,0,0,0,0
2194,2,upper,1,0,-1,-1
2194,2,lower,2,0,-2,0
2194,3,upper,1,1,-1,0
2194,3,lower,1,-1,0,1
2194,4,upper,1,0,0,-1
2194,4,lower,1,0,-1,-1
2194,5,upper,1,0,0,0
2194,5,lower,2,1,-1,-1
2194,6,upper,1,1,0,0
2194,6,lower,2,1,0,0
2194,7,upper,1,0,-1,0
2194,7,lower,1,0,-1,0
2194,8,upper,1,1,0,0
2194,8,lower,1,1,0,0
2195,1,upper,0,0,0,0
2195,1,lower,0,0,0,0
2195,2,upper,1,1,0,-1
2195,2,lower,3,1,-2,-1
2195,3,upper,1,1,0,0
2195,3,lower,3,0,0,-1
2195,4,upper,1,0,1,0
2195,4,lower,1,0,1,0
2195,5,upper,1,0,-1,-1
2195,5,lower,1,0,0,0
2195,6,upper,2,1,-1,-1
2195,6,lower,1,-2,-1,1
2195,7,upper,0,0,-1,0
2195,7,lower,0,0,0,1
2195,8,upper,1,1,0,0
2195,8,lower,1,1,0,0
2196,1,upper,0,0,0,0
2196,1,lower,0,0,0,0
2196,2,upper,0,1,0,0
2196,2,lower,2,2,-1,0
2196,3,upper,1,1,0,0
2196,3,lower,2,0,0,0
2196,4,upper,0,1,-1,-1
2196,4,lower,2,2,-2,-1
2196,5,upper,1,0,0,0
2196,5,lower,1,0,0,0
2196,6,upper,1,0,0,0
2196,6,lower,0,0,0,0
2196,7,upper,1,0,-1,-1
2196,7,lower,1,0,-1,-1
2196,8,upper,1,1,0,0
2196,8,lower,1,1,0,0
2197,1,upper,0,0,0,0
2197,1,lower,0,0,0,0
2197,2,upper,1,0,0,0
2197,2,lower,3,0,0,-1
2197,3,upper,0,1,0,0
2197,3,lower,2,1,-1,0
2197,4,upper,1,1,-1,0
2197,4,lower,3,2,-1,1
2197,5,upper,1,0,-1,-1
2197,5,lower,3,1,-3,-2
2197,6,upper,1,1,-1,-1
2197,6,lower,1,1,-1,-1
2197,7,upper,1,1,0,0
2197,7,lower,1,-1,0,0
2197,8,upper,1,1,-1,0
2197,8,lower,1,1,-1,0
2198,1,upper,0,0,0,0
2198,1,lower,0,0,0,0
2198,2,upper,1,1,0,-1
2198,2,lower,4,1,-1,-2
2198,3,upper,1,0,-1,-1
2198,3,lower,2,0,-1,1
2198,4,upper,0,1,0,-1
2198,4,lower,3,3,-1,-1
2198,5,upper,1,0,0,0
2198,5,lower,2,1,-1,0
2198,6,upper,0,1,0,-1
2198,6,lower,3,3,-1,0
2198,7,upper,1,1,0,-1
2198,7,lower,1,1,0,-1
2198,8,upper,1,1,-1,0
2198,8,lower,1,1,-1,0
2199,1,upper,0,0,0,0
2199,1,lower,0,0,0,0
2199,2,upper,0,0,0,-1
2199,2,lower,2,2,0,0
2199,3,upper,0,1,-1,0
2199,3,lower,3,1,-1,0
2199,4,upper,1,1,0,0
2199,4,lower,2,1,-1,0
2199,5,upper,2,1,-1,-1
2199,5,lower,3,1,-2,0
2199,6,upper,1,1,0,0
2199,6,lower,1,-1,0,0
2199,7,upper,0,1,0,0
2199,7,lower,1,0,0,0
2199,8,upper,2,0,0,-1
2199,8,lower,2,0,0,-1
2200,1,upper,0,0,0,0
2200,1,lower,0,0,0,0
2200,2,upper,2,1,0,0
2200,2,lower,2,0,-2,-1
2200,3,upper,0,1,-1,0
2200,3,lower,3,1,0,0
2200,4,upper,1,1,0,0
2200,4,lower,3,1,-1,0
2200,5,upper,1,1,-1,0
2200,5,lower,1,-1,0,1
2200,6,upper,1,1,1,0
2200,6,lower,2,0,-1,-1
2200,7,upper,1,1,-1,0
2200,7,lower,1,1,-1,0
2200,8,upper,0,0,-1,0
2200,8,lower,0,0,-1,0
2201,1,upper,0,0,0,0
2201,1,lower,0,0,0,0
2201,2,upper,2,0,-1,0
2201,2,lower,2,0,-2,0
2201,3,upper,1,0,0,-1
2201,3,lower,1,1,-1,0
2201,4,upper,0,1,1,0
2201,4,lower,3,2,-1,-2
2201,5,upper,0,0,0,0
2201,5,lower,0,1,0,0
2201,6,upper,1,1,-1,0
2201,6,lower,1,1,-1,0
2201,7,upper,0,0,0,-1
2201,7,lower,0,0,-1,0
2201,8,upper,1,0,-1,0
2201,8,lower,1,0,-1,0
2202,1,upper,0,0,0,0
2202,1,lower,0,0,0,0
2202,2,upper,1,2,0,-1
2202,2,lower,4,1,-1,-1
2202,3,upper,1,1,1,0
2202,3,lower,0,0,0,-1
2202,4,upper,1,1,0,0
2202,4,lower,3,1,0,-1
2202,5,upper,1,1,0,0
2202,5,lower,1,0,0,0
2202,6,upper,2,1,0,0
2202,6,lower,4,0,-1,-1
2202,7,upper,1,1,-1,1
2202,7,lower,1,1,-1,1
2202,8,upper,1,1,0,0
2202,8,lower,1,1,0,0
2203,1,upper,0,0,0,0
2203,1,lower,0,0,0,0
2203,2,upper,1,0,-1,0
2203,2,lower,1,1,-1,1
2203,3,upper,1,0,0,-1
2203,3,lower,1,0,-1,0
2203,4,upper,1,1,-1,0
2203,4,lower,1,-1,0,1
2203,5,upper,1,0,0,0
2203,5,lower,1,2,0,-1
2203,6,upper,1,0,-1,0
2203,6,lower,0,-1,0,1
2203,7,upper,1,1,0,0
2203,7,lower,1,-1,0,0
2203,8,upper,0,2,-1,0
2203,8,lower,0,2,-1,0
2204,1,upper,0,0,0,0
2204,1,lower,0,0,0,0
2204,2,upper,0,1,0,1
2204,2,lower,3,2,1,-1
2204,3,upper,0,1,0,0
2204,3,lower,2,1,-1,-2
2204,4,upper,0,1,0,0
2204,4,lower,2,1,0,0
2204,5,upper,0,1,-1,0
2204,5,lower,0,1,-1,0
2204,6,upper,1,0,-1,0
2204,6,lower,0,0,-1,0
2204,7,upper,1,1,0,0
2204,7,lower,1,1,0,0
2204,8,upper,1,1,0,0
2204,8,lower,1,1,0,0
2205,1,upper,0,0,0,0
2205,1,lower,0,0,0,0
2205,2,upper,2,2,0,0
2205,2,lower,3,0,0,0
2205,3,upper,1,1,0,0
2205,3,lower,1,0,0,0
2205,4,upper,1,2,0,0
2205,4,lower,4,0,0,0
2205,5,upper,1,0,-1,0
2205,5,lower,3,2,-1,1
2205,6,upper,1,1,-1,0
2205,6,lower,1,1,-1,0
2205,7,upper,0,1,0,1
2205,7,lower,1,0,1,0
2205,8,upper,1,1,-1,0
2205,8,lower,1,1,-1,0
2206,1,upper,0,0,0,0
2206,1,lower,0,0,0,0
2206,2,upper,0,0,0,0
2206,2,lower,1,1,-1,-1
2206,3,upper,1,1,0,-1
2206,3,lower,1,1,-1,0
2206,4,upper,1,0,0,-1
2206,4,lower,1,1,-2,1
2206,5,upper,1,2,0,0
2206,5,lower,4,2,-2,-1
2206,6,upper,1,1,0,-1
2206,6,lower,2,1,-2,-1
2206,7,upper,1,1,0,0
2206,7,lower,1,1,0,0
2206,8,upper,1,1,0,0
2206,8,lower,1,1,0,0
2207,1,upper,0,0,0,0
2207,1,lower,0,0,0,0
2207,2,upper,0,1,0,-1
2207,2,lower,2,3,-1,-1
2207,3,upper,0,0,0,-1
2207,3,lower,2,1,-2,0
2207,4,upper,1,0,0,0
2207,4,lower,1,0,0,-1
2207,5,upper,1,1,-1,-1
2207,5,lower,3,2,-2,0
2207,6,upper,1,1,0,-1
2207,6,lower,1,-1,-1,0
2207,7,upper,1,1,-1,0
2207,7,lower,1,-1,0,1
2207,8,upper,1,0,-1,0
2207,8,lower,1,0,-1,0
2208,1,upper,0,0,0,0
2208,1,lower,0,0,0,0
2208,2,upper,0,0,0,0
2208,2,lower,2,1,-1,0
2208,3,upper,0,1,0,-1
2208,3,lower,3,1,-1,0
2208,4,upper,1,0,-1,0
2208,4,lower,1,2,1,0
2208,5,upper,1,1,-1,0
2208,5,lower,1,-1,0,1
2208,6,upper,1,1,0,0
2208,6,lower,2,0,-1,0
2208,7,upper,1,1,0,-1
2208,7,lower,1,1,0,-1
2208,8,upper,1,1,0,0
2208,8,lower,1,1,0,0
2209,1,upper,0,0,0,0
2209,1,lower,0,0,0,0
2209,2,upper,2,1,-1,-1
2209,2,lower,1,-2,-1,1
2209,3,upper,2,0,0,-1
2209,3,lower,0,1,0,1
2209,4,upper,2,1,-1,0
2209,4,lower,0,-1,1,0
2209,5,upper,0,0,-1,0
2209,5,lower,2,2,0,2
2209,6,upper,0,1,0,0
2209,6,lower,0,1,0,0
2209,7,upper,1,1,1,-1
2209,7,lower,1,-1,-1,-1
2209,8,upper,0,1,0,-1
2209,8,lower,0,1,0,-1
2210,1,upper,0,0,0,0
2210,1,lower,0,0,0,0
2210,2,upper,1,2,-1,-1
2210,2,lower,2,0,0,0
2210,3,upper,1,1,-1,0
2210,3,lower,1,1,-1,0
2210,4,upper,1,0,0,0
2210,4,lower,2,1,0,0
2210,5,upper,2,0,0,0
2210,5,lower,-1,0,0,0
2210,6,upper,0,1,0,0
2210,6,lower,2,2,0,-1
2210,7,upper,0,1,0,0
2210,7,lower,0,1,0,0
2210,8,upper,1,1,0,-1
2210,8,lower,1,1,0,-1
2211,1,upper,0,0,0,0
2211,1,lower,0,0,0,0
2211,2,upper,1,2,0,0
2211,2,lower,3,1,0,-1
2211,3,upper,2,1,0,-1
2211,3,lower,3,1,-2,-2
2211,4,upper,1,1,-1,-1
2211,4,lower,1,1,-1,-1
2211,5,upper,1,1,-1,0
2211,5,lower,1,1,0,1
2211,6,upper,1,1,-1,0
2211,6,lower,1,-1,0,1
2211,7,upper,1,1,0,0
2211,7,lower,1,-1,0,0
2211,8,upper,1,1,0,0
2211,8,lower,1,1,0,0
2212,1,upper,0,0,0,0
2212,1,lower,0,0,0,0
2212,2,upper,1,1,0,0
2212,2,lower,3,1,0,-1
2212,3,upper,1,0,-1,1
2212,3,lower,3,2,-2,1
2212,4,upper,0,1,0,0
2212,4,lower,2,2,0,0
2212,5,upper,0,1,-1,0
2212,5,lower,0,1,-1,0
2212,6,upper,0,1,0,-1
2212,6,lower,2,1,-2,0
2212,7,upper,1,0,0,-1
2212,7,lower,1,0,0,-1
2212,8,upper,2,1,0,0
2212,8,lower,2,1,0,0
2213,1,upper,0,0,0,0
2213,1,lower,0,0,0,0
2213,2,upper,1,1,0,0
2213,2,lower,3,0,-1,-1
2213,3,upper,0,1,0,0
2213,3,lower,2,3,0,-1
2213,4,upper,1,2,-1,0
2213,4,lower,3,4,-1,0
2213,5,upper,1,1,-1,0
2213,5,lower,4,1,-1,0
2213,6,upper,1,1,0,0
2213,6,lower,1,1,0,0
2213,7,upper,1,1,1,0
2213,7,lower,1,-1,0,-1
2213,8,upper,0,1,0,0
2213,8,lower,0,1,0,0
2214,1,upper,0,0,0,0
2214,1,lower,0,0,0,0
2214,2,upper,0,1,0,-1
2214,2,lower,1,1,-2,-1
2214,3,upper,1,1,0,0
2214,3,lower,3,2,-1,-1
2214,4,upper,0,0,-1,-1
2214,4,lower,2,1,-2,-1
2214,5,upper,0,1,-1,0
2214,5,lower,3,3,-1,1
2214,6,upper,2,1,0,0
2214,6,lower,3,1,0,0
2214,7,upper,1,0,0,0
2214,7,lower,1,0,0,0
2214,8,upper,1,0,-1,0
2214,8,lower,1,0,-1,0
2215,1,upper,0,0,0,0
2215,1,lower,0,0,0,0
2215,2,upper,1,0,0,0
2215,2,lower,2,1,-1,0
2215,3,upper,0,1,-1,0
2215,3,lower,2,3,-2,0
2215,4,upper,1,0,0,1
2215,4,lower,2,0,1,0
2215,5,upper,1,1,0,0
2215,5,lower,4,0,0,0
2215,6,upper,1,0,0,0
2215,6,lower,0,-1,0,0
2215,7,upper,1,1,-1,0
2215,7,lower,1,-1,0,1
2215,8,upper,2,1,0,0
2215,8,lower,2,1,0,0
2216,1,upper,0,0,0,0
2216,1,lower,0,0,0,0
2216,2,upper,0,1,0,0
2216,2,lower,2,1,0,0
2216,3,upper,1,2,-1,-1
2216,3,lower,3,3,-1,-2
2216,4,upper,0,1,0,1
2216,4,lower,2,2,0,0
2216,5,upper,1,1,-1,0
2216,5,lower,1,-1,0,1
2216,6,upper,1,0,-1,0
2216,6,lower,2,2,1,0
2216,7,upper,1,0,0,-1
2216,7,lower,1,0,0,-1
2216,8,upper,2,1,0,0
2216,8,lower,2,1,0,0
2217,1,upper,0,0,0,0
2217,1,lower,0,0,0,0
2217,2,upper,1,1,0,-1
2217,2,lower,2,0,-1,0
2217,3,upper,0,0,0,0
2217,3,lower,1,3,0,-1
2217,4,upper,1,0,0,-1
2217,4,lower,1,1,-2,-1
2217,5,upper,1,1,0,-1
2217,5,lower,2,0,-1,1
2217,6,upper,1,1,0,-1
2217,6,lower,1,1,0,-1
2217,7,upper,1,1,0,0
2217,7,lower,1,-1,0,0
2217,8,upper,1,1,0,0
2217,8,lower,1,1,0,0
2218,1,upper,0,0,0,0
2218,1,lower,0,0,0,0
2218,2,upper,0,1,-1,-1
2218,2,lower,2,1,-1,1
2218,3,upper,1,1,-1,0
2218,3,lower,3,1,-2,-1
2218,4,upper,1,2,0,0
2218,4,lower,4,0,0,-1
2218,5,upper,2,0,0,0
2218,5,lower,0,-1,0,0
2218,6,upper,1,0,0,0
2218,6,lower,3,1,0,-1
2218,7,upper,1,0,0,0
2218,7,lower,1,0,0,0
2218,8,upper,1,1,0,-1
2218,8,lower,1,1,0,-1
2219,1,upper,0,0,0,0
2219,1,lower,0,0,0,0
2219,2,upper,1,1,0,-1
2219,2,lower,2,0,-1,0
2219,3,upper,1,0,0,0
2219,3,lower,1,1,0,-1
2219,4,upper,0,1,0,-1
2219,4,lower,1,0,-1,0
2219,5,upper,0,1,1,0
2219,5,lower,2,0,-1,-1
2219,6,upper,1,1,0,-1
2219,6,lower,1,-1,-1,0
2219,7,upper,1,1,-1,0
2219,7,lower,1,-1,0,1
2219,8,upper,0,1,0,1
2219,8,lower,0,1,0,1
2220,1,upper,0,0,0,0
2220,1,lower,0,0,0,0
2220,2,upper,0,0,0,1
2220,2,lower,2,2,0,0
2220,3,upper,2,1,-1,-1
2220,3,lower,4,-1,-2,-1
2220,4,upper,1,1,0,-1
2220,4,lower,2,0,-1,0
2220,5,upper,1,0,0,0
2220,5,lower,1,0,0,0
2220,6,upper,0,1,1,-1
2220,6,lower,2,2,-2,-1
2220,7,upper,1,1,1,0
2220,7,lower,1,1,1,0
2220,8,upper,0,0,0,0
2220,8,lower,0,0,0,0
2221,1,upper,0,0,0,0
2221,1,lower,0,0,0,0
2221,2,upper,1,0,1,0
2221,2,lower,1,1,0,-2
2221,3,upper,1,1,-1,0
2221,3,lower,4,2,-1,0
2221,4,upper,2,1,0,0
2221,4,lower,2,-2,-1,-1
2221,5,upper,0,0,0,0
2221,5,lower,2,2,-1,0
2221,6,upper,1,1,0,1
2221,6,lower,1,1,0,1
2221,7,upper,0,0,0,0
2221,7,lower,0,0,0,0
2221,8,upper,0,1,0,1
2221,8,lower,0,1,0,1
2222,1,upper,0,0,0,0
2222,1,lower,0,0,0,0
2222,2,upper,1,1,0,-1
2222,2,lower,1,1,-1,1
2222,3,upper,1,1,-1,-1
2222,3,lower,2,1,-2,1
2222,4,upper,1,0,-1,1
2222,4,lower,2,0,0,0
2222,5,upper,0,1,0,0
2222,5,lower,1,2,0,-1
2222,6,upper,1,1,0,0
2222,6,lower,3,1,0,-1
2222,7,upper,2,0,0,0
2222,7,lower,2,0,0,0
2222,8,upper,1,2,0,0
2222,8,lower,1,2,0,0
2223,1,upper,0,0,0,0
2223,1,lower,0,0,0,0
2223,2,upper,1,1,-1,0
2223,2,lower,2,0,0,-1
2223,3,upper,0,1,-1,0
2223,3,lower,2,2,-2,0
2223,4,upper,2,1,0,-1
2223,4,lower,0,0,-1,0
2223,5,upper,0,0,0,-1
2223,5,lower,1,2,-1,-1
2223,6,upper,1,1,0,-1
2223,6,lower,1,-1,-1,0
2223,7,upper,1,1,-1,-1
2223,7,lower,1,-1,-1,1
2223,8,upper,1,1,-1,-1
2223,8,lower,1,1,-1,-1
2224,1,upper,0,0,0,0
2224,1,lower,0,0,0,0
2224,2,upper,1,0,0,0
2224,2,lower,1,1,-1,0
2224,3,upper,1,1,-1,-1
2224,3,lower,2,1,-3,0
2224,4,upper,0,1,-1,0
2224,4,lower,3,0,1,1
2224,5,upper,1,0,0,0
2224,5,lower,0,-1,0,0
2224,6,upper,1,0,-1,-1
2224,6,lower,0,1,0,2
2224,7,upper,1,1,-1,0
2224,7,lower,1,1,-1,0
2224,8,upper,0,1,0,0
2224,8,lower,0,1,0,0
2225,1,upper,0,0,0,0
2225,1,lower,0,0,0,0
2225,2,upper,1,1,0,-1
2225,2,lower,1,0,-2,-1
2225,3,upper,2,1,-1,0
2225,3,lower,2,1,0,0
2225,4,upper,0,1,0,-1
2225,4,lower,3,1,-1,0
2225,5,upper,0,2,0,0
2225,5,lower,3,1,-1,0
2225,6,upper,1,1,-1,0
2225,6,lower,1,1,-1,0
2225,7,upper,1,1,0,0
2225,7,lower,1,-1,0,0
2225,8,upper,2,1,0,0
2225,8,lower,2,1,0,0
2226,1,upper,0,0,0,0
2226,1,lower,0,0,0,0
2226,2,upper,1,0,1,-1
2226,2,lower,0,1,-3,0
2226,3,upper,1,1,-1,0
2226,3,lower,1,-1,0,1
2226,4,upper,1,1,0,-1
2226,4,lower,2,-1,-1,1
2226,5,upper,1,1,0,0
2226,5,lower,1,1,0,0
2226,6,upper,1,0,0,0
2226,6,lower,2,1,-1,-1
2226,7,upper,0,1,0,0
2226,7,lower,0,1,0,0
2226,8,upper,0,1,-1,1
2226,8,lower,0,1,-1,1
2227,1,upper,0,0,0,0
2227,1,lower,0,0,0,0
2227,2,upper,1,1,-1,-1
2227,2,lower,1,1,-1,1
2227,3,upper,1,0,0,0
2227,3,lower,2,1,0,0
2227,4,upper,1,1,1,0
2227,4,lower,1,1,1,0
2227,5,upper,1,1,-1,0
2227,5,lower,2,1,1,0
2227,6,upper,2,1,0,0
2227,6,lower,1,-2,0,0
2227,7,upper,1,1,-1,0
2227,7,lower,1,-1,0,1
2227,8,upper,1,1,0,-1
2227,8,lower,1,1,0,-1
2228,1,upper,0,0,0,0
2228,1,lower,0,0,0,0
2228,2,upper,1,1,-1,-1
2228,2,lower,2,-1,0,1
2228,3,upper,0,1,0,0
2228,3,lower,3,1,-1,0
2228,4,upper,0,0,0,0
2228,4,lower,1,0,0,0
2228,5,upper,1,1,0,1
2228,5,lower,1,1,0,1
2228,6,upper,1,1,1,-1
2228,6,lower,0,0,-3,0
2228,7,upper,1,1,0,0
2228,7,lower,1,1,0,0
2228,8,upper,1,1,0,-1
2228,8,lower,1,1,0,-1
2229,1,upper,0,0,0,0
2229,1,lower,0,0,0,0
2229,2,upper,0,1,0,1
2229,2,lower,2,0,-1,-2
2229,3,upper,1,1,0,0
2229,3,lower,1,1,-1,-1
2229,4,upper,1,1,-1,0
2229,4,lower,3,1,-1,0
2229,5,upper,0,0,-1,0
2229,5,lower,3,1,-1,1
2229,6,upper,1,0,0,-1
2229,6,lower,1,0,0,-1
2229,7,upper,1,1,0,0
2229,7,lower,1,-1,0,0
2229,8,upper,0,1,0,0
2229,8,lower,0,1,0,0
2230,1,upper,0,0,0,0
2230,1,lower,0,0,0,0
2230,2,upper,1,1,-1,0
2230,2,lower,1,0,0,1
2230,3,upper,1,1,-1,1
2230,3,lower,1,0,1,0
2230,4,upper,1,1,0,-1
2230,4,lower,3,2,0,-1
2230,5,upper,1,1,-1,0
2230,5,lower,3,1,-1,1
2230,6,upper,1,0,-1,0
2230,6,lower,2,1,-2,1
2230,7,upper,1,2,-1,-1
2230,7,lower,1,2,-1,-1
2230,8,upper,1,1,0,-1
2230,8,lower,1,1,0,-1
2231,1,upper,0,0,0,0
2231,1,lower,0,0,0,0
2231,2,upper,0,1,0,-1
2231,2,lower,1,0,0,2
2231,3,upper,2,0,0,0
2231,3,lower,0,-1,0,-2
2231,4,upper,1,1,0,0
2231,4,lower,3,2,-1,-1
2231,5,upper,0,1,-1,0
2231,5,lower,2,2,0,0
2231,6,upper,0,1,-1,1
2231,6,lower,1,0,1,1
2231,7,upper,1,1,0,-1
2231,7,lower,1,-1,-1,0
2231,8,upper,1,0,0,0
2231,8,lower,1,0,0,0
2232,1,upper,0,0,0,0
2232,1,lower,0,0,0,0
2232,2,upper,1,1,-1,0
2232,2,lower,1,1,0,0
2232,3,upper,1,1,0,-1
2232,3,lower,2,0,-1,1
2232,4,upper,1,2,-1,0
2232,4,lower,3,2,-1,1
2232,5,upper,1,1,1,0
2232,5,lower,1,-1,0,-1
2232,6,upper,1,2,0,-1
2232,6,lower,2,0,-1,1
2232,7,upper,1,0,1,0
2232,7,lower,1,0,1,0
2232,8,upper,1,0,0,0
2232,8,lower,1,0,0,0
2233,1,upper,0,0,0,0
2233,1,lower,0,0,0,0
2233,2,upper,0,0,-1,-1
2233,2,lower,1,1,0,1
2233,3,upper,0,1,0,1
2233,3,lower,2,0,1,-2
2233,4,upper,1,1,1,-1
2233,4,lower,3,2,-2,-2
2233,5,upper,1,1,1,0
2233,5,lower,2,0,0,-1
2233,6,upper,0,1,-1,0
2233,6,lower,0,1,-1,0
2233,7,upper,1,1,0,-1
2233,7,lower,1,-1,-1,0
2233,8,upper,0,1,0,0
2233,8,lower,0,1,0,0
2234,1,upper,0,0,0,0
2234,1,lower,0,0,0,0
2234,2,upper,0,1,0,0
2234,2,lower,3,1,-1,-1
2234,3,upper,1,1,0,-1
2234,3,lower,1,1,-1,0
2234,4,upper,1,0,-1,-1
2234,4,lower,2,0,-1,0
2234,5,upper,1,1,0,1
2234,5,lower,1,1,0,-2
2234,6,upper,1,1,0,0
2234,6,lower,3,1,0,0
2234,7,upper,1,1,1,-1
2234,7,lower,1,1,1,-1
2234,8,upper,0,1,-1,-1
2234,8,lower,0,1,-1,-1
2235,1,upper,0,0,0,0
2235,1,lower,0,0,0,0
2235,2,upper,2,0,0,-1
2235,2,lower,0,1,0,1
2235,3,upper,1,1,0,-1
2235,3,lower,1,0,-2,1
2235,4,upper,0,1,0,0
2235,4,lower,1,0,0,0
2235,5,upper,1,1,-1,1
2235,5,lower,1,0,2,-1
2235,6,upper,1,0,-1,0
2235,6,lower,0,-1,0,1
2235,7,upper,0,0,0,0
2235,7,lower,0,0,0,0
2235,8,upper,0,1,0,0
2235,8,lower,0,1,0,0
2236,1,upper,0,0,0,0
2236,1,lower,0,0,0,0
2236,2,upper,1,2,-1,0
2236,2,lower,0,-1,0,-1
2236,3,upper,1,1,-1,-1
2236,3,lower,1,0,-1,2
2236,4,upper,0,1,1,0
2236,4,lower,2,1,-1,-2
2236,5,upper,1,2,-1,0
2236,5,lower,1,2,-1,0
2236,6,upper,2,1,0,0
2236,6,lower,0,-1,0,-1
2236,7,upper,0,0,-1,0
2236,7,lower,0,0,-1,0
2236,8,upper,0,1,0,0
2236,8,lower,0,1,0,0
2237,1,upper,0,0,0,0
2237,1,lower,0,0,0,0
2237,2,upper,1,0,-1,0
2237,2,lower,1,0,1,0
2237,3,upper,0,1,-1,-1
2237,3,lower,1,0,0,1
2237,4,upper,1,1,0,0
2237,4,lower,3,1,0,-1
2237,5,upper,0,1,1,0
2237,5,lower,3,3,1,-1
2237,6,upper,0,1,0,1
2237,6,lower,0,1,0,1
2237,7,upper,1,1,0,0
2237,7,lower,1,-1,0,0
2237,8,upper,1,1,-1,-1
2237,8,lower,1,1,-1,-1
2238,1,upper,0,0,0,0
2238,1,lower,0,0,0,0
2238,2,upper,2,0,0,-1
2238,2,lower,-1,2,-1,0
2238,3,upper,1,1,0,0
2238,3,lower,0,0,0,-1
2238,4,upper,0,1,1,0
2238,4,lower,1,0,-1,0
2238,5,upper,2,1,0,0
2238,5,lower,3,1,-1,-1
2238,6,upper,1,1,-1,0
2238,6,lower,3,2,-2,1
2238,7,upper,1,1,-1,0
2238,7,lower,1,1,-1,0
2238,8,upper,1,1,-1,-1
2238,8,lower,1,1,-1,-1
2239,1,upper,0,0,0,0
2239,1,lower,0,0,0,0
2239,2,upper,1,0,0,0
2239,2,lower,0,1,0,-1
2239,3,upper,1,0,0,-1
2239,3,lower,0,2,-1,1
2239,4,upper,2,2,0,0
2239,4,lower,2,-2,0,0
2239,5,upper,0,1,-1,0
2239,5,lower,3,2,0,1
2239,6,upper,1,1,0,0
2239,6,lower,1,-1,0,0
2239,7,upper,1,0,0,-1
2239,7,lower,0,-1,-1,0
2239,8,upper,1,0,0,-1
2239,8,lower,1,0,0,-1
2240,1,upper,0,0,0,0
2240,1,lower,0,0,0,0
2240,2,upper,1,1,0,0
2240,2,lower,0,0,-1,0
2240,3,upper,0,1,-1,-1
2240,3,lower,2,0,1,0
2240,4,upper,1,2,0,0
2240,4,lower,2,-1,0,-1
2240,5,upper,1,1,-1,-1
2240,5,lower,1,-1,-1,1
2240,6,upper,1,1,-1,0
2240,6,lower,1,0,1,0
2240,7,upper,1,0,-1,0
2240,7,lower,1,0,-1,0
2240,8,upper,2,0,0,0
2240,8,lower,2,0,0,0
2241,1,upper,0,0,0,0
2241,1,lower,0,0,0,0
2241,2,upper,0,0,0,0
2241,2,lower,0,0,0,0
2241,3,upper,0,0,0,0
2241,3,lower,1,1,-1,0
2241,4,upper,1,2,-1,-1
2241,4,lower,1,0,0,1
2241,5,upper,1,1,0,-1
2241,5,lower,2,0,-1,1
2241,6,upper,0,1,0,0
2241,6,lower,0,1,0,0
2241,7,upper,1,0,1,0
2241,7,lower,0,-1,0,-1
2241,8,upper,1,1,-1,0
2241,8,lower,1,1,-1,0
2242,1,upper,0,0,0,0
2242,1,lower,0,0,0,0
2242,2,upper,0,0,0,0
2242,2,lower,0,0,0,0
2242,3,upper,1,1,0,1
2242,3,lower,1,1,0,1
2242,4,upper,0,1,0,0
2242,4,lower,1,1,0,-1
2242,5,upper,1,1,0,-1
2242,5,lower,1,1,-1,0
2242,6,upper,1,1,0,0
2242,6,lower,4,0,0,0
2242,7,upper,0,1,-1,-1
2242,7,lower,0,1,-1,-1
2242,8,upper,2,2,0,0
2242,8,lower,2,2,0,0
2243,1,upper,0,0,0,0
2243,1,lower,0,0,0,0
2243,2,upper,0,0,0,0
2243,2,lower,0,0,0,0
2243,3,upper,1,1,0,0
2243,3,lower,3,3,0,-1
2243,4,upper,1,0,-1,0
2243,4,lower,1,0,-1,0
2243,5,upper,0,1,-1,0
2243,5,lower,2,-1,-1,0
2243,6,upper,2,2,0,0
2243,6,lower,2,-2,0,0
2243,7,upper,1,1,0,0
2243,7,lower,1,-1,0,0
2243,8,upper,1,0,-1,0
2243,8,lower,1,0,-1,0
2244,1,upper,0,0,0,0
2244,1,lower,0,0,0,0
2244,2,upper,0,0,0,0
2244,2,lower,0,0,0,0
2244,3,upper,0,1,-1,-1
2244,3,lower,1,3,-2,-2
2244,4,upper,2,1,-1,0
2244,4,lower,4,2,-2,-1
2244,5,upper,1,0,0,0
2244,5,lower,1,0,0,0
2244,6,upper,1,0,0,-1
2244,6,lower,2,1,-2,1
2244,7,upper,0,0,0,0
2244,7,lower,0,0,0,0
2244,8,upper,0,0,1,0
2244,8,lower,0,0,1,0
2245,1,upper,0,0,0,0
2245,1,lower,0,0,0,0
2245,2,upper,0,0,0,0
2245,2,lower,0,0,0,0
2245,3,upper,1,1,0,-1
2245,3,lower,2,2,-2,-2
2245,4,upper,0,2,0,0
2245,4,lower,2,3,-2,-1
2245,5,upper,1,1,0,0
2245,5,lower,3,2,0,-1
2245,6,upper,0,1,0,0
2245,6,lower,0,1,0,0
2245,7,upper,1,1,0,0
2245,7,lower,1,-1,0,0
2245,8,upper,1,0,0,0
2245,8,lower,1,0,0,0
2246,1,upper,0,0,0,0
2246,1,lower,0,0,0,0
2246,2,upper,0,0,0,0
2246,2,lower,0,0,0,0
2246,3,upper,1,0,0,0
2246,3,lower,3,2,0,-1
2246,4,upper,1,0,0,-1
2246,4,lower,3,0,-1,-2
2246,5,upper,1,1,0,0
2246,5,lower,3,1,0,0
2246,6,upper,1,1,0,1
2246,6,lower,3,2,0,0
2246,7,upper,1,1,-1,0
2246,7,lower,1,1,-1,0
2246,8,upper,1,1,0,-1
2246,8,lower,1,1,0,-1
2247,1,upper,0,0,0,0
2247,1,lower,0,0,0,0
2247,2,upper,0,0,0,0
2247,2,lower,0,0,0,0
2247,3,upper,1,1,0,1
2247,3,lower,3,2,0,2
2247,4,upper,1,0,-1,0
2247,4,lower,3,1,-1,0
2247,5,upper,1,1,0,0
2247,5,lower,3,2,0,-1
2247,6,upper,0,0,0,-1
2247,6,lower,0,0,-1,0
2247,7,upper,1,1,0,0
2247,7,lower,1,-1,0,0
2247,8,upper,1,1,0,0
2247,8,lower,1,1,0,0
2248,1,upper,0,0,0,0
2248,1,lower,0,0,0,0
2248,2,upper,0,0,0,0
2248,2,lower,0,0,0,0
2248,3,upper,2,1,-1,-1
2248,3,lower,3,1,-2,-1
2248,4,upper,1,1,-1,0
2248,4,lower,2,1,-1,-1
2248,5,upper,1,0,0,0
2248,5,lower,0,-1,0,0
2248,6,upper,1,0,0,0
2248,6,lower,1,1,-1,1
2248,7,upper,1,0,0,0
2248,7,lower,1,0,0,0
2248,8,upper,1,0,-1,0
2248,8,lower,1,0,-1,0
2249,1,upper,0,0,0,0
2249,1,lower,0,0,0,0
2249,2,upper,0,0,0,0
2249,2,lower,0,0,0,0
2249,3,upper,1,0,1,0
2249,3,lower,2,1,0,-1
2249,4,upper,2,1,-1,0
2249,4,lower,3,1,0,0
2249,5,upper,0,1,0,-1
2249,5,lower,3,1,-1,0
2249,6,upper,0,1,-1,1
2249,6,lower,0,1,-1,1
2249,7,upper,1,0,-1,-1
2249,7,lower,0,-1,-1,1
2249,8,upper,0,0,0,0
2249,8,lower,0,0,0,0
2250,1,upper,0,0,0,0
2250,1,lower,0,0,0,0
2250,2,upper,0,0,0,0
2250,2,lower,0,0,0,0
2250,3,upper,1,0,0,0
2250,3,lower,2,2,0,-2
2250,4,upper,0,0,0,0
2250,4,lower,1,3,0,-1
2250,5,upper,0,1,0,0
2250,5,lower,4,0,0,0
2250,6,upper,1,1,0,-1
2250,6,lower,4,1,-2,-2
2250,7,upper,1,0,-1,-1
2250,7,lower,1,0,-1,-1
2250,8,upper,1,1,0,0
2250,8,lower,1,1,0,0
2251,1,upper,0,0,0,0
2251,1,lower,0,0,0,0
2251,2,upper,0,0,0,0
2251,2,lower,0,0,0,0
2251,3,upper,1,0,0,0
2251,3,lower,3,1,0,0
2251,4,upper,1,1,-1,-1
2251,4,lower,1,-1,-1,1
2251,5,upper,0,1,0,0
2251,5,lower,2,0,-2,0
2251,6,upper,0,1,1,0
2251,6,lower,1,0,0,-1
2251,7,upper,1,0,1,0
2251,7,lower,0,-1,0,-1
2251,8,upper,1,0,0,0
2251,8,lower,1,0,0,0
2252,1,upper,0,0,0,0
2252,1,lower,0,0,0,0
2252,2,upper,0,0,0,0
2252,2,lower,0,0,0,0
2252,3,upper,0,2,0,0
2252,3,lower,4,3,-1,0
2252,4,upper,1,1,1,-1
2252,4,lower,2,0,-2,-1
2252,5,upper,0,1,1,0
2252,5,lower,0,1,1,0
2252,6,upper,1,0,-1,-1
2252,6,lower,1,0,-1,2
2252,7,upper,1,1,0,0
2252,7,lower,1,1,0,0
2252,8,upper,1,1,0,0
2252,8,lower,1,1,0,0
2253,1,upper,0,0,0,0
2253,1,lower,0,0,0,0
2253,2,upper,0,0,0,0
2253,2,lower,0,0,0,0
2253,3,upper,1,2,-1,0
2253,3,lower,4,1,0,0
2253,4,upper,1,0,-1,-1
2253,4,lower,2,1,-1,1
2253,5,upper,1,1,0,-1
2253,5,lower,2,3,-2,-1
2253,6,upper,0,1,0,0
2253,6,lower,0,1,0,0
2253,7,upper,2,1,0,0
2253,7,lower,1,-2,0,0
2253,8,upper,0,1,0,-1
2253,8,lower,0,1,0,-1
2254,1,upper,0,0,0,0
2254,1,lower,0,0,0,0
2254,2,upper,0,0,0,0
2254,2,lower,0,0,0,0
2254,3,upper,0,1,0,0
2254,3,lower,2,2,0,0
2254,4,upper,0,1,0,0
2254,4,lower,4,0,0,0
2254,5,upper,1,0,0,-1
2254,5,lower,2,1,-1,-2
2254,6,upper,1,1,0,0
2254,6,lower,3,1,-1,-1
2254,7,upper,1,0,-1,-1
2254,7,lower,1,0,-1,-1
2254,8,upper,2,1,0,0
2254,8,lower,2,1,0,0
2255,1,upper,0,0,0,0
2255,1,lower,0,0,0,0
2255,2,upper,0,0,0,0
2255,2,lower,0,0,0,0
2255,3,upper,1,2,-1,-1
2255,3,lower,3,1,-2,0
2255,4,upper,0,0,0,-1
2255,4,lower,1,1,-1,1
2255,5,upper,0,1,0,0
2255,5,lower,2,1,0,-1
2255,6,upper,1,0,-1,-1
2255,6,lower,0,-1,-1,1
2255,7,upper,2,2,0,0
2255,7,lower,2,-2,0,0
2255,8,upper,0,1,-1,0
2255,8,lower,0,1,-1,0
2256,1,upper,0,0,0,0
2256,1,lower,0,0,0,0
2256,2,upper,0,0,0,0
2256,2,lower,0,0,0,0
2256,3,upper,1,1,1,0
2256,3,lower,4,0,0,-1
2256,4,upper,1,1,0,0
2256,4,lower,2,-1,0,0
2256,5,upper,0,0,0,0
2256,5,lower,0,0,0,0
2256,6,upper,1,1,-1,0
2256,6,lower,1,1,0,0
2256,7,upper,1,1,-1,-1
2256,7,lower,1,1,-1,-1
2256,8,upper,1,1,-1,0
2256,8,lower,1,1,-1,0
2257,1,upper,0,0,0,0
2257,1,lower,0,0,0,0
2257,2,upper,0,0,0,0
2257,2,lower,0,0,0,0
2257,3,upper,1,0,0,0
2257,3,lower,1,0,-1,-2
2257,4,upper,0,0,-1,-1
2257,4,lower,1,2,1,0
2257,5,upper,1,1,-1,-1
2257,5,lower,2,-1,-1,2
2257,6,upper,1,1,0,0
2257,6,lower,1,1,0,0
2257,7,upper,1,1,-1,0
2257,7,lower,1,-1,0,1
2257,8,upper,1,1,0,-1
2257,8,lower,1,1,0,-1
2258,1,upper,0,0,0,0
2258,1,lower,0,0,0,0
2258,2,upper,0,0,0,0
2258,2,lower,0,0,0,0
2258,3,upper,0,0,0,0
2258,3,lower,0,0,0,0
2258,4,upper,1,1,-1,0
2258,4,lower,0,-1,1,0
2258,5,upper,1,0,0,-1
2258,5,lower,0,0,-1,0
2258,6,upper,0,1,-1,0
2258,6,lower,3,3,-1,0
2258,7,upper,0,0,-1,0
2258,7,lower,0,0,-1,0
2258,8,upper,2,1,0,0
2258,8,lower,2,1,0,0
2259,1,upper,0,0,0,0
2259,1,lower,0,0,0,0
2259,2,upper,0,0,0,0
2259,2,lower,0,0,0,0
2259,3,upper,1,0,-1,0
2259,3,lower,0,2,0,0
2259,4,upper,1,1,0,1
2259,4,lower,1,1,0,1
2259,5,upper,1,1,-1,-1
2259,5,lower,1,0,-1,2
2259,6,upper,1,1,0,0
2259,6,lower,1,-1,0,0
2259,7,upper,1,0,0,-1
2259,7,lower,0,-1,-1,0
2259,8,upper,1,1,0,0
2259,8,lower,1,1,0,0
2260,1,upper,0,0,0,0
2260,1,lower,0,0,0,0
2260,2,upper,0,0,0,0
2260,2,lower,0,0,0,0
2260,3,upper,1,0,0,0
2260,3,lower,2,1,-1,-1
2260,4,upper,1,1,-1,0
2260,4,lower,4,3,-2,0
2260,5,upper,1,0,0,1
2260,5,lower,1,0,0,1
2260,6,upper,0,2,-1,0
2260,6,lower,3,-1,0,1
2260,7,upper,1,0,0,-1
2260,7,lower,1,0,0,-1
2260,8,upper,0,0,0,-1
2260,8,lower,0,0,0,-1
2261,1,upper,0,0,0,0
2261,1,lower,0,0,0,0
2261,2,upper,0,0,0,0
2261,2,lower,0,0,0,0
2261,3,upper,1,2,0,0
2261,3,lower,3,1,-1,0
2261,4,upper,2,1,-1,0
2261,4,lower,3,2,-2,1
2261,5,upper,0,0,0,-1
2261,5,lower,1,2,-1,-1
2261,6,upper,2,1,0,0
2261,6,lower,2,1,0,0
2261,7,upper,1,1,0,0
2261,7,lower,1,-1,0,0
2261,8,upper,1,2,0,0
2261,8,lower,1,2,0,0
2262,1,upper,0,0,0,0
2262,1,lower,0,0,0,0
2262,2,upper,0,0,0,0
2262,2,lower,0,0,0,0
2262,3,upper,2,1,0,-1
2262,3,lower,1,-2,-2,0
2262,4,upper,1,0,-1,0
2262,4,lower,2,1,-2,0
2262,5,upper,1,1,-1,1
2262,5,lower,4,2,0,1
2262,6,upper,1,0,-1,-1
2262,6,lower,2,2,-2,0
2262,7,upper,0,1,1,0
2262,7,lower,0,1,1,0
2262,8,upper,1,1,0,-1
2262,8,lower,1,1,0,-1
2263,1,upper,0,0,0,0
2263,1,lower,0,0,0,0
2263,2,upper,0,0,0,0
2263,2,lower,0,0,0,0
2263,3,upper,1,1,0,0
2263,3,lower,2,0,1,1
2263,4,upper,0,1,0,-1
2263,4,lower,1,2,-1,-1
2263,5,upper,1,1,0,0
2263,5,lower,2,1,0,0
2263,6,upper,1,2,-1,-1
2263,6,lower,2,-1,-1,1
2263,7,upper,2,1,-1,0
2263,7,lower,1,-2,0,1
2263,8,upper,1,0,0,0
2263,8,lower,1,0,0,0
2264,1,upper,0,0,0,0
2264,1,lower,0,0,0,0
2264,2,upper,0,0,0,0
2264,2,lower,0,0,0,0
2264,3,upper,1,1,1,0
2264,3,lower,2,0,-1,-1
2264,4,upper,1,1,-1,-1
2264,4,lower,4,1,-3,0
2264,5,upper,0,1,0,0
2264,5,lower,1,0,0,0
2264,6,upper,1,1,0,-1
2264,6,lower,1,1,-2,1
2264,7,upper,1,1,0,-1
2264,7,lower,1,1,0,-1
2264,8,upper,0,1,0,0
2264,8,lower,0,1,0,0
2265,1,upper,0,0,0,0
2265,1,lower,0,0,0,0
2265,2,upper,0,0,0,0
2265,2,lower,0,0,0,0
2265,3,upper,1,0,-1,-1
2265,3,lower,1,1,-1,1
2265,4,upper,1,1,-1,-1
2265,4,lower,2,1,-1,-1
2265,5,upper,1,1,0,0
2265,5,lower,1,0,0,-1
2265,6,upper,1,1,-1,-1
2265,6,lower,1,1,-1,-1
2265,7,upper,1,1,1,-1
2265,7,lower,1,-1,-1,-1
2265,8,upper,2,1,0,0
2265,8,lower,2,1,0,0
2266,1,upper,0,0,0,0
2266,1,lower,0,0,0,0
2266,2,upper,0,0,0,0
2266,2,lower,0,0,0,0
2266,3,upper,1,1,-1,-1
2266,3,lower,1,1,0,1
2266,4,upper,2,1,0,0
2266,4,lower,3,0,0,-1
2266,5,upper,1,0,-1,0
2266,5,lower,0,0,-1,1
2266,6,upper,1,1,0,0
2266,6,lower,3,1,0,-1
2266,7,upper,1,1,0,0
2266,7,lower,1,1,0,0
2266,8,upper,1,1,-1,0
2266,8,lower,1,1,-1,0
2267,1,upper,0,0,0,0
2267,1,lower,0,0,0,0
2267,2,upper,0,0,0,0
2267,2,lower,0,0,0,0
2267,3,upper,1,1,-1,0
2267,3,lower,1,1,1,0
2267,4,upper,1,1,0,-1
2267,4,lower,1,-1,-1,0
2267,5,upper,1,1,0,0
2267,5,lower,2,1,-1,-1
2267,6,upper,1,0,-1,0
2267,6,lower,0,-1,0,1
2267,7,upper,1,1,0,-1
2267,7,lower,1,-1,-1,0
2267,8,upper,1,0,0,-1
2267,8,lower,1,0,0,-1
2268,1,upper,0,0,0,0
2268,1,lower,0,0,0,0
2268,2,upper,0,0,0,0
2268,2,lower,0,0,0,0
2268,3,upper,1,1,0,-1
2268,3,lower,1,0,0,1
2268,4,upper,1,1,-1,0
2268,4,lower,3,1,0,1
2268,5,upper,1,1,-1,-1
2268,5,lower,1,1,-1,-1
2268,6,upper,1,1,0,-1
2268,6,lower,2,0,-1,0
2268,7,upper,1,1,-1,0
2268,7,lower,1,1,-1,0
2268,8,upper,1,0,0,0
2268,8,lower,1,0,0,0
2269,1,upper,0,0,0,0
2269,1,lower,0,0,0,0
2269,2,upper,0,0,0,0
2269,2,lower,0,0,0,0
2269,3,upper,0,1,0,-1
2269,3,lower,2,1,-1,1
2269,4,upper,1,1,-1,0
2269,4,lower,2,1,0,0
2269,5,upper,2,1,0,-1
2269,5,lower,4,2,0,-2
2269,6,upper,1,0,0,-1
2269,6,lower,1,0,0,-1
2269,7,upper,1,1,0,0
2269,7,lower,1,-1,0,0
2269,8,upper,1,1,0,1
2269,8,lower,1,1,0,1
2270,1,upper,0,0,0,0
2270,1,lower,0,0,0,0
2270,2,upper,0,0,0,0
2270,2,lower,0,0,0,0
2270,3,upper,2,0,0,0
2270,3,lower,-1,1,0,1
2270,4,upper,1,1,-1,0
2270,4,lower,1,1,0,0
2270,5,upper,0,1,0,0
2270,5,lower,2,2,0,0
2270,6,upper,2,1,0,0
2270,6,lower,2,0,0,0
2270,7,upper,0,1,-1,0
2270,7,lower,0,1,-1,0
2270,8,upper,0,1,0,0
2270,8,lower,0,1,0,0
2271,1,upper,0,0,0,0
2271,1,lower,0,0,0,0
2271,2,upper,0,0,0,0
2271,2,lower,0,0,0,0
2271,3,upper,1,1,0,0
2271,3,lower,1,1,0,0
2271,4,upper,1,1,0,0
2271,4,lower,2,1,-1,-1
2271,5,upper,0,0,-1,0
2271,5,lower,1,1,-1,0
2271,6,upper,1,0,0,0
2271,6,lower,0,-1,0,0
2271,7,upper,1,1,0,0
2271,7,lower,1,-1,0,0
2271,8,upper,0,1,0,0
2271,8,lower,0,1,0,0
2272,1,upper,0,0,0,0
2272,1,lower,0,0,0,0
2272,2,upper,0,0,0,0
2272,2,lower,0,0,0,0
2272,3,upper,1,1,0,-1
2272,3,lower,1,-1,-1,1
2272,4,upper,1,1,-1,0
2272,4,lower,1,0,1,-1
2272,5,upper,1,1,-1,-1
2272,5,lower,1,-1,-1,1
2272,6,upper,1,1,-1,0
2272,6,lower,1,1,0,0
2272,7,upper,1,1,-1,-1
2272,7,lower,1,1,-1,-1
2272,8,upper,0,1,1,0
2272,8,lower,0,1,1,0
2273,1,upper,0,0,0,0
2273,1,lower,0,0,0,0
2273,2,upper,0,0,0,0
2273,2,lower,0,0,0,0
2273,3,upper,0,1,0,0
2273,3,lower,2,0,-2,0
2273,4,upper,1,1,0,0
2273,4,lower,1,0,0,0
2273,5,upper,0,0,0,0
2273,5,lower,1,1,1,0
2273,6,upper,1,1,0,0
2273,6,lower,1,1,0,0
2273,7,upper,1,2,-1,-1
2273,7,lower,2,-1,-1,1
2273,8,upper,1,0,-1,0
2273,8,lower,1,0,-1,0
2274,1,upper,0,0,0,0
2274,1,lower,0,0,0,0
2274,2,upper,0,0,0,0
2274,2,lower,0,0,0,0
2274,3,upper,0,0,0,0
2274,3,lower,0,0,0,0
2274,4,upper,1,0,0,-1
2274,4,lower,0,2,0,0
2274,5,upper,0,0,0,0
2274,5,lower,1,2,-1,-1
2274,6,upper,1,0,0,-1
2274,6,lower,2,0,-3,0
2274,7,upper,0,1,0,1
2274,7,lower,0,1,0,1
2274,8,upper,1,1,1,-1
2274,8,lower,1,1,1,-1
2275,1,upper,0,0,0,0
2275,1,lower,0,0,0,0
2275,2,upper,0,0,0,0
2275,2,lower,0,0,0,0
2275,3,upper,0,0,0,0
2275,3,lower,0,0,0,0
2275,4,upper,0,0,0,0
2275,4,lower,0,0,0,0
2275,5,upper,0,1,1,0
2275,5,lower,2,1,-2,0
2275,6,upper,0,1,0,-1
2275,6,lower,1,0,-1,0
2275,7,upper,0,1,-1,0
2275,7,lower,1,0,0,1
2275,8,upper,1,0,-1,-1
2275,8,lower,1,0,-1,-1
2276,1,upper,0,0,0,0
2276,1,lower,0,0,0,0
2276,2,upper,0,0,0,0
2276,2,lower,0,0,0,0
2276,3,upper,0,0,0,0
2276,3,lower,0,0,0,0
2276,4,upper,1,0,0,0
2276,4,lower,3,2,0,0
2276,5,upper,1,1,-1,-1
2276,5,lower,1,1,-1,-1
2276,6,upper,1,1,0,1
2276,6,lower,2,0,-1,-1
2276,7,upper,1,1,-1,0
2276,7,lower,1,1,-1,0
2276,8,upper,1,1,-1,-1
2276,8,lower,1,1,-1,-1
2277,1,upper,0,0,0,0
2277,1,lower,0,0,0,0
2277,2,upper,0,0,0,0
2277,2,lower,0,0,0,0
2277,3,upper,0,0,0,0
2277,3,lower,0,0,0,0
2277,4,upper,1,1,-1,-1
2277,4,lower,3,3,-3,-1
2277,5,upper,0,0,0,0
2277,5,lower,2,1,0,-1
2277,6,upper,0,1,0,-1
2277,6,lower,0,1,0,-1
2277,7,upper,1,1,0,0
2277,7,lower,1,-1,0,0
2277,8,upper,1,0,-1,-1
2277,8,lower,1,0,-1,-1
2278,1,upper,0,0,0,0
2278,1,lower,0,0,0,0
2278,2,upper,0,0,0,0
2278,2,lower,0,0,0,0
2278,3,upper,0,0,0,0
2278,3,lower,0,0,0,0
2278,4,upper,1,1,-1,0
2278,4,lower,4,2,-1,0
2278,5,upper,0,1,0,0
2278,5,lower,2,3,-1,-1
2278,6,upper,1,0,0,-1
2278,6,lower,2,1,-1,-1
2278,7,upper,1,0,0,-1
2278,7,lower,1,0,0,-1
2278,8,upper,1,1,-1,-1
2278,8,lower,1,1,-1,-1
2279,1,upper,0,0,0,0
2279,1,lower,0,0,0,0
2279,2,upper,0,0,0,0
2279,2,lower,0,0,0,0
2279,3,upper,0,0,0,0
2279,3,lower,0,0,0,0
2279,4,upper,0,1,-1,0
2279,4,lower,3,3,-1,0
2279,5,upper,0,1,-1,0
2279,5,lower,3,2,-1,0
2279,6,upper,0,1,-1,0
2279,6,lower,1,0,0,1
2279,7,upper,0,0,-1,0
2279,7,lower,0,0,0,1
2279,8,upper,1,1,-1,-1
2279,8,lower,1,1,-1,-1
2280,1,upper,0,0,0,0
2280,1,lower,0,0,0,0
2280,2,upper,0,0,0,0
2280,2,lower,0,0,0,0
2280,3,upper,0,0,0,0
2280,3,lower,0,0,0,0
2280,4,upper,0,0,1,0
2280,4,lower,3,1,1,0
2280,5,upper,0,2,0,-1
2280,5,lower,2,0,-1,0
2280,6,upper,0,1,0,1
2280,6,lower,1,0,0,-1
2280,7,upper,1,0,0,0
2280,7,lower,1,0,0,0
2280,8,upper,1,1,-1,0
2280,8,lower,1,1,-1,0
2281,1,upper,0,0,0,0
2281,1,lower,0,0,0,0
2281,2,upper,0,0,0,0
2281,2,lower,0,0,0,0
2281,3,upper,0,0,0,0
2281,3,lower,0,0,0,0
2281,4,upper,0,1,0,0
2281,4,lower,2,2,-1,0
2281,5,upper,1,0,-1,0
2281,5,lower,1,2,-1,0
2281,6,upper,0,1,0,1
2281,6,lower,0,1,0,1
2281,7,upper,1,0,-1,0
2281,7,lower,0,-1,0,1
2281,8,upper,1,1,0,-1
2281,8,lower,1,1,0,-1
2282,1,upper,0,0,0,0
2282,1,lower,0,0,0,0
2282,2,upper,0,0,0,0
2282,2,lower,0,0,0,0
2282,3,upper,0,0,0,0
2282,3,lower,0,0,0,0
2282,4,upper,1,0,0,-1
2282,4,lower,2,1,-2,-1
2282,5,upper,1,0,0,0
2282,5,lower,0,2,0,0
2282,6,upper,1,1,-1,-1
2282,6,lower,3,2,-2,0
2282,7,upper,1,1,0,0
2282,7,lower,1,1,0,0
2282,8,upper,1,0,-1,-1
2282,8,lower,1,0,-1,-1
2283,1,upper,0,0,0,0
2283,1,lower,0,0,0,0
2283,2,upper,0,0,0,0
2283,2,lower,0,0,0,0
2283,3,upper,0,0,0,0
2283,3,lower,0,0,0,0
2283,4,upper,1,1,0,0
2283,4,lower,1,-1,0,0
2283,5,upper,1,0,-1,0
2283,5,lower,1,1,0,-1
2283,6,upper,1,0,0,0
2283,6,lower,0,-1,0,0
2283,7,upper,1,1,0,-1
2283,7,lower,1,-1,-1,0
2283,8,upper,1,1,0,-1
2283,8,lower,1,1,0,-1
2284,1,upper,0,0,0,0
2284,1,lower,0,0,0,0
2284,2,upper,0,0,0,0
2284,2,lower,0,0,0,0
2284,3,upper,0,0,0,0
2284,3,lower,0,0,0,0
2284,4,upper,2,1,0,-1
2284,4,lower,2,-2,-1,-1
2284,5,upper,1,1,0,0
2284,5,lower,1,1,0,0
2284,6,upper,0,1,0,0
2284,6,lower,2,1,-1,-1
2284,7,upper,0,1,0,0
2284,7,lower,0,1,0,0
2284,8,upper,1,0,0,-1
2284,8,lower,1,0,0,-1
2285,1,upper,0,0,0,0
2285,1,lower,0,0,0,0
2285,2,upper,0,0,0,0
2285,2,lower,0,0,0,0
2285,3,upper,0,0,0,0
2285,3,lower,0,0,0,0
2285,4,upper,1,1,0,-1
2285,4,lower,2,1,-2,0
2285,5,upper,0,0,0,-1
2285,5,lower,1,1,-2,0
2285,6,upper,1,1,1,0
2285,6,lower,1,1,1,0
2285,7,upper,1,2,0,-1
2285,7,lower,2,-1,-1,0
2285,8,upper,0,1,0,0
2285,8,lower,0,1,0,0
2286,1,upper,0,0,0,0
2286,1,lower,0,0,0,0
2286,2,upper,0,0,0,0
2286,2,lower,0,0,0,0
2286,3,upper,0,0,0,0
2286,3,lower,0,0,0,0
2286,4,upper,0,0,0,0
2286,4,lower,1,1,0,0
2286,5,upper,1,1,0,1
2286,5,lower,3,1,0,0
2286,6,upper,1,1,1,0
2286,6,lower,3,2,0,-1
2286,7,upper,1,1,-1,-1
2286,7,lower,1,1,-1,-1
2286,8,upper,1,1,-1,-1
2286,8,lower,1,1,-1,-1
2287,1,upper,0,0,0,0
2287,1,lower,0,0,0,0
2287,2,upper,0,0,0,0
2287,2,lower,0,0,0,0
2287,3,upper,0,0,0,0
2287,3,lower,0,0,0,0
2287,4,upper,1,0,0,0
2287,4,lower,0,1,0,-1
2287,5,upper,0,1,-1,-1
2287,5,lower,3,2,-2,1
2287,6,upper,1,1,0,-1
2287,6,lower,1,-1,-1,0
2287,7,upper,0,0,0,0
2287,7,lower,0,0,0,0
2287,8,upper,1,1,1,0
2287,8,lower,1,1,1,0
2288,1,upper,0,0,0,0
2288,1,lower,0,0,0,0
2288,2,upper,0,0,0,0
2288,2,lower,0,0,0,0
2288,3,upper,0,0,0,0
2288,3,lower,0,0,0,0
2288,4,upper,1,0,1,0
2288,4,lower,1,2,-1,-1
2288,5,upper,2,1,0,0
2288,5,lower,1,-2,0,0
2288,6,upper,0,0,0,-1
2288,6,lower,2,2,-1,0
2288,7,upper,1,1,-1,-1
2288,7,lower,1,1,-1,-1
2288,8,upper,0,1,-1,0
2288,8,lower,0,1,-1,0
2289,1,upper,0,0,0,0
2289,1,lower,0,0,0,0
2289,2,upper,0,0,0,0
2289,2,lower,0,0,0,0
2289,3,upper,0,0,0,0
2289,3,lower,0,0,0,0
2289,4,upper,1,1,1,0
2289,4,lower,1,1,-2,-2
2289,5,upper,0,0,0,0
2289,5,lower,2,1,0,-1
2289,6,upper,1,0,-1,0
2289,6,lower,1,0,-1,0
2289,7,upper,0,1,-1,-1
2289,7,lower,1,0,-1,1
2289,8,upper,1,0,0,-1
2289,8,lower,1,0,0,-1
2290,1,upper,0,0,0,0
2290,1,lower,0,0,0,0
2290,2,upper,0,0,0,0
2290,2,lower,0,0,0,0
2290,3,upper,0,0,0,0
2290,3,lower,0,0,0,0
2290,4,upper,0,2,0,-1
2290,4,lower,1,-1,-1,0
2290,5,upper,1,0,0,-1
2290,5,lower,1,0,-1,-1
2290,6,upper,1,1,0,0
2290,6,lower,4,1,0,0
2290,7,upper,1,0,-1,-1
2290,7,lower,1,0,-1,-1
2290,8,upper,1,1,-1,-1
2290,8,lower,1,1,-1,-1
2291,1,upper,0,0,0,0
2291,1,lower,0,0,0,0
2291,2,upper,0,0,0,0
2291,2,lower,0,0,0,0
2291,3,upper,0,0,0,0
2291,3,lower,0,0,0,0
2291,4,upper,0,0,0,0
2291,4,lower,0,0,0,0
2291,5,upper,0,1,0,0
2291,5,lower,2,1,-1,0
2291,6,upper,1,0,-1,0
2291,6,lower,0,-1,0,1
2291,7,upper,0,1,0,0
2291,7,lower,1,0,0,0
2291,8,upper,1,1,-1,-1
2291,8,lower,1,1,-1,-1
2292,1,upper,0,0,0,0
2292,1,lower,0,0,0,0
2292,2,upper,0,0,0,0
2292,2,lower,0,0,0,0
2292,3,upper,0,0,0,0
2292,3,lower,0,0,0,0
2292,4,upper,0,0,0,0
2292,4,lower,0,0,0,0
2292,5,upper,0,1,-1,0
2292,5,lower,0,1,-1,0
2292,6,upper,1,0,0,-1
2292,6,lower,1,1,0,-1
2292,7,upper,0,0,-1,0
2292,7,lower,0,0,-1,0
2292,8,upper,1,0,0,0
2292,8,lower,1,0,0,0
2293,1,upper,0,0,0,0
2293,1,lower,0,0,0,0
2293,2,upper,0,0,0,0
2293,2,lower,0,0,0,0
2293,3,upper,0,0,0,0
2293,3,lower,0,0,0,0
2293,4,upper,0,0,0,0
2293,4,lower,0,0,0,0
2293,5,upper,1,0,0,0
2293,5,lower,2,0,1,-1
2293,6,upper,1,0,0,0
2293,6,lower,1,0,0,0
2293,7,upper,0,1,-1,0
2293,7,lower,1,0,0,1
2293,8,upper,1,0,-1,0
2293,8,lower,1,0,-1,0
2294,1,upper,0,0,0,0
2294,1,lower,0,0,0,0
2294,2,upper,0,0,0,0
2294,2,lower,0,0,0,0
2294,3,upper,0,0,0,0
2294,3,lower,0,0,0,0
2294,4,upper,0,0,0,0
2294,4,lower,0,0,0,0
2294,5,upper,2,1,-1,-1
2294,5,lower,3,0,-2,-1
2294,6,upper,1,2,0,-1
2294,6,lower,3,3,-1,-1
2294,7,upper,1,0,-1,-1
2294,7,lower,1,0,-1,-1
2294,8,upper,1,0,0,-1
2294,8,lower,1,0,0,-1
2295,1,upper,0,0,0,0
2295,1,lower,0,0,0,0
2295,2,upper,0,0,0,0
2295,2,lower,0,0,0,0
2295,3,upper,0,0,0,0
2295,3,lower,0,0,0,0
2295,4,upper,0,0,0,0
2295,4,lower,0,0,0,0
2295,5,upper,1,1,0,0
2295,5,lower,3,2,-1,0
2295,6,upper,1,1,0,0
2295,6,lower,1,-1,0,0
2295,7,upper,2,2,0,0
2295,7,lower,2,-2,0,0
2295,8,upper,1,1,0,0
2295,8,lower,1,1,0,0
2296,1,upper,0,0,0,0
2296,1,lower,0,0,0,0
2296,2,upper,0,0,0,0
2296,2,lower,0,0,0,0
2296,3,upper,0,0,0,0
2296,3,lower,0,0,0,0
2296,4,upper,0,0,0,0
2296,4,lower,0,0,0,0
2296,5,upper,1,1,0,0
2296,5,lower,1,-1,0,0
2296,6,upper,1,1,-1,-1
2296,6,lower,2,0,-1,1
2296,7,upper,0,0,0,0
2296,7,lower,0,0,0,0
2296,8,upper,1,2,0,0
2296,8,lower,1,2,0,0
2297,1,upper,0,0,0,0
2297,1,lower,0,0,0,0
2297,2,upper,0,0,0,0
2297,2,lower,0,0,0,0
2297,3,upper,0,0,0,0
2297,3,lower,0,0,0,0
2297,4,upper,0,0,0,0
2297,4,lower,0,0,0,0
2297,5,upper,0,1,0,-1
2297,5,lower,3,1,-1,0
2297,6,upper,1,1,0,0
2297,6,lower,1,1,0,0
2297,7,upper,0,0,-1,0
2297,7,lower,0,0,0,1
2297,8,upper,1,1,0,-1
2297,8,lower,1,1,0,-1
2298,1,upper,0,0,0,0
2298,1,lower,0,0,0,0
2298,2,upper,0,0,0,0
2298,2,lower,0,0,0,0
2298,3,upper,0,0,0,0
2298,3,lower,0,0,0,0
2298,4,upper,0,0,0,0
2298,4,lower,0,0,0,0
2298,5,upper,1,0,0,1
2298,5,lower,1,1,1,-2
2298,6,upper,1,1,0,-1
2298,6,lower,3,1,-1,-1
2298,7,upper,1,1,-1,-1
2298,7,lower,1,1,-1,-1
2298,8,upper,1,0,0,0
2298,8,lower,1,0,0,0
2299,1,upper,0,0,0,0
2299,1,lower,0,0,0,0
2299,2,upper,0,0,0,0
2299,2,lower,0,0,0,0
2299,3,upper,0,0,0,0
2299,3,lower,0,0,0,0
2299,4,upper,0,0,0,0
2299,4,lower,0,0,0,0
2299,5,upper,1,1,1,0
2299,5,lower,0,0,-1,-1
2299,6,upper,1,1,-1,-1
2299,6,lower,1,-1,-1,1
2299,7,upper,1,1,0,0
2299,7,lower,1,-1,0,0
2299,8,upper,0,1,0,0
2299,8,lower,0,1,0,0
2300,1,upper,0,0,0,0
2300,1,lower,0,0,0,0
2300,2,upper,0,0,0,0
2300,2,lower,0,0,0,0
2300,3,upper,0,0,0,0
2300,3,lower,0,0,0,0
2300,4,upper,0,0,0,0
2300,4,lower,0,0,0,0
2300,5,upper,0,0,0,0
2300,5,lower,0,0,0,0
2300,6,upper,0,1,0,0
2300,6,lower,3,1,-1,0
2300,7,upper,1,1,0,0
2300,7,lower,1,1,0,0
2300,8,upper,1,1,-1,0
2300,8,lower,1,1,-1,0
2301,1,upper,0,0,0,0
2301,1,lower,0,0,0,0
2301,2,upper,0,0,0,0
2301,2,lower,0,0,0,0
2301,3,upper,0,0,0,0
2301,3,lower,0,0,0,0
2301,4,upper,0,0,0,0
2301,4,lower,0,0,0,0
2301,5,upper,0,0,0,0
2301,5,lower,0,0,0,0
2301,6,upper,1,0,-1,0
2301,6,lower,1,0,-1,0
2301,7,upper,1,1,-1,0
2301,7,lower,1,-1,0,1
2301,8,upper,1,0,-1,-1
2301,8,lower,1,0,-1,-1
2302,1,upper,0,0,0,0
2302,1,lower,0,0,0,0
2302,2,upper,0,0,0,0
2302,2,lower,0,0,0,0
2302,3,upper,0,0,0,0
2302,3,lower,0,0,0,0
2302,4,upper,0,0,0,0
2302,4,lower,0,0,0,0
2302,5,upper,0,0,0,0
2302,5,lower,0,0,0,0
2302,6,upper,1,0,0,0
2302,6,lower,2,0,0,0
2302,7,upper,1,1,0,-1
2302,7,lower,1,1,0,-1
2302,8,upper,0,0,0,-1
2302,8,lower,0,0,0,-1
2303,1,upper,0,0,0,0
2303,1,lower,0,0,0,0
2303,2,upper,0,0,0,0
2303,2,lower,0,0,0,0
2303,3,upper,0,0,0,0
2303,3,lower,0,0,0,0
2303,4,upper,0,0,0,0
2303,4,lower,0,0,0,0
2303,5,upper,0,0,0,0
2303,5,lower,0,0,0,0
2303,6,upper,1,0,0,0
2303,6,lower,0,-1,0,0
2303,7,upper,1,1,1,-1
2303,7,lower,1,-1,-1,-1
2303,8,upper,1,1,0,1
2303,8,lower,1,1,0,1
2304,1,upper,0,0,0,0
2304,1,lower,0,0,0,0
2304,2,upper,0,0,0,0
2304,2,lower,0,0,0,0
2304,3,upper,0,0,0,0
2304,3,lower,0,0,0,0
2304,4,upper,0,0,0,0
2304,4,lower,0,0,0,0
2304,5,upper,0,0,0,0
2304,5,lower,0,0,0,0
2304,6,upper,0,1,-1,1
2304,6,lower,1,1,1,0
2304,7,upper,0,1,0,0
2304,7,lower,0,1,0,0
2304,8,upper,1,1,-1,-1
2304,8,lower,1,1,-1,-1
2305,1,upper,0,0,0,0
2305,1,lower,0,0,0,0
2305,2,upper,0,0,0,0
2305,2,lower,0,0,0,0
2305,3,upper,0,0,0,0
2305,3,lower,0,0,0,0
2305,4,upper,0,0,0,0
2305,4,lower,0,0,0,0
2305,5,upper,0,0,0,0
2305,5,lower,0,0,0,0
2305,6,upper,0,0,0,0
2305,6,lower,0,0,0,0
2305,7,upper,2,0,-1,0
2305,7,lower,0,-2,0,1
2305,8,upper,0,0,0,0
2305,8,lower,0,0,0,0
2306,1,upper,0,0,0,0
2306,1,lower,0,0,0,0
2306,2,upper,0,0,0,0
2306,2,lower,0,0,0,0
2306,3,upper,0,0,0,0
2306,3,lower,0,0,0,0
2306,4,upper,0,0,0,0
2306,4,lower,0,0,0,0
2306,5,upper,0,0,0,0
2306,5,lower,0,0,0,0
2306,6,upper,0,0,0,0
2306,6,lower,0,0,0,0
2306,7,upper,1,0,-1,0
2306,7,lower,1,0,-1,0
2306,8,upper,0,1,0,0
2306,8,lower,0,1,0,0
2307,1,upper,0,0,0,0
2307,1,lower,0,0,0,0
2307,2,upper,0,0,0,0
2307,2,lower,0,0,0,0
2307,3,upper,0,0,0,0
2307,3,lower,0,0,0,0
2307,4,upper,0,0,0,0
2307,4,lower,0,0,0,0
2307,5,upper,0,0,0,0
2307,5,lower,0,0,0,0
2307,6,upper,0,0,0,0
2307,6,lower,0,0,0,0
2307,7,upper,0,1,0,0
2307,7,lower,1,0,0,0
2307,8,upper,1,1,0,-1
2307,8,lower,1,1,0,-1
2308,1,upper,0,0,0,0
2308,1,lower,0,0,0,0
2308,2,upper,0,0,0,0
2308,2,lower,0,0,0,0
2308,3,upper,0,0,0,0
2308,3,lower,0,0,0,0
2308,4,upper,0,0,0,0
2308,4,lower,0,0,0,0
2308,5,upper,0,0,0,0
2308,5,lower,0,0,0,0
2308,6,upper,0,0,0,0
2308,6,lower,0,0,0,0
2308,7,upper,0,0,0,0
2308,7,lower,0,0,0,0
2308,8,upper,1,1,-1,0
2308,8,lower,1,1,-1,0
2309,1,upper,0,0,0,0
2309,1,lower,0,0,0,0
2309,2,upper,0,0,0,0
2309,2,lower,0,0,0,0
2309,3,upper,0,0,0,0
2309,3,lower,0,0,0,0
2309,4,upper,0,0,0,0
2309,4,lower,0,0,0,0
2309,5,upper,0,0,0,0
2309,5,lower,0,0,0,0
2309,6,upper,0,0,0,0
2309,6,lower,0,0,0,0
2309,7,upper,0,0,0,0
2309,7,lower,0,0,0,0
2309,8,upper,1,1,0,-1
2309,8,lower,1,1,0,-1
2310,1,upper,0,0,0,0
2310,1,lower,0,0,0,0
2310,2,upper,0,0,0,0
2310,2,lower,0,0,0,0
2310,3,upper,0,0,0,0
2310,3,lower,0,0,0,0
2310,4,upper,0,0,0,0
2310,4,lower,0,0,0,0
2310,5,upper,0,0,0,0
2310,5,lower,0,0,0,0
2310,6,upper,0,0,0,0
2310,6,lower,0,0,0,0
2310,7,upper,0,0,0,0
2310,7,lower,0,0,0,0
2310,8,upper,0,0,0,0
2310,8,lower,0,0,0,0
2311,1,upper,0,0,0,0
2311,1,lower,0,0,0,0
2311,2,upper,0,0,0,0
2311,2,lower,0,0,0,0
2311,3,upper,0,0,0,0
2311,3,lower,0,0,0,0
2311,4,upper,0,0,0,0
2311,4,lower,0,0,0,0
2311,5,upper,0,0,0,0
2311,5,lower,0,0,0,0
2311,6,upper,0,0,0,0
2311,6,lower,0,0,0,0
2311,7,upper,0,0,0,0
2311,7,lower,0,0,0,0
2311,8,upper,0,0,0,0
2311,8,lower,0,0,0,0
2312,1,upper,0,0,0,0
2312,1,lower,0,0,0,0
2312,2,upper,0,0,0,0
2312,2,lower,0,0,0,0
2312,3,upper,0,0,0,0
2312,3,lower,0,0,0,0
2312,4,upper,0,0,0,0
2312,4,lower,0,0,0,0
2312,5,upper,0,0,0,0
2312,5,lower,0,0,0,0
2312,6,upper,0,0,0,0
2312,6,lower,0,0,0,0
2312,7,upper,0,0,0,0
2312,7,lower,0,0,0,0
2312,8,upper,0,0,0,0
2312,8,lower,0,0,0,0
2313,1,upper,0,0,0,0
2313,1,lower,0,0,0,0
2313,2,upper,0,0,0,0
2313,2,lower,0,0,0,0
2313,3,upper,0,0,0,0
2313,3,lower,0,0,0,0
2313,4,upper,0,0,0,0
2313,4,lower,0,0,0,0
2313,5,upper,0,0,0,0
2313,5,lower,0,0,0,0
2313,6,upper,0,0,0,0
2313,6,lower,0,0,0,0
2313,7,upper,0,0,0,0
2313,7,lower,0,0,0,0
2313,8,upper,0,0,0,0
2313,8,lower,0,0,0,0
2314,1,upper,0,0,0,0
2314,1,lower,0,0,0,0
2314,2,upper,0,0,0,0
2314,2,lower,0,0,0,0
2314,3,upper,0,0,0,0
2314,3,lower,0,0,0,0
2314,4,upper,0,0,0,0
2314,4,lower,0,0,0,0
2314,5,upper,0,0,0,0
2314,5,lower,0,0,0,0
2314,6,upper,0,0,0,0
2314,6,lower,0,0,0,0
2314,7,upper,0,0,0,0
2314,7,lower,0,0,0,0
2314,8,upper,0,0,0,0
2314,8,lower,0,0,0,0
2315,1,upper,0,0,0,0
2315,1,lower,0,0,0,0
2315,2,upper,0,0,0,0
2315,2,lower,0,0,0,0
2315,3,upper,0,0,0,0
2315,3,lower,0,0,0,0
2315,4,upper,0,0,0,0
2315,4,lower,0,0,0,0
2315,5,upper,0,0,0,0
2315,5,lower,0,0,0,0
2315,6,upper,0,0,0,0
2315,6,lower,0,0,0,0
2315,7,upper,0,0,0,0
2315,7,lower,0,0,0,0
2315,8,upper,0,0,0,0
2315,8,lower,0,0,0,0
2316,1,upper,0,0,0,0
2316,1,lower,0,0,0,0
2316,2,upper,0,0,0,0
2316,2,lower,0,0,0,0
2316,3,upper,0,0,0,0
2316,3,lower,0,0,0,0
2316,4,upper,0,0,0,0
2316,4,lower,0,0,0,0
2316,5,upper,0,0,0,0
2316,5,lower,0,0,0,0
2316,6,upper,0,0,0,0
2316,6,lower,0,0,0,0
2316,7,upper,0,0,0,0
2316,7,lower,0,0,0,0
2316,8,upper,0,0,0,0
2316,8,lower,0,0,0,0
2317,1,upper,0,0,0,0
2317,1,lower,0,0,0,0
2317,2,upper,0,0,0,0
2317,2,lower,0,0,0,0
2317,3,upper,0,0,0,0
2317,3,lower,0,0,0,0
2317,4,upper,0,0,0,0
2317,4,lower,0,0,0,0
2317,5,upper,0,0,0,0
2317,5,lower,0,0,0,0
2317,6,upper,0,0,0,0
2317,6,lower,0,0,0,0
2317,7,upper,0,0,0,0
2317,7,lower,0,0,0,0
2317,8,upper,0,0,0,0
2317,8,lower,0,0,0,0
2318,1,upper,0,0,0,0
2318,1,lower,0,0,0,0
2318,2,upper,0,0,0,0
2318,2,lower,0,0,0,0
2318,3,upper,0,0,0,0
2318,3,lower,0,0,0,0
2318,4,upper,0,0,0,0
2318,4,lower,0,0,0,0
2318,5,upper,0,0,0,0
2318,5,lower,0,0,0,0
2318,6,upper,0,0,0,0
2318,6,lower,0,0,0,0
2318,7,upper,0,0,0,0
2318,7,lower,0,0,0,0
2318,8,upper,0,0,0,0
2318,8,lower,0,0,0,0
2319,1,upper,0,0,0,0
2319,1,lower,0,0,0,0
2319,2,upper,0,0,0,0
2319,2,lower,0,0,0,0
2319,3,upper,0,0,0,0
2319,3,lower,0,0,0,0
2319,4,upper,0,0,0,0
2319,4,lower,0,0,0,0
2319,5,upper,0,0,0,0
2319,5,lower,0,0,0,0
2319,6,upper,0,0,0,0
2319,6,lower,0,0,0,0
2319,7,upper,0,0,0,0
2319,7,lower,0,0,0,0
2319,8,upper,0,0,0,0
2319,8,lower,0,0,0,0
2320,1,upper,0,0,0,0
2320,1,lower,0,0,0,0
2320,2,upper,0,0,0,0
2320,2,lower,0,0,0,0
2320,3,upper,0,0,0,0
2320,3,lower,0,0,0,0
2320,4,upper,0,0,0,0
2320,4,lower,0,0,0,0
2320,5,upper,0,0,0,0
2320,5,lower,0,0,0,0
2320,6,upper,0,0,0,0
2320,6,lower,0,0,0,0
2320,7,upper,0,0,0,0
2320,7,lower,0,0,0,0
2320,8,upper,0,0,0,0
2320,8,lower,0,0,0,0
2321,1,upper,0,0,0,0
2321,1,lower,0,0,0,0
2321,2,upper,0,0,0,0
2321,2,lower,0,0,0,0
2321,3,upper,0,0,0,0
2321,3,lower,0,0,0,0
2321,4,upper,0,0,0,0
2321,4,lower,0,0,0,0
2321,5,upper,0,0,0,0
2321,5,lower,0,0,0,0
2321,6,upper,0,0,0,0
2321,6,lower,0,0,0,0
2321,7,upper,0,0,0,0
2321,7,lower,0,0,0,0
2321,8,upper,0,0,0,0
2321,8,lower,0,0,0,0
2322,1,upper,0,0,0,0
2322,1,lower,0,0,0,0
2322,2,upper,0,0,0,0
2322,2,lower,0,0,0,0
2322,3,upper,0,0,0,0
2322,3,lower,0,0,0,0
2322,4,upper,0,0,0,0
2322,4,lower,0,0,0,0
2322,5,upper,0,0,0,0
2322,5,lower,0,0,0,0
2322,6,upper,0,0,0,0
2322,6,lower,0,0,0,0
2322,7,upper,0,0,0,0
2322,7,lower,0,0,0,0
2322,8,upper,0,0,0,0
2322,8,lower,0,0,0,0
2323,1,upper,0,0,0,0
2323,1,lower,0,0,0,0
2323,2,upper,0,0,0,0
2323,2,lower,0,0,0,0
2323,3,upper,0,0,0,0
2323,3,lower,0,0,0,0
2323,4,upper,0,0,0,0
2323,4,lower,0,0,0,0
2323,5,upper,0,0,0,0
2323,5,lower,0,0,0,0
2323,6,upper,0,0,0,0
2323,6,lower,0,0,0,0
2323,7,upper,0,0,0,0
2323,7,lower,0,0,0,0
2323,8,upper,0,0,0,0
2323,8,lower,0,0,0,0
2324,1,upper,0,0,0,0
2324,1,lower,0,0,0,0
2324,2,upper,0,0,0,0
2324,2,lower,0,0,0,0
2324,3,upper,0,0,0,0
2324,3,lower,0,0,0,0
2324,4,upper,0,0,0,0
2324,4,lower,0,0,0,0
2324,5,upper,0,0,0,0
2324,5,lower,0,0,0,0
2324,6,upper,0,0,0,0
2324,6,lower,0,0,0,0
2324,7,upper,0,0,0,0
2324,7,lower,0,0,0,0
2324,8,upper,0,0,0,0
2324,8,lower,0,0,0,0
2325,1,upper,0,0,0,0
2325,1,lower,0,0,0,0
2325,2,upper,0,0,0,0
2325,2,lower,0,0,0,0
2325,3,upper,0,0,0,0
2325,3,lower,0,0,0,0
2325,4,upper,0,0,0,0
2325,4,lower,0,0,0,0
2325,5,upper,0,0,0,0
2325,5,lower,0,0,0,0
2325,6,upper,0,0,0,0
2325,6,lower,0,0,0,0
2325,7,upper,0,0,0,0
2325,7,lower,0,0,0,0
2325,8,upper,0,0,0,0
2325,8,lower,0,0,0,0
2326,1,upper,0,0,0,0
2326,1,lower,0,0,0,0
2326,2,upper,0,0,0,0
2326,2,lower,0,0,0,0
2326,3,upper,0,0,0,0
2326,3,lower,0,0,0,0
2326,4,upper,0,0,0,0
2326,4,lower,0,0,0,0
2326,5,upper,0,0,0,0
2326,5,lower,0,0,0,0
2326,6,upper,0,0,0,0
2326,6,lower,0,0,0,0
2326,7,upper,0,0,0,0
2326,7,lower,0,0,0,0
2326,8,upper,0,0,0,0
2326,8,lower,0,0,0,0
2327,1,upper,0,0,0,0
2327,1,lower,0,0,0,0
2327,2,upper,0,0,0,0
2327,2,lower,0,0,0,0
2327,3,upper,0,0,0,0
2327,3,lower,0,0,0,0
2327,4,upper,0,0,0,0
2327,4,lower,0,0,0,0
2327,5,upper,0,0,0,0
2327,5,lower,0,0,0,0
2327,6,upper,0,0,0,0
2327,6,lower,0,0,0,0
2327,7,upper,0,0,0,0
2327,7,lower,0,0,0,0
2327,8,upper,0,0,0,0
2327,8,lower,0,0,0,0
2328,1,upper,0,0,0,0
2328,1,lower,0,0,0,0
2328,2,upper,0,0,0,0
2328,2,lower,0,0,0,0
2328,3,upper,0,0,0,0
2328,3,lower,0,0,0,0
2328,4,upper,0,0,0,0
2328,4,lower,0,0,0,0
2328,5,upper,0,0,0,0
2328,5,lower,0,0,0,0
2328,6,upper,0,0,0,0
2328,6,lower,0,0,0,0
2328,7,upper,0,0,0,0
2328,7,lower,0,0,0,0
2328,8,upper,0,0,0,0
2328,8,lower,0,0,0,0
2329,1,upper,0,0,0,0
2329,1,lower,0,0,0,0
2329,2,upper,0,0,0,0
2329,2,lower,0,0,0,0
2329,3,upper,0,0,0,0
2329,3,lower,0,0,0,0
2329,4,upper,0,0,0,0
2329,4,lower,0,0,0,0
2329,5,upper,0,0,0,0
2329,5,lower,0,0,0,0
2329,6,upper,0,0,0,0
2329,6,lower,0,0,0,0
2329,7,upper,0,0,0,0
2329,7,lower,0,0,0,0
2329,8,upper,0,0,0,0
2329,8,lower,0,0,0,0
2330,1,upper,0,0,0,0
2330,1,lower,0,0,0,0
2330,2,upper,0,0,0,0
2330,2,lower,0,0,0,0
2330,3,upper,0,0,0,0
2330,3,lower,0,0,0,0
2330,4,upper,0,0,0,0
2330,4,lower,0,0,0,0
2330,5,upper,0,0,0,0
2330,5,lower,0,0,0,0
2330,6,upper,0,0,0,0
2330,6,lower,0,0,0,0
2330,7,upper,0,0,0,0
2330,7,lower,0,0,0,0
2330,8,upper,0,0,0,0
2330,8,lower,0,0,0,0
2331,1,upper,0,0,0,0
2331,1,lower,0,0,0,0
2331,2,upper,0,0,0,0
2331,2,lower,0,0,0,0
2331,3,upper,0,0,0,0
2331,3,lower,0,0,0,0
2331,4,upper,0,0,0,0
2331,4,lower,0,0,0,0
2331,5,upper,0,0,0,0
2331,5,lower,0,0,0,0
2331,6,upper,0,0,0,0
2331,6,lower,0,0,0,0
2331,7,upper,0,0,0,0
2331,7,lower,0,0,0,0
2331,8,upper,0,0,0,0
2331,8,lower,0,0,0,0
2332,1,upper,0,0,0,0
2332,1,lower,0,0,0,0
2332,2,upper,0,0,0,0
2332,2,lower,0,0,0,0
2332,3,upper,0,0,0,0
2332,3,lower,0,0,0,0
2332,4,upper,0,0,0,0
2332,4,lower,0,0,0,0
2332,5,upper,0,0,0,0
2332,5,lower,0,0,0,0
2332,6,upper,0,0,0,0
2332,6,lower,0,0,0,0
2332,7,upper,0,0,0,0
2332,7,lower,0,0,0,0
2332,8,upper,0,0,0,0
2332,8,lower,0,0,0,0
2333,1,upper,0,0,0,0
2333,1,lower,0,0,0,0
2333,2,upper,0,0,0,0
2333,2,lower,0,0,0,0
2333,3,upper,0,0,0,0
2333,3,lower,0,0,0,0
2333,4,upper,0,0,0,0
2333,4,lower,0,0,0,0
2333,5,upper,0,0,0,0
2333,5,lower,0,0,0,0
2333,6,upper,0,0,0,0
2333,6,lower,0,0,0,0
2333,7,upper,0,0,0,0
2333,7,lower,0,0,0,0
2333,8,upper,0,0,0,0
2333,8,lower,0,0,0,0
2334,1,upper,0,0,0,0
2334,1,lower,0,0,0,0
2334,2,upper,0,0,0,0
2334,2,lower,0,0,0,0
2334,3,upper,0,0,0,0
2334,3,lower,0,0,0,0
2334,4,upper,0,0,0,0
2334,4,lower,0,0,0,0
2334,5,upper,0,0,0,0
2334,5,lower,0,0,0,0
2334,6,upper,0,0,0,0
2334,6,lower,0,0,0,0
2334,7,upper,0,0,0,0
2334,7,lower,0,0,0,0
2334,8,upper,0,0,0,0
2334,8,lower,0,0,0,0
2335,1,upper,0,0,0,0
2335,1,lower,0,0,0,0
2335,2,upper,0,0,0,0
2335,2,lower,0,0,0,0
2335,3,upper,0,0,0,0
2335,3,lower,0,0,0,0
2335,4,upper,0,0,0,0
2335,4,lower,0,0,0,0
2335,5,upper,0,0,0,0
2335,5,lower,0,0,0,0
2335,6,upper,0,0,0,0
2335,6,lower,0,0,0,0
2335,7,upper,0,0,0,0
2335,7,lower,0,0,0,0
2335,8,upper,0,0,0,0
2335,8,lower,0,0,0,0
2336,1,upper,0,0,0,0
2336,1,lower,0,0,0,0
2336,2,upper,0,0,0,0
2336,2,lower,0,0,0,0
2336,3,upper,0,0,0,0
2336,3,lower,0,0,0,0
2336,4,upper,0,0,0,0
2336,4,lower,0,0,0,0
2336,5,upper,0,0,0,0
2336,5,lower,0,0,0,0
2336,6,upper,0,0,0,0
2336,6,lower,0,0,0,0
2336,7,upper,0,0,0,0
2336,7,lower,0,0,0,0
2336,8,upper,0,0,0,0
2336,8,lower,0,0,0,0
2337,1,upper,0,0,0,0
2337,1,lower,0,0,0,0
2337,2,upper,0,0,0,0
2337,2,lower,0,0,0,0
2337,3,upper,0,0,0,0
2337,3,lower,0,0,0,0
2337,4,upper,0,0,0,0
2337,4,lower,0,0,0,0
2337,5,upper,0,0,0,0
2337,5,lower,0,0,0,0
2337,6,upper,0,0,0,0
2337,6,lower,0,0,0,0
2337,7,upper,0,0,0,0
2337,7,lower,0,0,0,0
2337,8,upper,0,0,0,0
2337,8,lower,0,0,0,0
2338,1,upper,0,0,0,0
2338,1,lower,0,0,0,0
2338,2,upper,0,0,0,0
2338,2,lower,0,0,0,0
2338,3,upper,0,0,0,0
2338,3,lower,0,0,0,0
2338,4,upper,0,0,0,0
2338,4,lower,0,0,0,0
2338,5,upper,0,0,0,0
2338,5,lower,0,0,0,0
2338,6,upper,0,0,0,0
2338,6,lower,0,0,0,0
2338,7,upper,0,0,0,0
2338,7,lower,0,0,0,0
2338,8,upper,0,0,0,0
2338,8,lower,0,0,0,0
2339,1,upper,0,0,0,0
2339,1,lower,0,0,0,0
2339,2,upper,0,0,0,0
2339,2,lower,0,0,0,0
2339,3,upper,0,0,0,0
2339,3,lower,0,0,0,0
2339,4,upper,0,0,0,0
2339,4,lower,0,0,0,0
2339,5,upper,0,0,0,0
2339,5,lower,0,0,0,0
2339,6,upper,0,0,0,0
2339,6,lower,0,0,0,0
2339,7,upper,0,0,0,0
2339,7,lower,0,0,0,0
2339,8,upper,0,0,0,0
2339,8,lower,0,0,0,0
2340,1,upper,0,0,0,0
2340,1,lower,0,0,0,0
2340,2,upper,0,0,0,0
2340,2,lower,0,0,0,0
2340,3,upper,0,0,0,0
2340,3,lower,0,0,0,0
2340,4,upper,0,0,0,0
2340,4,lower,0,0,0,0
2340,5,upper,0,0,0,0
2340,5,lower,0,0,0,0
2340,6,upper,0,0,0,0
2340,6,lower,0,0,0,0
2340,7,upper,0,0,0,0
2340,7,lower,0,0,0,0
2340,8,upper,0,0,0,0
2340,8,lower,0,0,0,0
2341,1,upper,0,0,0,0
2341,1,lower,0,0,0,0
2341,2,upper,0,0,0,0
2341,2,lower,0,0,0,0
2341,3,upper,0,0,0,0
2341,3,lower,0,0,0,0
2341,4,upper,0,0,0,0
2341,4,lower,0,0,0,0
2341,5,upper,0,0,0,0
2341,5,lower,0,0,0,0
2341,6,upper,0,0,0,0
2341,6,lower,0,0,0,0
2341,7,upper,0,0,0,0
2341,7,lower,0,0,0,0
2341,8,upper,0,0,0,0
2341,8,lower,0,0,0,0
2342,1,upper,0,0,0,0
2342,1,lower,0,0,0,0
2342,2,upper,0,0,0,0
2342,2,lower,0,0,0,0
2342,3,upper,0,0,0,0
2342,3,lower,0,0,0,0
2342,4,upper,0,0,0,0
2342,4,lower,0,0,0,0
2342,5,upper,0,0,0,0
2342,5,lower,0,0,0,0
2342,6,upper,0,0,0,0
2342,6,lower,0,0,0,0
2342,7,upper,0,0,0,0
2342,7,lower,0,0,0,0
2342,8,upper,0,0,0,0
2342,8,lower,0,0,0,0
2343,1,upper,0,0,0,0
2343,1,lower,0,0,0,0
2343,2,upper,0,0,0,0
2343,2,lower,0,0,0,0
2343,3,upper,0,0,0,0
2343,3,lower,0,0,0,0
2343,4,upper,0,0,0,0
2343,4,lower,0,0,0,0
2343,5,upper,0,0,0,0
2343,5,lower,0,0,0,0
2343,6,upper,0,0,0,0
2343,6,lower,0,0,0,0
2343,7,upper,0,0,0,0
2343,7,lower,0,0,0,0
2343,8,upper,0,0,0,0
2343,8,lower,0,0,0,0
2344,1,upper,0,0,0,0
2344,1,lower,0,0,0,0
2344,2,upper,0,0,0,0
2344,2,lower,0,0,0,0
2344,3,upper,0,0,0,0
2344,3,lower,0,0,0,0
2344,4,upper,0,0,0,0
2344,4,lower,0,0,0,0
2344,5,upper,0,0,0,0
2344,5,lower,0,0,0,0
2344,6,upper,0,0,0,0
2344,6,lower,0,0,0,0
2344,7,upper,0,0,0,0
2344,7,lower,0,0,0,0
2344,8,upper,0,0,0,0
2344,8,lower,0,0,0,0
2345,1,upper,0,0,0,0
2345,1,lower,0,0,0,0
2345,2,upper,0,0,0,0
2345,2,lower,0,0,0,0
2345,3,upper,0,0,0,0
2345,3,lower,0,0,0,0
2345,4,upper,0,0,0,0
2345,4,lower,0,0,0,0
2345,5,upper,0,0,0,0
2345,5,lower,0,0,0,0
2345,6,upper,0,0,0,0
2345,6,lower,0,0,0,0
2345,7,upper,0,0,0,0
2345,7,lower,0,0,0,0
2345,8,upper,0,0,0,0
2345,8,lower,0,0,0,0
2346,1,upper,0,0,0,0
2346,1,lower,0,0,0,0
2346,2,upper,0,0,0,0
2346,2,lower,0,0,0,0
2346,3,upper,0,0,0,0
2346,3,lower,0,0,0,0
2346,4,upper,0,0,0,0
2346,4,lower,0,0,0,0
2346,5,upper,0,0,0,0
2346,5,lower,0,0,0,0
2346,6,upper,0,0,0,0
2346,6,lower,0,0,0,0
2346,7,upper,0,0,0,0
2346,7,lower,0,0,0,0
2346,8,upper,0,0,0,0
2346,8,lower,0,0,0,0
2347,1,upper,0,0,0,0
2347,1,lower,0,0,0,0
2347,2,upper,0,0,0,0
2347,2,lower,0,0,0,0
2347,3,upper,0,0,0,0
2347,3,lower,0,0,0,0
2347,4,upper,0,0,0,0
2347,4,lower,0,0,0,0
2347,5,upper,0,0,0,0
2347,5,lower,0,0,0,0
2347,6,upper,0,0,0,0
2347,6,lower,0,0,0,0
2347,7,upper,0,0,0,0
2347,7,lower,0,0,0,0
2347,8,upper,0,0,0,0
2347,8,lower,0,0,0,0
2348,1,upper,0,0,0,0
2348,1,lower,0,0,0,0
2348,2,upper,0,0,0,0
2348,2,lower,0,0,0,0
2348,3,upper,0,0,0,0
2348,3,lower,0,0,0,0
2348,4,upper,0,0,0,0
2348,4,lower,0,0,0,0
2348,5,upper,0,0,0,0
2348,5,lower,0,0,0,0
2348,6,upper,0,0,0,0
2348,6,lower,0,0,0,0
2348,7,upper,0,0,0,0
2348,7,lower,0,0,0,0
2348,8,upper,0,0,0,0
2348,8,lower,0,0,0,0
2349,1,upper,0,0,0,0
2349,1,lower,0,0,0,0
2349,2,upper,0,0,0,0
2349,2,lower,0,0,0,0
2349,3,upper,0,0,0,0
2349,3,lower,0,0,0,0
2349,4,upper,0,0,0,0
2349,4,lower,0,0,0,0
2349,5,upper,0,0,0,0
2349,5,lower,0,0,0,0
2349,6,upper,0,0,0,0
2349,6,lower,0,0,0,0
2349,7,upper,0,0,0,0
2349,7,lower,0,0,0,0
2349,8,upper,0,0,0,0
2349,8,lower,0,0,0,0
2350,1,upper,0,0,0,0
2350,1,lower,0,0,0,0
2350,2,upper,0,0,0,0
2350,2,lower,0,0,0,0
2350,3,upper,0,0,0,0
2350,3,lower,0,0,0,0
2350,4,upper,0,0,0,0
2350,4,lower,0,0,0,0
2350,5,upper,0,0,0,0
2350,5,lower,0,0,0,0
2350,6,upper,0,0,0,0
2350,6,lower,0,0,0,0
2350,7,upper,0,0,0,0
2350,7,lower,0,0,0,0
2350,8,upper,0,0,0,0
2350,8,lower,0,0,0,0
2351,1,upper,0,0,0,0
2351,1,lower,0,0,0,0
2351,2,upper,0,0,0,0
2351,2,lower,0,0,0,0
2351,3,upper,0,0,0,0
2351,3,lower,0,0,0,0
2351,4,upper,0,0,0,0
2351,4,lower,0,0,0,0
2351,5,upper,0,0,0,0
2351,5,lower,0,0,0,0
2351,6,upper,0,0,0,0
2351,6,lower,0,0,0,0
2351,7,upper,0,0,0,0
2351,7,lower,0,0,0,0
2351,8,upper,0,0,0,0
2351,8,lower,0,0,0,0
2352,1,upper,0,0,0,0
2352,1,lower,0,0,0,0
2352,2,upper,0,0,0,0
2352,2,lower,0,0,0,0
2352,3,upper,0,0,0,0
2352,3,lower,0,0,0,0
2352,4,upper,0,0,0,0
2352,4,lower,0,0,0,0
2352,5,upper,0,0,0,0
2352,5,lower,0,0,0,0
2352,6,upper,0,0,0,0
2352,6,lower,0,0,0,0
2352,7,upper,0,0,0,0
2352,7,lower,0,0,0,0
2352,8,upper,0,0,0,0
2352,8,lower,0,0,0,0
2353,1,upper,0,0,0,0
2353,1,lower,0,0,0,0
2353,2,upper,0,0,0,0
2353,2,lower,0,0,0,0
2353,3,upper,0,0,0,0
2353,3,lower,0,0,0,0
2353,4,upper,0,0,0,0
2353,4,lower,0,0,0,0
2353,5,upper,0,0,0,0
2353,5,lower,0,0,0,0
2353,6,upper,0,0,0,0
2353,6,lower,0,0,0,0
2353,7,upper,0,0,0,0
2353,7,lower,0,0,0,0
2353,8,upper,0,0,0,0
2353,8,lower,0,0,0,0
2354,1,upper,0,0,0,0
2354,1,lower,0,0,0,0
2354,2,upper,0,0,0,0
2354,2,lower,0,0,0,0
2354,3,upper,0,0,0,0
2354,3,lower,0,0,0,0
2354,4,upper,0,0,0,0
2354,4,lower,0,0,0,0
2354,5,upper,0,0,0,0
2354,5,lower,0,0,0,0
2354,6,upper,0,0,0,0
2354,6,lower,0,0,0,0
2354,7,upper,0,0,0,0
2354,7,lower,0,0,0,0
2354,8,upper,0,0,0,0
2354,8,lower,0,0,0,0
2355,1,upper,0,0,0,0
2355,1,lower,0,0,0,0
2355,2,upper,0,0,0,0
2355,2,lower,0,0,0,0
2355,3,upper,0,0,0,0
2355,3,lower,0,0,0,0
2355,4,upper,0,0,0,0
2355,4,lower,0,0,0,0
2355,5,upper,0,0,0,0
2355,5,lower,0,0,0,0
2355,6,upper,0,0,0,0
2355,6,lower,0,0,0,0
2355,7,upper,0,0,0,0
2355,7,lower,0,0,0,0
2355,8,upper,0,0,0,0
2355,8,lower,0,0,0,0
2356,1,upper,0,0,0,0
2356,1,lower,0,0,0,0
2356,2,upper,0,0,0,0
2356,2,lower,0,0,0,0
2356,3,upper,0,0,0,0
2356,3,lower,0,0,0,0
2356,4,upper,0,0,0,0
2356,4,lower,0,0,0,0
2356,5,upper,0,0,0,0
2356,5,lower,0,0,0,0
2356,6,upper,0,0,0,0
2356,6,lower,0,0,0,0
2356,7,upper,0,0,0,0
2356,7,lower,0,0,0,0
2356,8,upper,0,0,0,0
2356,8,lower,0,0,0,0
2357,1,upper,0,0,0,0
2357,1,lower,0,0,0,0
2357,2,upper,0,0,0,0
2357,2,lower,0,0,0,0
2357,3,upper,0,0,0,0
2357,3,lower,0,0,0,0
2357,4,upper,0,0,0,0
2357,4,lower,0,0,0,0
2357,5,upper,0,0,0,0
2357,5,lower,0,0,0,0
2357,6,upper,0,0,0,0
2357,6,lower,0,0,0,0
2357,7,upper,0,0,0,0
2357,7,lower,0,0,0,0
2357,8,upper,0,0,0,0
2357,8,lower,0,0,0,0
2358,1,upper,0,0,0,0
2358,1,lower,0,0,0,0
2358,2,upper,0,0,0,0
2358,2,lower,0,0,0,0
2358,3,upper,0,0,0,0
2358,3,lower,0,0,0,0
2358,4,upper,0,0,0,0
2358,4,lower,0,0,0,0
2358,5,upper,0,0,0,0
2358,5,lower,0,0,0,0
2358,6,upper,0,0,0,0
2358,6,lower,0,0,0,0
2358,7,upper,0,0,0,0
2358,7,lower,0,0,0,0
2358,8,upper,0,0,0,0
2358,8,lower,0,0,0,0
2359,1,upper,0,0,0,0
2359,1,lower,0,0,0,0
2359,2,upper,0,0,0,0
2359,2,lower,0,0,0,0
2359,3,upper,0,0,0,0
2359,3,lower,0,0,0,0
2359,4,upper,0,0,0,0
2359,4,lower,0,0,0,0
2359,5,upper,0,0,0,0
2359,5,lower,0,0,0,0
2359,6,upper,0,0,0,0
2359,6,lower,0,0,0,0
2359,7,upper,0,0,0,0
2359,7,lower,0,0,0,0
2359,8,upper,0,0,0,0
2359,8,lower,0,0,0,0
2360,1,upper,0,0,0,0
2360,1,lower,0,0,0,0
2360,2,upper,0,0,0,0
2360,2,lower,0,0,0,0
2360,3,upper,0,0,0,0
2360,3,lower,0,0,0,0
2360,4,upper,0,0,0,0
2360,4,lower,0,0,0,0
2360,5,upper,0,0,0,0
2360,5,lower,0,0,0,0
2360,6,upper,0,0,0,0
2360,6,lower,0,0,0,0
2360,7,upper,0,0,0,0
2360,7,lower,0,0,0,0
2360,8,upper,0,0,0,0
2360,8,lower,0,0,0,0
2361,1,upper,0,0,0,0
2361,1,lower,0,0,0,0
2361,2,upper,0,0,0,0
2361,2,lower,0,0,0,0
2361,3,upper,0,0,0,0
2361,3,lower,0,0,0,0
2361,4,upper,0,0,0,0
2361,4,lower,0,0,0,0
2361,5,upper,0,0,0,0
2361,5,lower,0,0,0,0
2361,6,upper,0,0,0,0
2361,6,lower,0,0,0,0
2361,7,upper,0,0,0,0
2361,7,lower,0,0,0,0
2361,8,upper,0,0,0,0
2361,8,lower,0,0,0,0
2362,1,upper,0,0,0,0
2362,1,lower,0,0,0,0
2362,2,upper,0,0,0,0
2362,2,lower,0,0,0,0
2362,3,upper,0,0,0,0
2362,3,lower,0,0,0,0
2362,4,upper,0,0,0,0
2362,4,lower,0,0,0,0
2362,5,upper,0,0,0,0
2362,5,lower,0,0,0,0
2362,6,upper,0,0,0,0
2362,6,lower,0,0,0,0
2362,7,upper,0,0,0,0
2362,7,lower,0,0,0,0
2362,8,upper,0,0,0,0
2362,8,lower,0,0,0,0
2363,1,upper,0,0,0,0
2363,1,lower,0,0,0,0
2363,2,upper,0,0,0,0
2363,2,lower,0,0,0,0
2363,3,upper,0,0,0,0
2363,3,lower,0,0,0,0
2363,4,upper,0,0,0,0
2363,4,lower,0,0,0,0
2363,5,upper,0,0,0,0
2363,5,lower,0,0,0,0
2363,6,upper,0,0,0,0
2363,6,lower,0,0,0,0
2363,7,upper,0,0,0,0
2363,7,lower,0,0,0,0
2363,8,upper,0,0,0,0
2363,8,lower,0,0,0,0
2364,1,upper,0,0,0,0
2364,1,lower,0,0,0,0
2364,2,upper,0,0,0,0
2364,2,lower,0,0,0,0
2364,3,upper,0,0,0,0
2364,3,lower,0,0,0,0
2364,4,upper,0,0,0,0
2364,4,lower,0,0,0,0
2364,5,upper,0,0,0,0
2364,5,lower,0,0,0,0
2364,6,upper,0,0,0,0
2364,6,lower,0,0,0,0
2364,7,upper,0,0,0,0
2364,7,lower,0,0,0,0
2364,8,upper,0,0,0,0
2364,8,lower,0,0,0,0
2365,1,upper,0,0,0,0
2365,1,lower,0,0,0,0
2365,2,upper,0,0,0,0
2365,2,lower,0,0,0,0
2365,3,upper,0,0,0,0
2365,3,lower,0,0,0,0
2365,4,upper,0,0,0,0
2365,4,lower,0,0,0,0
2365,5,upper,0,0,0,0
2365,5,lower,0,0,0,0
2365,6,upper,0,0,0,0
2365,6,lower,0,0,0,0
2365,7,upper,0,0,0,0
2365,7,lower,0,0,0,0
2365,8,upper,0,0,0,0
2365,8,lower,0,0,0,0
2366,1,upper,0,0,0,0
2366,1,lower,0,0,0,0
2366,2,upper,0,0,0,0
2366,2,lower,0,0,0,0
2366,3,upper,0,0,0,0
2366,3,lower,0,0,0,0
2366,4,upper,0,0,0,0
2366,4,lower,0,0,0,0
2366,5,upper,0,0,0,0
2366,5,lower,0,0,0,0
2366,6,upper,0,0,0,0
2366,6,lower,0,0,0,0
2366,7,upper,0,0,0,0
2366,7,lower,0,0,0,0
2366,8,upper,0,0,0,0
2366,8,lower,0,0,0,0
2367,1,upper,0,0,0,0
2367,1,lower,0,0,0,0
2367,2,upper,0,0,0,0
2367,2,lower,0,0,0,0
2367,3,upper,0,0,0,0
2367,3,lower,0,0,0,0
2367,4,upper,0,0,0,0
2367,4,lower,0,0,0,0
2367,5,upper,0,0,0,0
2367,5,lower,0,0,0,0
2367,6,upper,0,0,0,0
2367,6,lower,0,0,0,0
2367,7,upper,0,0,0,0
2367,7,lower,0,0,0,0
2367,8,upper,0,0,0,0
2367,8,lower,0,0,0,0
2368,1,upper,0,0,0,0
2368,1,lower,0,0,0,0
2368,2,upper,0,0,0,0
2368,2,lower,0,0,0,0
2368,3,upper,0,0,0,0
2368,3,lower,0,0,0,0
2368,4,upper,0,0,0,0
2368,4,lower,0,0,0,0
2368,5,upper,0,0,0,0
2368,5,lower,0,0,0,0
2368,6,upper,0,0,0,0
2368,6,lower,0,0,0,0
2368,7,upper,0,0,0,0
2368,7,lower,0,0,0,0
2368,8,upper,0,0,0,0
2368,8,lower,0,0,0,0
2369,1,upper,0,0,0,0
2369,1,lower,0,0,0,0
2369,2,upper,0,0,0,0
2369,2,lower,0,0,0,0
2369,3,upper,0,0,0,0
2369,3,lower,0,0,0,0
2369,4,upper,0,0,0,0
2369,4,lower,0,0,0,0
2369,5,upper,0,0,0,0
2369,5,lower,0,0,0,0
2369,6,upper,0,0,0,0
2369,6,lower,0,0,0,0
2369,7,upper,0,0,0,0
2369,7,lower,0,0,0,0
2369,8,upper,0,0,0,0
2369,8,lower,0,0,0,0
2370,1,upper,0,0,0,0
2370,1,lower,0,0,0,0
2370,2,upper,0,0,0,0
2370,2,lower,0,0,0,0
2370,3,upper,0,0,0,0
2370,3,lower,0,0,0,0
2370,4,upper,0,0,0,0
2370,4,lower,0,0,0,0
2370,5,upper,0,0,0,0
2370,5,lower,0,0,0,0
2370,6,upper,0,0,0,0
2370,6,lower,0,0,0,0
2370,7,upper,0,0,0,0
2370,7,lower,0,0,0,0
2370,8,upper,0,0,0,0
2370,8,lower,0,0,0,0
2371,1,upper,0,0,0,0
2371,1,lower,0,0,0,0
2371,2,upper,0,0,0,0
2371,2,lower,0,0,0,0
2371,3,upper,0,0,0,0
2371,3,lower,0,0,0,0
2371,4,upper,0,0,0,0
2371,4,lower,0,0,0,0
2371,5,upper,0,0,0,0
2371,5,lower,0,0,0,0
2371,6,upper,0,0,0,0
2371,6,lower,0,0,0,0
2371,7,upper,0,0,0,0
2371,7,lower,0,0,0,0
2371,8,upper,0,0,0,0
2371,8,lower,0,0,0,0
2372,1,upper,0,0,0,0
2372,1,lower,0,0,0,0
2372,2,upper,0,0,0,0
2372,2,lower,0,0,0,0
2372,3,upper,0,0,0,0
2372,3,lower,0,0,0,0
2372,4,upper,0,0,0,0
2372,4,lower,0,0,0,0
2372,5,upper,0,0,0,0
2372,5,lower,0,0,0,0
2372,6,upper,0,0,0,0
2372,6,lower,0,0,0,0
2372,7,upper,0,0,0,0
2372,7,lower,0,0,0,0
2372,8,upper,0,0,0,0
2372,8,lower,0,0,0,0
2373,1,upper,0,0,0,0
2373,1,lower,0,0,0,0
2373,2,upper,0,0,0,0
2373,2,lower,0,0,0,0
2373,3,upper,0,0,0,0
2373,3,lower,0,0,0,0
2373,4,upper,0,0,0,0
2373,4,lower,0,0,0,0
2373,5,upper,0,0,0,0
2373,5,lower,0,0,0,0
2373,6,upper,0,0,0,0
2373,6,lower,0,0,0,0
2373,7,upper,0,0,0,0
2373,7,lower,0,0,0,0
2373,8,upper,0,0,0,0
2373,8,lower,0,0,0,0
2374,1,upper,0,0,0,0
2374,1,lower,0,0,0,0
2374,2,upper,0,0,0,0
2374,2,lower,0,0,0,0
2374,3,upper,0,0,0,0
2374,3,lower,0,0,0,0
2374,4,upper,0,0,0,0
2374,4,lower,0,0,0,0
2374,5,upper,0,0,0,0
2374,5,lower,0,0,0,0
2374,6,upper,0,0,0,0
2374,6,lower,0,0,0,0
2374,7,upper,0,0,0,0
2374,7,lower,0,0,0,0
2374,8,upper,0,0,0,0
2374,8,lower,0,0,0,0
2375,1,upper,0,0,0,0
2375,1,lower,0,0,0,0
2375,2,upper,0,0,0,0
2375,2,lower,0,0,0,0
2375,3,upper,0,0,0,0
2375,3,lower,0,0,0,0
2375,4,upper,0,0,0,0
2375,4,lower,0,0,0,0
2375,5,upper,0,0,0,0
2375,5,lower,0,0,0,0
2375,6,upper,0,0,0,0
2375,6,lower,0,0,0,0
2375,7,upper,0,0,0,0
2375,7,lower,0,0,0,0
2375,8,upper,0,0,0,0
2375,8,lower,0,0,0,0
2376,1,upper,0,0,0,0
2376,1,lower,0,0,0,0
2376,2,upper,0,0,0,0
2376,2,lower,0,0,0,0
2376,3,upper,0,0,0,0
2376,3,lower,0,0,0,0
2376,4,upper,0,0,0,0
2376,4,lower,0,0,0,0
2376,5,upper,0,0,0,0
2376,5,lower,0,0,0,0
2376,6,upper,0,0,0,0
2376,6,lower,0,0,0,0
2376,7,upper,0,0,0,0
2376,7,lower,0,0,0,0
2376,8,upper,0,0,0,0
2376,8,lower,0,0,0,0
2377,1,upper,0,0,0,0
2377,1,lower,0,0,0,0
2377,2,upper,0,0,0,0
2377,2,lower,0,0,0,0
2377,3,upper,0,0,0,0
2377,3,lower,0,0,0,0
2377,4,upper,0,0,0,0
2377,4,lower,0,0,0,0
2377,5,upper,0,0,0,0
2377,5,lower,0,0,0,0
2377,6,upper,0,0,0,0
2377,6,lower,0,0,0,0
2377,7,upper,0,0,0,0
2377,7,lower,0,0,0,0
2377,8,upper,0,0,0,0
2377,8,lower,0,0,0,0
2378,1,upper,0,0,0,0
2378,1,lower,0,0,0,0
2378,2,upper,0,0,0,0
2378,2,lower,0,0,0,0
2378,3,upper,0,0,0,0
2378,3,lower,0,0,0,0
2378,4,upper,0,0,0,0
2378,4,lower,0,0,0,0
2378,5,upper,0,0,0,0
2378,5,lower,0,0,0,0
2378,6,upper,0,0,0,0
2378,6,lower,0,0,0,0
2378,7,upper,0,0,0,0
2378,7,lower,0,0,0,0
2378,8,upper,0,0,0,0
2378,8,lower,0,0,0,0
2379,1,upper,0,0,0,0
2379,1,lower,0,0,0,0
2379,2,upper,0,0,0,0
2379,2,lower,0,0,0,0
2379,3,upper,0,0,0,0
2379,3,lower,0,0,0,0
2379,4,upper,0,0,0,0
2379,4,lower,0,0,0,0
2379,5,upper,0,0,0,0
2379,5,lower,0,0,0,0
2379,6,upper,0,0,0,0
2379,6,lower,0,0,0,0
2379,7,upper,0,0,0,0
2379,7,lower,0,0,0,0
2379,8,upper,0,0,0,0
2379,8,lower,0,0,0,0
2380,1,upper,0,0,0,0
2380,1,lower,0,0,0,0
2380,2,upper,0,0,0,0
2380,2,lower,0,0,0,0
2380,3,upper,0,0,0,0
2380,3,lower,0,0,0,0
2380,4,upper,0,0,0,0
2380,4,lower,0,0,0,0
2380,5,upper,0,0,0,0
2380,5,lower,0,0,0,0
2380,6,upper,0,0,0,0
2380,6,lower,0,0,0,0
2380,7,upper,0,0,0,0
2380,7,lower,0,0,0,0
2380,8,upper,0,0,0,0
2380,8,lower,0,0,0,0
2381,1,upper,0,0,0,0
2381,1,lower,0,0,0,0
2381,2,upper,0,0,0,0
2381,2,lower,0,0,0,0
2381,3,upper,0,0,0,0
2381,3,lower,0,0,0,0
2381,4,upper,0,0,0,0
2381,4,lower,0,0,0,0
2381,5,upper,0,0,0,0
2381,5,lower,0,0,0,0
2381,6,upper,0,0,0,0
2381,6,lower,0,0,0,0
2381,7,upper,0,0,0,0
2381,7,lower,0,0,0,0
2381,8,upper,0,0,0,0
2381,8,lower,0,0,0,0
2382,1,upper,0,0,0,0
2382,1,lower,0,0,0,0
2382,2,upper,0,0,0,0
2382,2,lower,0,0,0,0
2382,3,upper,0,0,0,0
2382,3,lower,0,0,0,0
2382,4,upper,0,0,0,0
2382,4,lower,0,0,0,0
2382,5,upper,0,0,0,0
2382,5,lower,0,0,0,0
2382,6,upper,0,0,0,0
2382,6,lower,0,0,0,0
2382,7,upper,0,0,0,0
2382,7,lower,0,0,0,0
2382,8,upper,0,0,0,0
2382,8,lower,0,0,0,0
2383,1,upper,0,0,0,0
2383,1,lower,0,0,0,0
2383,2,upper,0,0,0,0
2383,2,lower,0,0,0,0
2383,3,upper,0,0,0,0
2383,3,lower,0,0,0,0
2383,4,upper,0,0,0,0
2383,4,lower,0,0,0,0
2383,5,upper,0,0,0,0
2383,5,lower,0,0,0,0
2383,6,upper,0,0,0,0
2383,6,lower,0,0,0,0
2383,7,upper,0,0,0,0
2383,7,lower,0,0,0,0
2383,8,upper,0,0,0,0
2383,8,lower,0,0,0,0
2384,1,upper,0,0,0,0
2384,1,lower,0,0,0,0
2384,2,upper,0,0,0,0
2384,2,lower,0,0,0,0
2384,3,upper,0,0,0,0
2384,3,lower,0,0,0,0
2384,4,upper,0,0,0,0
2384,4,lower,0,0,0,0
2384,5,upper,0,0,0,0
2384,5,lower,0,0,0,0
2384,6,upper,0,0,0,0
2384,6,lower,0,0,0,0
2384,7,upper,0,0,0,0
2384,7,lower,0,0,0,0
2384,8,upper,0,0,0,0
2384,8,lower,0,0,0,0
2385,1,upper,0,0,0,0
2385,1,lower,0,0,0,0
2385,2,upper,0,0,0,0
2385,2,lower,0,0,0,0
2385,3,upper,0,0,0,0
2385,3,lower,0,0,0,0
2385,4,upper,0,0,0,0
2385,4,lower,0,0,0,0
2385,5,upper,0,0,0,0
2385,5,lower,0,0,0,0
2385,6,upper,0,0,0,0
2385,6,lower,0,0,0,0
2385,7,upper,0,0,0,0
2385,7,lower,0,0,0,0
2385,8,upper,0,0,0,0
2385,8,lower,0,0,0,0
2386,1,upper,0,0,0,0
2386,1,lower,0,0,0,0
2386,2,upper,0,0,0,0
2386,2,lower,0,0,0,0
2386,3,upper,0,0,0,0
2386,3,lower,0,0,0,0
2386,4,upper,0,0,0,0
2386,4,lower,0,0,0,0
2386,5,upper,0,0,0,0
2386,5,lower,0,0,0,0
2386,6,upper,0,0,0,0
2386,6,lower,0,0,0,0
2386,7,upper,0,0,0,0
2386,7,lower,0,0,0,0
2386,8,upper,0,0,0,0
2386,8,lower,0,0,0,0
2387,1,upper,0,0,0,0
2387,1,lower,0,0,0,0
2387,2,upper,0,0,0,0
2387,2,lower,0,0,0,0
2387,3,upper,0,0,0,0
2387,3,lower,0,0,0,0
2387,4,upper,0,0,0,0
2387,4,lower,0,0,0,0
2387,5,upper,0,0,0,0
2387,5,lower,0,0,0,0
2387,6,upper,0,0,0,0
2387,6,lower,0,0,0,0
2387,7,upper,0,0,0,0
2387,7,lower,0,0,0,0
2387,8,upper,0,0,0,0
2387,8,lower,0,0,0,0
2388,1,upper,0,0,0,0
2388,1,lower,0,0,0,0
2388,2,upper,0,0,0,0
2388,2,lower,0,0,0,0
2388,3,upper,0,0,0,0
2388,3,lower,0,0,0,0
2388,4,upper,0,0,0,0
2388,4,lower,0,0,0,0
2388,5,upper,0,0,0,0
2388,5,lower,0,0,0,0
2388,6,upper,0,0,0,0
2388,6,lower,0,0,0,0
2388,7,upper,0,0,0,0
2388,7,lower,0,0,0,0
2388,8,upper,0,0,0,0
2388,8,lower,0,0,0,0
2389,1,upper,0,0,0,0
2389,1,lower,0,0,0,0
2389,2,upper,0,0,0,0
2389,2,lower,0,0,0,0
2389,3,upper,0,0,0,0
2389,3,lower,0,0,0,0
2389,4,upper,0,0,0,0
2389,4,lower,0,0,0,0
2389,5,upper,0,0,0,0
2389,5,lower,0,0,0,0
2389,6,upper,0,0,0,0
2389,6,lower,0,0,0,0
2389,7,upper,0,0,0,0
2389,7,lower,0,0,0,0
2389,8,upper,0,0,0,0
2389,8,lower,0,0,0,0
2390,1,upper,0,0,0,0
2390,1,lower,0,0,0,0
2390,2,upper,0,0,0,0
2390,2,lower,0,0,0,0
2390,3,upper,0,0,0,0
2390,3,lower,0,0,0,0
2390,4,upper,0,0,0,0
2390,4,lower,0,0,0,0
2390,5,upper,0,0,0,0
2390,5,lower,0,0,0,0
2390,6,upper,0,0,0,0
2390,6,lower,0,0,0,0
2390,7,upper,0,0,0,0
2390,7,lower,0,0,0,0
2390,8,upper,0,0,0,0
2390,8,lower,0,0,0,0
2391,1,upper,0,0,0,0
2391,1,lower,0,0,0,0
2391,2,upper,0,0,0,0
2391,2,lower,0,0,0,0
2391,3,upper,0,0,0,0
2391,3,lower,0,0,0,0
2391,4,upper,0,0,0,0
2391,4,lower,0,0,0,0
2391,5,upper,0,0,0,0
2391,5,lower,0,0,0,0
2391,6,upper,0,0,0,0
2391,6,lower,0,0,0,0
2391,7,upper,0,0,0,0
2391,7,lower,0,0,0,0
2391,8,upper,0,0,0,0
2391,8,lower,0,0,0,0
2392,1,upper,0,0,0,0
2392,1,lower,0,0,0,0
2392,2,upper,0,0,0,0
2392,2,lower,0,0,0,0
2392,3,upper,0,0,0,0
2392,3,lower,0,0,0,0
2392,4,upper,0,0,0,0
2392,4,lower,0,0,0,0
2392,5,upper,0,0,0,0
2392,5,lower,0,0,0,0
2392,6,upper,0,0,0,0
2392,6,lower,0,0,0,0
2392,7,upper,0,0,0,0
2392,7,lower,0,0,0,0
2392,8,upper,0,0,0,0
2392,8,lower,0,0,0,0
2393,1,upper,0,0,0,0
2393,1,lower,0,0,0,0
2393,2,upper,0,0,0,0
2393,2,lower,0,0,0,0
2393,3,upper,0,0,0,0
2393,3,lower,0,0,0,0
2393,4,upper,0,0,0,0
2393,4,lower,0,0,0,0
2393,5,upper,0,0,0,0
2393,5,lower,0,0,0,0
2393,6,upper,0,0,0,0
2393,6,lower,0,0,0,0
2393,7,upper,0,0,0,0
2393,7,lower,0,0,0,0
2393,8,upper,0,0,0,0
2393,8,lower,0,0,0,0
2394,1,upper,0,0,0,0
2394,1,lower,0,0,0,0
2394,2,upper,0,0,0,0
2394,2,lower,0,0,0,0
2394,3,upper,0,0,0,0
2394,3,lower,0,0,0,0
2394,4,upper,0,0,0,0
2394,4,lower,0,0,0,0
2394,5,upper,0,0,0,0
2394,5,lower,0,0,0,0
2394,6,upper,0,0,0,0
2394,6,lower,0,0,0,0
2394,7,upper,0,0,0,0
2394,7,lower,0,0,0,0
2394,8,upper,0,0,0,0
2394,8,lower,0,0,0,0
2395,1,upper,0,0,0,0
2395,1,lower,0,0,0,0
2395,2,upper,0,0,0,0
2395,2,lower,0,0,0,0
2395,3,upper,0,0,0,0
2395,3,lower,0,0,0,0
2395,4,upper,0,0,0,0
2395,4,lower,0,0,0,0
2395,5,upper,0,0,0,0
2395,5,lower,0,0,0,0
2395,6,upper,0,0,0,0
2395,6,lower,0,0,0,0
2395,7,upper,0,0,0,0
2395,7,lower,0,0,0,0
2395,8,upper,0,0,0,0
2395,8,lower,0,0,0,0
2396,1,upper,0,0,0,0
2396,1,lower,0,0,0,0
2396,2,upper,0,0,0,0
2396,2,lower,0,0,0,0
2396,3,upper,0,0,0,0
2396,3,lower,0,0,0,0
2396,4,upper,0,0,0,0
2396,4,lower,0,0,0,0
2396,5,upper,0,0,0,0
2396,5,lower,0,0,0,0
2396,6,upper,0,0,0,0
2396,6,lower,0,0,0,0
2396,7,upper,0,0,0,0
2396,7,lower,0,0,0,0
2396,8,upper,0,0,0,0
2396,8,lower,0,0,0,0
2397,1,upper,0,0,0,0
2397,1,lower,0,0,0,0
2397,2,upper,0,0,0,0
2397,2,lower,0,0,0,0
2397,3,upper,0,0,0,0
2397,3,lower,0,0,0,0
2397,4,upper,0,0,0,0
2397,4,lower,0,0,0,0
2397,5,upper,0,0,0,0
2397,5,lower,0,0,0,0
2397,6,upper,0,0,0,0
2397,6,lower,0,0,0,0
2397,7,upper,0,0,0,0
2397,7,lower,0,0,0,0
2397,8,upper,0,0,0,0
2397,8,lower,0,0,0,0
2398,1,upper,0,0,0,0
2398,1,lower,0,0,0,0
2398,2,upper,0,0,0,0
2398,2,lower,0,0,0,0
2398,3,upper,0,0,0,0
2398,3,lower,0,0,0,0
2398,4,upper,0,0,0,0
2398,4,lower,0,0,0,0
2398,5,upper,0,0,0,0
2398,5,lower,0,0,0,0
2398,6,upper,0,0,0,0
2398,6,lower,0,0,0,0
2398,7,upper,0,0,0,0
2398,7,lower,0,0,0,0
2398,8,upper,0,0,0,0
2398,8,lower,0,0,0,0
2399,1,upper,0,0,0,0
2399,1,lower,0,0,0,0
2399,2,upper,0,0,0,0
2399,2,lower,0,0,0,0
2399,3,upper,0,0,0,0
2399,3,lower,0,0,0,0
2399,4,upper,0,0,0,0
2399,4,lower,0,0,0,0
2399,5,upper,0,0,0,0
2399,5,lower,0,0,0,0
2399,6,upper,0,0,0,0
2399,6,lower,0,0,0,0
2399,7,upper,0,0,0,0
2399,7,lower,0,0,0,0
2399,8,upper,0,0,0,0
2399,8,lower,0,0,0,0
2400,1,upper,0,0,0,0
2400,1,lower,0,0,0,0
2400,2,upper,0,0,0,0
2400,2,lower,0,0,0,0
2400,3,upper,0,0,0,0
2400,3,lower,0,0,0,0
2400,4,upper,0,0,0,0
2400,4,lower,0,0,0,0
2400,5,upper,0,0,0,0
2400,5,lower,0,0,0,0
2400,6,upper,0,0,0,0
2400,6,lower,0,0,0,0
2400,7,upper,0,0,0,0
2400,7,lower,0,0,0,0
2400,8,upper,0,0,0,0
2400,8,lower,0,0,0,0
2401,1,upper,0,0,0,0
2401,1,lower,0,0,0,0
2401,2,upper,0,0,0,0
2401,2,lower,0,0,0,0
2401,3,upper,0,0,0,0
2401,3,lower,0,0,0,0
2401,4,upper,0,0,0,0
2401,4,lower,0,0,0,0
2401,5,upper,0,0,0,0
2401,5,lower,0,0,0,0
2401,6,upper,0,0,0,0
2401,6,lower,0,0,0,0
2401,7,upper,0,0,0,0
2401,7,lower,0,0,0,0
2401,8,upper,0,0,0,0
2401,8,lower,0,0,0,0
2402,1,upper,0,0,0,0
2402,1,lower,0,0,0,0
2402,2,upper,0,0,0,0
2402,2,lower,0,0,0,0
2402,3,upper,0,0,0,0
2402,3,lower,0,0,0,0
2402,4,upper,0,0,0,0
2402,4,lower,0,0,0,0
2402,5,upper,0,0,0,0
2402,5,lower,0,0,0,0
2402,6,upper,0,0,0,0
2402,6,lower,0,0,0,0
2402,7,upper,0,0,0,0
2402,7,lower,0,0,0,0
2402,8,upper,0,0,0,0
2402,8,lower,0,0,0,0
2403,1,upper,0,0,0,0
2403,1,lower,0,0,0,0
2403,2,upper,0,0,0,0
2403,2,lower,0,0,0,0
2403,3,upper,0,0,0,0
2403,3,lower,0,0,0,0
2403,4,upper,0,0,0,0
2403,4,lower,0,0,0,0
2403,5,upper,0,0,0,0
2403,5,lower,0,0,0,0
2403,6,upper,0,0,0,0
2403,6,lower,0,0,0,0
2403,7,upper,0,0,0,0
2403,7,lower,0,0,0,0
2403,8,upper,0,0,0,0
2403,8,lower,0,0,0,0
2404,1,upper,0,0,0,0
2404,1,lower,0,0,0,0
2404,2,upper,0,0,0,0
2404,2,lower,0,0,0,0
2404,3,upper,0,0,0,0
2404,3,lower,0,0,0,0
2404,4,upper,0,0,0,0
2404,4,lower,0,0,0,0
2404,5,upper,0,0,0,0
2404,5,lower,0,0,0,0
2404,6,upper,0,0,0,0
2404,6,lower,0,0,0,0
2404,7,upper,0,0,0,0
2404,7,lower,0,0,0,0
2404,8,upper,0,0,0,0
2404,8,lower,0,0,0,0
2405,1,upper,0,0,0,0
2405,1,lower,0,0,0,0
2405,2,upper,0,0,0,0
2405,2,lower,0,0,0,0
2405,3,upper,0,0,0,0
2405,3,lower,0,0,0,0
2405,4,upper,0,0,0,0
2405,4,lower,0,0,0,0
2405,5,upper,0,0,0,0
2405,5,lower,0,0,0,0
2405,6,upper,0,0,0,0
2405,6,lower,0,0,0,0
2405,7,upper,0,0,0,0
2405,7,lower,0,0,0,0
2405,8,upper,0,0,0,0
2405,8,lower,0,0,0,0
2406,1,upper,0,0,0,0
2406,1,lower,0,0,0,0
2406,2,upper,0,0,0,0
2406,2,lower,0,0,0,0
2406,3,upper,0,0,0,0
2406,3,lower,0,0,0,0
2406,4,upper,0,0,0,0
2406,4,lower,0,0,0,0
2406,5,upper,0,0,0,0
2406,5,lower,0,0,0,0
2406,6,upper,0,0,0,0
2406,6,lower,0,0,0,0
2406,7,upper,0,0,0,0
2406,7,lower,0,0,0,0
2406,8,upper,0,0,0,0
2406,8,lower,0,0,0,0
2407,1,upper,0,0,0,0
2407,1,lower,0,0,0,0
2407,2,upper,0,0,0,0
2407,2,lower,0,0,0,0
2407,3,upper,0,0,0,0
2407,3,lower,0,0,0,0
2407,4,upper,0,0,0,0
2407,4,lower,0,0,0,0
2407,5,upper,0,0,0,0
2407,5,lower,0,0,0,0
2407,6,upper,0,0,0,0
2407,6,lower,0,0,0,0
2407,7,upper,0,0,0,0
2407,7,lower,0,0,0,0
2407,8,upper,0,0,0,0
2407,8,lower,0,0,0,0
2408,1,upper,0,0,0,0
2408,1,lower,0,0,0,0
2408,2,upper,0,0,0,0
2408,2,lower,0,0,0,0
2408,3,upper,0,0,0,0
2408,3,lower,0,0,0,0
2408,4,upper,0,0,0,0
2408,4,lower,0,0,0,0
2408,5,upper,0,0,0,0
2408,5,lower,0,0,0,0
2408,6,upper,0,0,0,0
2408,6,lower,0,0,0,0
2408,7,upper,0,0,0,0
2408,7,lower,0,0,0,0
2408,8,upper,0,0,0,0
2408,8,lower,0,0,0,0
2409,1,upper,0,0,0,0
2409,1,lower,0,0,0,0
2409,2,upper,0,0,0,0
2409,2,lower,0,0,0,0
2409,3,upper,0,0,0,0
2409,3,lower,0,0,0,0
2409,4,upper,0,0,0,0
2409,4,lower,0,0,0,0
2409,5,upper,0,0,0,0
2409,5,lower,0,0,0,0
2409,6,upper,0,0,0,0
2409,6,lower,0,0,0,0
2409,7,upper,0,0,0,0
2409,7,lower,0,0,0,0
2409,8,upper,0,0,0,0
2409,8,lower,0,0,0,0
2410,1,upper,0,0,0,0
2410,1,lower,0,0,0,0
2410,2,upper,0,0,0,0
2410,2,lower,0,0,0,0
2410,3,upper,0,0,0,0
2410,3,lower,0,0,0,0
2410,4,upper,0,0,0,0
2410,4,lower,0,0,0,0
2410,5,upper,0,0,0,0
2410,5,lower,0,0,0,0
2410,6,upper,0,0,0,0
2410,6,lower,0,0,0,0
2410,7,upper,0,0,0,0
2410,7,lower,0,0,0,0
2410,8,upper,0,0,0,0
2410,8,lower,0,0,0,0
2411,1,upper,0,0,0,0
2411,1,lower,0,0,0,0
2411,2,upper,0,0,0,0
2411,2,lower,0,0,0,0
2411,3,upper,0,0,0,0
2411,3,lower,0,0,0,0
2411,4,upper,0,0,0,0
2411,4,lower,0,0,0,0
2411,5,upper,0,0,0,0
2411,5,lower,0,0,0,0
2411,6,upper,0,0,0,0
2411,6,lower,0,0,0,0
2411,7,upper,0,0,0,0
2411,7,lower,0,0,0,0
2411,8,upper,0,0,0,0
2411,8,lower,0,0,0,0
2412,1,upper,0,0,0,0
2412,1,lower,0,0,0,0
2412,2,upper,0,0,0,0
2412,2,lower,0,0,0,0
2412,3,upper,0,0,0,0
2412,3,lower,0,0,0,0
2412,4,upper,0,0,0,0
2412,4,lower,0,0,0,0
2412,5,upper,0,0,0,0
2412,5,lower,0,0,0,0
2412,6,upper,0,0,0,0
2412,6,lower,0,0,0,0
2412,7,upper,0,0,0,0
2412,7,lower,0,0,0,0
2412,8,upper,0,0,0,0
2412,8,lower,0,0,0,0
2413,1,upper,0,0,0,0
2413,1,lower,0,0,0,0
2413,2,upper,0,0,0,0
2413,2,lower,0,0,0,0
2413,3,upper,0,0,0,0
2413,3,lower,0,0,0,0
2413,4,upper,0,0,0,0
2413,4,lower,0,0,0,0
2413,5,upper,0,0,0,0
2413,5,lower,0,0,0,0
2413,6,upper,0,0,0,0
2413,6,lower,0,0,0,0
2413,7,upper,0,0,0,0
2413,7,lower,0,0,0,0
2413,8,upper,0,0,0,0
2413,8,lower,0,0,0,0
2414,1,upper,0,0,0,0
2414,1,lower,0,0,0,0
2414,2,upper,0,0,0,0
2414,2,lower,0,0,0,0
2414,3,upper,0,0,0,0
2414,3,lower,0,0,0,0
2414,4,upper,0,0,0,0
2414,4,lower,0,0,0,0
2414,5,upper,0,0,0,0
2414,5,lower,0,0,0,0
2414,6,upper,0,0,0,0
2414,6,lower,0,0,0,0
2414,7,upper,0,0,0,0
2414,7,lower,0,0,0,0
2414,8,upper,0,0,0,0
2414,8,lower,0,0,0,0
2415,1,upper,0,0,0,0
2415,1,lower,0,0,0,0
2415,2,upper,0,0,0,0
2415,2,lower,0,0,0,0
2415,3,upper,0,0,0,0
2415,3,lower,0,0,0,0
2415,4,upper,0,0,0,0
2415,4,lower,0,0,0,0
2415,5,upper,0,0,0,0
2415,5,lower,0,0,0,0
2415,6,upper,0,0,0,0
2415,6,lower,0,0,0,0
2415,7,upper,0,0,0,0
2415,7,lower,0,0,0,0
2415,8,upper,0,0,0,0
2415,8,lower,0,0,0,0
2416,1,upper,0,0,0,0
2416,1,lower,0,0,0,0
2416,2,upper,0,0,0,0
2416,2,lower,0,0,0,0
2416,3,upper,0,0,0,0
2416,3,lower,0,0,0,0
2416,4,upper,0,0,0,0
2416,4,lower,0,0,0,0
2416,5,upper,0,0,0,0
2416,5,lower,0,0,0,0
2416,6,upper,0,0,0,0
2416,6,lower,0,0,0,0
2416,7,upper,0,0,0,0
2416,7,lower,0,0,0,0
2416,8,upper,0,0,0,0
2416,8,lower,0,0,0,0
2417,1,upper,0,0,0,0
2417,1,lower,0,0,0,0
2417,2,upper,0,0,0,0
2417,2,lower,0,0,0,0
2417,3,upper,0,0,0,0
2417,3,lower,0,0,0,0
2417,4,upper,0,0,0,0
2417,4,lower,0,0,0,0
2417,5,upper,0,0,0,0
2417,5,lower,0,0,0,0
2417,6,upper,0,0,0,0
2417,6,lower,0,0,0,0
2417,7,upper,0,0,0,0
2417,7,lower,0,0,0,0
2417,8,upper,0,0,0,0
2417,8,lower,0,0,0,0
2418,1,upper,0,0,0,0
2418,1,lower,0,0,0,0
2418,2,upper,0,0,0,0
2418,2,lower,0,0,0,0
2418,3,upper,0,0,0,0
2418,3,lower,0,0,0,0
2418,4,upper,0,0,0,0
2418,4,lower,0,0,0,0
2418,5,upper,0,0,0,0
2418,5,lower,0,0,0,0
2418,6,upper,0,0,0,0
2418,6,lower,0,0,0,0
2418,7,upper,0,0,0,0
2418,7,lower,0,0,0,0
2418,8,upper,0,0,0,0
2418,8,lower,0,0,0,0
2419,1,upper,0,0,0,0
2419,1,lower,0,0,0,0
2419,2,upper,0,0,0,0
2419,2,lower,0,0,0,0
2419,3,upper,0,0,0,0
2419,3,lower,0,0,0,0
2419,4,upper,0,0,0,0
2419,4,lower,0,0,0,0
2419,5,upper,0,0,0,0
2419,5,lower,0,0,0,0
2419,6,upper,0,0,0,0
2419,6,lower,0,0,0,0
2419,7,upper,0,0,0,0
2419,7,lower,0,0,0,0
2419,8,upper,0,0,0,0
2419,8,lower,0,0,0,0
2420,1,upper,0,0,0,0
2420,1,lower,0,0,0,0
2420,2,upper,0,0,0,0
2420,2,lower,0,0,0,0
2420,3,upper,0,0,0,0
2420,3,lower,0,0,0,0
2420,4,upper,0,0,0,0
2420,4,lower,0,0,0,0
2420,5,upper,0,0,0,0
2420,5,lower,0,0,0,0
2420,6,upper,0,0,0,0
2420,6,lower,0,0,0,0
2420,7,upper,0,0,0,0
2420,7,lower,0,0,0,0
2420,8,upper,0,0,0,0
2420,8,lower,0,0,0,0
2421,1,upper,0,0,0,0
2421,1,lower,0,0,0,0
2421,2,upper,0,0,0,0
2421,2,lower,0,0,0,0
2421,3,upper,0,0,0,0
2421,3,lower,0,0,0,0
2421,4,upper,0,0,0,0
2421,4,lower,0,0,0,0
2421,5,upper,0,0,0,0
2421,5,lower,0,0,0,0
2421,6,upper,0,0,0,0
2421,6,lower,0,0,0,0
2421,7,upper,0,0,0,0
2421,7,lower,0,0,0,0
2421,8,upper,0,0,0,0
2421,8,lower,0,0,0,0
2422,1,upper,0,0,0,0
2422,1,lower,0,0,0,0
2422,2,upper,0,0,0,0
2422,2,lower,0,0,0,0
2422,3,upper,0,0,0,0
2422,3,lower,0,0,0,0
2422,4,upper,0,0,0,0
2422,4,lower,0,0,0,0
2422,5,upper,0,0,0,0
2422,5,lower,0,0,0,0
2422,6,upper,0,0,0,0
2422,6,lower,0,0,0,0
2422,7,upper,0,0,0,0
2422,7,lower,0,0,0,0
2422,8,upper,0,0,0,0
2422,8,lower,0,0,0,0
2423,1,upper,0,0,0,0
2423,1,lower,0,0,0,0
2423,2,upper,0,0,0,0
2423,2,lower,0,0,0,0
2423,3,upper,0,0,0,0
2423,3,lower,0,0,0,0
2423,4,upper,0,0,0,0
2423,4,lower,0,0,0,0
2423,5,upper,0,0,0,0
2423,5,lower,0,0,0,0
2423,6,upper,0,0,0,0
2423,6,lower,0,0,0,0
2423,7,upper,0,0,0,0
2423,7,lower,0,0,0,0
2423,8,upper,0,0,0,0
2423,8,lower,0,0,0,0
2424,1,upper,0,0,0,0
2424,1,lower,0,0,0,0
2424,2,upper,0,0,0,0
2424,2,lower,0,0,0,0
2424,3,upper,0,0,0,0
2424,3,lower,0,0,0,0
2424,4,upper,0,0,0,0
2424,4,lower,0,0,0,0
2424,5,upper,0,0,0,0
2424,5,lower,0,0,0,0
2424,6,upper,0,0,0,0
2424,6,lower,0,0,0,0
2424,7,upper,0,0,0,0
2424,7,lower,0,0,0,0
2424,8,upper,0,0,0,0
2424,8,lower,0,0,0,0
2425,1,upper,0,0,0,0
2425,1,lower,0,0,0,0
2425,2,upper,0,0,0,0
2425,2,lower,0,0,0,0
2425,3,upper,0,0,0,0
2425,3,lower,0,0,0,0
2425,4,upper,0,0,0,0
2425,4,lower,0,0,0,0
2425,5,upper,0,0,0,0
2425,5,lower,0,0,0,0
2425,6,upper,0,0,0,0
2425,6,lower,0,0,0,0
2425,7,upper,0,0,0,0
2425,7,lower,0,0,0,0
2425,8,upper,0,0,0,0
2425,8,lower,0,0,0,0
2426,1,upper,0,0,0,0
2426,1,lower,0,0,0,0
2426,2,upper,0,0,0,0
2426,2,lower,0,0,0,0
2426,3,upper,0,0,0,0
2426,3,lower,0,0,0,0
2426,4,upper,0,0,0,0
2426,4,lower,0,0,0,0
2426,5,upper,0,0,0,0
2426,5,lower,0,0,0,0
2426,6,upper,0,0,0,0
2426,6,lower,0,0,0,0
2426,7,upper,0,0,0,0
2426,7,lower,0,0,0,0
2426,8,upper,0,0,0,0
2426,8,lower,0,0,0,0
2427,1,upper,0,0,0,0
2427,1,lower,0,0,0,0
2427,2,upper,0,0,0,0
2427,2,lower,0,0,0,0
2427,3,upper,0,0,0,0
2427,3,lower,0,0,0,0
2427,4,upper,0,0,0,0
2427,4,lower,0,0,0,0
2427,5,upper,0,0,0,0
2427,5,lower,0,0,0,0
2427,6,upper,0,0,0,0
2427,6,lower,0,0,0,0
2427,7,upper,0,0,0,0
2427,7,lower,0,0,0,0
2427,8,upper,0,0,0,0
2427,8,lower,0,0,0,0
2428,1,upper,0,0,0,0
2428,1,lower,0,0,0,0
2428,2,upper,0,0,0,0
2428,2,lower,0,0,0,0
2428,3,upper,0,0,0,0
2428,3,lower,0,0,0,0
2428,4,upper,0,0,0,0
2428,4,lower,0,0,0,0
2428,5,upper,0,0,0,0
2428,5,lower,0,0,0,0
2428,6,upper,0,0,0,0
2428,6,lower,0,0,0,0
2428,7,upper,0,0,0,0
2428,7,lower,0,0,0,0
2428,8,upper,0,0,0,0
2428,8,lower,0,0,0,0
2429,1,upper,0,0,0,0
2429,1,lower,0,0,0,0
2429,2,upper,0,0,0,0
2429,2,lower,0,0,0,0
2429,3,upper,0,0,0,0
2429,3,lower,0,0,0,0
2429,4,upper,0,0,0,0
2429,4,lower,0,0,0,0
2429,5,upper,0,0,0,0
2429,5,lower,0,0,0,0
2429,6,upper,0,0,0,0
2429,6,lower,0,0,0,0
2429,7,upper,0,0,0,0
2429,7,lower,0,0,0,0
2429,8,upper,0,0,0,0
2429,8,lower,0,0,0,0
2430,1,upper,0,0,0,0
2430,1,lower,0,0,0,0
2430,2,upper,0,0,0,0
2430,2,lower,0,0,0,0
2430,3,upper,0,0,0,0
2430,3,lower,0,0,0,0
2430,4,upper,0,0,0,0
2430,4,lower,0,0,0,0
2430,5,upper,0,0,0,0
2430,5,lower,0,0,0,0
2430,6,upper,0,0,0,0
2430,6,lower,0,0,0,0
2430,7,upper,0,0,0,0
2430,7,lower,0,0,0,0
2430,8,upper,0,0,0,0
2430,8,lower,0,0,0,0
2431,1,upper,0,0,0,0
2431,1,lower,0,0,0,0
2431,2,upper,0,0,0,0
2431,2,lower,0,0,0,0
2431,3,upper,0,0,0,0
2431,3,lower,0,0,0,0
2431,4,upper,0,0,0,0
2431,4,lower,0,0,0,0
2431,5,upper,0,0,0,0
2431,5,lower,0,0,0,0
2431,6,upper,0,0,0,0
2431,6,lower,0,0,0,0
2431,7,upper,0,0,0,0
2431,7,lower,0,0,0,0
2431,8,upper,0,0,0,0
2431,8,lower,0,0,0,0
2432,1,upper,0,0,0,0
2432,1,lower,0,0,0,0
2432,2,upper,0,0,0,0
2432,2,lower,0,0,0,0
2432,3,upper,0,0,0,0
2432,3,lower,0,0,0,0
2432,4,upper,0,0,0,0
2432,4,lower,0,0,0,0
2432,5,upper,0,0,0,0
2432,5,lower,0,0,0,0
2432,6,upper,0,0,0,0
2432,6,lower,0,0,0,0
2432,7,upper,0,0,0,0
2432,7,lower,0,0,0,0
2432,8,upper,0,0,0,0
2432,8,lower,0,0,0,0
2433,1,upper,0,0,0,0
2433,1,lower,0,0,0,0
2433,2,upper,0,0,0,0
2433,2,lower,0,0,0,0
2433,3,upper,0,0,0,0
2433,3,lower,0,0,0,0
2433,4,upper,0,0,0,0
2433,4,lower,0,0,0,0
2433,5,upper,0,0,0,0
2433,5,lower,0,0,0,0
2433,6,upper,0,0,0,0
2433,6,lower,0,0,0,0
2433,7,upper,0,0,0,0
2433,7,lower,0,0,0,0
2433,8,upper,0,0,0,0
2433,8,lower,0,0,0,0
2434,1,upper,0,0,0,0
2434,1,lower,0,0,0,0
2434,2,upper,0,0,0,0
2434,2,lower,0,0,0,0
2434,3,upper,0,0,0,0
2434,3,lower,0,0,0,0
2434,4,upper,0,0,0,0
2434,4,lower,0,0,0,0
2434,5,upper,0,0,0,0
2434,5,lower,0,0,0,0
2434,6,upper,0,0,0,0
2434,6,lower,0,0,0,0
2434,7,upper,0,0,0,0
2434,7,lower,0,0,0,0
2434,8,upper,0,0,0,0
2434,8,lower,0,0,0,0
2435,1,upper,0,0,0,0
2435,1,lower,0,0,0,0
2435,2,upper,0,0,0,0
2435,2,lower,0,0,0,0
2435,3,upper,0,0,0,0
2435,3,lower,0,0,0,0
2435,4,upper,0,0,0,0
2435,4,lower,0,0,0,0
2435,5,upper,0,0,0,0
2435,5,lower,0,0,0,0
2435,6,upper,0,0,0,0
2435,6,lower,0,0,0,0
2435,7,upper,0,0,0,0
2435,7,lower,0,0,0,0
2435,8,upper,0,0,0,0
2435,8,lower,0,0,0,0
2436,1,upper,0,0,0,0
2436,1,lower,0,0,0,0
2436,2,upper,0,0,0,0
2436,2,lower,0,0,0,0
2436,3,upper,0,0,0,0
2436,3,lower,0,0,0,0
2436,4,upper,0,0,0,0
2436,4,lower,0,0,0,0
2436,5,upper,0,0,0,0
2436,5,lower,0,0,0,0
2436,6,upper,0,0,0,0
2436,6,lower,0,0,0,0
2436,7,upper,0,0,0,0
2436,7,lower,0,0,0,0
2436,8,upper,0,0,0,0
2436,8,lower,0,0,0,0
2437,1,upper,0,0,0,0
2437,1,lower,0,0,0,0
2437,2,upper,0,0,0,0
2437,2,lower,0,0,0,0
2437,3,upper,0,0,0,0
2437,3,lower,0,0,0,0
2437,4,upper,0,0,0,0
2437,4,lower,0,0,0,0
2437,5,upper,0,0,0,0
2437,5,lower,0,0,0,0
2437,6,upper,0,0,0,0
2437,6,lower,0,0,0,0
2437,7,upper,0,0,0,0
2437,7,lower,0,0,0,0
2437,8,upper,0,0,0,0
2437,8,lower,0,0,0,0
2438,1,upper,0,0,0,0
2438,1,lower,0,0,0,0
2438,2,upper,0,0,0,0
2438,2,lower,0,0,0,0
2438,3,upper,0,0,0,0
2438,3,lower,0,0,0,0
2438,4,upper,0,0,0,0
2438,4,lower,0,0,0,0
2438,5,upper,0,0,0,0
2438,5,lower,0,0,0,0
2438,6,upper,0,0,0,0
2438,6,lower,0,0,0,0
2438,7,upper,0,0,0,0
2438,7,lower,0,0,0,0
2438,8,upper,0,0,0,0
2438,8,lower,0,0,0,0
2439,1,upper,0,0,0,0
2439,1,lower,0,0,0,0
2439,2,upper,0,0,0,0
2439,2,lower,0,0,0,0
2439,3,upper,0,0,0,0
2439,3,lower,0,0,0,0
2439,4,upper,0,0,0,0
2439,4,lower,0,0,0,0
2439,5,upper,0,0,0,0
2439,5,lower,0,0,0,0
2439,6,upper,0,0,0,0
2439,6,lower,0,0,0,0
2439,7,upper,0,0,0,0
2439,7,lower,0,0,0,0
2439,8,upper,0,0,0,0
2439,8,lower,0,0,0,0
2440,1,upper,0,0,0,0
2440,1,lower,0,0,0,0
2440,2,upper,0,0,0,0
2440,2,lower,0,0,0,0
2440,3,upper,0,0,0,0
2440,3,lower,0,0,0,0
2440,4,upper,0,0,0,0
2440,4,lower,0,0,0,0
2440,5,upper,0,0,0,0
2440,5,lower,0,0,0,0
2440,6,upper,0,0,0,0
2440,6,lower,0,0,0,0
2440,7,upper,0,0,0,0
2440,7,lower,0,0,0,0
2440,8,upper,0,0,0,0
2440,8,lower,0,0,0,0
2441,1,upper,0,0,0,0
2441,1,lower,0,0,0,0
2441,2,upper,0,0,0,0
2441,2,lower,0,0,0,0
2441,3,upper,0,0,0,0
2441,3,lower,0,0,0,0
2441,4,upper,0,0,0,0
2441,4,lower,0,0,0,0
2441,5,upper,0,0,0,0
2441,5,lower,0,0,0,0
2441,6,upper,0,0,0,0
2441,6,lower,0,0,0,0
2441,7,upper,0,0,0,0
2441,7,lower,0,0,0,0
2441,8,upper,0,0,0,0
2441,8,lower,0,0,0,0
2442,1,upper,0,0,0,0
2442,1,lower,0,0,0,0
2442,2,upper,0,0,0,0
2442,2,lower,0,0,0,0
2442,3,upper,0,0,0,0
2442,3,lower,0,0,0,0
2442,4,upper,0,0,0,0
2442,4,lower,0,0,0,0
2442,5,upper,0,0,0,0
2442,5,lower,0,0,0,0
2442,6,upper,0,0,0,0
2442,6,lower,0,0,0,0
2442,7,upper,0,0,0,0
2442,7,lower,0,0,0,0
2442,8,upper,0,0,0,0
2442,8,lower,0,0,0,0
2443,1,upper,0,0,0,0
2443,1,lower,0,0,0,0
2443,2,upper,0,0,0,0
2443,2,lower,0,0,0,0
2443,3,upper,0,0,0,0
2443,3,lower,0,0,0,0
2443,4,upper,0,0,0,0
2443,4,lower,0,0,0,0
2443,5,upper,0,0,0,0
2443,5,lower,0,0,0,0
2443,6,upper,0,0,0,0
2443,6,lower,0,0,0,0
2443,7,upper,0,0,0,0
2443,7,lower,0,0,0,0
2443,8,upper,0,0,0,0
2443,8,lower,0,0,0,0
2444,1,upper,0,0,0,0
2444,1,lower,0,0,0,0
2444,2,upper,0,0,0,0
2444,2,lower,0,0,0,0
2444,3,upper,0,0,0,0
2444,3,lower,0,0,0,0
2444,4,upper,0,0,0,0
2444,4,lower,0,0,0,0
2444,5,upper,0,0,0,0
2444,5,lower,0,0,0,0
2444,6,upper,0,0,0,0
2444,6,lower,0,0,0,0
2444,7,upper,0,0,0,0
2444,7,lower,0,0,0,0
2444,8,upper,0,0,0,0
2444,8,lower,0,0,0,0
2445,1,upper,0,0,0,0
2445,1,lower,0,0,0,0
2445,2,upper,0,0,0,0
2445,2,lower,0,0,0,0
2445,3,upper,0,0,0,0
2445,3,lower,0,0,0,0
2445,4,upper,0,0,0,0
2445,4,lower,0,0,0,0
2445,5,upper,0,0,0,0
2445,5,lower,0,0,0,0
2445,6,upper,0,0,0,0
2445,6,lower,0,0,0,0
2445,7,upper,0,0,0,0
2445,7,lower,0,0,0,0
2445,8,upper,0,0,0,0
2445,8,lower,0,0,0,0
2446,1,upper,0,0,0,0
2446,1,lower,0,0,0,0
2446,2,upper,0,0,0,0
2446,2,lower,0,0,0,0
2446,3,upper,0,0,0,0
2446,3,lower,0,0,0,0
2446,4,upper,0,0,0,0
2446,4,lower,0,0,0,0
2446,5,upper,0,0,0,0
2446,5,lower,0,0,0,0
2446,6,upper,0,0,0,0
2446,6,lower,0,0,0,0
2446,7,upper,0,0,0,0
2446,7,lower,0,0,0,0
2446,8,upper,0,0,0,0
2446,8,lower,0,0,0,0
2447,1,upper,0,0,0,0
2447,1,lower,0,0,0,0
2447,2,upper,0,0,0,0
2447,2,lower,0,0,0,0
2447,3,upper,0,0,0,0
2447,3,lower,0,0,0,0
2447,4,upper,0,0,0,0
2447,4,lower,0,0,0,0
2447,5,upper,0,0,0,0
2447,5,lower,0,0,0,0
2447,6,upper,0,0,0,0
2447,6,lower,0,0,0,0
2447,7,upper,0,0,0,0
2447,7,lower,0,0,0,0
2447,8,upper,0,0,0,0
2447,8,lower,0,0,0,0
2448,1,upper,0,0,0,0
2448,1,lower,0,0,0,0
2448,2,upper,0,0,0,0
2448,2,lower,0,0,0,0
2448,3,upper,0,0,0,0
2448,3,lower,0,0,0,0
2448,4,upper,0,0,0,0
2448,4,lower,0,0,0,0
2448,5,upper,0,0,0,0
2448,5,lower,0,0,0,0
2448,6,upper,0,0,0,0
2448,6,lower,0,0,0,0
2448,7,upper,0,0,0,0
2448,7,lower,0,0,0,0
2448,8,upper,0,0,0,0
2448,8,lower,0,0,0,0
2449,1,upper,0,0,0,0
2449,1,lower,0,0,0,0
2449,2,upper,0,0,0,0
2449,2,lower,0,0,0,0
2449,3,upper,0,0,0,0
2449,3,lower,0,0,0,0
2449,4,upper,0,0,0,0
2449,4,lower,0,0,0,0
2449,5,upper,0,0,0,0
2449,5,lower,0,0,0,0
2449,6,upper,0,0,0,0
2449,6,lower,0,0,0,0
2449,7,upper,0,0,0,0
2449,7,lower,0,0,0,0
2449,8,upper,0,0,0,0
2449,8,lower,0,0,0,0
2450,1,upper,0,0,0,0
2450,1,lower,0,0,0,0
2450,2,upper,0,0,0,0
2450,2,lower,0,0,0,0
2450,3,upper,0,0,0,0
2450,3,lower,0,0,0,0
2450,4,upper,0,0,0,0
2450,4,lower,0,0,0,0
2450,5,upper,0,0,0,0
2450,5,lower,0,0,0,0
2450,6,upper,0,0,0,0
2450,6,lower,0,0,0,0
2450,7,upper,0,0,0,0
2450,7,lower,0,0,0,0
2450,8,upper,0,0,0,0
2450,8,lower,0,0,0,0
2451,1,upper,0,0,0,0
2451,1,lower,0,0,0,0
2451,2,upper,0,0,0,0
2451,2,lower,0,0,0,0
2451,3,upper,0,0,0,0
2451,3,lower,0,0,0,0
2451,4,upper,0,0,0,0
2451,4,lower,0,0,0,0
2451,5,upper,0,0,0,0
2451,5,lower,0,0,0,0
2451,6,upper,0,0,0,0
2451,6,lower,0,0,0,0
2451,7,upper,0,0,0,0
2451,7,lower,0,0,0,0
2451,8,upper,0,0,0,0
2451,8,lower,0,0,0,0
2452,1,upper,0,0,0,0
2452,1,lower,0,0,0,0
2452,2,upper,0,0,0,0
2452,2,lower,0,0,0,0
2452,3,upper,0,0,0,0
2452,3,lower,0,0,0,0
2452,4,upper,0,0,0,0
2452,4,lower,0,0,0,0
2452,5,upper,0,0,0,0
2452,5,lower,0,0,0,0
2452,6,upper,0,0,0,0
2452,6,lower,0,0,0,0
2452,7,upper,0,0,0,0
2452,7,lower,0,0,0,0
2452,8,upper,0,0,0,0
2452,8,lower,0,0,0,0
2453,1,upper,0,0,0,0
2453,1,lower,0,0,0,0
2453,2,upper,0,0,0,0
2453,2,lower,0,0,0,0
2453,3,upper,0,0,0,0
2453,3,lower,0,0,0,0
2453,4,upper,0,0,0,0
2453,4,lower,0,0,0,0
2453,5,upper,0,0,0,0
2453,5,lower,0,0,0,0
2453,6,upper,0,0,0,0
2453,6,lower,0,0,0,0
2453,7,upper,0,0,0,0
2453,7,lower,0,0,0,0
2453,8,upper,0,0,0,0
2453,8,lower,0,0,0,0
2454,1,upper,0,0,0,0
2454,1,lower,0,0,0,0
2454,2,upper,0,0,0,0
2454,2,lower,0,0,0,0
2454,3,upper,0,0,0,0
2454,3,lower,0,0,0,0
2454,4,upper,0,0,0,0
2454,4,lower,0,0,0,0
2454,5,upper,0,0,0,0
2454,5,lower,0,0,0,0
2454,6,upper,0,0,0,0
2454,6,lower,0,0,0,0
2454,7,upper,0,0,0,0
2454,7,lower,0,0,0,0
2454,8,upper,0,0,0,0
2454,8,lower,0,0,0,0
2455,1,upper,0,0,0,0
2455,1,lower,0,0,0,0
2455,2,upper,0,0,0,0
2455,2,lower,0,0,0,0
2455,3,upper,0,0,0,0
2455,3,lower,0,0,0,0
2455,4,upper,0,0,0,0
2455,4,lower,0,0,0,0
2455,5,upper,0,0,0,0
2455,5,lower,0,0,0,0
2455,6,upper,0,0,0,0
2455,6,lower,0,0,0,0
2455,7,upper,0,0,0,0
2455,7,lower,0,0,0,0
2455,8,upper,0,0,0,0
2455,8,lower,0,0,0,0
2456,1,upper,0,0,0,0
2456,1,lower,0,0,0,0
2456,2,upper,0,0,0,0
2456,2,lower,0,0,0,0
2456,3,upper,0,0,0,0
2456,3,lower,0,0,0,0
2456,4,upper,0,0,0,0
2456,4,lower,0,0,0,0
2456,5,upper,0,0,0,0
2456,5,lower,0,0,0,0
2456,6,upper,0,0,0,0
2456,6,lower,0,0,0,0
2456,7,upper,0,0,0,0
2456,7,lower,0,0,0,0
2456,8,upper,0,0,0,0
2456,8,lower,0,0,0,0
2457,1,upper,0,0,0,0
2457,1,lower,0,0,0,0
2457,2,upper,0,0,0,0
2457,2,lower,0,0,0,0
2457,3,upper,0,0,0,0
2457,3,lower,0,0,0,0
2457,4,upper,0,0,0,0
2457,4,lower,0,0,0,0
2457,5,upper,0,0,0,0
2457,5,lower,0,0,0,0
2457,6,upper,0,0,0,0
2457,6,lower,0,0,0,0
2457,7,upper,0,0,0,0
2457,7,lower,0,0,0,0
2457,8,upper,0,0,0,0
2457,8,lower,0,0,0,0
2458,1,upper,0,0,0,0
2458,1,lower,0,0,0,0
2458,2,upper,0,0,0,0
2458,2,lower,0,0,0,0
2458,3,upper,0,0,0,0
2458,3,lower,0,0,0,0
2458,4,upper,0,0,0,0
2458,4,lower,0,0,0,0
2458,5,upper,0,0,0,0
2458,5,lower,0,0,0,0
2458,6,upper,0,0,0,0
2458,6,lower,0,0,0,0
2458,7,upper,0,0,0,0
2458,7,lower,0,0,0,0
2458,8,upper,0,0,0,0
2458,8,lower,0,0,0,0
2459,1,upper,0,0,0,0
2459,1,lower,0,0,0,0
2459,2,upper,0,0,0,0
2459,2,lower,0,0,0,0
2459,3,upper,0,0,0,0
2459,3,lower,0,0,0,0
2459,4,upper,0,0,0,0
2459,4,lower,0,0,0,0
2459,5,upper,0,0,0,0
2459,5,lower,0,0,0,0
2459,6,upper,0,0,0,0
2459,6,lower,0,0,0,0
2459,7,upper,0,0,0,0
2459,7,lower,0,0,0,0
2459,8,upper,0,0,0,0
2459,8,lower,0,0,0,0
2460,1,upper,0,0,0,0
2460,1,lower,0,0,0,0
2460,2,upper,0,0,0,0
2460,2,lower,0,0,0,0
2460,3,upper,0,0,0,0
2460,3,lower,0,0,0,0
2460,4,upper,0,0,0,0
2460,4,lower,0,0,0,0
2460,5,upper,0,0,0,0
2460,5,lower,0,0,0,0
2460,6,upper,0,0,0,0
2460,6,lower,0,0,0,0
2460,7,upper,0,0,0,0
2460,7,lower,0,0,0,0
2460,8,upper,0,0,0,0
2460,8,lower,0,0,0,0
2461,1,upper,0,0,0,0
2461,1,lower,0,0,0,0
2461,2,upper,0,0,0,0
2461,2,lower,0,0,0,0
2461,3,upper,0,0,0,0
2461,3,lower,0,0,0,0
2461,4,upper,0,0,0,0
2461,4,lower,0,0,0,0
2461,5,upper,0,0,0,0
2461,5,lower,0,0,0,0
2461,6,upper,0,0,0,0
2461,6,lower,0,0,0,0
2461,7,upper,0,0,0,0
2461,7,lower,0,0,0,0
2461,8,upper,0,0,0,0
2461,8,lower,0,0,0,0
2462,1,upper,0,0,0,0
2462,1,lower,0,0,0,0
2462,2,upper,0,0,0,0
2462,2,lower,0,0,0,0
2462,3,upper,0,0,0,0
2462,3,lower,0,0,0,0
2462,4,upper,0,0,0,0
2462,4,lower,0,0,0,0
2462,5,upper,0,0,0,0
2462,5,lower,0,0,0,0
2462,6,upper,0,0,0,0
2462,6,lower,0,0,0,0
2462,7,upper,0,0,0,0
2462,7,lower,0,0,0,0
2462,8,upper,0,0,0,0
2462,8,lower,0,0,0,0
2463,1,upper,0,0,0,0
2463,1,lower,0,0,0,0
2463,2,upper,0,0,0,0
2463,2,lower,0,0,0,0
2463,3,upper,0,0,0,0
2463,3,lower,0,0,0,0
2463,4,upper,0,0,0,0
2463,4,lower,0,0,0,0
2463,5,upper,0,0,0,0
2463,5,lower,0,0,0,0
2463,6,upper,0,0,0,0
2463,6,lower,0,0,0,0
2463,7,upper,0,0,0,0
2463,7,lower,0,0,0,0
2463,8,upper,0,0,0,0
2463,8,lower,0,0,0,0
2464,1,upper,0,0,0,0
2464,1,lower,0,0,0,0
2464,2,upper,0,0,0,0
2464,2,lower,0,0,0,0
2464,3,upper,0,0,0,0
2464,3,lower,0,0,0,0
2464,4,upper,0,0,0,0
2464,4,lower,0,0,0,0
2464,5,upper,0,0,0,0
2464,5,lower,0,0,0,0
2464,6,upper,0,0,0,0
2464,6,lower,0,0,0,0
2464,7,upper,0,0,0,0
2464,7,lower,0,0,0,0
2464,8,upper,0,0,0,0
2464,8,lower,0,0,0,0
2465,1,upper,0,0,0,0
2465,1,lower,0,0,0,0
2465,2,upper,0,0,0,0
2465,2,lower,0,0,0,0
2465,3,upper,0,0,0,0
2465,3,lower,0,0,0,0
2465,4,upper,0,0,0,0
2465,4,lower,0,0,0,0
2465,5,upper,0,0,0,0
2465,5,lower,0,0,0,0
2465,6,upper,0,0,0,0
2465,6,lower,0,0,0,0
2465,7,upper,0,0,0,0
2465,7,lower,0,0,0,0
2465,8,upper,0,0,0,0
2465,8,lower,0,0,0,0
2466,1,upper,0,0,0,0
2466,1,lower,0,0,0,0
2466,2,upper,0,0,0,0
2466,2,lower,0,0,0,0
2466,3,upper,0,0,0,0
2466,3,lower,0,0,0,0
2466,4,upper,0,0,0,0
2466,4,lower,0,0,0,0
2466,5,upper,0,0,0,0
2466,5,lower,0,0,0,0
2466,6,upper,0,0,0,0
2466,6,lower,0,0,0,0
2466,7,upper,0,0,0,0
2466,7,lower,0,0,0,0
2466,8,upper,0,0,0,0
2466,8,lower,0,0,0,0
2467,1,upper,0,0,0,0
2467,1,lower,0,0,0,0
2467,2,upper,0,0,0,0
2467,2,lower,0,0,0,0
2467,3,upper,0,0,0,0
2467,3,lower,0,0,0,0
2467,4,upper,0,0,0,0
2467,4,lower,0,0,0,0
2467,5,upper,0,0,0,0
2467,5,lower,0,0,0,0
2467,6,upper,0,0,0,0
2467,6,lower,0,0,0,0
2467,7,upper,0,0,0,0
2467,7,lower,0,0,0,0
2467,8,upper,0,0,0,0
2467,8,lower,0,0,0,0
2468,1,upper,0,0,0,0
2468,1,lower,0,0,0,0
2468,2,upper,0,0,0,0
2468,2,lower,0,0,0,0
2468,3,upper,0,0,0,0
2468,3,lower,0,0,0,0
2468,4,upper,0,0,0,0
2468,4,lower,0,0,0,0
2468,5,upper,0,0,0,0
2468,5,lower,0,0,0,0
2468,6,upper,0,0,0,0
2468,6,lower,0,0,0,0
2468,7,upper,0,0,0,0
2468,7,lower,0,0,0,0
2468,8,upper,0,0,0,0
2468,8,lower,0,0,0,0
2469,1,upper,0,0,0,0
2469,1,lower,0,0,0,0
2469,2,upper,0,0,0,0
2469,2,lower,0,0,0,0
2469,3,upper,0,0,0,0
2469,3,lower,0,0,0,0
2469,4,upper,0,0,0,0
2469,4,lower,0,0,0,0
2469,5,upper,0,0,0,0
2469,5,lower,0,0,0,0
2469,6,upper,0,0,0,0
2469,6,lower,0,0,0,0
2469,7,upper,0,0,0,0
2469,7,lower,0,0,0,0
2469,8,upper,0,0,0,0
2469,8,lower,0,0,0,0
2470,1,upper,0,0,0,0
2470,1,lower,0,0,0,0
2470,2,upper,0,0,0,0
2470,2,lower,0,0,0,0
2470,3,upper,0,0,0,0
2470,3,lower,0,0,0,0
2470,4,upper,0,0,0,0
2470,4,lower,0,0,0,0
2470,5,upper,0,0,0,0
2470,5,lower,0,0,0,0
2470,6,upper,0,0,0,0
2470,6,lower,0,0,0,0
2470,7,upper,0,0,0,0
2470,7,lower,0,0,0,0
2470,8,upper,0,0,0,0
2470,8,lower,0,0,0,0
2471,1,upper,0,0,0,0
2471,1,lower,0,0,0,0
2471,2,upper,0,0,0,0
2471,2,lower,0,0,0,0
2471,3,upper,0,0,0,0
2471,3,lower,0,0,0,0
2471,4,upper,0,0,0,0
2471,4,lower,0,0,0,0
2471,5,upper,0,0,0,0
2471,5,lower,0,0,0,0
2471,6,upper,0,0,0,0
2471,6,lower,0,0,0,0
2471,7,upper,0,0,0,0
2471,7,lower,0,0,0,0
2471,8,upper,0,0,0,0
2471,8,lower,0,0,0,0
2472,1,upper,0,0,0,0
2472,1,lower,0,0,0,0
2472,2,upper,0,0,0,0
2472,2,lower,0,0,0,0
2472,3,upper,0,0,0,0
2472,3,lower,0,0,0,0
2472,4,upper,0,0,0,0
2472,4,lower,0,0,0,0
2472,5,upper,0,0,0,0
2472,5,lower,0,0,0,0
2472,6,upper,0,0,0,0
2472,6,lower,0,0,0,0
2472,7,upper,0,0,0,0
2472,7,lower,0,0,0,0
2472,8,upper,0,0,0,0
2472,8,lower,0,0,0,0
2473,1,upper,0,0,0,0
2473,1,lower,0,0,0,0
2473,2,upper,0,0,0,0
2473,2,lower,0,0,0,0
2473,3,upper,0,0,0,0
2473,3,lower,0,0,0,0
2473,4,upper,0,0,0,0
2473,4,lower,0,0,0,0
2473,5,upper,0,0,0,0
2473,5,lower,0,0,0,0
2473,6,upper,0,0,0,0
2473,6,lower,0,0,0,0
2473,7,upper,0,0,0,0
2473,7,lower,0,0,0,0
2473,8,upper,0,0,0,0
2473,8,lower,0,0,0,0
2474,1,upper,0,0,0,0
2474,1,lower,0,0,0,0
2474,2,upper,0,0,0,0
2474,2,lower,0,0,0,0
2474,3,upper,0,0,0,0
2474,3,lower,0,0,0,0
2474,4,upper,0,0,0,0
2474,4,lower,0,0,0,0
2474,5,upper,0,0,0,0
2474,5,lower,0,0,0,0
2474,6,upper,0,0,0,0
2474,6,lower,0,0,0,0
2474,7,upper,0,0,0,0
2474,7,lower,0,0,0,0
2474,8,upper,0,0,0,0
2474,8,lower,0,0,0,0
2475,1,upper,0,0,0,0
2475,1,lower,0,0,0,0
2475,2,upper,0,0,0,0
2475,2,lower,0,0,0,0
2475,3,upper,0,0,0,0
2475,3,lower,0,0,0,0
2475,4,upper,0,0,0,0
2475,4,lower,0,0,0,0
2475,5,upper,0,0,0,0
2475,5,lower,0,0,0,0
2475,6,upper,0,0,0,0
2475,6,lower,0,0,0,0
2475,7,upper,0,0,0,0
2475,7,lower,0,0,0,0
2475,8,upper,0,0,0,0
2475,8,lower,0,0,0,0
2476,1,upper,0,0,0,0
2476,1,lower,0,0,0,0
2476,2,upper,0,0,0,0
2476,2,lower,0,0,0,0
2476,3,upper,0,0,0,0
2476,3,lower,0,0,0,0
2476,4,upper,0,0,0,0
2476,4,lower,0,0,0,0
2476,5,upper,0,0,0,0
2476,5,lower,0,0,0,0
2476,6,upper,0,0,0,0
2476,6,lower,0,0,0,0
2476,7,upper,0,0,0,0
2476,7,lower,0,0,0,0
2476,8,upper,0,0,0,0
2476,8,lower,0,0,0,0
2477,1,upper,0,0,0,0
2477,1,lower,0,0,0,0
2477,2,upper,0,0,0,0
2477,2,lower,0,0,0,0
2477,3,upper,0,0,0,0
2477,3,lower,0,0,0,0
2477,4,upper,0,0,0,0
2477,4,lower,0,0,0,0
2477,5,upper,0,0,0,0
2477,5,lower,0,0,0,0
2477,6,upper,0,0,0,0
2477,6,lower,0,0,0,0
2477,7,upper,0,0,0,0
2477,7,lower,0,0,0,0
2477,8,upper,0,0,0,0
2477,8,lower,0,0,0,0
2478,1,upper,0,0,0,0
2478,1,lower,0,0,0,0
2478,2,upper,0,0,0,0
2478,2,lower,0,0,0,0
2478,3,upper,0,0,0,0
2478,3,lower,0,0,0,0
2478,4,upper,0,0,0,0
2478,4,lower,0,0,0,0
2478,5,upper,0,0,0,0
2478,5,lower,0,0,0,0
2478,6,upper,0,0,0,0
2478,6,lower,0,0,0,0
2478,7,upper,0,0,0,0
2478,7,lower,0,0,0,0
2478,8,upper,0,0,0,0
2478,8,lower,0,0,0,0
2479,1,upper,0,0,0,0
2479,1,lower,0,0,0,0
2479,2,upper,0,0,0,0
2479,2,lower,0,0,0,0
2479,3,upper,0,0,0,0
2479,3,lower,0,0,0,0
2479,4,upper,0,0,0,0
2479,4,lower,0,0,0,0
2479,5,upper,0,0,0,0
2479,5,lower,0,0,0,0
2479,6,upper,0,0,0,0
2479,6,lower,0,0,0,0
2479,7,upper,0,0,0,0
2479,7,lower,0,0,0,0
2479,8,upper,0,0,0,0
2479,8,lower,0,0,0,0
2480,1,upper,0,0,0,0
2480,1,lower,0,0,0,0
2480,2,upper,0,0,0,0
2480,2,lower,0,0,0,0
2480,3,upper,0,0,0,0
2480,3,lower,0,0,0,0
2480,4,upper,0,0,0,0
2480,4,lower,0,0,0,0
2480,5,upper,0,0,0,0
2480,5,lower,0,0,0,0
2480,6,upper,0,0,0,0
2480,6,lower,0,0,0,0
2480,7,upper,0,0,0,0
2480,7,lower,0,0,0,0
2480,8,upper,0,0,0,0
2480,8,lower,0,0,0,0
2481,1,upper,0,0,0,0
2481,1,lower,0,0,0,0
2481,2,upper,0,0,0,0
2481,2,lower,0,0,0,0
2481,3,upper,0,0,0,0
2481,3,lower,0,0,0,0
2481,4,upper,0,0,0,0
2481,4,lower,0,0,0,0
2481,5,upper,0,0,0,0
2481,5,lower,0,0,0,0
2481,6,upper,0,0,0,0
2481,6,lower,0,0,0,0
2481,7,upper,0,0,0,0
2481,7,lower,0,0,0,0
2481,8,upper,0,0,0,0
2481,8,lower,0,0,0,0
2482,1,upper,0,0,0,0
2482,1,lower,0,0,0,0
2482,2,upper,0,0,0,0
2482,2,lower,0,0,0,0
2482,3,upper,0,0,0,0
2482,3,lower,0,0,0,0
2482,4,upper,0,0,0,0
2482,4,lower,0,0,0,0
2482,5,upper,0,0,0,0
2482,5,lower,0,0,0,0
2482,6,upper,0,0,0,0
2482,6,lower,0,0,0,0
2482,7,upper,0,0,0,0
2482,7,lower,0,0,0,0
2482,8,upper,0,0,0,0
2482,8,lower,0,0,0,0
2483,1,upper,0,0,0,0
2483,1,lower,0,0,0,0
2483,2,upper,0,0,0,0
2483,2,lower,0,0,0,0
2483,3,upper,0,0,0,0
2483,3,lower,0,0,0,0
2483,4,upper,0,0,0,0
2483,4,lower,0,0,0,0
2483,5,upper,0,0,0,0
2483,5,lower,0,0,0,0
2483,6,upper,0,0,0,0
2483,6,lower,0,0,0,0
2483,7,upper,0,0,0,0
2483,7,lower,0,0,0,0
2483,8,upper,0,0,0,0
2483,8,lower,0,0,0,0
2484,1,upper,0,0,0,0
2484,1,lower,0,0,0,0
2484,2,upper,0,0,0,0
2484,2,lower,0,0,0,0
2484,3,upper,0,0,0,0
2484,3,lower,0,0,0,0
2484,4,upper,0,0,0,0
2484,4,lower,0,0,0,0
2484,5,upper,0,0,0,0
2484,5,lower,0,0,0,0
2484,6,upper,0,0,0,0
2484,6,lower,0,0,0,0
2484,7,upper,0,0,0,0
2484,7,lower,0,0,0,0
2484,8,upper,0,0,0,0
2484,8,lower,0,0,0,0
2485,1,upper,0,0,0,0
2485,1,lower,0,0,0,0
2485,2,upper,0,0,0,0
2485,2,lower,0,0,0,0
2485,3,upper,0,0,0,0
2485,3,lower,0,0,0,0
2485,4,upper,0,0,0,0
2485,4,lower,0,0,0,0
2485,5,upper,0,0,0,0
2485,5,lower,0,0,0,0
2485,6,upper,0,0,0,0
2485,6,lower,0,0,0,0
2485,7,upper,0,0,0,0
2485,7,lower,0,0,0,0
2485,8,upper,0,0,0,0
2485,8,lower,0,0,0,0
2486,1,upper,0,0,0,0
2486,1,lower,0,0,0,0
2486,2,upper,0,0,0,0
2486,2,lower,0,0,0,0
2486,3,upper,0,0,0,0
2486,3,lower,0,0,0,0
2486,4,upper,0,0,0,0
2486,4,lower,0,0,0,0
2486,5,upper,0,0,0,0
2486,5,lower,0,0,0,0
2486,6,upper,0,0,0,0
2486,6,lower,0,0,0,0
2486,7,upper,0,0,0,0
2486,7,lower,0,0,0,0
2486,8,upper,0,0,0,0
2486,8,lower,0,0,0,0
2487,1,upper,0,0,0,0
2487,1,lower,0,0,0,0
2487,2,upper,0,0,0,0
2487,2,lower,0,0,0,0
2487,3,upper,0,0,0,0
2487,3,lower,0,0,0,0
2487,4,upper,0,0,0,0
2487,4,lower,0,0,0,0
2487,5,upper,0,0,0,0
2487,5,lower,0,0,0,0
2487,6,upper,0,0,0,0
2487,6,lower,0,0,0,0
2487,7,upper,0,0,0,0
2487,7,lower,0,0,0,0
2487,8,upper,0,0,0,0
2487,8,lower,0,0,0,0
2488,1,upper,0,0,0,0
2488,1,lower,0,0,0,0
2488,2,upper,0,0,0,0
2488,2,lower,0,0,0,0
2488,3,upper,0,0,0,0
2488,3,lower,0,0,0,0
2488,4,upper,0,0,0,0
2488,4,lower,0,0,0,0
2488,5,upper,0,0,0,0
2488,5,lower,0,0,0,0
2488,6,upper,0,0,0,0
2488,6,lower,0,0,0,0
2488,7,upper,0,0,0,0
2488,7,lower,0,0,0,0
2488,8,upper,0,0,0,0
2488,8,lower,0,0,0,0
2489,1,upper,0,0,0,0
2489,1,lower,0,0,0,0
2489,2,upper,0,0,0,0
2489,2,lower,0,0,0,0
2489,3,upper,0,0,0,0
2489,3,lower,0,0,0,0
2489,4,upper,0,0,0,0
2489,4,lower,0,0,0,0
2489,5,upper,0,0,0,0
2489,5,lower,0,0,0,0
2489,6,upper,0,0,0,0
2489,6,lower,0,0,0,0
2489,7,upper,0,0,0,0
2489,7,lower,0,0,0,0
2489,8,upper,0,0,0,0
2489,8,lower,0,0,0,0
2490,1,upper,0,0,0,0
2490,1,lower,0,0,0,0
2490,2,upper,0,0,0,0
2490,2,lower,0,0,0,0
2490,3,upper,0,0,0,0
2490,3,lower,0,0,0,0
2490,4,upper,0,0,0,0
2490,4,lower,0,0,0,0
2490,5,upper,0,0,0,0
2490,5,lower,0,0,0,0
2490,6,upper,0,0,0,0
2490,6,lower,0,0,0,0
2490,7,upper,0,0,0,0
2490,7,lower,0,0,0,0
2490,8,upper,0,0,0,0
2490,8,lower,0,0,0,0
2491,1,upper,0,0,0,0
2491,1,lower,0,0,0,0
2491,2,upper,0,0,0,0
2491,2,lower,0,0,0,0
2491,3,upper,0,0,0,0
2491,3,lower,0,0,0,0
2491,4,upper,0,0,0,0
2491,4,lower,0,0,0,0
2491,5,upper,0,0,0,0
2491,5,lower,0,0,0,0
2491,6,upper,0,0,0,0
2491,6,lower,0,0,0,0
2491,7,upper,0,0,0,0
2491,7,lower,0,0,0,0
2491,8,upper,0,0,0,0
2491,8,lower,0,0,0,0
2492,1,upper,0,0,0,0
2492,1,lower,0,0,0,0
2492,2,upper,0,0,0,0
2492,2,lower,0,0,0,0
2492,3,upper,0,0,0,0
2492,3,lower,0,0,0,0
2492,4,upper,0,0,0,0
2492,4,lower,0,0,0,0
2492,5,upper,0,0,0,0
2492,5,lower,0,0,0,0
2492,6,upper,0,0,0,0
2492,6,lower,0,0,0,0
2492,7,upper,0,0,0,0
2492,7,lower,0,0,0,0
2492,8,upper,0,0,0,0
2492,8,lower,0,0,0,0
2493,1,upper,0,0,0,0
2493,1,lower,0,0,0,0
2493,2,upper,0,0,0,0
2493,2,lower,0,0,0,0
2493,3,upper,0,0,0,0
2493,3,lower,0,0,0,0
2493,4,upper,0,0,0,0
2493,4,lower,0,0,0,0
2493,5,upper,0,0,0,0
2493,5,lower,0,0,0,0
2493,6,upper,0,0,0,0
2493,6,lower,0,0,0,0
2493,7,upper,0,0,0,0
2493,7,lower,0,0,0,0
2493,8,upper,0,0,0,0
2493,8,lower,0,0,0,0
2494,1,upper,0,0,0,0
2494,1,lower,0,0,0,0
2494,2,upper,0,0,0,0
2494,2,lower,0,0,0,0
2494,3,upper,0,0,0,0
2494,3,lower,0,0,0,0
2494,4,upper,0,0,0,0
2494,4,lower,0,0,0,0
2494,5,upper,0,0,0,0
2494,5,lower,0,0,0,0
2494,6,upper,0,0,0,0
2494,6,lower,0,0,0,0
2494,7,upper,0,0,0,0
2494,7,lower,0,0,0,0
2494,8,upper,0,0,0,0
2494,8,lower,0,0,0,0
2495,1,upper,0,0,0,0
2495,1,lower,0,0,0,0
2495,2,upper,0,0,0,0
2495,2,lower,0,0,0,0
2495,3,upper,0,0,0,0
2495,3,lower,0,0,0,0
2495,4,upper,0,0,0,0
2495,4,lower,0,0,0,0
2495,5,upper,0,0,0,0
2495,5,lower,0,0,0,0
2495,6,upper,0,0,0,0
2495,6,lower,0,0,0,0
2495,7,upper,0,0,0,0
2495,7,lower,0,0,0,0
2495,8,upper,0,0,0,0
2495,8,lower,0,0,0,0
2496,1,upper,0,0,0,0
2496,1,lower,0,0,0,0
2496,2,upper,0,0,0,0
2496,2,lower,0,0,0,0
2496,3,upper,0,0,0,0
2496,3,lower,0,0,0,0
2496,4,upper,0,0,0,0
2496,4,lower,0,0,0,0
2496,5,upper,0,0,0,0
2496,5,lower,0,0,0,0
2496,6,upper,0,0,0,0
2496,6,lower,0,0,0,0
2496,7,upper,0,0,0,0
2496,7,lower,0,0,0,0
2496,8,upper,0,0,0,0
2496,8,lower,0,0,0,0
2497,1,upper,0,0,0,0
2497,1,lower,0,0,0,0
2497,2,upper,0,0,0,0
2497,2,lower,0,0,0,0
2497,3,upper,0,0,0,0
2497,3,lower,0,0,0,0
2497,4,upper,0,0,0,0
2497,4,lower,0,0,0,0
2497,5,upper,0,0,0,0
2497,5,lower,0,0,0,0
2497,6,upper,0,0,0,0
2497,6,lower,0,0,0,0
2497,7,upper,0,0,0,0
2497,7,lower,0,0,0,0
2497,8,upper,0,0,0,0
2497,8,lower,0,0,0,0
2498,1,upper,0,0,0,0
2498,1,lower,0,0,0,0
2498,2,upper,0,0,0,0
2498,2,lower,0,0,0,0
2498,3,upper,0,0,0,0
2498,3,lower,0,0,0,0
2498,4,upper,0,0,0,0
2498,4,lower,0,0,0,0
2498,5,upper,0,0,0,0
2498,5,lower,0,0,0,0
2498,6,upper,0,0,0,0
2498,6,lower,0,0,0,0
2498,7,upper,0,0,0,0
2498,7,lower,0,0,0,0
2498,8,upper,0,0,0,0
2498,8,lower,0,0,0,0
2499,1,upper,0,0,0,0
2499,1,lower,0,0,0,0
2499,2,upper,0,0,0,0
2499,2,lower,0,0,0,0
2499,3,upper,0,0,0,0
2499,3,lower,0,0,0,0
2499,4,upper,0,0,0,0
2499,4,lower,0,0,0,0
2499,5,upper,0,0,0,0
2499,5,lower,0,0,0,0
2499,6,upper,0,0,0,0
2499,6,lower,0,0,0,0
2499,7,upper,0,0,0,0
2499,7,lower,0,0,0,0
2499,8,upper,0,0,0,0
2499,8,lower,0,0,0,0
2500,1,upper,0,0,0,0
2500,1,lower,0,0,0,0
2500,2,upper,0,0,0,0
2500,2,lower,0,0,0,0
2500,3,upper,0,0,0,0
2500,3,lower,0,0,0,0
2500,4,upper,0,0,0,0
2500,4,lower,0,0,0,0
2500,5,upper,0,0,0,0
2500,5,lower,0,0,0,0
2500,6,upper,0,0,0,0
2500,6,lower,0,0,0,0
2500,7,upper,0,0,0,0
2500,7,lower,0,0,0,0
2500,8,upper,0,0,0,0
2500,8,lower,0,0,0,0
2501,1,upper,0,0,0,0
2501,1,lower,0,0,0,0
2501,2,upper,0,0,0,0
2501,2,lower,0,0,0,0
2501,3,upper,0,0,0,0
2501,3,lower,0,0,0,0
2501,4,upper,0,0,0,0
2501,4,lower,0,0,0,0
2501,5,upper,0,0,0,0
2501,5,lower,0,0,0,0
2501,6,upper,0,0,0,0
2501,6,lower,0,0,0,0
2501,7,upper,0,0,0,0
2501,7,lower,0,0,0,0
2501,8,upper,0,0,0,0
2501,8,lower,0,0,0,0
2502,1,upper,0,0,0,0
2502,1,lower,0,0,0,0
2502,2,upper,0,0,0,0
2502,2,lower,0,0,0,0
2502,3,upper,0,0,0,0
2502,3,lower,0,0,0,0
2502,4,upper,0,0,0,0
2502,4,lower,0,0,0,0
2502,5,upper,0,0,0,0
2502,5,lower,0,0,0,0
2502,6,upper,0,0,0,0
2502,6,lower,0,0,0,0
2502,7,upper,0,0,0,0
2502,7,lower,0,0,0,0
2502,8,upper,0,0,0,0
2502,8,lower,0,0,0,0
2503,1,upper,0,0,0,0
2503,1,lower,0,0,0,0
2503,2,upper,0,0,0,0
2503,2,lower,0,0,0,0
2503,3,upper,0,0,0,0
2503,3,lower,0,0,0,0
2503,4,upper,0,0,0,0
2503,4,lower,0,0,0,0
2503,5,upper,0,0,0,0
2503,5,lower,0,0,0,0
2503,6,upper,0,0,0,0
2503,6,lower,0,0,0,0
2503,7,upper,0,0,0,0
2503,7,lower,0,0,0,0
2503,8,upper,0,0,0,0
2503,8,lower,0,0,0,0
2504,1,upper,0,0,0,0
2504,1,lower,0,0,0,0
2504,2,upper,0,0,0,0
2504,2,lower,0,0,0,0
2504,3,upper,0,0,0,0
2504,3,lower,0,0,0,0
2504,4,upper,0,0,0,0
2504,4,lower,0,0,0,0
2504,5,upper,0,0,0,0
2504,5,lower,0,0,0,0
2504,6,upper,0,0,0,0
2504,6,lower,0,0,0,0
2504,7,upper,0,0,0,0
2504,7,lower,0,0,0,0
2504,8,upper,0,0,0,0
2504,8,lower,0,0,0,0
2505,1,upper,0,0,0,0
2505,1,lower,0,0,0,0
2505,2,upper,0,0,0,0
2505,2,lower,0,0,0,0
2505,3,upper,0,0,0,0
2505,3,lower,0,0,0,0
2505,4,upper,0,0,0,0
2505,4,lower,0,0,0,0
2505,5,upper,0,0,0,0
2505,5,lower,0,0,0,0
2505,6,upper,0,0,0,0
2505,6,lower,0,0,0,0
2505,7,upper,0,0,0,0
2505,7,lower,0,0,0,0
2505,8,upper,0,0,0,0
2505,8,lower,0,0,0,0
2506,1,upper,0,0,0,0
2506,1,lower,0,0,0,0
2506,2,upper,0,0,0,0
2506,2,lower,0,0,0,0
2506,3,upper,0,0,0,0
2506,3,lower,0,0,0,0
2506,4,upper,0,0,0,0
2506,4,lower,0,0,0,0
2506,5,upper,0,0,0,0
2506,5,lower,0,0,0,0
2506,6,upper,0,0,0,0
2506,6,lower,0,0,0,0
2506,7,upper,0,0,0,0
2506,7,lower,0,0,0,0
2506,8,upper,0,0,0,0
2506,8,lower,0,0,0,0
2507,1,upper,0,0,0,0
2507,1,lower,0,0,0,0
2507,2,upper,0,0,0,0
2507,2,lower,0,0,0,0
2507,3,upper,0,0,0,0
2507,3,lower,0,0,0,0
2507,4,upper,0,0,0,0
2507,4,lower,0,0,0,0
2507,5,upper,0,0,0,0
2507,5,lower,0,0,0,0
2507,6,upper,0,0,0,0
2507,6,lower,0,0,0,0
2507,7,upper,0,0,0,0
2507,7,lower,0,0,0,0
2507,8,upper,0,0,0,0
2507,8,lower,0,0,0,0
2508,1,upper,0,0,0,0
2508,1,lower,0,0,0,0
2508,2,upper,0,0,0,0
2508,2,lower,0,0,0,0
2508,3,upper,0,0,0,0
2508,3,lower,0,0,0,0
2508,4,upper,0,0,0,0
2508,4,lower,0,0,0,0
2508,5,upper,0,0,0,0
2508,5,lower,0,0,0,0
2508,6,upper,0,0,0,0
2508,6,lower,0,0,0,0
2508,7,upper,0,0,0,0
2508,7,lower,0,0,0,0
2508,8,upper,0,0,0,0
2508,8,lower,0,0,0,0
2509,1,upper,0,0,0,0
2509,1,lower,0,0,0,0
2509,2,upper,0,0,0,0
2509,2,lower,0,0,0,0
2509,3,upper,0,0,0,0
2509,3,lower,0,0,0,0
2509,4,upper,0,0,0,0
2509,4,lower,0,0,0,0
2509,5,upper,0,0,0,0
2509,5,lower,0,0,0,0
2509,6,upper,0,0,0,0
2509,6,lower,0,0,0,0
2509,7,upper,0,0,0,0
2509,7,lower,0,0,0,0
2509,8,upper,0,0,0,0
2509,8,lower,0,0,0,0
2510,1,upper,0,0,0,0
2510,1,lower,0,0,0,0
2510,2,upper,0,0,0,0
2510,2,lower,0,0,0,0
2510,3,upper,0,0,0,0
2510,3,lower,0,0,0,0
2510,4,upper,0,0,0,0
2510,4,lower,0,0,0,0
2510,5,upper,0,0,0,0
2510,5,lower,0,0,0,0
2510,6,upper,0,0,0,0
2510,6,lower,0,0,0,0
2510,7,upper,0,0,0,0
2510,7,lower,0,0,0,0
2510,8,upper,0,0,0,0
2510,8,lower,0,0,0,0
2511,1,upper,0,0,0,0
2511,1,lower,0,0,0,0
2511,2,upper,0,0,0,0
2511,2,lower,0,0,0,0
2511,3,upper,0,0,0,0
2511,3,lower,0,0,0,0
2511,4,upper,0,0,0,0
2511,4,lower,0,0,0,0
2511,5,upper,0,0,0,0
2511,5,lower,0,0,0,0
2511,6,upper,0,0,0,0
2511,6,lower,0,0,0,0
2511,7,upper,0,0,0,0
2511,7,lower,0,0,0,0
2511,8,upper,0,0,0,0
2511,8,lower,0,0,0,0
2512,1,upper,0,0,0,0
2512,1,lower,0,0,0,0
2512,2,upper,0,0,0,0
2512,2,lower,0,0,0,0
2512,3,upper,0,0,0,0
2512,3,lower,0,0,0,0
2512,4,upper,0,0,0,0
2512,4,lower,0,0,0,0
2512,5,upper,0,0,0,0
2512,5,lower,0,0,0,0
2512,6,upper,0,0,0,0
2512,6,lower,0,0,0,0
2512,7,upper,0,0,0,0
2512,7,lower,0,0,0,0
2512,8,upper,0,0,0,0
2512,8,lower,0,0,0,0
2513,1,upper,0,0,0,0
2513,1,lower,0,0,0,0
2513,2,upper,0,0,0,0
2513,2,lower,0,0,0,0
2513,3,upper,0,0,0,0
2513,3,lower,0,0,0,0
2513,4,upper,0,0,0,0
2513,4,lower,0,0,0,0
2513,5,upper,0,0,0,0
2513,5,lower,0,0,0,0
2513,6,upper,0,0,0,0
2513,6,lower,0,0,0,0
2513,7,upper,0,0,0,0
2513,7,lower,0,0,0,0
2513,8,upper,0,0,0,0
2513,8,lower,0,0,0,0
2514,1,upper,0,0,0,0
2514,1,lower,0,0,0,0
2514,2,upper,0,0,0,0
2514,2,lower,0,0,0,0
2514,3,upper,0,0,0,0
2514,3,lower,0,0,0,0
2514,4,upper,0,0,0,0
2514,4,lower,0,0,0,0
2514,5,upper,0,0,0,0
2514,5,lower,0,0,0,0
2514,6,upper,0,0,0,0
2514,6,lower,0,0,0,0
2514,7,upper,0,0,0,0
2514,7,lower,0,0,0,0
2514,8,upper,0,0,0,0
2514,8,lower,0,0,0,0
2515,1,upper,0,0,0,0
2515,1,lower,0,0,0,0
2515,2,upper,0,0,0,0
2515,2,lower,0,0,0,0
2515,3,upper,0,0,0,0
2515,3,lower,0,0,0,0
2515,4,upper,0,0,0,0
2515,4,lower,0,0,0,0
2515,5,upper,0,0,0,0
2515,5,lower,0,0,0,0
2515,6,upper,0,0,0,0
2515,6,lower,0,0,0,0
2515,7,upper,0,0,0,0
2515,7,lower,0,0,0,0
2515,8,upper,0,0,0,0
2515,8,lower,0,0,0,0
2516,1,upper,0,0,0,0
2516,1,lower,0,0,0,0
2516,2,upper,0,0,0,0
2516,2,lower,0,0,0,0
2516,3,upper,0,0,0,0
2516,3,lower,0,0,0,0
2516,4,upper,0,0,0,0
2516,4,lower,0,0,0,0
2516,5,upper,0,0,0,0
2516,5,lower,0,0,0,0
2516,6,upper,0,0,0,0
2516,6,lower,0,0,0,0
2516,7,upper,0,0,0,0
2516,7,lower,0,0,0,0
2516,8,upper,0,0,0,0
2516,8,lower,0,0,0,0
2517,1,upper,0,0,0,0
2517,1,lower,0,0,0,0
2517,2,upper,0,0,0,0
2517,2,lower,0,0,0,0
2517,3,upper,0,0,0,0
2517,3,lower,0,0,0,0
2517,4,upper,0,0,0,0
2517,4,lower,0,0,0,0
2517,5,upper,0,0,0,0
2517,5,lower,0,0,0,0
2517,6,upper,0,0,0,0
2517,6,lower,0,0,0,0
2517,7,upper,0,0,0,0
2517,7,lower,0,0,0,0
2517,8,upper,0,0,0,0
2517,8,lower,0,0,0,0
2518,1,upper,0,0,0,0
2518,1,lower,0,0,0,0
2518,2,upper,0,0,0,0
2518,2,lower,0,0,0,0
2518,3,upper,0,0,0,0
2518,3,lower,0,0,0,0
2518,4,upper,0,0,0,0
2518,4,lower,0,0,0,0
2518,5,upper,0,0,0,0
2518,5,lower,0,0,0,0
2518,6,upper,0,0,0,0
2518,6,lower,0,0,0,0
2518,7,upper,0,0,0,0
2518,7,lower,0,0,0,0
2518,8,upper,0,0,0,0
2518,8,lower,0,0,0,0
2519,1,upper,0,0,0,0
2519,1,lower,0,0,0,0
2519,2,upper,0,0,0,0
2519,2,lower,0,0,0,0
2519,3,upper,0,0,0,0
2519,3,lower,0,0,0,0
2519,4,upper,0,0,0,0
2519,4,lower,0,0,0,0
2519,5,upper,0,0,0,0
2519,5,lower,0,0,0,0
2519,6,upper,0,0,0,0
2519,6,lower,0,0,0,0
2519,7,upper,0,0,0,0
2519,7,lower,0,0,0,0
2519,8,upper,0,0,0,0
2519,8,lower,0,0,0,0
2520,1,upper,0,0,0,0
2520,1,lower,0,0,0,0
2520,2,upper,0,0,0,0
2520,2,lower,0,0,0,0
2520,3,upper,0,0,0,0
2520,3,lower,0,0,0,0
2520,4,upper,0,0,0,0
2520,4,lower,0,0,0,0
2520,5,upper,0,0,0,0
2520,5,lower,0,0,0,0
2520,6,upper,0,0,0,0
2520,6,lower,0,0,0,0
2520,7,upper,0,0,0,0
2520,7,lower,0,0,0,0
2520,8,upper,0,0,0,0
2520,8,lower,0,0,0,0
2521,1,upper,0,0,0,0
2521,1,lower,0,0,0,0
2521,2,upper,0,0,0,0
2521,2,lower,0,0,0,0
2521,3,upper,0,0,0,0
2521,3,lower,0,0,0,0
2521,4,upper,0,0,0,0
2521,4,lower,0,0,0,0
2521,5,upper,0,0,0,0
2521,5,lower,0,0,0,0
2521,6,upper,0,0,0,0
2521,6,lower,0,0,0,0
2521,7,upper,0,0,0,0
2521,7,lower,0,0,0,0
2521,8,upper,0,0,0,0
2521,8,lower,0,0,0,0
2522,1,upper,0,0,0,0
2522,1,lower,0,0,0,0
2522,2,upper,0,0,0,0
2522,2,lower,0,0,0,0
2522,3,upper,0,0,0,0
2522,3,lower,0,0,0,0
2522,4,upper,0,0,0,0
2522,4,lower,0,0,0,0
2522,5,upper,0,0,0,0
2522,5,lower,0,0,0,0
2522,6,upper,0,0,0,0
2522,6,lower,0,0,0,0
2522,7,upper,0,0,0,0
2522,7,lower,0,0,0,0
2522,8,upper,0,0,0,0
2522,8,lower,0,0,0,0
2523,1,upper,0,0,0,0
2523,1,lower,0,0,0,0
2523,2,upper,0,0,0,0
2523,2,lower,0,0,0,0
2523,3,upper,0,0,0,0
2523,3,lower,0,0,0,0
2523,4,upper,0,0,0,0
2523,4,lower,0,0,0,0
2523,5,upper,0,0,0,0
2523,5,lower,0,0,0,0
2523,6,upper,0,0,0,0
2523,6,lower,0,0,0,0
2523,7,upper,0,0,0,0
2523,7,lower,0,0,0,0
2523,8,upper,0,0,0,0
2523,8,lower,0,0,0,0
2524,1,upper,0,0,0,0
2524,1,lower,0,0,0,0
2524,2,upper,0,0,0,0
2524,2,lower,0,0,0,0
2524,3,upper,0,0,0,0
2524,3,lower,0,0,0,0
2524,4,upper,0,0,0,0
2524,4,lower,0,0,0,0
2524,5,upper,0,0,0,0
2524,5,lower,0,0,0,0
2524,6,upper,0,0,0,0
2524,6,lower,0,0,0,0
2524,7,upper,0,0,0,0
2524,7,lower,0,0,0,0
2524,8,upper,0,0,0,0
2524,8,lower,0,0,0,0
2525,1,upper,0,0,0,0
2525,1,lower,0,0,0,0
2525,2,upper,0,0,0,0
2525,2,lower,0,0,0,0
2525,3,upper,0,0,0,0
2525,3,lower,0,0,0,0
2525,4,upper,0,0,0,0
2525,4,lower,0,0,0,0
2525,5,upper,0,0,0,0
2525,5,lower,0,0,0,0
2525,6,upper,0,0,0,0
2525,6,lower,0,0,0,0
2525,7,upper,0,0,0,0
2525,7,lower,0,0,0,0
2525,8,upper,0,0,0,0
2525,8,lower,0,0,0,0
2526,1,upper,0,0,0,0
2526,1,lower,0,0,0,0
2526,2,upper,0,0,0,0
2526,2,lower,0,0,0,0
2526,3,upper,0,0,0,0
2526,3,lower,0,0,0,0
2526,4,upper,0,0,0,0
2526,4,lower,0,0,0,0
2526,5,upper,0,0,0,0
2526,5,lower,0,0,0,0
2526,6,upper,0,0,0,0
2526,6,lower,0,0,0,0
2526,7,upper,0,0,0,0
2526,7,lower,0,0,0,0
2526,8,upper,0,0,0,0
2526,8,lower,0,0,0,0
2527,1,upper,0,0,0,0
2527,1,lower,0,0,0,0
2527,2,upper,0,0,0,0
2527,2,lower,0,0,0,0
2527,3,upper,0,0,0,0
2527,3,lower,0,0,0,0
2527,4,upper,0,0,0,0
2527,4,lower,0,0,0,0
2527,5,upper,0,0,0,0
2527,5,lower,0,0,0,0
2527,6,upper,0,0,0,0
2527,6,lower,0,0,0,0
2527,7,upper,0,0,0,0
2527,7,lower,0,0,0,0
2527,8,upper,0,0,0,0
2527,8,lower,0,0,0,0
2528,1,upper,0,0,0,0
2528,1,lower,0,0,0,0
2528,2,upper,0,0,0,0
2528,2,lower,0,0,0,0
2528,3,upper,0,0,0,0
2528,3,lower,0,0,0,0
2528,4,upper,0,0,0,0
2528,4,lower,0,0,0,0
2528,5,upper,0,0,0,0
2528,5,lower,0,0,0,0
2528,6,upper,0,0,0,0
2528,6,lower,0,0,0,0
2528,7,upper,0,0,0,0
2528,7,lower,0,0,0,0
2528,8,upper,0,0,0,0
2528,8,lower,0,0,0,0
2529,1,upper,0,0,0,0
2529,1,lower,0,0,0,0
2529,2,upper,0,0,0,0
2529,2,lower,0,0,0,0
2529,3,upper,0,0,0,0
2529,3,lower,0,0,0,0
2529,4,upper,0,0,0,0
2529,4,lower,0,0,0,0
2529,5,upper,0,0,0,0
2529,5,lower,0,0,0,0
2529,6,upper,0,0,0,0
2529,6,lower,0,0,0,0
2529,7,upper,0,0,0,0
2529,7,lower,0,0,0,0
2529,8,upper,0,0,0,0
2529,8,lower,0,0,0,0
2530,1,upper,0,0,0,0
2530,1,lower,0,0,0,0
2530,2,upper,0,0,0,0
2530,2,lower,0,0,0,0
2530,3,upper,0,0,0,0
2530,3,lower,0,0,0,0
2530,4,upper,0,0,0,0
2530,4,lower,0,0,0,0
2530,5,upper,0,0,0,0
2530,5,lower,0,0,0,0
2530,6,upper,0,0,0,0
2530,6,lower,0,0,0,0
2530,7,upper,0,0,0,0
2530,7,lower,0,0,0,0
2530,8,upper,0,0,0,0
2530,8,lower,0,0,0,0
2531,1,upper,0,0,0,0
2531,1,lower,0,0,0,0
2531,2,upper,0,0,0,0
2531,2,lower,0,0,0,0
2531,3,upper,0,0,0,0
2531,3,lower,0,0,0,0
2531,4,upper,0,0,0,0
2531,4,lower,0,0,0,0
2531,5,upper,0,0,0,0
2531,5,lower,0,0,0,0
2531,6,upper,0,0,0,0
2531,6,lower,0,0,0,0
2531,7,upper,0,0,0,0
2531,7,lower,0,0,0,0
2531,8,upper,0,0,0,0
2531,8,lower,0,0,0,0
2532,1,upper,0,0,0,0
2532,1,lower,0,0,0,0
2532,2,upper,0,0,0,0
2532,2,lower,0,0,0,0
2532,3,upper,0,0,0,0
2532,3,lower,0,0,0,0
2532,4,upper,0,0,0,0
2532,4,lower,0,0,0,0
2532,5,upper,0,0,0,0
2532,5,lower,0,0,0,0
2532,6,upper,0,0,0,0
2532,6,lower,0,0,0,0
2532,7,upper,0,0,0,0
2532,7,lower,0,0,0,0
2532,8,upper,0,0,0,0
2532,8,lower,0,0,0,0
2533,1,upper,0,0,0,0
2533,1,lower,0,0,0,0
2533,2,upper,0,0,0,0
2533,2,lower,0,0,0,0
2533,3,upper,0,0,0,0
2533,3,lower,0,0,0,0
2533,4,upper,0,0,0,0
2533,4,lower,0,0,0,0
2533,5,upper,0,0,0,0
2533,5,lower,0,0,0,0
2533,6,upper,0,0,0,0
2533,6,lower,0,0,0,0
2533,7,upper,0,0,0,0
2533,7,lower,0,0,0,0
2533,8,upper,0,0,0,0
2533,8,lower,0,0,0,0
2534,1,upper,0,0,0,0
2534,1,lower,0,0,0,0
2534,2,upper,0,0,0,0
2534,2,lower,0,0,0,0
2534,3,upper,0,0,0,0
2534,3,lower,0,0,0,0
2534,4,upper,0,0,0,0
2534,4,lower,0,0,0,0
2534,5,upper,0,0,0,0
2534,5,lower,0,0,0,0
2534,6,upper,0,0,0,0
2534,6,lower,0,0,0,0
2534,7,upper,0,0,0,0
2534,7,lower,0,0,0,0
2534,8,upper,0,0,0,0
2534,8,lower,0,0,0,0
2535,1,upper,0,0,0,0
2535,1,lower,0,0,0,0
2535,2,upper,0,0,0,0
2535,2,lower,0,0,0,0
2535,3,upper,0,0,0,0
2535,3,lower,0,0,0,0
2535,4,upper,0,0,0,0
2535,4,lower,0,0,0,0
2535,5,upper,0,0,0,0
2535,5,lower,0,0,0,0
2535,6,upper,0,0,0,0
2535,6,lower,0,0,0,0
2535,7,upper,0,0,0,0
2535,7,lower,0,0,0,0
2535,8,upper,0,0,0,0
2535,8,lower,0,0,0,0
2536,1,upper,0,0,0,0
2536,1,lower,0,0,0,0
2536,2,upper,0,0,0,0
2536,2,lower,0,0,0,0
2536,3,upper,0,0,0,0
2536,3,lower,0,0,0,0
2536,4,upper,0,0,0,0
2536,4,lower,0,0,0,0
2536,5,upper,0,0,0,0
2536,5,lower,0,0,0,0
2536,6,upper,0,0,0,0
2536,6,lower,0,0,0,0
2536,7,upper,0,0,0,0
2536,7,lower,0,0,0,0
2536,8,upper,0,0,0,0
2536,8,lower,0,0,0,0
2537,1,upper,0,0,0,0
2537,1,lower,0,0,0,0
2537,2,upper,0,0,0,0
2537,2,lower,0,0,0,0
2537,3,upper,0,0,0,0
2537,3,lower,0,0,0,0
2537,4,upper,0,0,0,0
2537,4,lower,0,0,0,0
2537,5,upper,0,0,0,0
2537,5,lower,0,0,0,0
2537,6,upper,0,0,0,0
2537,6,lower,0,0,0,0
2537,7,upper,0,0,0,0
2537,7,lower,0,0,0,0
2537,8,upper,0,0,0,0
2537,8,lower,0,0,0,0
2538,1,upper,0,0,0,0
2538,1,lower,0,0,0,0
2538,2,upper,0,0,0,0
2538,2,lower,0,0,0,0
2538,3,upper,0,0,0,0
2538,3,lower,0,0,0,0
2538,4,upper,0,0,0,0
2538,4,lower,0,0,0,0
2538,5,upper,0,0,0,0
2538,5,lower,0,0,0,0
2538,6,upper,0,0,0,0
2538,6,lower,0,0,0,0
2538,7,upper,0,0,0,0
2538,7,lower,0,0,0,0
2538,8,upper,0,0,0,0
2538,8,lower,0,0,0,0
2539,1,upper,0,0,0,0
2539,1,lower,0,0,0,0
2539,2,upper,0,0,0,0
2539,2,lower,0,0,0,0
2539,3,upper,0,0,0,0
2539,3,lower,0,0,0,0
2539,4,upper,0,0,0,0
2539,4,lower,0,0,0,0
2539,5,upper,0,0,0,0
2539,5,lower,0,0,0,0
2539,6,upper,0,0,0,0
2539,6,lower,0,0,0,0
2539,7,upper,0,0,0,0
2539,7,lower,0,0,0,0
2539,8,upper,0,0,0,0
2539,8,lower,0,0,0,0
2540,1,upper,0,0,0,0
2540,1,lower,0,0,0,0
2540,2,upper,0,0,0,0
2540,2,lower,0,0,0,0
2540,3,upper,0,0,0,0
2540,3,lower,0,0,0,0
2540,4,upper,0,0,0,0
2540,4,lower,0,0,0,0
2540,5,upper,0,0,0,0
2540,5,lower,0,0,0,0
2540,6,upper,0,0,0,0
2540,6,lower,0,0,0,0
2540,7,upper,0,0,0,0
2540,7,lower,0,0,0,0
2540,8,upper,0,0,0,0
2540,8,lower,0,0,0,0
2541,1,upper,0,0,0,0
2541,1,lower,0,0,0,0
2541,2,upper,0,0,0,0
2541,2,lower,0,0,0,0
2541,3,upper,0,0,0,0
2541,3,lower,0,0,0,0
2541,4,upper,0,0,0,0
2541,4,lower,0,0,0,0
2541,5,upper,0,0,0,0
2541,5,lower,0,0,0,0
2541,6,upper,0,0,0,0
2541,6,lower,0,0,0,0
2541,7,upper,0,0,0,0
2541,7,lower,0,0,0,0
2541,8,upper,0,0,0,0
2541,8,lower,0,0,0,0
2542,1,upper,0,0,0,0
2542,1,lower,0,0,0,0
2542,2,upper,0,0,0,0
2542,2,lower,0,0,0,0
2542,3,upper,0,0,0,0
2542,3,lower,0,0,0,0
2542,4,upper,0,0,0,0
2542,4,lower,0,0,0,0
2542,5,upper,0,0,0,0
2542,5,lower,0,0,0,0
2542,6,upper,0,0,0,0
2542,6,lower,0,0,0,0
2542,7,upper,0,0,0,0
2542,7,lower,0,0,0,0
2542,8,upper,0,0,0,0
2542,8,lower,0,0,0,0
2543,1,upper,0,0,0,0
2543,1,lower,0,0,0,0
2543,2,upper,0,0,0,0
2543,2,lower,0,0,0,0
2543,3,upper,0,0,0,0
2543,3,lower,0,0,0,0
2543,4,upper,0,0,0,0
2543,4,lower,0,0,0,0
2543,5,upper,0,0,0,0
2543,5,lower,0,0,0,0
2543,6,upper,0,0,0,0
2543,6,lower,0,0,0,0
2543,7,upper,0,0,0,0
2543,7,lower,0,0,0,0
2543,8,upper,0,0,0,0
2543,8,lower,0,0,0,0
2544,1,upper,0,0,0,0
2544,1,lower,0,0,0,0
2544,2,upper,0,0,0,0
2544,2,lower,0,0,0,0
2544,3,upper,0,0,0,0
2544,3,lower,0,0,0,0
2544,4,upper,0,0,0,0
2544,4,lower,0,0,0,0
2544,5,upper,0,0,0,0
2544,5,lower,0,0,0,0
2544,6,upper,0,0,0,0
2544,6,lower,0,0,0,0
2544,7,upper,0,0,0,0
2544,7,lower,0,0,0,0
2544,8,upper,0,0,0,0
2544,8,lower,0,0,0,0
2545,1,upper,0,0,0,0
2545,1,lower,0,0,0,0
2545,2,upper,0,0,0,0
2545,2,lower,0,0,0,0
2545,3,upper,0,0,0,0
2545,3,lower,0,0,0,0
2545,4,upper,0,0,0,0
2545,4,lower,0,0,0,0
2545,5,upper,0,0,0,0
2545,5,lower,0,0,0,0
2545,6,upper,0,0,0,0
2545,6,lower,0,0,0,0
2545,7,upper,0,0,0,0
2545,7,lower,0,0,0,0
2545,8,upper,0,0,0,0
2545,8,lower,0,0,0,0
2546,1,upper,0,0,0,0
2546,1,lower,0,0,0,0
2546,2,upper,0,0,0,0
2546,2,lower,0,0,0,0
2546,3,upper,0,0,0,0
2546,3,lower,0,0,0,0
2546,4,upper,0,0,0,0
2546,4,lower,0,0,0,0
2546,5,upper,0,0,0,0
2546,5,lower,0,0,0,0
2546,6,upper,0,0,0,0
2546,6,lower,0,0,0,0
2546,7,upper,0,0,0,0
2546,7,lower,0,0,0,0
2546,8,upper,0,0,0,0
2546,8,lower,0,0,0,0
2547,1,upper,0,0,0,0
2547,1,lower,0,0,0,0
2547,2,upper,0,0,0,0
2547,2,lower,0,0,0,0
2547,3,upper,0,0,0,0
2547,3,lower,0,0,0,0
2547,4,upper,0,0,0,0
2547,4,lower,0,0,0,0
2547,5,upper,0,0,0,0
2547,5,lower,0,0,0,0
2547,6,upper,0,0,0,0
2547,6,lower,0,0,0,0
2547,7,upper,0,0,0,0
2547,7,lower,0,0,0,0
2547,8,upper,0,0,0,0
2547,8,lower,0,0,0,0
2548,1,upper,0,0,0,0
2548,1,lower,0,0,0,0
2548,2,upper,0,0,0,0
2548,2,lower,0,0,0,0
2548,3,upper,0,0,0,0
2548,3,lower,0,0,0,0
2548,4,upper,0,0,0,0
2548,4,lower,0,0,0,0
2548,5,upper,0,0,0,0
2548,5,lower,0,0,0,0
2548,6,upper,0,0,0,0
2548,6,lower,0,0,0,0
2548,7,upper,0,0,0,0
2548,7,lower,0,0,0,0
2548,8,upper,0,0,0,0
2548,8,lower,0,0,0,0
2549,1,upper,0,0,0,0
2549,1,lower,0,0,0,0
2549,2,upper,0,0,0,0
2549,2,lower,0,0,0,0
2549,3,upper,0,0,0,0
2549,3,lower,0,0,0,0
2549,4,upper,0,0,0,0
2549,4,lower,0,0,0,0
2549,5,upper,0,0,0,0
2549,5,lower,0,0,0,0
2549,6,upper,0,0,0,0
2549,6,lower,0,0,0,0
2549,7,upper,0,0,0,0
2549,7,lower,0,0,0,0
2549,8,upper,0,0,0,0
2549,8,lower,0,0,0,0
2550,1,upper,0,0,0,0
2550,1,lower,0,0,0,0
2550,2,upper,0,0,0,0
2550,2,lower,0,0,0,0
2550,3,upper,0,0,0,0
2550,3,lower,0,0,0,0
2550,4,upper,0,0,0,0
2550,4,lower,0,0,0,0
2550,5,upper,0,0,0,0
2550,5,lower,0,0,0,0
2550,6,upper,0,0,0,0
2550,6,lower,0,0,0,0
2550,7,upper,0,0,0,0
2550,7,lower,0,0,0,0
2550,8,upper,0,0,0,0
2550,8,lower,0,0,0,0
2551,1,upper,0,0,0,0
2551,1,lower,0,0,0,0
2551,2,upper,0,0,0,0
2551,2,lower,0,0,0,0
2551,3,upper,0,0,0,0
2551,3,lower,0,0,0,0
2551,4,upper,0,0,0,0
2551,4,lower,0,0,0,0
2551,5,upper,0,0,0,0
2551,5,lower,0,0,0,0
2551,6,upper,0,0,0,0
2551,6,lower,0,0,0,0
2551,7,upper,0,0,0,0
2551,7,lower,0,0,0,0
2551,8,upper,0,0,0,0
2551,8,lower,0,0,0,0
2552,1,upper,0,0,0,0
2552,1,lower,0,0,0,0
2552,2,upper,0,0,0,0
2552,2,lower,0,0,0,0
2552,3,upper,0,0,0,0
2552,3,lower,0,0,0,0
2552,4,upper,0,0,0,0
2552,4,lower,0,0,0,0
2552,5,upper,0,0,0,0
2552,5,lower,0,0,0,0
2552,6,upper,0,0,0,0
2552,6,lower,0,0,0,0
2552,7,upper,0,0,0,0
2552,7,lower,0,0,0,0
2552,8,upper,0,0,0,0
2552,8,lower,0,0,0,0
2553,1,upper,0,0,0,0
2553,1,lower,0,0,0,0
2553,2,upper,0,0,0,0
2553,2,lower,0,0,0,0
2553,3,upper,0,0,0,0
2553,3,lower,0,0,0,0
2553,4,upper,0,0,0,0
2553,4,lower,0,0,0,0
2553,5,upper,0,0,0,0
2553,5,lower,0,0,0,0
2553,6,upper,0,0,0,0
2553,6,lower,0,0,0,0
2553,7,upper,0,0,0,0
2553,7,lower,0,0,0,0
2553,8,upper,0,0,0,0
2553,8,lower,0,0,0,0
2554,1,upper,0,0,0,0
2554,1,lower,0,0,0,0
2554,2,upper,0,0,0,0
2554,2,lower,0,0,0,0
2554,3,upper,0,0,0,0
2554,3,lower,0,0,0,0
2554,4,upper,0,0,0,0
2554,4,lower,0,0,0,0
2554,5,upper,0,0,0,0
2554,5,lower,0,0,0,0
2554,6,upper,0,0,0,0
2554,6,lower,0,0,0,0
2554,7,upper,0,0,0,0
2554,7,lower,0,0,0,0
2554,8,upper,0,0,0,0
2554,8,lower,0,0,0,0
2555,1,upper,0,0,0,0
2555,1,lower,0,0,0,0
2555,2,upper,0,0,0,0
2555,2,lower,0,0,0,0
2555,3,upper,0,0,0,0
2555,3,lower,0,0,0,0
2555,4,upper,0,0,0,0
2555,4,lower,0,0,0,0
2555,5,upper,0,0,0,0
2555,5,lower,0,0,0,0
2555,6,upper,0,0,0,0
2555,6,lower,0,0,0,0
2555,7,upper,0,0,0,0
2555,7,lower,0,0,0,0
2555,8,upper,0,0,0,0
2555,8,lower,0,0,0,0
2556,1,upper,0,0,0,0
2556,1,lower,0,0,0,0
2556,2,upper,0,0,0,0
2556,2,lower,0,0,0,0
2556,3,upper,0,0,0,0
2556,3,lower,0,0,0,0
2556,4,upper,0,0,0,0
2556,4,lower,0,0,0,0
2556,5,upper,0,0,0,0
2556,5,lower,0,0,0,0
2556,6,upper,0,0,0,0
2556,6,lower,0,0,0,0
2556,7,upper,0,0,0,0
2556,7,lower,0,0,0,0
2556,8,upper,0,0,0,0
2556,8,lower,0,0,0,0
2557,1,upper,0,0,0,0
2557,1,lower,0,0,0,0
2557,2,upper,0,0,0,0
2557,2,lower,0,0,0,0
2557,3,upper,0,0,0,0
2557,3,lower,0,0,0,0
2557,4,upper,0,0,0,0
2557,4,lower,0,0,0,0
2557,5,upper,0,0,0,0
2557,5,lower,0,0,0,0
2557,6,upper,0,0,0,0
2557,6,lower,0,0,0,0
2557,7,upper,0,0,0,0
2557,7,lower,0,0,0,0
2557,8,upper,0,0,0,0
2557,8,lower,0,0,0,0
2558,1,upper,0,0,0,0
2558,1,lower,0,0,0,0
2558,2,upper,0,0,0,0
2558,2,lower,0,0,0,0
2558,3,upper,0,0,0,0
2558,3,lower,0,0,0,0
2558,4,upper,0,0,0,0
2558,4,lower,0,0,0,0
2558,5,upper,0,0,0,0
2558,5,lower,0,0,0,0
2558,6,upper,0,0,0,0
2558,6,lower,0,0,0,0
2558,7,upper,0,0,0,0
2558,7,lower,0,0,0,0
2558,8,upper,0,0,0,0
2558,8,lower,0,0,0,0
2559,1,upper,0,0,0,0
2559,1,lower,0,0,0,0
2559,2,upper,0,0,0,0
2559,2,lower,0,0,0,0
2559,3,upper,0,0,0,0
2559,3,lower,0,0,0,0
2559,4,upper,0,0,0,0
2559,4,lower,0,0,0,0
2559,5,upper,0,0,0,0
2559,5,lower,0,0,0,0
2559,6,upper,0,0,0,0
2559,6,lower,0,0,0,0
2559,7,upper,0,0,0,0
2559,7,lower,0,0,0,0
2559,8,upper,0,0,0,0
2559,8,lower,0,0,0,0
