'*',    89,     1,    41,    43,     3,   185,    95,     0
'SPENVIS 4.6.14.3582          - 18-Aug-2026 11:04:49'
'PRJ_DEF', -1,'PAPER_FOR_RESS'
'PRJ_HDR', -1,'A Scheme for Per-Stage Online Error Correction in FFTs on SRAM-Based FPGAs via T'
'MOD_ABB', -1,'GCR'
'MIS_PLA',  1,    3,' '
'MIS_NTR',  1,    1,' '
'MIS_STA',  1,  27934.70902778,' '
'MIS_END',  1,  27964.70902778,' '
'MIS_DUR',  1, 3.000000E+01,'days'
'ORB_HDR', -1,' '
'ORB_TYP', -1,'GEN'
'ORB_MJD',  1,  27934.70902778,' '
'ORB_YEA',  1, 2026,' '
'ORB_MON',  1,  6,' '
'ORB_DAY',  1, 25,' '
'ORB_HOU',  1, 17,' '
'ORB_MIN',  1,  1,' '
'ORB_SEC',  1,  0.0,' '
'ORB_APO',  1, 2.020000E+04,'km'
'ORB_PER',  1, 2.020000E+04,'km'
'ORB_INC',  1,    55.00,'deg'
'ORB_RAA',  1,   119.92,'deg'
'ORB_ARG',  1,     0.00,'deg'
'ORB_TRA',  1,     0.00,'deg'
'ORB_PRD',  1, 1.197344E+01,'hrs'
'ORB_DUR',  1, 1.000000E+01,'days'
'ORB_TSE',  1,  27964.70902778,' '
'ORB_AXM',  1,  2,' '
'ORB_MJR', -1,'1 Jan 1950, 00:00 UT'
'ORB_GDR', -1,'Astron. J. 66, 15, 1961'
'GCR_IEL',  1,  1,' '
'GCR_JEL',  1, 92,' '
'GCR_MOD', -1,'CREME96'
'GCR_IWI',  1,9677,' '
'GCR_IAC',  1,  0,' '
'GCR_IGC',  1,  1,' '
'GCR_IGV',  1,  1,' '
'GCR_IST',  1,  0,' '
'GCR_OMN',  1,  0,' '
'GCR_ABS', -1,'Energy'
'PLT_HDR', -1,'ion spectrum (GCR)'
'SPECIES', -92,'H ','He','Li','Be','B ','C ','N ','O ','F ','Ne','Na','Mg','Al','Si','P ','S ','Cl','Ar','K ','Ca','Sc','Ti','V ','Cr','Mn','Fe','Co','Ni','Cu','Zn','Ga','Ge','As','Se','Br','Kr','Rb','Sr','Y ','Zr','Nb','Mo','Tc','Ru','Rh','Pd','Ag','Cd','In','Sn','Sb','Te','I ','Xe','Cs','Ba','La','Ce','Pr','Nd','Pm','Sm','Eu','Gd','Tb','Dy','Ho','Er','Tm','Yb','Lu','Hf','Ta','W ','Re','Os','Ir','Pt','Au','Hg','Tl','Pb','Bi','Po','At','Rn','Fr','Ra','Ac','Th','Pa','U '
'PS Annotation',  8,  2
'Mission start: 25/06/2026 17:01:00'
 0.05, 0.00, 0.00
'Mission end: 25/07/2026 17:01:00'
 0.95, 0.00, 1.00
'Nr. of segments:   1'
 0.05, 1.50, 0.00
'Duration: 30.00 days'
 0.95, 0.00, 1.00
'PS Annotation', 24,  1
'Segment  1:'
 0.05, 2.00, 0.00
'Apogee: 20200.0 km'
 0.05, 1.50, 0.00
'Perigee: 20200.0 km'
 0.50, 0.00, 0.50
'Inclination: 55.0 deg'
 0.95, 0.00, 1.00
'R.A. Asc. Node: 119.9 deg'
 0.05, 1.50, 0.00
'Arg. Per.: 0.0 deg'
 0.50, 0.00, 0.50
'True Anomaly: 0.0 deg'
 0.95, 0.00, 1.00
'Period: 11.97 hrs'
 0.05, 1.50, 0.00
'Duration: 10.00 days'
 0.50, 0.00, 0.50
'20.04 Orbits'
 0.95, 0.00, 1.00
'Orbit start: 25/06/2026 17:01:00'
 0.05, 1.50, 0.00
'Orbit end: 05/07/2026 17:01:00'
 0.95, 0.00, 1.00
'PS Annotation',  8,  0
'GCR model: CREME96'
 0.05, 1.50, 0.00
'Ion range: H  - U                     Interplanetary weather index: M =9677'
 0.05, 1.50, 0.00
'no propagation of flux'
 0.05, 1.50, 0.00
'Magnetic shielding on'
 0.05, 1.50, 0.00
'Energy','MeV/n', 1,'Energy'
'IFlux','m!u-2!n sr!u-1!n s!u-1!n', 92,'Integral Flux of ','SPECIES'
'DFlux','m!u-2!n sr!u-1!n s!u-1!n (MeV/n)!u-1!n', 92,'Differential Flux of ','SPECIES'
  1.0000E+00,  3.4490E+03,  3.3304E+02,  1.3025E+00,  7.4105E-01,  2.5327E+00,  8.7198E+00,  2.3922E+00,  8.7497E+00,  1.8933E-01,  1.4590E+00,  2.8092E-01,  1.7594E+00,  3.1223E-01,  1.2572E+00,  5.4368E-02,  2.3957E-01,  5.3815E-02,  1.1148E-01,  8.8550E-02,  2.2920E-01,  4.2284E-02,  1.4177E-01,  7.2974E-02,  1.4701E-01,  9.3772E-02,  9.3262E-01,  5.7309E-03,  4.5465E-02,  1.0837E-05,  1.0837E-05,  1.0837E-05,  1.0837E-05,  1.0837E-05,  1.0837E-05,  1.0837E-05,  1.0837E-05,  1.0837E-05,  1.0837E-05,  1.0837E-05,  1.0837E-05,  1.0837E-05,  1.0837E-05,  1.0837E-05,  1.0837E-05,  1.0837E-05,  1.0837E-05,  1.0837E-05,  1.0837E-05,  1.0837E-05,  1.0837E-05,  1.0837E-05,  1.0837E-05,  1.0837E-05,  1.0837E-05,  1.0837E-05,  1.0837E-05,  1.0837E-05,  1.0837E-05,  1.0837E-05,  1.0837E-05,  1.0837E-05,  1.0837E-05,  1.0837E-05,  1.0837E-05,  1.0837E-05,  1.0837E-05,  1.0837E-05,  1.0837E-05,  1.0837E-05,  1.0837E-05,  1.0837E-05,  1.0837E-05,  1.0837E-05,  1.0837E-05,  1.0837E-05,  1.0837E-05,  1.0837E-05,  1.0837E-05,  1.0837E-05,  1.0837E-05,  1.0837E-05,  1.0837E-05,  1.0837E-05,  1.0837E-05,  1.0837E-05,  1.0837E-05,  1.0837E-05,  1.0837E-05,  1.0837E-05,  1.0837E-05,  1.0837E-05,  1.0837E-05,  1.3163E+02,  7.2770E+00,  7.2822E-03,  3.8561E-04,  1.0605E-02,  1.4656E-01,  1.7445E-02,  1.6178E-01,  1.0636E-03,  2.7124E-02,  3.3964E-03,  3.2389E-02,  4.6373E-03,  1.9491E-02,  1.4752E-04,  1.4503E-03,  4.2139E-05,  4.1690E-04,  1.6421E-04,  2.9184E-03,  2.8864E-04,  1.1434E-03,  1.1205E-03,  1.9224E-03,  1.6412E-03,  8.7361E-03,  7.2320E-06,  3.2565E-04,  6.5356E-11,  6.5356E-11,  6.5356E-11,  6.5356E-11,  6.5356E-11,  6.5356E-11,  6.5356E-11,  6.5356E-11,  6.5356E-11,  6.5356E-11,  6.5356E-11,  6.5356E-11,  6.5356E-11,  6.5356E-11,  6.5356E-11,  6.5356E-11,  6.5356E-11,  6.5356E-11,  6.5356E-11,  6.5356E-11,  6.5356E-11,  6.5356E-11,  6.5356E-11,  6.5356E-11,  6.5356E-11,  6.5356E-11,  6.5356E-11,  6.5356E-11,  6.5356E-11,  6.5356E-11,  6.5356E-11,  6.5356E-11,  6.5356E-11,  6.5356E-11,  6.5356E-11,  6.5356E-11,  6.5356E-11,  6.5356E-11,  6.5356E-11,  6.5356E-11,  6.5356E-11,  6.5356E-11,  6.5356E-11,  6.5356E-11,  6.5356E-11,  6.5356E-11,  6.5356E-11,  6.5356E-11,  6.5356E-11,  6.5356E-11,  6.5356E-11,  6.5356E-11,  6.5356E-11,  6.5356E-11,  6.5356E-11,  6.5356E-11,  6.5356E-11,  6.5356E-11,  6.5356E-11,  6.5356E-11,  6.5356E-11,  6.5356E-11,  6.5356E-11,  6.5356E-11
  1.1000E+00,  3.4348E+03,  3.3227E+02,  1.3017E+00,  7.4101E-01,  2.5316E+00,  8.7043E+00,  2.3904E+00,  8.7327E+00,  1.8921E-01,  1.4561E+00,  2.8056E-01,  1.7560E+00,  3.1174E-01,  1.2551E+00,  5.4352E-02,  2.3942E-01,  5.3810E-02,  1.1144E-01,  8.8532E-02,  2.2890E-01,  4.2253E-02,  1.4165E-01,  7.2856E-02,  1.4681E-01,  9.3599E-02,  9.3169E-01,  5.7301E-03,  4.5430E-02,  1.0837E-05,  1.0837E-05,  1.0837E-05,  1.0837E-05,  1.0837E-05,  1.0837E-05,  1.0837E-05,  1.0837E-05,  1.0837E-05,  1.0837E-05,  1.0837E-05,  1.0837E-05,  1.0837E-05,  1.0837E-05,  1.0837E-05,  1.0837E-05,  1.0837E-05,  1.0837E-05,  1.0837E-05,  1.0837E-05,  1.0837E-05,  1.0837E-05,  1.0837E-05,  1.0837E-05,  1.0837E-05,  1.0837E-05,  1.0837E-05,  1.0837E-05,  1.0837E-05,  1.0837E-05,  1.0837E-05,  1.0837E-05,  1.0837E-05,  1.0837E-05,  1.0837E-05,  1.0837E-05,  1.0837E-05,  1.0837E-05,  1.0837E-05,  1.0837E-05,  1.0837E-05,  1.0837E-05,  1.0837E-05,  1.0837E-05,  1.0837E-05,  1.0837E-05,  1.0837E-05,  1.0837E-05,  1.0837E-05,  1.0837E-05,  1.0837E-05,  1.0837E-05,  1.0837E-05,  1.0837E-05,  1.0837E-05,  1.0837E-05,  1.0837E-05,  1.0837E-05,  1.0837E-05,  1.0837E-05,  1.0837E-05,  1.0837E-05,  1.0837E-05,  1.0837E-05,  1.5276E+02,  8.0540E+00,  8.1612E-03,  4.5166E-04,  1.2046E-02,  1.6298E-01,  1.9695E-02,  1.7937E-01,  1.2041E-03,  3.0049E-02,  3.7930E-03,  3.5903E-02,  5.1565E-03,  2.1675E-02,  1.6924E-04,  1.6399E-03,  4.9355E-05,  4.5412E-04,  1.8982E-04,  3.2609E-03,  3.2492E-04,  1.2828E-03,  1.2409E-03,  2.1370E-03,  1.8098E-03,  9.7400E-03,  8.3470E-06,  3.6536E-04,  6.5356E-11,  6.5356E-11,  6.5356E-11,  6.5356E-11,  6.5356E-11,  6.5356E-11,  6.5356E-11,  6.5356E-11,  6.5356E-11,  6.5356E-11,  6.5356E-11,  6.5356E-11,  6.5356E-11,  6.5356E-11,  6.5356E-11,  6.5356E-11,  6.5356E-11,  6.5356E-11,  6.5356E-11,  6.5356E-11,  6.5356E-11,  6.5356E-11,  6.5356E-11,  6.5356E-11,  6.5356E-11,  6.5356E-11,  6.5356E-11,  6.5356E-11,  6.5356E-11,  6.5356E-11,  6.5356E-11,  6.5356E-11,  6.5356E-11,  6.5356E-11,  6.5356E-11,  6.5356E-11,  6.5356E-11,  6.5356E-11,  6.5356E-11,  6.5356E-11,  6.5356E-11,  6.5356E-11,  6.5356E-11,  6.5356E-11,  6.5356E-11,  6.5356E-11,  6.5356E-11,  6.5356E-11,  6.5356E-11,  6.5356E-11,  6.5356E-11,  6.5356E-11,  6.5356E-11,  6.5356E-11,  6.5356E-11,  6.5356E-11,  6.5356E-11,  6.5356E-11,  6.5356E-11,  6.5356E-11,  6.5356E-11,  6.5356E-11,  6.5356E-11,  6.5356E-11
  1.2000E+00,  3.4210E+03,  3.3153E+02,  1.3010E+00,  7.4097E-01,  2.5305E+00,  8.6893E+00,  2.3885E+00,  8.7160E+00,  1.8910E-01,  1.4533E+00,  2.8021E-01,  1.7527E+00,  3.1126E-01,  1.2532E+00,  5.4336E-02,  2.3926E-01,  5.3806E-02,  1.1139E-01,  8.8514E-02,  2.2859E-01,  4.2223E-02,  1.4153E-01,  7.2741E-02,  1.4661E-01,  9.3432E-02,  9.3079E-01,  5.7293E-03,  4.5396E-02,  1.0837E-05,  1.0837E-05,  1.0837E-05,  1.0837E-05,  1.0837E-05,  1.0837E-05,  1.0837E-05,  1.0837E-05,  1.0837E-05,  1.0837E-05,  1.0837E-05,  1.0837E-05,  1.0837E-05,  1.0837E-05,  1.0837E-05,  1.0837E-05,  1.0837E-05,  1.0837E-05,  1.0837E-05,  1.0837E-05,  1.0837E-05,  1.0837E-05,  1.0837E-05,  1.0837E-05,  1.0837E-05,  1.0837E-05,  1.0837E-05,  1.0837E-05,  1.0837E-05,  1.0837E-05,  1.0837E-05,  1.0837E-05,  1.0837E-05,  1.0837E-05,  1.0837E-05,  1.0837E-05,  1.0837E-05,  1.0837E-05,  1.0837E-05,  1.0837E-05,  1.0837E-05,  1.0837E-05,  1.0837E-05,  1.0837E-05,  1.0837E-05,  1.0837E-05,  1.0837E-05,  1.0837E-05,  1.0837E-05,  1.0837E-05,  1.0837E-05,  1.0837E-05,  1.0837E-05,  1.0837E-05,  1.0837E-05,  1.0837E-05,  1.0837E-05,  1.0837E-05,  1.0837E-05,  1.0837E-05,  1.0837E-05,  1.0837E-05,  1.0837E-05,  1.0837E-05,  1.2175E+02,  6.7675E+00,  7.0580E-03,  4.0556E-04,  1.0463E-02,  1.3747E-01,  1.7081E-02,  1.5299E-01,  1.0396E-03,  2.6556E-02,  3.2303E-03,  3.0244E-02,  4.3704E-03,  1.8282E-02,  1.4749E-04,  1.4044E-03,  4.3894E-05,  4.7271E-04,  1.6643E-04,  2.7624E-03,  2.7961E-04,  1.1027E-03,  1.0564E-03,  1.8205E-03,  1.5333E-03,  8.3102E-03,  7.3665E-06,  3.1258E-04,  6.5356E-11,  6.5356E-11,  6.5356E-11,  6.5356E-11,  6.5356E-11,  6.5356E-11,  6.5356E-11,  6.5356E-11,  6.5356E-11,  6.5356E-11,  6.5356E-11,  6.5356E-11,  6.5356E-11,  6.5356E-11,  6.5356E-11,  6.5356E-11,  6.5356E-11,  6.5356E-11,  6.5356E-11,  6.5356E-11,  6.5356E-11,  6.5356E-11,  6.5356E-11,  6.5356E-11,  6.5356E-11,  6.5356E-11,  6.5356E-11,  6.5356E-11,  6.5356E-11,  6.5356E-11,  6.5356E-11,  6.5356E-11,  6.5356E-11,  6.5356E-11,  6.5356E-11,  6.5356E-11,  6.5356E-11,  6.5356E-11,  6.5356E-11,  6.5356E-11,  6.5356E-11,  6.5356E-11,  6.5356E-11,  6.5356E-11,  6.5356E-11,  6.5356E-11,  6.5356E-11,  6.5356E-11,  6.5356E-11,  6.5356E-11,  6.5356E-11,  6.5356E-11,  6.5356E-11,  6.5356E-11,  6.5356E-11,  6.5356E-11,  6.5356E-11,  6.5356E-11,  6.5356E-11,  6.5356E-11,  6.5356E-11,  6.5356E-11,  6.5356E-11,  6.5356E-11
  1.4000E+00,  3.4009E+03,  3.3036E+02,  1.2997E+00,  7.4089E-01,  2.5286E+00,  8.6655E+00,  2.3855E+00,  8.6893E+00,  1.8892E-01,  1.4484E+00,  2.7965E-01,  1.7475E+00,  3.1050E-01,  1.2500E+00,  5.4310E-02,  2.3902E-01,  5.3798E-02,  1.1130E-01,  8.8485E-02,  2.2812E-01,  4.2174E-02,  1.4134E-01,  7.2557E-02,  1.4630E-01,  9.3166E-02,  9.2934E-01,  5.7280E-03,  4.5342E-02,  1.0837E-05,  1.0837E-05,  1.0837E-05,  1.0837E-05,  1.0837E-05,  1.0837E-05,  1.0837E-05,  1.0837E-05,  1.0837E-05,  1.0837E-05,  1.0837E-05,  1.0837E-05,  1.0837E-05,  1.0837E-05,  1.0837E-05,  1.0837E-05,  1.0837E-05,  1.0837E-05,  1.0837E-05,  1.0837E-05,  1.0837E-05,  1.0837E-05,  1.0837E-05,  1.0837E-05,  1.0837E-05,  1.0837E-05,  1.0837E-05,  1.0837E-05,  1.0837E-05,  1.0837E-05,  1.0837E-05,  1.0837E-05,  1.0837E-05,  1.0837E-05,  1.0837E-05,  1.0837E-05,  1.0837E-05,  1.0837E-05,  1.0837E-05,  1.0837E-05,  1.0837E-05,  1.0837E-05,  1.0837E-05,  1.0837E-05,  1.0837E-05,  1.0837E-05,  1.0837E-05,  1.0837E-05,  1.0837E-05,  1.0837E-05,  1.0837E-05,  1.0837E-05,  1.0837E-05,  1.0837E-05,  1.0837E-05,  1.0837E-05,  1.0837E-05,  1.0837E-05,  1.0837E-05,  1.0837E-05,  1.0837E-05,  1.0837E-05,  1.0837E-05,  1.0837E-05,  7.9152E+01,  4.8865E+00,  5.3696E-03,  3.2966E-04,  8.0135E-03,  9.9895E-02,  1.3162E-02,  1.1461E-01,  7.8766E-04,  2.1585E-02,  2.3886E-03,  2.1925E-02,  3.2039E-03,  1.3282E-02,  1.1359E-04,  1.0481E-03,  3.5044E-05,  5.0635E-04,  1.2953E-04,  2.0223E-03,  2.1067E-04,  8.2943E-04,  7.8128E-04,  1.3476E-03,  1.1241E-03,  6.1675E-03,  5.8042E-06,  2.3302E-04,  6.5356E-11,  6.5356E-11,  6.5356E-11,  6.5356E-11,  6.5356E-11,  6.5356E-11,  6.5356E-11,  6.5356E-11,  6.5356E-11,  6.5356E-11,  6.5356E-11,  6.5356E-11,  6.5356E-11,  6.5356E-11,  6.5356E-11,  6.5356E-11,  6.5356E-11,  6.5356E-11,  6.5356E-11,  6.5356E-11,  6.5356E-11,  6.5356E-11,  6.5356E-11,  6.5356E-11,  6.5356E-11,  6.5356E-11,  6.5356E-11,  6.5356E-11,  6.5356E-11,  6.5356E-11,  6.5356E-11,  6.5356E-11,  6.5356E-11,  6.5356E-11,  6.5356E-11,  6.5356E-11,  6.5356E-11,  6.5356E-11,  6.5356E-11,  6.5356E-11,  6.5356E-11,  6.5356E-11,  6.5356E-11,  6.5356E-11,  6.5356E-11,  6.5356E-11,  6.5356E-11,  6.5356E-11,  6.5356E-11,  6.5356E-11,  6.5356E-11,  6.5356E-11,  6.5356E-11,  6.5356E-11,  6.5356E-11,  6.5356E-11,  6.5356E-11,  6.5356E-11,  6.5356E-11,  6.5356E-11,  6.5356E-11,  6.5356E-11,  6.5356E-11,  6.5356E-11
  1.6000E+00,  3.3877E+03,  3.2951E+02,  1.2988E+00,  7.4083E-01,  2.5272E+00,  8.6481E+00,  2.3831E+00,  8.6688E+00,  1.8878E-01,  1.4444E+00,  2.7923E-01,  1.7436E+00,  3.0994E-01,  1.2477E+00,  5.4290E-02,  2.3883E-01,  5.3791E-02,  1.1119E-01,  8.8461E-02,  2.2776E-01,  4.2136E-02,  1.4119E-01,  7.2420E-02,  1.4606E-01,  9.2969E-02,  9.2825E-01,  5.7270E-03,  4.5301E-02,  1.0837E-05,  1.0837E-05,  1.0837E-05,  1.0837E-05,  1.0837E-05,  1.0837E-05,  1.0837E-05,  1.0837E-05,  1.0837E-05,  1.0837E-05,  1.0837E-05,  1.0837E-05,  1.0837E-05,  1.0837E-05,  1.0837E-05,  1.0837E-05,  1.0837E-05,  1.0837E-05,  1.0837E-05,  1.0837E-05,  1.0837E-05,  1.0837E-05,  1.0837E-05,  1.0837E-05,  1.0837E-05,  1.0837E-05,  1.0837E-05,  1.0837E-05,  1.0837E-05,  1.0837E-05,  1.0837E-05,  1.0837E-05,  1.0837E-05,  1.0837E-05,  1.0837E-05,  1.0837E-05,  1.0837E-05,  1.0837E-05,  1.0837E-05,  1.0837E-05,  1.0837E-05,  1.0837E-05,  1.0837E-05,  1.0837E-05,  1.0837E-05,  1.0837E-05,  1.0837E-05,  1.0837E-05,  1.0837E-05,  1.0837E-05,  1.0837E-05,  1.0837E-05,  1.0837E-05,  1.0837E-05,  1.0837E-05,  1.0837E-05,  1.0837E-05,  1.0837E-05,  1.0837E-05,  1.0837E-05,  1.0837E-05,  1.0837E-05,  1.0837E-05,  1.0837E-05,  5.3537E+01,  3.6528E+00,  4.2032E-03,  2.7316E-04,  6.3044E-03,  7.5033E-02,  1.0543E-02,  8.9761E-02,  6.1375E-04,  1.8513E-02,  1.8221E-03,  1.6436E-02,  2.4258E-03,  9.9738E-03,  8.9746E-05,  8.0559E-04,  2.8569E-05,  5.3484E-04,  1.0328E-04,  1.5287E-03,  1.6338E-04,  6.4243E-04,  5.9638E-04,  1.0293E-03,  8.5156E-04,  4.7210E-03,  4.6803E-06,  1.7902E-04,  6.5356E-11,  6.5356E-11,  6.5356E-11,  6.5356E-11,  6.5356E-11,  6.5356E-11,  6.5356E-11,  6.5356E-11,  6.5356E-11,  6.5356E-11,  6.5356E-11,  6.5356E-11,  6.5356E-11,  6.5356E-11,  6.5356E-11,  6.5356E-11,  6.5356E-11,  6.5356E-11,  6.5356E-11,  6.5356E-11,  6.5356E-11,  6.5356E-11,  6.5356E-11,  6.5356E-11,  6.5356E-11,  6.5356E-11,  6.5356E-11,  6.5356E-11,  6.5356E-11,  6.5356E-11,  6.5356E-11,  6.5356E-11,  6.5356E-11,  6.5356E-11,  6.5356E-11,  6.5356E-11,  6.5356E-11,  6.5356E-11,  6.5356E-11,  6.5356E-11,  6.5356E-11,  6.5356E-11,  6.5356E-11,  6.5356E-11,  6.5356E-11,  6.5356E-11,  6.5356E-11,  6.5356E-11,  6.5356E-11,  6.5356E-11,  6.5356E-11,  6.5356E-11,  6.5356E-11,  6.5356E-11,  6.5356E-11,  6.5356E-11,  6.5356E-11,  6.5356E-11,  6.5356E-11,  6.5356E-11,  6.5356E-11,  6.5356E-11,  6.5356E-11,  6.5356E-11
  1.8000E+00,  3.3786E+03,  3.2886E+02,  1.2980E+00,  7.4078E-01,  2.5261E+00,  8.6348E+00,  2.3812E+00,  8.6526E+00,  1.8867E-01,  1.4409E+00,  2.7891E-01,  1.7407E+00,  3.0951E-01,  1.2459E+00,  5.4274E-02,  2.3869E-01,  5.3786E-02,  1.1108E-01,  8.8443E-02,  2.2749E-01,  4.2107E-02,  1.4108E-01,  7.2313E-02,  1.4587E-01,  9.2817E-02,  9.2741E-01,  5.7261E-03,  4.5269E-02,  1.0837E-05,  1.0836E-05,  1.0837E-05,  1.0837E-05,  1.0837E-05,  1.0837E-05,  1.0837E-05,  1.0837E-05,  1.0837E-05,  1.0837E-05,  1.0837E-05,  1.0837E-05,  1.0837E-05,  1.0837E-05,  1.0837E-05,  1.0837E-05,  1.0837E-05,  1.0837E-05,  1.0837E-05,  1.0837E-05,  1.0837E-05,  1.0837E-05,  1.0837E-05,  1.0837E-05,  1.0837E-05,  1.0837E-05,  1.0837E-05,  1.0837E-05,  1.0837E-05,  1.0837E-05,  1.0837E-05,  1.0837E-05,  1.0837E-05,  1.0837E-05,  1.0837E-05,  1.0837E-05,  1.0837E-05,  1.0837E-05,  1.0837E-05,  1.0837E-05,  1.0837E-05,  1.0837E-05,  1.0837E-05,  1.0837E-05,  1.0837E-05,  1.0837E-05,  1.0837E-05,  1.0837E-05,  1.0837E-05,  1.0837E-05,  1.0837E-05,  1.0837E-05,  1.0837E-05,  1.0837E-05,  1.0837E-05,  1.0837E-05,  1.0837E-05,  1.0837E-05,  1.0837E-05,  1.0837E-05,  1.0837E-05,  1.0837E-05,  1.0837E-05,  1.0837E-05,  3.7435E+01,  2.8101E+00,  3.3674E-03,  2.3015E-04,  5.0727E-03,  5.7916E-02,  8.7372E-03,  7.3101E-02,  4.8945E-04,  1.6576E-02,  1.4261E-03,  1.2665E-02,  1.8859E-03,  7.6955E-03,  7.2439E-05,  6.3450E-04,  2.3708E-05,  5.5731E-04,  8.4031E-05,  1.1865E-03,  1.2978E-04,  5.0989E-04,  4.6737E-04,  8.0696E-04,  6.6284E-04,  3.7079E-03,  3.8488E-06,  1.4099E-04,  6.5356E-11,  6.5356E-11,  6.5356E-11,  6.5356E-11,  6.5356E-11,  6.5356E-11,  6.5356E-11,  6.5356E-11,  6.5356E-11,  6.5356E-11,  6.5356E-11,  6.5356E-11,  6.5356E-11,  6.5356E-11,  6.5356E-11,  6.5356E-11,  6.5356E-11,  6.5356E-11,  6.5356E-11,  6.5356E-11,  6.5356E-11,  6.5356E-11,  6.5356E-11,  6.5356E-11,  6.5356E-11,  6.5356E-11,  6.5356E-11,  6.5356E-11,  6.5356E-11,  6.5356E-11,  6.5356E-11,  6.5356E-11,  6.5356E-11,  6.5356E-11,  6.5356E-11,  6.5356E-11,  6.5356E-11,  6.5356E-11,  6.5356E-11,  6.5356E-11,  6.5356E-11,  6.5356E-11,  6.5356E-11,  6.5356E-11,  6.5356E-11,  6.5356E-11,  6.5356E-11,  6.5356E-11,  6.5356E-11,  6.5356E-11,  6.5356E-11,  6.5356E-11,  6.5356E-11,  6.5356E-11,  6.5356E-11,  6.5356E-11,  6.5356E-11,  6.5356E-11,  6.5356E-11,  6.5356E-11,  6.5356E-11,  6.5356E-11,  6.5356E-11,  6.5356E-11
  2.0000E+00,  3.3721E+03,  3.2836E+02,  1.2974E+00,  7.4074E-01,  2.5251E+00,  8.6244E+00,  2.3796E+00,  8.6391E+00,  1.8858E-01,  1.4377E+00,  2.7865E-01,  1.7385E+00,  3.0917E-01,  1.2445E+00,  5.4261E-02,  2.3858E-01,  5.3782E-02,  1.1097E-01,  8.8427E-02,  2.2728E-01,  4.2084E-02,  1.4099E-01,  7.2229E-02,  1.4573E-01,  9.2698E-02,  9.2674E-01,  5.7254E-03,  4.5243E-02,  1.0837E-05,  1.0836E-05,  1.0837E-05,  1.0837E-05,  1.0837E-05,  1.0837E-05,  1.0837E-05,  1.0837E-05,  1.0837E-05,  1.0837E-05,  1.0837E-05,  1.0837E-05,  1.0837E-05,  1.0837E-05,  1.0837E-05,  1.0837E-05,  1.0837E-05,  1.0837E-05,  1.0837E-05,  1.0837E-05,  1.0837E-05,  1.0837E-05,  1.0837E-05,  1.0837E-05,  1.0837E-05,  1.0837E-05,  1.0837E-05,  1.0837E-05,  1.0837E-05,  1.0837E-05,  1.0837E-05,  1.0837E-05,  1.0837E-05,  1.0837E-05,  1.0837E-05,  1.0837E-05,  1.0837E-05,  1.0837E-05,  1.0837E-05,  1.0837E-05,  1.0837E-05,  1.0837E-05,  1.0837E-05,  1.0837E-05,  1.0837E-05,  1.0837E-05,  1.0837E-05,  1.0837E-05,  1.0837E-05,  1.0837E-05,  1.0837E-05,  1.0837E-05,  1.0837E-05,  1.0837E-05,  1.0837E-05,  1.0837E-05,  1.0837E-05,  1.0837E-05,  1.0837E-05,  1.0837E-05,  1.0837E-05,  1.0837E-05,  1.0837E-05,  1.0837E-05,  2.6911E+01,  2.2143E+00,  2.7507E-03,  1.9661E-04,  4.1576E-03,  4.5729E-02,  7.4617E-03,  6.1613E-02,  3.9811E-04,  1.5343E-02,  1.1406E-03,  9.9830E-03,  1.4993E-03,  6.0735E-03,  5.9555E-05,  5.1004E-04,  1.9981E-05,  5.7347E-04,  6.9577E-05,  9.4124E-04,  1.0518E-04,  4.1282E-04,  3.7415E-04,  6.4617E-04,  5.2742E-04,  2.9739E-03,  3.2168E-06,  1.1340E-04,  6.5356E-11,  6.5356E-11,  6.5356E-11,  6.5356E-11,  6.5356E-11,  6.5356E-11,  6.5356E-11,  6.5356E-11,  6.5356E-11,  6.5356E-11,  6.5356E-11,  6.5356E-11,  6.5356E-11,  6.5356E-11,  6.5356E-11,  6.5356E-11,  6.5356E-11,  6.5356E-11,  6.5356E-11,  6.5356E-11,  6.5356E-11,  6.5356E-11,  6.5356E-11,  6.5356E-11,  6.5356E-11,  6.5356E-11,  6.5356E-11,  6.5356E-11,  6.5356E-11,  6.5356E-11,  6.5356E-11,  6.5356E-11,  6.5356E-11,  6.5356E-11,  6.5356E-11,  6.5356E-11,  6.5356E-11,  6.5356E-11,  6.5356E-11,  6.5356E-11,  6.5356E-11,  6.5356E-11,  6.5356E-11,  6.5356E-11,  6.5356E-11,  6.5356E-11,  6.5356E-11,  6.5356E-11,  6.5356E-11,  6.5356E-11,  6.5356E-11,  6.5356E-11,  6.5356E-11,  6.5356E-11,  6.5356E-11,  6.5356E-11,  6.5356E-11,  6.5356E-11,  6.5356E-11,  6.5356E-11,  6.5356E-11,  6.5356E-11,  6.5356E-11,  6.5356E-11
  2.2000E+00,  3.3675E+03,  3.2796E+02,  1.2969E+00,  7.4070E-01,  2.5244E+00,  8.6161E+00,  2.3782E+00,  8.6276E+00,  1.8851E-01,  1.4347E+00,  2.7844E-01,  1.7367E+00,  3.0890E-01,  1.2434E+00,  5.4250E-02,  2.3848E-01,  5.3778E-02,  1.1085E-01,  8.8415E-02,  2.2711E-01,  4.2064E-02,  1.4091E-01,  7.2161E-02,  1.4561E-01,  9.2603E-02,  9.2620E-01,  5.7248E-03,  4.5223E-02,  1.0836E-05,  1.0836E-05,  1.0837E-05,  1.0837E-05,  1.0837E-05,  1.0837E-05,  1.0837E-05,  1.0837E-05,  1.0837E-05,  1.0837E-05,  1.0837E-05,  1.0837E-05,  1.0837E-05,  1.0837E-05,  1.0837E-05,  1.0837E-05,  1.0837E-05,  1.0837E-05,  1.0837E-05,  1.0837E-05,  1.0837E-05,  1.0837E-05,  1.0837E-05,  1.0837E-05,  1.0837E-05,  1.0837E-05,  1.0837E-05,  1.0837E-05,  1.0837E-05,  1.0837E-05,  1.0837E-05,  1.0837E-05,  1.0837E-05,  1.0837E-05,  1.0837E-05,  1.0837E-05,  1.0837E-05,  1.0837E-05,  1.0837E-05,  1.0837E-05,  1.0837E-05,  1.0837E-05,  1.0837E-05,  1.0837E-05,  1.0837E-05,  1.0837E-05,  1.0837E-05,  1.0837E-05,  1.0837E-05,  1.0837E-05,  1.0837E-05,  1.0837E-05,  1.0837E-05,  1.0837E-05,  1.0837E-05,  1.0837E-05,  1.0837E-05,  1.0837E-05,  1.0837E-05,  1.0837E-05,  1.0837E-05,  1.0837E-05,  1.0837E-05,  1.0837E-05,  1.9841E+01,  1.7826E+00,  2.2851E-03,  1.7006E-04,  3.4633E-03,  3.6839E-02,  6.5470E-03,  5.3559E-02,  3.2925E-04,  1.4563E-02,  9.2898E-04,  8.0289E-03,  1.2145E-03,  4.8897E-03,  4.9727E-05,  4.1751E-04,  1.7063E-05,  5.8327E-04,  5.8465E-05,  7.6137E-04,  8.6715E-05,  3.4013E-04,  3.0516E-04,  5.2708E-04,  4.2779E-04,  2.4292E-03,  2.7277E-06,  9.2830E-05,  6.5356E-11,  6.5356E-11,  6.5356E-11,  6.5356E-11,  6.5356E-11,  6.5356E-11,  6.5356E-11,  6.5356E-11,  6.5356E-11,  6.5356E-11,  6.5356E-11,  6.5356E-11,  6.5356E-11,  6.5356E-11,  6.5356E-11,  6.5356E-11,  6.5356E-11,  6.5356E-11,  6.5356E-11,  6.5356E-11,  6.5356E-11,  6.5356E-11,  6.5356E-11,  6.5356E-11,  6.5356E-11,  6.5356E-11,  6.5356E-11,  6.5356E-11,  6.5356E-11,  6.5356E-11,  6.5356E-11,  6.5356E-11,  6.5356E-11,  6.5356E-11,  6.5356E-11,  6.5356E-11,  6.5356E-11,  6.5356E-11,  6.5356E-11,  6.5356E-11,  6.5356E-11,  6.5356E-11,  6.5356E-11,  6.5356E-11,  6.5356E-11,  6.5356E-11,  6.5356E-11,  6.5356E-11,  6.5356E-11,  6.5356E-11,  6.5356E-11,  6.5356E-11,  6.5356E-11,  6.5356E-11,  6.5356E-11,  6.5356E-11,  6.5356E-11,  6.5356E-11,  6.5356E-11,  6.5356E-11,  6.5356E-11,  6.5356E-11,  6.5356E-11,  6.5356E-11
  2.5000E+00,  3.3625E+03,  3.2749E+02,  1.2963E+00,  7.4066E-01,  2.5235E+00,  8.6065E+00,  2.3763E+00,  8.6127E+00,  1.8842E-01,  1.4305E+00,  2.7820E-01,  1.7346E+00,  3.0858E-01,  1.2421E+00,  5.4236E-02,  2.3837E-01,  5.3774E-02,  1.1068E-01,  8.8399E-02,  2.2691E-01,  4.2041E-02,  1.4082E-01,  7.2081E-02,  1.4547E-01,  9.2490E-02,  9.2556E-01,  5.7241E-03,  4.5198E-02,  1.0836E-05,  1.0836E-05,  1.0837E-05,  1.0837E-05,  1.0837E-05,  1.0837E-05,  1.0837E-05,  1.0837E-05,  1.0837E-05,  1.0837E-05,  1.0837E-05,  1.0837E-05,  1.0837E-05,  1.0837E-05,  1.0837E-05,  1.0837E-05,  1.0837E-05,  1.0837E-05,  1.0837E-05,  1.0837E-05,  1.0837E-05,  1.0837E-05,  1.0837E-05,  1.0837E-05,  1.0837E-05,  1.0837E-05,  1.0837E-05,  1.0837E-05,  1.0837E-05,  1.0837E-05,  1.0837E-05,  1.0837E-05,  1.0837E-05,  1.0837E-05,  1.0837E-05,  1.0837E-05,  1.0837E-05,  1.0837E-05,  1.0837E-05,  1.0837E-05,  1.0837E-05,  1.0837E-05,  1.0837E-05,  1.0837E-05,  1.0837E-05,  1.0837E-05,  1.0837E-05,  1.0837E-05,  1.0837E-05,  1.0837E-05,  1.0837E-05,  1.0837E-05,  1.0837E-05,  1.0837E-05,  1.0837E-05,  1.0837E-05,  1.0837E-05,  1.0837E-05,  1.0837E-05,  1.0837E-05,  1.0837E-05,  1.0837E-05,  1.0837E-05,  1.0837E-05,  1.3058E+01,  1.3317E+00,  1.7777E-03,  1.3963E-04,  2.7031E-03,  2.7474E-02,  5.6173E-03,  4.5565E-02,  2.5446E-04,  1.3903E-02,  7.0339E-04,  5.9732E-03,  9.1282E-04,  3.6425E-03,  3.8922E-05,  3.1801E-04,  1.3765E-05,  5.8666E-04,  4.6152E-05,  5.7079E-04,  6.6744E-05,  2.6159E-04,  2.3156E-04,  3.9997E-04,  3.2220E-04,  1.8467E-03,  2.1802E-06,  7.0774E-05,  6.5356E-11,  6.5356E-11,  6.5356E-11,  6.5356E-11,  6.5356E-11,  6.5356E-11,  6.5356E-11,  6.5356E-11,  6.5356E-11,  6.5356E-11,  6.5356E-11,  6.5356E-11,  6.5356E-11,  6.5356E-11,  6.5356E-11,  6.5356E-11,  6.5356E-11,  6.5356E-11,  6.5356E-11,  6.5356E-11,  6.5356E-11,  6.5356E-11,  6.5356E-11,  6.5356E-11,  6.5356E-11,  6.5356E-11,  6.5356E-11,  6.5356E-11,  6.5356E-11,  6.5356E-11,  6.5356E-11,  6.5356E-11,  6.5356E-11,  6.5356E-11,  6.5356E-11,  6.5356E-11,  6.5356E-11,  6.5356E-11,  6.5356E-11,  6.5356E-11,  6.5356E-11,  6.5356E-11,  6.5356E-11,  6.5356E-11,  6.5356E-11,  6.5356E-11,  6.5356E-11,  6.5356E-11,  6.5356E-11,  6.5356E-11,  6.5356E-11,  6.5356E-11,  6.5356E-11,  6.5356E-11,  6.5356E-11,  6.5356E-11,  6.5356E-11,  6.5356E-11,  6.5356E-11,  6.5356E-11,  6.5356E-11,  6.5356E-11,  6.5356E-11,  6.5356E-11
  2.8000E+00,  3.3592E+03,  3.2714E+02,  1.2958E+00,  7.4062E-01,  2.5227E+00,  8.5992E+00,  2.3748E+00,  8.5998E+00,  1.8835E-01,  1.4264E+00,  2.7801E-01,  1.7330E+00,  3.0834E-01,  1.2412E+00,  5.4226E-02,  2.3829E-01,  5.3770E-02,  1.1050E-01,  8.8386E-02,  2.2675E-01,  4.2024E-02,  1.4075E-01,  7.2019E-02,  1.4537E-01,  9.2404E-02,  9.2507E-01,  5.7235E-03,  4.5179E-02,  1.0836E-05,  1.0836E-05,  1.0837E-05,  1.0837E-05,  1.0837E-05,  1.0837E-05,  1.0837E-05,  1.0837E-05,  1.0837E-05,  1.0837E-05,  1.0837E-05,  1.0837E-05,  1.0837E-05,  1.0837E-05,  1.0837E-05,  1.0837E-05,  1.0837E-05,  1.0837E-05,  1.0837E-05,  1.0837E-05,  1.0837E-05,  1.0837E-05,  1.0837E-05,  1.0837E-05,  1.0837E-05,  1.0837E-05,  1.0837E-05,  1.0837E-05,  1.0837E-05,  1.0837E-05,  1.0837E-05,  1.0837E-05,  1.0837E-05,  1.0837E-05,  1.0837E-05,  1.0837E-05,  1.0837E-05,  1.0837E-05,  1.0837E-05,  1.0837E-05,  1.0837E-05,  1.0837E-05,  1.0837E-05,  1.0837E-05,  1.0837E-05,  1.0837E-05,  1.0837E-05,  1.0837E-05,  1.0837E-05,  1.0837E-05,  1.0837E-05,  1.0837E-05,  1.0837E-05,  1.0837E-05,  1.0837E-05,  1.0837E-05,  1.0837E-05,  1.0837E-05,  1.0837E-05,  1.0837E-05,  1.0837E-05,  1.0837E-05,  1.0837E-05,  1.0837E-05,  8.9530E+00,  1.0305E+00,  1.4215E-03,  1.1711E-04,  2.1671E-03,  2.1159E-02,  5.0306E-03,  4.0657E-02,  2.0220E-04,  1.3589E-02,  5.4883E-04,  4.5881E-03,  7.0764E-04,  2.8008E-03,  3.1276E-05,  2.4941E-04,  1.1361E-05,  5.7782E-04,  3.7364E-05,  4.4137E-04,  5.2853E-05,  2.0701E-04,  1.8109E-04,  3.1277E-04,  2.5031E-04,  1.4464E-03,  1.7854E-06,  5.5561E-05,  6.5356E-11,  6.5356E-11,  6.5356E-11,  6.5356E-11,  6.5356E-11,  6.5356E-11,  6.5356E-11,  6.5356E-11,  6.5356E-11,  6.5356E-11,  6.5356E-11,  6.5356E-11,  6.5356E-11,  6.5356E-11,  6.5356E-11,  6.5356E-11,  6.5356E-11,  6.5356E-11,  6.5356E-11,  6.5356E-11,  6.5356E-11,  6.5356E-11,  6.5356E-11,  6.5356E-11,  6.5356E-11,  6.5356E-11,  6.5356E-11,  6.5356E-11,  6.5356E-11,  6.5356E-11,  6.5356E-11,  6.5356E-11,  6.5356E-11,  6.5356E-11,  6.5356E-11,  6.5356E-11,  6.5356E-11,  6.5356E-11,  6.5356E-11,  6.5356E-11,  6.5356E-11,  6.5356E-11,  6.5356E-11,  6.5356E-11,  6.5356E-11,  6.5356E-11,  6.5356E-11,  6.5356E-11,  6.5356E-11,  6.5356E-11,  6.5356E-11,  6.5356E-11,  6.5356E-11,  6.5356E-11,  6.5356E-11,  6.5356E-11,  6.5356E-11,  6.5356E-11,  6.5356E-11,  6.5356E-11,  6.5356E-11,  6.5356E-11,  6.5356E-11,  6.5356E-11
  3.2000E+00,  3.3563E+03,  3.2678E+02,  1.2953E+00,  7.4058E-01,  2.5220E+00,  8.5918E+00,  2.3728E+00,  8.5843E+00,  1.8828E-01,  1.4210E+00,  2.7782E-01,  1.7314E+00,  3.0809E-01,  1.2402E+00,  5.4215E-02,  2.3820E-01,  5.3766E-02,  1.1028E-01,  8.8373E-02,  2.2660E-01,  4.2005E-02,  1.4068E-01,  7.1955E-02,  1.4526E-01,  9.2317E-02,  9.2456E-01,  5.7228E-03,  4.5160E-02,  1.0836E-05,  1.0836E-05,  1.0837E-05,  1.0837E-05,  1.0837E-05,  1.0837E-05,  1.0837E-05,  1.0837E-05,  1.0837E-05,  1.0837E-05,  1.0837E-05,  1.0837E-05,  1.0837E-05,  1.0837E-05,  1.0837E-05,  1.0837E-05,  1.0837E-05,  1.0837E-05,  1.0837E-05,  1.0837E-05,  1.0837E-05,  1.0837E-05,  1.0837E-05,  1.0837E-05,  1.0837E-05,  1.0837E-05,  1.0837E-05,  1.0837E-05,  1.0837E-05,  1.0837E-05,  1.0837E-05,  1.0837E-05,  1.0837E-05,  1.0837E-05,  1.0837E-05,  1.0837E-05,  1.0837E-05,  1.0837E-05,  1.0837E-05,  1.0837E-05,  1.0837E-05,  1.0837E-05,  1.0837E-05,  1.0837E-05,  1.0837E-05,  1.0837E-05,  1.0837E-05,  1.0837E-05,  1.0837E-05,  1.0837E-05,  1.0837E-05,  1.0837E-05,  1.0837E-05,  1.0837E-05,  1.0837E-05,  1.0837E-05,  1.0837E-05,  1.0837E-05,  1.0837E-05,  1.0837E-05,  1.0837E-05,  1.0837E-05,  1.0837E-05,  1.0837E-05,  5.7110E+00,  7.6719E-01,  1.0932E-03,  9.5263E-05,  1.6712E-03,  1.5570E-02,  4.5681E-03,  3.6889E-02,  1.5431E-04,  1.3420E-02,  4.0989E-04,  3.3631E-03,  5.2441E-04,  2.0555E-03,  2.4179E-05,  1.8734E-04,  9.0660E-06,  5.5043E-04,  2.9140E-05,  3.2606E-04,  4.0168E-05,  1.5722E-04,  1.3564E-04,  2.3422E-04,  1.8602E-04,  1.0851E-03,  1.4117E-06,  4.1795E-05,  6.5356E-11,  6.5356E-11,  6.5356E-11,  6.5356E-11,  6.5356E-11,  6.5356E-11,  6.5356E-11,  6.5356E-11,  6.5356E-11,  6.5356E-11,  6.5356E-11,  6.5356E-11,  6.5356E-11,  6.5356E-11,  6.5356E-11,  6.5356E-11,  6.5356E-11,  6.5356E-11,  6.5356E-11,  6.5356E-11,  6.5356E-11,  6.5356E-11,  6.5356E-11,  6.5356E-11,  6.5356E-11,  6.5356E-11,  6.5356E-11,  6.5356E-11,  6.5356E-11,  6.5356E-11,  6.5356E-11,  6.5356E-11,  6.5356E-11,  6.5356E-11,  6.5356E-11,  6.5356E-11,  6.5356E-11,  6.5356E-11,  6.5356E-11,  6.5356E-11,  6.5356E-11,  6.5356E-11,  6.5356E-11,  6.5356E-11,  6.5356E-11,  6.5356E-11,  6.5356E-11,  6.5356E-11,  6.5356E-11,  6.5356E-11,  6.5356E-11,  6.5356E-11,  6.5356E-11,  6.5356E-11,  6.5356E-11,  6.5356E-11,  6.5356E-11,  6.5356E-11,  6.5356E-11,  6.5356E-11,  6.5356E-11,  6.5356E-11,  6.5356E-11,  6.5356E-11
  3.5000E+00,  3.3548E+03,  3.2657E+02,  1.2950E+00,  7.4055E-01,  2.5215E+00,  8.5876E+00,  2.3715E+00,  8.5734E+00,  1.8824E-01,  1.4169E+00,  2.7771E-01,  1.7305E+00,  3.0795E-01,  1.2397E+00,  5.4208E-02,  2.3815E-01,  5.3763E-02,  1.1012E-01,  8.8365E-02,  2.2651E-01,  4.1994E-02,  1.4063E-01,  7.1918E-02,  1.4519E-01,  9.2266E-02,  9.2426E-01,  5.7224E-03,  4.5148E-02,  1.0836E-05,  1.0836E-05,  1.0837E-05,  1.0837E-05,  1.0837E-05,  1.0837E-05,  1.0837E-05,  1.0837E-05,  1.0837E-05,  1.0837E-05,  1.0837E-05,  1.0837E-05,  1.0837E-05,  1.0837E-05,  1.0837E-05,  1.0837E-05,  1.0837E-05,  1.0837E-05,  1.0837E-05,  1.0837E-05,  1.0837E-05,  1.0837E-05,  1.0837E-05,  1.0837E-05,  1.0837E-05,  1.0837E-05,  1.0837E-05,  1.0837E-05,  1.0837E-05,  1.0837E-05,  1.0837E-05,  1.0837E-05,  1.0837E-05,  1.0837E-05,  1.0837E-05,  1.0837E-05,  1.0837E-05,  1.0837E-05,  1.0837E-05,  1.0837E-05,  1.0837E-05,  1.0837E-05,  1.0837E-05,  1.0837E-05,  1.0837E-05,  1.0837E-05,  1.0837E-05,  1.0837E-05,  1.0837E-05,  1.0837E-05,  1.0837E-05,  1.0837E-05,  1.0837E-05,  1.0837E-05,  1.0837E-05,  1.0837E-05,  1.0837E-05,  1.0837E-05,  1.0837E-05,  1.0837E-05,  1.0837E-05,  1.0837E-05,  1.0837E-05,  1.0837E-05,  4.2230E+00,  6.3416E-01,  9.1864E-04,  8.3113E-05,  1.4066E-03,  1.2707E-02,  4.3695E-03,  3.5308E-02,  1.2896E-04,  1.3362E-02,  3.3766E-04,  2.7358E-03,  4.2976E-04,  1.6734E-03,  2.0384E-05,  1.5490E-04,  7.8075E-06,  5.2094E-04,  2.4711E-05,  2.6662E-04,  3.3481E-05,  1.3099E-04,  1.1197E-04,  1.9331E-04,  1.5275E-04,  8.9673E-04,  1.2084E-06,  3.4598E-05,  6.5356E-11,  6.5356E-11,  6.5356E-11,  6.5356E-11,  6.5356E-11,  6.5356E-11,  6.5356E-11,  6.5356E-11,  6.5356E-11,  6.5356E-11,  6.5356E-11,  6.5356E-11,  6.5356E-11,  6.5356E-11,  6.5356E-11,  6.5356E-11,  6.5356E-11,  6.5356E-11,  6.5356E-11,  6.5356E-11,  6.5356E-11,  6.5356E-11,  6.5356E-11,  6.5356E-11,  6.5356E-11,  6.5356E-11,  6.5356E-11,  6.5356E-11,  6.5356E-11,  6.5356E-11,  6.5356E-11,  6.5356E-11,  6.5356E-11,  6.5356E-11,  6.5356E-11,  6.5356E-11,  6.5356E-11,  6.5356E-11,  6.5356E-11,  6.5356E-11,  6.5356E-11,  6.5356E-11,  6.5356E-11,  6.5356E-11,  6.5356E-11,  6.5356E-11,  6.5356E-11,  6.5356E-11,  6.5356E-11,  6.5356E-11,  6.5356E-11,  6.5356E-11,  6.5356E-11,  6.5356E-11,  6.5356E-11,  6.5356E-11,  6.5356E-11,  6.5356E-11,  6.5356E-11,  6.5356E-11,  6.5356E-11,  6.5356E-11,  6.5356E-11,  6.5356E-11
  4.0000E+00,  3.3531E+03,  3.2629E+02,  1.2946E+00,  7.4051E-01,  2.5209E+00,  8.5821E+00,  2.3693E+00,  8.5561E+00,  1.8818E-01,  1.4103E+00,  2.7756E-01,  1.7293E+00,  3.0776E-01,  1.2389E+00,  5.4199E-02,  2.3808E-01,  5.3760E-02,  1.0987E-01,  8.8354E-02,  2.2640E-01,  4.1979E-02,  1.4058E-01,  7.1869E-02,  1.4511E-01,  9.2199E-02,  9.2387E-01,  5.7219E-03,  4.5133E-02,  1.0836E-05,  1.0836E-05,  1.0837E-05,  1.0837E-05,  1.0837E-05,  1.0837E-05,  1.0837E-05,  1.0837E-05,  1.0837E-05,  1.0837E-05,  1.0837E-05,  1.0837E-05,  1.0837E-05,  1.0837E-05,  1.0837E-05,  1.0837E-05,  1.0837E-05,  1.0837E-05,  1.0837E-05,  1.0837E-05,  1.0837E-05,  1.0837E-05,  1.0837E-05,  1.0837E-05,  1.0837E-05,  1.0837E-05,  1.0837E-05,  1.0837E-05,  1.0837E-05,  1.0837E-05,  1.0837E-05,  1.0837E-05,  1.0837E-05,  1.0837E-05,  1.0837E-05,  1.0837E-05,  1.0837E-05,  1.0837E-05,  1.0837E-05,  1.0837E-05,  1.0837E-05,  1.0837E-05,  1.0837E-05,  1.0837E-05,  1.0837E-05,  1.0837E-05,  1.0837E-05,  1.0837E-05,  1.0837E-05,  1.0837E-05,  1.0837E-05,  1.0837E-05,  1.0837E-05,  1.0837E-05,  1.0837E-05,  1.0837E-05,  1.0837E-05,  1.0837E-05,  1.0837E-05,  1.0837E-05,  1.0837E-05,  1.0837E-05,  1.0837E-05,  1.0837E-05,  2.7045E+00,  4.8539E-01,  7.1526E-04,  6.8438E-05,  1.0951E-03,  9.4518E-03,  4.2009E-03,  3.3973E-02,  9.9245E-05,  1.3253E-02,  2.5432E-04,  2.0221E-03,  3.2118E-04,  1.2382E-03,  1.5891E-05,  1.1732E-04,  6.2822E-06,  4.6112E-04,  1.9433E-05,  1.9859E-04,  2.5664E-05,  1.0071E-04,  8.4902E-05,  1.4654E-04,  1.1492E-04,  6.7855E-04,  9.6716E-07,  2.6249E-05,  6.5356E-11,  6.5356E-11,  6.5356E-11,  6.5356E-11,  6.5356E-11,  6.5356E-11,  6.5356E-11,  6.5356E-11,  6.5356E-11,  6.5356E-11,  6.5356E-11,  6.5356E-11,  6.5356E-11,  6.5356E-11,  6.5356E-11,  6.5356E-11,  6.5356E-11,  6.5356E-11,  6.5356E-11,  6.5356E-11,  6.5356E-11,  6.5356E-11,  6.5356E-11,  6.5356E-11,  6.5356E-11,  6.5356E-11,  6.5356E-11,  6.5356E-11,  6.5356E-11,  6.5356E-11,  6.5356E-11,  6.5356E-11,  6.5356E-11,  6.5356E-11,  6.5356E-11,  6.5356E-11,  6.5356E-11,  6.5356E-11,  6.5356E-11,  6.5356E-11,  6.5356E-11,  6.5356E-11,  6.5356E-11,  6.5356E-11,  6.5356E-11,  6.5356E-11,  6.5356E-11,  6.5356E-11,  6.5356E-11,  6.5356E-11,  6.5356E-11,  6.5356E-11,  6.5356E-11,  6.5356E-11,  6.5356E-11,  6.5356E-11,  6.5356E-11,  6.5356E-11,  6.5356E-11,  6.5356E-11,  6.5356E-11,  6.5356E-11,  6.5356E-11,  6.5356E-11
  4.5000E+00,  3.3519E+03,  3.2607E+02,  1.2943E+00,  7.4048E-01,  2.5204E+00,  8.5779E+00,  2.3673E+00,  8.5392E+00,  1.8813E-01,  1.4037E+00,  2.7744E-01,  1.7284E+00,  3.0762E-01,  1.2384E+00,  5.4192E-02,  2.3803E-01,  5.3757E-02,  1.0966E-01,  8.8345E-02,  2.2631E-01,  4.1968E-02,  1.4053E-01,  7.1831E-02,  1.4504E-01,  9.2148E-02,  9.2357E-01,  5.7215E-03,  4.5121E-02,  1.0836E-05,  1.0836E-05,  1.0836E-05,  1.0837E-05,  1.0837E-05,  1.0837E-05,  1.0837E-05,  1.0837E-05,  1.0837E-05,  1.0837E-05,  1.0837E-05,  1.0837E-05,  1.0837E-05,  1.0837E-05,  1.0836E-05,  1.0837E-05,  1.0837E-05,  1.0837E-05,  1.0837E-05,  1.0837E-05,  1.0837E-05,  1.0837E-05,  1.0837E-05,  1.0837E-05,  1.0837E-05,  1.0837E-05,  1.0837E-05,  1.0837E-05,  1.0837E-05,  1.0837E-05,  1.0837E-05,  1.0837E-05,  1.0837E-05,  1.0837E-05,  1.0837E-05,  1.0837E-05,  1.0837E-05,  1.0837E-05,  1.0837E-05,  1.0837E-05,  1.0837E-05,  1.0837E-05,  1.0837E-05,  1.0837E-05,  1.0837E-05,  1.0837E-05,  1.0837E-05,  1.0837E-05,  1.0837E-05,  1.0837E-05,  1.0837E-05,  1.0837E-05,  1.0837E-05,  1.0837E-05,  1.0837E-05,  1.0837E-05,  1.0837E-05,  1.0837E-05,  1.0837E-05,  1.0837E-05,  1.0837E-05,  1.0837E-05,  1.0837E-05,  1.0837E-05,  1.8399E+00,  3.9207E-01,  5.7688E-04,  5.7984E-05,  8.8745E-04,  7.3553E-03,  4.1461E-03,  3.3495E-02,  7.9753E-05,  1.3043E-02,  2.0053E-04,  1.5621E-03,  2.5153E-04,  9.5750E-04,  1.2916E-05,  9.2591E-05,  5.2506E-06,  3.9535E-04,  1.5917E-05,  1.5446E-04,  2.0550E-05,  8.0312E-05,  6.6892E-05,  1.1543E-04,  8.9921E-05,  5.3726E-04,  7.9920E-07,  2.0830E-05,  6.5356E-11,  6.5356E-11,  6.5356E-11,  6.5356E-11,  6.5356E-11,  6.5356E-11,  6.5356E-11,  6.5356E-11,  6.5356E-11,  6.5356E-11,  6.5356E-11,  6.5356E-11,  6.5356E-11,  6.5356E-11,  6.5356E-11,  6.5356E-11,  6.5356E-11,  6.5356E-11,  6.5356E-11,  6.5356E-11,  6.5356E-11,  6.5356E-11,  6.5356E-11,  6.5356E-11,  6.5356E-11,  6.5356E-11,  6.5356E-11,  6.5356E-11,  6.5356E-11,  6.5356E-11,  6.5356E-11,  6.5356E-11,  6.5356E-11,  6.5356E-11,  6.5356E-11,  6.5356E-11,  6.5356E-11,  6.5356E-11,  6.5356E-11,  6.5356E-11,  6.5356E-11,  6.5356E-11,  6.5356E-11,  6.5356E-11,  6.5356E-11,  6.5356E-11,  6.5356E-11,  6.5356E-11,  6.5356E-11,  6.5356E-11,  6.5356E-11,  6.5356E-11,  6.5356E-11,  6.5356E-11,  6.5356E-11,  6.5356E-11,  6.5356E-11,  6.5356E-11,  6.5356E-11,  6.5356E-11,  6.5356E-11,  6.5356E-11,  6.5356E-11,  6.5356E-11
  5.0000E+00,  3.3511E+03,  3.2589E+02,  1.2940E+00,  7.4045E-01,  2.5200E+00,  8.5745E+00,  2.3652E+00,  8.5225E+00,  1.8810E-01,  1.3973E+00,  2.7735E-01,  1.7277E+00,  3.0750E-01,  1.2379E+00,  5.4186E-02,  2.3799E-01,  5.3754E-02,  1.0948E-01,  8.8338E-02,  2.2624E-01,  4.1958E-02,  1.4049E-01,  7.1801E-02,  1.4499E-01,  9.2107E-02,  9.2332E-01,  5.7211E-03,  4.5112E-02,  1.0836E-05,  1.0836E-05,  1.0836E-05,  1.0836E-05,  1.0836E-05,  1.0837E-05,  1.0837E-05,  1.0837E-05,  1.0837E-05,  1.0837E-05,  1.0837E-05,  1.0837E-05,  1.0836E-05,  1.0837E-05,  1.0836E-05,  1.0837E-05,  1.0837E-05,  1.0837E-05,  1.0837E-05,  1.0837E-05,  1.0837E-05,  1.0837E-05,  1.0837E-05,  1.0837E-05,  1.0837E-05,  1.0837E-05,  1.0837E-05,  1.0837E-05,  1.0837E-05,  1.0837E-05,  1.0837E-05,  1.0837E-05,  1.0837E-05,  1.0837E-05,  1.0837E-05,  1.0837E-05,  1.0837E-05,  1.0837E-05,  1.0837E-05,  1.0837E-05,  1.0837E-05,  1.0837E-05,  1.0837E-05,  1.0837E-05,  1.0837E-05,  1.0837E-05,  1.0837E-05,  1.0837E-05,  1.0837E-05,  1.0837E-05,  1.0837E-05,  1.0837E-05,  1.0837E-05,  1.0837E-05,  1.0837E-05,  1.0837E-05,  1.0837E-05,  1.0837E-05,  1.0837E-05,  1.0837E-05,  1.0837E-05,  1.0837E-05,  1.0837E-05,  1.0837E-05,  1.3185E+00,  3.3237E-01,  4.8031E-04,  5.0453E-05,  7.4038E-04,  5.9681E-03,  4.1504E-03,  3.3409E-02,  6.5991E-05,  1.2699E-02,  1.6314E-04,  1.2572E-03,  2.0338E-04,  7.7133E-04,  1.0797E-05,  7.5964E-05,  4.4996E-06,  3.3041E-04,  1.3397E-05,  1.2508E-04,  1.6950E-05,  6.6205E-05,  5.4547E-05,  9.4113E-05,  7.2876E-05,  4.3869E-04,  6.8008E-07,  1.7043E-05,  6.5356E-11,  6.5356E-11,  6.5356E-11,  6.5356E-11,  6.5356E-11,  6.5356E-11,  6.5356E-11,  6.5356E-11,  6.5356E-11,  6.5356E-11,  6.5356E-11,  6.5356E-11,  6.5356E-11,  6.5356E-11,  6.5356E-11,  6.5356E-11,  6.5356E-11,  6.5356E-11,  6.5356E-11,  6.5356E-11,  6.5356E-11,  6.5356E-11,  6.5356E-11,  6.5356E-11,  6.5356E-11,  6.5356E-11,  6.5356E-11,  6.5356E-11,  6.5356E-11,  6.5356E-11,  6.5356E-11,  6.5356E-11,  6.5356E-11,  6.5356E-11,  6.5356E-11,  6.5356E-11,  6.5356E-11,  6.5356E-11,  6.5356E-11,  6.5356E-11,  6.5356E-11,  6.5356E-11,  6.5356E-11,  6.5356E-11,  6.5356E-11,  6.5356E-11,  6.5356E-11,  6.5356E-11,  6.5356E-11,  6.5356E-11,  6.5356E-11,  6.5356E-11,  6.5356E-11,  6.5356E-11,  6.5356E-11,  6.5356E-11,  6.5356E-11,  6.5356E-11,  6.5356E-11,  6.5356E-11,  6.5356E-11,  6.5356E-11,  6.5356E-11,  6.5356E-11
  5.5000E+00,  3.3506E+03,  3.2573E+02,  1.2938E+00,  7.4043E-01,  2.5196E+00,  8.5718E+00,  2.3631E+00,  8.5058E+00,  1.8807E-01,  1.3910E+00,  2.7728E-01,  1.7271E+00,  3.0741E-01,  1.2376E+00,  5.4181E-02,  2.3795E-01,  5.3752E-02,  1.0933E-01,  8.8331E-02,  2.2618E-01,  4.1950E-02,  1.4046E-01,  7.1776E-02,  1.4495E-01,  9.2074E-02,  9.2312E-01,  5.7208E-03,  4.5104E-02,  1.0836E-05,  1.0836E-05,  1.0836E-05,  1.0836E-05,  1.0836E-05,  1.0837E-05,  1.0836E-05,  1.0837E-05,  1.0837E-05,  1.0837E-05,  1.0836E-05,  1.0836E-05,  1.0836E-05,  1.0836E-05,  1.0836E-05,  1.0837E-05,  1.0837E-05,  1.0837E-05,  1.0837E-05,  1.0837E-05,  1.0837E-05,  1.0837E-05,  1.0837E-05,  1.0837E-05,  1.0837E-05,  1.0837E-05,  1.0837E-05,  1.0837E-05,  1.0837E-05,  1.0837E-05,  1.0837E-05,  1.0837E-05,  1.0837E-05,  1.0837E-05,  1.0837E-05,  1.0837E-05,  1.0837E-05,  1.0837E-05,  1.0837E-05,  1.0837E-05,  1.0837E-05,  1.0837E-05,  1.0837E-05,  1.0837E-05,  1.0837E-05,  1.0837E-05,  1.0837E-05,  1.0837E-05,  1.0837E-05,  1.0837E-05,  1.0837E-05,  1.0837E-05,  1.0837E-05,  1.0837E-05,  1.0837E-05,  1.0837E-05,  1.0837E-05,  1.0837E-05,  1.0837E-05,  1.0837E-05,  1.0837E-05,  1.0837E-05,  1.0837E-05,  1.0837E-05,  9.8786E-01,  2.9139E-01,  4.1072E-04,  4.4900E-05,  6.3440E-04,  4.9780E-03,  4.1734E-03,  3.3403E-02,  5.6124E-05,  1.2213E-02,  1.3664E-04,  1.0392E-03,  1.6942E-04,  6.3816E-04,  9.2682E-06,  6.3895E-05,  3.9505E-06,  2.7085E-04,  1.1572E-05,  1.0396E-04,  1.4374E-05,  5.6117E-05,  4.5780E-05,  7.8975E-05,  6.0825E-05,  3.6865E-04,  5.9319E-07,  1.4350E-05,  6.5356E-11,  6.5356E-11,  6.5356E-11,  6.5356E-11,  6.5356E-11,  6.5356E-11,  6.5356E-11,  6.5356E-11,  6.5356E-11,  6.5356E-11,  6.5356E-11,  6.5356E-11,  6.5356E-11,  6.5356E-11,  6.5356E-11,  6.5356E-11,  6.5356E-11,  6.5356E-11,  6.5356E-11,  6.5356E-11,  6.5356E-11,  6.5356E-11,  6.5356E-11,  6.5356E-11,  6.5356E-11,  6.5356E-11,  6.5356E-11,  6.5356E-11,  6.5356E-11,  6.5356E-11,  6.5356E-11,  6.5356E-11,  6.5356E-11,  6.5356E-11,  6.5356E-11,  6.5356E-11,  6.5356E-11,  6.5356E-11,  6.5356E-11,  6.5356E-11,  6.5356E-11,  6.5356E-11,  6.5356E-11,  6.5356E-11,  6.5356E-11,  6.5356E-11,  6.5356E-11,  6.5356E-11,  6.5356E-11,  6.5356E-11,  6.5356E-11,  6.5356E-11,  6.5356E-11,  6.5356E-11,  6.5356E-11,  6.5356E-11,  6.5356E-11,  6.5356E-11,  6.5356E-11,  6.5356E-11,  6.5356E-11,  6.5356E-11,  6.5356E-11,  6.5356E-11
  6.3000E+00,  3.3499E+03,  3.2552E+02,  1.2935E+00,  7.4040E-01,  2.5192E+00,  8.5682E+00,  2.3598E+00,  8.4791E+00,  1.8803E-01,  1.3817E+00,  2.7718E-01,  1.7264E+00,  3.0729E-01,  1.2371E+00,  5.4174E-02,  2.3790E-01,  5.3749E-02,  1.0914E-01,  8.8323E-02,  2.2611E-01,  4.1940E-02,  1.4042E-01,  7.1743E-02,  1.4489E-01,  9.2030E-02,  9.2285E-01,  5.7203E-03,  4.5094E-02,  1.0836E-05,  1.0836E-05,  1.0836E-05,  1.0836E-05,  1.0836E-05,  1.0837E-05,  1.0836E-05,  1.0837E-05,  1.0836E-05,  1.0836E-05,  1.0836E-05,  1.0836E-05,  1.0836E-05,  1.0836E-05,  1.0836E-05,  1.0836E-05,  1.0836E-05,  1.0837E-05,  1.0836E-05,  1.0837E-05,  1.0837E-05,  1.0837E-05,  1.0837E-05,  1.0837E-05,  1.0837E-05,  1.0837E-05,  1.0837E-05,  1.0837E-05,  1.0837E-05,  1.0837E-05,  1.0837E-05,  1.0837E-05,  1.0837E-05,  1.0837E-05,  1.0837E-05,  1.0837E-05,  1.0837E-05,  1.0837E-05,  1.0837E-05,  1.0837E-05,  1.0837E-05,  1.0837E-05,  1.0837E-05,  1.0837E-05,  1.0837E-05,  1.0837E-05,  1.0837E-05,  1.0837E-05,  1.0837E-05,  1.0837E-05,  1.0837E-05,  1.0837E-05,  1.0837E-05,  1.0837E-05,  1.0837E-05,  1.0837E-05,  1.0837E-05,  1.0837E-05,  1.0837E-05,  1.0837E-05,  1.0837E-05,  1.0837E-05,  1.0837E-05,  1.0837E-05,  6.7323E-01,  2.5077E-01,  3.3473E-04,  3.8739E-05,  5.1877E-04,  3.9298E-03,  4.2150E-03,  3.3295E-02,  4.5419E-05,  1.1200E-02,  1.0821E-04,  8.0786E-04,  1.3314E-04,  4.9676E-04,  7.6016E-06,  5.0920E-05,  3.3452E-06,  1.9228E-04,  9.5766E-06,  8.1468E-05,  1.1583E-05,  4.5183E-05,  3.6339E-05,  6.2694E-05,  4.7908E-05,  2.9325E-04,  4.9752E-07,  1.1449E-05,  6.5356E-11,  6.5356E-11,  6.5356E-11,  6.5356E-11,  6.5356E-11,  6.5356E-11,  6.5356E-11,  6.5356E-11,  6.5356E-11,  6.5356E-11,  6.5356E-11,  6.5356E-11,  6.5356E-11,  6.5356E-11,  6.5356E-11,  6.5356E-11,  6.5356E-11,  6.5356E-11,  6.5356E-11,  6.5356E-11,  6.5356E-11,  6.5356E-11,  6.5356E-11,  6.5356E-11,  6.5356E-11,  6.5356E-11,  6.5356E-11,  6.5356E-11,  6.5356E-11,  6.5356E-11,  6.5356E-11,  6.5356E-11,  6.5356E-11,  6.5356E-11,  6.5356E-11,  6.5356E-11,  6.5356E-11,  6.5356E-11,  6.5356E-11,  6.5356E-11,  6.5356E-11,  6.5356E-11,  6.5356E-11,  6.5356E-11,  6.5356E-11,  6.5356E-11,  6.5356E-11,  6.5356E-11,  6.5356E-11,  6.5356E-11,  6.5356E-11,  6.5356E-11,  6.5356E-11,  6.5356E-11,  6.5356E-11,  6.5356E-11,  6.5356E-11,  6.5356E-11,  6.5356E-11,  6.5356E-11,  6.5356E-11,  6.5356E-11,  6.5356E-11,  6.5356E-11
  7.1000E+00,  3.3494E+03,  3.2532E+02,  1.2932E+00,  7.4037E-01,  2.5188E+00,  8.5654E+00,  2.3564E+00,  8.4527E+00,  1.8799E-01,  1.3732E+00,  2.7710E-01,  1.7258E+00,  3.0719E-01,  1.2368E+00,  5.4168E-02,  2.3787E-01,  5.3747E-02,  1.0901E-01,  8.8316E-02,  2.2605E-01,  4.1931E-02,  1.4039E-01,  7.1716E-02,  1.4484E-01,  9.1995E-02,  9.2264E-01,  5.7200E-03,  4.5085E-02,  1.0836E-05,  1.0836E-05,  1.0836E-05,  1.0836E-05,  1.0836E-05,  1.0836E-05,  1.0836E-05,  1.0836E-05,  1.0836E-05,  1.0836E-05,  1.0836E-05,  1.0836E-05,  1.0836E-05,  1.0836E-05,  1.0836E-05,  1.0836E-05,  1.0836E-05,  1.0836E-05,  1.0836E-05,  1.0837E-05,  1.0837E-05,  1.0837E-05,  1.0837E-05,  1.0837E-05,  1.0837E-05,  1.0837E-05,  1.0837E-05,  1.0837E-05,  1.0837E-05,  1.0837E-05,  1.0837E-05,  1.0837E-05,  1.0837E-05,  1.0837E-05,  1.0837E-05,  1.0837E-05,  1.0837E-05,  1.0837E-05,  1.0837E-05,  1.0837E-05,  1.0837E-05,  1.0837E-05,  1.0837E-05,  1.0837E-05,  1.0837E-05,  1.0837E-05,  1.0837E-05,  1.0837E-05,  1.0837E-05,  1.0837E-05,  1.0837E-05,  1.0837E-05,  1.0837E-05,  1.0837E-05,  1.0837E-05,  1.0837E-05,  1.0837E-05,  1.0837E-05,  1.0837E-05,  1.0837E-05,  1.0837E-05,  1.0837E-05,  1.0837E-05,  1.0837E-05,  4.9712E-01,  2.2801E-01,  2.8557E-04,  3.4754E-05,  4.4416E-04,  3.2711E-03,  4.2316E-03,  3.2861E-02,  3.8542E-05,  9.9937E-03,  9.0103E-05,  6.6201E-04,  1.1012E-04,  4.0763E-04,  6.5285E-06,  4.2656E-05,  2.9544E-06,  1.3560E-04,  8.2901E-06,  6.7242E-05,  9.7911E-06,  3.8158E-05,  3.0304E-05,  5.2295E-05,  3.9683E-05,  2.4508E-04,  4.3552E-07,  9.5953E-06,  6.5356E-11,  6.5356E-11,  6.5356E-11,  6.5356E-11,  6.5356E-11,  6.5356E-11,  6.5356E-11,  6.5356E-11,  6.5356E-11,  6.5356E-11,  6.5356E-11,  6.5356E-11,  6.5356E-11,  6.5356E-11,  6.5356E-11,  6.5356E-11,  6.5356E-11,  6.5356E-11,  6.5356E-11,  6.5356E-11,  6.5356E-11,  6.5356E-11,  6.5356E-11,  6.5356E-11,  6.5356E-11,  6.5356E-11,  6.5356E-11,  6.5356E-11,  6.5356E-11,  6.5356E-11,  6.5356E-11,  6.5356E-11,  6.5356E-11,  6.5356E-11,  6.5356E-11,  6.5356E-11,  6.5356E-11,  6.5356E-11,  6.5356E-11,  6.5356E-11,  6.5356E-11,  6.5356E-11,  6.5356E-11,  6.5356E-11,  6.5356E-11,  6.5356E-11,  6.5356E-11,  6.5356E-11,  6.5356E-11,  6.5356E-11,  6.5356E-11,  6.5356E-11,  6.5356E-11,  6.5356E-11,  6.5356E-11,  6.5356E-11,  6.5356E-11,  6.5356E-11,  6.5356E-11,  6.5356E-11,  6.5356E-11,  6.5356E-11,  6.5356E-11,  6.5356E-11
  8.0000E+00,  3.3490E+03,  3.2513E+02,  1.2930E+00,  7.4034E-01,  2.5184E+00,  8.5626E+00,  2.3526E+00,  8.4235E+00,  1.8796E-01,  1.3649E+00,  2.7703E-01,  1.7252E+00,  3.0710E-01,  1.2364E+00,  5.4163E-02,  2.3783E-01,  5.3744E-02,  1.0891E-01,  8.8309E-02,  2.2599E-01,  4.1923E-02,  1.4036E-01,  7.1691E-02,  1.4480E-01,  9.1962E-02,  9.2243E-01,  5.7196E-03,  4.5077E-02,  1.0836E-05,  1.0836E-05,  1.0836E-05,  1.0836E-05,  1.0836E-05,  1.0836E-05,  1.0836E-05,  1.0836E-05,  1.0836E-05,  1.0836E-05,  1.0836E-05,  1.0836E-05,  1.0836E-05,  1.0836E-05,  1.0836E-05,  1.0836E-05,  1.0836E-05,  1.0836E-05,  1.0836E-05,  1.0836E-05,  1.0836E-05,  1.0837E-05,  1.0837E-05,  1.0837E-05,  1.0837E-05,  1.0837E-05,  1.0837E-05,  1.0837E-05,  1.0837E-05,  1.0837E-05,  1.0837E-05,  1.0837E-05,  1.0837E-05,  1.0837E-05,  1.0837E-05,  1.0837E-05,  1.0837E-05,  1.0837E-05,  1.0837E-05,  1.0837E-05,  1.0837E-05,  1.0837E-05,  1.0837E-05,  1.0837E-05,  1.0837E-05,  1.0837E-05,  1.0837E-05,  1.0837E-05,  1.0837E-05,  1.0837E-05,  1.0837E-05,  1.0837E-05,  1.0837E-05,  1.0837E-05,  1.0837E-05,  1.0837E-05,  1.0837E-05,  1.0837E-05,  1.0837E-05,  1.0837E-05,  1.0837E-05,  1.0837E-05,  1.0837E-05,  1.0837E-05,  3.8184E-01,  2.1416E-01,  2.4932E-04,  3.1910E-05,  3.8946E-04,  2.7936E-03,  4.2020E-03,  3.1898E-02,  3.3506E-05,  8.5488E-03,  7.6879E-05,  5.5619E-04,  9.3337E-05,  3.4296E-04,  5.7454E-06,  3.6635E-05,  2.6732E-06,  9.3725E-05,  7.3545E-06,  5.6903E-05,  8.4781E-06,  3.3001E-05,  2.5876E-05,  4.4677E-05,  3.3661E-05,  2.0981E-04,  3.9040E-07,  8.2402E-06,  6.5356E-11,  6.5356E-11,  6.5356E-11,  6.5356E-11,  6.5356E-11,  6.5356E-11,  6.5356E-11,  6.5356E-11,  6.5356E-11,  6.5356E-11,  6.5356E-11,  6.5356E-11,  6.5356E-11,  6.5356E-11,  6.5356E-11,  6.5356E-11,  6.5356E-11,  6.5356E-11,  6.5356E-11,  6.5356E-11,  6.5356E-11,  6.5356E-11,  6.5356E-11,  6.5356E-11,  6.5356E-11,  6.5356E-11,  6.5356E-11,  6.5356E-11,  6.5356E-11,  6.5356E-11,  6.5356E-11,  6.5356E-11,  6.5356E-11,  6.5356E-11,  6.5356E-11,  6.5356E-11,  6.5356E-11,  6.5356E-11,  6.5356E-11,  6.5356E-11,  6.5356E-11,  6.5356E-11,  6.5356E-11,  6.5356E-11,  6.5356E-11,  6.5356E-11,  6.5356E-11,  6.5356E-11,  6.5356E-11,  6.5356E-11,  6.5356E-11,  6.5356E-11,  6.5356E-11,  6.5356E-11,  6.5356E-11,  6.5356E-11,  6.5356E-11,  6.5356E-11,  6.5356E-11,  6.5356E-11,  6.5356E-11,  6.5356E-11,  6.5356E-11,  6.5356E-11
  9.0000E+00,  3.3487E+03,  3.2491E+02,  1.2928E+00,  7.4031E-01,  2.5180E+00,  8.5600E+00,  2.3484E+00,  8.3924E+00,  1.8793E-01,  1.3571E+00,  2.7695E-01,  1.7247E+00,  3.0701E-01,  1.2361E+00,  5.4157E-02,  2.3780E-01,  5.3742E-02,  1.0883E-01,  8.8302E-02,  2.2594E-01,  4.1915E-02,  1.4033E-01,  7.1667E-02,  1.4476E-01,  9.1931E-02,  9.2224E-01,  5.7192E-03,  4.5069E-02,  1.0836E-05,  1.0836E-05,  1.0836E-05,  1.0836E-05,  1.0836E-05,  1.0836E-05,  1.0836E-05,  1.0836E-05,  1.0836E-05,  1.0836E-05,  1.0836E-05,  1.0836E-05,  1.0836E-05,  1.0836E-05,  1.0836E-05,  1.0836E-05,  1.0836E-05,  1.0836E-05,  1.0836E-05,  1.0836E-05,  1.0836E-05,  1.0836E-05,  1.0836E-05,  1.0837E-05,  1.0836E-05,  1.0837E-05,  1.0837E-05,  1.0837E-05,  1.0837E-05,  1.0837E-05,  1.0836E-05,  1.0837E-05,  1.0836E-05,  1.0837E-05,  1.0837E-05,  1.0837E-05,  1.0837E-05,  1.0837E-05,  1.0837E-05,  1.0837E-05,  1.0837E-05,  1.0837E-05,  1.0837E-05,  1.0837E-05,  1.0837E-05,  1.0837E-05,  1.0837E-05,  1.0837E-05,  1.0837E-05,  1.0837E-05,  1.0837E-05,  1.0837E-05,  1.0837E-05,  1.0837E-05,  1.0837E-05,  1.0837E-05,  1.0837E-05,  1.0837E-05,  1.0837E-05,  1.0837E-05,  1.0837E-05,  1.0837E-05,  1.0837E-05,  1.0837E-05,  3.0771E-01,  2.0689E-01,  2.2420E-04,  3.0072E-05,  3.5093E-04,  2.4534E-03,  4.1049E-03,  3.0282E-02,  2.9947E-05,  6.9884E-03,  6.7464E-05,  4.8094E-04,  8.1383E-05,  2.9704E-04,  5.1991E-06,  3.2381E-05,  2.4856E-06,  6.5842E-05,  6.7082E-06,  4.9567E-05,  7.5457E-06,  2.9332E-05,  2.2705E-05,  3.9236E-05,  2.9349E-05,  1.8467E-04,  3.5945E-07,  7.2777E-06,  6.5356E-11,  6.5356E-11,  6.5356E-11,  6.5356E-11,  6.5356E-11,  6.5356E-11,  6.5356E-11,  6.5356E-11,  6.5356E-11,  6.5356E-11,  6.5356E-11,  6.5356E-11,  6.5356E-11,  6.5356E-11,  6.5356E-11,  6.5356E-11,  6.5356E-11,  6.5356E-11,  6.5356E-11,  6.5356E-11,  6.5356E-11,  6.5356E-11,  6.5356E-11,  6.5356E-11,  6.5356E-11,  6.5356E-11,  6.5356E-11,  6.5356E-11,  6.5356E-11,  6.5356E-11,  6.5356E-11,  6.5356E-11,  6.5356E-11,  6.5356E-11,  6.5356E-11,  6.5356E-11,  6.5356E-11,  6.5356E-11,  6.5356E-11,  6.5356E-11,  6.5356E-11,  6.5356E-11,  6.5356E-11,  6.5356E-11,  6.5356E-11,  6.5356E-11,  6.5356E-11,  6.5356E-11,  6.5356E-11,  6.5356E-11,  6.5356E-11,  6.5356E-11,  6.5356E-11,  6.5356E-11,  6.5356E-11,  6.5356E-11,  6.5356E-11,  6.5356E-11,  6.5356E-11,  6.5356E-11,  6.5356E-11,  6.5356E-11,  6.5356E-11,  6.5356E-11
  1.0000E+01,  3.3484E+03,  3.2471E+02,  1.2925E+00,  7.4028E-01,  2.5177E+00,  8.5577E+00,  2.3444E+00,  8.3632E+00,  1.8790E-01,  1.3508E+00,  2.7689E-01,  1.7242E+00,  3.0693E-01,  1.2358E+00,  5.4152E-02,  2.3777E-01,  5.3739E-02,  1.0877E-01,  8.8295E-02,  2.2589E-01,  4.1908E-02,  1.4030E-01,  7.1645E-02,  1.4472E-01,  9.1903E-02,  9.2206E-01,  5.7189E-03,  4.5062E-02,  1.0836E-05,  1.0836E-05,  1.0836E-05,  1.0836E-05,  1.0836E-05,  1.0836E-05,  1.0836E-05,  1.0836E-05,  1.0836E-05,  1.0836E-05,  1.0836E-05,  1.0836E-05,  1.0836E-05,  1.0836E-05,  1.0836E-05,  1.0836E-05,  1.0836E-05,  1.0836E-05,  1.0836E-05,  1.0836E-05,  1.0836E-05,  1.0836E-05,  1.0836E-05,  1.0837E-05,  1.0836E-05,  1.0836E-05,  1.0836E-05,  1.0837E-05,  1.0837E-05,  1.0836E-05,  1.0836E-05,  1.0836E-05,  1.0836E-05,  1.0836E-05,  1.0836E-05,  1.0837E-05,  1.0837E-05,  1.0837E-05,  1.0837E-05,  1.0837E-05,  1.0837E-05,  1.0837E-05,  1.0837E-05,  1.0837E-05,  1.0837E-05,  1.0837E-05,  1.0837E-05,  1.0837E-05,  1.0837E-05,  1.0837E-05,  1.0837E-05,  1.0837E-05,  1.0837E-05,  1.0837E-05,  1.0837E-05,  1.0837E-05,  1.0837E-05,  1.0837E-05,  1.0837E-05,  1.0837E-05,  1.0837E-05,  1.0837E-05,  1.0837E-05,  1.0837E-05,  2.6353E-01,  2.0437E-01,  2.0794E-04,  2.9263E-05,  3.2723E-04,  2.2334E-03,  3.9459E-03,  2.8213E-02,  2.7732E-05,  5.5937E-03,  6.1471E-05,  4.3269E-04,  7.3738E-05,  2.6769E-04,  4.8695E-06,  2.9713E-05,  2.3848E-06,  4.9510E-05,  6.3282E-06,  4.4895E-05,  6.9596E-06,  2.7076E-05,  2.0737E-05,  3.5835E-05,  2.6657E-05,  1.6865E-04,  3.4279E-07,  6.6690E-06,  6.5356E-11,  6.5356E-11,  6.5356E-11,  6.5356E-11,  6.5356E-11,  6.5356E-11,  6.5356E-11,  6.5356E-11,  6.5356E-11,  6.5356E-11,  6.5356E-11,  6.5356E-11,  6.5356E-11,  6.5356E-11,  6.5356E-11,  6.5356E-11,  6.5356E-11,  6.5356E-11,  6.5356E-11,  6.5356E-11,  6.5356E-11,  6.5356E-11,  6.5356E-11,  6.5356E-11,  6.5356E-11,  6.5356E-11,  6.5356E-11,  6.5356E-11,  6.5356E-11,  6.5356E-11,  6.5356E-11,  6.5356E-11,  6.5356E-11,  6.5356E-11,  6.5356E-11,  6.5356E-11,  6.5356E-11,  6.5356E-11,  6.5356E-11,  6.5356E-11,  6.5356E-11,  6.5356E-11,  6.5356E-11,  6.5356E-11,  6.5356E-11,  6.5356E-11,  6.5356E-11,  6.5356E-11,  6.5356E-11,  6.5356E-11,  6.5356E-11,  6.5356E-11,  6.5356E-11,  6.5356E-11,  6.5356E-11,  6.5356E-11,  6.5356E-11,  6.5356E-11,  6.5356E-11,  6.5356E-11,  6.5356E-11,  6.5356E-11,  6.5356E-11,  6.5356E-11
  1.1000E+01,  3.3482E+03,  3.2450E+02,  1.2923E+00,  7.4025E-01,  2.5174E+00,  8.5555E+00,  2.3406E+00,  8.3362E+00,  1.8787E-01,  1.3458E+00,  2.7683E-01,  1.7238E+00,  3.0686E-01,  1.2356E+00,  5.4148E-02,  2.3774E-01,  5.3737E-02,  1.0872E-01,  8.8289E-02,  2.2585E-01,  4.1901E-02,  1.4027E-01,  7.1625E-02,  1.4469E-01,  9.1877E-02,  9.2190E-01,  5.7185E-03,  4.5056E-02,  1.0836E-05,  1.0836E-05,  1.0836E-05,  1.0836E-05,  1.0836E-05,  1.0836E-05,  1.0836E-05,  1.0836E-05,  1.0836E-05,  1.0836E-05,  1.0836E-05,  1.0836E-05,  1.0836E-05,  1.0836E-05,  1.0836E-05,  1.0836E-05,  1.0836E-05,  1.0836E-05,  1.0836E-05,  1.0836E-05,  1.0836E-05,  1.0836E-05,  1.0836E-05,  1.0836E-05,  1.0836E-05,  1.0836E-05,  1.0836E-05,  1.0836E-05,  1.0836E-05,  1.0836E-05,  1.0836E-05,  1.0836E-05,  1.0836E-05,  1.0836E-05,  1.0836E-05,  1.0836E-05,  1.0836E-05,  1.0836E-05,  1.0836E-05,  1.0836E-05,  1.0836E-05,  1.0836E-05,  1.0836E-05,  1.0837E-05,  1.0837E-05,  1.0837E-05,  1.0837E-05,  1.0837E-05,  1.0837E-05,  1.0837E-05,  1.0837E-05,  1.0837E-05,  1.0837E-05,  1.0837E-05,  1.0837E-05,  1.0837E-05,  1.0836E-05,  1.0837E-05,  1.0837E-05,  1.0837E-05,  1.0837E-05,  1.0837E-05,  1.0837E-05,  1.0837E-05,  2.3667E-01,  2.0442E-01,  1.9793E-04,  2.9015E-05,  3.1429E-04,  2.0875E-03,  3.7374E-03,  2.5848E-02,  2.6478E-05,  4.4234E-03,  5.7847E-05,  4.0134E-04,  6.8948E-05,  2.4870E-04,  4.6919E-06,  2.8062E-05,  2.3516E-06,  3.9222E-05,  6.1255E-06,  4.1903E-05,  6.6202E-06,  2.5658E-05,  1.9419E-05,  3.3637E-05,  2.4841E-05,  1.5899E-04,  3.3385E-07,  6.3083E-06,  6.5356E-11,  6.5356E-11,  6.5356E-11,  6.5356E-11,  6.5356E-11,  6.5356E-11,  6.5356E-11,  6.5356E-11,  6.5356E-11,  6.5356E-11,  6.5356E-11,  6.5356E-11,  6.5356E-11,  6.5356E-11,  6.5356E-11,  6.5356E-11,  6.5356E-11,  6.5356E-11,  6.5356E-11,  6.5356E-11,  6.5356E-11,  6.5356E-11,  6.5356E-11,  6.5356E-11,  6.5356E-11,  6.5356E-11,  6.5356E-11,  6.5356E-11,  6.5356E-11,  6.5356E-11,  6.5356E-11,  6.5356E-11,  6.5356E-11,  6.5356E-11,  6.5356E-11,  6.5356E-11,  6.5356E-11,  6.5356E-11,  6.5356E-11,  6.5356E-11,  6.5356E-11,  6.5356E-11,  6.5356E-11,  6.5356E-11,  6.5356E-11,  6.5356E-11,  6.5356E-11,  6.5356E-11,  6.5356E-11,  6.5356E-11,  6.5356E-11,  6.5356E-11,  6.5356E-11,  6.5356E-11,  6.5356E-11,  6.5356E-11,  6.5356E-11,  6.5356E-11,  6.5356E-11,  6.5356E-11,  6.5356E-11,  6.5356E-11,  6.5356E-11,  6.5356E-11
  1.2000E+01,  3.3479E+03,  3.2430E+02,  1.2921E+00,  7.4022E-01,  2.5171E+00,  8.5535E+00,  2.3369E+00,  8.3116E+00,  1.8785E-01,  1.3418E+00,  2.7677E-01,  1.7234E+00,  3.0680E-01,  1.2353E+00,  5.4143E-02,  2.3771E-01,  5.3735E-02,  1.0869E-01,  8.8283E-02,  2.2581E-01,  4.1895E-02,  1.4025E-01,  7.1606E-02,  1.4465E-01,  9.1853E-02,  9.2174E-01,  5.7182E-03,  4.5050E-02,  1.0836E-05,  1.0836E-05,  1.0836E-05,  1.0836E-05,  1.0836E-05,  1.0836E-05,  1.0836E-05,  1.0836E-05,  1.0836E-05,  1.0836E-05,  1.0836E-05,  1.0836E-05,  1.0836E-05,  1.0836E-05,  1.0836E-05,  1.0836E-05,  1.0836E-05,  1.0836E-05,  1.0836E-05,  1.0836E-05,  1.0836E-05,  1.0836E-05,  1.0836E-05,  1.0836E-05,  1.0836E-05,  1.0836E-05,  1.0836E-05,  1.0836E-05,  1.0836E-05,  1.0836E-05,  1.0836E-05,  1.0836E-05,  1.0836E-05,  1.0836E-05,  1.0836E-05,  1.0836E-05,  1.0836E-05,  1.0836E-05,  1.0836E-05,  1.0836E-05,  1.0836E-05,  1.0836E-05,  1.0836E-05,  1.0836E-05,  1.0836E-05,  1.0836E-05,  1.0836E-05,  1.0836E-05,  1.0836E-05,  1.0836E-05,  1.0836E-05,  1.0836E-05,  1.0837E-05,  1.0837E-05,  1.0837E-05,  1.0836E-05,  1.0836E-05,  1.0837E-05,  1.0837E-05,  1.0837E-05,  1.0837E-05,  1.0837E-05,  1.0837E-05,  1.0837E-05,  2.2039E-01,  2.0613E-01,  1.9221E-04,  2.9252E-05,  3.0701E-04,  1.9967E-03,  3.4948E-03,  2.3348E-02,  2.5730E-05,  3.4901E-03,  5.5483E-05,  3.8256E-04,  6.5935E-05,  2.3747E-04,  4.6115E-06,  2.7196E-05,  2.3535E-06,  3.2129E-05,  6.0693E-06,  4.0177E-05,  6.4105E-06,  2.4807E-05,  1.8587E-05,  3.2240E-05,  2.3674E-05,  1.5270E-04,  3.3124E-07,  6.0791E-06,  6.5356E-11,  6.5356E-11,  6.5356E-11,  6.5356E-11,  6.5356E-11,  6.5356E-11,  6.5356E-11,  6.5356E-11,  6.5356E-11,  6.5356E-11,  6.5356E-11,  6.5356E-11,  6.5356E-11,  6.5356E-11,  6.5356E-11,  6.5356E-11,  6.5356E-11,  6.5356E-11,  6.5356E-11,  6.5356E-11,  6.5356E-11,  6.5356E-11,  6.5356E-11,  6.5356E-11,  6.5356E-11,  6.5356E-11,  6.5356E-11,  6.5356E-11,  6.5356E-11,  6.5356E-11,  6.5356E-11,  6.5356E-11,  6.5356E-11,  6.5356E-11,  6.5356E-11,  6.5356E-11,  6.5356E-11,  6.5356E-11,  6.5356E-11,  6.5356E-11,  6.5356E-11,  6.5356E-11,  6.5356E-11,  6.5356E-11,  6.5356E-11,  6.5356E-11,  6.5356E-11,  6.5356E-11,  6.5356E-11,  6.5356E-11,  6.5356E-11,  6.5356E-11,  6.5356E-11,  6.5356E-11,  6.5356E-11,  6.5356E-11,  6.5356E-11,  6.5356E-11,  6.5356E-11,  6.5356E-11,  6.5356E-11,  6.5356E-11,  6.5356E-11,  6.5356E-11
  1.4000E+01,  3.3475E+03,  3.2388E+02,  1.2918E+00,  7.4016E-01,  2.5165E+00,  8.5496E+00,  2.3305E+00,  8.2698E+00,  1.8780E-01,  1.3361E+00,  2.7666E-01,  1.7227E+00,  3.0667E-01,  1.2349E+00,  5.4134E-02,  2.3766E-01,  5.3730E-02,  1.0863E-01,  8.8271E-02,  2.2573E-01,  4.1882E-02,  1.4020E-01,  7.1569E-02,  1.4459E-01,  9.1807E-02,  9.2144E-01,  5.7175E-03,  4.5038E-02,  1.0836E-05,  1.0836E-05,  1.0836E-05,  1.0836E-05,  1.0836E-05,  1.0836E-05,  1.0836E-05,  1.0836E-05,  1.0836E-05,  1.0836E-05,  1.0836E-05,  1.0836E-05,  1.0836E-05,  1.0836E-05,  1.0836E-05,  1.0836E-05,  1.0836E-05,  1.0836E-05,  1.0836E-05,  1.0836E-05,  1.0836E-05,  1.0836E-05,  1.0836E-05,  1.0836E-05,  1.0836E-05,  1.0836E-05,  1.0836E-05,  1.0836E-05,  1.0836E-05,  1.0836E-05,  1.0836E-05,  1.0836E-05,  1.0836E-05,  1.0836E-05,  1.0836E-05,  1.0836E-05,  1.0836E-05,  1.0836E-05,  1.0836E-05,  1.0836E-05,  1.0836E-05,  1.0836E-05,  1.0836E-05,  1.0836E-05,  1.0836E-05,  1.0836E-05,  1.0836E-05,  1.0836E-05,  1.0836E-05,  1.0836E-05,  1.0836E-05,  1.0836E-05,  1.0836E-05,  1.0836E-05,  1.0836E-05,  1.0836E-05,  1.0836E-05,  1.0836E-05,  1.0836E-05,  1.0836E-05,  1.0836E-05,  1.0836E-05,  1.0836E-05,  1.0836E-05,  2.0621E-01,  2.1051E-01,  1.8923E-04,  3.0784E-05,  3.0589E-04,  1.8934E-03,  2.9560E-03,  1.8406E-02,  2.5419E-05,  2.2375E-03,  5.3573E-05,  3.6349E-04,  6.3180E-05,  2.2637E-04,  4.6386E-06,  2.6616E-05,  2.4500E-06,  2.2862E-05,  6.1720E-06,  3.8582E-05,  6.2907E-06,  2.4265E-05,  1.7856E-05,  3.1064E-05,  2.2573E-05,  1.4770E-04,  3.3919E-07,  5.9187E-06,  6.5356E-11,  6.5356E-11,  6.5356E-11,  6.5356E-11,  6.5356E-11,  6.5356E-11,  6.5356E-11,  6.5356E-11,  6.5356E-11,  6.5356E-11,  6.5356E-11,  6.5356E-11,  6.5356E-11,  6.5356E-11,  6.5356E-11,  6.5356E-11,  6.5356E-11,  6.5356E-11,  6.5356E-11,  6.5356E-11,  6.5356E-11,  6.5356E-11,  6.5356E-11,  6.5356E-11,  6.5356E-11,  6.5356E-11,  6.5356E-11,  6.5356E-11,  6.5356E-11,  6.5356E-11,  6.5356E-11,  6.5356E-11,  6.5356E-11,  6.5356E-11,  6.5356E-11,  6.5356E-11,  6.5356E-11,  6.5356E-11,  6.5356E-11,  6.5356E-11,  6.5356E-11,  6.5356E-11,  6.5356E-11,  6.5356E-11,  6.5356E-11,  6.5356E-11,  6.5356E-11,  6.5356E-11,  6.5356E-11,  6.5356E-11,  6.5356E-11,  6.5356E-11,  6.5356E-11,  6.5356E-11,  6.5356E-11,  6.5356E-11,  6.5356E-11,  6.5356E-11,  6.5356E-11,  6.5356E-11,  6.5356E-11,  6.5356E-11,  6.5356E-11,  6.5357E-11
  1.6000E+01,  3.3471E+03,  3.2346E+02,  1.2914E+00,  7.4009E-01,  2.5158E+00,  8.5458E+00,  2.3251E+00,  8.2373E+00,  1.8774E-01,  1.3323E+00,  2.7656E-01,  1.7220E+00,  3.0654E-01,  1.2344E+00,  5.4124E-02,  2.3760E-01,  5.3725E-02,  1.0859E-01,  8.8258E-02,  2.2565E-01,  4.1869E-02,  1.4015E-01,  7.1534E-02,  1.4453E-01,  9.1762E-02,  9.2114E-01,  5.7168E-03,  4.5026E-02,  1.0836E-05,  1.0836E-05,  1.0836E-05,  1.0836E-05,  1.0836E-05,  1.0836E-05,  1.0836E-05,  1.0836E-05,  1.0836E-05,  1.0836E-05,  1.0836E-05,  1.0836E-05,  1.0836E-05,  1.0836E-05,  1.0836E-05,  1.0836E-05,  1.0836E-05,  1.0836E-05,  1.0836E-05,  1.0836E-05,  1.0836E-05,  1.0836E-05,  1.0836E-05,  1.0836E-05,  1.0836E-05,  1.0836E-05,  1.0836E-05,  1.0836E-05,  1.0836E-05,  1.0836E-05,  1.0836E-05,  1.0836E-05,  1.0836E-05,  1.0836E-05,  1.0836E-05,  1.0836E-05,  1.0836E-05,  1.0836E-05,  1.0836E-05,  1.0836E-05,  1.0836E-05,  1.0836E-05,  1.0836E-05,  1.0836E-05,  1.0836E-05,  1.0836E-05,  1.0836E-05,  1.0836E-05,  1.0836E-05,  1.0836E-05,  1.0836E-05,  1.0836E-05,  1.0836E-05,  1.0836E-05,  1.0836E-05,  1.0836E-05,  1.0836E-05,  1.0836E-05,  1.0836E-05,  1.0836E-05,  1.0836E-05,  1.0836E-05,  1.0836E-05,  1.0836E-05,  2.0579E-01,  2.1476E-01,  1.9339E-04,  3.3342E-05,  3.1638E-04,  1.8644E-03,  2.4232E-03,  1.4110E-02,  2.6115E-05,  1.5582E-03,  5.3980E-05,  3.6153E-04,  6.3255E-05,  2.2588E-04,  4.8433E-06,  2.7168E-05,  2.6343E-06,  1.7349E-05,  6.5065E-06,  3.8741E-05,  6.4230E-06,  2.4696E-05,  1.7882E-05,  3.1212E-05,  2.2469E-05,  1.4896E-04,  3.5913E-07,  6.0066E-06,  6.5356E-11,  6.5356E-11,  6.5356E-11,  6.5356E-11,  6.5356E-11,  6.5356E-11,  6.5356E-11,  6.5356E-11,  6.5356E-11,  6.5356E-11,  6.5356E-11,  6.5356E-11,  6.5356E-11,  6.5356E-11,  6.5356E-11,  6.5356E-11,  6.5356E-11,  6.5356E-11,  6.5356E-11,  6.5356E-11,  6.5356E-11,  6.5356E-11,  6.5356E-11,  6.5369E-11,  6.5356E-11,  6.5359E-11,  6.5356E-11,  6.5367E-11,  6.5360E-11,  6.5356E-11,  6.5356E-11,  6.5356E-11,  6.5356E-11,  6.5357E-11,  6.5356E-11,  6.5371E-11,  6.5363E-11,  6.5375E-11,  6.5374E-11,  6.5373E-11,  6.5365E-11,  6.5383E-11,  6.5377E-11,  6.5391E-11,  6.5390E-11,  6.5398E-11,  6.5395E-11,  6.5423E-11,  6.5413E-11,  6.5421E-11,  6.5410E-11,  6.5431E-11,  6.5460E-11,  6.5466E-11,  6.5450E-11,  6.5402E-11,  6.5382E-11,  6.5597E-11,  6.5548E-11,  6.5561E-11,  6.5517E-11,  6.5587E-11,  6.5490E-11,  6.5613E-11
  1.8000E+01,  3.3467E+03,  3.2303E+02,  1.2910E+00,  7.4002E-01,  2.5152E+00,  8.5421E+00,  2.3207E+00,  8.2124E+00,  1.8769E-01,  1.3296E+00,  2.7645E-01,  1.7212E+00,  3.0641E-01,  1.2340E+00,  5.4114E-02,  2.3755E-01,  5.3719E-02,  1.0856E-01,  8.8245E-02,  2.2557E-01,  4.1856E-02,  1.4010E-01,  7.1497E-02,  1.4446E-01,  9.1716E-02,  9.2084E-01,  5.7161E-03,  4.5014E-02,  1.0835E-05,  1.0835E-05,  1.0836E-05,  1.0836E-05,  1.0836E-05,  1.0836E-05,  1.0836E-05,  1.0836E-05,  1.0836E-05,  1.0836E-05,  1.0836E-05,  1.0836E-05,  1.0836E-05,  1.0836E-05,  1.0836E-05,  1.0836E-05,  1.0836E-05,  1.0836E-05,  1.0836E-05,  1.0836E-05,  1.0836E-05,  1.0836E-05,  1.0836E-05,  1.0836E-05,  1.0836E-05,  1.0836E-05,  1.0836E-05,  1.0836E-05,  1.0836E-05,  1.0836E-05,  1.0836E-05,  1.0836E-05,  1.0836E-05,  1.0836E-05,  1.0836E-05,  1.0836E-05,  1.0836E-05,  1.0836E-05,  1.0836E-05,  1.0836E-05,  1.0836E-05,  1.0836E-05,  1.0836E-05,  1.0836E-05,  1.0836E-05,  1.0836E-05,  1.0836E-05,  1.0836E-05,  1.0836E-05,  1.0836E-05,  1.0836E-05,  1.0836E-05,  1.0836E-05,  1.0836E-05,  1.0836E-05,  1.0836E-05,  1.0836E-05,  1.0836E-05,  1.0836E-05,  1.0836E-05,  1.0836E-05,  1.0836E-05,  1.0836E-05,  1.0836E-05,  2.1299E-01,  2.1772E-01,  2.0194E-04,  3.6654E-05,  3.3425E-04,  1.8803E-03,  1.9553E-03,  1.0751E-02,  2.7440E-05,  1.1906E-03,  5.5771E-05,  3.6956E-04,  6.4999E-05,  2.3161E-04,  5.1645E-06,  2.8420E-05,  2.8817E-06,  1.4106E-05,  6.9976E-06,  3.9945E-05,  6.7106E-06,  2.5719E-05,  1.8356E-05,  3.2144E-05,  2.2945E-05,  1.5394E-04,  3.8725E-07,  6.2454E-06,  6.5356E-11,  6.5356E-11,  6.5356E-11,  6.5356E-11,  6.5356E-11,  6.5378E-11,  6.5357E-11,  6.5382E-11,  6.5368E-11,  6.5364E-11,  6.5357E-11,  6.5357E-11,  6.5356E-11,  6.5357E-11,  6.5356E-11,  6.5360E-11,  6.5358E-11,  6.5369E-11,  6.5360E-11,  6.5398E-11,  6.5400E-11,  6.5452E-11,  6.5482E-11,  6.5667E-11,  6.5495E-11,  6.5594E-11,  6.5550E-11,  6.5660E-11,  6.5611E-11,  6.5548E-11,  6.5481E-11,  6.5517E-11,  6.5458E-11,  6.5577E-11,  6.5541E-11,  6.5681E-11,  6.5636E-11,  6.5696E-11,  6.5693E-11,  6.5689E-11,  6.5646E-11,  6.5730E-11,  6.5705E-11,  6.5759E-11,  6.5754E-11,  6.5782E-11,  6.5772E-11,  6.5853E-11,  6.5826E-11,  6.5847E-11,  6.5816E-11,  6.5874E-11,  6.5946E-11,  6.5961E-11,  6.5921E-11,  6.5793E-11,  6.5727E-11,  6.6238E-11,  6.6140E-11,  6.6166E-11,  6.6076E-11,  6.6218E-11,  6.6017E-11,  6.6270E-11
  2.0000E+01,  3.3462E+03,  3.2259E+02,  1.2906E+00,  7.3995E-01,  2.5145E+00,  8.5383E+00,  2.3172E+00,  8.1934E+00,  1.8763E-01,  1.3274E+00,  2.7633E-01,  1.7205E+00,  3.0628E-01,  1.2335E+00,  5.4103E-02,  2.3749E-01,  5.3713E-02,  1.0854E-01,  8.8230E-02,  2.2549E-01,  4.1842E-02,  1.4004E-01,  7.1460E-02,  1.4440E-01,  9.1669E-02,  9.2053E-01,  5.7153E-03,  4.5001E-02,  1.0835E-05,  1.0835E-05,  1.0835E-05,  1.0836E-05,  1.0836E-05,  1.0836E-05,  1.0836E-05,  1.0836E-05,  1.0836E-05,  1.0836E-05,  1.0836E-05,  1.0836E-05,  1.0836E-05,  1.0836E-05,  1.0835E-05,  1.0836E-05,  1.0836E-05,  1.0836E-05,  1.0836E-05,  1.0836E-05,  1.0836E-05,  1.0836E-05,  1.0836E-05,  1.0836E-05,  1.0836E-05,  1.0836E-05,  1.0836E-05,  1.0836E-05,  1.0836E-05,  1.0836E-05,  1.0836E-05,  1.0836E-05,  1.0836E-05,  1.0836E-05,  1.0836E-05,  1.0836E-05,  1.0836E-05,  1.0836E-05,  1.0836E-05,  1.0836E-05,  1.0836E-05,  1.0836E-05,  1.0836E-05,  1.0836E-05,  1.0836E-05,  1.0836E-05,  1.0836E-05,  1.0836E-05,  1.0836E-05,  1.0836E-05,  1.0836E-05,  1.0836E-05,  1.0836E-05,  1.0836E-05,  1.0836E-05,  1.0836E-05,  1.0836E-05,  1.0836E-05,  1.0836E-05,  1.0836E-05,  1.0836E-05,  1.0836E-05,  1.0836E-05,  1.0836E-05,  2.2648E-01,  2.1903E-01,  2.1403E-04,  4.0609E-05,  3.5712E-04,  1.9267E-03,  1.5787E-03,  8.3261E-03,  2.9186E-05,  9.7564E-04,  5.8444E-05,  3.8381E-04,  6.7791E-05,  2.4126E-04,  5.5674E-06,  3.0134E-05,  3.1776E-06,  1.2273E-05,  7.6020E-06,  4.1813E-05,  7.0996E-06,  2.7128E-05,  1.9118E-05,  3.3570E-05,  2.3784E-05,  1.6131E-04,  4.2136E-07,  6.5822E-06,  6.5367E-11,  6.5361E-11,  6.5447E-11,  6.5492E-11,  6.5494E-11,  6.5656E-11,  6.5528E-11,  6.5671E-11,  6.5612E-11,  6.5593E-11,  6.5518E-11,  6.5520E-11,  6.5485E-11,  6.5529E-11,  6.5462E-11,  6.5563E-11,  6.5538E-11,  6.5619E-11,  6.5564E-11,  6.5723E-11,  6.5728E-11,  6.5858E-11,  6.5924E-11,  6.6275E-11,  6.5954E-11,  6.6146E-11,  6.6065E-11,  6.6263E-11,  6.6176E-11,  6.6061E-11,  6.5924E-11,  6.5998E-11,  6.5872E-11,  6.6115E-11,  6.6046E-11,  6.6299E-11,  6.6221E-11,  6.6326E-11,  6.6320E-11,  6.6315E-11,  6.6239E-11,  6.6384E-11,  6.6342E-11,  6.6433E-11,  6.6427E-11,  6.6472E-11,  6.6456E-11,  6.6587E-11,  6.6544E-11,  6.6578E-11,  6.6528E-11,  6.6620E-11,  6.6732E-11,  6.6756E-11,  6.6694E-11,  6.6491E-11,  6.6379E-11,  6.7167E-11,  6.7025E-11,  6.7063E-11,  6.6930E-11,  6.7138E-11,  6.6841E-11,  6.7212E-11
  2.2000E+01,  3.3458E+03,  3.2215E+02,  1.2901E+00,  7.3986E-01,  2.5137E+00,  8.5343E+00,  2.3143E+00,  8.1784E+00,  1.8757E-01,  1.3256E+00,  2.7621E-01,  1.7197E+00,  3.0614E-01,  1.2330E+00,  5.4092E-02,  2.3743E-01,  5.3706E-02,  1.0851E-01,  8.8214E-02,  2.2540E-01,  4.1828E-02,  1.3999E-01,  7.1421E-02,  1.4433E-01,  9.1621E-02,  9.2019E-01,  5.7144E-03,  4.4987E-02,  1.0835E-05,  1.0835E-05,  1.0835E-05,  1.0835E-05,  1.0835E-05,  1.0835E-05,  1.0835E-05,  1.0836E-05,  1.0835E-05,  1.0835E-05,  1.0835E-05,  1.0835E-05,  1.0835E-05,  1.0835E-05,  1.0835E-05,  1.0835E-05,  1.0835E-05,  1.0835E-05,  1.0835E-05,  1.0836E-05,  1.0836E-05,  1.0836E-05,  1.0836E-05,  1.0836E-05,  1.0836E-05,  1.0836E-05,  1.0836E-05,  1.0836E-05,  1.0836E-05,  1.0836E-05,  1.0836E-05,  1.0836E-05,  1.0836E-05,  1.0836E-05,  1.0836E-05,  1.0836E-05,  1.0836E-05,  1.0836E-05,  1.0836E-05,  1.0836E-05,  1.0836E-05,  1.0836E-05,  1.0836E-05,  1.0836E-05,  1.0836E-05,  1.0836E-05,  1.0836E-05,  1.0836E-05,  1.0836E-05,  1.0836E-05,  1.0836E-05,  1.0836E-05,  1.0836E-05,  1.0836E-05,  1.0836E-05,  1.0836E-05,  1.0836E-05,  1.0836E-05,  1.0836E-05,  1.0836E-05,  1.0836E-05,  1.0836E-05,  1.0836E-05,  1.0836E-05,  2.4182E-01,  2.1868E-01,  2.2900E-04,  4.5223E-05,  3.8425E-04,  1.9948E-03,  1.2964E-03,  6.6775E-03,  3.1238E-05,  8.3618E-04,  6.1707E-05,  4.0205E-04,  7.1270E-05,  2.5344E-04,  6.0298E-06,  3.2168E-05,  3.5126E-06,  1.1342E-05,  8.2913E-06,  4.4117E-05,  7.5683E-06,  2.8868E-05,  2.0130E-05,  3.5395E-05,  2.4928E-05,  1.7049E-04,  4.6120E-07,  6.9857E-06,  6.5570E-11,  6.5541E-11,  6.5794E-11,  6.5889E-11,  6.5893E-11,  6.6184E-11,  6.5960E-11,  6.6210E-11,  6.6110E-11,  6.6079E-11,  6.5943E-11,  6.5945E-11,  6.5875E-11,  6.5962E-11,  6.5828E-11,  6.6026E-11,  6.5980E-11,  6.6123E-11,  6.6028E-11,  6.6296E-11,  6.6304E-11,  6.6511E-11,  6.6611E-11,  6.7116E-11,  6.6655E-11,  6.6937E-11,  6.6820E-11,  6.7099E-11,  6.6979E-11,  6.6813E-11,  6.6610E-11,  6.6721E-11,  6.6532E-11,  6.6893E-11,  6.6792E-11,  6.7149E-11,  6.7041E-11,  6.7185E-11,  6.7178E-11,  6.7170E-11,  6.7067E-11,  6.7265E-11,  6.7208E-11,  6.7332E-11,  6.7322E-11,  6.7384E-11,  6.7362E-11,  6.7541E-11,  6.7481E-11,  6.7528E-11,  6.7460E-11,  6.7585E-11,  6.7735E-11,  6.7767E-11,  6.7684E-11,  6.7410E-11,  6.7257E-11,  6.8321E-11,  6.8129E-11,  6.8180E-11,  6.8000E-11,  6.8282E-11,  6.7881E-11,  6.8381E-11
  2.5000E+01,  3.3450E+03,  3.2150E+02,  1.2894E+00,  7.3971E-01,  2.5125E+00,  8.5282E+00,  2.3108E+00,  8.1605E+00,  1.8747E-01,  1.3233E+00,  2.7602E-01,  1.7184E+00,  3.0592E-01,  1.2322E+00,  5.4073E-02,  2.3732E-01,  5.3695E-02,  1.0848E-01,  8.8187E-02,  2.2527E-01,  4.1804E-02,  1.3990E-01,  7.1357E-02,  1.4422E-01,  9.1543E-02,  9.1966E-01,  5.7129E-03,  4.4965E-02,  1.0835E-05,  1.0835E-05,  1.0835E-05,  1.0835E-05,  1.0835E-05,  1.0835E-05,  1.0835E-05,  1.0835E-05,  1.0835E-05,  1.0835E-05,  1.0835E-05,  1.0835E-05,  1.0835E-05,  1.0835E-05,  1.0835E-05,  1.0835E-05,  1.0835E-05,  1.0835E-05,  1.0835E-05,  1.0835E-05,  1.0835E-05,  1.0835E-05,  1.0835E-05,  1.0836E-05,  1.0835E-05,  1.0836E-05,  1.0835E-05,  1.0836E-05,  1.0836E-05,  1.0835E-05,  1.0835E-05,  1.0835E-05,  1.0835E-05,  1.0835E-05,  1.0835E-05,  1.0836E-05,  1.0836E-05,  1.0836E-05,  1.0836E-05,  1.0836E-05,  1.0836E-05,  1.0836E-05,  1.0836E-05,  1.0836E-05,  1.0836E-05,  1.0836E-05,  1.0836E-05,  1.0836E-05,  1.0836E-05,  1.0836E-05,  1.0836E-05,  1.0836E-05,  1.0836E-05,  1.0836E-05,  1.0836E-05,  1.0836E-05,  1.0836E-05,  1.0836E-05,  1.0836E-05,  1.0836E-05,  1.0836E-05,  1.0836E-05,  1.0836E-05,  1.0836E-05,  2.6899E-01,  2.1571E-01,  2.5538E-04,  5.3216E-05,  4.3203E-04,  2.1275E-03,  1.0235E-03,  5.2217E-03,  3.4868E-05,  7.0269E-04,  6.7604E-05,  4.3474E-04,  7.7600E-05,  2.7489E-04,  6.8284E-06,  3.5644E-05,  4.0911E-06,  1.0960E-05,  9.4722E-06,  4.8132E-05,  8.4046E-06,  3.1980E-05,  2.1982E-05,  3.8734E-05,  2.7060E-05,  1.8720E-04,  5.3053E-07,  7.7091E-06,  6.6260E-11,  6.6197E-11,  6.6687E-11,  6.6851E-11,  6.6859E-11,  6.7329E-11,  6.6969E-11,  6.7369E-11,  6.7212E-11,  6.7162E-11,  6.6940E-11,  6.6945E-11,  6.6827E-11,  6.6973E-11,  6.6746E-11,  6.7076E-11,  6.7001E-11,  6.7233E-11,  6.7079E-11,  6.7501E-11,  6.7512E-11,  6.7824E-11,  6.7974E-11,  6.8728E-11,  6.8039E-11,  6.8459E-11,  6.8284E-11,  6.8703E-11,  6.8522E-11,  6.8274E-11,  6.7973E-11,  6.8137E-11,  6.7856E-11,  6.8392E-11,  6.8242E-11,  6.8777E-11,  6.8615E-11,  6.8831E-11,  6.8820E-11,  6.8808E-11,  6.8654E-11,  6.8949E-11,  6.8865E-11,  6.9050E-11,  6.9036E-11,  6.9129E-11,  6.9096E-11,  6.9368E-11,  6.9277E-11,  6.9349E-11,  6.9244E-11,  6.9436E-11,  6.9666E-11,  6.9716E-11,  6.9587E-11,  6.9168E-11,  6.8938E-11,  7.0627E-11,  7.0295E-11,  7.0381E-11,  7.0084E-11,  7.0558E-11,  6.9893E-11,  7.0736E-11
  2.8000E+01,  3.3441E+03,  3.2086E+02,  1.2886E+00,  7.3954E-01,  2.5111E+00,  8.5215E+00,  2.3080E+00,  8.1459E+00,  1.8736E-01,  1.3213E+00,  2.7580E-01,  1.7171E+00,  3.0567E-01,  1.2313E+00,  5.4051E-02,  2.3721E-01,  5.3682E-02,  1.0845E-01,  8.8157E-02,  2.2511E-01,  4.1777E-02,  1.3980E-01,  7.1288E-02,  1.4410E-01,  9.1458E-02,  9.1907E-01,  5.7112E-03,  4.4941E-02,  1.0835E-05,  1.0835E-05,  1.0835E-05,  1.0835E-05,  1.0835E-05,  1.0835E-05,  1.0835E-05,  1.0835E-05,  1.0835E-05,  1.0835E-05,  1.0835E-05,  1.0835E-05,  1.0835E-05,  1.0835E-05,  1.0835E-05,  1.0835E-05,  1.0835E-05,  1.0835E-05,  1.0835E-05,  1.0835E-05,  1.0835E-05,  1.0835E-05,  1.0835E-05,  1.0835E-05,  1.0835E-05,  1.0835E-05,  1.0835E-05,  1.0835E-05,  1.0835E-05,  1.0835E-05,  1.0835E-05,  1.0835E-05,  1.0835E-05,  1.0835E-05,  1.0835E-05,  1.0835E-05,  1.0835E-05,  1.0835E-05,  1.0835E-05,  1.0835E-05,  1.0835E-05,  1.0835E-05,  1.0835E-05,  1.0835E-05,  1.0835E-05,  1.0835E-05,  1.0835E-05,  1.0835E-05,  1.0835E-05,  1.0835E-05,  1.0835E-05,  1.0835E-05,  1.0835E-05,  1.0835E-05,  1.0835E-05,  1.0835E-05,  1.0835E-05,  1.0836E-05,  1.0836E-05,  1.0836E-05,  1.0835E-05,  1.0836E-05,  1.0835E-05,  1.0836E-05,  2.9949E-01,  2.1150E-01,  2.8553E-04,  6.2377E-05,  4.8625E-04,  2.2941E-03,  8.8308E-04,  4.5030E-03,  3.9000E-05,  6.2700E-04,  7.4392E-05,  4.7296E-04,  8.4931E-05,  2.9979E-04,  7.7370E-06,  3.9613E-05,  4.7514E-06,  1.1320E-05,  1.0816E-05,  5.2760E-05,  9.3575E-06,  3.5524E-05,  2.4109E-05,  4.2566E-05,  2.9524E-05,  2.0639E-04,  6.0926E-07,  8.5377E-06,  6.7289E-11,  6.7195E-11,  6.7901E-11,  6.8133E-11,  6.8144E-11,  6.8817E-11,  6.8301E-11,  6.8873E-11,  6.8650E-11,  6.8579E-11,  6.8260E-11,  6.8266E-11,  6.8099E-11,  6.8307E-11,  6.7984E-11,  6.8456E-11,  6.8347E-11,  6.8679E-11,  6.8459E-11,  6.9063E-11,  6.9080E-11,  6.9534E-11,  6.9756E-11,  7.0973E-11,  6.9854E-11,  7.0511E-11,  7.0228E-11,  7.0930E-11,  7.0619E-11,  7.0213E-11,  6.9755E-11,  7.0003E-11,  6.9581E-11,  7.0401E-11,  7.0163E-11,  7.1056E-11,  7.0780E-11,  7.1146E-11,  7.1126E-11,  7.1108E-11,  7.0848E-11,  7.1338E-11,  7.1201E-11,  7.1497E-11,  7.1475E-11,  7.1618E-11,  7.1568E-11,  7.1971E-11,  7.1840E-11,  7.1944E-11,  7.1791E-11,  7.2068E-11,  7.2382E-11,  7.2447E-11,  7.2277E-11,  7.1678E-11,  7.1321E-11,  7.3464E-11,  7.3130E-11,  7.3222E-11,  7.2895E-11,  7.3398E-11,  7.2669E-11,  7.3565E-11
  3.2000E+01,  3.3429E+03,  3.2003E+02,  1.2873E+00,  7.3926E-01,  2.5090E+00,  8.5118E+00,  2.3046E+00,  8.1287E+00,  1.8720E-01,  1.3189E+00,  2.7549E-01,  1.7151E+00,  3.0531E-01,  1.2301E+00,  5.4017E-02,  2.3704E-01,  5.3661E-02,  1.0840E-01,  8.8110E-02,  2.2489E-01,  4.1737E-02,  1.3964E-01,  7.1186E-02,  1.4391E-01,  9.1332E-02,  9.1819E-01,  5.7085E-03,  4.4904E-02,  1.0835E-05,  1.0835E-05,  1.0835E-05,  1.0835E-05,  1.0835E-05,  1.0835E-05,  1.0835E-05,  1.0835E-05,  1.0835E-05,  1.0835E-05,  1.0835E-05,  1.0835E-05,  1.0835E-05,  1.0835E-05,  1.0835E-05,  1.0835E-05,  1.0835E-05,  1.0835E-05,  1.0835E-05,  1.0835E-05,  1.0835E-05,  1.0835E-05,  1.0835E-05,  1.0835E-05,  1.0835E-05,  1.0835E-05,  1.0835E-05,  1.0835E-05,  1.0835E-05,  1.0835E-05,  1.0835E-05,  1.0835E-05,  1.0835E-05,  1.0835E-05,  1.0835E-05,  1.0835E-05,  1.0835E-05,  1.0835E-05,  1.0835E-05,  1.0835E-05,  1.0835E-05,  1.0835E-05,  1.0835E-05,  1.0835E-05,  1.0835E-05,  1.0835E-05,  1.0835E-05,  1.0835E-05,  1.0835E-05,  1.0835E-05,  1.0835E-05,  1.0835E-05,  1.0835E-05,  1.0835E-05,  1.0835E-05,  1.0835E-05,  1.0835E-05,  1.0835E-05,  1.0835E-05,  1.0835E-05,  1.0835E-05,  1.0835E-05,  1.0835E-05,  1.0835E-05,  3.4321E-01,  2.0518E-01,  3.3113E-04,  7.6214E-05,  5.6647E-04,  2.5519E-03,  8.1189E-04,  4.0806E-03,  4.5097E-05,  5.8113E-04,  8.4399E-05,  5.2924E-04,  9.5760E-05,  3.3648E-04,  9.0778E-06,  4.5453E-05,  5.7421E-06,  1.2508E-05,  1.2807E-05,  5.9571E-05,  1.0763E-05,  4.0759E-05,  2.7258E-05,  4.8227E-05,  3.3182E-05,  2.3469E-04,  7.2694E-07,  9.7615E-06,  6.9086E-11,  6.8944E-11,  7.0051E-11,  7.0442E-11,  7.0462E-11,  7.1648E-11,  7.0748E-11,  7.1740E-11,  7.1370E-11,  7.1248E-11,  7.0673E-11,  7.0684E-11,  7.0383E-11,  7.0759E-11,  7.0189E-11,  7.1030E-11,  7.0833E-11,  7.1419E-11,  7.1036E-11,  7.2038E-11,  7.2064E-11,  7.2709E-11,  7.2994E-11,  7.4261E-11,  7.3115E-11,  7.3838E-11,  7.3547E-11,  7.4223E-11,  7.3940E-11,  7.3530E-11,  7.2992E-11,  7.3292E-11,  7.2771E-11,  7.3729E-11,  7.3475E-11,  7.4336E-11,  7.4088E-11,  7.4416E-11,  7.4398E-11,  7.4382E-11,  7.4148E-11,  7.4587E-11,  7.4465E-11,  7.4728E-11,  7.4708E-11,  7.4835E-11,  7.4791E-11,  7.5141E-11,  7.5028E-11,  7.5118E-11,  7.4986E-11,  7.5225E-11,  7.5499E-11,  7.5557E-11,  7.5407E-11,  7.4887E-11,  7.4572E-11,  7.6467E-11,  7.6168E-11,  7.6250E-11,  7.5957E-11,  7.6408E-11,  7.5754E-11,  7.6557E-11
  3.5000E+01,  3.3418E+03,  3.1942E+02,  1.2863E+00,  7.3902E-01,  2.5072E+00,  8.5039E+00,  2.3022E+00,  8.1167E+00,  1.8705E-01,  1.3171E+00,  2.7522E-01,  1.7134E+00,  3.0501E-01,  1.2290E+00,  5.3988E-02,  2.3690E-01,  5.3642E-02,  1.0836E-01,  8.8069E-02,  2.2470E-01,  4.1703E-02,  1.3952E-01,  7.1100E-02,  1.4376E-01,  9.1228E-02,  9.1745E-01,  5.7062E-03,  4.4873E-02,  1.0834E-05,  1.0834E-05,  1.0834E-05,  1.0834E-05,  1.0834E-05,  1.0835E-05,  1.0835E-05,  1.0835E-05,  1.0835E-05,  1.0835E-05,  1.0835E-05,  1.0835E-05,  1.0834E-05,  1.0835E-05,  1.0834E-05,  1.0835E-05,  1.0835E-05,  1.0835E-05,  1.0835E-05,  1.0835E-05,  1.0835E-05,  1.0835E-05,  1.0835E-05,  1.0835E-05,  1.0835E-05,  1.0835E-05,  1.0835E-05,  1.0835E-05,  1.0835E-05,  1.0835E-05,  1.0835E-05,  1.0835E-05,  1.0835E-05,  1.0835E-05,  1.0835E-05,  1.0835E-05,  1.0835E-05,  1.0835E-05,  1.0835E-05,  1.0835E-05,  1.0835E-05,  1.0835E-05,  1.0835E-05,  1.0835E-05,  1.0835E-05,  1.0835E-05,  1.0835E-05,  1.0835E-05,  1.0835E-05,  1.0835E-05,  1.0835E-05,  1.0835E-05,  1.0835E-05,  1.0835E-05,  1.0835E-05,  1.0835E-05,  1.0835E-05,  1.0835E-05,  1.0835E-05,  1.0835E-05,  1.0835E-05,  1.0835E-05,  1.0835E-05,  1.0835E-05,  3.7719E-01,  2.0077E-01,  3.6802E-04,  8.8107E-05,  6.3196E-04,  2.7643E-03,  8.0396E-04,  3.9554E-03,  4.9997E-05,  5.7276E-04,  9.2361E-05,  5.7441E-04,  1.0435E-04,  3.6591E-04,  1.0171E-05,  5.0162E-05,  6.5543E-06,  1.3813E-05,  1.4434E-05,  6.5037E-05,  1.1899E-05,  4.5056E-05,  2.9902E-05,  5.2831E-05,  3.6226E-05,  2.5755E-04,  8.2521E-07,  1.0739E-05,  7.0949E-11,  7.0722E-11,  7.2284E-11,  7.2722E-11,  7.2742E-11,  7.3847E-11,  7.3017E-11,  7.3932E-11,  7.3591E-11,  7.3478E-11,  7.2947E-11,  7.2957E-11,  7.2660E-11,  7.3027E-11,  7.2446E-11,  7.3277E-11,  7.3096E-11,  7.3636E-11,  7.3283E-11,  7.4207E-11,  7.4230E-11,  7.4829E-11,  7.5090E-11,  7.6253E-11,  7.5201E-11,  7.5863E-11,  7.5596E-11,  7.6218E-11,  7.5957E-11,  7.5581E-11,  7.5088E-11,  7.5363E-11,  7.4885E-11,  7.5763E-11,  7.5530E-11,  7.6322E-11,  7.6093E-11,  7.6396E-11,  7.6380E-11,  7.6364E-11,  7.6149E-11,  7.6554E-11,  7.6441E-11,  7.6685E-11,  7.6667E-11,  7.6785E-11,  7.6744E-11,  7.7075E-11,  7.6967E-11,  7.7052E-11,  7.6927E-11,  7.7154E-11,  7.7411E-11,  7.7465E-11,  7.7325E-11,  7.6835E-11,  7.6540E-11,  7.8277E-11,  7.8019E-11,  7.8090E-11,  7.7833E-11,  7.8226E-11,  7.7648E-11,  7.8356E-11
  4.0000E+01,  3.3398E+03,  3.1843E+02,  1.2843E+00,  7.3852E-01,  2.5038E+00,  8.4891E+00,  2.2981E+00,  8.0970E+00,  1.8678E-01,  1.3142E+00,  2.7472E-01,  1.7103E+00,  3.0445E-01,  1.2271E+00,  5.3932E-02,  2.3663E-01,  5.3606E-02,  1.0828E-01,  8.7989E-02,  2.2435E-01,  4.1638E-02,  1.3927E-01,  7.0939E-02,  1.4348E-01,  9.1034E-02,  9.1606E-01,  5.7016E-03,  4.4815E-02,  1.0834E-05,  1.0834E-05,  1.0834E-05,  1.0834E-05,  1.0834E-05,  1.0834E-05,  1.0834E-05,  1.0834E-05,  1.0834E-05,  1.0834E-05,  1.0834E-05,  1.0834E-05,  1.0834E-05,  1.0834E-05,  1.0834E-05,  1.0834E-05,  1.0834E-05,  1.0834E-05,  1.0834E-05,  1.0834E-05,  1.0834E-05,  1.0834E-05,  1.0834E-05,  1.0834E-05,  1.0834E-05,  1.0834E-05,  1.0834E-05,  1.0834E-05,  1.0834E-05,  1.0834E-05,  1.0834E-05,  1.0834E-05,  1.0834E-05,  1.0834E-05,  1.0834E-05,  1.0834E-05,  1.0834E-05,  1.0834E-05,  1.0834E-05,  1.0834E-05,  1.0834E-05,  1.0834E-05,  1.0834E-05,  1.0834E-05,  1.0834E-05,  1.0834E-05,  1.0834E-05,  1.0834E-05,  1.0834E-05,  1.0834E-05,  1.0834E-05,  1.0835E-05,  1.0835E-05,  1.0835E-05,  1.0835E-05,  1.0834E-05,  1.0834E-05,  1.0835E-05,  1.0835E-05,  1.0835E-05,  1.0835E-05,  1.0835E-05,  1.0835E-05,  1.0835E-05,  4.3449E-01,  1.9555E-01,  4.2726E-04,  1.0859E-04,  7.5079E-04,  3.1393E-03,  8.3109E-04,  3.9300E-03,  5.9027E-05,  5.8749E-04,  1.0696E-04,  6.5372E-04,  1.2004E-04,  4.1715E-04,  1.2169E-05,  5.8444E-05,  8.0780E-06,  1.6347E-05,  1.7407E-05,  7.4577E-05,  1.3972E-05,  5.2648E-05,  3.4294E-05,  6.1039E-05,  4.1392E-05,  2.9909E-04,  1.0020E-06,  1.2539E-05,  7.4252E-11,  7.4048E-11,  7.5426E-11,  7.5813E-11,  7.5831E-11,  7.6821E-11,  7.6078E-11,  7.6897E-11,  7.6592E-11,  7.6491E-11,  7.6015E-11,  7.6025E-11,  7.5758E-11,  7.6087E-11,  7.5568E-11,  7.6312E-11,  7.6149E-11,  7.6633E-11,  7.6317E-11,  7.7141E-11,  7.7162E-11,  7.7692E-11,  7.7922E-11,  7.8918E-11,  7.8017E-11,  7.8581E-11,  7.8352E-11,  7.8887E-11,  7.8662E-11,  7.8339E-11,  7.7920E-11,  7.8155E-11,  7.7742E-11,  7.8495E-11,  7.8297E-11,  7.8978E-11,  7.8779E-11,  7.9042E-11,  7.9028E-11,  7.9015E-11,  7.8827E-11,  7.9182E-11,  7.9082E-11,  7.9298E-11,  7.9282E-11,  7.9387E-11,  7.9350E-11,  7.9647E-11,  7.9550E-11,  7.9627E-11,  7.9514E-11,  7.9719E-11,  7.9955E-11,  8.0005E-11,  7.9875E-11,  7.9431E-11,  7.9169E-11,  8.0804E-11,  8.0540E-11,  8.0612E-11,  8.0355E-11,  8.0752E-11,  8.0177E-11,  8.0885E-11
  4.5000E+01,  3.3374E+03,  3.1745E+02,  1.2820E+00,  7.3793E-01,  2.4997E+00,  8.4724E+00,  2.2938E+00,  8.0770E+00,  1.8646E-01,  1.3112E+00,  2.7415E-01,  1.7069E+00,  3.0381E-01,  1.2248E+00,  5.3866E-02,  2.3631E-01,  5.3561E-02,  1.0819E-01,  8.7894E-02,  2.2395E-01,  4.1563E-02,  1.3899E-01,  7.0758E-02,  1.4315E-01,  9.0816E-02,  9.1446E-01,  5.6962E-03,  4.4748E-02,  1.0834E-05,  1.0834E-05,  1.0834E-05,  1.0834E-05,  1.0834E-05,  1.0834E-05,  1.0834E-05,  1.0834E-05,  1.0834E-05,  1.0834E-05,  1.0834E-05,  1.0834E-05,  1.0834E-05,  1.0834E-05,  1.0834E-05,  1.0834E-05,  1.0834E-05,  1.0834E-05,  1.0834E-05,  1.0834E-05,  1.0834E-05,  1.0834E-05,  1.0834E-05,  1.0834E-05,  1.0834E-05,  1.0834E-05,  1.0834E-05,  1.0834E-05,  1.0834E-05,  1.0834E-05,  1.0834E-05,  1.0834E-05,  1.0834E-05,  1.0834E-05,  1.0834E-05,  1.0834E-05,  1.0834E-05,  1.0834E-05,  1.0834E-05,  1.0834E-05,  1.0834E-05,  1.0834E-05,  1.0834E-05,  1.0834E-05,  1.0834E-05,  1.0834E-05,  1.0834E-05,  1.0834E-05,  1.0834E-05,  1.0834E-05,  1.0834E-05,  1.0834E-05,  1.0834E-05,  1.0834E-05,  1.0834E-05,  1.0834E-05,  1.0834E-05,  1.0834E-05,  1.0834E-05,  1.0834E-05,  1.0834E-05,  1.0834E-05,  1.0834E-05,  1.0834E-05,  4.9114E-01,  1.9509E-01,  4.8269E-04,  1.2929E-04,  8.6544E-04,  3.5511E-03,  8.9013E-04,  4.0697E-03,  6.7932E-05,  6.2504E-04,  1.2136E-04,  7.3850E-04,  1.3570E-04,  4.7295E-04,  1.4259E-05,  6.7535E-05,  9.6817E-06,  1.9061E-05,  2.0586E-05,  8.4971E-05,  1.5959E-05,  5.9794E-05,  3.8322E-05,  6.8655E-05,  4.6106E-05,  3.3831E-04,  1.1770E-06,  1.4321E-05,  7.6858E-11,  7.6674E-11,  7.7918E-11,  7.8250E-11,  7.8265E-11,  7.9128E-11,  7.8477E-11,  7.9196E-11,  7.8925E-11,  7.8836E-11,  7.8423E-11,  7.8431E-11,  7.8203E-11,  7.8484E-11,  7.8041E-11,  7.8679E-11,  7.8538E-11,  7.8960E-11,  7.8683E-11,  7.9416E-11,  7.9435E-11,  7.9925E-11,  8.0148E-11,  8.1162E-11,  8.0244E-11,  8.0820E-11,  8.0587E-11,  8.1130E-11,  8.0902E-11,  8.0573E-11,  8.0147E-11,  8.0384E-11,  7.9973E-11,  8.0732E-11,  8.0530E-11,  8.1222E-11,  8.1021E-11,  8.1287E-11,  8.1273E-11,  8.1260E-11,  8.1070E-11,  8.1428E-11,  8.1328E-11,  8.1544E-11,  8.1528E-11,  8.1633E-11,  8.1596E-11,  8.1892E-11,  8.1796E-11,  8.1872E-11,  8.1760E-11,  8.1963E-11,  8.2196E-11,  8.2245E-11,  8.2118E-11,  8.1677E-11,  8.1415E-11,  8.3018E-11,  8.2765E-11,  8.2834E-11,  8.2586E-11,  8.2968E-11,  8.2413E-11,  8.3095E-11
  5.0000E+01,  3.3348E+03,  3.1647E+02,  1.2795E+00,  7.3723E-01,  2.4951E+00,  8.4536E+00,  2.2892E+00,  8.0562E+00,  1.8610E-01,  1.3080E+00,  2.7351E-01,  1.7030E+00,  3.0310E-01,  1.2223E+00,  5.3790E-02,  2.3595E-01,  5.3509E-02,  1.0809E-01,  8.7784E-02,  2.2351E-01,  4.1479E-02,  1.3867E-01,  7.0557E-02,  1.4279E-01,  9.0574E-02,  9.1268E-01,  5.6899E-03,  4.4672E-02,  1.0833E-05,  1.0833E-05,  1.0833E-05,  1.0833E-05,  1.0833E-05,  1.0833E-05,  1.0833E-05,  1.0833E-05,  1.0833E-05,  1.0833E-05,  1.0833E-05,  1.0833E-05,  1.0833E-05,  1.0833E-05,  1.0833E-05,  1.0833E-05,  1.0833E-05,  1.0833E-05,  1.0833E-05,  1.0833E-05,  1.0833E-05,  1.0834E-05,  1.0834E-05,  1.0834E-05,  1.0834E-05,  1.0834E-05,  1.0834E-05,  1.0834E-05,  1.0834E-05,  1.0834E-05,  1.0834E-05,  1.0834E-05,  1.0834E-05,  1.0834E-05,  1.0834E-05,  1.0834E-05,  1.0834E-05,  1.0834E-05,  1.0834E-05,  1.0834E-05,  1.0834E-05,  1.0834E-05,  1.0834E-05,  1.0834E-05,  1.0834E-05,  1.0834E-05,  1.0834E-05,  1.0834E-05,  1.0834E-05,  1.0834E-05,  1.0834E-05,  1.0834E-05,  1.0834E-05,  1.0834E-05,  1.0834E-05,  1.0834E-05,  1.0834E-05,  1.0834E-05,  1.0834E-05,  1.0834E-05,  1.0834E-05,  1.0834E-05,  1.0834E-05,  1.0834E-05,  5.4803E-01,  1.9664E-01,  5.3477E-04,  1.4979E-04,  9.7391E-04,  3.9374E-03,  9.5667E-04,  4.2587E-03,  7.6358E-05,  6.6667E-04,  1.3467E-04,  8.1635E-04,  1.5007E-04,  5.2522E-04,  1.6278E-05,  7.6272E-05,  1.1278E-05,  2.1833E-05,  2.3692E-05,  9.4781E-05,  1.7818E-05,  6.6404E-05,  4.1952E-05,  7.5600E-05,  5.0333E-05,  3.7452E-04,  1.3470E-06,  1.5988E-05,  7.8931E-11,  7.8768E-11,  7.9913E-11,  8.0250E-11,  8.0265E-11,  8.1142E-11,  8.0482E-11,  8.1210E-11,  8.0937E-11,  8.0847E-11,  8.0426E-11,  8.0435E-11,  8.0202E-11,  8.0489E-11,  8.0036E-11,  8.0688E-11,  8.0544E-11,  8.0973E-11,  8.0692E-11,  8.1432E-11,  8.1451E-11,  8.1938E-11,  8.2158E-11,  8.3138E-11,  8.2252E-11,  8.2810E-11,  8.2585E-11,  8.3108E-11,  8.2889E-11,  8.2572E-11,  8.2157E-11,  8.2389E-11,  8.1986E-11,  8.2726E-11,  8.2530E-11,  8.3196E-11,  8.3003E-11,  8.3258E-11,  8.3245E-11,  8.3232E-11,  8.3051E-11,  8.3392E-11,  8.3297E-11,  8.3502E-11,  8.3487E-11,  8.3586E-11,  8.3551E-11,  8.3831E-11,  8.3740E-11,  8.3812E-11,  8.3706E-11,  8.3898E-11,  8.4115E-11,  8.4160E-11,  8.4042E-11,  8.3628E-11,  8.3380E-11,  8.4865E-11,  8.4637E-11,  8.4700E-11,  8.4474E-11,  8.4820E-11,  8.4315E-11,  8.4934E-11
  5.5000E+01,  3.3320E+03,  3.1548E+02,  1.2767E+00,  7.3643E-01,  2.4900E+00,  8.4331E+00,  2.2842E+00,  8.0343E+00,  1.8570E-01,  1.3045E+00,  2.7281E-01,  1.6987E+00,  3.0231E-01,  1.2196E+00,  5.3704E-02,  2.3555E-01,  5.3449E-02,  1.0798E-01,  8.7658E-02,  2.2301E-01,  4.1385E-02,  1.3833E-01,  7.0339E-02,  1.4240E-01,  9.0313E-02,  9.1072E-01,  5.6827E-03,  4.4589E-02,  1.0833E-05,  1.0833E-05,  1.0833E-05,  1.0833E-05,  1.0833E-05,  1.0833E-05,  1.0833E-05,  1.0833E-05,  1.0833E-05,  1.0833E-05,  1.0833E-05,  1.0833E-05,  1.0833E-05,  1.0833E-05,  1.0833E-05,  1.0833E-05,  1.0833E-05,  1.0833E-05,  1.0833E-05,  1.0833E-05,  1.0833E-05,  1.0833E-05,  1.0833E-05,  1.0833E-05,  1.0833E-05,  1.0833E-05,  1.0833E-05,  1.0833E-05,  1.0833E-05,  1.0833E-05,  1.0833E-05,  1.0833E-05,  1.0833E-05,  1.0833E-05,  1.0833E-05,  1.0833E-05,  1.0833E-05,  1.0833E-05,  1.0833E-05,  1.0833E-05,  1.0833E-05,  1.0833E-05,  1.0833E-05,  1.0833E-05,  1.0833E-05,  1.0833E-05,  1.0833E-05,  1.0833E-05,  1.0833E-05,  1.0833E-05,  1.0833E-05,  1.0833E-05,  1.0833E-05,  1.0833E-05,  1.0833E-05,  1.0833E-05,  1.0833E-05,  1.0833E-05,  1.0833E-05,  1.0833E-05,  1.0833E-05,  1.0833E-05,  1.0833E-05,  1.0833E-05,  6.0095E-01,  2.0017E-01,  5.8372E-04,  1.7025E-04,  1.0763E-03,  4.2914E-03,  1.0258E-03,  4.4680E-03,  8.4189E-05,  7.0890E-04,  1.4679E-04,  8.8721E-04,  1.6309E-04,  5.7314E-04,  1.8201E-05,  8.4500E-05,  1.2840E-05,  2.4655E-05,  2.6687E-05,  1.0383E-04,  1.9542E-05,  7.2563E-05,  4.5298E-05,  8.1959E-05,  5.4198E-05,  4.0773E-04,  1.5125E-06,  1.7524E-05,  8.0755E-11,  8.0590E-11,  8.1741E-11,  8.2073E-11,  8.2088E-11,  8.2939E-11,  8.2300E-11,  8.3004E-11,  8.2742E-11,  8.2655E-11,  8.2246E-11,  8.2254E-11,  8.2026E-11,  8.2308E-11,  8.1863E-11,  8.2501E-11,  8.2361E-11,  8.2776E-11,  8.2505E-11,  8.3217E-11,  8.3235E-11,  8.3700E-11,  8.3907E-11,  8.4812E-11,  8.3995E-11,  8.4513E-11,  8.4305E-11,  8.4785E-11,  8.4586E-11,  8.4294E-11,  8.3906E-11,  8.4123E-11,  8.3744E-11,  8.4436E-11,  8.4254E-11,  8.4863E-11,  8.4690E-11,  8.4919E-11,  8.4907E-11,  8.4895E-11,  8.4732E-11,  8.5038E-11,  8.4953E-11,  8.5134E-11,  8.5121E-11,  8.5208E-11,  8.5178E-11,  8.5414E-11,  8.5339E-11,  8.5398E-11,  8.5310E-11,  8.5468E-11,  8.5635E-11,  8.5669E-11,  8.5580E-11,  8.5244E-11,  8.5027E-11,  8.6216E-11,  8.6034E-11,  8.6084E-11,  8.5908E-11,  8.6180E-11,  8.5786E-11,  8.6271E-11
  6.3000E+01,  3.3268E+03,  3.1384E+02,  1.2717E+00,  7.3494E-01,  2.4808E+00,  8.3967E+00,  2.2756E+00,  7.9973E+00,  1.8498E-01,  1.2986E+00,  2.7156E-01,  1.6912E+00,  3.0093E-01,  1.2147E+00,  5.3547E-02,  2.3483E-01,  5.3336E-02,  1.0776E-01,  8.7426E-02,  2.2213E-01,  4.1219E-02,  1.3771E-01,  6.9958E-02,  1.4171E-01,  8.9858E-02,  9.0727E-01,  5.6696E-03,  4.4439E-02,  1.0832E-05,  1.0832E-05,  1.0832E-05,  1.0832E-05,  1.0832E-05,  1.0832E-05,  1.0832E-05,  1.0832E-05,  1.0832E-05,  1.0832E-05,  1.0832E-05,  1.0832E-05,  1.0832E-05,  1.0832E-05,  1.0832E-05,  1.0832E-05,  1.0832E-05,  1.0832E-05,  1.0832E-05,  1.0832E-05,  1.0832E-05,  1.0832E-05,  1.0832E-05,  1.0833E-05,  1.0832E-05,  1.0832E-05,  1.0832E-05,  1.0833E-05,  1.0832E-05,  1.0832E-05,  1.0832E-05,  1.0832E-05,  1.0832E-05,  1.0832E-05,  1.0832E-05,  1.0833E-05,  1.0833E-05,  1.0833E-05,  1.0833E-05,  1.0833E-05,  1.0833E-05,  1.0833E-05,  1.0833E-05,  1.0833E-05,  1.0833E-05,  1.0833E-05,  1.0833E-05,  1.0833E-05,  1.0833E-05,  1.0833E-05,  1.0833E-05,  1.0833E-05,  1.0833E-05,  1.0833E-05,  1.0833E-05,  1.0833E-05,  1.0833E-05,  1.0833E-05,  1.0833E-05,  1.0833E-05,  1.0833E-05,  1.0833E-05,  1.0833E-05,  1.0833E-05,  6.8022E-01,  2.0881E-01,  6.5417E-04,  2.0212E-04,  1.2297E-03,  4.7902E-03,  1.1351E-03,  4.8046E-03,  9.5871E-05,  7.7316E-04,  1.6441E-04,  9.8649E-04,  1.8182E-04,  6.4073E-04,  2.1110E-05,  9.6493E-05,  1.5289E-05,  2.9139E-05,  3.1252E-05,  1.1670E-04,  2.2092E-05,  8.1575E-05,  5.0048E-05,  9.1145E-05,  5.9672E-05,  4.5630E-04,  1.7672E-06,  1.9790E-05,  8.3321E-11,  8.3164E-11,  8.4238E-11,  8.4539E-11,  8.4552E-11,  8.5292E-11,  8.4741E-11,  8.5345E-11,  8.5126E-11,  8.5051E-11,  8.4693E-11,  8.4700E-11,  8.4496E-11,  8.4748E-11,  8.4349E-11,  8.4917E-11,  8.4795E-11,  8.5155E-11,  8.4921E-11,  8.5512E-11,  8.5525E-11,  8.5865E-11,  8.6018E-11,  8.6717E-11,  8.6083E-11,  8.6480E-11,  8.6319E-11,  8.6695E-11,  8.6537E-11,  8.6310E-11,  8.6017E-11,  8.6180E-11,  8.5898E-11,  8.6420E-11,  8.6280E-11,  8.6759E-11,  8.6619E-11,  8.6804E-11,  8.6794E-11,  8.6785E-11,  8.6653E-11,  8.6901E-11,  8.6832E-11,  8.6982E-11,  8.6971E-11,  8.7044E-11,  8.7019E-11,  8.7226E-11,  8.7159E-11,  8.7212E-11,  8.7133E-11,  8.7277E-11,  8.7442E-11,  8.7476E-11,  8.7386E-11,  8.7075E-11,  8.6893E-11,  8.8034E-11,  8.7850E-11,  8.7900E-11,  8.7720E-11,  8.7997E-11,  8.7596E-11,  8.8090E-11
  7.1000E+01,  3.3211E+03,  3.1213E+02,  1.2663E+00,  7.3321E-01,  2.4704E+00,  8.3567E+00,  2.2661E+00,  7.9575E+00,  1.8417E-01,  1.2922E+00,  2.7019E-01,  1.6830E+00,  2.9941E-01,  1.2094E+00,  5.3367E-02,  2.3401E-01,  5.3204E-02,  1.0751E-01,  8.7159E-02,  2.2115E-01,  4.1033E-02,  1.3703E-01,  6.9542E-02,  1.4095E-01,  8.9362E-02,  9.0345E-01,  5.6545E-03,  4.4273E-02,  1.0831E-05,  1.0831E-05,  1.0832E-05,  1.0832E-05,  1.0832E-05,  1.0832E-05,  1.0832E-05,  1.0832E-05,  1.0832E-05,  1.0832E-05,  1.0832E-05,  1.0832E-05,  1.0832E-05,  1.0832E-05,  1.0832E-05,  1.0832E-05,  1.0832E-05,  1.0832E-05,  1.0832E-05,  1.0832E-05,  1.0832E-05,  1.0832E-05,  1.0832E-05,  1.0832E-05,  1.0832E-05,  1.0832E-05,  1.0832E-05,  1.0832E-05,  1.0832E-05,  1.0832E-05,  1.0832E-05,  1.0832E-05,  1.0832E-05,  1.0832E-05,  1.0832E-05,  1.0832E-05,  1.0832E-05,  1.0832E-05,  1.0832E-05,  1.0832E-05,  1.0832E-05,  1.0832E-05,  1.0832E-05,  1.0832E-05,  1.0832E-05,  1.0832E-05,  1.0832E-05,  1.0832E-05,  1.0832E-05,  1.0832E-05,  1.0832E-05,  1.0832E-05,  1.0832E-05,  1.0832E-05,  1.0832E-05,  1.0832E-05,  1.0832E-05,  1.0832E-05,  1.0832E-05,  1.0832E-05,  1.0832E-05,  1.0832E-05,  1.0832E-05,  1.0832E-05,  7.5259E-01,  2.1975E-01,  7.1301E-04,  2.3174E-04,  1.3670E-03,  5.2301E-03,  1.2418E-03,  5.1343E-03,  1.0635E-04,  8.3352E-04,  1.7983E-04,  1.0735E-03,  1.9814E-04,  7.0040E-04,  2.3811E-05,  1.0744E-04,  1.7637E-05,  3.3402E-05,  3.5552E-05,  1.2815E-04,  2.4344E-05,  8.9399E-05,  5.3971E-05,  9.8964E-05,  6.4207E-05,  4.9850E-04,  2.0027E-06,  2.1808E-05,  8.5367E-11,  8.5236E-11,  8.6059E-11,  8.6291E-11,  8.6301E-11,  8.6907E-11,  8.6451E-11,  8.6955E-11,  8.6765E-11,  8.6703E-11,  8.6413E-11,  8.6418E-11,  8.6258E-11,  8.6456E-11,  8.6143E-11,  8.6593E-11,  8.6494E-11,  8.6790E-11,  8.6596E-11,  8.7109E-11,  8.7122E-11,  8.7465E-11,  8.7621E-11,  8.8327E-11,  8.7687E-11,  8.8089E-11,  8.7926E-11,  8.8305E-11,  8.8146E-11,  8.7917E-11,  8.7620E-11,  8.7785E-11,  8.7498E-11,  8.8028E-11,  8.7887E-11,  8.8369E-11,  8.8229E-11,  8.8415E-11,  8.8405E-11,  8.8396E-11,  8.8263E-11,  8.8513E-11,  8.8443E-11,  8.8595E-11,  8.8583E-11,  8.8658E-11,  8.8632E-11,  8.8840E-11,  8.8772E-11,  8.8826E-11,  8.8747E-11,  8.8891E-11,  8.9055E-11,  8.9089E-11,  8.9000E-11,  8.8689E-11,  8.8504E-11,  8.9639E-11,  8.9458E-11,  8.9508E-11,  8.9330E-11,  8.9603E-11,  8.9208E-11,  8.9695E-11
  8.0000E+01,  3.3140E+03,  3.1009E+02,  1.2596E+00,  7.3098E-01,  2.4575E+00,  8.3077E+00,  2.2544E+00,  7.9098E+00,  1.8317E-01,  1.2844E+00,  2.6850E-01,  1.6730E+00,  2.9756E-01,  1.2028E+00,  5.3140E-02,  2.3299E-01,  5.3035E-02,  1.0719E-01,  8.6819E-02,  2.1994E-01,  4.0805E-02,  1.3619E-01,  6.9040E-02,  1.4002E-01,  8.8766E-02,  8.9879E-01,  5.6354E-03,  4.4068E-02,  1.0831E-05,  1.0831E-05,  1.0831E-05,  1.0831E-05,  1.0831E-05,  1.0831E-05,  1.0831E-05,  1.0831E-05,  1.0831E-05,  1.0831E-05,  1.0831E-05,  1.0831E-05,  1.0831E-05,  1.0831E-05,  1.0831E-05,  1.0831E-05,  1.0831E-05,  1.0831E-05,  1.0831E-05,  1.0831E-05,  1.0831E-05,  1.0831E-05,  1.0831E-05,  1.0831E-05,  1.0831E-05,  1.0831E-05,  1.0831E-05,  1.0831E-05,  1.0831E-05,  1.0831E-05,  1.0831E-05,  1.0831E-05,  1.0831E-05,  1.0831E-05,  1.0831E-05,  1.0831E-05,  1.0831E-05,  1.0831E-05,  1.0831E-05,  1.0831E-05,  1.0831E-05,  1.0831E-05,  1.0831E-05,  1.0831E-05,  1.0831E-05,  1.0831E-05,  1.0831E-05,  1.0831E-05,  1.0831E-05,  1.0831E-05,  1.0831E-05,  1.0831E-05,  1.0831E-05,  1.0831E-05,  1.0831E-05,  1.0831E-05,  1.0831E-05,  1.0831E-05,  1.0831E-05,  1.0831E-05,  1.0831E-05,  1.0831E-05,  1.0831E-05,  1.0831E-05,  8.2597E-01,  2.3200E-01,  7.7016E-04,  2.6260E-04,  1.4979E-03,  5.6527E-03,  1.3521E-03,  5.4693E-03,  1.1638E-04,  8.9329E-04,  1.9423E-04,  1.1559E-03,  2.1336E-04,  7.5785E-04,  2.6530E-05,  1.1838E-04,  2.0075E-05,  3.7830E-05,  3.9960E-05,  1.3927E-04,  2.6453E-05,  9.6593E-05,  5.7466E-05,  1.0598E-04,  6.8176E-05,  5.3727E-04,  2.2373E-06,  2.3731E-05,  8.6979E-11,  8.6864E-11,  8.7667E-11,  8.7902E-11,  8.7913E-11,  8.8524E-11,  8.8064E-11,  8.8571E-11,  8.8380E-11,  8.8318E-11,  8.8025E-11,  8.8031E-11,  8.7869E-11,  8.8069E-11,  8.7753E-11,  8.8207E-11,  8.8107E-11,  8.8406E-11,  8.8210E-11,  8.8726E-11,  8.8740E-11,  8.9082E-11,  8.9236E-11,  8.9931E-11,  8.9302E-11,  8.9697E-11,  8.9537E-11,  8.9910E-11,  8.9754E-11,  8.9528E-11,  8.9235E-11,  8.9398E-11,  8.9115E-11,  8.9638E-11,  8.9498E-11,  8.9972E-11,  8.9835E-11,  9.0017E-11,  9.0007E-11,  8.9998E-11,  8.9869E-11,  9.0112E-11,  9.0044E-11,  9.0191E-11,  9.0180E-11,  9.0252E-11,  9.0227E-11,  9.0429E-11,  9.0363E-11,  9.0416E-11,  9.0339E-11,  9.0478E-11,  9.0637E-11,  9.0671E-11,  9.0584E-11,  9.0282E-11,  9.0104E-11,  9.1198E-11,  9.1025E-11,  9.1072E-11,  9.0903E-11,  9.1164E-11,  9.0785E-11,  9.1251E-11
  9.0000E+01,  3.3054E+03,  3.0772E+02,  1.2516E+00,  7.2820E-01,  2.4419E+00,  8.2493E+00,  2.2403E+00,  7.8536E+00,  1.8196E-01,  1.2752E+00,  2.6650E-01,  1.6610E+00,  2.9536E-01,  1.1950E+00,  5.2862E-02,  2.3176E-01,  5.2822E-02,  1.0679E-01,  8.6398E-02,  2.1850E-01,  4.0530E-02,  1.3519E-01,  6.8450E-02,  1.3893E-01,  8.8067E-02,  8.9324E-01,  5.6119E-03,  4.3822E-02,  1.0830E-05,  1.0830E-05,  1.0830E-05,  1.0830E-05,  1.0830E-05,  1.0830E-05,  1.0830E-05,  1.0830E-05,  1.0830E-05,  1.0830E-05,  1.0830E-05,  1.0830E-05,  1.0830E-05,  1.0830E-05,  1.0830E-05,  1.0830E-05,  1.0830E-05,  1.0830E-05,  1.0830E-05,  1.0830E-05,  1.0830E-05,  1.0830E-05,  1.0830E-05,  1.0830E-05,  1.0830E-05,  1.0830E-05,  1.0830E-05,  1.0830E-05,  1.0830E-05,  1.0830E-05,  1.0830E-05,  1.0830E-05,  1.0830E-05,  1.0830E-05,  1.0830E-05,  1.0830E-05,  1.0830E-05,  1.0830E-05,  1.0830E-05,  1.0830E-05,  1.0830E-05,  1.0830E-05,  1.0830E-05,  1.0830E-05,  1.0830E-05,  1.0830E-05,  1.0830E-05,  1.0830E-05,  1.0830E-05,  1.0830E-05,  1.0830E-05,  1.0830E-05,  1.0830E-05,  1.0830E-05,  1.0830E-05,  1.0830E-05,  1.0830E-05,  1.0830E-05,  1.0830E-05,  1.0830E-05,  1.0830E-05,  1.0830E-05,  1.0830E-05,  1.0830E-05,  8.9812E-01,  2.4334E-01,  8.2416E-04,  2.9438E-04,  1.6239E-03,  6.0234E-03,  1.4562E-03,  5.7715E-03,  1.2577E-04,  9.4648E-04,  2.0705E-04,  1.2267E-03,  2.2661E-04,  8.0848E-04,  2.9111E-05,  1.2853E-04,  2.2513E-05,  4.2428E-05,  4.4203E-05,  1.4920E-04,  2.8431E-05,  1.0335E-04,  6.0644E-05,  1.1239E-04,  7.1764E-05,  5.7312E-04,  2.4736E-06,  2.5497E-05,  8.8582E-11,  8.8467E-11,  8.9268E-11,  8.9500E-11,  8.9510E-11,  9.0108E-11,  8.9659E-11,  9.0155E-11,  8.9969E-11,  8.9908E-11,  8.9621E-11,  8.9627E-11,  8.9467E-11,  8.9664E-11,  8.9353E-11,  8.9800E-11,  8.9702E-11,  8.9994E-11,  8.9803E-11,  9.0305E-11,  9.0318E-11,  9.0650E-11,  9.0798E-11,  9.1461E-11,  9.0862E-11,  9.1240E-11,  9.1087E-11,  9.1441E-11,  9.1293E-11,  9.1078E-11,  9.0797E-11,  9.0954E-11,  9.0682E-11,  9.1183E-11,  9.1050E-11,  9.1500E-11,  9.1371E-11,  9.1542E-11,  9.1533E-11,  9.1524E-11,  9.1402E-11,  9.1632E-11,  9.1568E-11,  9.1706E-11,  9.1696E-11,  9.1762E-11,  9.1739E-11,  9.1926E-11,  9.1865E-11,  9.1913E-11,  9.1843E-11,  9.1971E-11,  9.2115E-11,  9.2145E-11,  9.2066E-11,  9.1790E-11,  9.1624E-11,  9.2610E-11,  9.2460E-11,  9.2501E-11,  9.2352E-11,  9.2580E-11,  9.2247E-11,  9.2655E-11
  1.0000E+02,  3.2961E+03,  3.0524E+02,  1.2432E+00,  7.2511E-01,  2.4251E+00,  8.1876E+00,  2.2253E+00,  7.7946E+00,  1.8066E-01,  1.2655E+00,  2.6437E-01,  1.6485E+00,  2.9304E-01,  1.1867E+00,  5.2560E-02,  2.3043E-01,  5.2585E-02,  1.0634E-01,  8.5937E-02,  2.1697E-01,  4.0237E-02,  1.3413E-01,  6.7830E-02,  1.3778E-01,  8.7335E-02,  8.8736E-01,  5.5861E-03,  4.3559E-02,  1.0829E-05,  1.0829E-05,  1.0829E-05,  1.0829E-05,  1.0829E-05,  1.0829E-05,  1.0829E-05,  1.0829E-05,  1.0829E-05,  1.0829E-05,  1.0829E-05,  1.0829E-05,  1.0829E-05,  1.0829E-05,  1.0829E-05,  1.0829E-05,  1.0829E-05,  1.0829E-05,  1.0829E-05,  1.0829E-05,  1.0829E-05,  1.0829E-05,  1.0829E-05,  1.0829E-05,  1.0829E-05,  1.0829E-05,  1.0829E-05,  1.0829E-05,  1.0829E-05,  1.0829E-05,  1.0829E-05,  1.0829E-05,  1.0829E-05,  1.0829E-05,  1.0829E-05,  1.0829E-05,  1.0829E-05,  1.0829E-05,  1.0829E-05,  1.0829E-05,  1.0829E-05,  1.0829E-05,  1.0829E-05,  1.0829E-05,  1.0829E-05,  1.0829E-05,  1.0829E-05,  1.0829E-05,  1.0829E-05,  1.0829E-05,  1.0829E-05,  1.0829E-05,  1.0829E-05,  1.0829E-05,  1.0829E-05,  1.0829E-05,  1.0829E-05,  1.0829E-05,  1.0829E-05,  1.0829E-05,  1.0829E-05,  1.0829E-05,  1.0829E-05,  1.0829E-05,  9.6405E-01,  2.5262E-01,  8.6914E-04,  3.2341E-04,  1.7322E-03,  6.3196E-03,  1.5449E-03,  6.0183E-03,  1.3380E-04,  9.9023E-04,  2.1766E-04,  1.2836E-03,  2.3751E-04,  8.4914E-04,  3.1392E-05,  1.3709E-04,  2.4747E-05,  4.6650E-05,  4.7995E-05,  1.5727E-04,  3.0101E-05,  1.0898E-04,  6.3168E-05,  1.1760E-04,  7.4604E-05,  6.0298E-04,  2.6853E-06,  2.6999E-05,  9.0007E-11,  8.9895E-11,  9.0674E-11,  9.0897E-11,  9.0907E-11,  9.1479E-11,  9.1050E-11,  9.1523E-11,  9.1347E-11,  9.1288E-11,  9.1013E-11,  9.1019E-11,  9.0866E-11,  9.1055E-11,  9.0756E-11,  9.1184E-11,  9.1090E-11,  9.1370E-11,  9.1188E-11,  9.1664E-11,  9.1676E-11,  9.1984E-11,  9.2119E-11,  9.2706E-11,  9.2177E-11,  9.2514E-11,  9.2379E-11,  9.2688E-11,  9.2560E-11,  9.2371E-11,  9.2118E-11,  9.2260E-11,  9.2013E-11,  9.2463E-11,  9.2346E-11,  9.2739E-11,  9.2628E-11,  9.2775E-11,  9.2767E-11,  9.2760E-11,  9.2655E-11,  9.2851E-11,  9.2797E-11,  9.2912E-11,  9.2904E-11,  9.2959E-11,  9.2940E-11,  9.3091E-11,  9.3043E-11,  9.3081E-11,  9.3024E-11,  9.3126E-11,  9.3236E-11,  9.3258E-11,  9.3200E-11,  9.2982E-11,  9.2844E-11,  9.3584E-11,  9.3477E-11,  9.3506E-11,  9.3402E-11,  9.3563E-11,  9.3330E-11,  9.3616E-11
  1.1000E+02,  3.2861E+03,  3.0267E+02,  1.2343E+00,  7.2174E-01,  2.4073E+00,  8.1232E+00,  2.2095E+00,  7.7334E+00,  1.7929E-01,  1.2554E+00,  2.6215E-01,  1.6354E+00,  2.9062E-01,  1.1780E+00,  5.2236E-02,  2.2902E-01,  5.2328E-02,  1.0586E-01,  8.5440E-02,  2.1536E-01,  3.9929E-02,  1.3302E-01,  6.7189E-02,  1.3659E-01,  8.6578E-02,  8.8120E-01,  5.5583E-03,  4.3283E-02,  1.0828E-05,  1.0828E-05,  1.0828E-05,  1.0828E-05,  1.0828E-05,  1.0828E-05,  1.0828E-05,  1.0828E-05,  1.0828E-05,  1.0828E-05,  1.0828E-05,  1.0828E-05,  1.0828E-05,  1.0828E-05,  1.0828E-05,  1.0828E-05,  1.0828E-05,  1.0828E-05,  1.0828E-05,  1.0828E-05,  1.0828E-05,  1.0828E-05,  1.0828E-05,  1.0828E-05,  1.0828E-05,  1.0828E-05,  1.0828E-05,  1.0828E-05,  1.0828E-05,  1.0828E-05,  1.0828E-05,  1.0828E-05,  1.0828E-05,  1.0828E-05,  1.0828E-05,  1.0828E-05,  1.0828E-05,  1.0828E-05,  1.0828E-05,  1.0828E-05,  1.0828E-05,  1.0828E-05,  1.0828E-05,  1.0828E-05,  1.0828E-05,  1.0828E-05,  1.0828E-05,  1.0828E-05,  1.0828E-05,  1.0828E-05,  1.0828E-05,  1.0828E-05,  1.0828E-05,  1.0828E-05,  1.0828E-05,  1.0828E-05,  1.0828E-05,  1.0828E-05,  1.0828E-05,  1.0828E-05,  1.0828E-05,  1.0828E-05,  1.0828E-05,  1.0828E-05,  1.0270E+00,  2.6035E-01,  9.0580E-04,  3.4957E-04,  1.8244E-03,  6.5621E-03,  1.6217E-03,  6.2238E-03,  1.4059E-04,  1.0265E-03,  2.2632E-04,  1.3297E-03,  2.4632E-04,  8.8262E-04,  3.3390E-05,  1.4447E-04,  2.6772E-05,  5.0478E-05,  5.1363E-05,  1.6398E-04,  3.1496E-05,  1.1361E-04,  6.5131E-05,  1.2176E-04,  7.6808E-05,  6.2758E-04,  2.8733E-06,  2.8265E-05,  9.1260E-11,  9.1152E-11,  9.1889E-11,  9.2095E-11,  9.2105E-11,  9.2616E-11,  9.2234E-11,  9.2654E-11,  9.2499E-11,  9.2448E-11,  9.2201E-11,  9.2206E-11,  9.2066E-11,  9.2238E-11,  9.1965E-11,  9.2355E-11,  9.2271E-11,  9.2520E-11,  9.2358E-11,  9.2776E-11,  9.2787E-11,  9.3044E-11,  9.3153E-11,  9.3577E-11,  9.3197E-11,  9.3439E-11,  9.3344E-11,  9.3565E-11,  9.3472E-11,  9.3339E-11,  9.3152E-11,  9.3260E-11,  9.3068E-11,  9.3403E-11,  9.3321E-11,  9.3602E-11,  9.3520E-11,  9.3628E-11,  9.3622E-11,  9.3617E-11,  9.3540E-11,  9.3684E-11,  9.3644E-11,  9.3730E-11,  9.3724E-11,  9.3766E-11,  9.3751E-11,  9.3869E-11,  9.3831E-11,  9.3861E-11,  9.3817E-11,  9.3898E-11,  9.3990E-11,  9.4010E-11,  9.3959E-11,  9.3784E-11,  9.3679E-11,  9.4316E-11,  9.4215E-11,  9.4243E-11,  9.4145E-11,  9.4296E-11,  9.4076E-11,  9.4346E-11
  1.2000E+02,  3.2755E+03,  3.0004E+02,  1.2251E+00,  7.1813E-01,  2.3887E+00,  8.0566E+00,  2.1930E+00,  7.6703E+00,  1.7786E-01,  1.2450E+00,  2.5986E-01,  1.6219E+00,  2.8812E-01,  1.1691E+00,  5.1893E-02,  2.2755E-01,  5.2051E-02,  1.0534E-01,  8.4912E-02,  2.1370E-01,  3.9609E-02,  1.3186E-01,  6.6530E-02,  1.3535E-01,  8.5802E-02,  8.7483E-01,  5.5287E-03,  4.2995E-02,  1.0827E-05,  1.0827E-05,  1.0827E-05,  1.0827E-05,  1.0827E-05,  1.0827E-05,  1.0827E-05,  1.0827E-05,  1.0827E-05,  1.0827E-05,  1.0827E-05,  1.0827E-05,  1.0827E-05,  1.0827E-05,  1.0827E-05,  1.0827E-05,  1.0827E-05,  1.0827E-05,  1.0827E-05,  1.0827E-05,  1.0827E-05,  1.0827E-05,  1.0827E-05,  1.0827E-05,  1.0827E-05,  1.0827E-05,  1.0827E-05,  1.0827E-05,  1.0827E-05,  1.0827E-05,  1.0827E-05,  1.0827E-05,  1.0827E-05,  1.0827E-05,  1.0827E-05,  1.0827E-05,  1.0827E-05,  1.0827E-05,  1.0827E-05,  1.0827E-05,  1.0827E-05,  1.0827E-05,  1.0827E-05,  1.0827E-05,  1.0827E-05,  1.0827E-05,  1.0827E-05,  1.0827E-05,  1.0827E-05,  1.0827E-05,  1.0827E-05,  1.0827E-05,  1.0827E-05,  1.0827E-05,  1.0827E-05,  1.0827E-05,  1.0827E-05,  1.0827E-05,  1.0827E-05,  1.0827E-05,  1.0827E-05,  1.0827E-05,  1.0827E-05,  1.0827E-05,  1.0878E+00,  2.6660E-01,  9.3451E-04,  3.7283E-04,  1.9016E-03,  6.7577E-03,  1.6872E-03,  6.3910E-03,  1.4626E-04,  1.0558E-03,  2.3328E-04,  1.3663E-03,  2.5334E-04,  9.0981E-04,  3.5128E-05,  1.5076E-04,  2.8598E-05,  5.3904E-05,  5.4334E-05,  1.6948E-04,  3.2642E-05,  1.1732E-04,  6.6587E-05,  1.2499E-04,  7.8442E-05,  6.4745E-04,  3.0381E-06,  2.9319E-05,  9.2331E-11,  9.2233E-11,  9.2885E-11,  9.3057E-11,  9.3065E-11,  9.3449E-11,  9.3170E-11,  9.3477E-11,  9.3365E-11,  9.3329E-11,  9.3143E-11,  9.3147E-11,  9.3034E-11,  9.3173E-11,  9.2949E-11,  9.3262E-11,  9.3198E-11,  9.3380E-11,  9.3264E-11,  9.3566E-11,  9.3574E-11,  9.3771E-11,  9.3859E-11,  9.4251E-11,  9.3896E-11,  9.4120E-11,  9.4030E-11,  9.4239E-11,  9.4152E-11,  9.4025E-11,  9.3858E-11,  9.3951E-11,  9.3790E-11,  9.4086E-11,  9.4008E-11,  9.4274E-11,  9.4197E-11,  9.4298E-11,  9.4293E-11,  9.4288E-11,  9.4216E-11,  9.4352E-11,  9.4314E-11,  9.4396E-11,  9.4389E-11,  9.4429E-11,  9.4415E-11,  9.4527E-11,  9.4491E-11,  9.4519E-11,  9.4477E-11,  9.4554E-11,  9.4641E-11,  9.4660E-11,  9.4612E-11,  9.4446E-11,  9.4347E-11,  9.4945E-11,  9.4852E-11,  9.4878E-11,  9.4786E-11,  9.4927E-11,  9.4722E-11,  9.4974E-11
  1.4000E+02,  3.2526E+03,  2.9462E+02,  1.2060E+00,  7.1030E-01,  2.3496E+00,  7.9187E+00,  2.1582E+00,  7.5402E+00,  1.7485E-01,  1.2235E+00,  2.5510E-01,  1.5941E+00,  2.8296E-01,  1.1505E+00,  5.1163E-02,  2.2443E-01,  5.1449E-02,  1.0420E-01,  8.3777E-02,  2.1023E-01,  3.8940E-02,  1.2947E-01,  6.5183E-02,  1.3281E-01,  8.4216E-02,  8.6161E-01,  5.4654E-03,  4.2393E-02,  1.0825E-05,  1.0825E-05,  1.0825E-05,  1.0825E-05,  1.0825E-05,  1.0825E-05,  1.0825E-05,  1.0825E-05,  1.0825E-05,  1.0825E-05,  1.0825E-05,  1.0825E-05,  1.0825E-05,  1.0825E-05,  1.0825E-05,  1.0825E-05,  1.0825E-05,  1.0825E-05,  1.0825E-05,  1.0825E-05,  1.0825E-05,  1.0825E-05,  1.0825E-05,  1.0825E-05,  1.0825E-05,  1.0825E-05,  1.0825E-05,  1.0825E-05,  1.0825E-05,  1.0825E-05,  1.0825E-05,  1.0825E-05,  1.0825E-05,  1.0825E-05,  1.0825E-05,  1.0825E-05,  1.0825E-05,  1.0825E-05,  1.0825E-05,  1.0825E-05,  1.0825E-05,  1.0825E-05,  1.0825E-05,  1.0825E-05,  1.0825E-05,  1.0825E-05,  1.0825E-05,  1.0825E-05,  1.0825E-05,  1.0825E-05,  1.0825E-05,  1.0825E-05,  1.0825E-05,  1.0825E-05,  1.0825E-05,  1.0825E-05,  1.0825E-05,  1.0825E-05,  1.0825E-05,  1.0825E-05,  1.0825E-05,  1.0825E-05,  1.0825E-05,  1.0825E-05,  1.2052E+00,  2.7509E-01,  9.7281E-04,  4.1051E-04,  2.0129E-03,  7.0284E-03,  1.7871E-03,  6.6228E-03,  1.5451E-04,  1.0962E-03,  2.4266E-04,  1.4155E-03,  2.6264E-04,  9.4813E-04,  3.7868E-05,  1.6047E-04,  3.1636E-05,  5.9488E-05,  5.9134E-05,  1.7740E-04,  3.4234E-05,  1.2218E-04,  6.8136E-05,  1.2890E-04,  8.0166E-05,  6.7411E-04,  3.2979E-06,  3.0851E-05,  9.3791E-11,  9.3725E-11,  9.4176E-11,  9.4304E-11,  9.4310E-11,  9.4637E-11,  9.4391E-11,  9.4661E-11,  9.4561E-11,  9.4528E-11,  9.4371E-11,  9.4374E-11,  9.4286E-11,  9.4394E-11,  9.4223E-11,  9.4468E-11,  9.4415E-11,  9.4574E-11,  9.4470E-11,  9.4742E-11,  9.4749E-11,  9.4925E-11,  9.5003E-11,  9.5345E-11,  9.5036E-11,  9.5232E-11,  9.5154E-11,  9.5335E-11,  9.5260E-11,  9.5149E-11,  9.5002E-11,  9.5085E-11,  9.4942E-11,  9.5203E-11,  9.5134E-11,  9.5365E-11,  9.5299E-11,  9.5386E-11,  9.5382E-11,  9.5377E-11,  9.5315E-11,  9.5431E-11,  9.5399E-11,  9.5468E-11,  9.5463E-11,  9.5497E-11,  9.5485E-11,  9.5578E-11,  9.5548E-11,  9.5572E-11,  9.5536E-11,  9.5600E-11,  9.5671E-11,  9.5686E-11,  9.5648E-11,  9.5510E-11,  9.5427E-11,  9.5910E-11,  9.5839E-11,  9.5859E-11,  9.5788E-11,  9.5896E-11,  9.5737E-11,  9.5930E-11
  1.6000E+02,  3.2273E+03,  2.8908E+02,  1.1863E+00,  7.0180E-01,  2.3086E+00,  7.7769E+00,  2.1219E+00,  7.4067E+00,  1.7171E-01,  1.2014E+00,  2.5020E-01,  1.5656E+00,  2.7767E-01,  1.1313E+00,  5.0388E-02,  2.2116E-01,  5.0793E-02,  1.0297E-01,  8.2561E-02,  2.0664E-01,  3.8247E-02,  1.2700E-01,  6.3816E-02,  1.3022E-01,  8.2608E-02,  8.4799E-01,  5.3975E-03,  4.1768E-02,  1.0823E-05,  1.0823E-05,  1.0823E-05,  1.0823E-05,  1.0823E-05,  1.0823E-05,  1.0823E-05,  1.0823E-05,  1.0823E-05,  1.0823E-05,  1.0823E-05,  1.0823E-05,  1.0823E-05,  1.0823E-05,  1.0823E-05,  1.0823E-05,  1.0823E-05,  1.0823E-05,  1.0823E-05,  1.0823E-05,  1.0823E-05,  1.0823E-05,  1.0823E-05,  1.0823E-05,  1.0823E-05,  1.0823E-05,  1.0823E-05,  1.0823E-05,  1.0823E-05,  1.0823E-05,  1.0823E-05,  1.0823E-05,  1.0823E-05,  1.0823E-05,  1.0823E-05,  1.0824E-05,  1.0823E-05,  1.0824E-05,  1.0824E-05,  1.0824E-05,  1.0823E-05,  1.0824E-05,  1.0824E-05,  1.0824E-05,  1.0824E-05,  1.0824E-05,  1.0824E-05,  1.0824E-05,  1.0824E-05,  1.0824E-05,  1.0824E-05,  1.0824E-05,  1.0824E-05,  1.0824E-05,  1.0824E-05,  1.0824E-05,  1.0824E-05,  1.0824E-05,  1.0824E-05,  1.0824E-05,  1.0824E-05,  1.0824E-05,  1.0824E-05,  1.0824E-05,  1.3256E+00,  2.7859E-01,  9.9505E-04,  4.3975E-04,  2.0813E-03,  7.1589E-03,  1.8487E-03,  6.7306E-03,  1.5924E-04,  1.1147E-03,  2.4685E-04,  1.4365E-03,  2.6648E-04,  9.6751E-04,  3.9690E-05,  1.6667E-04,  3.3885E-05,  6.3810E-05,  6.2479E-05,  1.8166E-04,  3.5110E-05,  1.2469E-04,  6.8575E-05,  1.3044E-04,  8.0607E-05,  6.8776E-04,  3.4868E-06,  3.1717E-05,  9.4805E-11,  9.4746E-11,  9.5151E-11,  9.5264E-11,  9.5269E-11,  9.5550E-11,  9.5340E-11,  9.5571E-11,  9.5486E-11,  9.5458E-11,  9.5322E-11,  9.5325E-11,  9.5248E-11,  9.5343E-11,  9.5192E-11,  9.5407E-11,  9.5361E-11,  9.5497E-11,  9.5408E-11,  9.5638E-11,  9.5644E-11,  9.5788E-11,  9.5850E-11,  9.6092E-11,  9.5876E-11,  9.6016E-11,  9.5963E-11,  9.6085E-11,  9.6034E-11,  9.5959E-11,  9.5850E-11,  9.5913E-11,  9.5802E-11,  9.5996E-11,  9.5949E-11,  9.6106E-11,  9.6061E-11,  9.6120E-11,  9.6117E-11,  9.6114E-11,  9.6072E-11,  9.6151E-11,  9.6129E-11,  9.6177E-11,  9.6173E-11,  9.6196E-11,  9.6188E-11,  9.6254E-11,  9.6232E-11,  9.6249E-11,  9.6224E-11,  9.6269E-11,  9.6321E-11,  9.6331E-11,  9.6303E-11,  9.6206E-11,  9.6148E-11,  9.6500E-11,  9.6445E-11,  9.6460E-11,  9.6406E-11,  9.6489E-11,  9.6368E-11,  9.6517E-11
  1.8000E+02,  3.1997E+03,  2.8351E+02,  1.1663E+00,  6.9278E-01,  2.2666E+00,  7.6334E+00,  2.0846E+00,  7.2719E+00,  1.6850E-01,  1.1791E+00,  2.4525E-01,  1.5368E+00,  2.7234E-01,  1.1119E+00,  4.9582E-02,  2.1779E-01,  5.0099E-02,  1.0166E-01,  8.1288E-02,  2.0299E-01,  3.7540E-02,  1.2449E-01,  6.2447E-02,  1.2761E-01,  8.0999E-02,  8.3418E-01,  5.3264E-03,  4.1129E-02,  1.0821E-05,  1.0821E-05,  1.0821E-05,  1.0821E-05,  1.0821E-05,  1.0822E-05,  1.0821E-05,  1.0822E-05,  1.0822E-05,  1.0822E-05,  1.0821E-05,  1.0821E-05,  1.0821E-05,  1.0821E-05,  1.0821E-05,  1.0821E-05,  1.0821E-05,  1.0822E-05,  1.0821E-05,  1.0822E-05,  1.0822E-05,  1.0822E-05,  1.0822E-05,  1.0822E-05,  1.0822E-05,  1.0822E-05,  1.0822E-05,  1.0822E-05,  1.0822E-05,  1.0822E-05,  1.0822E-05,  1.0822E-05,  1.0822E-05,  1.0822E-05,  1.0822E-05,  1.0822E-05,  1.0822E-05,  1.0822E-05,  1.0822E-05,  1.0822E-05,  1.0822E-05,  1.0822E-05,  1.0822E-05,  1.0822E-05,  1.0822E-05,  1.0822E-05,  1.0822E-05,  1.0822E-05,  1.0822E-05,  1.0822E-05,  1.0822E-05,  1.0822E-05,  1.0822E-05,  1.0822E-05,  1.0822E-05,  1.0822E-05,  1.0822E-05,  1.0822E-05,  1.0822E-05,  1.0822E-05,  1.0822E-05,  1.0822E-05,  1.0822E-05,  1.0822E-05,  1.4403E+00,  2.7855E-01,  1.0049E-03,  4.6200E-04,  2.1212E-03,  7.1909E-03,  1.8815E-03,  6.7503E-03,  1.6185E-04,  1.1187E-03,  2.4812E-04,  1.4395E-03,  2.6725E-04,  9.7359E-04,  4.0908E-05,  1.7027E-04,  3.5588E-05,  6.7124E-05,  6.4815E-05,  1.8331E-04,  3.5545E-05,  1.2566E-04,  6.8300E-05,  1.3056E-04,  8.0260E-05,  6.9363E-04,  3.6244E-06,  3.2193E-05,  9.5602E-11,  9.5551E-11,  9.5886E-11,  9.5970E-11,  9.5974E-11,  9.6169E-11,  9.6023E-11,  9.6184E-11,  9.6124E-11,  9.6104E-11,  9.6010E-11,  9.6012E-11,  9.5959E-11,  9.6025E-11,  9.5918E-11,  9.6069E-11,  9.6037E-11,  9.6132E-11,  9.6070E-11,  9.6233E-11,  9.6237E-11,  9.6344E-11,  9.6391E-11,  9.6603E-11,  9.6412E-11,  9.6532E-11,  9.6484E-11,  9.6596E-11,  9.6549E-11,  9.6481E-11,  9.6391E-11,  9.6441E-11,  9.6354E-11,  9.6514E-11,  9.6472E-11,  9.6615E-11,  9.6574E-11,  9.6628E-11,  9.6625E-11,  9.6623E-11,  9.6584E-11,  9.6657E-11,  9.6636E-11,  9.6680E-11,  9.6677E-11,  9.6698E-11,  9.6691E-11,  9.6750E-11,  9.6731E-11,  9.6746E-11,  9.6724E-11,  9.6764E-11,  9.6810E-11,  9.6820E-11,  9.6795E-11,  9.6707E-11,  9.6654E-11,  9.6970E-11,  9.6921E-11,  9.6934E-11,  9.6886E-11,  9.6960E-11,  9.6852E-11,  9.6985E-11
  2.0000E+02,  3.1699E+03,  2.7796E+02,  1.1462E+00,  6.8338E-01,  2.2240E+00,  7.4898E+00,  2.0468E+00,  7.1372E+00,  1.6525E-01,  1.1567E+00,  2.4030E-01,  1.5081E+00,  2.6700E-01,  1.0925E+00,  4.8756E-02,  2.1437E-01,  4.9374E-02,  1.0029E-01,  7.9976E-02,  1.9932E-01,  3.6828E-02,  1.2198E-01,  6.1090E-02,  1.2501E-01,  7.9403E-02,  8.2031E-01,  5.2530E-03,  4.0483E-02,  1.0820E-05,  1.0820E-05,  1.0820E-05,  1.0820E-05,  1.0820E-05,  1.0820E-05,  1.0820E-05,  1.0820E-05,  1.0820E-05,  1.0820E-05,  1.0820E-05,  1.0820E-05,  1.0820E-05,  1.0820E-05,  1.0820E-05,  1.0820E-05,  1.0820E-05,  1.0820E-05,  1.0820E-05,  1.0820E-05,  1.0820E-05,  1.0820E-05,  1.0820E-05,  1.0820E-05,  1.0820E-05,  1.0820E-05,  1.0820E-05,  1.0820E-05,  1.0820E-05,  1.0820E-05,  1.0820E-05,  1.0820E-05,  1.0820E-05,  1.0820E-05,  1.0820E-05,  1.0820E-05,  1.0820E-05,  1.0820E-05,  1.0820E-05,  1.0820E-05,  1.0820E-05,  1.0820E-05,  1.0820E-05,  1.0820E-05,  1.0820E-05,  1.0820E-05,  1.0820E-05,  1.0820E-05,  1.0820E-05,  1.0820E-05,  1.0820E-05,  1.0820E-05,  1.0820E-05,  1.0820E-05,  1.0820E-05,  1.0820E-05,  1.0820E-05,  1.0820E-05,  1.0820E-05,  1.0820E-05,  1.0820E-05,  1.0820E-05,  1.0820E-05,  1.0820E-05,  1.5344E+00,  2.7646E-01,  1.0058E-03,  4.7816E-04,  2.1382E-03,  7.1656E-03,  1.8959E-03,  6.7187E-03,  1.6282E-04,  1.1141E-03,  2.4726E-04,  1.4316E-03,  2.6588E-04,  9.7185E-04,  4.1665E-05,  1.7220E-04,  3.6840E-05,  6.9547E-05,  6.6382E-05,  1.8338E-04,  3.5636E-05,  1.2545E-04,  6.7481E-05,  1.2959E-04,  7.9315E-05,  6.9351E-04,  3.7181E-06,  3.2376E-05,  9.6155E-11,  9.6119E-11,  9.6370E-11,  9.6442E-11,  9.6445E-11,  9.6626E-11,  9.6490E-11,  9.6640E-11,  9.6584E-11,  9.6566E-11,  9.6479E-11,  9.6480E-11,  9.6431E-11,  9.6492E-11,  9.6396E-11,  9.6533E-11,  9.6503E-11,  9.6592E-11,  9.6534E-11,  9.6685E-11,  9.6689E-11,  9.6786E-11,  9.6829E-11,  9.7018E-11,  9.6847E-11,  9.6955E-11,  9.6912E-11,  9.7013E-11,  9.6971E-11,  9.6909E-11,  9.6828E-11,  9.6873E-11,  9.6795E-11,  9.6939E-11,  9.6901E-11,  9.7029E-11,  9.6993E-11,  9.7041E-11,  9.7038E-11,  9.7036E-11,  9.7002E-11,  9.7066E-11,  9.7048E-11,  9.7087E-11,  9.7084E-11,  9.7103E-11,  9.7096E-11,  9.7149E-11,  9.7132E-11,  9.7145E-11,  9.7125E-11,  9.7161E-11,  9.7201E-11,  9.7210E-11,  9.7188E-11,  9.7111E-11,  9.7064E-11,  9.7337E-11,  9.7296E-11,  9.7308E-11,  9.7267E-11,  9.7329E-11,  9.7238E-11,  9.7350E-11
  2.2000E+02,  3.1385E+03,  2.7247E+02,  1.1262E+00,  6.7370E-01,  2.1812E+00,  7.3472E+00,  2.0089E+00,  7.0035E+00,  1.6200E-01,  1.1346E+00,  2.3538E-01,  1.4797E+00,  2.6172E-01,  1.0731E+00,  4.7919E-02,  2.1092E-01,  4.8629E-02,  9.8884E-02,  7.8639E-02,  1.9566E-01,  3.6117E-02,  1.1948E-01,  5.9751E-02,  1.2243E-01,  7.7830E-02,  8.0648E-01,  5.1780E-03,  3.9836E-02,  1.0818E-05,  1.0818E-05,  1.0818E-05,  1.0818E-05,  1.0818E-05,  1.0818E-05,  1.0818E-05,  1.0818E-05,  1.0818E-05,  1.0818E-05,  1.0818E-05,  1.0818E-05,  1.0818E-05,  1.0818E-05,  1.0818E-05,  1.0818E-05,  1.0818E-05,  1.0818E-05,  1.0818E-05,  1.0818E-05,  1.0818E-05,  1.0818E-05,  1.0818E-05,  1.0818E-05,  1.0818E-05,  1.0818E-05,  1.0818E-05,  1.0818E-05,  1.0818E-05,  1.0818E-05,  1.0818E-05,  1.0818E-05,  1.0818E-05,  1.0818E-05,  1.0818E-05,  1.0818E-05,  1.0818E-05,  1.0818E-05,  1.0818E-05,  1.0818E-05,  1.0818E-05,  1.0818E-05,  1.0818E-05,  1.0818E-05,  1.0818E-05,  1.0818E-05,  1.0818E-05,  1.0818E-05,  1.0818E-05,  1.0818E-05,  1.0818E-05,  1.0818E-05,  1.0818E-05,  1.0818E-05,  1.0818E-05,  1.0818E-05,  1.0818E-05,  1.0818E-05,  1.0818E-05,  1.0818E-05,  1.0818E-05,  1.0818E-05,  1.0818E-05,  1.0818E-05,  1.6096E+00,  2.7287E-01,  1.0011E-03,  4.8992E-04,  2.1382E-03,  7.0973E-03,  1.8960E-03,  6.6488E-03,  1.6245E-04,  1.1026E-03,  2.4473E-04,  1.4155E-03,  2.6283E-04,  9.6428E-04,  4.2039E-05,  1.7281E-04,  3.7697E-05,  7.1308E-05,  6.7305E-05,  1.8228E-04,  3.5463E-05,  1.2442E-04,  6.6352E-05,  1.2788E-04,  7.8017E-05,  6.8890E-04,  3.7786E-06,  3.2320E-05,  9.6575E-11,  9.6540E-11,  9.6773E-11,  9.6838E-11,  9.6841E-11,  9.7005E-11,  9.6882E-11,  9.7017E-11,  9.6967E-11,  9.6950E-11,  9.6871E-11,  9.6873E-11,  9.6829E-11,  9.6883E-11,  9.6797E-11,  9.6921E-11,  9.6894E-11,  9.6974E-11,  9.6921E-11,  9.7057E-11,  9.7061E-11,  9.7147E-11,  9.7186E-11,  9.7348E-11,  9.7202E-11,  9.7295E-11,  9.7258E-11,  9.7343E-11,  9.7308E-11,  9.7256E-11,  9.7186E-11,  9.7225E-11,  9.7156E-11,  9.7281E-11,  9.7249E-11,  9.7357E-11,  9.7327E-11,  9.7367E-11,  9.7365E-11,  9.7363E-11,  9.7334E-11,  9.7388E-11,  9.7373E-11,  9.7405E-11,  9.7403E-11,  9.7418E-11,  9.7413E-11,  9.7455E-11,  9.7441E-11,  9.7452E-11,  9.7436E-11,  9.7465E-11,  9.7497E-11,  9.7503E-11,  9.7486E-11,  9.7424E-11,  9.7386E-11,  9.7594E-11,  9.7567E-11,  9.7575E-11,  9.7546E-11,  9.7589E-11,  9.7525E-11,  9.7601E-11
  2.5000E+02,  3.0889E+03,  2.6439E+02,  1.0963E+00,  6.5883E-01,  2.1174E+00,  7.1367E+00,  1.9523E+00,  6.8064E+00,  1.5716E-01,  1.1019E+00,  2.2812E-01,  1.4377E+00,  2.5393E-01,  1.0445E+00,  4.6657E-02,  2.0575E-01,  4.7487E-02,  9.6720E-02,  7.6613E-02,  1.9024E-01,  3.5061E-02,  1.1579E-01,  5.7791E-02,  1.1865E-01,  7.5524E-02,  7.8599E-01,  5.0640E-03,  3.8872E-02,  1.0815E-05,  1.0815E-05,  1.0815E-05,  1.0815E-05,  1.0815E-05,  1.0815E-05,  1.0815E-05,  1.0815E-05,  1.0815E-05,  1.0815E-05,  1.0815E-05,  1.0815E-05,  1.0815E-05,  1.0815E-05,  1.0815E-05,  1.0815E-05,  1.0815E-05,  1.0815E-05,  1.0815E-05,  1.0815E-05,  1.0815E-05,  1.0815E-05,  1.0815E-05,  1.0815E-05,  1.0815E-05,  1.0815E-05,  1.0815E-05,  1.0815E-05,  1.0815E-05,  1.0815E-05,  1.0815E-05,  1.0815E-05,  1.0815E-05,  1.0815E-05,  1.0815E-05,  1.0815E-05,  1.0815E-05,  1.0815E-05,  1.0815E-05,  1.0815E-05,  1.0815E-05,  1.0815E-05,  1.0815E-05,  1.0815E-05,  1.0815E-05,  1.0815E-05,  1.0815E-05,  1.0815E-05,  1.0815E-05,  1.0815E-05,  1.0815E-05,  1.0815E-05,  1.0815E-05,  1.0815E-05,  1.0815E-05,  1.0815E-05,  1.0815E-05,  1.0815E-05,  1.0815E-05,  1.0815E-05,  1.0815E-05,  1.0815E-05,  1.0815E-05,  1.0815E-05,  1.6975E+00,  2.6546E-01,  9.8649E-04,  5.0097E-04,  2.1179E-03,  6.9359E-03,  1.8753E-03,  6.4912E-03,  1.6042E-04,  1.0767E-03,  2.3915E-04,  1.3806E-03,  2.5644E-04,  9.4482E-04,  4.2095E-05,  1.7180E-04,  3.8451E-05,  7.2984E-05,  6.7796E-05,  1.7894E-04,  3.4918E-05,  1.2195E-04,  6.4321E-05,  1.2457E-04,  7.5711E-05,  6.7732E-04,  3.8250E-06,  3.1968E-05,  9.7085E-11,  9.7055E-11,  9.7253E-11,  9.7307E-11,  9.7309E-11,  9.7439E-11,  9.7343E-11,  9.7449E-11,  9.7410E-11,  9.7397E-11,  9.7334E-11,  9.7335E-11,  9.7299E-11,  9.7344E-11,  9.7273E-11,  9.7374E-11,  9.7352E-11,  9.7415E-11,  9.7374E-11,  9.7479E-11,  9.7482E-11,  9.7544E-11,  9.7570E-11,  9.7655E-11,  9.7580E-11,  9.7629E-11,  9.7610E-11,  9.7653E-11,  9.7635E-11,  9.7609E-11,  9.7569E-11,  9.7593E-11,  9.7550E-11,  9.7622E-11,  9.7606E-11,  9.7660E-11,  9.7644E-11,  9.7665E-11,  9.7664E-11,  9.7663E-11,  9.7648E-11,  9.7676E-11,  9.7668E-11,  9.7684E-11,  9.7683E-11,  9.7691E-11,  9.7688E-11,  9.7711E-11,  9.7703E-11,  9.7709E-11,  9.7701E-11,  9.7716E-11,  9.7734E-11,  9.7737E-11,  9.7728E-11,  9.7694E-11,  9.7675E-11,  9.7796E-11,  9.7777E-11,  9.7782E-11,  9.7763E-11,  9.7792E-11,  9.7750E-11,  9.7801E-11
  2.8000E+02,  3.0370E+03,  2.5656E+02,  1.0671E+00,  6.4373E-01,  2.0544E+00,  6.9315E+00,  1.8966E+00,  6.6145E+00,  1.5239E-01,  1.0700E+00,  2.2105E-01,  1.3969E+00,  2.4635E-01,  1.0165E+00,  4.5399E-02,  2.0063E-01,  4.6329E-02,  9.4519E-02,  7.4582E-02,  1.8494E-01,  3.4026E-02,  1.1218E-01,  5.5896E-02,  1.1497E-01,  7.3291E-02,  7.6590E-01,  4.9491E-03,  3.7921E-02,  1.0812E-05,  1.0812E-05,  1.0812E-05,  1.0812E-05,  1.0812E-05,  1.0812E-05,  1.0812E-05,  1.0812E-05,  1.0812E-05,  1.0812E-05,  1.0812E-05,  1.0812E-05,  1.0812E-05,  1.0812E-05,  1.0812E-05,  1.0812E-05,  1.0812E-05,  1.0812E-05,  1.0812E-05,  1.0812E-05,  1.0812E-05,  1.0812E-05,  1.0812E-05,  1.0812E-05,  1.0812E-05,  1.0812E-05,  1.0812E-05,  1.0812E-05,  1.0812E-05,  1.0812E-05,  1.0812E-05,  1.0812E-05,  1.0812E-05,  1.0812E-05,  1.0812E-05,  1.0812E-05,  1.0812E-05,  1.0812E-05,  1.0812E-05,  1.0812E-05,  1.0812E-05,  1.0812E-05,  1.0812E-05,  1.0812E-05,  1.0812E-05,  1.0812E-05,  1.0812E-05,  1.0812E-05,  1.0812E-05,  1.0812E-05,  1.0812E-05,  1.0812E-05,  1.0812E-05,  1.0812E-05,  1.0812E-05,  1.0812E-05,  1.0812E-05,  1.0812E-05,  1.0812E-05,  1.0812E-05,  1.0812E-05,  1.0812E-05,  1.0812E-05,  1.0812E-05,  1.7593E+00,  2.5698E-01,  9.6523E-04,  5.0571E-04,  2.0807E-03,  6.7404E-03,  1.8403E-03,  6.3039E-03,  1.5717E-04,  1.0458E-03,  2.3233E-04,  1.3399E-03,  2.4888E-04,  9.2049E-04,  4.1745E-05,  1.6944E-04,  3.8730E-05,  7.3739E-05,  6.7565E-05,  1.7457E-04,  3.4139E-05,  1.1875E-04,  6.2049E-05,  1.2070E-04,  7.3154E-05,  6.6202E-04,  3.8306E-06,  3.1407E-05,  9.7463E-11,  9.7440E-11,  9.7583E-11,  9.7613E-11,  9.7614E-11,  9.7682E-11,  9.7631E-11,  9.7687E-11,  9.7666E-11,  9.7660E-11,  9.7627E-11,  9.7628E-11,  9.7609E-11,  9.7632E-11,  9.7595E-11,  9.7647E-11,  9.7636E-11,  9.7669E-11,  9.7648E-11,  9.7704E-11,  9.7705E-11,  9.7742E-11,  9.7759E-11,  9.7831E-11,  9.7766E-11,  9.7807E-11,  9.7790E-11,  9.7829E-11,  9.7813E-11,  9.7790E-11,  9.7759E-11,  9.7776E-11,  9.7746E-11,  9.7801E-11,  9.7786E-11,  9.7835E-11,  9.7821E-11,  9.7840E-11,  9.7839E-11,  9.7838E-11,  9.7825E-11,  9.7849E-11,  9.7842E-11,  9.7857E-11,  9.7856E-11,  9.7863E-11,  9.7861E-11,  9.7880E-11,  9.7874E-11,  9.7879E-11,  9.7871E-11,  9.7885E-11,  9.7901E-11,  9.7904E-11,  9.7895E-11,  9.7866E-11,  9.7848E-11,  9.7955E-11,  9.7939E-11,  9.7943E-11,  9.7927E-11,  9.7952E-11,  9.7915E-11,  9.7960E-11
  3.2000E+02,  2.9658E+03,  2.4652E+02,  1.0291E+00,  6.2353E-01,  1.9726E+00,  6.6677E+00,  1.8242E+00,  6.3678E+00,  1.4622E-01,  1.0291E+00,  2.1196E-01,  1.3445E+00,  2.3662E-01,  9.8039E-01,  4.3747E-02,  1.9394E-01,  4.4784E-02,  9.1571E-02,  7.1902E-02,  1.7809E-01,  3.2686E-02,  1.0753E-01,  5.3478E-02,  1.1025E-01,  7.0437E-02,  7.3990E-01,  4.7967E-03,  3.6684E-02,  1.0808E-05,  1.0808E-05,  1.0808E-05,  1.0808E-05,  1.0808E-05,  1.0808E-05,  1.0808E-05,  1.0808E-05,  1.0808E-05,  1.0808E-05,  1.0808E-05,  1.0808E-05,  1.0808E-05,  1.0808E-05,  1.0808E-05,  1.0808E-05,  1.0808E-05,  1.0808E-05,  1.0808E-05,  1.0808E-05,  1.0808E-05,  1.0808E-05,  1.0808E-05,  1.0808E-05,  1.0808E-05,  1.0808E-05,  1.0808E-05,  1.0808E-05,  1.0808E-05,  1.0808E-05,  1.0808E-05,  1.0808E-05,  1.0808E-05,  1.0808E-05,  1.0808E-05,  1.0808E-05,  1.0808E-05,  1.0808E-05,  1.0808E-05,  1.0808E-05,  1.0808E-05,  1.0808E-05,  1.0808E-05,  1.0808E-05,  1.0808E-05,  1.0808E-05,  1.0808E-05,  1.0808E-05,  1.0808E-05,  1.0808E-05,  1.0808E-05,  1.0808E-05,  1.0808E-05,  1.0808E-05,  1.0808E-05,  1.0808E-05,  1.0808E-05,  1.0808E-05,  1.0808E-05,  1.0808E-05,  1.0808E-05,  1.0808E-05,  1.0808E-05,  1.0808E-05,  1.8021E+00,  2.4495E-01,  9.3118E-04,  5.0460E-04,  2.0125E-03,  6.4528E-03,  1.7801E-03,  6.0316E-03,  1.5163E-04,  1.0006E-03,  2.2211E-04,  1.2810E-03,  2.3779E-04,  8.8408E-04,  4.0844E-05,  1.6498E-04,  3.8552E-05,  7.3643E-05,  6.6463E-05,  1.6785E-04,  3.2861E-05,  1.1374E-04,  5.8821E-05,  1.1502E-04,  6.9531E-05,  6.3784E-04,  3.7902E-06,  3.0447E-05,  9.7730E-11,  9.7718E-11,  9.7802E-11,  9.7826E-11,  9.7827E-11,  9.7886E-11,  9.7842E-11,  9.7891E-11,  9.7873E-11,  9.7867E-11,  9.7838E-11,  9.7839E-11,  9.7823E-11,  9.7842E-11,  9.7811E-11,  9.7856E-11,  9.7846E-11,  9.7875E-11,  9.7856E-11,  9.7905E-11,  9.7906E-11,  9.7938E-11,  9.7953E-11,  9.8015E-11,  9.7959E-11,  9.7995E-11,  9.7980E-11,  9.8013E-11,  9.7999E-11,  9.7979E-11,  9.7953E-11,  9.7968E-11,  9.7941E-11,  9.7989E-11,  9.7977E-11,  9.8019E-11,  9.8007E-11,  9.8022E-11,  9.8022E-11,  9.8021E-11,  9.8010E-11,  9.8031E-11,  9.8025E-11,  9.8037E-11,  9.8037E-11,  9.8043E-11,  9.8040E-11,  9.8057E-11,  9.8052E-11,  9.8056E-11,  9.8050E-11,  9.8062E-11,  9.8075E-11,  9.8078E-11,  9.8070E-11,  9.8045E-11,  9.8030E-11,  9.8121E-11,  9.8107E-11,  9.8111E-11,  9.8097E-11,  9.8119E-11,  9.8087E-11,  9.8126E-11
  3.5000E+02,  2.9116E+03,  2.3931E+02,  1.0016E+00,  6.0846E-01,  1.9131E+00,  6.4775E+00,  1.7715E+00,  6.1900E+00,  1.4174E-01,  9.9963E-01,  2.0542E-01,  1.3068E+00,  2.2961E-01,  9.5431E-01,  4.2536E-02,  1.8905E-01,  4.3634E-02,  8.9371E-02,  6.9927E-02,  1.7314E-01,  3.1716E-02,  1.0417E-01,  5.1750E-02,  1.0687E-01,  6.8392E-02,  7.2106E-01,  4.6838E-03,  3.5783E-02,  1.0805E-05,  1.0805E-05,  1.0805E-05,  1.0805E-05,  1.0805E-05,  1.0805E-05,  1.0805E-05,  1.0805E-05,  1.0805E-05,  1.0805E-05,  1.0805E-05,  1.0805E-05,  1.0805E-05,  1.0805E-05,  1.0805E-05,  1.0805E-05,  1.0805E-05,  1.0805E-05,  1.0805E-05,  1.0805E-05,  1.0805E-05,  1.0805E-05,  1.0805E-05,  1.0805E-05,  1.0805E-05,  1.0805E-05,  1.0805E-05,  1.0805E-05,  1.0805E-05,  1.0805E-05,  1.0805E-05,  1.0805E-05,  1.0805E-05,  1.0805E-05,  1.0805E-05,  1.0805E-05,  1.0805E-05,  1.0805E-05,  1.0805E-05,  1.0805E-05,  1.0805E-05,  1.0805E-05,  1.0805E-05,  1.0805E-05,  1.0805E-05,  1.0805E-05,  1.0805E-05,  1.0805E-05,  1.0805E-05,  1.0805E-05,  1.0805E-05,  1.0805E-05,  1.0805E-05,  1.0805E-05,  1.0805E-05,  1.0805E-05,  1.0805E-05,  1.0805E-05,  1.0805E-05,  1.0805E-05,  1.0805E-05,  1.0805E-05,  1.0805E-05,  1.0805E-05,  1.8128E+00,  2.3569E-01,  9.0377E-04,  5.0016E-04,  1.9540E-03,  6.2262E-03,  1.7283E-03,  5.8187E-03,  1.4692E-04,  9.6489E-04,  2.1398E-04,  1.2349E-03,  2.2904E-04,  8.5506E-04,  3.9931E-05,  1.6093E-04,  3.8104E-05,  7.3028E-05,  6.5192E-05,  1.6241E-04,  3.1811E-05,  1.0977E-04,  5.6410E-05,  1.1066E-04,  6.6827E-05,  6.1837E-04,  3.7370E-06,  2.9621E-05,  9.7868E-11,  9.7857E-11,  9.7933E-11,  9.7954E-11,  9.7955E-11,  9.8010E-11,  9.7969E-11,  9.8014E-11,  9.7997E-11,  9.7992E-11,  9.7966E-11,  9.7966E-11,  9.7951E-11,  9.7970E-11,  9.7941E-11,  9.7982E-11,  9.7973E-11,  9.7999E-11,  9.7982E-11,  9.8027E-11,  9.8028E-11,  9.8056E-11,  9.8069E-11,  9.8124E-11,  9.8074E-11,  9.8106E-11,  9.8093E-11,  9.8123E-11,  9.8110E-11,  9.8092E-11,  9.8069E-11,  9.8082E-11,  9.8059E-11,  9.8101E-11,  9.8090E-11,  9.8128E-11,  9.8117E-11,  9.8131E-11,  9.8130E-11,  9.8130E-11,  9.8119E-11,  9.8138E-11,  9.8133E-11,  9.8145E-11,  9.8144E-11,  9.8149E-11,  9.8147E-11,  9.8163E-11,  9.8158E-11,  9.8162E-11,  9.8156E-11,  9.8166E-11,  9.8178E-11,  9.8180E-11,  9.8174E-11,  9.8152E-11,  9.8138E-11,  9.8218E-11,  9.8206E-11,  9.8209E-11,  9.8197E-11,  9.8216E-11,  9.8189E-11,  9.8222E-11
  4.0000E+02,  2.8210E+03,  2.2791E+02,  9.5760E-01,  5.8375E-01,  1.8179E+00,  6.1757E+00,  1.6874E+00,  5.9080E+00,  1.3460E-01,  9.5287E-01,  1.9505E-01,  1.2469E+00,  2.1852E-01,  9.1278E-01,  4.0583E-02,  1.8119E-01,  4.1756E-02,  8.5763E-02,  6.6731E-02,  1.6525E-01,  3.0170E-02,  9.8853E-02,  4.9026E-02,  1.0151E-01,  6.5160E-02,  6.9096E-01,  4.4998E-03,  3.4338E-02,  1.0800E-05,  1.0800E-05,  1.0800E-05,  1.0800E-05,  1.0800E-05,  1.0800E-05,  1.0800E-05,  1.0800E-05,  1.0800E-05,  1.0800E-05,  1.0800E-05,  1.0800E-05,  1.0800E-05,  1.0800E-05,  1.0800E-05,  1.0800E-05,  1.0800E-05,  1.0800E-05,  1.0800E-05,  1.0800E-05,  1.0800E-05,  1.0800E-05,  1.0800E-05,  1.0800E-05,  1.0800E-05,  1.0800E-05,  1.0800E-05,  1.0800E-05,  1.0800E-05,  1.0800E-05,  1.0800E-05,  1.0800E-05,  1.0800E-05,  1.0800E-05,  1.0800E-05,  1.0800E-05,  1.0800E-05,  1.0800E-05,  1.0800E-05,  1.0800E-05,  1.0800E-05,  1.0800E-05,  1.0800E-05,  1.0800E-05,  1.0800E-05,  1.0800E-05,  1.0800E-05,  1.0800E-05,  1.0800E-05,  1.0800E-05,  1.0800E-05,  1.0800E-05,  1.0800E-05,  1.0800E-05,  1.0800E-05,  1.0800E-05,  1.0800E-05,  1.0800E-05,  1.0800E-05,  1.0800E-05,  1.0800E-05,  1.0800E-05,  1.0800E-05,  1.0800E-05,  1.8079E+00,  2.2042E-01,  8.5679E-04,  4.8804E-04,  1.8507E-03,  5.8461E-03,  1.6360E-03,  5.4630E-03,  1.3875E-04,  9.0555E-04,  2.0054E-04,  1.1588E-03,  2.1470E-04,  8.0593E-04,  3.8195E-05,  1.5352E-04,  3.7016E-05,  7.1306E-05,  6.2631E-05,  1.5310E-04,  3.0017E-05,  1.0310E-04,  5.2524E-05,  1.0354E-04,  6.2475E-05,  5.8553E-04,  3.6220E-06,  2.8190E-05,  9.8052E-11,  9.8042E-11,  9.8107E-11,  9.8125E-11,  9.8126E-11,  9.8171E-11,  9.8137E-11,  9.8174E-11,  9.8161E-11,  9.8156E-11,  9.8134E-11,  9.8135E-11,  9.8122E-11,  9.8138E-11,  9.8113E-11,  9.8148E-11,  9.8140E-11,  9.8163E-11,  9.8148E-11,  9.8185E-11,  9.8186E-11,  9.8210E-11,  9.8220E-11,  9.8266E-11,  9.8224E-11,  9.8251E-11,  9.8240E-11,  9.8264E-11,  9.8254E-11,  9.8239E-11,  9.8220E-11,  9.8231E-11,  9.8212E-11,  9.8247E-11,  9.8237E-11,  9.8268E-11,  9.8260E-11,  9.8271E-11,  9.8271E-11,  9.8270E-11,  9.8262E-11,  9.8277E-11,  9.8273E-11,  9.8282E-11,  9.8282E-11,  9.8286E-11,  9.8284E-11,  9.8297E-11,  9.8293E-11,  9.8296E-11,  9.8291E-11,  9.8300E-11,  9.8309E-11,  9.8311E-11,  9.8306E-11,  9.8288E-11,  9.8277E-11,  9.8341E-11,  9.8331E-11,  9.8334E-11,  9.8324E-11,  9.8339E-11,  9.8318E-11,  9.8344E-11
  4.5000E+02,  2.7313E+03,  2.1725E+02,  9.1594E-01,  5.5975E-01,  1.7280E+00,  5.8925E+00,  1.6079E+00,  5.6433E+00,  1.2786E-01,  9.0901E-01,  1.8535E-01,  1.1908E+00,  2.0813E-01,  8.7367E-01,  3.8719E-02,  1.7371E-01,  3.9939E-02,  8.2255E-02,  6.3671E-02,  1.5782E-01,  2.8713E-02,  9.3861E-02,  4.6492E-02,  9.6506E-02,  6.2138E-02,  6.6249E-01,  4.3221E-03,  3.2964E-02,  1.0795E-05,  1.0795E-05,  1.0795E-05,  1.0795E-05,  1.0795E-05,  1.0795E-05,  1.0795E-05,  1.0795E-05,  1.0795E-05,  1.0795E-05,  1.0795E-05,  1.0795E-05,  1.0795E-05,  1.0795E-05,  1.0795E-05,  1.0795E-05,  1.0795E-05,  1.0795E-05,  1.0795E-05,  1.0795E-05,  1.0795E-05,  1.0795E-05,  1.0795E-05,  1.0795E-05,  1.0795E-05,  1.0795E-05,  1.0795E-05,  1.0795E-05,  1.0795E-05,  1.0795E-05,  1.0795E-05,  1.0795E-05,  1.0795E-05,  1.0795E-05,  1.0795E-05,  1.0795E-05,  1.0795E-05,  1.0795E-05,  1.0795E-05,  1.0795E-05,  1.0795E-05,  1.0795E-05,  1.0795E-05,  1.0795E-05,  1.0795E-05,  1.0795E-05,  1.0795E-05,  1.0795E-05,  1.0795E-05,  1.0795E-05,  1.0795E-05,  1.0795E-05,  1.0795E-05,  1.0795E-05,  1.0795E-05,  1.0795E-05,  1.0795E-05,  1.0795E-05,  1.0795E-05,  1.0795E-05,  1.0795E-05,  1.0795E-05,  1.0795E-05,  1.0795E-05,  1.7816E+00,  2.0599E-01,  8.0972E-04,  4.7208E-04,  1.7457E-03,  5.4815E-03,  1.5433E-03,  5.1233E-03,  1.3054E-04,  8.4874E-04,  1.8759E-04,  1.0862E-03,  2.0096E-04,  7.5847E-04,  3.6332E-05,  1.4588E-04,  3.5655E-05,  6.9013E-05,  5.9776E-05,  1.4402E-04,  2.8239E-05,  9.6600E-05,  4.8868E-05,  9.6749E-05,  5.8381E-05,  5.5327E-04,  3.4867E-06,  2.6748E-05,  9.8191E-11,  9.8183E-11,  9.8238E-11,  9.8253E-11,  9.8253E-11,  9.8291E-11,  9.8263E-11,  9.8294E-11,  9.8283E-11,  9.8279E-11,  9.8261E-11,  9.8261E-11,  9.8251E-11,  9.8263E-11,  9.8243E-11,  9.8272E-11,  9.8266E-11,  9.8284E-11,  9.8272E-11,  9.8303E-11,  9.8304E-11,  9.8323E-11,  9.8331E-11,  9.8368E-11,  9.8335E-11,  9.8356E-11,  9.8347E-11,  9.8367E-11,  9.8359E-11,  9.8347E-11,  9.8331E-11,  9.8340E-11,  9.8325E-11,  9.8353E-11,  9.8345E-11,  9.8370E-11,  9.8363E-11,  9.8372E-11,  9.8372E-11,  9.8371E-11,  9.8365E-11,  9.8377E-11,  9.8374E-11,  9.8381E-11,  9.8381E-11,  9.8384E-11,  9.8383E-11,  9.8393E-11,  9.8389E-11,  9.8392E-11,  9.8388E-11,  9.8395E-11,  9.8402E-11,  9.8404E-11,  9.8400E-11,  9.8386E-11,  9.8377E-11,  9.8427E-11,  9.8419E-11,  9.8422E-11,  9.8414E-11,  9.8425E-11,  9.8409E-11,  9.8429E-11
  5.0000E+02,  2.6433E+03,  2.0728E+02,  8.7660E-01,  5.3660E-01,  1.6433E+00,  5.6270E+00,  1.5330E+00,  5.3951E+00,  1.2154E-01,  8.6791E-01,  1.7628E-01,  1.1382E+00,  1.9840E-01,  8.3688E-01,  3.6950E-02,  1.6660E-01,  3.8194E-02,  7.8871E-02,  6.0757E-02,  1.5084E-01,  2.7344E-02,  8.9186E-02,  4.4133E-02,  9.1829E-02,  5.9315E-02,  6.3561E-01,  4.1515E-03,  3.1662E-02,  1.0790E-05,  1.0790E-05,  1.0790E-05,  1.0790E-05,  1.0790E-05,  1.0790E-05,  1.0790E-05,  1.0790E-05,  1.0790E-05,  1.0790E-05,  1.0790E-05,  1.0790E-05,  1.0790E-05,  1.0790E-05,  1.0790E-05,  1.0790E-05,  1.0790E-05,  1.0790E-05,  1.0790E-05,  1.0790E-05,  1.0790E-05,  1.0790E-05,  1.0790E-05,  1.0790E-05,  1.0790E-05,  1.0790E-05,  1.0790E-05,  1.0790E-05,  1.0790E-05,  1.0790E-05,  1.0790E-05,  1.0790E-05,  1.0790E-05,  1.0790E-05,  1.0790E-05,  1.0790E-05,  1.0790E-05,  1.0790E-05,  1.0790E-05,  1.0790E-05,  1.0790E-05,  1.0790E-05,  1.0790E-05,  1.0790E-05,  1.0790E-05,  1.0790E-05,  1.0790E-05,  1.0790E-05,  1.0790E-05,  1.0790E-05,  1.0790E-05,  1.0790E-05,  1.0790E-05,  1.0790E-05,  1.0790E-05,  1.0790E-05,  1.0790E-05,  1.0790E-05,  1.0790E-05,  1.0790E-05,  1.0790E-05,  1.0790E-05,  1.0790E-05,  1.0790E-05,  1.7401E+00,  1.9251E-01,  7.6386E-04,  4.5374E-04,  1.6421E-03,  5.1371E-03,  1.4527E-03,  4.8033E-03,  1.2256E-04,  7.9521E-04,  1.7534E-04,  1.0179E-03,  1.8803E-04,  7.1334E-04,  3.4436E-05,  1.3829E-04,  3.4147E-05,  6.6367E-05,  5.6807E-05,  1.3535E-04,  2.6517E-05,  9.0368E-05,  4.5454E-05,  9.0341E-05,  5.4553E-05,  5.2218E-04,  3.3401E-06,  2.5337E-05,  9.8298E-11,  9.8292E-11,  9.8336E-11,  9.8349E-11,  9.8349E-11,  9.8380E-11,  9.8357E-11,  9.8382E-11,  9.8373E-11,  9.8370E-11,  9.8355E-11,  9.8355E-11,  9.8347E-11,  9.8357E-11,  9.8341E-11,  9.8364E-11,  9.8359E-11,  9.8374E-11,  9.8364E-11,  9.8390E-11,  9.8390E-11,  9.8406E-11,  9.8412E-11,  9.8441E-11,  9.8415E-11,  9.8431E-11,  9.8425E-11,  9.8440E-11,  9.8433E-11,  9.8424E-11,  9.8412E-11,  9.8419E-11,  9.8407E-11,  9.8429E-11,  9.8423E-11,  9.8442E-11,  9.8437E-11,  9.8444E-11,  9.8444E-11,  9.8443E-11,  9.8438E-11,  9.8448E-11,  9.8445E-11,  9.8451E-11,  9.8450E-11,  9.8453E-11,  9.8452E-11,  9.8459E-11,  9.8457E-11,  9.8459E-11,  9.8456E-11,  9.8461E-11,  9.8467E-11,  9.8468E-11,  9.8465E-11,  9.8454E-11,  9.8447E-11,  9.8485E-11,  9.8479E-11,  9.8481E-11,  9.8475E-11,  9.8484E-11,  9.8472E-11,  9.8486E-11
  5.5000E+02,  2.5576E+03,  1.9797E+02,  8.3951E-01,  5.1440E-01,  1.5637E+00,  5.3782E+00,  1.4626E+00,  5.1624E+00,  1.1560E-01,  8.2941E-01,  1.6780E-01,  1.0889E+00,  1.8930E-01,  8.0227E-01,  3.5275E-02,  1.5987E-01,  3.6526E-02,  7.5623E-02,  5.7991E-02,  1.4428E-01,  2.6060E-02,  8.4815E-02,  4.1940E-02,  8.7461E-02,  5.6676E-02,  6.1024E-01,  3.9882E-03,  3.0429E-02,  1.0785E-05,  1.0785E-05,  1.0785E-05,  1.0785E-05,  1.0785E-05,  1.0785E-05,  1.0785E-05,  1.0785E-05,  1.0785E-05,  1.0785E-05,  1.0785E-05,  1.0785E-05,  1.0785E-05,  1.0785E-05,  1.0785E-05,  1.0785E-05,  1.0785E-05,  1.0785E-05,  1.0785E-05,  1.0785E-05,  1.0785E-05,  1.0785E-05,  1.0785E-05,  1.0785E-05,  1.0785E-05,  1.0785E-05,  1.0785E-05,  1.0785E-05,  1.0785E-05,  1.0785E-05,  1.0785E-05,  1.0785E-05,  1.0785E-05,  1.0785E-05,  1.0785E-05,  1.0785E-05,  1.0785E-05,  1.0785E-05,  1.0785E-05,  1.0785E-05,  1.0785E-05,  1.0785E-05,  1.0785E-05,  1.0785E-05,  1.0785E-05,  1.0785E-05,  1.0785E-05,  1.0785E-05,  1.0785E-05,  1.0785E-05,  1.0785E-05,  1.0785E-05,  1.0785E-05,  1.0785E-05,  1.0785E-05,  1.0785E-05,  1.0785E-05,  1.0785E-05,  1.0785E-05,  1.0785E-05,  1.0785E-05,  1.0785E-05,  1.0785E-05,  1.0785E-05,  1.6858E+00,  1.8002E-01,  7.1986E-04,  4.3418E-04,  1.5420E-03,  4.8149E-03,  1.3659E-03,  4.5044E-03,  1.1490E-04,  7.4501E-04,  1.6383E-04,  9.5411E-04,  1.7591E-04,  6.7090E-04,  3.2555E-05,  1.3092E-04,  3.2563E-05,  6.3534E-05,  5.3815E-05,  1.2716E-04,  2.4875E-05,  8.4481E-05,  4.2291E-05,  8.4357E-05,  5.0998E-05,  4.9253E-04,  3.1890E-06,  2.3974E-05,  9.8379E-11,  9.8374E-11,  9.8410E-11,  9.8420E-11,  9.8421E-11,  9.8445E-11,  9.8427E-11,  9.8446E-11,  9.8439E-11,  9.8437E-11,  9.8425E-11,  9.8425E-11,  9.8419E-11,  9.8427E-11,  9.8414E-11,  9.8432E-11,  9.8428E-11,  9.8440E-11,  9.8432E-11,  9.8452E-11,  9.8453E-11,  9.8465E-11,  9.8470E-11,  9.8490E-11,  9.8472E-11,  9.8484E-11,  9.8479E-11,  9.8490E-11,  9.8485E-11,  9.8479E-11,  9.8470E-11,  9.8475E-11,  9.8466E-11,  9.8482E-11,  9.8478E-11,  9.8491E-11,  9.8488E-11,  9.8493E-11,  9.8492E-11,  9.8492E-11,  9.8489E-11,  9.8495E-11,  9.8493E-11,  9.8497E-11,  9.8497E-11,  9.8499E-11,  9.8498E-11,  9.8504E-11,  9.8502E-11,  9.8503E-11,  9.8501E-11,  9.8505E-11,  9.8509E-11,  9.8509E-11,  9.8507E-11,  9.8500E-11,  9.8495E-11,  9.8520E-11,  9.8517E-11,  9.8518E-11,  9.8515E-11,  9.8520E-11,  9.8512E-11,  9.8521E-11
  6.3000E+02,  2.4266E+03,  1.8429E+02,  7.8455E-01,  4.8095E-01,  1.4464E+00,  5.0119E+00,  1.3585E+00,  4.8196E+00,  1.0686E-01,  7.7274E-01,  1.5537E-01,  1.0163E+00,  1.7594E-01,  7.5110E-01,  3.2787E-02,  1.4985E-01,  3.4023E-02,  7.0727E-02,  5.3872E-02,  1.3459E-01,  2.4167E-02,  7.8403E-02,  3.8739E-02,  8.1061E-02,  5.2802E-02,  5.7260E-01,  3.7427E-03,  2.8593E-02,  1.0777E-05,  1.0777E-05,  1.0777E-05,  1.0777E-05,  1.0777E-05,  1.0777E-05,  1.0777E-05,  1.0777E-05,  1.0777E-05,  1.0777E-05,  1.0777E-05,  1.0777E-05,  1.0777E-05,  1.0777E-05,  1.0777E-05,  1.0777E-05,  1.0777E-05,  1.0777E-05,  1.0777E-05,  1.0777E-05,  1.0777E-05,  1.0777E-05,  1.0777E-05,  1.0777E-05,  1.0777E-05,  1.0777E-05,  1.0777E-05,  1.0777E-05,  1.0777E-05,  1.0777E-05,  1.0777E-05,  1.0777E-05,  1.0777E-05,  1.0777E-05,  1.0777E-05,  1.0777E-05,  1.0777E-05,  1.0777E-05,  1.0777E-05,  1.0777E-05,  1.0777E-05,  1.0777E-05,  1.0777E-05,  1.0777E-05,  1.0777E-05,  1.0777E-05,  1.0777E-05,  1.0777E-05,  1.0777E-05,  1.0777E-05,  1.0777E-05,  1.0777E-05,  1.0777E-05,  1.0777E-05,  1.0777E-05,  1.0777E-05,  1.0777E-05,  1.0777E-05,  1.0777E-05,  1.0777E-05,  1.0777E-05,  1.0777E-05,  1.0777E-05,  1.0777E-05,  1.5891E+00,  1.6189E-01,  6.5411E-04,  4.0205E-04,  1.3920E-03,  4.3437E-03,  1.2361E-03,  4.0678E-03,  1.0351E-04,  6.7179E-04,  1.4702E-04,  8.6114E-04,  1.5825E-04,  6.0844E-04,  2.9666E-05,  1.1974E-04,  3.0005E-05,  5.8875E-05,  4.9159E-05,  1.1508E-04,  2.2439E-05,  7.5833E-05,  3.7734E-05,  7.5659E-05,  4.5855E-05,  4.4850E-04,  2.9480E-06,  2.1923E-05,  9.8468E-11,  9.8464E-11,  9.8488E-11,  9.8495E-11,  9.8495E-11,  9.8510E-11,  9.8499E-11,  9.8511E-11,  9.8507E-11,  9.8505E-11,  9.8498E-11,  9.8498E-11,  9.8494E-11,  9.8499E-11,  9.8491E-11,  9.8502E-11,  9.8500E-11,  9.8507E-11,  9.8503E-11,  9.8514E-11,  9.8514E-11,  9.8521E-11,  9.8523E-11,  9.8533E-11,  9.8524E-11,  9.8530E-11,  9.8528E-11,  9.8533E-11,  9.8531E-11,  9.8528E-11,  9.8523E-11,  9.8526E-11,  9.8521E-11,  9.8529E-11,  9.8527E-11,  9.8534E-11,  9.8532E-11,  9.8534E-11,  9.8534E-11,  9.8534E-11,  9.8532E-11,  9.8535E-11,  9.8534E-11,  9.8536E-11,  9.8536E-11,  9.8537E-11,  9.8536E-11,  9.8538E-11,  9.8538E-11,  9.8538E-11,  9.8537E-11,  9.8539E-11,  9.8540E-11,  9.8540E-11,  9.8539E-11,  9.8537E-11,  9.8535E-11,  9.8541E-11,  9.8541E-11,  9.8541E-11,  9.8541E-11,  9.8541E-11,  9.8540E-11,  9.8541E-11
  7.1000E+02,  2.3035E+03,  1.7198E+02,  7.3461E-01,  4.5005E-01,  1.3405E+00,  4.6811E+00,  1.2643E+00,  4.5096E+00,  9.8994E-02,  7.2159E-01,  1.4420E-01,  9.5069E-01,  1.6390E-01,  7.0466E-01,  3.0521E-02,  1.4068E-01,  3.1722E-02,  6.6200E-02,  5.0114E-02,  1.2581E-01,  2.2460E-02,  7.2644E-02,  3.5880E-02,  7.5315E-02,  4.9315E-02,  5.3831E-01,  3.5162E-03,  2.6915E-02,  1.0770E-05,  1.0770E-05,  1.0770E-05,  1.0770E-05,  1.0770E-05,  1.0770E-05,  1.0770E-05,  1.0770E-05,  1.0770E-05,  1.0770E-05,  1.0770E-05,  1.0770E-05,  1.0770E-05,  1.0770E-05,  1.0770E-05,  1.0770E-05,  1.0770E-05,  1.0770E-05,  1.0770E-05,  1.0770E-05,  1.0770E-05,  1.0770E-05,  1.0770E-05,  1.0770E-05,  1.0770E-05,  1.0770E-05,  1.0770E-05,  1.0770E-05,  1.0770E-05,  1.0770E-05,  1.0770E-05,  1.0770E-05,  1.0770E-05,  1.0770E-05,  1.0770E-05,  1.0770E-05,  1.0770E-05,  1.0770E-05,  1.0770E-05,  1.0770E-05,  1.0770E-05,  1.0770E-05,  1.0770E-05,  1.0770E-05,  1.0770E-05,  1.0770E-05,  1.0770E-05,  1.0770E-05,  1.0770E-05,  1.0770E-05,  1.0770E-05,  1.0770E-05,  1.0770E-05,  1.0770E-05,  1.0770E-05,  1.0770E-05,  1.0770E-05,  1.0770E-05,  1.0770E-05,  1.0770E-05,  1.0770E-05,  1.0770E-05,  1.0770E-05,  1.0770E-05,  1.4898E+00,  1.4591E-01,  5.9440E-04,  3.7049E-04,  1.2557E-03,  3.9250E-03,  1.1186E-03,  3.6803E-03,  9.3228E-05,  6.0679E-04,  1.3212E-04,  7.7868E-04,  1.4260E-04,  5.5255E-04,  2.6982E-05,  1.0945E-04,  2.7526E-05,  5.4286E-05,  4.4785E-05,  1.0425E-04,  2.0247E-05,  6.8123E-05,  3.3743E-05,  6.7972E-05,  4.1325E-05,  4.0868E-04,  2.7160E-06,  2.0048E-05,  9.8519E-11,  9.8516E-11,  9.8529E-11,  9.8532E-11,  9.8532E-11,  9.8538E-11,  9.8534E-11,  9.8539E-11,  9.8537E-11,  9.8537E-11,  9.8534E-11,  9.8534E-11,  9.8532E-11,  9.8534E-11,  9.8530E-11,  9.8536E-11,  9.8535E-11,  9.8538E-11,  9.8536E-11,  9.8540E-11,  9.8540E-11,  9.8541E-11,  9.8541E-11,  9.8541E-11,  9.8541E-11,  9.8541E-11,  9.8541E-11,  9.8541E-11,  9.8541E-11,  9.8541E-11,  9.8541E-11,  9.8541E-11,  9.8541E-11,  9.8541E-11,  9.8541E-11,  9.8541E-11,  9.8541E-11,  9.8541E-11,  9.8541E-11,  9.8541E-11,  9.8541E-11,  9.8541E-11,  9.8541E-11,  9.8541E-11,  9.8541E-11,  9.8541E-11,  9.8541E-11,  9.8541E-11,  9.8541E-11,  9.8541E-11,  9.8541E-11,  9.8541E-11,  9.8541E-11,  9.8541E-11,  9.8541E-11,  9.8541E-11,  9.8541E-11,  9.8541E-11,  9.8541E-11,  9.8541E-11,  9.8541E-11,  9.8541E-11,  9.8541E-11,  9.8541E-11
  8.0000E+02,  2.1744E+03,  1.5956E+02,  6.8382E-01,  4.1822E-01,  1.2336E+00,  4.3465E+00,  1.1689E+00,  4.1957E+00,  9.1066E-02,  6.6988E-01,  1.3297E-01,  8.8428E-01,  1.5177E-01,  6.5743E-01,  2.8216E-02,  1.3130E-01,  2.9362E-02,  6.1535E-02,  4.6286E-02,  1.1692E-01,  2.0736E-02,  6.6857E-02,  3.3018E-02,  6.9538E-02,  4.5796E-02,  5.0333E-01,  3.2827E-03,  2.5196E-02,  1.0761E-05,  1.0761E-05,  1.0761E-05,  1.0761E-05,  1.0761E-05,  1.0761E-05,  1.0761E-05,  1.0761E-05,  1.0761E-05,  1.0761E-05,  1.0761E-05,  1.0761E-05,  1.0761E-05,  1.0761E-05,  1.0761E-05,  1.0761E-05,  1.0761E-05,  1.0761E-05,  1.0761E-05,  1.0761E-05,  1.0761E-05,  1.0761E-05,  1.0761E-05,  1.0761E-05,  1.0761E-05,  1.0761E-05,  1.0761E-05,  1.0761E-05,  1.0761E-05,  1.0761E-05,  1.0761E-05,  1.0761E-05,  1.0761E-05,  1.0761E-05,  1.0761E-05,  1.0761E-05,  1.0761E-05,  1.0761E-05,  1.0761E-05,  1.0761E-05,  1.0761E-05,  1.0761E-05,  1.0761E-05,  1.0761E-05,  1.0761E-05,  1.0761E-05,  1.0761E-05,  1.0761E-05,  1.0761E-05,  1.0761E-05,  1.0761E-05,  1.0761E-05,  1.0761E-05,  1.0761E-05,  1.0761E-05,  1.0761E-05,  1.0761E-05,  1.0761E-05,  1.0761E-05,  1.0761E-05,  1.0761E-05,  1.0761E-05,  1.0761E-05,  1.0761E-05,  1.3791E+00,  1.3019E-01,  5.3434E-04,  3.3685E-04,  1.1190E-03,  3.5106E-03,  1.0007E-03,  3.2967E-03,  8.2963E-05,  5.4249E-04,  1.1742E-04,  6.9714E-04,  1.2715E-04,  4.9686E-04,  2.4239E-05,  9.8971E-05,  2.4912E-05,  4.9387E-05,  4.0278E-05,  9.3470E-05,  1.8061E-05,  6.0492E-05,  2.9847E-05,  6.0409E-05,  3.6871E-05,  3.6867E-04,  2.4720E-06,  1.8145E-05,  9.8541E-11,  9.8540E-11,  9.8541E-11,  9.8541E-11,  9.8541E-11,  9.8541E-11,  9.8541E-11,  9.8541E-11,  9.8541E-11,  9.8541E-11,  9.8541E-11,  9.8541E-11,  9.8541E-11,  9.8541E-11,  9.8541E-11,  9.8541E-11,  9.8541E-11,  9.8541E-11,  9.8541E-11,  9.8541E-11,  9.8541E-11,  9.8541E-11,  9.8541E-11,  9.8541E-11,  9.8541E-11,  9.8541E-11,  9.8541E-11,  9.8541E-11,  9.8541E-11,  9.8541E-11,  9.8541E-11,  9.8541E-11,  9.8541E-11,  9.8541E-11,  9.8541E-11,  9.8541E-11,  9.8541E-11,  9.8541E-11,  9.8541E-11,  9.8541E-11,  9.8541E-11,  9.8541E-11,  9.8541E-11,  9.8541E-11,  9.8541E-11,  9.8541E-11,  9.8541E-11,  9.8541E-11,  9.8541E-11,  9.8541E-11,  9.8541E-11,  9.8541E-11,  9.8541E-11,  9.8541E-11,  9.8541E-11,  9.8541E-11,  9.8541E-11,  9.8541E-11,  9.8541E-11,  9.8541E-11,  9.8541E-11,  9.8541E-11,  9.8541E-11,  9.8541E-11
  9.0000E+02,  2.0422E+03,  1.4729E+02,  6.3330E-01,  3.8625E-01,  1.1283E+00,  4.0154E+00,  1.0746E+00,  3.8845E+00,  8.3266E-02,  6.1872E-01,  1.2193E-01,  8.1849E-01,  1.3979E-01,  6.1045E-01,  2.5927E-02,  1.2192E-01,  2.7003E-02,  5.6846E-02,  4.2482E-02,  1.0809E-01,  1.9035E-02,  6.1173E-02,  3.0218E-02,  6.3859E-02,  4.2322E-02,  4.6841E-01,  3.0479E-03,  2.3475E-02,  1.0751E-05,  1.0751E-05,  1.0751E-05,  1.0751E-05,  1.0751E-05,  1.0751E-05,  1.0751E-05,  1.0751E-05,  1.0751E-05,  1.0751E-05,  1.0751E-05,  1.0751E-05,  1.0751E-05,  1.0751E-05,  1.0751E-05,  1.0751E-05,  1.0751E-05,  1.0751E-05,  1.0751E-05,  1.0751E-05,  1.0751E-05,  1.0751E-05,  1.0751E-05,  1.0751E-05,  1.0751E-05,  1.0751E-05,  1.0751E-05,  1.0751E-05,  1.0751E-05,  1.0751E-05,  1.0751E-05,  1.0751E-05,  1.0751E-05,  1.0751E-05,  1.0751E-05,  1.0751E-05,  1.0751E-05,  1.0751E-05,  1.0751E-05,  1.0751E-05,  1.0751E-05,  1.0751E-05,  1.0751E-05,  1.0751E-05,  1.0751E-05,  1.0751E-05,  1.0751E-05,  1.0751E-05,  1.0751E-05,  1.0751E-05,  1.0751E-05,  1.0751E-05,  1.0751E-05,  1.0751E-05,  1.0751E-05,  1.0751E-05,  1.0751E-05,  1.0751E-05,  1.0751E-05,  1.0751E-05,  1.0751E-05,  1.0751E-05,  1.0751E-05,  1.0751E-05,  1.2640E+00,  1.1516E-01,  4.7588E-04,  3.0259E-04,  9.8639E-04,  3.1119E-03,  8.8617E-04,  2.9273E-03,  7.3043E-05,  4.8067E-04,  1.0334E-04,  6.1871E-04,  1.1233E-04,  4.4291E-04,  2.1533E-05,  8.8626E-05,  2.2271E-05,  4.4389E-05,  3.5805E-05,  8.3029E-05,  1.5947E-05,  5.3174E-05,  2.6155E-05,  5.3184E-05,  3.2616E-05,  3.2964E-04,  2.2254E-06,  1.6274E-05,  9.8541E-11,  9.8541E-11,  9.8541E-11,  9.8541E-11,  9.8541E-11,  9.8541E-11,  9.8541E-11,  9.8541E-11,  9.8541E-11,  9.8541E-11,  9.8541E-11,  9.8541E-11,  9.8541E-11,  9.8541E-11,  9.8541E-11,  9.8541E-11,  9.8541E-11,  9.8541E-11,  9.8541E-11,  9.8541E-11,  9.8541E-11,  9.8541E-11,  9.8541E-11,  9.8541E-11,  9.8541E-11,  9.8541E-11,  9.8541E-11,  9.8541E-11,  9.8541E-11,  9.8541E-11,  9.8541E-11,  9.8541E-11,  9.8541E-11,  9.8541E-11,  9.8541E-11,  9.8541E-11,  9.8541E-11,  9.8541E-11,  9.8541E-11,  9.8541E-11,  9.8541E-11,  9.8541E-11,  9.8541E-11,  9.8541E-11,  9.8541E-11,  9.8541E-11,  9.8541E-11,  9.8541E-11,  9.8541E-11,  9.8541E-11,  9.8541E-11,  9.8541E-11,  9.8541E-11,  9.8541E-11,  9.8541E-11,  9.8541E-11,  9.8541E-11,  9.8541E-11,  9.8541E-11,  9.8541E-11,  9.8541E-11,  9.8541E-11,  9.8541E-11,  9.8541E-11
  1.0000E+03,  1.9211E+03,  1.3642E+02,  5.8825E-01,  3.5753E-01,  1.0354E+00,  3.7214E+00,  9.9093E-01,  3.6077E+00,  7.6388E-02,  5.7331E-01,  1.1220E-01,  7.5999E-01,  1.2919E-01,  5.6849E-01,  2.3892E-02,  1.1351E-01,  2.4894E-02,  5.2632E-02,  3.9098E-02,  1.0024E-01,  1.7532E-02,  5.6169E-02,  2.7759E-02,  5.8848E-02,  3.9242E-02,  4.3715E-01,  2.8363E-03,  2.1930E-02,  1.0741E-05,  1.0741E-05,  1.0741E-05,  1.0741E-05,  1.0741E-05,  1.0741E-05,  1.0741E-05,  1.0741E-05,  1.0741E-05,  1.0741E-05,  1.0741E-05,  1.0741E-05,  1.0741E-05,  1.0741E-05,  1.0741E-05,  1.0741E-05,  1.0741E-05,  1.0741E-05,  1.0741E-05,  1.0741E-05,  1.0741E-05,  1.0741E-05,  1.0741E-05,  1.0741E-05,  1.0741E-05,  1.0741E-05,  1.0741E-05,  1.0741E-05,  1.0741E-05,  1.0741E-05,  1.0741E-05,  1.0741E-05,  1.0741E-05,  1.0741E-05,  1.0741E-05,  1.0741E-05,  1.0741E-05,  1.0741E-05,  1.0741E-05,  1.0741E-05,  1.0741E-05,  1.0741E-05,  1.0741E-05,  1.0741E-05,  1.0741E-05,  1.0741E-05,  1.0741E-05,  1.0741E-05,  1.0741E-05,  1.0741E-05,  1.0741E-05,  1.0741E-05,  1.0741E-05,  1.0741E-05,  1.0741E-05,  1.0741E-05,  1.0741E-05,  1.0741E-05,  1.0741E-05,  1.0741E-05,  1.0741E-05,  1.0741E-05,  1.0741E-05,  1.0741E-05,  1.1582E+00,  1.0229E-01,  4.2515E-04,  2.7185E-04,  8.7206E-04,  2.7688E-03,  7.8695E-04,  2.6092E-03,  6.4513E-05,  4.2752E-04,  9.1318E-05,  5.5124E-04,  9.9629E-05,  3.9617E-04,  1.9165E-05,  7.9545E-05,  1.9917E-05,  3.9899E-05,  3.1873E-05,  7.4002E-05,  1.4128E-05,  4.6919E-05,  2.3028E-05,  4.7024E-05,  2.8979E-05,  2.9570E-04,  2.0053E-06,  1.4635E-05,  9.8541E-11,  9.8541E-11,  9.8541E-11,  9.8541E-11,  9.8541E-11,  9.8541E-11,  9.8541E-11,  9.8541E-11,  9.8541E-11,  9.8541E-11,  9.8541E-11,  9.8541E-11,  9.8541E-11,  9.8541E-11,  9.8541E-11,  9.8541E-11,  9.8541E-11,  9.8541E-11,  9.8541E-11,  9.8541E-11,  9.8541E-11,  9.8541E-11,  9.8541E-11,  9.8541E-11,  9.8541E-11,  9.8541E-11,  9.8541E-11,  9.8541E-11,  9.8541E-11,  9.8541E-11,  9.8541E-11,  9.8541E-11,  9.8541E-11,  9.8541E-11,  9.8541E-11,  9.8541E-11,  9.8541E-11,  9.8541E-11,  9.8541E-11,  9.8541E-11,  9.8541E-11,  9.8541E-11,  9.8541E-11,  9.8541E-11,  9.8541E-11,  9.8541E-11,  9.8541E-11,  9.8541E-11,  9.8541E-11,  9.8541E-11,  9.8541E-11,  9.8541E-11,  9.8541E-11,  9.8541E-11,  9.8541E-11,  9.8541E-11,  9.8541E-11,  9.8541E-11,  9.8541E-11,  9.8541E-11,  9.8541E-11,  9.8541E-11,  9.8541E-11,  9.8541E-11
  1.1000E+03,  1.8101E+03,  1.2674E+02,  5.4794E-01,  3.3171E-01,  9.5314E-01,  3.4592E+00,  9.1652E-01,  3.3604E+00,  7.0303E-02,  5.3284E-01,  1.0358E-01,  7.0777E-01,  1.1978E-01,  5.3090E-01,  2.2079E-02,  1.0596E-01,  2.3006E-02,  4.8842E-02,  3.6083E-02,  9.3230E-02,  1.6197E-02,  5.1744E-02,  2.5589E-02,  5.4409E-02,  3.6500E-02,  4.0905E-01,  2.6456E-03,  2.0538E-02,  1.0731E-05,  1.0731E-05,  1.0731E-05,  1.0731E-05,  1.0731E-05,  1.0731E-05,  1.0731E-05,  1.0731E-05,  1.0731E-05,  1.0731E-05,  1.0731E-05,  1.0731E-05,  1.0731E-05,  1.0731E-05,  1.0731E-05,  1.0731E-05,  1.0731E-05,  1.0731E-05,  1.0731E-05,  1.0731E-05,  1.0731E-05,  1.0731E-05,  1.0731E-05,  1.0731E-05,  1.0731E-05,  1.0731E-05,  1.0731E-05,  1.0731E-05,  1.0731E-05,  1.0731E-05,  1.0731E-05,  1.0731E-05,  1.0731E-05,  1.0731E-05,  1.0731E-05,  1.0731E-05,  1.0731E-05,  1.0731E-05,  1.0731E-05,  1.0731E-05,  1.0731E-05,  1.0731E-05,  1.0731E-05,  1.0731E-05,  1.0731E-05,  1.0731E-05,  1.0731E-05,  1.0731E-05,  1.0731E-05,  1.0731E-05,  1.0731E-05,  1.0731E-05,  1.0731E-05,  1.0731E-05,  1.0731E-05,  1.0731E-05,  1.0731E-05,  1.0731E-05,  1.0731E-05,  1.0731E-05,  1.0731E-05,  1.0731E-05,  1.0731E-05,  1.0731E-05,  1.0613E+00,  9.1245E-02,  3.8109E-04,  2.4452E-04,  7.7355E-04,  2.4734E-03,  7.0119E-04,  2.3350E-03,  5.7182E-05,  3.8179E-04,  8.1025E-05,  4.9313E-04,  8.8741E-05,  3.5569E-04,  1.7103E-05,  7.1595E-05,  1.7838E-05,  3.5903E-05,  2.8438E-05,  6.6201E-05,  1.2563E-05,  4.1566E-05,  2.0369E-05,  4.1755E-05,  2.5863E-05,  2.6617E-04,  1.8099E-06,  1.3202E-05,  9.8541E-11,  9.8541E-11,  9.8541E-11,  9.8541E-11,  9.8541E-11,  9.8541E-11,  9.8541E-11,  9.8541E-11,  9.8541E-11,  9.8541E-11,  9.8541E-11,  9.8541E-11,  9.8541E-11,  9.8541E-11,  9.8541E-11,  9.8541E-11,  9.8541E-11,  9.8541E-11,  9.8541E-11,  9.8541E-11,  9.8541E-11,  9.8541E-11,  9.8541E-11,  9.8541E-11,  9.8541E-11,  9.8541E-11,  9.8541E-11,  9.8541E-11,  9.8541E-11,  9.8541E-11,  9.8541E-11,  9.8541E-11,  9.8541E-11,  9.8541E-11,  9.8541E-11,  9.8541E-11,  9.8541E-11,  9.8541E-11,  9.8541E-11,  9.8541E-11,  9.8541E-11,  9.8541E-11,  9.8541E-11,  9.8541E-11,  9.8541E-11,  9.8541E-11,  9.8541E-11,  9.8541E-11,  9.8541E-11,  9.8541E-11,  9.8541E-11,  9.8541E-11,  9.8541E-11,  9.8541E-11,  9.8541E-11,  9.8541E-11,  9.8541E-11,  9.8541E-11,  9.8541E-11,  9.8541E-11,  9.8541E-11,  9.8541E-11,  9.8541E-11,  9.8541E-11
  1.2000E+03,  1.7084E+03,  1.1809E+02,  5.1175E-01,  3.0847E-01,  8.8003E-01,  3.2247E+00,  8.5011E-01,  3.1388E+00,  6.4901E-02,  4.9664E-01,  9.5921E-02,  6.6097E-01,  1.1137E-01,  4.9709E-01,  2.0458E-02,  9.9144E-02,  2.1314E-02,  4.5429E-02,  3.3389E-02,  8.6948E-02,  1.5008E-02,  4.7818E-02,  2.3666E-02,  5.0460E-02,  3.4048E-02,  3.8372E-01,  2.4732E-03,  1.9280E-02,  1.0721E-05,  1.0721E-05,  1.0721E-05,  1.0721E-05,  1.0721E-05,  1.0721E-05,  1.0721E-05,  1.0721E-05,  1.0721E-05,  1.0721E-05,  1.0721E-05,  1.0721E-05,  1.0721E-05,  1.0721E-05,  1.0721E-05,  1.0721E-05,  1.0721E-05,  1.0721E-05,  1.0721E-05,  1.0721E-05,  1.0721E-05,  1.0721E-05,  1.0721E-05,  1.0721E-05,  1.0721E-05,  1.0721E-05,  1.0721E-05,  1.0721E-05,  1.0721E-05,  1.0721E-05,  1.0721E-05,  1.0721E-05,  1.0721E-05,  1.0721E-05,  1.0721E-05,  1.0721E-05,  1.0721E-05,  1.0721E-05,  1.0721E-05,  1.0721E-05,  1.0721E-05,  1.0721E-05,  1.0721E-05,  1.0721E-05,  1.0721E-05,  1.0721E-05,  1.0721E-05,  1.0721E-05,  1.0721E-05,  1.0721E-05,  1.0721E-05,  1.0721E-05,  1.0721E-05,  1.0721E-05,  1.0721E-05,  1.0721E-05,  1.0721E-05,  1.0721E-05,  1.0721E-05,  1.0721E-05,  1.0721E-05,  1.0721E-05,  1.0721E-05,  1.0721E-05,  9.7354E-01,  8.1724E-02,  3.4276E-04,  2.2032E-04,  6.8853E-04,  2.2179E-03,  6.2691E-04,  2.0977E-03,  5.0866E-05,  3.4227E-04,  7.2180E-05,  4.4285E-04,  7.9352E-05,  3.2050E-04,  1.5305E-05,  6.4629E-05,  1.6006E-05,  3.2361E-05,  2.5438E-05,  5.9437E-05,  1.1212E-05,  3.6967E-05,  1.8097E-05,  3.7229E-05,  2.3176E-05,  2.4039E-04,  1.6369E-06,  1.1945E-05,  9.8541E-11,  9.8541E-11,  9.8541E-11,  9.8541E-11,  9.8541E-11,  9.8541E-11,  9.8541E-11,  9.8541E-11,  9.8541E-11,  9.8541E-11,  9.8541E-11,  9.8541E-11,  9.8541E-11,  9.8541E-11,  9.8541E-11,  9.8541E-11,  9.8541E-11,  9.8541E-11,  9.8541E-11,  9.8541E-11,  9.8541E-11,  9.8541E-11,  9.8541E-11,  9.8541E-11,  9.8541E-11,  9.8541E-11,  9.8541E-11,  9.8541E-11,  9.8541E-11,  9.8541E-11,  9.8541E-11,  9.8541E-11,  9.8541E-11,  9.8541E-11,  9.8541E-11,  9.8541E-11,  9.8541E-11,  9.8541E-11,  9.8541E-11,  9.8541E-11,  9.8541E-11,  9.8541E-11,  9.8541E-11,  9.8541E-11,  9.8541E-11,  9.8541E-11,  9.8541E-11,  9.8541E-11,  9.8541E-11,  9.8541E-11,  9.8541E-11,  9.8541E-11,  9.8541E-11,  9.8541E-11,  9.8541E-11,  9.8541E-11,  9.8541E-11,  9.8541E-11,  9.8541E-11,  9.8541E-11,  9.8541E-11,  9.8541E-11,  9.8541E-11,  9.8541E-11
  1.4000E+03,  1.5286E+03,  1.0329E+02,  4.4947E-01,  2.6843E-01,  7.5606E-01,  2.8226E+00,  7.3680E-01,  2.7579E+00,  5.5745E-02,  4.3460E-01,  8.2909E-02,  5.8057E-01,  9.7018E-02,  4.3875E-01,  1.7691E-02,  8.7367E-02,  1.8415E-02,  3.9546E-02,  2.8792E-02,  7.6162E-02,  1.2985E-02,  4.1163E-02,  2.0410E-02,  4.3743E-02,  2.9847E-02,  3.3988E-01,  2.1747E-03,  1.7099E-02,  1.0702E-05,  1.0702E-05,  1.0702E-05,  1.0702E-05,  1.0702E-05,  1.0702E-05,  1.0702E-05,  1.0702E-05,  1.0702E-05,  1.0702E-05,  1.0702E-05,  1.0702E-05,  1.0702E-05,  1.0702E-05,  1.0702E-05,  1.0702E-05,  1.0702E-05,  1.0702E-05,  1.0702E-05,  1.0702E-05,  1.0702E-05,  1.0702E-05,  1.0702E-05,  1.0702E-05,  1.0702E-05,  1.0702E-05,  1.0702E-05,  1.0702E-05,  1.0702E-05,  1.0702E-05,  1.0702E-05,  1.0702E-05,  1.0702E-05,  1.0702E-05,  1.0702E-05,  1.0702E-05,  1.0702E-05,  1.0702E-05,  1.0702E-05,  1.0702E-05,  1.0702E-05,  1.0702E-05,  1.0702E-05,  1.0702E-05,  1.0702E-05,  1.0702E-05,  1.0702E-05,  1.0702E-05,  1.0702E-05,  1.0702E-05,  1.0702E-05,  1.0702E-05,  1.0702E-05,  1.0702E-05,  1.0702E-05,  1.0702E-05,  1.0702E-05,  1.0702E-05,  1.0702E-05,  1.0702E-05,  1.0702E-05,  1.0702E-05,  1.0702E-05,  1.0702E-05,  8.2370E-01,  6.6319E-02,  2.8005E-04,  1.8003E-04,  5.5121E-04,  1.8033E-03,  5.0625E-04,  1.7116E-03,  4.0686E-05,  2.7815E-04,  5.7948E-05,  3.6112E-04,  6.4177E-05,  2.6293E-04,  1.2367E-05,  5.3134E-05,  1.2981E-05,  2.6461E-05,  2.0528E-05,  4.8417E-05,  9.0250E-06,  2.9576E-05,  1.4465E-05,  2.9946E-05,  1.8830E-05,  1.9803E-04,  1.3485E-06,  9.8687E-06,  9.8541E-11,  9.8541E-11,  9.8541E-11,  9.8541E-11,  9.8541E-11,  9.8541E-11,  9.8541E-11,  9.8541E-11,  9.8541E-11,  9.8541E-11,  9.8541E-11,  9.8541E-11,  9.8541E-11,  9.8541E-11,  9.8541E-11,  9.8541E-11,  9.8541E-11,  9.8541E-11,  9.8541E-11,  9.8541E-11,  9.8541E-11,  9.8541E-11,  9.8541E-11,  9.8541E-11,  9.8541E-11,  9.8541E-11,  9.8541E-11,  9.8541E-11,  9.8541E-11,  9.8541E-11,  9.8541E-11,  9.8541E-11,  9.8541E-11,  9.8541E-11,  9.8541E-11,  9.8541E-11,  9.8541E-11,  9.8541E-11,  9.8541E-11,  9.8541E-11,  9.8541E-11,  9.8541E-11,  9.8541E-11,  9.8541E-11,  9.8541E-11,  9.8541E-11,  9.8541E-11,  9.8541E-11,  9.8541E-11,  9.8541E-11,  9.8541E-11,  9.8541E-11,  9.8541E-11,  9.8541E-11,  9.8541E-11,  9.8541E-11,  9.8541E-11,  9.8541E-11,  9.8541E-11,  9.8541E-11,  9.8541E-11,  9.8541E-11,  9.8541E-11,  9.8541E-11
  1.6000E+03,  1.3761E+03,  9.1199E+01,  3.9829E-01,  2.3558E-01,  6.5622E-01,  2.4936E+00,  6.4476E-01,  2.4452E+00,  4.8378E-02,  3.8387E-01,  7.2395E-02,  5.1462E-01,  8.5337E-02,  3.9061E-01,  1.5443E-02,  7.7635E-02,  1.6054E-02,  3.4716E-02,  2.5064E-02,  6.7325E-02,  1.1346E-02,  3.5806E-02,  1.7789E-02,  3.8304E-02,  2.6413E-02,  3.0357E-01,  1.9276E-03,  1.5287E-02,  1.0682E-05,  1.0682E-05,  1.0682E-05,  1.0682E-05,  1.0682E-05,  1.0682E-05,  1.0682E-05,  1.0682E-05,  1.0682E-05,  1.0682E-05,  1.0682E-05,  1.0682E-05,  1.0682E-05,  1.0682E-05,  1.0682E-05,  1.0682E-05,  1.0682E-05,  1.0682E-05,  1.0682E-05,  1.0682E-05,  1.0682E-05,  1.0682E-05,  1.0682E-05,  1.0682E-05,  1.0682E-05,  1.0682E-05,  1.0682E-05,  1.0682E-05,  1.0682E-05,  1.0682E-05,  1.0682E-05,  1.0682E-05,  1.0682E-05,  1.0682E-05,  1.0682E-05,  1.0682E-05,  1.0682E-05,  1.0682E-05,  1.0682E-05,  1.0682E-05,  1.0682E-05,  1.0682E-05,  1.0682E-05,  1.0682E-05,  1.0682E-05,  1.0682E-05,  1.0682E-05,  1.0682E-05,  1.0682E-05,  1.0682E-05,  1.0682E-05,  1.0682E-05,  1.0682E-05,  1.0682E-05,  1.0682E-05,  1.0682E-05,  1.0682E-05,  1.0682E-05,  1.0682E-05,  1.0682E-05,  1.0682E-05,  1.0682E-05,  1.0682E-05,  1.0682E-05,  7.0215E-01,  5.4575E-02,  2.3171E-04,  1.4852E-04,  4.4720E-04,  1.4860E-03,  4.1413E-04,  1.4153E-03,  3.2989E-05,  2.2914E-04,  4.7189E-05,  2.9847E-04,  5.2632E-05,  2.1847E-04,  1.0113E-05,  4.4187E-05,  1.0635E-05,  2.1841E-05,  1.6758E-05,  3.9956E-05,  7.3637E-06,  2.4002E-05,  1.1738E-05,  2.4438E-05,  1.5517E-05,  1.6513E-04,  1.1219E-06,  8.2483E-06,  9.8541E-11,  9.8541E-11,  9.8541E-11,  9.8541E-11,  9.8541E-11,  9.8541E-11,  9.8541E-11,  9.8541E-11,  9.8541E-11,  9.8541E-11,  9.8541E-11,  9.8541E-11,  9.8541E-11,  9.8541E-11,  9.8541E-11,  9.8541E-11,  9.8541E-11,  9.8541E-11,  9.8541E-11,  9.8541E-11,  9.8541E-11,  9.8541E-11,  9.8541E-11,  9.8541E-11,  9.8541E-11,  9.8541E-11,  9.8541E-11,  9.8541E-11,  9.8541E-11,  9.8541E-11,  9.8541E-11,  9.8541E-11,  9.8541E-11,  9.8541E-11,  9.8541E-11,  9.8541E-11,  9.8541E-11,  9.8541E-11,  9.8541E-11,  9.8541E-11,  9.8541E-11,  9.8541E-11,  9.8541E-11,  9.8541E-11,  9.8541E-11,  9.8541E-11,  9.8541E-11,  9.8541E-11,  9.8541E-11,  9.8541E-11,  9.8541E-11,  9.8541E-11,  9.8541E-11,  9.8541E-11,  9.8541E-11,  9.8541E-11,  9.8541E-11,  9.8541E-11,  9.8541E-11,  9.8541E-11,  9.8541E-11,  9.8541E-11,  9.8541E-11,  9.8541E-11
  1.8000E+03,  1.2456E+03,  8.1195E+01,  3.5573E-01,  2.0835E-01,  5.7477E-01,  2.2211E+00,  5.6907E-01,  2.1852E+00,  4.2370E-02,  3.4185E-01,  6.3784E-02,  4.5980E-01,  7.5704E-02,  3.5040E-01,  1.3595E-02,  6.9503E-02,  1.4110E-02,  3.0712E-02,  2.2005E-02,  5.9993E-02,  1.0001E-02,  3.1432E-02,  1.5650E-02,  3.3840E-02,  2.3566E-02,  2.7313E-01,  1.7212E-03,  1.3766E-02,  1.0662E-05,  1.0662E-05,  1.0662E-05,  1.0662E-05,  1.0662E-05,  1.0662E-05,  1.0662E-05,  1.0662E-05,  1.0662E-05,  1.0662E-05,  1.0662E-05,  1.0662E-05,  1.0662E-05,  1.0662E-05,  1.0662E-05,  1.0662E-05,  1.0662E-05,  1.0662E-05,  1.0662E-05,  1.0662E-05,  1.0662E-05,  1.0662E-05,  1.0662E-05,  1.0662E-05,  1.0662E-05,  1.0662E-05,  1.0662E-05,  1.0662E-05,  1.0662E-05,  1.0662E-05,  1.0662E-05,  1.0662E-05,  1.0662E-05,  1.0662E-05,  1.0662E-05,  1.0662E-05,  1.0662E-05,  1.0662E-05,  1.0662E-05,  1.0662E-05,  1.0662E-05,  1.0662E-05,  1.0662E-05,  1.0662E-05,  1.0662E-05,  1.0662E-05,  1.0662E-05,  1.0662E-05,  1.0662E-05,  1.0662E-05,  1.0662E-05,  1.0662E-05,  1.0662E-05,  1.0662E-05,  1.0662E-05,  1.0662E-05,  1.0662E-05,  1.0662E-05,  1.0662E-05,  1.0662E-05,  1.0662E-05,  1.0662E-05,  1.0662E-05,  1.0662E-05,  6.0276E-01,  4.5471E-02,  1.9392E-04,  1.2371E-04,  3.6730E-04,  1.2395E-03,  3.4281E-04,  1.1844E-03,  2.7085E-05,  1.9106E-04,  3.8923E-05,  2.4967E-04,  4.3706E-05,  1.8361E-04,  8.3629E-06,  3.7138E-05,  8.8012E-06,  1.8201E-05,  1.3831E-05,  3.3364E-05,  6.0824E-06,  1.9730E-05,  9.6548E-06,  2.0201E-05,  1.2948E-05,  1.3923E-04,  9.4253E-07,  6.9675E-06,  9.8541E-11,  9.8541E-11,  9.8541E-11,  9.8541E-11,  9.8541E-11,  9.8541E-11,  9.8541E-11,  9.8541E-11,  9.8541E-11,  9.8541E-11,  9.8541E-11,  9.8541E-11,  9.8541E-11,  9.8541E-11,  9.8541E-11,  9.8541E-11,  9.8541E-11,  9.8541E-11,  9.8541E-11,  9.8541E-11,  9.8541E-11,  9.8541E-11,  9.8541E-11,  9.8541E-11,  9.8541E-11,  9.8541E-11,  9.8541E-11,  9.8541E-11,  9.8541E-11,  9.8541E-11,  9.8541E-11,  9.8541E-11,  9.8541E-11,  9.8541E-11,  9.8541E-11,  9.8541E-11,  9.8541E-11,  9.8541E-11,  9.8541E-11,  9.8541E-11,  9.8541E-11,  9.8541E-11,  9.8541E-11,  9.8541E-11,  9.8541E-11,  9.8541E-11,  9.8541E-11,  9.8541E-11,  9.8541E-11,  9.8541E-11,  9.8541E-11,  9.8541E-11,  9.8541E-11,  9.8541E-11,  9.8541E-11,  9.8541E-11,  9.8541E-11,  9.8541E-11,  9.8541E-11,  9.8541E-11,  9.8541E-11,  9.8541E-11,  9.8541E-11,  9.8541E-11
  2.0000E+03,  1.1332E+03,  7.2816E+01,  3.1994E-01,  1.8558E-01,  5.0753E-01,  1.9926E+00,  5.0610E-01,  1.9666E+00,  3.7413E-02,  3.0664E-01,  5.6644E-02,  4.1372E-01,  6.7663E-02,  3.1645E-01,  1.2060E-02,  6.2637E-02,  1.2494E-02,  2.7361E-02,  1.9469E-02,  5.3841E-02,  8.8848E-03,  2.7819E-02,  1.3881E-02,  3.0131E-02,  2.1179E-02,  2.4735E-01,  1.5470E-03,  1.2475E-02,  1.0642E-05,  1.0642E-05,  1.0642E-05,  1.0642E-05,  1.0642E-05,  1.0642E-05,  1.0642E-05,  1.0642E-05,  1.0642E-05,  1.0642E-05,  1.0642E-05,  1.0642E-05,  1.0642E-05,  1.0642E-05,  1.0642E-05,  1.0642E-05,  1.0642E-05,  1.0642E-05,  1.0642E-05,  1.0642E-05,  1.0642E-05,  1.0642E-05,  1.0642E-05,  1.0642E-05,  1.0642E-05,  1.0642E-05,  1.0642E-05,  1.0642E-05,  1.0642E-05,  1.0642E-05,  1.0642E-05,  1.0642E-05,  1.0642E-05,  1.0642E-05,  1.0642E-05,  1.0642E-05,  1.0642E-05,  1.0642E-05,  1.0642E-05,  1.0642E-05,  1.0642E-05,  1.0642E-05,  1.0642E-05,  1.0642E-05,  1.0642E-05,  1.0642E-05,  1.0642E-05,  1.0642E-05,  1.0642E-05,  1.0642E-05,  1.0642E-05,  1.0642E-05,  1.0642E-05,  1.0642E-05,  1.0642E-05,  1.0642E-05,  1.0642E-05,  1.0642E-05,  1.0642E-05,  1.0642E-05,  1.0642E-05,  1.0642E-05,  1.0642E-05,  1.0642E-05,  5.2101E-01,  3.8310E-02,  1.6392E-04,  1.0402E-04,  3.0512E-04,  1.0452E-03,  2.8688E-04,  1.0018E-03,  2.2494E-05,  1.6106E-04,  3.2478E-05,  2.1111E-04,  3.6702E-05,  1.5593E-04,  6.9887E-06,  3.1522E-05,  7.3553E-06,  1.5309E-05,  1.1534E-05,  2.8158E-05,  5.0808E-06,  1.6409E-05,  8.0375E-06,  1.6893E-05,  1.0925E-05,  1.1859E-04,  7.9909E-07,  5.9431E-06,  9.8541E-11,  9.8541E-11,  9.8541E-11,  9.8541E-11,  9.8541E-11,  9.8541E-11,  9.8541E-11,  9.8541E-11,  9.8541E-11,  9.8541E-11,  9.8541E-11,  9.8541E-11,  9.8541E-11,  9.8541E-11,  9.8541E-11,  9.8541E-11,  9.8541E-11,  9.8541E-11,  9.8541E-11,  9.8541E-11,  9.8541E-11,  9.8541E-11,  9.8541E-11,  9.8541E-11,  9.8541E-11,  9.8541E-11,  9.8541E-11,  9.8541E-11,  9.8541E-11,  9.8541E-11,  9.8541E-11,  9.8541E-11,  9.8541E-11,  9.8541E-11,  9.8541E-11,  9.8541E-11,  9.8541E-11,  9.8541E-11,  9.8541E-11,  9.8541E-11,  9.8541E-11,  9.8541E-11,  9.8541E-11,  9.8541E-11,  9.8541E-11,  9.8541E-11,  9.8541E-11,  9.8541E-11,  9.8541E-11,  9.8541E-11,  9.8541E-11,  9.8541E-11,  9.8541E-11,  9.8541E-11,  9.8541E-11,  9.8541E-11,  9.8541E-11,  9.8541E-11,  9.8541E-11,  9.8541E-11,  9.8541E-11,  9.8541E-11,  9.8541E-11,  9.8541E-11
  2.2000E+03,  1.0358E+03,  6.5726E+01,  2.8956E-01,  1.6636E-01,  4.5142E-01,  1.7991E+00,  4.5316E-01,  1.7809E+00,  3.3276E-02,  2.7682E-01,  5.0658E-02,  3.7459E-01,  6.0879E-02,  2.8749E-01,  1.0772E-02,  5.6785E-02,  1.1139E-02,  2.4532E-02,  1.7344E-02,  4.8626E-02,  7.9482E-03,  2.4799E-02,  1.2401E-02,  2.7015E-02,  1.9156E-02,  2.2530E-01,  1.3988E-03,  1.1369E-02,  1.0623E-05,  1.0623E-05,  1.0623E-05,  1.0623E-05,  1.0623E-05,  1.0623E-05,  1.0623E-05,  1.0623E-05,  1.0623E-05,  1.0623E-05,  1.0623E-05,  1.0623E-05,  1.0623E-05,  1.0623E-05,  1.0623E-05,  1.0623E-05,  1.0623E-05,  1.0623E-05,  1.0623E-05,  1.0623E-05,  1.0623E-05,  1.0623E-05,  1.0623E-05,  1.0623E-05,  1.0623E-05,  1.0623E-05,  1.0623E-05,  1.0623E-05,  1.0623E-05,  1.0623E-05,  1.0623E-05,  1.0623E-05,  1.0623E-05,  1.0623E-05,  1.0623E-05,  1.0623E-05,  1.0623E-05,  1.0623E-05,  1.0623E-05,  1.0623E-05,  1.0623E-05,  1.0623E-05,  1.0623E-05,  1.0623E-05,  1.0623E-05,  1.0623E-05,  1.0623E-05,  1.0623E-05,  1.0623E-05,  1.0623E-05,  1.0623E-05,  1.0623E-05,  1.0623E-05,  1.0623E-05,  1.0623E-05,  1.0623E-05,  1.0623E-05,  1.0623E-05,  1.0623E-05,  1.0623E-05,  1.0623E-05,  1.0623E-05,  1.0623E-05,  1.0623E-05,  4.5327E-01,  3.2598E-02,  1.3994E-04,  8.8177E-05,  2.5594E-04,  8.8999E-04,  2.4246E-04,  8.5553E-04,  1.8870E-05,  1.3711E-04,  2.7382E-05,  1.8024E-04,  3.1132E-05,  1.3365E-04,  5.8967E-06,  2.6995E-05,  6.2033E-06,  1.2982E-05,  9.7112E-06,  2.3992E-05,  4.2851E-06,  1.3784E-05,  6.7600E-06,  1.4266E-05,  9.3053E-06,  1.0187E-04,  6.8296E-07,  5.1141E-06,  9.8541E-11,  9.8541E-11,  9.8541E-11,  9.8541E-11,  9.8541E-11,  9.8541E-11,  9.8541E-11,  9.8541E-11,  9.8541E-11,  9.8541E-11,  9.8541E-11,  9.8541E-11,  9.8541E-11,  9.8541E-11,  9.8541E-11,  9.8541E-11,  9.8541E-11,  9.8541E-11,  9.8541E-11,  9.8541E-11,  9.8541E-11,  9.8541E-11,  9.8541E-11,  9.8541E-11,  9.8541E-11,  9.8541E-11,  9.8541E-11,  9.8541E-11,  9.8541E-11,  9.8541E-11,  9.8541E-11,  9.8541E-11,  9.8541E-11,  9.8541E-11,  9.8541E-11,  9.8541E-11,  9.8541E-11,  9.8541E-11,  9.8541E-11,  9.8541E-11,  9.8541E-11,  9.8541E-11,  9.8541E-11,  9.8541E-11,  9.8541E-11,  9.8541E-11,  9.8541E-11,  9.8541E-11,  9.8541E-11,  9.8541E-11,  9.8541E-11,  9.8541E-11,  9.8541E-11,  9.8541E-11,  9.8541E-11,  9.8541E-11,  9.8541E-11,  9.8541E-11,  9.8541E-11,  9.8541E-11,  9.8541E-11,  9.8541E-11,  9.8541E-11,  9.8541E-11
  2.5000E+03,  9.1199E+02,  5.6937E+01,  2.5175E-01,  1.4265E-01,  3.8300E-01,  1.5590E+00,  3.8809E-01,  1.5497E+00,  2.8233E-02,  2.3984E-01,  4.3317E-02,  3.2589E-01,  5.2502E-02,  2.5130E-01,  9.1910E-03,  4.9481E-02,  9.4765E-03,  2.1040E-02,  1.4744E-02,  4.2153E-02,  6.7988E-03,  2.1111E-02,  1.0590E-02,  2.3184E-02,  1.6644E-02,  1.9766E-01,  1.2142E-03,  9.9809E-03,  1.0593E-05,  1.0593E-05,  1.0593E-05,  1.0593E-05,  1.0593E-05,  1.0593E-05,  1.0593E-05,  1.0593E-05,  1.0593E-05,  1.0593E-05,  1.0593E-05,  1.0593E-05,  1.0593E-05,  1.0593E-05,  1.0593E-05,  1.0593E-05,  1.0593E-05,  1.0593E-05,  1.0593E-05,  1.0593E-05,  1.0593E-05,  1.0593E-05,  1.0593E-05,  1.0593E-05,  1.0593E-05,  1.0593E-05,  1.0593E-05,  1.0593E-05,  1.0593E-05,  1.0593E-05,  1.0593E-05,  1.0593E-05,  1.0593E-05,  1.0593E-05,  1.0593E-05,  1.0593E-05,  1.0593E-05,  1.0593E-05,  1.0593E-05,  1.0593E-05,  1.0593E-05,  1.0593E-05,  1.0593E-05,  1.0593E-05,  1.0593E-05,  1.0593E-05,  1.0593E-05,  1.0593E-05,  1.0593E-05,  1.0593E-05,  1.0593E-05,  1.0593E-05,  1.0593E-05,  1.0593E-05,  1.0593E-05,  1.0593E-05,  1.0593E-05,  1.0593E-05,  1.0593E-05,  1.0593E-05,  1.0593E-05,  1.0593E-05,  1.0593E-05,  1.0593E-05,  3.7190E-01,  2.5994E-02,  1.1213E-04,  6.9914E-05,  2.0018E-04,  7.1024E-04,  1.9139E-04,  6.8559E-04,  1.4752E-05,  1.0939E-04,  2.1553E-05,  1.4439E-04,  2.4714E-05,  1.0764E-04,  4.6421E-06,  2.1702E-05,  4.8774E-06,  1.0297E-05,  7.6208E-06,  1.9162E-05,  3.3776E-06,  1.0806E-05,  5.3107E-06,  1.1271E-05,  7.4410E-06,  8.2397E-05,  5.4791E-07,  4.1402E-06,  9.8541E-11,  9.8541E-11,  9.8541E-11,  9.8541E-11,  9.8541E-11,  9.8541E-11,  9.8541E-11,  9.8541E-11,  9.8541E-11,  9.8541E-11,  9.8541E-11,  9.8541E-11,  9.8541E-11,  9.8541E-11,  9.8541E-11,  9.8541E-11,  9.8541E-11,  9.8541E-11,  9.8541E-11,  9.8541E-11,  9.8541E-11,  9.8541E-11,  9.8541E-11,  9.8541E-11,  9.8541E-11,  9.8541E-11,  9.8541E-11,  9.8541E-11,  9.8541E-11,  9.8541E-11,  9.8541E-11,  9.8541E-11,  9.8541E-11,  9.8541E-11,  9.8541E-11,  9.8541E-11,  9.8541E-11,  9.8541E-11,  9.8541E-11,  9.8541E-11,  9.8541E-11,  9.8541E-11,  9.8541E-11,  9.8541E-11,  9.8541E-11,  9.8541E-11,  9.8541E-11,  9.8541E-11,  9.8541E-11,  9.8541E-11,  9.8541E-11,  9.8541E-11,  9.8541E-11,  9.8541E-11,  9.8541E-11,  9.8541E-11,  9.8541E-11,  9.8541E-11,  9.8541E-11,  9.8541E-11,  9.8541E-11,  9.8541E-11,  9.8541E-11,  9.8541E-11
  2.8000E+03,  8.0987E+02,  4.9874E+01,  2.2123E-01,  1.2371E-01,  3.2906E-01,  1.3660E+00,  3.3631E-01,  1.3631E+00,  2.4258E-02,  2.1012E-01,  3.7493E-02,  2.8659E-01,  4.5800E-02,  2.2193E-01,  7.9368E-03,  4.3565E-02,  8.1597E-03,  1.8251E-02,  1.2688E-02,  3.6943E-02,  5.8858E-03,  1.8196E-02,  9.1565E-03,  2.0134E-02,  1.4620E-02,  1.7515E-01,  1.0651E-03,  8.8490E-03,  1.0564E-05,  1.0564E-05,  1.0564E-05,  1.0564E-05,  1.0564E-05,  1.0564E-05,  1.0564E-05,  1.0564E-05,  1.0564E-05,  1.0564E-05,  1.0564E-05,  1.0564E-05,  1.0564E-05,  1.0564E-05,  1.0564E-05,  1.0564E-05,  1.0564E-05,  1.0564E-05,  1.0564E-05,  1.0564E-05,  1.0564E-05,  1.0564E-05,  1.0564E-05,  1.0564E-05,  1.0564E-05,  1.0564E-05,  1.0564E-05,  1.0564E-05,  1.0564E-05,  1.0564E-05,  1.0564E-05,  1.0564E-05,  1.0564E-05,  1.0564E-05,  1.0564E-05,  1.0564E-05,  1.0564E-05,  1.0564E-05,  1.0564E-05,  1.0564E-05,  1.0564E-05,  1.0564E-05,  1.0564E-05,  1.0564E-05,  1.0564E-05,  1.0564E-05,  1.0564E-05,  1.0564E-05,  1.0564E-05,  1.0564E-05,  1.0564E-05,  1.0564E-05,  1.0564E-05,  1.0564E-05,  1.0564E-05,  1.0564E-05,  1.0564E-05,  1.0564E-05,  1.0564E-05,  1.0564E-05,  1.0564E-05,  1.0564E-05,  1.0564E-05,  1.0564E-05,  3.0892E-01,  2.1092E-02,  9.1321E-05,  5.6329E-05,  1.5940E-04,  5.7668E-04,  1.5378E-04,  5.5883E-04,  1.1746E-05,  8.8794E-05,  1.7278E-05,  1.1765E-04,  1.9970E-05,  8.8131E-05,  3.7193E-06,  1.7733E-05,  3.9012E-06,  8.2990E-06,  6.0869E-06,  1.5568E-05,  2.7093E-06,  8.6262E-06,  4.2491E-06,  9.0624E-06,  6.0516E-06,  6.7695E-05,  4.4640E-07,  3.4055E-06,  9.8541E-11,  9.8541E-11,  9.8541E-11,  9.8541E-11,  9.8541E-11,  9.8541E-11,  9.8541E-11,  9.8541E-11,  9.8541E-11,  9.8541E-11,  9.8541E-11,  9.8541E-11,  9.8541E-11,  9.8541E-11,  9.8541E-11,  9.8541E-11,  9.8541E-11,  9.8541E-11,  9.8541E-11,  9.8541E-11,  9.8541E-11,  9.8541E-11,  9.8541E-11,  9.8541E-11,  9.8541E-11,  9.8541E-11,  9.8541E-11,  9.8541E-11,  9.8541E-11,  9.8541E-11,  9.8541E-11,  9.8541E-11,  9.8541E-11,  9.8541E-11,  9.8541E-11,  9.8541E-11,  9.8541E-11,  9.8541E-11,  9.8541E-11,  9.8541E-11,  9.8541E-11,  9.8541E-11,  9.8541E-11,  9.8541E-11,  9.8541E-11,  9.8541E-11,  9.8541E-11,  9.8541E-11,  9.8541E-11,  9.8541E-11,  9.8541E-11,  9.8541E-11,  9.8541E-11,  9.8541E-11,  9.8541E-11,  9.8541E-11,  9.8541E-11,  9.8541E-11,  9.8541E-11,  9.8541E-11,  9.8541E-11,  9.8541E-11,  9.8541E-11,  9.8541E-11
  3.2000E+03,  6.9899E+02,  4.2389E+01,  1.8876E-01,  1.0381E-01,  2.7307E-01,  1.1613E+00,  2.8204E-01,  1.1643E+00,  2.0132E-02,  1.7860E-01,  3.1401E-02,  2.4475E-01,  3.8729E-02,  1.9051E-01,  6.6263E-03,  3.7251E-02,  6.7867E-03,  1.5318E-02,  1.0547E-02,  3.1416E-02,  4.9303E-03,  1.5161E-02,  7.6598E-03,  1.6934E-02,  1.2470E-02,  1.5097E-01,  9.0639E-04,  7.6320E-03,  1.0524E-05,  1.0524E-05,  1.0524E-05,  1.0524E-05,  1.0524E-05,  1.0524E-05,  1.0524E-05,  1.0524E-05,  1.0524E-05,  1.0524E-05,  1.0524E-05,  1.0524E-05,  1.0524E-05,  1.0524E-05,  1.0524E-05,  1.0524E-05,  1.0524E-05,  1.0524E-05,  1.0524E-05,  1.0524E-05,  1.0524E-05,  1.0524E-05,  1.0524E-05,  1.0524E-05,  1.0524E-05,  1.0524E-05,  1.0524E-05,  1.0524E-05,  1.0524E-05,  1.0524E-05,  1.0524E-05,  1.0524E-05,  1.0524E-05,  1.0524E-05,  1.0524E-05,  1.0524E-05,  1.0524E-05,  1.0524E-05,  1.0524E-05,  1.0524E-05,  1.0524E-05,  1.0524E-05,  1.0524E-05,  1.0524E-05,  1.0524E-05,  1.0524E-05,  1.0524E-05,  1.0524E-05,  1.0524E-05,  1.0524E-05,  1.0524E-05,  1.0524E-05,  1.0524E-05,  1.0524E-05,  1.0524E-05,  1.0524E-05,  1.0524E-05,  1.0524E-05,  1.0524E-05,  1.0524E-05,  1.0524E-05,  1.0524E-05,  1.0524E-05,  1.0524E-05,  2.4545E-01,  1.6331E-02,  7.1008E-05,  4.3176E-05,  1.2056E-04,  4.4678E-04,  1.1759E-04,  4.3502E-04,  8.8832E-06,  6.8776E-05,  1.3179E-05,  9.1557E-05,  1.5382E-05,  6.8977E-05,  2.8330E-06,  1.3838E-05,  2.9638E-06,  6.3634E-06,  4.6179E-06,  1.2069E-05,  2.0679E-06,  6.5458E-06,  3.2346E-06,  6.9396E-06,  4.6995E-06,  5.3203E-05,  3.4695E-07,  2.6797E-06,  9.8541E-11,  9.8541E-11,  9.8541E-11,  9.8541E-11,  9.8541E-11,  9.8541E-11,  9.8541E-11,  9.8541E-11,  9.8541E-11,  9.8541E-11,  9.8541E-11,  9.8541E-11,  9.8541E-11,  9.8541E-11,  9.8541E-11,  9.8541E-11,  9.8541E-11,  9.8541E-11,  9.8541E-11,  9.8541E-11,  9.8541E-11,  9.8541E-11,  9.8541E-11,  9.8541E-11,  9.8541E-11,  9.8541E-11,  9.8541E-11,  9.8541E-11,  9.8541E-11,  9.8541E-11,  9.8541E-11,  9.8541E-11,  9.8541E-11,  9.8541E-11,  9.8541E-11,  9.8541E-11,  9.8541E-11,  9.8541E-11,  9.8541E-11,  9.8541E-11,  9.8541E-11,  9.8541E-11,  9.8541E-11,  9.8541E-11,  9.8541E-11,  9.8541E-11,  9.8541E-11,  9.8541E-11,  9.8541E-11,  9.8541E-11,  9.8541E-11,  9.8541E-11,  9.8541E-11,  9.8541E-11,  9.8541E-11,  9.8541E-11,  9.8541E-11,  9.8541E-11,  9.8541E-11,  9.8541E-11,  9.8541E-11,  9.8541E-11,  9.8541E-11,  9.8541E-11
  3.5000E+03,  6.3084E+02,  3.7888E+01,  1.6917E-01,  9.1952E-02,  2.4010E-01,  1.0382E+00,  2.4976E-01,  1.0442E+00,  1.7702E-02,  1.5965E-01,  2.7786E-02,  2.1948E-01,  3.4497E-02,  1.7143E-01,  5.8497E-03,  3.3429E-02,  5.9750E-03,  1.3571E-02,  9.2829E-03,  2.8088E-02,  4.3630E-03,  1.3369E-02,  6.7730E-03,  1.5028E-02,  1.1173E-02,  1.3623E-01,  8.1068E-04,  6.8897E-03,  1.0495E-05,  1.0495E-05,  1.0495E-05,  1.0495E-05,  1.0495E-05,  1.0495E-05,  1.0495E-05,  1.0495E-05,  1.0495E-05,  1.0495E-05,  1.0495E-05,  1.0495E-05,  1.0495E-05,  1.0495E-05,  1.0495E-05,  1.0495E-05,  1.0495E-05,  1.0495E-05,  1.0495E-05,  1.0495E-05,  1.0495E-05,  1.0495E-05,  1.0495E-05,  1.0495E-05,  1.0495E-05,  1.0495E-05,  1.0495E-05,  1.0495E-05,  1.0495E-05,  1.0495E-05,  1.0495E-05,  1.0495E-05,  1.0495E-05,  1.0495E-05,  1.0495E-05,  1.0495E-05,  1.0495E-05,  1.0495E-05,  1.0495E-05,  1.0495E-05,  1.0495E-05,  1.0495E-05,  1.0495E-05,  1.0495E-05,  1.0495E-05,  1.0495E-05,  1.0495E-05,  1.0495E-05,  1.0495E-05,  1.0495E-05,  1.0495E-05,  1.0495E-05,  1.0495E-05,  1.0495E-05,  1.0495E-05,  1.0495E-05,  1.0495E-05,  1.0495E-05,  1.0495E-05,  1.0495E-05,  1.0495E-05,  1.0495E-05,  1.0495E-05,  1.0495E-05,  2.0892E-01,  1.3675E-02,  5.9627E-05,  3.5875E-05,  9.9286E-05,  3.7423E-04,  9.7584E-05,  3.6561E-04,  7.3165E-06,  5.7599E-05,  1.0922E-05,  7.6931E-05,  1.2834E-05,  5.8185E-05,  2.3444E-06,  1.1646E-05,  2.4475E-06,  5.2886E-06,  3.8105E-06,  1.0113E-05,  1.7141E-06,  5.4047E-06,  2.6771E-06,  5.7666E-06,  3.9436E-06,  4.5007E-05,  2.9112E-07,  2.2685E-06,  9.8541E-11,  9.8541E-11,  9.8541E-11,  9.8541E-11,  9.8541E-11,  9.8541E-11,  9.8541E-11,  9.8541E-11,  9.8541E-11,  9.8541E-11,  9.8541E-11,  9.8541E-11,  9.8541E-11,  9.8541E-11,  9.8541E-11,  9.8541E-11,  9.8541E-11,  9.8541E-11,  9.8541E-11,  9.8541E-11,  9.8541E-11,  9.8541E-11,  9.8541E-11,  9.8541E-11,  9.8541E-11,  9.8541E-11,  9.8541E-11,  9.8541E-11,  9.8541E-11,  9.8541E-11,  9.8541E-11,  9.8541E-11,  9.8541E-11,  9.8541E-11,  9.8541E-11,  9.8541E-11,  9.8541E-11,  9.8541E-11,  9.8541E-11,  9.8541E-11,  9.8541E-11,  9.8541E-11,  9.8541E-11,  9.8541E-11,  9.8541E-11,  9.8541E-11,  9.8541E-11,  9.8541E-11,  9.8541E-11,  9.8541E-11,  9.8541E-11,  9.8541E-11,  9.8541E-11,  9.8541E-11,  9.8541E-11,  9.8541E-11,  9.8541E-11,  9.8541E-11,  9.8541E-11,  9.8541E-11,  9.8541E-11,  9.8541E-11,  9.8541E-11,  9.8541E-11
  4.0000E+03,  5.3792E+02,  3.1866E+01,  1.4286E-01,  7.6240E-02,  1.9685E-01,  8.7334E-01,  2.0705E-01,  8.8280E-01,  1.4516E-02,  1.3428E-01,  2.3009E-02,  1.8552E-01,  2.8859E-02,  1.4569E-01,  4.8255E-03,  2.8284E-02,  4.9074E-03,  1.1254E-02,  7.6214E-03,  2.3633E-02,  3.6132E-03,  1.1011E-02,  5.6030E-03,  1.2501E-02,  9.4342E-03,  1.1628E-01,  6.8234E-04,  5.8836E-03,  1.0445E-05,  1.0445E-05,  1.0445E-05,  1.0445E-05,  1.0445E-05,  1.0445E-05,  1.0445E-05,  1.0445E-05,  1.0445E-05,  1.0445E-05,  1.0445E-05,  1.0445E-05,  1.0445E-05,  1.0445E-05,  1.0445E-05,  1.0445E-05,  1.0445E-05,  1.0445E-05,  1.0445E-05,  1.0445E-05,  1.0445E-05,  1.0445E-05,  1.0445E-05,  1.0445E-05,  1.0445E-05,  1.0445E-05,  1.0445E-05,  1.0445E-05,  1.0445E-05,  1.0445E-05,  1.0445E-05,  1.0445E-05,  1.0445E-05,  1.0445E-05,  1.0445E-05,  1.0445E-05,  1.0445E-05,  1.0445E-05,  1.0445E-05,  1.0445E-05,  1.0445E-05,  1.0445E-05,  1.0445E-05,  1.0445E-05,  1.0445E-05,  1.0445E-05,  1.0445E-05,  1.0445E-05,  1.0445E-05,  1.0445E-05,  1.0445E-05,  1.0445E-05,  1.0445E-05,  1.0445E-05,  1.0445E-05,  1.0445E-05,  1.0445E-05,  1.0445E-05,  1.0445E-05,  1.0445E-05,  1.0445E-05,  1.0445E-05,  1.0445E-05,  1.0445E-05,  1.6276E-01,  1.0413E-02,  4.5597E-05,  2.6974E-05,  7.3695E-05,  2.8510E-04,  7.3273E-05,  2.7997E-04,  5.4309E-06,  4.3870E-05,  8.1850E-06,  5.8892E-05,  9.7186E-06,  4.4803E-05,  1.7523E-06,  8.9338E-06,  1.8228E-06,  3.9777E-06,  2.8354E-06,  7.7076E-06,  1.2851E-06,  4.0279E-06,  2.0029E-06,  4.3404E-06,  3.0133E-06,  3.4809E-05,  2.2222E-07,  1.7562E-06,  9.8541E-11,  9.8541E-11,  9.8541E-11,  9.8541E-11,  9.8541E-11,  9.8541E-11,  9.8541E-11,  9.8541E-11,  9.8541E-11,  9.8541E-11,  9.8541E-11,  9.8541E-11,  9.8541E-11,  9.8541E-11,  9.8541E-11,  9.8541E-11,  9.8541E-11,  9.8541E-11,  9.8541E-11,  9.8541E-11,  9.8541E-11,  9.8541E-11,  9.8541E-11,  9.8541E-11,  9.8541E-11,  9.8541E-11,  9.8541E-11,  9.8541E-11,  9.8541E-11,  9.8541E-11,  9.8541E-11,  9.8541E-11,  9.8541E-11,  9.8541E-11,  9.8541E-11,  9.8541E-11,  9.8541E-11,  9.8541E-11,  9.8541E-11,  9.8541E-11,  9.8541E-11,  9.8541E-11,  9.8541E-11,  9.8541E-11,  9.8541E-11,  9.8541E-11,  9.8541E-11,  9.8541E-11,  9.8541E-11,  9.8541E-11,  9.8541E-11,  9.8541E-11,  9.8541E-11,  9.8541E-11,  9.8541E-11,  9.8541E-11,  9.8541E-11,  9.8541E-11,  9.8541E-11,  9.8541E-11,  9.8541E-11,  9.8541E-11,  9.8541E-11,  9.8541E-11
  4.5000E+03,  4.6487E+02,  2.7231E+01,  1.2253E-01,  6.4297E-02,  1.6438E-01,  7.4641E-01,  1.7462E-01,  7.5791E-01,  1.2123E-02,  1.1475E-01,  1.9389E-02,  1.5925E-01,  2.4542E-02,  1.2566E-01,  4.0514E-03,  2.4296E-02,  4.1034E-03,  9.4928E-03,  6.3711E-03,  2.0201E-02,  3.0447E-03,  9.2331E-03,  4.7177E-03,  1.0578E-02,  8.0911E-03,  1.0069E-01,  5.8335E-04,  5.0968E-03,  1.0396E-05,  1.0396E-05,  1.0396E-05,  1.0396E-05,  1.0396E-05,  1.0396E-05,  1.0396E-05,  1.0396E-05,  1.0396E-05,  1.0396E-05,  1.0396E-05,  1.0396E-05,  1.0396E-05,  1.0396E-05,  1.0396E-05,  1.0396E-05,  1.0396E-05,  1.0396E-05,  1.0396E-05,  1.0396E-05,  1.0396E-05,  1.0396E-05,  1.0396E-05,  1.0396E-05,  1.0396E-05,  1.0396E-05,  1.0396E-05,  1.0396E-05,  1.0396E-05,  1.0396E-05,  1.0396E-05,  1.0396E-05,  1.0396E-05,  1.0396E-05,  1.0396E-05,  1.0396E-05,  1.0396E-05,  1.0396E-05,  1.0396E-05,  1.0396E-05,  1.0396E-05,  1.0396E-05,  1.0396E-05,  1.0396E-05,  1.0396E-05,  1.0396E-05,  1.0396E-05,  1.0396E-05,  1.0396E-05,  1.0396E-05,  1.0396E-05,  1.0396E-05,  1.0396E-05,  1.0396E-05,  1.0396E-05,  1.0396E-05,  1.0396E-05,  1.0396E-05,  1.0396E-05,  1.0396E-05,  1.0396E-05,  1.0396E-05,  1.0396E-05,  1.0396E-05,  1.2942E-01,  8.1272E-03,  3.5720E-05,  2.0795E-05,  5.6182E-05,  2.2259E-04,  5.6447E-05,  2.1960E-04,  4.1407E-06,  3.4244E-05,  6.2960E-06,  4.6182E-05,  7.5468E-06,  3.5318E-05,  1.3441E-06,  7.0164E-06,  1.3932E-06,  3.0673E-06,  2.1656E-06,  6.0194E-06,  9.8872E-07,  3.0826E-06,  1.5386E-06,  3.3521E-06,  2.3594E-06,  2.7549E-05,  1.7372E-07,  1.3910E-06,  9.8541E-11,  9.8541E-11,  9.8541E-11,  9.8541E-11,  9.8541E-11,  9.8541E-11,  9.8541E-11,  9.8541E-11,  9.8541E-11,  9.8541E-11,  9.8541E-11,  9.8541E-11,  9.8541E-11,  9.8541E-11,  9.8541E-11,  9.8541E-11,  9.8541E-11,  9.8541E-11,  9.8541E-11,  9.8541E-11,  9.8541E-11,  9.8541E-11,  9.8541E-11,  9.8541E-11,  9.8541E-11,  9.8541E-11,  9.8541E-11,  9.8541E-11,  9.8541E-11,  9.8541E-11,  9.8541E-11,  9.8541E-11,  9.8541E-11,  9.8541E-11,  9.8541E-11,  9.8541E-11,  9.8541E-11,  9.8541E-11,  9.8541E-11,  9.8541E-11,  9.8541E-11,  9.8541E-11,  9.8541E-11,  9.8541E-11,  9.8541E-11,  9.8541E-11,  9.8541E-11,  9.8541E-11,  9.8541E-11,  9.8541E-11,  9.8541E-11,  9.8541E-11,  9.8541E-11,  9.8541E-11,  9.8541E-11,  9.8541E-11,  9.8541E-11,  9.8541E-11,  9.8541E-11,  9.8541E-11,  9.8541E-11,  9.8541E-11,  9.8541E-11,  9.8541E-11
  5.0000E+03,  4.0634E+02,  2.3581E+01,  1.0646E-01,  5.5006E-02,  1.3939E-01,  6.4643E-01,  1.4940E-01,  6.5908E-01,  1.0281E-02,  9.9370E-02,  1.6578E-02,  1.3847E-01,  2.1160E-02,  1.0973E-01,  3.4520E-03,  2.1137E-02,  3.4831E-03,  8.1221E-03,  5.4070E-03,  1.7497E-02,  2.6033E-03,  7.8595E-03,  4.0310E-03,  9.0790E-03,  7.0299E-03,  8.8248E-02,  5.0529E-04,  4.4683E-03,  1.0347E-05,  1.0347E-05,  1.0347E-05,  1.0347E-05,  1.0347E-05,  1.0347E-05,  1.0347E-05,  1.0347E-05,  1.0347E-05,  1.0347E-05,  1.0347E-05,  1.0347E-05,  1.0347E-05,  1.0347E-05,  1.0347E-05,  1.0347E-05,  1.0347E-05,  1.0347E-05,  1.0347E-05,  1.0347E-05,  1.0347E-05,  1.0347E-05,  1.0347E-05,  1.0347E-05,  1.0347E-05,  1.0347E-05,  1.0347E-05,  1.0347E-05,  1.0347E-05,  1.0347E-05,  1.0347E-05,  1.0347E-05,  1.0347E-05,  1.0347E-05,  1.0347E-05,  1.0347E-05,  1.0347E-05,  1.0347E-05,  1.0347E-05,  1.0347E-05,  1.0347E-05,  1.0347E-05,  1.0347E-05,  1.0347E-05,  1.0347E-05,  1.0347E-05,  1.0347E-05,  1.0347E-05,  1.0347E-05,  1.0347E-05,  1.0347E-05,  1.0347E-05,  1.0347E-05,  1.0347E-05,  1.0347E-05,  1.0347E-05,  1.0347E-05,  1.0347E-05,  1.0347E-05,  1.0347E-05,  1.0347E-05,  1.0347E-05,  1.0347E-05,  1.0347E-05,  1.0470E-01,  6.4737E-03,  2.8549E-05,  1.6371E-05,  4.3794E-05,  1.7735E-04,  4.4422E-05,  1.7571E-04,  3.2280E-06,  2.7279E-05,  4.9488E-06,  3.6946E-05,  5.9836E-06,  2.8388E-05,  1.0534E-06,  5.6198E-06,  1.0881E-06,  2.4154E-06,  1.6907E-06,  4.7971E-06,  7.7721E-07,  2.4118E-06,  1.2080E-06,  2.6448E-06,  1.8852E-06,  2.2225E-05,  1.3853E-07,  1.1229E-06,  9.8541E-11,  9.8541E-11,  9.8541E-11,  9.8541E-11,  9.8541E-11,  9.8541E-11,  9.8541E-11,  9.8541E-11,  9.8541E-11,  9.8541E-11,  9.8541E-11,  9.8541E-11,  9.8541E-11,  9.8541E-11,  9.8541E-11,  9.8541E-11,  9.8541E-11,  9.8541E-11,  9.8541E-11,  9.8541E-11,  9.8541E-11,  9.8541E-11,  9.8541E-11,  9.8541E-11,  9.8541E-11,  9.8541E-11,  9.8541E-11,  9.8541E-11,  9.8541E-11,  9.8541E-11,  9.8541E-11,  9.8541E-11,  9.8541E-11,  9.8541E-11,  9.8541E-11,  9.8541E-11,  9.8541E-11,  9.8541E-11,  9.8541E-11,  9.8541E-11,  9.8541E-11,  9.8541E-11,  9.8541E-11,  9.8541E-11,  9.8541E-11,  9.8541E-11,  9.8541E-11,  9.8541E-11,  9.8541E-11,  9.8541E-11,  9.8541E-11,  9.8541E-11,  9.8541E-11,  9.8541E-11,  9.8541E-11,  9.8541E-11,  9.8541E-11,  9.8541E-11,  9.8541E-11,  9.8541E-11,  9.8541E-11,  9.8541E-11,  9.8541E-11,  9.8541E-11
  5.5000E+03,  3.5868E+02,  2.0651E+01,  9.3523E-02,  4.7632E-02,  1.1974E-01,  5.6615E-01,  1.2939E-01,  5.7940E-01,  8.8323E-03,  8.7022E-02,  1.4350E-02,  1.2172E-01,  1.8456E-02,  9.6832E-02,  2.9784E-03,  1.8588E-02,  2.9946E-03,  7.0341E-03,  4.6481E-03,  1.5326E-02,  2.2534E-03,  6.7757E-03,  3.4874E-03,  7.8865E-03,  6.1754E-03,  7.8135E-02,  4.4256E-04,  3.9572E-03,  1.0298E-05,  1.0298E-05,  1.0298E-05,  1.0298E-05,  1.0298E-05,  1.0298E-05,  1.0298E-05,  1.0298E-05,  1.0298E-05,  1.0298E-05,  1.0298E-05,  1.0298E-05,  1.0298E-05,  1.0298E-05,  1.0298E-05,  1.0298E-05,  1.0298E-05,  1.0298E-05,  1.0298E-05,  1.0298E-05,  1.0298E-05,  1.0298E-05,  1.0298E-05,  1.0298E-05,  1.0298E-05,  1.0298E-05,  1.0298E-05,  1.0298E-05,  1.0298E-05,  1.0298E-05,  1.0298E-05,  1.0298E-05,  1.0298E-05,  1.0298E-05,  1.0298E-05,  1.0298E-05,  1.0298E-05,  1.0298E-05,  1.0298E-05,  1.0298E-05,  1.0298E-05,  1.0298E-05,  1.0298E-05,  1.0298E-05,  1.0298E-05,  1.0298E-05,  1.0298E-05,  1.0298E-05,  1.0298E-05,  1.0298E-05,  1.0298E-05,  1.0298E-05,  1.0298E-05,  1.0298E-05,  1.0298E-05,  1.0298E-05,  1.0298E-05,  1.0298E-05,  1.0298E-05,  1.0298E-05,  1.0298E-05,  1.0298E-05,  1.0298E-05,  1.0298E-05,  8.5960E-02,  5.2479E-03,  2.3217E-05,  1.3124E-05,  3.4798E-05,  1.4379E-04,  3.5606E-05,  1.4304E-04,  2.5652E-06,  2.2115E-05,  3.9629E-06,  3.0070E-05,  4.8300E-06,  2.3204E-05,  8.4118E-07,  4.5780E-06,  8.6598E-07,  1.9367E-06,  1.3451E-06,  3.8902E-06,  6.2241E-07,  1.9231E-06,  9.6646E-07,  2.1252E-06,  1.5328E-06,  1.8229E-05,  1.1239E-07,  9.2139E-07,  9.8541E-11,  9.8541E-11,  9.8541E-11,  9.8541E-11,  9.8541E-11,  9.8541E-11,  9.8541E-11,  9.8541E-11,  9.8541E-11,  9.8541E-11,  9.8541E-11,  9.8541E-11,  9.8541E-11,  9.8541E-11,  9.8541E-11,  9.8541E-11,  9.8541E-11,  9.8541E-11,  9.8541E-11,  9.8541E-11,  9.8541E-11,  9.8541E-11,  9.8541E-11,  9.8541E-11,  9.8541E-11,  9.8541E-11,  9.8541E-11,  9.8541E-11,  9.8541E-11,  9.8541E-11,  9.8541E-11,  9.8541E-11,  9.8541E-11,  9.8541E-11,  9.8541E-11,  9.8541E-11,  9.8541E-11,  9.8541E-11,  9.8541E-11,  9.8541E-11,  9.8541E-11,  9.8541E-11,  9.8541E-11,  9.8541E-11,  9.8541E-11,  9.8541E-11,  9.8541E-11,  9.8541E-11,  9.8541E-11,  9.8541E-11,  9.8541E-11,  9.8541E-11,  9.8541E-11,  9.8541E-11,  9.8541E-11,  9.8541E-11,  9.8541E-11,  9.8541E-11,  9.8541E-11,  9.8541E-11,  9.8541E-11,  9.8541E-11,  9.8541E-11,  9.8541E-11
  6.3000E+03,  2.9853E+02,  1.7005E+01,  7.7365E-02,  3.8579E-02,  9.5863E-02,  4.6625E-01,  1.0483E-01,  4.7979E-01,  7.0721E-03,  7.1660E-02,  1.1618E-02,  1.0078E-01,  1.5110E-02,  8.0632E-02,  2.3995E-03,  1.5398E-02,  2.3999E-03,  5.6980E-03,  3.7246E-03,  1.2623E-02,  1.8242E-03,  5.4534E-03,  2.8214E-03,  6.4181E-03,  5.1087E-03,  6.5381E-02,  3.6447E-04,  3.3124E-03,  1.0219E-05,  1.0219E-05,  1.0219E-05,  1.0219E-05,  1.0219E-05,  1.0219E-05,  1.0219E-05,  1.0219E-05,  1.0219E-05,  1.0219E-05,  1.0219E-05,  1.0219E-05,  1.0219E-05,  1.0219E-05,  1.0219E-05,  1.0219E-05,  1.0219E-05,  1.0219E-05,  1.0219E-05,  1.0219E-05,  1.0219E-05,  1.0219E-05,  1.0219E-05,  1.0219E-05,  1.0219E-05,  1.0219E-05,  1.0219E-05,  1.0219E-05,  1.0219E-05,  1.0219E-05,  1.0219E-05,  1.0219E-05,  1.0219E-05,  1.0219E-05,  1.0219E-05,  1.0219E-05,  1.0219E-05,  1.0219E-05,  1.0219E-05,  1.0219E-05,  1.0219E-05,  1.0219E-05,  1.0219E-05,  1.0219E-05,  1.0219E-05,  1.0219E-05,  1.0219E-05,  1.0219E-05,  1.0219E-05,  1.0219E-05,  1.0219E-05,  1.0219E-05,  1.0219E-05,  1.0219E-05,  1.0219E-05,  1.0219E-05,  1.0219E-05,  1.0219E-05,  1.0219E-05,  1.0219E-05,  1.0219E-05,  1.0219E-05,  1.0219E-05,  1.0219E-05,  6.4417E-02,  3.8655E-03,  1.7179E-05,  9.5088E-06,  2.4895E-05,  1.0594E-04,  2.5795E-05,  1.0599E-04,  1.8354E-06,  1.6290E-05,  2.8675E-06,  2.2276E-05,  3.5357E-06,  1.7297E-05,  6.0597E-07,  3.3953E-06,  6.2070E-07,  1.4035E-06,  9.6376E-07,  2.8667E-06,  4.5039E-07,  1.3828E-06,  6.9851E-07,  1.5457E-06,  1.1340E-06,  1.3656E-05,  8.2841E-08,  6.9069E-07,  9.8541E-11,  9.8541E-11,  9.8541E-11,  9.8541E-11,  9.8541E-11,  9.8541E-11,  9.8541E-11,  9.8541E-11,  9.8541E-11,  9.8541E-11,  9.8541E-11,  9.8541E-11,  9.8541E-11,  9.8541E-11,  9.8541E-11,  9.8541E-11,  9.8541E-11,  9.8541E-11,  9.8541E-11,  9.8541E-11,  9.8541E-11,  9.8541E-11,  9.8541E-11,  9.8541E-11,  9.8541E-11,  9.8541E-11,  9.8541E-11,  9.8541E-11,  9.8541E-11,  9.8541E-11,  9.8541E-11,  9.8541E-11,  9.8541E-11,  9.8541E-11,  9.8541E-11,  9.8541E-11,  9.8541E-11,  9.8541E-11,  9.8541E-11,  9.8541E-11,  9.8541E-11,  9.8541E-11,  9.8541E-11,  9.8541E-11,  9.8541E-11,  9.8541E-11,  9.8541E-11,  9.8541E-11,  9.8541E-11,  9.8541E-11,  9.8541E-11,  9.8541E-11,  9.8541E-11,  9.8541E-11,  9.8541E-11,  9.8541E-11,  9.8541E-11,  9.8541E-11,  9.8541E-11,  9.8541E-11,  9.8541E-11,  9.8541E-11,  9.8541E-11,  9.8541E-11
  7.1000E+03,  2.5292E+02,  1.4285E+01,  6.5253E-02,  3.1930E-02,  7.8539E-02,  3.9169E-01,  8.6795E-02,  4.0502E-01,  5.7947E-03,  6.0194E-02,  9.6136E-03,  8.5064E-02,  1.2628E-02,  6.8402E-02,  1.9767E-03,  1.3002E-02,  1.9677E-03,  4.7166E-03,  3.0535E-03,  1.0605E-02,  1.5094E-03,  4.4891E-03,  2.3334E-03,  5.3355E-03,  4.3093E-03,  5.5707E-02,  3.0616E-04,  2.8230E-03,  1.0140E-05,  1.0140E-05,  1.0140E-05,  1.0140E-05,  1.0140E-05,  1.0140E-05,  1.0140E-05,  1.0140E-05,  1.0140E-05,  1.0140E-05,  1.0140E-05,  1.0140E-05,  1.0140E-05,  1.0140E-05,  1.0140E-05,  1.0140E-05,  1.0140E-05,  1.0140E-05,  1.0140E-05,  1.0140E-05,  1.0140E-05,  1.0140E-05,  1.0140E-05,  1.0140E-05,  1.0140E-05,  1.0140E-05,  1.0140E-05,  1.0140E-05,  1.0140E-05,  1.0140E-05,  1.0140E-05,  1.0140E-05,  1.0140E-05,  1.0140E-05,  1.0140E-05,  1.0140E-05,  1.0140E-05,  1.0140E-05,  1.0140E-05,  1.0140E-05,  1.0140E-05,  1.0140E-05,  1.0140E-05,  1.0140E-05,  1.0140E-05,  1.0140E-05,  1.0140E-05,  1.0140E-05,  1.0140E-05,  1.0140E-05,  1.0140E-05,  1.0140E-05,  1.0140E-05,  1.0140E-05,  1.0140E-05,  1.0140E-05,  1.0140E-05,  1.0140E-05,  1.0140E-05,  1.0140E-05,  1.0140E-05,  1.0140E-05,  1.0140E-05,  1.0140E-05,  4.9609E-02,  2.9358E-03,  1.3101E-05,  7.1129E-06,  1.8417E-05,  8.0470E-05,  1.9299E-05,  8.0924E-05,  1.3580E-06,  1.2372E-05,  2.1434E-06,  1.7006E-05,  2.6705E-06,  1.3278E-05,  4.5103E-07,  2.5941E-06,  4.5985E-07,  1.0501E-06,  7.1381E-07,  2.1780E-06,  3.3664E-07,  1.0279E-06,  5.2163E-07,  1.1608E-06,  8.6470E-07,  1.0530E-05,  6.2941E-08,  5.3283E-07,  9.8541E-11,  9.8541E-11,  9.8541E-11,  9.8541E-11,  9.8541E-11,  9.8541E-11,  9.8541E-11,  9.8541E-11,  9.8541E-11,  9.8541E-11,  9.8541E-11,  9.8541E-11,  9.8541E-11,  9.8541E-11,  9.8541E-11,  9.8541E-11,  9.8541E-11,  9.8541E-11,  9.8541E-11,  9.8541E-11,  9.8541E-11,  9.8541E-11,  9.8541E-11,  9.8541E-11,  9.8541E-11,  9.8541E-11,  9.8541E-11,  9.8541E-11,  9.8541E-11,  9.8541E-11,  9.8541E-11,  9.8541E-11,  9.8541E-11,  9.8541E-11,  9.8541E-11,  9.8541E-11,  9.8541E-11,  9.8541E-11,  9.8541E-11,  9.8541E-11,  9.8541E-11,  9.8541E-11,  9.8541E-11,  9.8541E-11,  9.8541E-11,  9.8541E-11,  9.8541E-11,  9.8541E-11,  9.8541E-11,  9.8541E-11,  9.8541E-11,  9.8541E-11,  9.8541E-11,  9.8541E-11,  9.8541E-11,  9.8541E-11,  9.8541E-11,  9.8541E-11,  9.8541E-11,  9.8541E-11,  9.8541E-11,  9.8541E-11,  9.8541E-11,  9.8541E-11
  8.0000E+03,  2.1350E+02,  1.1965E+01,  5.4883E-02,  2.6348E-02,  6.4152E-02,  3.2810E-01,  7.1646E-02,  3.4093E-01,  4.7338E-03,  5.0419E-02,  7.9318E-03,  7.1597E-02,  1.0523E-02,  5.7862E-02,  1.6235E-03,  1.0948E-02,  1.6083E-03,  3.8924E-03,  2.4957E-03,  8.8839E-03,  1.2453E-03,  3.6845E-03,  1.9242E-03,  4.4228E-03,  3.6248E-03,  4.7331E-02,  2.5642E-04,  2.3991E-03,  1.0051E-05,  1.0051E-05,  1.0051E-05,  1.0051E-05,  1.0051E-05,  1.0051E-05,  1.0051E-05,  1.0051E-05,  1.0051E-05,  1.0051E-05,  1.0051E-05,  1.0051E-05,  1.0051E-05,  1.0051E-05,  1.0051E-05,  1.0051E-05,  1.0051E-05,  1.0051E-05,  1.0051E-05,  1.0051E-05,  1.0051E-05,  1.0051E-05,  1.0051E-05,  1.0051E-05,  1.0051E-05,  1.0051E-05,  1.0051E-05,  1.0051E-05,  1.0051E-05,  1.0051E-05,  1.0051E-05,  1.0051E-05,  1.0051E-05,  1.0051E-05,  1.0051E-05,  1.0051E-05,  1.0051E-05,  1.0051E-05,  1.0051E-05,  1.0051E-05,  1.0051E-05,  1.0051E-05,  1.0051E-05,  1.0051E-05,  1.0051E-05,  1.0051E-05,  1.0051E-05,  1.0051E-05,  1.0051E-05,  1.0051E-05,  1.0051E-05,  1.0051E-05,  1.0051E-05,  1.0051E-05,  1.0051E-05,  1.0051E-05,  1.0051E-05,  1.0051E-05,  1.0051E-05,  1.0051E-05,  1.0051E-05,  1.0051E-05,  1.0051E-05,  1.0051E-05,  3.7977E-02,  2.2190E-03,  9.9431E-06,  5.2928E-06,  1.3554E-05,  6.0830E-05,  1.4365E-05,  6.1495E-05,  9.9953E-07,  9.3514E-06,  1.5940E-06,  1.2921E-05,  2.0071E-06,  1.0144E-05,  3.3394E-07,  1.9724E-06,  3.3881E-07,  7.8149E-07,  5.2584E-07,  1.6466E-06,  2.5034E-07,  7.6017E-07,  3.8761E-07,  8.6745E-07,  6.5633E-07,  8.0823E-06,  4.7584E-08,  4.0914E-07,  9.8541E-11,  9.8541E-11,  9.8541E-11,  9.8541E-11,  9.8541E-11,  9.8541E-11,  9.8541E-11,  9.8541E-11,  9.8541E-11,  9.8541E-11,  9.8541E-11,  9.8541E-11,  9.8541E-11,  9.8541E-11,  9.8541E-11,  9.8541E-11,  9.8541E-11,  9.8541E-11,  9.8541E-11,  9.8541E-11,  9.8541E-11,  9.8541E-11,  9.8541E-11,  9.8541E-11,  9.8541E-11,  9.8541E-11,  9.8541E-11,  9.8541E-11,  9.8541E-11,  9.8541E-11,  9.8541E-11,  9.8541E-11,  9.8541E-11,  9.8541E-11,  9.8541E-11,  9.8541E-11,  9.8541E-11,  9.8541E-11,  9.8541E-11,  9.8541E-11,  9.8541E-11,  9.8541E-11,  9.8541E-11,  9.8541E-11,  9.8541E-11,  9.8541E-11,  9.8541E-11,  9.8541E-11,  9.8541E-11,  9.8541E-11,  9.8541E-11,  9.8541E-11,  9.8541E-11,  9.8541E-11,  9.8541E-11,  9.8541E-11,  9.8541E-11,  9.8541E-11,  9.8541E-11,  9.8541E-11,  9.8541E-11,  9.8541E-11,  9.8541E-11,  9.8541E-11
  9.0000E+03,  1.8001E+02,  1.0018E+01,  4.6140E-02,  2.1733E-02,  5.2391E-02,  2.7471E-01,  5.9122E-02,  2.8683E-01,  3.8664E-03,  4.2211E-02,  6.5424E-03,  6.0231E-02,  8.7652E-03,  4.8917E-02,  1.3330E-03,  9.2122E-03,  1.3142E-03,  3.2110E-03,  2.0392E-03,  7.4385E-03,  1.0271E-03,  3.0234E-03,  1.5865E-03,  3.6651E-03,  3.0477E-03,  4.0190E-02,  2.1466E-04,  2.0376E-03,  9.9526E-06,  9.9526E-06,  9.9526E-06,  9.9526E-06,  9.9526E-06,  9.9526E-06,  9.9526E-06,  9.9526E-06,  9.9526E-06,  9.9526E-06,  9.9526E-06,  9.9526E-06,  9.9526E-06,  9.9526E-06,  9.9526E-06,  9.9526E-06,  9.9526E-06,  9.9526E-06,  9.9526E-06,  9.9526E-06,  9.9526E-06,  9.9526E-06,  9.9526E-06,  9.9526E-06,  9.9526E-06,  9.9526E-06,  9.9526E-06,  9.9526E-06,  9.9526E-06,  9.9526E-06,  9.9526E-06,  9.9526E-06,  9.9526E-06,  9.9526E-06,  9.9526E-06,  9.9526E-06,  9.9526E-06,  9.9526E-06,  9.9526E-06,  9.9526E-06,  9.9526E-06,  9.9526E-06,  9.9526E-06,  9.9526E-06,  9.9526E-06,  9.9526E-06,  9.9526E-06,  9.9526E-06,  9.9526E-06,  9.9526E-06,  9.9526E-06,  9.9526E-06,  9.9526E-06,  9.9526E-06,  9.9526E-06,  9.9526E-06,  9.9526E-06,  9.9526E-06,  9.9526E-06,  9.9526E-06,  9.9526E-06,  9.9526E-06,  9.9526E-06,  9.9526E-06,  2.9017E-02,  1.6762E-03,  7.5430E-06,  3.9355E-06,  9.9684E-06,  4.5955E-05,  1.0685E-05,  4.6702E-05,  7.3529E-07,  7.0639E-06,  1.1848E-06,  9.8114E-06,  1.5078E-06,  7.7454E-06,  2.4708E-07,  1.4985E-06,  2.4945E-07,  5.8118E-07,  3.8710E-07,  1.2441E-06,  1.8607E-07,  5.6189E-07,  2.8790E-07,  6.4791E-07,  4.9793E-07,  6.1998E-06,  3.5947E-08,  3.1397E-07,  9.8541E-11,  9.8541E-11,  9.8541E-11,  9.8541E-11,  9.8541E-11,  9.8541E-11,  9.8541E-11,  9.8541E-11,  9.8541E-11,  9.8541E-11,  9.8541E-11,  9.8541E-11,  9.8541E-11,  9.8541E-11,  9.8541E-11,  9.8541E-11,  9.8541E-11,  9.8541E-11,  9.8541E-11,  9.8541E-11,  9.8541E-11,  9.8541E-11,  9.8541E-11,  9.8541E-11,  9.8541E-11,  9.8541E-11,  9.8541E-11,  9.8541E-11,  9.8541E-11,  9.8541E-11,  9.8541E-11,  9.8541E-11,  9.8541E-11,  9.8541E-11,  9.8541E-11,  9.8541E-11,  9.8541E-11,  9.8541E-11,  9.8541E-11,  9.8541E-11,  9.8541E-11,  9.8541E-11,  9.8541E-11,  9.8541E-11,  9.8541E-11,  9.8541E-11,  9.8541E-11,  9.8541E-11,  9.8541E-11,  9.8541E-11,  9.8541E-11,  9.8541E-11,  9.8541E-11,  9.8541E-11,  9.8541E-11,  9.8541E-11,  9.8541E-11,  9.8541E-11,  9.8541E-11,  9.8541E-11,  9.8541E-11,  9.8541E-11,  9.8541E-11,  9.8541E-11
  1.0000E+04,  1.5415E+02,  8.5298E+00,  3.9434E-02,  1.8262E-02,  4.3635E-02,  2.3392E-01,  4.9696E-02,  2.4529E-01,  3.2206E-03,  3.5942E-02,  5.4975E-03,  5.1504E-02,  7.4299E-03,  4.2013E-02,  1.1155E-03,  7.8792E-03,  1.0950E-03,  2.6984E-03,  1.6991E-03,  6.3343E-03,  8.6299E-04,  2.5290E-03,  1.3326E-03,  3.0926E-03,  2.6050E-03,  3.4654E-02,  1.8275E-04,  1.7572E-03,  9.8541E-06,  9.8541E-06,  9.8541E-06,  9.8541E-06,  9.8541E-06,  9.8541E-06,  9.8541E-06,  9.8541E-06,  9.8541E-06,  9.8541E-06,  9.8541E-06,  9.8541E-06,  9.8541E-06,  9.8541E-06,  9.8541E-06,  9.8541E-06,  9.8541E-06,  9.8541E-06,  9.8541E-06,  9.8541E-06,  9.8541E-06,  9.8541E-06,  9.8541E-06,  9.8541E-06,  9.8541E-06,  9.8541E-06,  9.8541E-06,  9.8541E-06,  9.8541E-06,  9.8541E-06,  9.8541E-06,  9.8541E-06,  9.8541E-06,  9.8541E-06,  9.8541E-06,  9.8541E-06,  9.8541E-06,  9.8541E-06,  9.8541E-06,  9.8541E-06,  9.8541E-06,  9.8541E-06,  9.8541E-06,  9.8541E-06,  9.8541E-06,  9.8541E-06,  9.8541E-06,  9.8541E-06,  9.8541E-06,  9.8541E-06,  9.8541E-06,  9.8541E-06,  9.8541E-06,  9.8541E-06,  9.8541E-06,  9.8541E-06,  9.8541E-06,  9.8541E-06,  9.8541E-06,  9.8541E-06,  9.8541E-06,  9.8541E-06,  9.8541E-06,  9.8541E-06,  2.2704E-02,  1.2992E-03,  5.8695E-06,  3.0068E-06,  7.5420E-06,  3.5623E-05,  8.1663E-06,  3.6375E-05,  5.5637E-07,  5.4752E-06,  9.0502E-07,  7.6408E-06,  1.1628E-06,  6.0619E-06,  1.8793E-07,  1.1675E-06,  1.8887E-07,  4.4409E-07,  2.9308E-07,  9.6444E-07,  1.4212E-07,  4.2704E-07,  2.1979E-07,  4.9712E-07,  3.8749E-07,  4.8730E-06,  2.7862E-08,  2.4684E-07,  9.8541E-11,  9.8541E-11,  9.8541E-11,  9.8541E-11,  9.8541E-11,  9.8541E-11,  9.8541E-11,  9.8541E-11,  9.8541E-11,  9.8541E-11,  9.8541E-11,  9.8541E-11,  9.8541E-11,  9.8541E-11,  9.8541E-11,  9.8541E-11,  9.8541E-11,  9.8541E-11,  9.8541E-11,  9.8541E-11,  9.8541E-11,  9.8541E-11,  9.8541E-11,  9.8541E-11,  9.8541E-11,  9.8541E-11,  9.8541E-11,  9.8541E-11,  9.8541E-11,  9.8541E-11,  9.8541E-11,  9.8541E-11,  9.8541E-11,  9.8541E-11,  9.8541E-11,  9.8541E-11,  9.8541E-11,  9.8541E-11,  9.8541E-11,  9.8541E-11,  9.8541E-11,  9.8541E-11,  9.8541E-11,  9.8541E-11,  9.8541E-11,  9.8541E-11,  9.8541E-11,  9.8541E-11,  9.8541E-11,  9.8541E-11,  9.8541E-11,  9.8541E-11,  9.8541E-11,  9.8541E-11,  9.8541E-11,  9.8541E-11,  9.8541E-11,  9.8541E-11,  9.8541E-11,  9.8541E-11,  9.8541E-11,  9.8541E-11,  9.8541E-11,  9.8541E-11
  1.1000E+04,  1.3373E+02,  7.3657E+00,  3.4166E-02,  1.5584E-02,  3.6943E-02,  2.0200E-01,  4.2420E-02,  2.1264E-01,  2.7268E-03,  3.1036E-02,  4.6913E-03,  4.4645E-02,  6.3901E-03,  3.6560E-02,  9.4835E-04,  6.8309E-03,  9.2736E-04,  2.3028E-03,  1.4390E-03,  5.4701E-03,  7.3640E-04,  2.1493E-03,  1.1369E-03,  2.6489E-03,  2.2572E-03,  3.0263E-02,  1.5779E-04,  1.5347E-03,  9.7556E-06,  9.7556E-06,  9.7556E-06,  9.7556E-06,  9.7556E-06,  9.7556E-06,  9.7556E-06,  9.7556E-06,  9.7556E-06,  9.7556E-06,  9.7556E-06,  9.7556E-06,  9.7556E-06,  9.7556E-06,  9.7556E-06,  9.7556E-06,  9.7556E-06,  9.7556E-06,  9.7556E-06,  9.7556E-06,  9.7556E-06,  9.7556E-06,  9.7556E-06,  9.7556E-06,  9.7556E-06,  9.7556E-06,  9.7556E-06,  9.7556E-06,  9.7556E-06,  9.7556E-06,  9.7556E-06,  9.7556E-06,  9.7556E-06,  9.7556E-06,  9.7556E-06,  9.7556E-06,  9.7556E-06,  9.7556E-06,  9.7556E-06,  9.7556E-06,  9.7556E-06,  9.7556E-06,  9.7556E-06,  9.7556E-06,  9.7556E-06,  9.7556E-06,  9.7556E-06,  9.7556E-06,  9.7556E-06,  9.7556E-06,  9.7556E-06,  9.7556E-06,  9.7556E-06,  9.7556E-06,  9.7556E-06,  9.7556E-06,  9.7556E-06,  9.7556E-06,  9.7556E-06,  9.7556E-06,  9.7556E-06,  9.7556E-06,  9.7556E-06,  9.7556E-06,  1.8125E-02,  1.0291E-03,  4.6657E-06,  2.3502E-06,  5.8431E-06,  2.8217E-05,  6.3854E-06,  2.8938E-05,  4.3110E-07,  4.3366E-06,  7.0733E-07,  6.0781E-06,  9.1679E-07,  4.8439E-06,  1.4630E-07,  9.2903E-07,  1.4641E-07,  3.4716E-07,  2.2718E-07,  7.6398E-07,  1.1107E-07,  3.3223E-07,  1.7169E-07,  3.9011E-07,  3.0805E-07,  3.9092E-06,  2.2066E-08,  1.9807E-07,  9.8541E-11,  9.8541E-11,  9.8541E-11,  9.8541E-11,  9.8541E-11,  9.8541E-11,  9.8541E-11,  9.8541E-11,  9.8541E-11,  9.8541E-11,  9.8541E-11,  9.8541E-11,  9.8541E-11,  9.8541E-11,  9.8541E-11,  9.8541E-11,  9.8541E-11,  9.8541E-11,  9.8541E-11,  9.8541E-11,  9.8541E-11,  9.8541E-11,  9.8541E-11,  9.8541E-11,  9.8541E-11,  9.8541E-11,  9.8541E-11,  9.8541E-11,  9.8541E-11,  9.8541E-11,  9.8541E-11,  9.8541E-11,  9.8541E-11,  9.8541E-11,  9.8541E-11,  9.8541E-11,  9.8541E-11,  9.8541E-11,  9.8541E-11,  9.8541E-11,  9.8541E-11,  9.8541E-11,  9.8541E-11,  9.8541E-11,  9.8541E-11,  9.8541E-11,  9.8541E-11,  9.8541E-11,  9.8541E-11,  9.8541E-11,  9.8541E-11,  9.8541E-11,  9.8541E-11,  9.8541E-11,  9.8541E-11,  9.8541E-11,  9.8541E-11,  9.8541E-11,  9.8541E-11,  9.8541E-11,  9.8541E-11,  9.8541E-11,  9.8541E-11,  9.8541E-11
  1.2000E+04,  1.1731E+02,  6.4360E+00,  2.9945E-02,  1.3472E-02,  3.1711E-02,  1.7651E-01,  3.6682E-02,  1.8645E-01,  2.3408E-03,  2.7118E-02,  4.0558E-03,  3.9144E-02,  5.5634E-03,  3.2169E-02,  8.1712E-04,  5.9900E-03,  7.9625E-04,  1.9908E-03,  1.2356E-03,  4.7798E-03,  6.3660E-04,  1.8514E-03,  9.8262E-04,  2.2978E-03,  1.9785E-03,  2.6713E-02,  1.3786E-04,  1.3548E-03,  9.6570E-06,  9.6570E-06,  9.6570E-06,  9.6570E-06,  9.6570E-06,  9.6570E-06,  9.6570E-06,  9.6570E-06,  9.6570E-06,  9.6570E-06,  9.6570E-06,  9.6570E-06,  9.6570E-06,  9.6570E-06,  9.6570E-06,  9.6570E-06,  9.6570E-06,  9.6570E-06,  9.6570E-06,  9.6570E-06,  9.6570E-06,  9.6570E-06,  9.6570E-06,  9.6570E-06,  9.6570E-06,  9.6570E-06,  9.6570E-06,  9.6570E-06,  9.6570E-06,  9.6570E-06,  9.6570E-06,  9.6570E-06,  9.6570E-06,  9.6570E-06,  9.6570E-06,  9.6570E-06,  9.6570E-06,  9.6570E-06,  9.6570E-06,  9.6570E-06,  9.6570E-06,  9.6570E-06,  9.6570E-06,  9.6570E-06,  9.6570E-06,  9.6570E-06,  9.6570E-06,  9.6570E-06,  9.6570E-06,  9.6570E-06,  9.6570E-06,  9.6570E-06,  9.6570E-06,  9.6570E-06,  9.6570E-06,  9.6570E-06,  9.6570E-06,  9.6570E-06,  9.6570E-06,  9.6570E-06,  9.6570E-06,  9.6570E-06,  9.6570E-06,  9.6570E-06,  1.4721E-02,  8.3028E-04,  3.7770E-06,  1.8733E-06,  4.6197E-06,  2.2768E-05,  5.0913E-06,  2.3443E-05,  3.4087E-07,  3.4989E-06,  5.6376E-07,  4.9235E-06,  7.3659E-07,  3.9400E-06,  1.1617E-07,  7.5274E-07,  1.1581E-07,  2.7673E-07,  1.7970E-07,  6.1646E-07,  8.8519E-08,  2.6368E-07,  1.3679E-07,  3.1211E-07,  2.4940E-07,  3.1912E-06,  1.7802E-08,  1.6172E-07,  9.8541E-11,  9.8541E-11,  9.8541E-11,  9.8541E-11,  9.8541E-11,  9.8541E-11,  9.8541E-11,  9.8541E-11,  9.8541E-11,  9.8541E-11,  9.8541E-11,  9.8541E-11,  9.8541E-11,  9.8541E-11,  9.8541E-11,  9.8541E-11,  9.8541E-11,  9.8541E-11,  9.8541E-11,  9.8541E-11,  9.8541E-11,  9.8541E-11,  9.8541E-11,  9.8541E-11,  9.8541E-11,  9.8541E-11,  9.8541E-11,  9.8541E-11,  9.8541E-11,  9.8541E-11,  9.8541E-11,  9.8541E-11,  9.8541E-11,  9.8541E-11,  9.8541E-11,  9.8541E-11,  9.8541E-11,  9.8541E-11,  9.8541E-11,  9.8541E-11,  9.8541E-11,  9.8541E-11,  9.8541E-11,  9.8541E-11,  9.8541E-11,  9.8541E-11,  9.8541E-11,  9.8541E-11,  9.8541E-11,  9.8541E-11,  9.8541E-11,  9.8541E-11,  9.8541E-11,  9.8541E-11,  9.8541E-11,  9.8541E-11,  9.8541E-11,  9.8541E-11,  9.8541E-11,  9.8541E-11,  9.8541E-11,  9.8541E-11,  9.8541E-11,  9.8541E-11
  1.4000E+04,  9.2464E+01,  5.0408E+00,  2.3583E-02,  1.0352E-02,  2.4062E-02,  1.3825E-01,  2.8199E-02,  1.4694E-01,  1.7764E-03,  2.1238E-02,  3.1169E-03,  3.0847E-02,  4.3296E-03,  2.5509E-02,  6.2416E-04,  4.7212E-03,  6.0442E-04,  1.5299E-03,  9.3790E-04,  3.7439E-03,  4.8919E-04,  1.4135E-03,  7.5486E-04,  1.7766E-03,  1.5584E-03,  2.1305E-02,  1.0795E-04,  1.0807E-03,  9.4599E-06,  9.4599E-06,  9.4599E-06,  9.4599E-06,  9.4599E-06,  9.4599E-06,  9.4599E-06,  9.4599E-06,  9.4599E-06,  9.4599E-06,  9.4599E-06,  9.4599E-06,  9.4599E-06,  9.4599E-06,  9.4599E-06,  9.4599E-06,  9.4599E-06,  9.4599E-06,  9.4599E-06,  9.4599E-06,  9.4599E-06,  9.4599E-06,  9.4599E-06,  9.4599E-06,  9.4599E-06,  9.4599E-06,  9.4599E-06,  9.4599E-06,  9.4599E-06,  9.4599E-06,  9.4599E-06,  9.4599E-06,  9.4599E-06,  9.4599E-06,  9.4599E-06,  9.4599E-06,  9.4599E-06,  9.4599E-06,  9.4599E-06,  9.4599E-06,  9.4599E-06,  9.4599E-06,  9.4599E-06,  9.4599E-06,  9.4599E-06,  9.4599E-06,  9.4599E-06,  9.4599E-06,  9.4599E-06,  9.4599E-06,  9.4599E-06,  9.4599E-06,  9.4599E-06,  9.4599E-06,  9.4599E-06,  9.4599E-06,  9.4599E-06,  9.4599E-06,  9.4599E-06,  9.4599E-06,  9.4599E-06,  9.4599E-06,  9.4599E-06,  9.4599E-06,  1.0124E-02,  5.6493E-04,  2.5847E-06,  1.2465E-06,  3.0300E-06,  1.5493E-05,  3.3912E-06,  1.6067E-05,  2.2360E-07,  2.3806E-06,  3.7513E-07,  3.3738E-06,  4.9725E-07,  2.7198E-06,  7.6786E-08,  5.1602E-07,  7.6017E-08,  1.8417E-07,  1.1797E-07,  4.1950E-07,  5.8896E-08,  1.7416E-07,  9.0967E-08,  2.0910E-07,  1.7069E-07,  2.2166E-06,  1.2105E-08,  1.1236E-07,  9.8541E-11,  9.8541E-11,  9.8541E-11,  9.8541E-11,  9.8541E-11,  9.8541E-11,  9.8541E-11,  9.8541E-11,  9.8541E-11,  9.8541E-11,  9.8541E-11,  9.8541E-11,  9.8541E-11,  9.8541E-11,  9.8541E-11,  9.8541E-11,  9.8541E-11,  9.8541E-11,  9.8541E-11,  9.8541E-11,  9.8541E-11,  9.8541E-11,  9.8541E-11,  9.8541E-11,  9.8541E-11,  9.8541E-11,  9.8541E-11,  9.8541E-11,  9.8541E-11,  9.8541E-11,  9.8541E-11,  9.8541E-11,  9.8541E-11,  9.8541E-11,  9.8541E-11,  9.8541E-11,  9.8541E-11,  9.8541E-11,  9.8541E-11,  9.8541E-11,  9.8541E-11,  9.8541E-11,  9.8541E-11,  9.8541E-11,  9.8541E-11,  9.8541E-11,  9.8541E-11,  9.8541E-11,  9.8541E-11,  9.8541E-11,  9.8541E-11,  9.8541E-11,  9.8541E-11,  9.8541E-11,  9.8541E-11,  9.8541E-11,  9.8541E-11,  9.8541E-11,  9.8541E-11,  9.8541E-11,  9.8541E-11,  9.8541E-11,  9.8541E-11,  9.8541E-11
  1.6000E+04,  7.5059E+01,  4.0730E+00,  1.9145E-02,  8.2332E-03,  1.8938E-02,  1.1171E-01,  2.2435E-02,  1.1934E-01,  1.3982E-03,  1.7160E-02,  2.4792E-03,  2.5052E-02,  3.4799E-03,  2.0825E-02,  4.9395E-04,  3.8348E-03,  4.7584E-04,  1.2169E-03,  7.3838E-04,  3.0252E-03,  3.8908E-04,  1.1183E-03,  6.0026E-04,  1.4203E-03,  1.2652E-03,  1.7478E-02,  8.7208E-05,  8.8668E-04,  9.2629E-06,  9.2629E-06,  9.2629E-06,  9.2629E-06,  9.2629E-06,  9.2629E-06,  9.2629E-06,  9.2629E-06,  9.2629E-06,  9.2629E-06,  9.2629E-06,  9.2629E-06,  9.2629E-06,  9.2629E-06,  9.2629E-06,  9.2629E-06,  9.2629E-06,  9.2629E-06,  9.2629E-06,  9.2629E-06,  9.2629E-06,  9.2629E-06,  9.2629E-06,  9.2629E-06,  9.2629E-06,  9.2629E-06,  9.2629E-06,  9.2629E-06,  9.2629E-06,  9.2629E-06,  9.2629E-06,  9.2629E-06,  9.2629E-06,  9.2629E-06,  9.2629E-06,  9.2629E-06,  9.2629E-06,  9.2629E-06,  9.2629E-06,  9.2629E-06,  9.2629E-06,  9.2629E-06,  9.2629E-06,  9.2629E-06,  9.2629E-06,  9.2629E-06,  9.2629E-06,  9.2629E-06,  9.2629E-06,  9.2629E-06,  9.2629E-06,  9.2629E-06,  9.2629E-06,  9.2629E-06,  9.2629E-06,  9.2629E-06,  9.2629E-06,  9.2629E-06,  9.2629E-06,  9.2629E-06,  9.2629E-06,  9.2629E-06,  9.2629E-06,  9.2629E-06,  7.2810E-03,  4.0286E-04,  1.8539E-06,  8.7236E-07,  2.0940E-06,  1.1048E-05,  2.3736E-06,  1.1529E-05,  1.5455E-07,  1.6975E-06,  2.6256E-07,  2.4209E-06,  3.5243E-07,  1.9641E-06,  5.3424E-08,  3.7038E-07,  5.2562E-08,  1.2890E-07,  8.1555E-08,  2.9918E-07,  4.1216E-08,  1.2109E-07,  6.3637E-08,  1.4723E-07,  1.2246E-07,  1.6107E-06,  8.6337E-09,  8.1669E-08,  9.8541E-11,  9.8541E-11,  9.8541E-11,  9.8541E-11,  9.8541E-11,  9.8541E-11,  9.8541E-11,  9.8541E-11,  9.8541E-11,  9.8541E-11,  9.8541E-11,  9.8541E-11,  9.8541E-11,  9.8541E-11,  9.8541E-11,  9.8541E-11,  9.8541E-11,  9.8541E-11,  9.8541E-11,  9.8541E-11,  9.8541E-11,  9.8541E-11,  9.8541E-11,  9.8541E-11,  9.8541E-11,  9.8541E-11,  9.8541E-11,  9.8541E-11,  9.8541E-11,  9.8541E-11,  9.8541E-11,  9.8541E-11,  9.8541E-11,  9.8541E-11,  9.8541E-11,  9.8541E-11,  9.8541E-11,  9.8541E-11,  9.8541E-11,  9.8541E-11,  9.8541E-11,  9.8541E-11,  9.8541E-11,  9.8541E-11,  9.8541E-11,  9.8541E-11,  9.8541E-11,  9.8541E-11,  9.8541E-11,  9.8541E-11,  9.8541E-11,  9.8541E-11,  9.8541E-11,  9.8541E-11,  9.8541E-11,  9.8541E-11,  9.8541E-11,  9.8541E-11,  9.8541E-11,  9.8541E-11,  9.8541E-11,  9.8541E-11,  9.8541E-11,  9.8541E-11
  1.8000E+04,  6.2353E+01,  3.3719E+00,  1.5911E-02,  6.7259E-03,  1.5336E-02,  9.2479E-02,  1.8333E-02,  9.9228E-02,  1.1324E-03,  1.4206E-02,  2.0255E-03,  2.0829E-02,  2.8680E-03,  1.7390E-02,  4.0184E-04,  3.1887E-03,  3.8543E-04,  9.9412E-04,  5.9810E-04,  2.5045E-03,  3.1786E-04,  9.0954E-04,  4.9031E-04,  1.1653E-03,  1.0517E-03,  1.4655E-02,  7.2183E-05,  7.4354E-04,  9.0658E-06,  9.0658E-06,  9.0658E-06,  9.0658E-06,  9.0658E-06,  9.0658E-06,  9.0658E-06,  9.0658E-06,  9.0658E-06,  9.0658E-06,  9.0658E-06,  9.0658E-06,  9.0658E-06,  9.0658E-06,  9.0658E-06,  9.0658E-06,  9.0658E-06,  9.0658E-06,  9.0658E-06,  9.0658E-06,  9.0658E-06,  9.0658E-06,  9.0658E-06,  9.0658E-06,  9.0658E-06,  9.0658E-06,  9.0658E-06,  9.0658E-06,  9.0658E-06,  9.0658E-06,  9.0658E-06,  9.0658E-06,  9.0658E-06,  9.0658E-06,  9.0658E-06,  9.0658E-06,  9.0658E-06,  9.0658E-06,  9.0658E-06,  9.0658E-06,  9.0658E-06,  9.0658E-06,  9.0658E-06,  9.0658E-06,  9.0658E-06,  9.0658E-06,  9.0658E-06,  9.0658E-06,  9.0658E-06,  9.0658E-06,  9.0658E-06,  9.0658E-06,  9.0658E-06,  9.0658E-06,  9.0658E-06,  9.0658E-06,  9.0658E-06,  9.0658E-06,  9.0658E-06,  9.0658E-06,  9.0658E-06,  9.0658E-06,  9.0658E-06,  9.0658E-06,  5.4255E-03,  2.9828E-04,  1.3793E-06,  6.3497E-07,  1.5073E-06,  8.1803E-06,  1.7284E-06,  8.5844E-06,  1.1126E-07,  1.2568E-06,  1.9113E-07,  1.8023E-06,  2.5943E-07,  1.4706E-06,  3.8682E-08,  2.7580E-07,  3.7850E-08,  9.3832E-08,  5.8728E-08,  2.2152E-07,  3.0001E-08,  8.7642E-08,  4.6307E-08,  1.0775E-07,  9.1121E-08,  1.2122E-06,  6.3909E-09,  6.1476E-08,  9.8541E-11,  9.8541E-11,  9.8541E-11,  9.8541E-11,  9.8541E-11,  9.8541E-11,  9.8541E-11,  9.8541E-11,  9.8541E-11,  9.8541E-11,  9.8541E-11,  9.8541E-11,  9.8541E-11,  9.8541E-11,  9.8541E-11,  9.8541E-11,  9.8541E-11,  9.8541E-11,  9.8541E-11,  9.8541E-11,  9.8541E-11,  9.8541E-11,  9.8541E-11,  9.8541E-11,  9.8541E-11,  9.8541E-11,  9.8541E-11,  9.8541E-11,  9.8541E-11,  9.8541E-11,  9.8541E-11,  9.8541E-11,  9.8541E-11,  9.8541E-11,  9.8541E-11,  9.8541E-11,  9.8541E-11,  9.8541E-11,  9.8541E-11,  9.8541E-11,  9.8541E-11,  9.8541E-11,  9.8541E-11,  9.8541E-11,  9.8541E-11,  9.8541E-11,  9.8541E-11,  9.8541E-11,  9.8541E-11,  9.8541E-11,  9.8541E-11,  9.8541E-11,  9.8541E-11,  9.8541E-11,  9.8541E-11,  9.8541E-11,  9.8541E-11,  9.8541E-11,  9.8541E-11,  9.8541E-11,  9.8541E-11,  9.8541E-11,  9.8541E-11,  9.8541E-11
  2.0000E+04,  5.2768E+01,  2.8461E+00,  1.3475E-02,  5.6140E-03,  1.2708E-02,  7.8060E-02,  1.5305E-02,  8.4064E-02,  9.3840E-04,  1.1991E-02,  1.6908E-03,  1.7645E-02,  2.4117E-03,  1.4787E-02,  3.3425E-04,  2.7014E-03,  3.1943E-04,  8.2981E-04,  4.9569E-04,  2.1140E-03,  2.6532E-04,  7.5641E-04,  4.0923E-04,  9.7624E-04,  8.9073E-04,  1.2504E-02,  6.0920E-05,  6.3447E-04,  8.8687E-06,  8.8687E-06,  8.8687E-06,  8.8687E-06,  8.8687E-06,  8.8687E-06,  8.8687E-06,  8.8687E-06,  8.8687E-06,  8.8687E-06,  8.8687E-06,  8.8687E-06,  8.8687E-06,  8.8687E-06,  8.8687E-06,  8.8687E-06,  8.8687E-06,  8.8687E-06,  8.8687E-06,  8.8687E-06,  8.8687E-06,  8.8687E-06,  8.8687E-06,  8.8687E-06,  8.8687E-06,  8.8687E-06,  8.8687E-06,  8.8687E-06,  8.8687E-06,  8.8687E-06,  8.8687E-06,  8.8687E-06,  8.8687E-06,  8.8687E-06,  8.8687E-06,  8.8687E-06,  8.8687E-06,  8.8687E-06,  8.8687E-06,  8.8687E-06,  8.8687E-06,  8.8687E-06,  8.8687E-06,  8.8687E-06,  8.8687E-06,  8.8687E-06,  8.8687E-06,  8.8687E-06,  8.8687E-06,  8.8687E-06,  8.8687E-06,  8.8687E-06,  8.8687E-06,  8.8687E-06,  8.8687E-06,  8.8687E-06,  8.8687E-06,  8.8687E-06,  8.8687E-06,  8.8687E-06,  8.8687E-06,  8.8687E-06,  8.8687E-06,  8.8687E-06,  4.1595E-03,  2.2749E-04,  1.0566E-06,  4.7690E-07,  1.1208E-06,  6.2391E-06,  1.2987E-06,  6.5802E-06,  8.2740E-08,  9.5851E-07,  1.4357E-07,  1.3815E-06,  1.9684E-07,  1.1329E-06,  2.8916E-08,  2.1142E-07,  2.8153E-08,  7.0478E-08,  4.3683E-08,  1.6896E-07,  2.2533E-08,  6.5490E-08,  3.4773E-08,  8.1327E-08,  6.9813E-08,  9.3828E-07,  4.8731E-09,  4.7590E-08,  9.8541E-11,  9.8541E-11,  9.8541E-11,  9.8541E-11,  9.8541E-11,  9.8541E-11,  9.8541E-11,  9.8541E-11,  9.8541E-11,  9.8541E-11,  9.8541E-11,  9.8541E-11,  9.8541E-11,  9.8541E-11,  9.8541E-11,  9.8541E-11,  9.8541E-11,  9.8541E-11,  9.8541E-11,  9.8541E-11,  9.8541E-11,  9.8541E-11,  9.8541E-11,  9.8541E-11,  9.8541E-11,  9.8541E-11,  9.8541E-11,  9.8541E-11,  9.8541E-11,  9.8541E-11,  9.8541E-11,  9.8541E-11,  9.8541E-11,  9.8541E-11,  9.8541E-11,  9.8541E-11,  9.8541E-11,  9.8541E-11,  9.8541E-11,  9.8541E-11,  9.8541E-11,  9.8541E-11,  9.8541E-11,  9.8541E-11,  9.8541E-11,  9.8541E-11,  9.8541E-11,  9.8541E-11,  9.8541E-11,  9.8541E-11,  9.8541E-11,  9.8541E-11,  9.8541E-11,  9.8541E-11,  9.8541E-11,  9.8541E-11,  9.8541E-11,  9.8541E-11,  9.8541E-11,  9.8541E-11,  9.8541E-11,  9.8541E-11,  9.8541E-11,  9.8541E-11
  3.0000E+04,  2.4636E+01,  1.3138E+00,  6.3256E-03,  2.4497E-03,  5.3416E-03,  3.6034E-02,  6.6855E-03,  3.9516E-02,  3.9451E-04,  5.5345E-03,  7.3813E-04,  8.2931E-03,  1.0927E-03,  7.0769E-03,  1.4325E-04,  1.2700E-03,  1.3434E-04,  3.6215E-04,  2.0849E-04,  9.7589E-04,  1.1580E-04,  3.2394E-04,  1.7853E-04,  4.3400E-04,  4.1827E-04,  6.0877E-03,  2.8102E-05,  3.0898E-04,  7.8833E-06,  7.8833E-06,  7.8833E-06,  7.8833E-06,  7.8833E-06,  7.8833E-06,  7.8833E-06,  7.8833E-06,  7.8833E-06,  7.8833E-06,  7.8833E-06,  7.8833E-06,  7.8833E-06,  7.8833E-06,  7.8833E-06,  7.8833E-06,  7.8833E-06,  7.8833E-06,  7.8833E-06,  7.8833E-06,  7.8833E-06,  7.8833E-06,  7.8833E-06,  7.8833E-06,  7.8833E-06,  7.8833E-06,  7.8833E-06,  7.8833E-06,  7.8833E-06,  7.8833E-06,  7.8833E-06,  7.8833E-06,  7.8833E-06,  7.8833E-06,  7.8833E-06,  7.8833E-06,  7.8833E-06,  7.8833E-06,  7.8833E-06,  7.8833E-06,  7.8833E-06,  7.8833E-06,  7.8833E-06,  7.8833E-06,  7.8833E-06,  7.8833E-06,  7.8833E-06,  7.8833E-06,  7.8833E-06,  7.8833E-06,  7.8833E-06,  7.8833E-06,  7.8833E-06,  7.8833E-06,  7.8833E-06,  7.8833E-06,  7.8833E-06,  7.8833E-06,  7.8833E-06,  7.8833E-06,  7.8833E-06,  7.8833E-06,  7.8833E-06,  7.8833E-06,  1.4667E-03,  7.8975E-05,  3.7335E-07,  1.5597E-07,  3.5259E-07,  2.1661E-06,  4.2530E-07,  2.3295E-06,  2.6037E-08,  3.3272E-07,  4.6977E-08,  4.8895E-07,  6.6979E-08,  4.0900E-07,  9.2832E-09,  7.4863E-08,  8.8642E-09,  2.3055E-08,  1.3756E-08,  5.8662E-08,  7.3713E-09,  2.1004E-08,  1.1368E-08,  2.7121E-08,  2.4679E-08,  3.4504E-07,  1.6904E-09,  1.7508E-08,  9.8541E-11,  9.8541E-11,  9.8541E-11,  9.8541E-11,  9.8541E-11,  9.8541E-11,  9.8541E-11,  9.8541E-11,  9.8541E-11,  9.8541E-11,  9.8541E-11,  9.8541E-11,  9.8541E-11,  9.8541E-11,  9.8541E-11,  9.8541E-11,  9.8541E-11,  9.8541E-11,  9.8541E-11,  9.8541E-11,  9.8541E-11,  9.8541E-11,  9.8541E-11,  9.8541E-11,  9.8541E-11,  9.8541E-11,  9.8541E-11,  9.8541E-11,  9.8541E-11,  9.8541E-11,  9.8541E-11,  9.8541E-11,  9.8541E-11,  9.8541E-11,  9.8541E-11,  9.8541E-11,  9.8541E-11,  9.8541E-11,  9.8541E-11,  9.8541E-11,  9.8541E-11,  9.8541E-11,  9.8541E-11,  9.8541E-11,  9.8541E-11,  9.8541E-11,  9.8541E-11,  9.8541E-11,  9.8541E-11,  9.8541E-11,  9.8541E-11,  9.8541E-11,  9.8541E-11,  9.8541E-11,  9.8541E-11,  9.8541E-11,  9.8541E-11,  9.8541E-11,  9.8541E-11,  9.8541E-11,  9.8541E-11,  9.8541E-11,  9.8541E-11,  9.8541E-11
  4.0000E+04,  1.3851E+01,  7.3460E-01,  3.5762E-03,  1.3210E-03,  2.8118E-03,  2.0149E-02,  3.6073E-03,  2.2355E-02,  2.0769E-04,  3.0945E-03,  3.9816E-04,  4.6914E-03,  6.0368E-04,  4.0503E-03,  7.6351E-05,  7.1851E-04,  7.0734E-05,  1.9531E-04,  1.0978E-04,  5.4568E-04,  6.2459E-05,  1.7260E-04,  9.6271E-05,  2.3689E-04,  2.3651E-04,  3.5232E-03,  1.5708E-05,  1.7884E-04,  6.8979E-06,  6.8979E-06,  6.8979E-06,  6.8979E-06,  6.8979E-06,  6.8979E-06,  6.8979E-06,  6.8979E-06,  6.8979E-06,  6.8979E-06,  6.8979E-06,  6.8979E-06,  6.8979E-06,  6.8979E-06,  6.8979E-06,  6.8979E-06,  6.8979E-06,  6.8979E-06,  6.8979E-06,  6.8979E-06,  6.8979E-06,  6.8979E-06,  6.8979E-06,  6.8979E-06,  6.8979E-06,  6.8979E-06,  6.8979E-06,  6.8979E-06,  6.8979E-06,  6.8979E-06,  6.8979E-06,  6.8979E-06,  6.8979E-06,  6.8979E-06,  6.8979E-06,  6.8979E-06,  6.8979E-06,  6.8979E-06,  6.8979E-06,  6.8979E-06,  6.8979E-06,  6.8979E-06,  6.8979E-06,  6.8979E-06,  6.8979E-06,  6.8979E-06,  6.8979E-06,  6.8979E-06,  6.8979E-06,  6.8979E-06,  6.8979E-06,  6.8979E-06,  6.8979E-06,  6.8979E-06,  6.8979E-06,  6.8979E-06,  6.8979E-06,  6.8979E-06,  6.8979E-06,  6.8979E-06,  6.8979E-06,  6.8979E-06,  6.8979E-06,  6.8979E-06,  6.9030E-04,  3.6860E-05,  1.7653E-07,  6.9754E-08,  1.5337E-07,  1.0110E-06,  1.9035E-07,  1.1026E-06,  1.1327E-08,  1.5528E-07,  2.1017E-08,  2.3141E-07,  3.0818E-08,  1.9632E-07,  4.0963E-09,  3.5437E-08,  3.8570E-09,  1.0312E-08,  5.9859E-09,  2.7380E-08,  3.2973E-09,  9.2636E-09,  5.0835E-09,  1.2301E-08,  1.1672E-08,  1.6786E-07,  7.8854E-10,  8.5196E-09,  9.8541E-11,  9.8541E-11,  9.8541E-11,  9.8541E-11,  9.8541E-11,  9.8541E-11,  9.8541E-11,  9.8541E-11,  9.8541E-11,  9.8541E-11,  9.8541E-11,  9.8541E-11,  9.8541E-11,  9.8541E-11,  9.8541E-11,  9.8541E-11,  9.8541E-11,  9.8541E-11,  9.8541E-11,  9.8541E-11,  9.8541E-11,  9.8541E-11,  9.8541E-11,  9.8541E-11,  9.8541E-11,  9.8541E-11,  9.8541E-11,  9.8541E-11,  9.8541E-11,  9.8541E-11,  9.8541E-11,  9.8541E-11,  9.8541E-11,  9.8541E-11,  9.8541E-11,  9.8541E-11,  9.8541E-11,  9.8541E-11,  9.8541E-11,  9.8541E-11,  9.8541E-11,  9.8541E-11,  9.8541E-11,  9.8541E-11,  9.8541E-11,  9.8541E-11,  9.8541E-11,  9.8541E-11,  9.8541E-11,  9.8541E-11,  9.8541E-11,  9.8541E-11,  9.8541E-11,  9.8541E-11,  9.8541E-11,  9.8541E-11,  9.8541E-11,  9.8541E-11,  9.8541E-11,  9.8541E-11,  9.8541E-11,  9.8541E-11,  9.8541E-11,  9.8541E-11
  5.0000E+04,  8.4882E+00,  4.4876E-01,  2.2022E-03,  7.8640E-04,  1.6451E-03,  1.2309E-02,  2.1481E-03,  1.3772E-02,  1.2152E-04,  1.8903E-03,  2.3706E-04,  2.8899E-03,  3.6563E-04,  2.5159E-03,  4.5070E-05,  4.4264E-04,  4.1391E-05,  1.1627E-04,  6.4243E-05,  3.3336E-04,  3.7185E-05,  1.0187E-04,  5.7309E-05,  1.4224E-04,  1.4566E-04,  2.2062E-03,  9.5937E-06,  1.1199E-04,  5.9125E-06,  5.9125E-06,  5.9125E-06,  5.9125E-06,  5.9125E-06,  5.9125E-06,  5.9125E-06,  5.9125E-06,  5.9125E-06,  5.9125E-06,  5.9125E-06,  5.9125E-06,  5.9125E-06,  5.9125E-06,  5.9125E-06,  5.9125E-06,  5.9125E-06,  5.9125E-06,  5.9125E-06,  5.9125E-06,  5.9125E-06,  5.9125E-06,  5.9125E-06,  5.9125E-06,  5.9125E-06,  5.9125E-06,  5.9125E-06,  5.9125E-06,  5.9125E-06,  5.9125E-06,  5.9125E-06,  5.9125E-06,  5.9125E-06,  5.9125E-06,  5.9125E-06,  5.9125E-06,  5.9125E-06,  5.9125E-06,  5.9125E-06,  5.9125E-06,  5.9125E-06,  5.9125E-06,  5.9125E-06,  5.9125E-06,  5.9125E-06,  5.9125E-06,  5.9125E-06,  5.9125E-06,  5.9125E-06,  5.9125E-06,  5.9125E-06,  5.9125E-06,  5.9125E-06,  5.9125E-06,  5.9125E-06,  5.9125E-06,  5.9125E-06,  5.9125E-06,  5.9125E-06,  5.9125E-06,  5.9125E-06,  5.9125E-06,  5.9125E-06,  5.9125E-06,  3.8224E-04,  2.0308E-05,  9.8266E-08,  3.7173E-08,  7.9972E-08,  5.5699E-07,  1.0149E-07,  6.1413E-07,  5.9070E-09,  8.5546E-08,  1.1203E-08,  1.2888E-07,  1.6791E-08,  1.1055E-07,  2.1600E-09,  1.9738E-08,  2.0117E-09,  5.4958E-09,  3.1223E-09,  1.5085E-08,  1.7574E-09,  4.8834E-09,  2.7090E-09,  6.6280E-09,  6.4984E-09,  9.5535E-08,  4.3429E-10,  4.8492E-09,  9.8541E-11,  9.8541E-11,  9.8541E-11,  9.8541E-11,  9.8541E-11,  9.8541E-11,  9.8541E-11,  9.8541E-11,  9.8541E-11,  9.8541E-11,  9.8541E-11,  9.8541E-11,  9.8541E-11,  9.8541E-11,  9.8541E-11,  9.8541E-11,  9.8541E-11,  9.8541E-11,  9.8541E-11,  9.8541E-11,  9.8541E-11,  9.8541E-11,  9.8541E-11,  9.8541E-11,  9.8541E-11,  9.8541E-11,  9.8541E-11,  9.8541E-11,  9.8541E-11,  9.8541E-11,  9.8541E-11,  9.8541E-11,  9.8541E-11,  9.8541E-11,  9.8541E-11,  9.8541E-11,  9.8541E-11,  9.8541E-11,  9.8541E-11,  9.8541E-11,  9.8541E-11,  9.8541E-11,  9.8541E-11,  9.8541E-11,  9.8541E-11,  9.8541E-11,  9.8541E-11,  9.8541E-11,  9.8541E-11,  9.8541E-11,  9.8541E-11,  9.8541E-11,  9.8541E-11,  9.8541E-11,  9.8541E-11,  9.8541E-11,  9.8541E-11,  9.8541E-11,  9.8541E-11,  9.8541E-11,  9.8541E-11,  9.8541E-11,  9.8541E-11,  9.8541E-11
  6.0000E+04,  5.4018E+00,  2.8500E-01,  1.4072E-03,  4.8969E-04,  1.0110E-03,  7.8170E-03,  1.3379E-03,  8.8023E-03,  7.4687E-05,  1.2005E-03,  1.4764E-04,  1.8471E-03,  2.3070E-04,  1.6183E-03,  2.7885E-05,  2.8292E-04,  2.5439E-05,  7.2405E-05,  3.9485E-05,  2.1171E-04,  2.3157E-05,  6.3018E-05,  3.5687E-05,  8.9161E-05,  9.3083E-05,  1.4279E-03,  6.0919E-06,  7.2487E-05,  4.9270E-06,  4.9270E-06,  4.9270E-06,  4.9270E-06,  4.9270E-06,  4.9270E-06,  4.9270E-06,  4.9270E-06,  4.9270E-06,  4.9270E-06,  4.9270E-06,  4.9270E-06,  4.9270E-06,  4.9270E-06,  4.9270E-06,  4.9270E-06,  4.9270E-06,  4.9270E-06,  4.9270E-06,  4.9270E-06,  4.9270E-06,  4.9270E-06,  4.9270E-06,  4.9270E-06,  4.9270E-06,  4.9270E-06,  4.9270E-06,  4.9270E-06,  4.9270E-06,  4.9270E-06,  4.9270E-06,  4.9270E-06,  4.9270E-06,  4.9270E-06,  4.9270E-06,  4.9270E-06,  4.9270E-06,  4.9270E-06,  4.9270E-06,  4.9270E-06,  4.9270E-06,  4.9270E-06,  4.9270E-06,  4.9270E-06,  4.9270E-06,  4.9270E-06,  4.9270E-06,  4.9270E-06,  4.9270E-06,  4.9270E-06,  4.9270E-06,  4.9270E-06,  4.9270E-06,  4.9270E-06,  4.9270E-06,  4.9270E-06,  4.9270E-06,  4.9270E-06,  4.9270E-06,  4.9270E-06,  4.9270E-06,  4.9270E-06,  4.9270E-06,  4.9270E-06,  2.3504E-04,  1.2445E-05,  6.0734E-08,  2.2168E-08,  4.6847E-08,  3.4133E-07,  6.0543E-08,  3.7973E-07,  3.4605E-09,  5.2420E-08,  6.6821E-09,  7.9688E-08,  1.0196E-08,  6.8971E-08,  1.2769E-09,  1.2205E-08,  1.1786E-09,  3.2776E-09,  1.8293E-09,  9.2441E-09,  1.0482E-09,  2.8863E-09,  1.6155E-09,  3.9884E-09,  4.0169E-09,  6.0127E-08,  2.6606E-10,  3.0522E-09,  9.8541E-11,  9.8541E-11,  9.8541E-11,  9.8541E-11,  9.8541E-11,  9.8541E-11,  9.8541E-11,  9.8541E-11,  9.8541E-11,  9.8541E-11,  9.8541E-11,  9.8541E-11,  9.8541E-11,  9.8541E-11,  9.8541E-11,  9.8541E-11,  9.8541E-11,  9.8541E-11,  9.8541E-11,  9.8541E-11,  9.8541E-11,  9.8541E-11,  9.8541E-11,  9.8541E-11,  9.8541E-11,  9.8541E-11,  9.8541E-11,  9.8541E-11,  9.8541E-11,  9.8541E-11,  9.8541E-11,  9.8541E-11,  9.8541E-11,  9.8541E-11,  9.8541E-11,  9.8541E-11,  9.8541E-11,  9.8541E-11,  9.8541E-11,  9.8541E-11,  9.8541E-11,  9.8541E-11,  9.8541E-11,  9.8541E-11,  9.8541E-11,  9.8541E-11,  9.8541E-11,  9.8541E-11,  9.8541E-11,  9.8541E-11,  9.8541E-11,  9.8541E-11,  9.8541E-11,  9.8541E-11,  9.8541E-11,  9.8541E-11,  9.8541E-11,  9.8541E-11,  9.8541E-11,  9.8541E-11,  9.8541E-11,  9.8541E-11,  9.8541E-11,  9.8541E-11
  7.0000E+04,  3.4490E+00,  1.8170E-01,  9.0162E-04,  3.0736E-04,  6.2794E-04,  4.9838E-03,  8.3985E-04,  5.6408E-03,  4.6389E-05,  7.6538E-04,  9.2670E-05,  1.1836E-03,  1.4632E-04,  1.0424E-03,  1.7412E-05,  1.8130E-04,  1.5801E-05,  4.5446E-05,  2.4526E-05,  1.3498E-04,  1.4535E-05,  3.9347E-05,  2.2399E-05,  5.6256E-05,  5.9643E-05,  9.2422E-04,  3.8835E-06,  4.6922E-05,  3.9416E-06,  3.9416E-06,  3.9416E-06,  3.9416E-06,  3.9416E-06,  3.9416E-06,  3.9416E-06,  3.9416E-06,  3.9416E-06,  3.9416E-06,  3.9416E-06,  3.9416E-06,  3.9416E-06,  3.9416E-06,  3.9416E-06,  3.9416E-06,  3.9416E-06,  3.9416E-06,  3.9416E-06,  3.9416E-06,  3.9416E-06,  3.9416E-06,  3.9416E-06,  3.9416E-06,  3.9416E-06,  3.9416E-06,  3.9416E-06,  3.9416E-06,  3.9416E-06,  3.9416E-06,  3.9416E-06,  3.9416E-06,  3.9416E-06,  3.9416E-06,  3.9416E-06,  3.9416E-06,  3.9416E-06,  3.9416E-06,  3.9416E-06,  3.9416E-06,  3.9416E-06,  3.9416E-06,  3.9416E-06,  3.9416E-06,  3.9416E-06,  3.9416E-06,  3.9416E-06,  3.9416E-06,  3.9416E-06,  3.9416E-06,  3.9416E-06,  3.9416E-06,  3.9416E-06,  3.9416E-06,  3.9416E-06,  3.9416E-06,  3.9416E-06,  3.9416E-06,  3.9416E-06,  3.9416E-06,  3.9416E-06,  3.9416E-06,  3.9416E-06,  3.9416E-06,  1.5553E-04,  8.2145E-06,  4.0383E-08,  1.4300E-08,  2.9767E-08,  2.2531E-07,  3.9065E-08,  2.5257E-07,  2.1989E-09,  3.4602E-08,  4.3110E-09,  5.3001E-08,  6.6791E-09,  4.6225E-08,  8.1763E-10,  8.1180E-09,  7.4897E-10,  2.1144E-09,  1.1625E-09,  6.1021E-09,  6.7620E-10,  1.8479E-09,  1.0421E-09,  2.5926E-09,  2.6711E-09,  4.0598E-08,  1.7560E-10,  2.0610E-09,  9.8541E-11,  9.8541E-11,  9.8541E-11,  9.8541E-11,  9.8541E-11,  9.8541E-11,  9.8541E-11,  9.8541E-11,  9.8541E-11,  9.8541E-11,  9.8541E-11,  9.8541E-11,  9.8541E-11,  9.8541E-11,  9.8541E-11,  9.8541E-11,  9.8541E-11,  9.8541E-11,  9.8541E-11,  9.8541E-11,  9.8541E-11,  9.8541E-11,  9.8541E-11,  9.8541E-11,  9.8541E-11,  9.8541E-11,  9.8541E-11,  9.8541E-11,  9.8541E-11,  9.8541E-11,  9.8541E-11,  9.8541E-11,  9.8541E-11,  9.8541E-11,  9.8541E-11,  9.8541E-11,  9.8541E-11,  9.8541E-11,  9.8541E-11,  9.8541E-11,  9.8541E-11,  9.8541E-11,  9.8541E-11,  9.8541E-11,  9.8541E-11,  9.8541E-11,  9.8541E-11,  9.8541E-11,  9.8541E-11,  9.8541E-11,  9.8541E-11,  9.8541E-11,  9.8541E-11,  9.8541E-11,  9.8541E-11,  9.8541E-11,  9.8541E-11,  9.8541E-11,  9.8541E-11,  9.8541E-11,  9.8541E-11,  9.8541E-11,  9.8541E-11,  9.8541E-11
  8.0000E+04,  2.1282E+00,  1.1200E-01,  5.5804E-04,  1.8700E-04,  3.7873E-04,  3.0720E-03,  5.1103E-04,  3.4917E-03,  2.7979E-05,  4.7176E-04,  5.6385E-05,  7.3268E-04,  8.9803E-05,  6.4797E-04,  1.0548E-05,  1.1223E-04,  9.5304E-06,  2.7650E-05,  1.4793E-05,  8.3199E-05,  8.8434E-06,  2.3835E-05,  1.3627E-05,  3.4376E-05,  3.6917E-05,  5.7692E-04,  2.3936E-06,  2.9290E-05,  2.9562E-06,  2.9562E-06,  2.9562E-06,  2.9562E-06,  2.9562E-06,  2.9562E-06,  2.9562E-06,  2.9562E-06,  2.9562E-06,  2.9562E-06,  2.9562E-06,  2.9562E-06,  2.9562E-06,  2.9562E-06,  2.9562E-06,  2.9562E-06,  2.9562E-06,  2.9562E-06,  2.9562E-06,  2.9562E-06,  2.9562E-06,  2.9562E-06,  2.9562E-06,  2.9562E-06,  2.9562E-06,  2.9562E-06,  2.9562E-06,  2.9562E-06,  2.9562E-06,  2.9562E-06,  2.9562E-06,  2.9562E-06,  2.9562E-06,  2.9562E-06,  2.9562E-06,  2.9562E-06,  2.9562E-06,  2.9562E-06,  2.9562E-06,  2.9562E-06,  2.9562E-06,  2.9562E-06,  2.9562E-06,  2.9562E-06,  2.9562E-06,  2.9562E-06,  2.9562E-06,  2.9562E-06,  2.9562E-06,  2.9562E-06,  2.9562E-06,  2.9562E-06,  2.9562E-06,  2.9562E-06,  2.9562E-06,  2.9562E-06,  2.9562E-06,  2.9562E-06,  2.9562E-06,  2.9562E-06,  2.9562E-06,  2.9562E-06,  2.9562E-06,  2.9562E-06,  1.0862E-04,  5.7264E-06,  2.8331E-08,  9.7717E-09,  2.0075E-08,  1.5706E-07,  2.6699E-08,  1.7723E-07,  1.4831E-09,  2.4121E-08,  2.9462E-09,  3.7191E-08,  4.6252E-09,  3.2651E-08,  5.5511E-10,  5.6966E-09,  5.0515E-10,  1.4448E-09,  7.8409E-10,  4.2538E-09,  4.6209E-10,  1.2545E-09,  7.1210E-10,  1.7834E-09,  1.8741E-09,  2.8863E-08,  1.2239E-10,  1.4653E-09,  9.8541E-11,  9.8541E-11,  9.8541E-11,  9.8541E-11,  9.8541E-11,  9.8541E-11,  9.8541E-11,  9.8541E-11,  9.8541E-11,  9.8541E-11,  9.8541E-11,  9.8541E-11,  9.8541E-11,  9.8541E-11,  9.8541E-11,  9.8541E-11,  9.8541E-11,  9.8541E-11,  9.8541E-11,  9.8541E-11,  9.8541E-11,  9.8541E-11,  9.8541E-11,  9.8541E-11,  9.8541E-11,  9.8541E-11,  9.8541E-11,  9.8541E-11,  9.8541E-11,  9.8541E-11,  9.8541E-11,  9.8541E-11,  9.8541E-11,  9.8541E-11,  9.8541E-11,  9.8541E-11,  9.8541E-11,  9.8541E-11,  9.8541E-11,  9.8541E-11,  9.8541E-11,  9.8541E-11,  9.8541E-11,  9.8541E-11,  9.8541E-11,  9.8541E-11,  9.8541E-11,  9.8541E-11,  9.8541E-11,  9.8541E-11,  9.8541E-11,  9.8541E-11,  9.8541E-11,  9.8541E-11,  9.8541E-11,  9.8541E-11,  9.8541E-11,  9.8541E-11,  9.8541E-11,  9.8541E-11,  9.8541E-11,  9.8541E-11,  9.8541E-11,  9.8541E-11
  9.0000E+04,  1.1897E+00,  6.2554E-02,  3.1283E-04,  1.0324E-04,  2.0749E-04,  1.7158E-03,  2.8216E-04,  1.9576E-03,  1.5328E-05,  2.6348E-04,  3.1131E-05,  4.1076E-04,  4.9964E-05,  3.6464E-04,  5.8015E-06,  6.2920E-05,  5.2213E-06,  1.5265E-05,  8.1046E-06,  4.6468E-05,  4.8825E-06,  1.3109E-05,  7.5236E-06,  1.9052E-05,  2.0696E-05,  3.2586E-04,  1.3368E-06,  1.6544E-05,  1.9708E-06,  1.9708E-06,  1.9708E-06,  1.9708E-06,  1.9708E-06,  1.9708E-06,  1.9708E-06,  1.9708E-06,  1.9708E-06,  1.9708E-06,  1.9708E-06,  1.9708E-06,  1.9708E-06,  1.9708E-06,  1.9708E-06,  1.9708E-06,  1.9708E-06,  1.9708E-06,  1.9708E-06,  1.9708E-06,  1.9708E-06,  1.9708E-06,  1.9708E-06,  1.9708E-06,  1.9708E-06,  1.9708E-06,  1.9708E-06,  1.9708E-06,  1.9708E-06,  1.9708E-06,  1.9708E-06,  1.9708E-06,  1.9708E-06,  1.9708E-06,  1.9708E-06,  1.9708E-06,  1.9708E-06,  1.9708E-06,  1.9708E-06,  1.9708E-06,  1.9708E-06,  1.9708E-06,  1.9708E-06,  1.9708E-06,  1.9708E-06,  1.9708E-06,  1.9708E-06,  1.9708E-06,  1.9708E-06,  1.9708E-06,  1.9708E-06,  1.9708E-06,  1.9708E-06,  1.9708E-06,  1.9708E-06,  1.9708E-06,  1.9708E-06,  1.9708E-06,  1.9708E-06,  1.9708E-06,  1.9708E-06,  1.9708E-06,  1.9708E-06,  1.9708E-06,  7.9079E-05,  4.1628E-06,  2.0712E-08,  6.9797E-09,  1.4174E-08,  1.1418E-07,  1.9073E-08,  1.2960E-07,  1.0471E-09,  1.7535E-08,  2.1045E-09,  2.7194E-08,  3.3426E-09,  2.4015E-08,  3.9424E-10,  4.1655E-09,  3.5667E-10,  1.0320E-09,  5.5363E-10,  3.0924E-09,  3.3008E-10,  8.9087E-10,  5.0864E-10,  1.2813E-09,  1.3702E-09,  2.1350E-08,  8.8968E-11,  1.0839E-09,  9.8541E-11,  9.8541E-11,  9.8541E-11,  9.8541E-11,  9.8541E-11,  9.8541E-11,  9.8541E-11,  9.8541E-11,  9.8541E-11,  9.8541E-11,  9.8541E-11,  9.8541E-11,  9.8541E-11,  9.8541E-11,  9.8541E-11,  9.8541E-11,  9.8541E-11,  9.8541E-11,  9.8541E-11,  9.8541E-11,  9.8541E-11,  9.8541E-11,  9.8541E-11,  9.8541E-11,  9.8541E-11,  9.8541E-11,  9.8541E-11,  9.8541E-11,  9.8541E-11,  9.8541E-11,  9.8541E-11,  9.8541E-11,  9.8541E-11,  9.8541E-11,  9.8541E-11,  9.8541E-11,  9.8541E-11,  9.8541E-11,  9.8541E-11,  9.8541E-11,  9.8541E-11,  9.8541E-11,  9.8541E-11,  9.8541E-11,  9.8541E-11,  9.8541E-11,  9.8541E-11,  9.8541E-11,  9.8541E-11,  9.8541E-11,  9.8541E-11,  9.8541E-11,  9.8541E-11,  9.8541E-11,  9.8541E-11,  9.8541E-11,  9.8541E-11,  9.8541E-11,  9.8541E-11,  9.8541E-11,  9.8541E-11,  9.8541E-11,  9.8541E-11,  9.8541E-11
  1.0000E+05,  4.9686E-01,  2.6101E-02,  1.3106E-04,  4.2531E-05,  8.4745E-05,  7.1593E-04,  1.1625E-04,  8.2020E-04,  6.2605E-06,  1.0993E-04,  1.2826E-05,  1.7210E-04,  2.0760E-05,  1.5341E-04,  2.3799E-06,  2.6363E-05,  2.1326E-06,  6.2889E-06,  3.3103E-06,  1.9389E-05,  2.0115E-06,  5.3772E-06,  3.0995E-06,  7.8823E-06,  8.6707E-06,  1.3764E-04,  5.5774E-07,  6.9883E-06,  9.8541E-07,  9.8541E-07,  9.8541E-07,  9.8541E-07,  9.8541E-07,  9.8541E-07,  9.8541E-07,  9.8541E-07,  9.8541E-07,  9.8541E-07,  9.8541E-07,  9.8541E-07,  9.8541E-07,  9.8541E-07,  9.8541E-07,  9.8541E-07,  9.8541E-07,  9.8541E-07,  9.8541E-07,  9.8541E-07,  9.8541E-07,  9.8541E-07,  9.8541E-07,  9.8541E-07,  9.8541E-07,  9.8541E-07,  9.8541E-07,  9.8541E-07,  9.8541E-07,  9.8541E-07,  9.8541E-07,  9.8541E-07,  9.8541E-07,  9.8541E-07,  9.8541E-07,  9.8541E-07,  9.8541E-07,  9.8541E-07,  9.8541E-07,  9.8541E-07,  9.8541E-07,  9.8541E-07,  9.8541E-07,  9.8541E-07,  9.8541E-07,  9.8541E-07,  9.8541E-07,  9.8541E-07,  9.8541E-07,  9.8541E-07,  9.8541E-07,  9.8541E-07,  9.8541E-07,  9.8541E-07,  9.8541E-07,  9.8541E-07,  9.8541E-07,  9.8541E-07,  9.8541E-07,  9.8541E-07,  9.8541E-07,  9.8541E-07,  9.8541E-07,  9.8541E-07,  5.9483E-05,  3.1277E-06,  1.5641E-08,  5.1620E-09,  1.0374E-08,  8.5788E-08,  1.4108E-08,  9.7879E-08,  7.6641E-10,  1.3174E-08,  1.5566E-09,  2.0538E-08,  2.4982E-09,  1.8232E-08,  2.9008E-10,  3.1460E-09,  2.6106E-10,  7.6327E-10,  4.0523E-10,  2.3234E-09,  2.4413E-10,  6.5544E-10,  3.7618E-10,  9.5260E-10,  1.0348E-09,  1.6293E-08,  6.6838E-11,  8.2720E-10,  9.8541E-11,  9.8541E-11,  9.8541E-11,  9.8541E-11,  9.8541E-11,  9.8541E-11,  9.8541E-11,  9.8541E-11,  9.8541E-11,  9.8541E-11,  9.8541E-11,  9.8541E-11,  9.8541E-11,  9.8541E-11,  9.8541E-11,  9.8541E-11,  9.8541E-11,  9.8541E-11,  9.8541E-11,  9.8541E-11,  9.8541E-11,  9.8541E-11,  9.8541E-11,  9.8541E-11,  9.8541E-11,  9.8541E-11,  9.8541E-11,  9.8541E-11,  9.8541E-11,  9.8541E-11,  9.8541E-11,  9.8541E-11,  9.8541E-11,  9.8541E-11,  9.8541E-11,  9.8541E-11,  9.8541E-11,  9.8541E-11,  9.8541E-11,  9.8541E-11,  9.8541E-11,  9.8541E-11,  9.8541E-11,  9.8541E-11,  9.8541E-11,  9.8541E-11,  9.8541E-11,  9.8541E-11,  9.8541E-11,  9.8541E-11,  9.8541E-11,  9.8541E-11,  9.8541E-11,  9.8541E-11,  9.8541E-11,  9.8541E-11,  9.8541E-11,  9.8541E-11,  9.8541E-11,  9.8541E-11,  9.8541E-11,  9.8541E-11,  9.8541E-11,  9.8541E-11
'End of File'
