experiment_id,category,architecture,object,symbols_or_bits,bit_pattern,component,cross_beat_tag,detected,corrected,functional_match,classification
SUPP-NEG-V1-001,ecc_double_symbol,S3,stage1_pos0,0+1,0+0,real,0,1,0,0,detected_uncorrectable
SUPP-NEG-V1-001,ecc_double_symbol,S3,stage1_pos0,0+1,0+0,imag,0,1,1,0,miscorrected
SUPP-NEG-V1-001,ecc_double_symbol,S3,stage1_pos0,0+1,0+34,real,0,1,0,0,detected_uncorrectable
SUPP-NEG-V1-001,ecc_double_symbol,S3,stage1_pos0,0+1,0+34,imag,0,1,0,0,detected_uncorrectable
SUPP-NEG-V1-001,ecc_double_symbol,S3,stage1_pos0,0+1,17+17,real,0,1,1,0,miscorrected
SUPP-NEG-V1-001,ecc_double_symbol,S3,stage1_pos0,0+1,17+17,imag,0,1,1,0,miscorrected
SUPP-NEG-V1-001,ecc_double_symbol,S3,stage1_pos0,0+1,34+34,real,0,1,1,0,miscorrected
SUPP-NEG-V1-001,ecc_double_symbol,S3,stage1_pos0,0+1,34+34,imag,0,1,0,0,detected_uncorrectable
SUPP-NEG-V1-001,ecc_double_symbol,S3,stage1_pos0,0+2,0+0,real,0,1,1,0,miscorrected
SUPP-NEG-V1-001,ecc_double_symbol,S3,stage1_pos0,0+2,0+0,imag,0,1,1,0,miscorrected
SUPP-NEG-V1-001,ecc_double_symbol,S3,stage1_pos0,0+2,0+34,real,0,1,0,0,detected_uncorrectable
SUPP-NEG-V1-001,ecc_double_symbol,S3,stage1_pos0,0+2,0+34,imag,0,1,0,0,detected_uncorrectable
SUPP-NEG-V1-001,ecc_double_symbol,S3,stage1_pos0,0+2,17+17,real,0,1,1,0,miscorrected
SUPP-NEG-V1-001,ecc_double_symbol,S3,stage1_pos0,0+2,17+17,imag,0,1,1,0,miscorrected
SUPP-NEG-V1-001,ecc_double_symbol,S3,stage1_pos0,0+2,34+34,real,0,1,0,0,detected_uncorrectable
SUPP-NEG-V1-001,ecc_double_symbol,S3,stage1_pos0,0+2,34+34,imag,0,1,0,0,detected_uncorrectable
SUPP-NEG-V1-001,ecc_double_symbol,S3,stage1_pos0,0+3,0+0,real,0,1,1,0,miscorrected
SUPP-NEG-V1-001,ecc_double_symbol,S3,stage1_pos0,0+3,0+0,imag,0,1,1,0,miscorrected
SUPP-NEG-V1-001,ecc_double_symbol,S3,stage1_pos0,0+3,0+34,real,0,1,0,0,detected_uncorrectable
SUPP-NEG-V1-001,ecc_double_symbol,S3,stage1_pos0,0+3,0+34,imag,0,1,0,0,detected_uncorrectable
SUPP-NEG-V1-001,ecc_double_symbol,S3,stage1_pos0,0+3,17+17,real,0,1,0,0,detected_uncorrectable
SUPP-NEG-V1-001,ecc_double_symbol,S3,stage1_pos0,0+3,17+17,imag,0,1,1,0,miscorrected
SUPP-NEG-V1-001,ecc_double_symbol,S3,stage1_pos0,0+3,34+34,real,0,1,0,0,detected_uncorrectable
SUPP-NEG-V1-001,ecc_double_symbol,S3,stage1_pos0,0+3,34+34,imag,0,1,0,0,detected_uncorrectable
SUPP-NEG-V1-001,ecc_double_symbol,S3,stage1_pos0,0+4,0+0,real,0,1,1,0,miscorrected
SUPP-NEG-V1-001,ecc_double_symbol,S3,stage1_pos0,0+4,0+0,imag,0,1,1,0,miscorrected
SUPP-NEG-V1-001,ecc_double_symbol,S3,stage1_pos0,0+4,0+34,real,0,1,0,0,detected_uncorrectable
SUPP-NEG-V1-001,ecc_double_symbol,S3,stage1_pos0,0+4,0+34,imag,0,1,0,0,detected_uncorrectable
SUPP-NEG-V1-001,ecc_double_symbol,S3,stage1_pos0,0+4,17+17,real,0,1,0,0,detected_uncorrectable
SUPP-NEG-V1-001,ecc_double_symbol,S3,stage1_pos0,0+4,17+17,imag,0,1,0,0,detected_uncorrectable
SUPP-NEG-V1-001,ecc_double_symbol,S3,stage1_pos0,0+4,34+34,real,0,1,1,0,miscorrected
SUPP-NEG-V1-001,ecc_double_symbol,S3,stage1_pos0,0+4,34+34,imag,0,1,1,0,miscorrected
SUPP-NEG-V1-001,ecc_double_symbol,S3,stage1_pos0,0+5,0+0,real,0,1,0,0,detected_uncorrectable
SUPP-NEG-V1-001,ecc_double_symbol,S3,stage1_pos0,0+5,0+0,imag,0,1,1,0,miscorrected
SUPP-NEG-V1-001,ecc_double_symbol,S3,stage1_pos0,0+5,0+34,real,0,1,0,0,detected_uncorrectable
SUPP-NEG-V1-001,ecc_double_symbol,S3,stage1_pos0,0+5,0+34,imag,0,1,0,0,detected_uncorrectable
SUPP-NEG-V1-001,ecc_double_symbol,S3,stage1_pos0,0+5,17+17,real,0,1,1,0,miscorrected
SUPP-NEG-V1-001,ecc_double_symbol,S3,stage1_pos0,0+5,17+17,imag,0,1,0,0,detected_uncorrectable
SUPP-NEG-V1-001,ecc_double_symbol,S3,stage1_pos0,0+5,34+34,real,0,1,1,0,miscorrected
SUPP-NEG-V1-001,ecc_double_symbol,S3,stage1_pos0,0+5,34+34,imag,0,1,1,0,miscorrected
SUPP-NEG-V1-001,ecc_double_symbol,S3,stage1_pos0,1+2,0+0,real,0,1,1,0,miscorrected
SUPP-NEG-V1-001,ecc_double_symbol,S3,stage1_pos0,1+2,0+0,imag,0,1,0,0,detected_uncorrectable
SUPP-NEG-V1-001,ecc_double_symbol,S3,stage1_pos0,1+2,0+34,real,0,1,0,0,detected_uncorrectable
SUPP-NEG-V1-001,ecc_double_symbol,S3,stage1_pos0,1+2,0+34,imag,0,1,0,0,detected_uncorrectable
SUPP-NEG-V1-001,ecc_double_symbol,S3,stage1_pos0,1+2,17+17,real,0,1,0,0,detected_uncorrectable
SUPP-NEG-V1-001,ecc_double_symbol,S3,stage1_pos0,1+2,17+17,imag,0,1,0,0,detected_uncorrectable
SUPP-NEG-V1-001,ecc_double_symbol,S3,stage1_pos0,1+2,34+34,real,0,1,0,0,detected_uncorrectable
SUPP-NEG-V1-001,ecc_double_symbol,S3,stage1_pos0,1+2,34+34,imag,0,1,0,0,detected_uncorrectable
SUPP-NEG-V1-001,ecc_double_symbol,S3,stage1_pos0,1+3,0+0,real,0,1,1,0,miscorrected
SUPP-NEG-V1-001,ecc_double_symbol,S3,stage1_pos0,1+3,0+0,imag,0,1,1,0,miscorrected
SUPP-NEG-V1-001,ecc_double_symbol,S3,stage1_pos0,1+3,0+34,real,0,1,0,0,detected_uncorrectable
SUPP-NEG-V1-001,ecc_double_symbol,S3,stage1_pos0,1+3,0+34,imag,0,1,0,0,detected_uncorrectable
SUPP-NEG-V1-001,ecc_double_symbol,S3,stage1_pos0,1+3,17+17,real,0,1,1,0,miscorrected
SUPP-NEG-V1-001,ecc_double_symbol,S3,stage1_pos0,1+3,17+17,imag,0,1,1,0,miscorrected
SUPP-NEG-V1-001,ecc_double_symbol,S3,stage1_pos0,1+3,34+34,real,0,1,0,0,detected_uncorrectable
SUPP-NEG-V1-001,ecc_double_symbol,S3,stage1_pos0,1+3,34+34,imag,0,1,0,0,detected_uncorrectable
SUPP-NEG-V1-001,ecc_double_symbol,S3,stage1_pos0,1+4,0+0,real,0,1,1,0,miscorrected
SUPP-NEG-V1-001,ecc_double_symbol,S3,stage1_pos0,1+4,0+0,imag,0,1,0,0,detected_uncorrectable
SUPP-NEG-V1-001,ecc_double_symbol,S3,stage1_pos0,1+4,0+34,real,0,1,0,0,detected_uncorrectable
SUPP-NEG-V1-001,ecc_double_symbol,S3,stage1_pos0,1+4,0+34,imag,0,1,0,0,detected_uncorrectable
SUPP-NEG-V1-001,ecc_double_symbol,S3,stage1_pos0,1+4,17+17,real,0,1,1,0,miscorrected
SUPP-NEG-V1-001,ecc_double_symbol,S3,stage1_pos0,1+4,17+17,imag,0,1,1,0,miscorrected
SUPP-NEG-V1-001,ecc_double_symbol,S3,stage1_pos0,1+4,34+34,real,0,1,0,0,detected_uncorrectable
SUPP-NEG-V1-001,ecc_double_symbol,S3,stage1_pos0,1+4,34+34,imag,0,1,1,0,miscorrected
SUPP-NEG-V1-001,ecc_double_symbol,S3,stage1_pos0,1+5,0+0,real,0,1,0,0,detected_uncorrectable
SUPP-NEG-V1-001,ecc_double_symbol,S3,stage1_pos0,1+5,0+0,imag,0,1,0,0,detected_uncorrectable
SUPP-NEG-V1-001,ecc_double_symbol,S3,stage1_pos0,1+5,0+34,real,0,1,0,0,detected_uncorrectable
SUPP-NEG-V1-001,ecc_double_symbol,S3,stage1_pos0,1+5,0+34,imag,0,1,0,0,detected_uncorrectable
SUPP-NEG-V1-001,ecc_double_symbol,S3,stage1_pos0,1+5,17+17,real,0,1,0,0,detected_uncorrectable
SUPP-NEG-V1-001,ecc_double_symbol,S3,stage1_pos0,1+5,17+17,imag,0,1,0,0,detected_uncorrectable
SUPP-NEG-V1-001,ecc_double_symbol,S3,stage1_pos0,1+5,34+34,real,0,1,0,0,detected_uncorrectable
SUPP-NEG-V1-001,ecc_double_symbol,S3,stage1_pos0,1+5,34+34,imag,0,1,0,0,detected_uncorrectable
SUPP-NEG-V1-001,ecc_double_symbol,S3,stage1_pos0,2+3,0+0,real,0,1,0,0,detected_uncorrectable
SUPP-NEG-V1-001,ecc_double_symbol,S3,stage1_pos0,2+3,0+0,imag,0,1,0,0,detected_uncorrectable
SUPP-NEG-V1-001,ecc_double_symbol,S3,stage1_pos0,2+3,0+34,real,0,1,0,0,detected_uncorrectable
SUPP-NEG-V1-001,ecc_double_symbol,S3,stage1_pos0,2+3,0+34,imag,0,1,0,0,detected_uncorrectable
SUPP-NEG-V1-001,ecc_double_symbol,S3,stage1_pos0,2+3,17+17,real,0,1,1,0,miscorrected
SUPP-NEG-V1-001,ecc_double_symbol,S3,stage1_pos0,2+3,17+17,imag,0,1,0,0,detected_uncorrectable
SUPP-NEG-V1-001,ecc_double_symbol,S3,stage1_pos0,2+3,34+34,real,0,1,1,0,miscorrected
SUPP-NEG-V1-001,ecc_double_symbol,S3,stage1_pos0,2+3,34+34,imag,0,1,0,0,detected_uncorrectable
SUPP-NEG-V1-001,ecc_double_symbol,S3,stage1_pos0,2+4,0+0,real,0,1,0,0,detected_uncorrectable
SUPP-NEG-V1-001,ecc_double_symbol,S3,stage1_pos0,2+4,0+0,imag,0,1,0,0,detected_uncorrectable
SUPP-NEG-V1-001,ecc_double_symbol,S3,stage1_pos0,2+4,0+34,real,0,1,0,0,detected_uncorrectable
SUPP-NEG-V1-001,ecc_double_symbol,S3,stage1_pos0,2+4,0+34,imag,0,1,0,0,detected_uncorrectable
SUPP-NEG-V1-001,ecc_double_symbol,S3,stage1_pos0,2+4,17+17,real,0,1,1,0,miscorrected
SUPP-NEG-V1-001,ecc_double_symbol,S3,stage1_pos0,2+4,17+17,imag,0,1,1,0,miscorrected
SUPP-NEG-V1-001,ecc_double_symbol,S3,stage1_pos0,2+4,34+34,real,0,1,0,0,detected_uncorrectable
SUPP-NEG-V1-001,ecc_double_symbol,S3,stage1_pos0,2+4,34+34,imag,0,1,0,0,detected_uncorrectable
SUPP-NEG-V1-001,ecc_double_symbol,S3,stage1_pos0,2+5,0+0,real,0,1,0,0,detected_uncorrectable
SUPP-NEG-V1-001,ecc_double_symbol,S3,stage1_pos0,2+5,0+0,imag,0,1,1,0,miscorrected
SUPP-NEG-V1-001,ecc_double_symbol,S3,stage1_pos0,2+5,0+34,real,0,1,0,0,detected_uncorrectable
SUPP-NEG-V1-001,ecc_double_symbol,S3,stage1_pos0,2+5,0+34,imag,0,1,0,0,detected_uncorrectable
SUPP-NEG-V1-001,ecc_double_symbol,S3,stage1_pos0,2+5,17+17,real,0,1,1,0,miscorrected
SUPP-NEG-V1-001,ecc_double_symbol,S3,stage1_pos0,2+5,17+17,imag,0,1,0,0,detected_uncorrectable
SUPP-NEG-V1-001,ecc_double_symbol,S3,stage1_pos0,2+5,34+34,real,0,1,0,0,detected_uncorrectable
SUPP-NEG-V1-001,ecc_double_symbol,S3,stage1_pos0,2+5,34+34,imag,0,1,0,0,detected_uncorrectable
SUPP-NEG-V1-001,ecc_double_symbol,S3,stage1_pos0,3+4,0+0,real,0,1,0,0,detected_uncorrectable
SUPP-NEG-V1-001,ecc_double_symbol,S3,stage1_pos0,3+4,0+0,imag,0,1,0,0,detected_uncorrectable
SUPP-NEG-V1-001,ecc_double_symbol,S3,stage1_pos0,3+4,0+34,real,0,1,0,0,detected_uncorrectable
SUPP-NEG-V1-001,ecc_double_symbol,S3,stage1_pos0,3+4,0+34,imag,0,1,0,0,detected_uncorrectable
SUPP-NEG-V1-001,ecc_double_symbol,S3,stage1_pos0,3+4,17+17,real,0,1,0,0,detected_uncorrectable
SUPP-NEG-V1-001,ecc_double_symbol,S3,stage1_pos0,3+4,17+17,imag,0,1,1,0,miscorrected
SUPP-NEG-V1-001,ecc_double_symbol,S3,stage1_pos0,3+4,34+34,real,0,1,1,0,miscorrected
SUPP-NEG-V1-001,ecc_double_symbol,S3,stage1_pos0,3+4,34+34,imag,0,1,0,0,detected_uncorrectable
SUPP-NEG-V1-001,ecc_double_symbol,S3,stage1_pos0,3+5,0+0,real,0,1,0,0,detected_uncorrectable
SUPP-NEG-V1-001,ecc_double_symbol,S3,stage1_pos0,3+5,0+0,imag,0,1,0,0,detected_uncorrectable
SUPP-NEG-V1-001,ecc_double_symbol,S3,stage1_pos0,3+5,0+34,real,0,1,0,0,detected_uncorrectable
SUPP-NEG-V1-001,ecc_double_symbol,S3,stage1_pos0,3+5,0+34,imag,0,1,0,0,detected_uncorrectable
SUPP-NEG-V1-001,ecc_double_symbol,S3,stage1_pos0,3+5,17+17,real,0,1,0,0,detected_uncorrectable
SUPP-NEG-V1-001,ecc_double_symbol,S3,stage1_pos0,3+5,17+17,imag,0,1,0,0,detected_uncorrectable
SUPP-NEG-V1-001,ecc_double_symbol,S3,stage1_pos0,3+5,34+34,real,0,1,0,0,detected_uncorrectable
SUPP-NEG-V1-001,ecc_double_symbol,S3,stage1_pos0,3+5,34+34,imag,0,1,0,0,detected_uncorrectable
SUPP-NEG-V1-001,ecc_double_symbol,S3,stage1_pos0,4+5,0+0,real,0,1,1,0,miscorrected
SUPP-NEG-V1-001,ecc_double_symbol,S3,stage1_pos0,4+5,0+0,imag,0,1,1,0,miscorrected
SUPP-NEG-V1-001,ecc_double_symbol,S3,stage1_pos0,4+5,0+34,real,0,1,0,1,detected_uncorrectable
SUPP-NEG-V1-001,ecc_double_symbol,S3,stage1_pos0,4+5,0+34,imag,0,1,0,1,detected_uncorrectable
SUPP-NEG-V1-001,ecc_double_symbol,S3,stage1_pos0,4+5,17+17,real,0,1,1,0,miscorrected
SUPP-NEG-V1-001,ecc_double_symbol,S3,stage1_pos0,4+5,17+17,imag,0,1,1,0,miscorrected
SUPP-NEG-V1-001,ecc_double_symbol,S3,stage1_pos0,4+5,34+34,real,0,1,1,0,miscorrected
SUPP-NEG-V1-001,ecc_double_symbol,S3,stage1_pos0,4+5,34+34,imag,0,1,1,0,miscorrected
SUPP-NEG-V1-001,ecc_double_symbol,S3,stage4_pos0,0+1,0+0,real,0,1,1,0,miscorrected
SUPP-NEG-V1-001,ecc_double_symbol,S3,stage4_pos0,0+1,0+0,imag,0,1,1,0,miscorrected
SUPP-NEG-V1-001,ecc_double_symbol,S3,stage4_pos0,0+1,0+34,real,0,1,0,0,detected_uncorrectable
SUPP-NEG-V1-001,ecc_double_symbol,S3,stage4_pos0,0+1,0+34,imag,0,1,0,0,detected_uncorrectable
SUPP-NEG-V1-001,ecc_double_symbol,S3,stage4_pos0,0+1,17+17,real,0,1,0,0,detected_uncorrectable
SUPP-NEG-V1-001,ecc_double_symbol,S3,stage4_pos0,0+1,17+17,imag,0,1,0,0,detected_uncorrectable
SUPP-NEG-V1-001,ecc_double_symbol,S3,stage4_pos0,0+1,34+34,real,0,1,0,0,detected_uncorrectable
SUPP-NEG-V1-001,ecc_double_symbol,S3,stage4_pos0,0+1,34+34,imag,0,1,0,0,detected_uncorrectable
SUPP-NEG-V1-001,ecc_double_symbol,S3,stage4_pos0,0+2,0+0,real,0,1,1,0,miscorrected
SUPP-NEG-V1-001,ecc_double_symbol,S3,stage4_pos0,0+2,0+0,imag,0,1,1,0,miscorrected
SUPP-NEG-V1-001,ecc_double_symbol,S3,stage4_pos0,0+2,0+34,real,0,1,0,0,detected_uncorrectable
SUPP-NEG-V1-001,ecc_double_symbol,S3,stage4_pos0,0+2,0+34,imag,0,1,0,0,detected_uncorrectable
SUPP-NEG-V1-001,ecc_double_symbol,S3,stage4_pos0,0+2,17+17,real,0,1,1,0,miscorrected
SUPP-NEG-V1-001,ecc_double_symbol,S3,stage4_pos0,0+2,17+17,imag,0,1,1,0,miscorrected
SUPP-NEG-V1-001,ecc_double_symbol,S3,stage4_pos0,0+2,34+34,real,0,1,0,0,detected_uncorrectable
SUPP-NEG-V1-001,ecc_double_symbol,S3,stage4_pos0,0+2,34+34,imag,0,1,0,0,detected_uncorrectable
SUPP-NEG-V1-001,ecc_double_symbol,S3,stage4_pos0,0+3,0+0,real,0,1,1,0,miscorrected
SUPP-NEG-V1-001,ecc_double_symbol,S3,stage4_pos0,0+3,0+0,imag,0,1,0,0,detected_uncorrectable
SUPP-NEG-V1-001,ecc_double_symbol,S3,stage4_pos0,0+3,0+34,real,0,1,0,0,detected_uncorrectable
SUPP-NEG-V1-001,ecc_double_symbol,S3,stage4_pos0,0+3,0+34,imag,0,1,0,0,detected_uncorrectable
SUPP-NEG-V1-001,ecc_double_symbol,S3,stage4_pos0,0+3,17+17,real,0,1,1,0,miscorrected
SUPP-NEG-V1-001,ecc_double_symbol,S3,stage4_pos0,0+3,17+17,imag,0,1,1,0,miscorrected
SUPP-NEG-V1-001,ecc_double_symbol,S3,stage4_pos0,0+3,34+34,real,0,1,1,0,miscorrected
SUPP-NEG-V1-001,ecc_double_symbol,S3,stage4_pos0,0+3,34+34,imag,0,1,0,0,detected_uncorrectable
SUPP-NEG-V1-001,ecc_double_symbol,S3,stage4_pos0,0+4,0+0,real,0,1,0,0,detected_uncorrectable
SUPP-NEG-V1-001,ecc_double_symbol,S3,stage4_pos0,0+4,0+0,imag,0,1,1,0,miscorrected
SUPP-NEG-V1-001,ecc_double_symbol,S3,stage4_pos0,0+4,0+34,real,0,1,0,0,detected_uncorrectable
SUPP-NEG-V1-001,ecc_double_symbol,S3,stage4_pos0,0+4,0+34,imag,0,1,0,0,detected_uncorrectable
SUPP-NEG-V1-001,ecc_double_symbol,S3,stage4_pos0,0+4,17+17,real,0,1,0,0,detected_uncorrectable
SUPP-NEG-V1-001,ecc_double_symbol,S3,stage4_pos0,0+4,17+17,imag,0,1,1,0,miscorrected
SUPP-NEG-V1-001,ecc_double_symbol,S3,stage4_pos0,0+4,34+34,real,0,1,0,0,detected_uncorrectable
SUPP-NEG-V1-001,ecc_double_symbol,S3,stage4_pos0,0+4,34+34,imag,0,1,0,0,detected_uncorrectable
SUPP-NEG-V1-001,ecc_double_symbol,S3,stage4_pos0,0+5,0+0,real,0,1,0,0,detected_uncorrectable
SUPP-NEG-V1-001,ecc_double_symbol,S3,stage4_pos0,0+5,0+0,imag,0,1,1,0,miscorrected
SUPP-NEG-V1-001,ecc_double_symbol,S3,stage4_pos0,0+5,0+34,real,0,1,0,0,detected_uncorrectable
SUPP-NEG-V1-001,ecc_double_symbol,S3,stage4_pos0,0+5,0+34,imag,0,1,0,0,detected_uncorrectable
SUPP-NEG-V1-001,ecc_double_symbol,S3,stage4_pos0,0+5,17+17,real,0,1,1,0,miscorrected
SUPP-NEG-V1-001,ecc_double_symbol,S3,stage4_pos0,0+5,17+17,imag,0,1,0,0,detected_uncorrectable
SUPP-NEG-V1-001,ecc_double_symbol,S3,stage4_pos0,0+5,34+34,real,0,1,0,0,detected_uncorrectable
SUPP-NEG-V1-001,ecc_double_symbol,S3,stage4_pos0,0+5,34+34,imag,0,1,0,0,detected_uncorrectable
SUPP-NEG-V1-001,ecc_double_symbol,S3,stage4_pos0,1+2,0+0,real,0,1,0,0,detected_uncorrectable
SUPP-NEG-V1-001,ecc_double_symbol,S3,stage4_pos0,1+2,0+0,imag,0,1,0,0,detected_uncorrectable
SUPP-NEG-V1-001,ecc_double_symbol,S3,stage4_pos0,1+2,0+34,real,0,1,0,0,detected_uncorrectable
SUPP-NEG-V1-001,ecc_double_symbol,S3,stage4_pos0,1+2,0+34,imag,0,1,0,0,detected_uncorrectable
SUPP-NEG-V1-001,ecc_double_symbol,S3,stage4_pos0,1+2,17+17,real,0,1,0,0,detected_uncorrectable
SUPP-NEG-V1-001,ecc_double_symbol,S3,stage4_pos0,1+2,17+17,imag,0,1,0,0,detected_uncorrectable
SUPP-NEG-V1-001,ecc_double_symbol,S3,stage4_pos0,1+2,34+34,real,0,1,0,0,detected_uncorrectable
SUPP-NEG-V1-001,ecc_double_symbol,S3,stage4_pos0,1+2,34+34,imag,0,1,0,0,detected_uncorrectable
SUPP-NEG-V1-001,ecc_double_symbol,S3,stage4_pos0,1+3,0+0,real,0,1,1,0,miscorrected
SUPP-NEG-V1-001,ecc_double_symbol,S3,stage4_pos0,1+3,0+0,imag,0,1,1,0,miscorrected
SUPP-NEG-V1-001,ecc_double_symbol,S3,stage4_pos0,1+3,0+34,real,0,1,0,0,detected_uncorrectable
SUPP-NEG-V1-001,ecc_double_symbol,S3,stage4_pos0,1+3,0+34,imag,0,1,0,0,detected_uncorrectable
SUPP-NEG-V1-001,ecc_double_symbol,S3,stage4_pos0,1+3,17+17,real,0,1,1,0,miscorrected
SUPP-NEG-V1-001,ecc_double_symbol,S3,stage4_pos0,1+3,17+17,imag,0,1,1,0,miscorrected
SUPP-NEG-V1-001,ecc_double_symbol,S3,stage4_pos0,1+3,34+34,real,0,1,0,0,detected_uncorrectable
SUPP-NEG-V1-001,ecc_double_symbol,S3,stage4_pos0,1+3,34+34,imag,0,1,0,0,detected_uncorrectable
SUPP-NEG-V1-001,ecc_double_symbol,S3,stage4_pos0,1+4,0+0,real,0,1,1,0,miscorrected
SUPP-NEG-V1-001,ecc_double_symbol,S3,stage4_pos0,1+4,0+0,imag,0,1,0,0,detected_uncorrectable
SUPP-NEG-V1-001,ecc_double_symbol,S3,stage4_pos0,1+4,0+34,real,0,1,0,0,detected_uncorrectable
SUPP-NEG-V1-001,ecc_double_symbol,S3,stage4_pos0,1+4,0+34,imag,0,1,0,0,detected_uncorrectable
SUPP-NEG-V1-001,ecc_double_symbol,S3,stage4_pos0,1+4,17+17,real,0,1,0,0,detected_uncorrectable
SUPP-NEG-V1-001,ecc_double_symbol,S3,stage4_pos0,1+4,17+17,imag,0,1,1,0,miscorrected
SUPP-NEG-V1-001,ecc_double_symbol,S3,stage4_pos0,1+4,34+34,real,0,1,0,0,detected_uncorrectable
SUPP-NEG-V1-001,ecc_double_symbol,S3,stage4_pos0,1+4,34+34,imag,0,1,0,0,detected_uncorrectable
SUPP-NEG-V1-001,ecc_double_symbol,S3,stage4_pos0,1+5,0+0,real,0,1,0,0,detected_uncorrectable
SUPP-NEG-V1-001,ecc_double_symbol,S3,stage4_pos0,1+5,0+0,imag,0,1,0,0,detected_uncorrectable
SUPP-NEG-V1-001,ecc_double_symbol,S3,stage4_pos0,1+5,0+34,real,0,1,0,0,detected_uncorrectable
SUPP-NEG-V1-001,ecc_double_symbol,S3,stage4_pos0,1+5,0+34,imag,0,1,0,0,detected_uncorrectable
SUPP-NEG-V1-001,ecc_double_symbol,S3,stage4_pos0,1+5,17+17,real,0,1,0,0,detected_uncorrectable
SUPP-NEG-V1-001,ecc_double_symbol,S3,stage4_pos0,1+5,17+17,imag,0,1,0,0,detected_uncorrectable
SUPP-NEG-V1-001,ecc_double_symbol,S3,stage4_pos0,1+5,34+34,real,0,1,0,0,detected_uncorrectable
SUPP-NEG-V1-001,ecc_double_symbol,S3,stage4_pos0,1+5,34+34,imag,0,1,0,0,detected_uncorrectable
SUPP-NEG-V1-001,ecc_double_symbol,S3,stage4_pos0,2+3,0+0,real,0,1,0,0,detected_uncorrectable
SUPP-NEG-V1-001,ecc_double_symbol,S3,stage4_pos0,2+3,0+0,imag,0,1,1,0,miscorrected
SUPP-NEG-V1-001,ecc_double_symbol,S3,stage4_pos0,2+3,0+34,real,0,1,0,0,detected_uncorrectable
SUPP-NEG-V1-001,ecc_double_symbol,S3,stage4_pos0,2+3,0+34,imag,0,1,0,0,detected_uncorrectable
SUPP-NEG-V1-001,ecc_double_symbol,S3,stage4_pos0,2+3,17+17,real,0,1,1,0,miscorrected
SUPP-NEG-V1-001,ecc_double_symbol,S3,stage4_pos0,2+3,17+17,imag,0,1,1,0,miscorrected
SUPP-NEG-V1-001,ecc_double_symbol,S3,stage4_pos0,2+3,34+34,real,0,1,0,0,detected_uncorrectable
SUPP-NEG-V1-001,ecc_double_symbol,S3,stage4_pos0,2+3,34+34,imag,0,1,1,0,miscorrected
SUPP-NEG-V1-001,ecc_double_symbol,S3,stage4_pos0,2+4,0+0,real,0,1,1,0,miscorrected
SUPP-NEG-V1-001,ecc_double_symbol,S3,stage4_pos0,2+4,0+0,imag,0,1,0,0,detected_uncorrectable
SUPP-NEG-V1-001,ecc_double_symbol,S3,stage4_pos0,2+4,0+34,real,0,1,0,0,detected_uncorrectable
SUPP-NEG-V1-001,ecc_double_symbol,S3,stage4_pos0,2+4,0+34,imag,0,1,0,0,detected_uncorrectable
SUPP-NEG-V1-001,ecc_double_symbol,S3,stage4_pos0,2+4,17+17,real,0,1,0,0,detected_uncorrectable
SUPP-NEG-V1-001,ecc_double_symbol,S3,stage4_pos0,2+4,17+17,imag,0,1,1,0,miscorrected
SUPP-NEG-V1-001,ecc_double_symbol,S3,stage4_pos0,2+4,34+34,real,0,1,0,0,detected_uncorrectable
SUPP-NEG-V1-001,ecc_double_symbol,S3,stage4_pos0,2+4,34+34,imag,0,1,1,0,miscorrected
SUPP-NEG-V1-001,ecc_double_symbol,S3,stage4_pos0,2+5,0+0,real,0,1,0,0,detected_uncorrectable
SUPP-NEG-V1-001,ecc_double_symbol,S3,stage4_pos0,2+5,0+0,imag,0,1,1,0,miscorrected
SUPP-NEG-V1-001,ecc_double_symbol,S3,stage4_pos0,2+5,0+34,real,0,1,0,0,detected_uncorrectable
SUPP-NEG-V1-001,ecc_double_symbol,S3,stage4_pos0,2+5,0+34,imag,0,1,0,0,detected_uncorrectable
SUPP-NEG-V1-001,ecc_double_symbol,S3,stage4_pos0,2+5,17+17,real,0,1,0,0,detected_uncorrectable
SUPP-NEG-V1-001,ecc_double_symbol,S3,stage4_pos0,2+5,17+17,imag,0,1,1,0,miscorrected
SUPP-NEG-V1-001,ecc_double_symbol,S3,stage4_pos0,2+5,34+34,real,0,1,0,0,detected_uncorrectable
SUPP-NEG-V1-001,ecc_double_symbol,S3,stage4_pos0,2+5,34+34,imag,0,1,1,0,miscorrected
SUPP-NEG-V1-001,ecc_double_symbol,S3,stage4_pos0,3+4,0+0,real,0,1,1,0,miscorrected
SUPP-NEG-V1-001,ecc_double_symbol,S3,stage4_pos0,3+4,0+0,imag,0,1,1,0,miscorrected
SUPP-NEG-V1-001,ecc_double_symbol,S3,stage4_pos0,3+4,0+34,real,0,1,0,0,detected_uncorrectable
SUPP-NEG-V1-001,ecc_double_symbol,S3,stage4_pos0,3+4,0+34,imag,0,1,0,0,detected_uncorrectable
SUPP-NEG-V1-001,ecc_double_symbol,S3,stage4_pos0,3+4,17+17,real,0,1,1,0,miscorrected
SUPP-NEG-V1-001,ecc_double_symbol,S3,stage4_pos0,3+4,17+17,imag,0,1,0,0,detected_uncorrectable
SUPP-NEG-V1-001,ecc_double_symbol,S3,stage4_pos0,3+4,34+34,real,0,1,1,0,miscorrected
SUPP-NEG-V1-001,ecc_double_symbol,S3,stage4_pos0,3+4,34+34,imag,0,1,0,0,detected_uncorrectable
SUPP-NEG-V1-001,ecc_double_symbol,S3,stage4_pos0,3+5,0+0,real,0,1,0,0,detected_uncorrectable
SUPP-NEG-V1-001,ecc_double_symbol,S3,stage4_pos0,3+5,0+0,imag,0,1,0,0,detected_uncorrectable
SUPP-NEG-V1-001,ecc_double_symbol,S3,stage4_pos0,3+5,0+34,real,0,1,0,0,detected_uncorrectable
SUPP-NEG-V1-001,ecc_double_symbol,S3,stage4_pos0,3+5,0+34,imag,0,1,0,0,detected_uncorrectable
SUPP-NEG-V1-001,ecc_double_symbol,S3,stage4_pos0,3+5,17+17,real,0,1,0,0,detected_uncorrectable
SUPP-NEG-V1-001,ecc_double_symbol,S3,stage4_pos0,3+5,17+17,imag,0,1,0,0,detected_uncorrectable
SUPP-NEG-V1-001,ecc_double_symbol,S3,stage4_pos0,3+5,34+34,real,0,1,0,0,detected_uncorrectable
SUPP-NEG-V1-001,ecc_double_symbol,S3,stage4_pos0,3+5,34+34,imag,0,1,0,0,detected_uncorrectable
SUPP-NEG-V1-001,ecc_double_symbol,S3,stage4_pos0,4+5,0+0,real,0,1,1,0,miscorrected
SUPP-NEG-V1-001,ecc_double_symbol,S3,stage4_pos0,4+5,0+0,imag,0,1,1,0,miscorrected
SUPP-NEG-V1-001,ecc_double_symbol,S3,stage4_pos0,4+5,0+34,real,0,1,0,1,detected_uncorrectable
SUPP-NEG-V1-001,ecc_double_symbol,S3,stage4_pos0,4+5,0+34,imag,0,1,0,1,detected_uncorrectable
SUPP-NEG-V1-001,ecc_double_symbol,S3,stage4_pos0,4+5,17+17,real,0,1,1,0,miscorrected
SUPP-NEG-V1-001,ecc_double_symbol,S3,stage4_pos0,4+5,17+17,imag,0,1,1,0,miscorrected
SUPP-NEG-V1-001,ecc_double_symbol,S3,stage4_pos0,4+5,34+34,real,0,1,0,1,detected_uncorrectable
SUPP-NEG-V1-001,ecc_double_symbol,S3,stage4_pos0,4+5,34+34,imag,0,1,1,0,miscorrected
SUPP-NEG-V1-001,ecc_double_symbol,S3,stage8_pos0,0+1,0+0,real,0,1,0,0,detected_uncorrectable
SUPP-NEG-V1-001,ecc_double_symbol,S3,stage8_pos0,0+1,0+0,imag,0,1,0,0,detected_uncorrectable
SUPP-NEG-V1-001,ecc_double_symbol,S3,stage8_pos0,0+1,0+34,real,0,1,0,0,detected_uncorrectable
SUPP-NEG-V1-001,ecc_double_symbol,S3,stage8_pos0,0+1,0+34,imag,0,1,0,0,detected_uncorrectable
SUPP-NEG-V1-001,ecc_double_symbol,S3,stage8_pos0,0+1,17+17,real,0,1,1,0,miscorrected
SUPP-NEG-V1-001,ecc_double_symbol,S3,stage8_pos0,0+1,17+17,imag,0,1,1,0,miscorrected
SUPP-NEG-V1-001,ecc_double_symbol,S3,stage8_pos0,0+1,34+34,real,0,1,1,0,miscorrected
SUPP-NEG-V1-001,ecc_double_symbol,S3,stage8_pos0,0+1,34+34,imag,0,1,0,0,detected_uncorrectable
SUPP-NEG-V1-001,ecc_double_symbol,S3,stage8_pos0,0+2,0+0,real,0,1,1,0,miscorrected
SUPP-NEG-V1-001,ecc_double_symbol,S3,stage8_pos0,0+2,0+0,imag,0,1,1,0,miscorrected
SUPP-NEG-V1-001,ecc_double_symbol,S3,stage8_pos0,0+2,0+34,real,0,1,0,0,detected_uncorrectable
SUPP-NEG-V1-001,ecc_double_symbol,S3,stage8_pos0,0+2,0+34,imag,0,1,0,0,detected_uncorrectable
SUPP-NEG-V1-001,ecc_double_symbol,S3,stage8_pos0,0+2,17+17,real,0,1,1,0,miscorrected
SUPP-NEG-V1-001,ecc_double_symbol,S3,stage8_pos0,0+2,17+17,imag,0,1,1,0,miscorrected
SUPP-NEG-V1-001,ecc_double_symbol,S3,stage8_pos0,0+2,34+34,real,0,1,0,0,detected_uncorrectable
SUPP-NEG-V1-001,ecc_double_symbol,S3,stage8_pos0,0+2,34+34,imag,0,1,0,0,detected_uncorrectable
SUPP-NEG-V1-001,ecc_double_symbol,S3,stage8_pos0,0+3,0+0,real,0,1,1,0,miscorrected
SUPP-NEG-V1-001,ecc_double_symbol,S3,stage8_pos0,0+3,0+0,imag,0,1,0,0,detected_uncorrectable
SUPP-NEG-V1-001,ecc_double_symbol,S3,stage8_pos0,0+3,0+34,real,0,1,0,0,detected_uncorrectable
SUPP-NEG-V1-001,ecc_double_symbol,S3,stage8_pos0,0+3,0+34,imag,0,1,0,0,detected_uncorrectable
SUPP-NEG-V1-001,ecc_double_symbol,S3,stage8_pos0,0+3,17+17,real,0,1,0,0,detected_uncorrectable
SUPP-NEG-V1-001,ecc_double_symbol,S3,stage8_pos0,0+3,17+17,imag,0,1,1,0,miscorrected
SUPP-NEG-V1-001,ecc_double_symbol,S3,stage8_pos0,0+3,34+34,real,0,1,0,0,detected_uncorrectable
SUPP-NEG-V1-001,ecc_double_symbol,S3,stage8_pos0,0+3,34+34,imag,0,1,1,0,miscorrected
SUPP-NEG-V1-001,ecc_double_symbol,S3,stage8_pos0,0+4,0+0,real,0,1,1,0,miscorrected
SUPP-NEG-V1-001,ecc_double_symbol,S3,stage8_pos0,0+4,0+0,imag,0,1,0,0,detected_uncorrectable
SUPP-NEG-V1-001,ecc_double_symbol,S3,stage8_pos0,0+4,0+34,real,0,1,0,0,detected_uncorrectable
SUPP-NEG-V1-001,ecc_double_symbol,S3,stage8_pos0,0+4,0+34,imag,0,1,0,0,detected_uncorrectable
SUPP-NEG-V1-001,ecc_double_symbol,S3,stage8_pos0,0+4,17+17,real,0,1,1,0,miscorrected
SUPP-NEG-V1-001,ecc_double_symbol,S3,stage8_pos0,0+4,17+17,imag,0,1,1,0,miscorrected
SUPP-NEG-V1-001,ecc_double_symbol,S3,stage8_pos0,0+4,34+34,real,0,1,1,0,miscorrected
SUPP-NEG-V1-001,ecc_double_symbol,S3,stage8_pos0,0+4,34+34,imag,0,1,1,0,miscorrected
SUPP-NEG-V1-001,ecc_double_symbol,S3,stage8_pos0,0+5,0+0,real,0,1,1,0,miscorrected
SUPP-NEG-V1-001,ecc_double_symbol,S3,stage8_pos0,0+5,0+0,imag,0,1,1,0,miscorrected
SUPP-NEG-V1-001,ecc_double_symbol,S3,stage8_pos0,0+5,0+34,real,0,1,0,0,detected_uncorrectable
SUPP-NEG-V1-001,ecc_double_symbol,S3,stage8_pos0,0+5,0+34,imag,0,1,0,0,detected_uncorrectable
SUPP-NEG-V1-001,ecc_double_symbol,S3,stage8_pos0,0+5,17+17,real,0,1,1,0,miscorrected
SUPP-NEG-V1-001,ecc_double_symbol,S3,stage8_pos0,0+5,17+17,imag,0,1,1,0,miscorrected
SUPP-NEG-V1-001,ecc_double_symbol,S3,stage8_pos0,0+5,34+34,real,0,1,1,0,miscorrected
SUPP-NEG-V1-001,ecc_double_symbol,S3,stage8_pos0,0+5,34+34,imag,0,1,1,0,miscorrected
SUPP-NEG-V1-001,ecc_double_symbol,S3,stage8_pos0,1+2,0+0,real,0,1,1,0,miscorrected
SUPP-NEG-V1-001,ecc_double_symbol,S3,stage8_pos0,1+2,0+0,imag,0,1,1,0,miscorrected
SUPP-NEG-V1-001,ecc_double_symbol,S3,stage8_pos0,1+2,0+34,real,0,1,0,0,detected_uncorrectable
SUPP-NEG-V1-001,ecc_double_symbol,S3,stage8_pos0,1+2,0+34,imag,0,1,0,0,detected_uncorrectable
SUPP-NEG-V1-001,ecc_double_symbol,S3,stage8_pos0,1+2,17+17,real,0,1,1,0,miscorrected
SUPP-NEG-V1-001,ecc_double_symbol,S3,stage8_pos0,1+2,17+17,imag,0,1,1,0,miscorrected
SUPP-NEG-V1-001,ecc_double_symbol,S3,stage8_pos0,1+2,34+34,real,0,1,0,0,detected_uncorrectable
SUPP-NEG-V1-001,ecc_double_symbol,S3,stage8_pos0,1+2,34+34,imag,0,1,0,0,detected_uncorrectable
SUPP-NEG-V1-001,ecc_double_symbol,S3,stage8_pos0,1+3,0+0,real,0,1,1,0,miscorrected
SUPP-NEG-V1-001,ecc_double_symbol,S3,stage8_pos0,1+3,0+0,imag,0,1,1,0,miscorrected
SUPP-NEG-V1-001,ecc_double_symbol,S3,stage8_pos0,1+3,0+34,real,0,1,0,0,detected_uncorrectable
SUPP-NEG-V1-001,ecc_double_symbol,S3,stage8_pos0,1+3,0+34,imag,0,1,0,0,detected_uncorrectable
SUPP-NEG-V1-001,ecc_double_symbol,S3,stage8_pos0,1+3,17+17,real,0,1,1,0,miscorrected
SUPP-NEG-V1-001,ecc_double_symbol,S3,stage8_pos0,1+3,17+17,imag,0,1,1,0,miscorrected
SUPP-NEG-V1-001,ecc_double_symbol,S3,stage8_pos0,1+3,34+34,real,0,1,0,0,detected_uncorrectable
SUPP-NEG-V1-001,ecc_double_symbol,S3,stage8_pos0,1+3,34+34,imag,0,1,0,0,detected_uncorrectable
SUPP-NEG-V1-001,ecc_double_symbol,S3,stage8_pos0,1+4,0+0,real,0,1,1,0,miscorrected
SUPP-NEG-V1-001,ecc_double_symbol,S3,stage8_pos0,1+4,0+0,imag,0,1,0,0,detected_uncorrectable
SUPP-NEG-V1-001,ecc_double_symbol,S3,stage8_pos0,1+4,0+34,real,0,1,0,0,detected_uncorrectable
SUPP-NEG-V1-001,ecc_double_symbol,S3,stage8_pos0,1+4,0+34,imag,0,1,0,0,detected_uncorrectable
SUPP-NEG-V1-001,ecc_double_symbol,S3,stage8_pos0,1+4,17+17,real,0,1,0,0,detected_uncorrectable
SUPP-NEG-V1-001,ecc_double_symbol,S3,stage8_pos0,1+4,17+17,imag,0,1,0,0,detected_uncorrectable
SUPP-NEG-V1-001,ecc_double_symbol,S3,stage8_pos0,1+4,34+34,real,0,1,0,0,detected_uncorrectable
SUPP-NEG-V1-001,ecc_double_symbol,S3,stage8_pos0,1+4,34+34,imag,0,1,0,0,detected_uncorrectable
SUPP-NEG-V1-001,ecc_double_symbol,S3,stage8_pos0,1+5,0+0,real,0,1,0,0,detected_uncorrectable
SUPP-NEG-V1-001,ecc_double_symbol,S3,stage8_pos0,1+5,0+0,imag,0,1,0,0,detected_uncorrectable
SUPP-NEG-V1-001,ecc_double_symbol,S3,stage8_pos0,1+5,0+34,real,0,1,0,0,detected_uncorrectable
SUPP-NEG-V1-001,ecc_double_symbol,S3,stage8_pos0,1+5,0+34,imag,0,1,0,0,detected_uncorrectable
SUPP-NEG-V1-001,ecc_double_symbol,S3,stage8_pos0,1+5,17+17,real,0,1,0,0,detected_uncorrectable
SUPP-NEG-V1-001,ecc_double_symbol,S3,stage8_pos0,1+5,17+17,imag,0,1,0,0,detected_uncorrectable
SUPP-NEG-V1-001,ecc_double_symbol,S3,stage8_pos0,1+5,34+34,real,0,1,0,0,detected_uncorrectable
SUPP-NEG-V1-001,ecc_double_symbol,S3,stage8_pos0,1+5,34+34,imag,0,1,0,0,detected_uncorrectable
SUPP-NEG-V1-001,ecc_double_symbol,S3,stage8_pos0,2+3,0+0,real,0,1,0,0,detected_uncorrectable
SUPP-NEG-V1-001,ecc_double_symbol,S3,stage8_pos0,2+3,0+0,imag,0,1,1,0,miscorrected
SUPP-NEG-V1-001,ecc_double_symbol,S3,stage8_pos0,2+3,0+34,real,0,1,0,0,detected_uncorrectable
SUPP-NEG-V1-001,ecc_double_symbol,S3,stage8_pos0,2+3,0+34,imag,0,1,0,0,detected_uncorrectable
SUPP-NEG-V1-001,ecc_double_symbol,S3,stage8_pos0,2+3,17+17,real,0,1,0,0,detected_uncorrectable
SUPP-NEG-V1-001,ecc_double_symbol,S3,stage8_pos0,2+3,17+17,imag,0,1,1,0,miscorrected
SUPP-NEG-V1-001,ecc_double_symbol,S3,stage8_pos0,2+3,34+34,real,0,1,0,0,detected_uncorrectable
SUPP-NEG-V1-001,ecc_double_symbol,S3,stage8_pos0,2+3,34+34,imag,0,1,0,0,detected_uncorrectable
SUPP-NEG-V1-001,ecc_double_symbol,S3,stage8_pos0,2+4,0+0,real,0,1,0,0,detected_uncorrectable
SUPP-NEG-V1-001,ecc_double_symbol,S3,stage8_pos0,2+4,0+0,imag,0,1,1,0,miscorrected
SUPP-NEG-V1-001,ecc_double_symbol,S3,stage8_pos0,2+4,0+34,real,0,1,0,0,detected_uncorrectable
SUPP-NEG-V1-001,ecc_double_symbol,S3,stage8_pos0,2+4,0+34,imag,0,1,0,0,detected_uncorrectable
SUPP-NEG-V1-001,ecc_double_symbol,S3,stage8_pos0,2+4,17+17,real,0,1,1,0,miscorrected
SUPP-NEG-V1-001,ecc_double_symbol,S3,stage8_pos0,2+4,17+17,imag,0,1,1,0,miscorrected
SUPP-NEG-V1-001,ecc_double_symbol,S3,stage8_pos0,2+4,34+34,real,0,1,0,0,detected_uncorrectable
SUPP-NEG-V1-001,ecc_double_symbol,S3,stage8_pos0,2+4,34+34,imag,0,1,0,0,detected_uncorrectable
SUPP-NEG-V1-001,ecc_double_symbol,S3,stage8_pos0,2+5,0+0,real,0,1,1,0,miscorrected
SUPP-NEG-V1-001,ecc_double_symbol,S3,stage8_pos0,2+5,0+0,imag,0,1,1,0,miscorrected
SUPP-NEG-V1-001,ecc_double_symbol,S3,stage8_pos0,2+5,0+34,real,0,1,0,0,detected_uncorrectable
SUPP-NEG-V1-001,ecc_double_symbol,S3,stage8_pos0,2+5,0+34,imag,0,1,0,0,detected_uncorrectable
SUPP-NEG-V1-001,ecc_double_symbol,S3,stage8_pos0,2+5,17+17,real,0,1,0,0,detected_uncorrectable
SUPP-NEG-V1-001,ecc_double_symbol,S3,stage8_pos0,2+5,17+17,imag,0,1,0,0,detected_uncorrectable
SUPP-NEG-V1-001,ecc_double_symbol,S3,stage8_pos0,2+5,34+34,real,0,1,0,0,detected_uncorrectable
SUPP-NEG-V1-001,ecc_double_symbol,S3,stage8_pos0,2+5,34+34,imag,0,1,0,0,detected_uncorrectable
SUPP-NEG-V1-001,ecc_double_symbol,S3,stage8_pos0,3+4,0+0,real,0,1,0,0,detected_uncorrectable
SUPP-NEG-V1-001,ecc_double_symbol,S3,stage8_pos0,3+4,0+0,imag,0,1,0,0,detected_uncorrectable
SUPP-NEG-V1-001,ecc_double_symbol,S3,stage8_pos0,3+4,0+34,real,0,1,0,0,detected_uncorrectable
SUPP-NEG-V1-001,ecc_double_symbol,S3,stage8_pos0,3+4,0+34,imag,0,1,0,0,detected_uncorrectable
SUPP-NEG-V1-001,ecc_double_symbol,S3,stage8_pos0,3+4,17+17,real,0,1,1,0,miscorrected
SUPP-NEG-V1-001,ecc_double_symbol,S3,stage8_pos0,3+4,17+17,imag,0,1,0,0,detected_uncorrectable
SUPP-NEG-V1-001,ecc_double_symbol,S3,stage8_pos0,3+4,34+34,real,0,1,1,0,miscorrected
SUPP-NEG-V1-001,ecc_double_symbol,S3,stage8_pos0,3+4,34+34,imag,0,1,0,0,detected_uncorrectable
SUPP-NEG-V1-001,ecc_double_symbol,S3,stage8_pos0,3+5,0+0,real,0,1,0,0,detected_uncorrectable
SUPP-NEG-V1-001,ecc_double_symbol,S3,stage8_pos0,3+5,0+0,imag,0,1,0,0,detected_uncorrectable
SUPP-NEG-V1-001,ecc_double_symbol,S3,stage8_pos0,3+5,0+34,real,0,1,0,0,detected_uncorrectable
SUPP-NEG-V1-001,ecc_double_symbol,S3,stage8_pos0,3+5,0+34,imag,0,1,0,0,detected_uncorrectable
SUPP-NEG-V1-001,ecc_double_symbol,S3,stage8_pos0,3+5,17+17,real,0,1,0,0,detected_uncorrectable
SUPP-NEG-V1-001,ecc_double_symbol,S3,stage8_pos0,3+5,17+17,imag,0,1,0,0,detected_uncorrectable
SUPP-NEG-V1-001,ecc_double_symbol,S3,stage8_pos0,3+5,34+34,real,0,1,0,0,detected_uncorrectable
SUPP-NEG-V1-001,ecc_double_symbol,S3,stage8_pos0,3+5,34+34,imag,0,1,0,0,detected_uncorrectable
SUPP-NEG-V1-001,ecc_double_symbol,S3,stage8_pos0,4+5,0+0,real,0,1,1,0,miscorrected
SUPP-NEG-V1-001,ecc_double_symbol,S3,stage8_pos0,4+5,0+0,imag,0,1,1,0,miscorrected
SUPP-NEG-V1-001,ecc_double_symbol,S3,stage8_pos0,4+5,0+34,real,0,1,0,1,detected_uncorrectable
SUPP-NEG-V1-001,ecc_double_symbol,S3,stage8_pos0,4+5,0+34,imag,0,1,0,1,detected_uncorrectable
SUPP-NEG-V1-001,ecc_double_symbol,S3,stage8_pos0,4+5,17+17,real,0,1,1,0,miscorrected
SUPP-NEG-V1-001,ecc_double_symbol,S3,stage8_pos0,4+5,17+17,imag,0,1,1,0,miscorrected
SUPP-NEG-V1-001,ecc_double_symbol,S3,stage8_pos0,4+5,34+34,real,0,1,1,0,miscorrected
SUPP-NEG-V1-001,ecc_double_symbol,S3,stage8_pos0,4+5,34+34,imag,0,1,1,0,miscorrected
SUPP-NEG-V1-001,ecc_double_symbol,P1,stage1_beat0,0+1,0+0,real,0,1,0,0,detected_uncorrectable
SUPP-NEG-V1-001,ecc_double_symbol,P1,stage1_beat0,0+1,0+0,imag,0,1,1,0,miscorrected
SUPP-NEG-V1-001,ecc_double_symbol,P1,stage1_beat0,0+1,0+34,real,0,1,0,0,detected_uncorrectable
SUPP-NEG-V1-001,ecc_double_symbol,P1,stage1_beat0,0+1,0+34,imag,0,1,0,0,detected_uncorrectable
SUPP-NEG-V1-001,ecc_double_symbol,P1,stage1_beat0,0+1,17+17,real,0,1,1,0,miscorrected
SUPP-NEG-V1-001,ecc_double_symbol,P1,stage1_beat0,0+1,17+17,imag,0,1,1,0,miscorrected
SUPP-NEG-V1-001,ecc_double_symbol,P1,stage1_beat0,0+1,34+34,real,0,1,1,0,miscorrected
SUPP-NEG-V1-001,ecc_double_symbol,P1,stage1_beat0,0+1,34+34,imag,0,1,0,0,detected_uncorrectable
SUPP-NEG-V1-001,ecc_double_symbol,P1,stage1_beat0,0+2,0+0,real,0,1,1,0,miscorrected
SUPP-NEG-V1-001,ecc_double_symbol,P1,stage1_beat0,0+2,0+0,imag,0,1,1,0,miscorrected
SUPP-NEG-V1-001,ecc_double_symbol,P1,stage1_beat0,0+2,0+34,real,0,1,0,0,detected_uncorrectable
SUPP-NEG-V1-001,ecc_double_symbol,P1,stage1_beat0,0+2,0+34,imag,0,1,0,0,detected_uncorrectable
SUPP-NEG-V1-001,ecc_double_symbol,P1,stage1_beat0,0+2,17+17,real,0,1,1,0,miscorrected
SUPP-NEG-V1-001,ecc_double_symbol,P1,stage1_beat0,0+2,17+17,imag,0,1,1,0,miscorrected
SUPP-NEG-V1-001,ecc_double_symbol,P1,stage1_beat0,0+2,34+34,real,0,1,0,0,detected_uncorrectable
SUPP-NEG-V1-001,ecc_double_symbol,P1,stage1_beat0,0+2,34+34,imag,0,1,0,0,detected_uncorrectable
SUPP-NEG-V1-001,ecc_double_symbol,P1,stage1_beat0,0+3,0+0,real,0,1,1,0,miscorrected
SUPP-NEG-V1-001,ecc_double_symbol,P1,stage1_beat0,0+3,0+0,imag,0,1,1,0,miscorrected
SUPP-NEG-V1-001,ecc_double_symbol,P1,stage1_beat0,0+3,0+34,real,0,1,0,0,detected_uncorrectable
SUPP-NEG-V1-001,ecc_double_symbol,P1,stage1_beat0,0+3,0+34,imag,0,1,0,0,detected_uncorrectable
SUPP-NEG-V1-001,ecc_double_symbol,P1,stage1_beat0,0+3,17+17,real,0,1,0,0,detected_uncorrectable
SUPP-NEG-V1-001,ecc_double_symbol,P1,stage1_beat0,0+3,17+17,imag,0,1,1,0,miscorrected
SUPP-NEG-V1-001,ecc_double_symbol,P1,stage1_beat0,0+3,34+34,real,0,1,0,0,detected_uncorrectable
SUPP-NEG-V1-001,ecc_double_symbol,P1,stage1_beat0,0+3,34+34,imag,0,1,0,0,detected_uncorrectable
SUPP-NEG-V1-001,ecc_double_symbol,P1,stage1_beat0,0+4,0+0,real,0,1,1,0,miscorrected
SUPP-NEG-V1-001,ecc_double_symbol,P1,stage1_beat0,0+4,0+0,imag,0,1,1,0,miscorrected
SUPP-NEG-V1-001,ecc_double_symbol,P1,stage1_beat0,0+4,0+34,real,0,1,0,0,detected_uncorrectable
SUPP-NEG-V1-001,ecc_double_symbol,P1,stage1_beat0,0+4,0+34,imag,0,1,0,0,detected_uncorrectable
SUPP-NEG-V1-001,ecc_double_symbol,P1,stage1_beat0,0+4,17+17,real,0,1,0,0,detected_uncorrectable
SUPP-NEG-V1-001,ecc_double_symbol,P1,stage1_beat0,0+4,17+17,imag,0,1,0,0,detected_uncorrectable
SUPP-NEG-V1-001,ecc_double_symbol,P1,stage1_beat0,0+4,34+34,real,0,1,1,0,miscorrected
SUPP-NEG-V1-001,ecc_double_symbol,P1,stage1_beat0,0+4,34+34,imag,0,1,1,0,miscorrected
SUPP-NEG-V1-001,ecc_double_symbol,P1,stage1_beat0,0+5,0+0,real,0,1,0,0,detected_uncorrectable
SUPP-NEG-V1-001,ecc_double_symbol,P1,stage1_beat0,0+5,0+0,imag,0,1,1,0,miscorrected
SUPP-NEG-V1-001,ecc_double_symbol,P1,stage1_beat0,0+5,0+34,real,0,1,0,0,detected_uncorrectable
SUPP-NEG-V1-001,ecc_double_symbol,P1,stage1_beat0,0+5,0+34,imag,0,1,0,0,detected_uncorrectable
SUPP-NEG-V1-001,ecc_double_symbol,P1,stage1_beat0,0+5,17+17,real,0,1,1,0,miscorrected
SUPP-NEG-V1-001,ecc_double_symbol,P1,stage1_beat0,0+5,17+17,imag,0,1,0,0,detected_uncorrectable
SUPP-NEG-V1-001,ecc_double_symbol,P1,stage1_beat0,0+5,34+34,real,0,1,1,0,miscorrected
SUPP-NEG-V1-001,ecc_double_symbol,P1,stage1_beat0,0+5,34+34,imag,0,1,1,0,miscorrected
SUPP-NEG-V1-001,ecc_double_symbol,P1,stage1_beat0,1+2,0+0,real,0,1,1,0,miscorrected
SUPP-NEG-V1-001,ecc_double_symbol,P1,stage1_beat0,1+2,0+0,imag,0,1,0,0,detected_uncorrectable
SUPP-NEG-V1-001,ecc_double_symbol,P1,stage1_beat0,1+2,0+34,real,0,1,0,0,detected_uncorrectable
SUPP-NEG-V1-001,ecc_double_symbol,P1,stage1_beat0,1+2,0+34,imag,0,1,0,0,detected_uncorrectable
SUPP-NEG-V1-001,ecc_double_symbol,P1,stage1_beat0,1+2,17+17,real,0,1,0,0,detected_uncorrectable
SUPP-NEG-V1-001,ecc_double_symbol,P1,stage1_beat0,1+2,17+17,imag,0,1,0,0,detected_uncorrectable
SUPP-NEG-V1-001,ecc_double_symbol,P1,stage1_beat0,1+2,34+34,real,0,1,0,0,detected_uncorrectable
SUPP-NEG-V1-001,ecc_double_symbol,P1,stage1_beat0,1+2,34+34,imag,0,1,0,0,detected_uncorrectable
SUPP-NEG-V1-001,ecc_double_symbol,P1,stage1_beat0,1+3,0+0,real,0,1,1,0,miscorrected
SUPP-NEG-V1-001,ecc_double_symbol,P1,stage1_beat0,1+3,0+0,imag,0,1,1,0,miscorrected
SUPP-NEG-V1-001,ecc_double_symbol,P1,stage1_beat0,1+3,0+34,real,0,1,0,0,detected_uncorrectable
SUPP-NEG-V1-001,ecc_double_symbol,P1,stage1_beat0,1+3,0+34,imag,0,1,0,0,detected_uncorrectable
SUPP-NEG-V1-001,ecc_double_symbol,P1,stage1_beat0,1+3,17+17,real,0,1,1,0,miscorrected
SUPP-NEG-V1-001,ecc_double_symbol,P1,stage1_beat0,1+3,17+17,imag,0,1,1,0,miscorrected
SUPP-NEG-V1-001,ecc_double_symbol,P1,stage1_beat0,1+3,34+34,real,0,1,0,0,detected_uncorrectable
SUPP-NEG-V1-001,ecc_double_symbol,P1,stage1_beat0,1+3,34+34,imag,0,1,0,0,detected_uncorrectable
SUPP-NEG-V1-001,ecc_double_symbol,P1,stage1_beat0,1+4,0+0,real,0,1,1,0,miscorrected
SUPP-NEG-V1-001,ecc_double_symbol,P1,stage1_beat0,1+4,0+0,imag,0,1,0,0,detected_uncorrectable
SUPP-NEG-V1-001,ecc_double_symbol,P1,stage1_beat0,1+4,0+34,real,0,1,0,0,detected_uncorrectable
SUPP-NEG-V1-001,ecc_double_symbol,P1,stage1_beat0,1+4,0+34,imag,0,1,0,0,detected_uncorrectable
SUPP-NEG-V1-001,ecc_double_symbol,P1,stage1_beat0,1+4,17+17,real,0,1,1,0,miscorrected
SUPP-NEG-V1-001,ecc_double_symbol,P1,stage1_beat0,1+4,17+17,imag,0,1,1,0,miscorrected
SUPP-NEG-V1-001,ecc_double_symbol,P1,stage1_beat0,1+4,34+34,real,0,1,0,0,detected_uncorrectable
SUPP-NEG-V1-001,ecc_double_symbol,P1,stage1_beat0,1+4,34+34,imag,0,1,1,0,miscorrected
SUPP-NEG-V1-001,ecc_double_symbol,P1,stage1_beat0,1+5,0+0,real,0,1,0,0,detected_uncorrectable
SUPP-NEG-V1-001,ecc_double_symbol,P1,stage1_beat0,1+5,0+0,imag,0,1,0,0,detected_uncorrectable
SUPP-NEG-V1-001,ecc_double_symbol,P1,stage1_beat0,1+5,0+34,real,0,1,0,0,detected_uncorrectable
SUPP-NEG-V1-001,ecc_double_symbol,P1,stage1_beat0,1+5,0+34,imag,0,1,0,0,detected_uncorrectable
SUPP-NEG-V1-001,ecc_double_symbol,P1,stage1_beat0,1+5,17+17,real,0,1,0,0,detected_uncorrectable
SUPP-NEG-V1-001,ecc_double_symbol,P1,stage1_beat0,1+5,17+17,imag,0,1,0,0,detected_uncorrectable
SUPP-NEG-V1-001,ecc_double_symbol,P1,stage1_beat0,1+5,34+34,real,0,1,0,0,detected_uncorrectable
SUPP-NEG-V1-001,ecc_double_symbol,P1,stage1_beat0,1+5,34+34,imag,0,1,0,0,detected_uncorrectable
SUPP-NEG-V1-001,ecc_double_symbol,P1,stage1_beat0,2+3,0+0,real,0,1,0,0,detected_uncorrectable
SUPP-NEG-V1-001,ecc_double_symbol,P1,stage1_beat0,2+3,0+0,imag,0,1,0,0,detected_uncorrectable
SUPP-NEG-V1-001,ecc_double_symbol,P1,stage1_beat0,2+3,0+34,real,0,1,0,0,detected_uncorrectable
SUPP-NEG-V1-001,ecc_double_symbol,P1,stage1_beat0,2+3,0+34,imag,0,1,0,0,detected_uncorrectable
SUPP-NEG-V1-001,ecc_double_symbol,P1,stage1_beat0,2+3,17+17,real,0,1,1,0,miscorrected
SUPP-NEG-V1-001,ecc_double_symbol,P1,stage1_beat0,2+3,17+17,imag,0,1,0,0,detected_uncorrectable
SUPP-NEG-V1-001,ecc_double_symbol,P1,stage1_beat0,2+3,34+34,real,0,1,1,0,miscorrected
SUPP-NEG-V1-001,ecc_double_symbol,P1,stage1_beat0,2+3,34+34,imag,0,1,0,0,detected_uncorrectable
SUPP-NEG-V1-001,ecc_double_symbol,P1,stage1_beat0,2+4,0+0,real,0,1,0,0,detected_uncorrectable
SUPP-NEG-V1-001,ecc_double_symbol,P1,stage1_beat0,2+4,0+0,imag,0,1,0,0,detected_uncorrectable
SUPP-NEG-V1-001,ecc_double_symbol,P1,stage1_beat0,2+4,0+34,real,0,1,0,0,detected_uncorrectable
SUPP-NEG-V1-001,ecc_double_symbol,P1,stage1_beat0,2+4,0+34,imag,0,1,0,0,detected_uncorrectable
SUPP-NEG-V1-001,ecc_double_symbol,P1,stage1_beat0,2+4,17+17,real,0,1,1,0,miscorrected
SUPP-NEG-V1-001,ecc_double_symbol,P1,stage1_beat0,2+4,17+17,imag,0,1,1,0,miscorrected
SUPP-NEG-V1-001,ecc_double_symbol,P1,stage1_beat0,2+4,34+34,real,0,1,0,0,detected_uncorrectable
SUPP-NEG-V1-001,ecc_double_symbol,P1,stage1_beat0,2+4,34+34,imag,0,1,0,0,detected_uncorrectable
SUPP-NEG-V1-001,ecc_double_symbol,P1,stage1_beat0,2+5,0+0,real,0,1,0,0,detected_uncorrectable
SUPP-NEG-V1-001,ecc_double_symbol,P1,stage1_beat0,2+5,0+0,imag,0,1,1,0,miscorrected
SUPP-NEG-V1-001,ecc_double_symbol,P1,stage1_beat0,2+5,0+34,real,0,1,0,0,detected_uncorrectable
SUPP-NEG-V1-001,ecc_double_symbol,P1,stage1_beat0,2+5,0+34,imag,0,1,0,0,detected_uncorrectable
SUPP-NEG-V1-001,ecc_double_symbol,P1,stage1_beat0,2+5,17+17,real,0,1,1,0,miscorrected
SUPP-NEG-V1-001,ecc_double_symbol,P1,stage1_beat0,2+5,17+17,imag,0,1,0,0,detected_uncorrectable
SUPP-NEG-V1-001,ecc_double_symbol,P1,stage1_beat0,2+5,34+34,real,0,1,0,0,detected_uncorrectable
SUPP-NEG-V1-001,ecc_double_symbol,P1,stage1_beat0,2+5,34+34,imag,0,1,0,0,detected_uncorrectable
SUPP-NEG-V1-001,ecc_double_symbol,P1,stage1_beat0,3+4,0+0,real,0,1,0,0,detected_uncorrectable
SUPP-NEG-V1-001,ecc_double_symbol,P1,stage1_beat0,3+4,0+0,imag,0,1,0,0,detected_uncorrectable
SUPP-NEG-V1-001,ecc_double_symbol,P1,stage1_beat0,3+4,0+34,real,0,1,0,0,detected_uncorrectable
SUPP-NEG-V1-001,ecc_double_symbol,P1,stage1_beat0,3+4,0+34,imag,0,1,0,0,detected_uncorrectable
SUPP-NEG-V1-001,ecc_double_symbol,P1,stage1_beat0,3+4,17+17,real,0,1,0,0,detected_uncorrectable
SUPP-NEG-V1-001,ecc_double_symbol,P1,stage1_beat0,3+4,17+17,imag,0,1,1,0,miscorrected
SUPP-NEG-V1-001,ecc_double_symbol,P1,stage1_beat0,3+4,34+34,real,0,1,1,0,miscorrected
SUPP-NEG-V1-001,ecc_double_symbol,P1,stage1_beat0,3+4,34+34,imag,0,1,0,0,detected_uncorrectable
SUPP-NEG-V1-001,ecc_double_symbol,P1,stage1_beat0,3+5,0+0,real,0,1,0,0,detected_uncorrectable
SUPP-NEG-V1-001,ecc_double_symbol,P1,stage1_beat0,3+5,0+0,imag,0,1,0,0,detected_uncorrectable
SUPP-NEG-V1-001,ecc_double_symbol,P1,stage1_beat0,3+5,0+34,real,0,1,0,0,detected_uncorrectable
SUPP-NEG-V1-001,ecc_double_symbol,P1,stage1_beat0,3+5,0+34,imag,0,1,0,0,detected_uncorrectable
SUPP-NEG-V1-001,ecc_double_symbol,P1,stage1_beat0,3+5,17+17,real,0,1,0,0,detected_uncorrectable
SUPP-NEG-V1-001,ecc_double_symbol,P1,stage1_beat0,3+5,17+17,imag,0,1,0,0,detected_uncorrectable
SUPP-NEG-V1-001,ecc_double_symbol,P1,stage1_beat0,3+5,34+34,real,0,1,0,0,detected_uncorrectable
SUPP-NEG-V1-001,ecc_double_symbol,P1,stage1_beat0,3+5,34+34,imag,0,1,0,0,detected_uncorrectable
SUPP-NEG-V1-001,ecc_double_symbol,P1,stage1_beat0,4+5,0+0,real,0,1,1,0,miscorrected
SUPP-NEG-V1-001,ecc_double_symbol,P1,stage1_beat0,4+5,0+0,imag,0,1,1,0,miscorrected
SUPP-NEG-V1-001,ecc_double_symbol,P1,stage1_beat0,4+5,0+34,real,0,1,0,1,detected_uncorrectable
SUPP-NEG-V1-001,ecc_double_symbol,P1,stage1_beat0,4+5,0+34,imag,0,1,0,1,detected_uncorrectable
SUPP-NEG-V1-001,ecc_double_symbol,P1,stage1_beat0,4+5,17+17,real,0,1,1,0,miscorrected
SUPP-NEG-V1-001,ecc_double_symbol,P1,stage1_beat0,4+5,17+17,imag,0,1,1,0,miscorrected
SUPP-NEG-V1-001,ecc_double_symbol,P1,stage1_beat0,4+5,34+34,real,0,1,1,0,miscorrected
SUPP-NEG-V1-001,ecc_double_symbol,P1,stage1_beat0,4+5,34+34,imag,0,1,1,0,miscorrected
SUPP-NEG-V1-001,ecc_double_symbol,P1,stage4_beat0,0+1,0+0,real,0,1,1,0,miscorrected
SUPP-NEG-V1-001,ecc_double_symbol,P1,stage4_beat0,0+1,0+0,imag,0,1,1,0,miscorrected
SUPP-NEG-V1-001,ecc_double_symbol,P1,stage4_beat0,0+1,0+34,real,0,1,0,0,detected_uncorrectable
SUPP-NEG-V1-001,ecc_double_symbol,P1,stage4_beat0,0+1,0+34,imag,0,1,0,0,detected_uncorrectable
SUPP-NEG-V1-001,ecc_double_symbol,P1,stage4_beat0,0+1,17+17,real,0,1,0,0,detected_uncorrectable
SUPP-NEG-V1-001,ecc_double_symbol,P1,stage4_beat0,0+1,17+17,imag,0,1,0,0,detected_uncorrectable
SUPP-NEG-V1-001,ecc_double_symbol,P1,stage4_beat0,0+1,34+34,real,0,1,0,0,detected_uncorrectable
SUPP-NEG-V1-001,ecc_double_symbol,P1,stage4_beat0,0+1,34+34,imag,0,1,0,0,detected_uncorrectable
SUPP-NEG-V1-001,ecc_double_symbol,P1,stage4_beat0,0+2,0+0,real,0,1,1,0,miscorrected
SUPP-NEG-V1-001,ecc_double_symbol,P1,stage4_beat0,0+2,0+0,imag,0,1,1,0,miscorrected
SUPP-NEG-V1-001,ecc_double_symbol,P1,stage4_beat0,0+2,0+34,real,0,1,0,0,detected_uncorrectable
SUPP-NEG-V1-001,ecc_double_symbol,P1,stage4_beat0,0+2,0+34,imag,0,1,0,0,detected_uncorrectable
SUPP-NEG-V1-001,ecc_double_symbol,P1,stage4_beat0,0+2,17+17,real,0,1,1,0,miscorrected
SUPP-NEG-V1-001,ecc_double_symbol,P1,stage4_beat0,0+2,17+17,imag,0,1,1,0,miscorrected
SUPP-NEG-V1-001,ecc_double_symbol,P1,stage4_beat0,0+2,34+34,real,0,1,0,0,detected_uncorrectable
SUPP-NEG-V1-001,ecc_double_symbol,P1,stage4_beat0,0+2,34+34,imag,0,1,0,0,detected_uncorrectable
SUPP-NEG-V1-001,ecc_double_symbol,P1,stage4_beat0,0+3,0+0,real,0,1,1,0,miscorrected
SUPP-NEG-V1-001,ecc_double_symbol,P1,stage4_beat0,0+3,0+0,imag,0,1,0,0,detected_uncorrectable
SUPP-NEG-V1-001,ecc_double_symbol,P1,stage4_beat0,0+3,0+34,real,0,1,0,0,detected_uncorrectable
SUPP-NEG-V1-001,ecc_double_symbol,P1,stage4_beat0,0+3,0+34,imag,0,1,0,0,detected_uncorrectable
SUPP-NEG-V1-001,ecc_double_symbol,P1,stage4_beat0,0+3,17+17,real,0,1,1,0,miscorrected
SUPP-NEG-V1-001,ecc_double_symbol,P1,stage4_beat0,0+3,17+17,imag,0,1,1,0,miscorrected
SUPP-NEG-V1-001,ecc_double_symbol,P1,stage4_beat0,0+3,34+34,real,0,1,1,0,miscorrected
SUPP-NEG-V1-001,ecc_double_symbol,P1,stage4_beat0,0+3,34+34,imag,0,1,0,0,detected_uncorrectable
SUPP-NEG-V1-001,ecc_double_symbol,P1,stage4_beat0,0+4,0+0,real,0,1,0,0,detected_uncorrectable
SUPP-NEG-V1-001,ecc_double_symbol,P1,stage4_beat0,0+4,0+0,imag,0,1,1,0,miscorrected
SUPP-NEG-V1-001,ecc_double_symbol,P1,stage4_beat0,0+4,0+34,real,0,1,0,0,detected_uncorrectable
SUPP-NEG-V1-001,ecc_double_symbol,P1,stage4_beat0,0+4,0+34,imag,0,1,0,0,detected_uncorrectable
SUPP-NEG-V1-001,ecc_double_symbol,P1,stage4_beat0,0+4,17+17,real,0,1,0,0,detected_uncorrectable
SUPP-NEG-V1-001,ecc_double_symbol,P1,stage4_beat0,0+4,17+17,imag,0,1,1,0,miscorrected
SUPP-NEG-V1-001,ecc_double_symbol,P1,stage4_beat0,0+4,34+34,real,0,1,0,0,detected_uncorrectable
SUPP-NEG-V1-001,ecc_double_symbol,P1,stage4_beat0,0+4,34+34,imag,0,1,0,0,detected_uncorrectable
SUPP-NEG-V1-001,ecc_double_symbol,P1,stage4_beat0,0+5,0+0,real,0,1,0,0,detected_uncorrectable
SUPP-NEG-V1-001,ecc_double_symbol,P1,stage4_beat0,0+5,0+0,imag,0,1,1,0,miscorrected
SUPP-NEG-V1-001,ecc_double_symbol,P1,stage4_beat0,0+5,0+34,real,0,1,0,0,detected_uncorrectable
SUPP-NEG-V1-001,ecc_double_symbol,P1,stage4_beat0,0+5,0+34,imag,0,1,0,0,detected_uncorrectable
SUPP-NEG-V1-001,ecc_double_symbol,P1,stage4_beat0,0+5,17+17,real,0,1,1,0,miscorrected
SUPP-NEG-V1-001,ecc_double_symbol,P1,stage4_beat0,0+5,17+17,imag,0,1,0,0,detected_uncorrectable
SUPP-NEG-V1-001,ecc_double_symbol,P1,stage4_beat0,0+5,34+34,real,0,1,0,0,detected_uncorrectable
SUPP-NEG-V1-001,ecc_double_symbol,P1,stage4_beat0,0+5,34+34,imag,0,1,0,0,detected_uncorrectable
SUPP-NEG-V1-001,ecc_double_symbol,P1,stage4_beat0,1+2,0+0,real,0,1,0,0,detected_uncorrectable
SUPP-NEG-V1-001,ecc_double_symbol,P1,stage4_beat0,1+2,0+0,imag,0,1,0,0,detected_uncorrectable
SUPP-NEG-V1-001,ecc_double_symbol,P1,stage4_beat0,1+2,0+34,real,0,1,0,0,detected_uncorrectable
SUPP-NEG-V1-001,ecc_double_symbol,P1,stage4_beat0,1+2,0+34,imag,0,1,0,0,detected_uncorrectable
SUPP-NEG-V1-001,ecc_double_symbol,P1,stage4_beat0,1+2,17+17,real,0,1,0,0,detected_uncorrectable
SUPP-NEG-V1-001,ecc_double_symbol,P1,stage4_beat0,1+2,17+17,imag,0,1,0,0,detected_uncorrectable
SUPP-NEG-V1-001,ecc_double_symbol,P1,stage4_beat0,1+2,34+34,real,0,1,0,0,detected_uncorrectable
SUPP-NEG-V1-001,ecc_double_symbol,P1,stage4_beat0,1+2,34+34,imag,0,1,0,0,detected_uncorrectable
SUPP-NEG-V1-001,ecc_double_symbol,P1,stage4_beat0,1+3,0+0,real,0,1,1,0,miscorrected
SUPP-NEG-V1-001,ecc_double_symbol,P1,stage4_beat0,1+3,0+0,imag,0,1,1,0,miscorrected
SUPP-NEG-V1-001,ecc_double_symbol,P1,stage4_beat0,1+3,0+34,real,0,1,0,0,detected_uncorrectable
SUPP-NEG-V1-001,ecc_double_symbol,P1,stage4_beat0,1+3,0+34,imag,0,1,0,0,detected_uncorrectable
SUPP-NEG-V1-001,ecc_double_symbol,P1,stage4_beat0,1+3,17+17,real,0,1,1,0,miscorrected
SUPP-NEG-V1-001,ecc_double_symbol,P1,stage4_beat0,1+3,17+17,imag,0,1,1,0,miscorrected
SUPP-NEG-V1-001,ecc_double_symbol,P1,stage4_beat0,1+3,34+34,real,0,1,0,0,detected_uncorrectable
SUPP-NEG-V1-001,ecc_double_symbol,P1,stage4_beat0,1+3,34+34,imag,0,1,0,0,detected_uncorrectable
SUPP-NEG-V1-001,ecc_double_symbol,P1,stage4_beat0,1+4,0+0,real,0,1,1,0,miscorrected
SUPP-NEG-V1-001,ecc_double_symbol,P1,stage4_beat0,1+4,0+0,imag,0,1,0,0,detected_uncorrectable
SUPP-NEG-V1-001,ecc_double_symbol,P1,stage4_beat0,1+4,0+34,real,0,1,0,0,detected_uncorrectable
SUPP-NEG-V1-001,ecc_double_symbol,P1,stage4_beat0,1+4,0+34,imag,0,1,0,0,detected_uncorrectable
SUPP-NEG-V1-001,ecc_double_symbol,P1,stage4_beat0,1+4,17+17,real,0,1,0,0,detected_uncorrectable
SUPP-NEG-V1-001,ecc_double_symbol,P1,stage4_beat0,1+4,17+17,imag,0,1,1,0,miscorrected
SUPP-NEG-V1-001,ecc_double_symbol,P1,stage4_beat0,1+4,34+34,real,0,1,0,0,detected_uncorrectable
SUPP-NEG-V1-001,ecc_double_symbol,P1,stage4_beat0,1+4,34+34,imag,0,1,0,0,detected_uncorrectable
SUPP-NEG-V1-001,ecc_double_symbol,P1,stage4_beat0,1+5,0+0,real,0,1,0,0,detected_uncorrectable
SUPP-NEG-V1-001,ecc_double_symbol,P1,stage4_beat0,1+5,0+0,imag,0,1,0,0,detected_uncorrectable
SUPP-NEG-V1-001,ecc_double_symbol,P1,stage4_beat0,1+5,0+34,real,0,1,0,0,detected_uncorrectable
SUPP-NEG-V1-001,ecc_double_symbol,P1,stage4_beat0,1+5,0+34,imag,0,1,0,0,detected_uncorrectable
SUPP-NEG-V1-001,ecc_double_symbol,P1,stage4_beat0,1+5,17+17,real,0,1,0,0,detected_uncorrectable
SUPP-NEG-V1-001,ecc_double_symbol,P1,stage4_beat0,1+5,17+17,imag,0,1,0,0,detected_uncorrectable
SUPP-NEG-V1-001,ecc_double_symbol,P1,stage4_beat0,1+5,34+34,real,0,1,0,0,detected_uncorrectable
SUPP-NEG-V1-001,ecc_double_symbol,P1,stage4_beat0,1+5,34+34,imag,0,1,0,0,detected_uncorrectable
SUPP-NEG-V1-001,ecc_double_symbol,P1,stage4_beat0,2+3,0+0,real,0,1,0,0,detected_uncorrectable
SUPP-NEG-V1-001,ecc_double_symbol,P1,stage4_beat0,2+3,0+0,imag,0,1,1,0,miscorrected
SUPP-NEG-V1-001,ecc_double_symbol,P1,stage4_beat0,2+3,0+34,real,0,1,0,0,detected_uncorrectable
SUPP-NEG-V1-001,ecc_double_symbol,P1,stage4_beat0,2+3,0+34,imag,0,1,0,0,detected_uncorrectable
SUPP-NEG-V1-001,ecc_double_symbol,P1,stage4_beat0,2+3,17+17,real,0,1,1,0,miscorrected
SUPP-NEG-V1-001,ecc_double_symbol,P1,stage4_beat0,2+3,17+17,imag,0,1,1,0,miscorrected
SUPP-NEG-V1-001,ecc_double_symbol,P1,stage4_beat0,2+3,34+34,real,0,1,0,0,detected_uncorrectable
SUPP-NEG-V1-001,ecc_double_symbol,P1,stage4_beat0,2+3,34+34,imag,0,1,1,0,miscorrected
SUPP-NEG-V1-001,ecc_double_symbol,P1,stage4_beat0,2+4,0+0,real,0,1,1,0,miscorrected
SUPP-NEG-V1-001,ecc_double_symbol,P1,stage4_beat0,2+4,0+0,imag,0,1,0,0,detected_uncorrectable
SUPP-NEG-V1-001,ecc_double_symbol,P1,stage4_beat0,2+4,0+34,real,0,1,0,0,detected_uncorrectable
SUPP-NEG-V1-001,ecc_double_symbol,P1,stage4_beat0,2+4,0+34,imag,0,1,0,0,detected_uncorrectable
SUPP-NEG-V1-001,ecc_double_symbol,P1,stage4_beat0,2+4,17+17,real,0,1,0,0,detected_uncorrectable
SUPP-NEG-V1-001,ecc_double_symbol,P1,stage4_beat0,2+4,17+17,imag,0,1,1,0,miscorrected
SUPP-NEG-V1-001,ecc_double_symbol,P1,stage4_beat0,2+4,34+34,real,0,1,0,0,detected_uncorrectable
SUPP-NEG-V1-001,ecc_double_symbol,P1,stage4_beat0,2+4,34+34,imag,0,1,1,0,miscorrected
SUPP-NEG-V1-001,ecc_double_symbol,P1,stage4_beat0,2+5,0+0,real,0,1,0,0,detected_uncorrectable
SUPP-NEG-V1-001,ecc_double_symbol,P1,stage4_beat0,2+5,0+0,imag,0,1,1,0,miscorrected
SUPP-NEG-V1-001,ecc_double_symbol,P1,stage4_beat0,2+5,0+34,real,0,1,0,0,detected_uncorrectable
SUPP-NEG-V1-001,ecc_double_symbol,P1,stage4_beat0,2+5,0+34,imag,0,1,0,0,detected_uncorrectable
SUPP-NEG-V1-001,ecc_double_symbol,P1,stage4_beat0,2+5,17+17,real,0,1,0,0,detected_uncorrectable
SUPP-NEG-V1-001,ecc_double_symbol,P1,stage4_beat0,2+5,17+17,imag,0,1,1,0,miscorrected
SUPP-NEG-V1-001,ecc_double_symbol,P1,stage4_beat0,2+5,34+34,real,0,1,0,0,detected_uncorrectable
SUPP-NEG-V1-001,ecc_double_symbol,P1,stage4_beat0,2+5,34+34,imag,0,1,1,0,miscorrected
SUPP-NEG-V1-001,ecc_double_symbol,P1,stage4_beat0,3+4,0+0,real,0,1,1,0,miscorrected
SUPP-NEG-V1-001,ecc_double_symbol,P1,stage4_beat0,3+4,0+0,imag,0,1,1,0,miscorrected
SUPP-NEG-V1-001,ecc_double_symbol,P1,stage4_beat0,3+4,0+34,real,0,1,0,0,detected_uncorrectable
SUPP-NEG-V1-001,ecc_double_symbol,P1,stage4_beat0,3+4,0+34,imag,0,1,0,0,detected_uncorrectable
SUPP-NEG-V1-001,ecc_double_symbol,P1,stage4_beat0,3+4,17+17,real,0,1,1,0,miscorrected
SUPP-NEG-V1-001,ecc_double_symbol,P1,stage4_beat0,3+4,17+17,imag,0,1,0,0,detected_uncorrectable
SUPP-NEG-V1-001,ecc_double_symbol,P1,stage4_beat0,3+4,34+34,real,0,1,1,0,miscorrected
SUPP-NEG-V1-001,ecc_double_symbol,P1,stage4_beat0,3+4,34+34,imag,0,1,0,0,detected_uncorrectable
SUPP-NEG-V1-001,ecc_double_symbol,P1,stage4_beat0,3+5,0+0,real,0,1,0,0,detected_uncorrectable
SUPP-NEG-V1-001,ecc_double_symbol,P1,stage4_beat0,3+5,0+0,imag,0,1,0,0,detected_uncorrectable
SUPP-NEG-V1-001,ecc_double_symbol,P1,stage4_beat0,3+5,0+34,real,0,1,0,0,detected_uncorrectable
SUPP-NEG-V1-001,ecc_double_symbol,P1,stage4_beat0,3+5,0+34,imag,0,1,0,0,detected_uncorrectable
SUPP-NEG-V1-001,ecc_double_symbol,P1,stage4_beat0,3+5,17+17,real,0,1,0,0,detected_uncorrectable
SUPP-NEG-V1-001,ecc_double_symbol,P1,stage4_beat0,3+5,17+17,imag,0,1,0,0,detected_uncorrectable
SUPP-NEG-V1-001,ecc_double_symbol,P1,stage4_beat0,3+5,34+34,real,0,1,0,0,detected_uncorrectable
SUPP-NEG-V1-001,ecc_double_symbol,P1,stage4_beat0,3+5,34+34,imag,0,1,0,0,detected_uncorrectable
SUPP-NEG-V1-001,ecc_double_symbol,P1,stage4_beat0,4+5,0+0,real,0,1,1,0,miscorrected
SUPP-NEG-V1-001,ecc_double_symbol,P1,stage4_beat0,4+5,0+0,imag,0,1,1,0,miscorrected
SUPP-NEG-V1-001,ecc_double_symbol,P1,stage4_beat0,4+5,0+34,real,0,1,0,1,detected_uncorrectable
SUPP-NEG-V1-001,ecc_double_symbol,P1,stage4_beat0,4+5,0+34,imag,0,1,0,1,detected_uncorrectable
SUPP-NEG-V1-001,ecc_double_symbol,P1,stage4_beat0,4+5,17+17,real,0,1,1,0,miscorrected
SUPP-NEG-V1-001,ecc_double_symbol,P1,stage4_beat0,4+5,17+17,imag,0,1,1,0,miscorrected
SUPP-NEG-V1-001,ecc_double_symbol,P1,stage4_beat0,4+5,34+34,real,0,1,0,1,detected_uncorrectable
SUPP-NEG-V1-001,ecc_double_symbol,P1,stage4_beat0,4+5,34+34,imag,0,1,1,0,miscorrected
SUPP-NEG-V1-001,ecc_double_symbol,P1,stage7_beat0,0+1,0+0,real,0,1,0,0,detected_uncorrectable
SUPP-NEG-V1-001,ecc_double_symbol,P1,stage7_beat0,0+1,0+0,imag,0,1,0,0,detected_uncorrectable
SUPP-NEG-V1-001,ecc_double_symbol,P1,stage7_beat0,0+1,0+34,real,0,1,0,0,detected_uncorrectable
SUPP-NEG-V1-001,ecc_double_symbol,P1,stage7_beat0,0+1,0+34,imag,0,1,0,0,detected_uncorrectable
SUPP-NEG-V1-001,ecc_double_symbol,P1,stage7_beat0,0+1,17+17,real,0,1,1,0,miscorrected
SUPP-NEG-V1-001,ecc_double_symbol,P1,stage7_beat0,0+1,17+17,imag,0,1,1,0,miscorrected
SUPP-NEG-V1-001,ecc_double_symbol,P1,stage7_beat0,0+1,34+34,real,0,1,1,0,miscorrected
SUPP-NEG-V1-001,ecc_double_symbol,P1,stage7_beat0,0+1,34+34,imag,0,1,0,0,detected_uncorrectable
SUPP-NEG-V1-001,ecc_double_symbol,P1,stage7_beat0,0+2,0+0,real,0,1,1,0,miscorrected
SUPP-NEG-V1-001,ecc_double_symbol,P1,stage7_beat0,0+2,0+0,imag,0,1,1,0,miscorrected
SUPP-NEG-V1-001,ecc_double_symbol,P1,stage7_beat0,0+2,0+34,real,0,1,0,0,detected_uncorrectable
SUPP-NEG-V1-001,ecc_double_symbol,P1,stage7_beat0,0+2,0+34,imag,0,1,0,0,detected_uncorrectable
SUPP-NEG-V1-001,ecc_double_symbol,P1,stage7_beat0,0+2,17+17,real,0,1,1,0,miscorrected
SUPP-NEG-V1-001,ecc_double_symbol,P1,stage7_beat0,0+2,17+17,imag,0,1,1,0,miscorrected
SUPP-NEG-V1-001,ecc_double_symbol,P1,stage7_beat0,0+2,34+34,real,0,1,0,0,detected_uncorrectable
SUPP-NEG-V1-001,ecc_double_symbol,P1,stage7_beat0,0+2,34+34,imag,0,1,0,0,detected_uncorrectable
SUPP-NEG-V1-001,ecc_double_symbol,P1,stage7_beat0,0+3,0+0,real,0,1,0,0,detected_uncorrectable
SUPP-NEG-V1-001,ecc_double_symbol,P1,stage7_beat0,0+3,0+0,imag,0,1,1,0,miscorrected
SUPP-NEG-V1-001,ecc_double_symbol,P1,stage7_beat0,0+3,0+34,real,0,1,0,0,detected_uncorrectable
SUPP-NEG-V1-001,ecc_double_symbol,P1,stage7_beat0,0+3,0+34,imag,0,1,0,0,detected_uncorrectable
SUPP-NEG-V1-001,ecc_double_symbol,P1,stage7_beat0,0+3,17+17,real,0,1,0,0,detected_uncorrectable
SUPP-NEG-V1-001,ecc_double_symbol,P1,stage7_beat0,0+3,17+17,imag,0,1,1,0,miscorrected
SUPP-NEG-V1-001,ecc_double_symbol,P1,stage7_beat0,0+3,34+34,real,0,1,0,0,detected_uncorrectable
SUPP-NEG-V1-001,ecc_double_symbol,P1,stage7_beat0,0+3,34+34,imag,0,1,1,0,miscorrected
SUPP-NEG-V1-001,ecc_double_symbol,P1,stage7_beat0,0+4,0+0,real,0,1,0,0,detected_uncorrectable
SUPP-NEG-V1-001,ecc_double_symbol,P1,stage7_beat0,0+4,0+0,imag,0,1,1,0,miscorrected
SUPP-NEG-V1-001,ecc_double_symbol,P1,stage7_beat0,0+4,0+34,real,0,1,0,0,detected_uncorrectable
SUPP-NEG-V1-001,ecc_double_symbol,P1,stage7_beat0,0+4,0+34,imag,0,1,0,0,detected_uncorrectable
SUPP-NEG-V1-001,ecc_double_symbol,P1,stage7_beat0,0+4,17+17,real,0,1,1,0,miscorrected
SUPP-NEG-V1-001,ecc_double_symbol,P1,stage7_beat0,0+4,17+17,imag,0,1,1,0,miscorrected
SUPP-NEG-V1-001,ecc_double_symbol,P1,stage7_beat0,0+4,34+34,real,0,1,1,0,miscorrected
SUPP-NEG-V1-001,ecc_double_symbol,P1,stage7_beat0,0+4,34+34,imag,0,1,1,0,miscorrected
SUPP-NEG-V1-001,ecc_double_symbol,P1,stage7_beat0,0+5,0+0,real,0,1,1,0,miscorrected
SUPP-NEG-V1-001,ecc_double_symbol,P1,stage7_beat0,0+5,0+0,imag,0,1,0,0,detected_uncorrectable
SUPP-NEG-V1-001,ecc_double_symbol,P1,stage7_beat0,0+5,0+34,real,0,1,0,0,detected_uncorrectable
SUPP-NEG-V1-001,ecc_double_symbol,P1,stage7_beat0,0+5,0+34,imag,0,1,0,0,detected_uncorrectable
SUPP-NEG-V1-001,ecc_double_symbol,P1,stage7_beat0,0+5,17+17,real,0,1,1,0,miscorrected
SUPP-NEG-V1-001,ecc_double_symbol,P1,stage7_beat0,0+5,17+17,imag,0,1,1,0,miscorrected
SUPP-NEG-V1-001,ecc_double_symbol,P1,stage7_beat0,0+5,34+34,real,0,1,1,0,miscorrected
SUPP-NEG-V1-001,ecc_double_symbol,P1,stage7_beat0,0+5,34+34,imag,0,1,1,0,miscorrected
SUPP-NEG-V1-001,ecc_double_symbol,P1,stage7_beat0,1+2,0+0,real,0,1,1,0,miscorrected
SUPP-NEG-V1-001,ecc_double_symbol,P1,stage7_beat0,1+2,0+0,imag,0,1,0,0,detected_uncorrectable
SUPP-NEG-V1-001,ecc_double_symbol,P1,stage7_beat0,1+2,0+34,real,0,1,0,0,detected_uncorrectable
SUPP-NEG-V1-001,ecc_double_symbol,P1,stage7_beat0,1+2,0+34,imag,0,1,0,0,detected_uncorrectable
SUPP-NEG-V1-001,ecc_double_symbol,P1,stage7_beat0,1+2,17+17,real,0,1,1,0,miscorrected
SUPP-NEG-V1-001,ecc_double_symbol,P1,stage7_beat0,1+2,17+17,imag,0,1,1,0,miscorrected
SUPP-NEG-V1-001,ecc_double_symbol,P1,stage7_beat0,1+2,34+34,real,0,1,0,0,detected_uncorrectable
SUPP-NEG-V1-001,ecc_double_symbol,P1,stage7_beat0,1+2,34+34,imag,0,1,0,0,detected_uncorrectable
SUPP-NEG-V1-001,ecc_double_symbol,P1,stage7_beat0,1+3,0+0,real,0,1,1,0,miscorrected
SUPP-NEG-V1-001,ecc_double_symbol,P1,stage7_beat0,1+3,0+0,imag,0,1,1,0,miscorrected
SUPP-NEG-V1-001,ecc_double_symbol,P1,stage7_beat0,1+3,0+34,real,0,1,0,0,detected_uncorrectable
SUPP-NEG-V1-001,ecc_double_symbol,P1,stage7_beat0,1+3,0+34,imag,0,1,0,0,detected_uncorrectable
SUPP-NEG-V1-001,ecc_double_symbol,P1,stage7_beat0,1+3,17+17,real,0,1,1,0,miscorrected
SUPP-NEG-V1-001,ecc_double_symbol,P1,stage7_beat0,1+3,17+17,imag,0,1,1,0,miscorrected
SUPP-NEG-V1-001,ecc_double_symbol,P1,stage7_beat0,1+3,34+34,real,0,1,0,0,detected_uncorrectable
SUPP-NEG-V1-001,ecc_double_symbol,P1,stage7_beat0,1+3,34+34,imag,0,1,0,0,detected_uncorrectable
SUPP-NEG-V1-001,ecc_double_symbol,P1,stage7_beat0,1+4,0+0,real,0,1,0,0,detected_uncorrectable
SUPP-NEG-V1-001,ecc_double_symbol,P1,stage7_beat0,1+4,0+0,imag,0,1,1,0,miscorrected
SUPP-NEG-V1-001,ecc_double_symbol,P1,stage7_beat0,1+4,0+34,real,0,1,0,0,detected_uncorrectable
SUPP-NEG-V1-001,ecc_double_symbol,P1,stage7_beat0,1+4,0+34,imag,0,1,0,0,detected_uncorrectable
SUPP-NEG-V1-001,ecc_double_symbol,P1,stage7_beat0,1+4,17+17,real,0,1,0,0,detected_uncorrectable
SUPP-NEG-V1-001,ecc_double_symbol,P1,stage7_beat0,1+4,17+17,imag,0,1,0,0,detected_uncorrectable
SUPP-NEG-V1-001,ecc_double_symbol,P1,stage7_beat0,1+4,34+34,real,0,1,0,0,detected_uncorrectable
SUPP-NEG-V1-001,ecc_double_symbol,P1,stage7_beat0,1+4,34+34,imag,0,1,0,0,detected_uncorrectable
SUPP-NEG-V1-001,ecc_double_symbol,P1,stage7_beat0,1+5,0+0,real,0,1,0,0,detected_uncorrectable
SUPP-NEG-V1-001,ecc_double_symbol,P1,stage7_beat0,1+5,0+0,imag,0,1,0,0,detected_uncorrectable
SUPP-NEG-V1-001,ecc_double_symbol,P1,stage7_beat0,1+5,0+34,real,0,1,0,0,detected_uncorrectable
SUPP-NEG-V1-001,ecc_double_symbol,P1,stage7_beat0,1+5,0+34,imag,0,1,0,0,detected_uncorrectable
SUPP-NEG-V1-001,ecc_double_symbol,P1,stage7_beat0,1+5,17+17,real,0,1,0,0,detected_uncorrectable
SUPP-NEG-V1-001,ecc_double_symbol,P1,stage7_beat0,1+5,17+17,imag,0,1,0,0,detected_uncorrectable
SUPP-NEG-V1-001,ecc_double_symbol,P1,stage7_beat0,1+5,34+34,real,0,1,0,0,detected_uncorrectable
SUPP-NEG-V1-001,ecc_double_symbol,P1,stage7_beat0,1+5,34+34,imag,0,1,0,0,detected_uncorrectable
SUPP-NEG-V1-001,ecc_double_symbol,P1,stage7_beat0,2+3,0+0,real,0,1,1,0,miscorrected
SUPP-NEG-V1-001,ecc_double_symbol,P1,stage7_beat0,2+3,0+0,imag,0,1,1,0,miscorrected
SUPP-NEG-V1-001,ecc_double_symbol,P1,stage7_beat0,2+3,0+34,real,0,1,0,0,detected_uncorrectable
SUPP-NEG-V1-001,ecc_double_symbol,P1,stage7_beat0,2+3,0+34,imag,0,1,0,0,detected_uncorrectable
SUPP-NEG-V1-001,ecc_double_symbol,P1,stage7_beat0,2+3,17+17,real,0,1,0,0,detected_uncorrectable
SUPP-NEG-V1-001,ecc_double_symbol,P1,stage7_beat0,2+3,17+17,imag,0,1,1,0,miscorrected
SUPP-NEG-V1-001,ecc_double_symbol,P1,stage7_beat0,2+3,34+34,real,0,1,0,0,detected_uncorrectable
SUPP-NEG-V1-001,ecc_double_symbol,P1,stage7_beat0,2+3,34+34,imag,0,1,0,0,detected_uncorrectable
SUPP-NEG-V1-001,ecc_double_symbol,P1,stage7_beat0,2+4,0+0,real,0,1,1,0,miscorrected
SUPP-NEG-V1-001,ecc_double_symbol,P1,stage7_beat0,2+4,0+0,imag,0,1,1,0,miscorrected
SUPP-NEG-V1-001,ecc_double_symbol,P1,stage7_beat0,2+4,0+34,real,0,1,0,0,detected_uncorrectable
SUPP-NEG-V1-001,ecc_double_symbol,P1,stage7_beat0,2+4,0+34,imag,0,1,0,0,detected_uncorrectable
SUPP-NEG-V1-001,ecc_double_symbol,P1,stage7_beat0,2+4,17+17,real,0,1,1,0,miscorrected
SUPP-NEG-V1-001,ecc_double_symbol,P1,stage7_beat0,2+4,17+17,imag,0,1,1,0,miscorrected
SUPP-NEG-V1-001,ecc_double_symbol,P1,stage7_beat0,2+4,34+34,real,0,1,0,0,detected_uncorrectable
SUPP-NEG-V1-001,ecc_double_symbol,P1,stage7_beat0,2+4,34+34,imag,0,1,0,0,detected_uncorrectable
SUPP-NEG-V1-001,ecc_double_symbol,P1,stage7_beat0,2+5,0+0,real,0,1,1,0,miscorrected
SUPP-NEG-V1-001,ecc_double_symbol,P1,stage7_beat0,2+5,0+0,imag,0,1,1,0,miscorrected
SUPP-NEG-V1-001,ecc_double_symbol,P1,stage7_beat0,2+5,0+34,real,0,1,0,0,detected_uncorrectable
SUPP-NEG-V1-001,ecc_double_symbol,P1,stage7_beat0,2+5,0+34,imag,0,1,0,0,detected_uncorrectable
SUPP-NEG-V1-001,ecc_double_symbol,P1,stage7_beat0,2+5,17+17,real,0,1,0,0,detected_uncorrectable
SUPP-NEG-V1-001,ecc_double_symbol,P1,stage7_beat0,2+5,17+17,imag,0,1,0,0,detected_uncorrectable
SUPP-NEG-V1-001,ecc_double_symbol,P1,stage7_beat0,2+5,34+34,real,0,1,0,0,detected_uncorrectable
SUPP-NEG-V1-001,ecc_double_symbol,P1,stage7_beat0,2+5,34+34,imag,0,1,0,0,detected_uncorrectable
SUPP-NEG-V1-001,ecc_double_symbol,P1,stage7_beat0,3+4,0+0,real,0,1,0,0,detected_uncorrectable
SUPP-NEG-V1-001,ecc_double_symbol,P1,stage7_beat0,3+4,0+0,imag,0,1,0,0,detected_uncorrectable
SUPP-NEG-V1-001,ecc_double_symbol,P1,stage7_beat0,3+4,0+34,real,0,1,0,0,detected_uncorrectable
SUPP-NEG-V1-001,ecc_double_symbol,P1,stage7_beat0,3+4,0+34,imag,0,1,0,0,detected_uncorrectable
SUPP-NEG-V1-001,ecc_double_symbol,P1,stage7_beat0,3+4,17+17,real,0,1,1,0,miscorrected
SUPP-NEG-V1-001,ecc_double_symbol,P1,stage7_beat0,3+4,17+17,imag,0,1,0,0,detected_uncorrectable
SUPP-NEG-V1-001,ecc_double_symbol,P1,stage7_beat0,3+4,34+34,real,0,1,1,0,miscorrected
SUPP-NEG-V1-001,ecc_double_symbol,P1,stage7_beat0,3+4,34+34,imag,0,1,0,0,detected_uncorrectable
SUPP-NEG-V1-001,ecc_double_symbol,P1,stage7_beat0,3+5,0+0,real,0,1,0,0,detected_uncorrectable
SUPP-NEG-V1-001,ecc_double_symbol,P1,stage7_beat0,3+5,0+0,imag,0,1,0,0,detected_uncorrectable
SUPP-NEG-V1-001,ecc_double_symbol,P1,stage7_beat0,3+5,0+34,real,0,1,0,0,detected_uncorrectable
SUPP-NEG-V1-001,ecc_double_symbol,P1,stage7_beat0,3+5,0+34,imag,0,1,0,0,detected_uncorrectable
SUPP-NEG-V1-001,ecc_double_symbol,P1,stage7_beat0,3+5,17+17,real,0,1,0,0,detected_uncorrectable
SUPP-NEG-V1-001,ecc_double_symbol,P1,stage7_beat0,3+5,17+17,imag,0,1,0,0,detected_uncorrectable
SUPP-NEG-V1-001,ecc_double_symbol,P1,stage7_beat0,3+5,34+34,real,0,1,0,0,detected_uncorrectable
SUPP-NEG-V1-001,ecc_double_symbol,P1,stage7_beat0,3+5,34+34,imag,0,1,0,0,detected_uncorrectable
SUPP-NEG-V1-001,ecc_double_symbol,P1,stage7_beat0,4+5,0+0,real,0,1,1,0,miscorrected
SUPP-NEG-V1-001,ecc_double_symbol,P1,stage7_beat0,4+5,0+0,imag,0,1,1,0,miscorrected
SUPP-NEG-V1-001,ecc_double_symbol,P1,stage7_beat0,4+5,0+34,real,0,1,0,1,detected_uncorrectable
SUPP-NEG-V1-001,ecc_double_symbol,P1,stage7_beat0,4+5,0+34,imag,0,1,0,1,detected_uncorrectable
SUPP-NEG-V1-001,ecc_double_symbol,P1,stage7_beat0,4+5,17+17,real,0,1,1,0,miscorrected
SUPP-NEG-V1-001,ecc_double_symbol,P1,stage7_beat0,4+5,17+17,imag,0,1,1,0,miscorrected
SUPP-NEG-V1-001,ecc_double_symbol,P1,stage7_beat0,4+5,34+34,real,0,1,1,0,miscorrected
SUPP-NEG-V1-001,ecc_double_symbol,P1,stage7_beat0,4+5,34+34,imag,0,1,1,0,miscorrected
SUPP-NEG-V1-001,ecc_double_symbol,P1,stage10_pair0_upper,0+1,0+0,real,1,1,0,0,detected_uncorrectable
SUPP-NEG-V1-001,ecc_double_symbol,P1,stage10_pair0_upper,0+1,0+0,imag,1,1,0,0,detected_uncorrectable
SUPP-NEG-V1-001,ecc_double_symbol,P1,stage10_pair0_upper,0+1,0+34,real,1,1,0,0,detected_uncorrectable
SUPP-NEG-V1-001,ecc_double_symbol,P1,stage10_pair0_upper,0+1,0+34,imag,1,1,0,0,detected_uncorrectable
SUPP-NEG-V1-001,ecc_double_symbol,P1,stage10_pair0_upper,0+1,17+17,real,1,1,1,0,miscorrected
SUPP-NEG-V1-001,ecc_double_symbol,P1,stage10_pair0_upper,0+1,17+17,imag,1,1,1,0,miscorrected
SUPP-NEG-V1-001,ecc_double_symbol,P1,stage10_pair0_upper,0+1,34+34,real,1,1,1,0,miscorrected
SUPP-NEG-V1-001,ecc_double_symbol,P1,stage10_pair0_upper,0+1,34+34,imag,1,1,0,0,detected_uncorrectable
SUPP-NEG-V1-001,ecc_double_symbol,P1,stage10_pair0_upper,0+2,0+0,real,1,1,1,0,miscorrected
SUPP-NEG-V1-001,ecc_double_symbol,P1,stage10_pair0_upper,0+2,0+0,imag,1,1,1,0,miscorrected
SUPP-NEG-V1-001,ecc_double_symbol,P1,stage10_pair0_upper,0+2,0+34,real,1,1,0,0,detected_uncorrectable
SUPP-NEG-V1-001,ecc_double_symbol,P1,stage10_pair0_upper,0+2,0+34,imag,1,1,0,0,detected_uncorrectable
SUPP-NEG-V1-001,ecc_double_symbol,P1,stage10_pair0_upper,0+2,17+17,real,1,1,1,0,miscorrected
SUPP-NEG-V1-001,ecc_double_symbol,P1,stage10_pair0_upper,0+2,17+17,imag,1,1,1,0,miscorrected
SUPP-NEG-V1-001,ecc_double_symbol,P1,stage10_pair0_upper,0+2,34+34,real,1,1,0,0,detected_uncorrectable
SUPP-NEG-V1-001,ecc_double_symbol,P1,stage10_pair0_upper,0+2,34+34,imag,1,1,0,0,detected_uncorrectable
SUPP-NEG-V1-001,ecc_double_symbol,P1,stage10_pair0_upper,0+3,0+0,real,1,1,1,0,miscorrected
SUPP-NEG-V1-001,ecc_double_symbol,P1,stage10_pair0_upper,0+3,0+0,imag,1,1,1,0,miscorrected
SUPP-NEG-V1-001,ecc_double_symbol,P1,stage10_pair0_upper,0+3,0+34,real,1,1,0,0,detected_uncorrectable
SUPP-NEG-V1-001,ecc_double_symbol,P1,stage10_pair0_upper,0+3,0+34,imag,1,1,0,0,detected_uncorrectable
SUPP-NEG-V1-001,ecc_double_symbol,P1,stage10_pair0_upper,0+3,17+17,real,1,1,0,0,detected_uncorrectable
SUPP-NEG-V1-001,ecc_double_symbol,P1,stage10_pair0_upper,0+3,17+17,imag,1,1,0,0,detected_uncorrectable
SUPP-NEG-V1-001,ecc_double_symbol,P1,stage10_pair0_upper,0+3,34+34,real,1,1,0,0,detected_uncorrectable
SUPP-NEG-V1-001,ecc_double_symbol,P1,stage10_pair0_upper,0+3,34+34,imag,1,1,0,0,detected_uncorrectable
SUPP-NEG-V1-001,ecc_double_symbol,P1,stage10_pair0_upper,0+4,0+0,real,0,1,1,0,miscorrected
SUPP-NEG-V1-001,ecc_double_symbol,P1,stage10_pair0_upper,0+4,0+0,imag,0,1,0,0,detected_uncorrectable
SUPP-NEG-V1-001,ecc_double_symbol,P1,stage10_pair0_upper,0+4,0+34,real,0,1,0,0,detected_uncorrectable
SUPP-NEG-V1-001,ecc_double_symbol,P1,stage10_pair0_upper,0+4,0+34,imag,0,1,0,0,detected_uncorrectable
SUPP-NEG-V1-001,ecc_double_symbol,P1,stage10_pair0_upper,0+4,17+17,real,0,1,1,0,miscorrected
SUPP-NEG-V1-001,ecc_double_symbol,P1,stage10_pair0_upper,0+4,17+17,imag,0,1,0,0,detected_uncorrectable
SUPP-NEG-V1-001,ecc_double_symbol,P1,stage10_pair0_upper,0+4,34+34,real,0,1,1,0,miscorrected
SUPP-NEG-V1-001,ecc_double_symbol,P1,stage10_pair0_upper,0+4,34+34,imag,0,1,0,0,detected_uncorrectable
SUPP-NEG-V1-001,ecc_double_symbol,P1,stage10_pair0_upper,0+5,0+0,real,0,1,1,0,miscorrected
SUPP-NEG-V1-001,ecc_double_symbol,P1,stage10_pair0_upper,0+5,0+0,imag,0,1,0,0,detected_uncorrectable
SUPP-NEG-V1-001,ecc_double_symbol,P1,stage10_pair0_upper,0+5,0+34,real,0,1,0,0,detected_uncorrectable
SUPP-NEG-V1-001,ecc_double_symbol,P1,stage10_pair0_upper,0+5,0+34,imag,0,1,0,0,detected_uncorrectable
SUPP-NEG-V1-001,ecc_double_symbol,P1,stage10_pair0_upper,0+5,17+17,real,0,1,1,0,miscorrected
SUPP-NEG-V1-001,ecc_double_symbol,P1,stage10_pair0_upper,0+5,17+17,imag,0,1,1,0,miscorrected
SUPP-NEG-V1-001,ecc_double_symbol,P1,stage10_pair0_upper,0+5,34+34,real,0,1,1,0,miscorrected
SUPP-NEG-V1-001,ecc_double_symbol,P1,stage10_pair0_upper,0+5,34+34,imag,0,1,0,0,detected_uncorrectable
SUPP-NEG-V1-001,ecc_double_symbol,P1,stage10_pair0_upper,1+2,0+0,real,1,1,1,0,miscorrected
SUPP-NEG-V1-001,ecc_double_symbol,P1,stage10_pair0_upper,1+2,0+0,imag,1,1,1,0,miscorrected
SUPP-NEG-V1-001,ecc_double_symbol,P1,stage10_pair0_upper,1+2,0+34,real,1,1,0,0,detected_uncorrectable
SUPP-NEG-V1-001,ecc_double_symbol,P1,stage10_pair0_upper,1+2,0+34,imag,1,1,0,0,detected_uncorrectable
SUPP-NEG-V1-001,ecc_double_symbol,P1,stage10_pair0_upper,1+2,17+17,real,1,1,0,0,detected_uncorrectable
SUPP-NEG-V1-001,ecc_double_symbol,P1,stage10_pair0_upper,1+2,17+17,imag,1,1,0,0,detected_uncorrectable
SUPP-NEG-V1-001,ecc_double_symbol,P1,stage10_pair0_upper,1+2,34+34,real,1,1,0,0,detected_uncorrectable
SUPP-NEG-V1-001,ecc_double_symbol,P1,stage10_pair0_upper,1+2,34+34,imag,1,1,0,0,detected_uncorrectable
SUPP-NEG-V1-001,ecc_double_symbol,P1,stage10_pair0_upper,1+3,0+0,real,1,1,1,0,miscorrected
SUPP-NEG-V1-001,ecc_double_symbol,P1,stage10_pair0_upper,1+3,0+0,imag,1,1,1,0,miscorrected
SUPP-NEG-V1-001,ecc_double_symbol,P1,stage10_pair0_upper,1+3,0+34,real,1,1,0,0,detected_uncorrectable
SUPP-NEG-V1-001,ecc_double_symbol,P1,stage10_pair0_upper,1+3,0+34,imag,1,1,0,0,detected_uncorrectable
SUPP-NEG-V1-001,ecc_double_symbol,P1,stage10_pair0_upper,1+3,17+17,real,1,1,1,0,miscorrected
SUPP-NEG-V1-001,ecc_double_symbol,P1,stage10_pair0_upper,1+3,17+17,imag,1,1,1,0,miscorrected
SUPP-NEG-V1-001,ecc_double_symbol,P1,stage10_pair0_upper,1+3,34+34,real,1,1,0,0,detected_uncorrectable
SUPP-NEG-V1-001,ecc_double_symbol,P1,stage10_pair0_upper,1+3,34+34,imag,1,1,0,0,detected_uncorrectable
SUPP-NEG-V1-001,ecc_double_symbol,P1,stage10_pair0_upper,1+4,0+0,real,0,1,1,0,miscorrected
SUPP-NEG-V1-001,ecc_double_symbol,P1,stage10_pair0_upper,1+4,0+0,imag,0,1,0,0,detected_uncorrectable
SUPP-NEG-V1-001,ecc_double_symbol,P1,stage10_pair0_upper,1+4,0+34,real,0,1,0,0,detected_uncorrectable
SUPP-NEG-V1-001,ecc_double_symbol,P1,stage10_pair0_upper,1+4,0+34,imag,0,1,0,0,detected_uncorrectable
SUPP-NEG-V1-001,ecc_double_symbol,P1,stage10_pair0_upper,1+4,17+17,real,0,1,0,0,detected_uncorrectable
SUPP-NEG-V1-001,ecc_double_symbol,P1,stage10_pair0_upper,1+4,17+17,imag,0,1,1,0,miscorrected
SUPP-NEG-V1-001,ecc_double_symbol,P1,stage10_pair0_upper,1+4,34+34,real,0,1,0,0,detected_uncorrectable
SUPP-NEG-V1-001,ecc_double_symbol,P1,stage10_pair0_upper,1+4,34+34,imag,0,1,0,0,detected_uncorrectable
SUPP-NEG-V1-001,ecc_double_symbol,P1,stage10_pair0_upper,1+5,0+0,real,0,1,0,0,detected_uncorrectable
SUPP-NEG-V1-001,ecc_double_symbol,P1,stage10_pair0_upper,1+5,0+0,imag,0,1,0,0,detected_uncorrectable
SUPP-NEG-V1-001,ecc_double_symbol,P1,stage10_pair0_upper,1+5,0+34,real,0,1,0,0,detected_uncorrectable
SUPP-NEG-V1-001,ecc_double_symbol,P1,stage10_pair0_upper,1+5,0+34,imag,0,1,0,0,detected_uncorrectable
SUPP-NEG-V1-001,ecc_double_symbol,P1,stage10_pair0_upper,1+5,17+17,real,0,1,0,0,detected_uncorrectable
SUPP-NEG-V1-001,ecc_double_symbol,P1,stage10_pair0_upper,1+5,17+17,imag,0,1,0,0,detected_uncorrectable
SUPP-NEG-V1-001,ecc_double_symbol,P1,stage10_pair0_upper,1+5,34+34,real,0,1,0,0,detected_uncorrectable
SUPP-NEG-V1-001,ecc_double_symbol,P1,stage10_pair0_upper,1+5,34+34,imag,0,1,0,0,detected_uncorrectable
SUPP-NEG-V1-001,ecc_double_symbol,P1,stage10_pair0_upper,2+3,0+0,real,1,1,0,0,detected_uncorrectable
SUPP-NEG-V1-001,ecc_double_symbol,P1,stage10_pair0_upper,2+3,0+0,imag,1,1,0,0,detected_uncorrectable
SUPP-NEG-V1-001,ecc_double_symbol,P1,stage10_pair0_upper,2+3,0+34,real,1,1,0,0,detected_uncorrectable
SUPP-NEG-V1-001,ecc_double_symbol,P1,stage10_pair0_upper,2+3,0+34,imag,1,1,0,0,detected_uncorrectable
SUPP-NEG-V1-001,ecc_double_symbol,P1,stage10_pair0_upper,2+3,17+17,real,1,1,1,0,miscorrected
SUPP-NEG-V1-001,ecc_double_symbol,P1,stage10_pair0_upper,2+3,17+17,imag,1,1,1,0,miscorrected
SUPP-NEG-V1-001,ecc_double_symbol,P1,stage10_pair0_upper,2+3,34+34,real,1,1,1,0,miscorrected
SUPP-NEG-V1-001,ecc_double_symbol,P1,stage10_pair0_upper,2+3,34+34,imag,1,1,0,0,detected_uncorrectable
SUPP-NEG-V1-001,ecc_double_symbol,P1,stage10_pair0_upper,2+4,0+0,real,0,1,0,0,detected_uncorrectable
SUPP-NEG-V1-001,ecc_double_symbol,P1,stage10_pair0_upper,2+4,0+0,imag,0,1,1,0,miscorrected
SUPP-NEG-V1-001,ecc_double_symbol,P1,stage10_pair0_upper,2+4,0+34,real,0,1,0,0,detected_uncorrectable
SUPP-NEG-V1-001,ecc_double_symbol,P1,stage10_pair0_upper,2+4,0+34,imag,0,1,0,0,detected_uncorrectable
SUPP-NEG-V1-001,ecc_double_symbol,P1,stage10_pair0_upper,2+4,17+17,real,0,1,0,0,detected_uncorrectable
SUPP-NEG-V1-001,ecc_double_symbol,P1,stage10_pair0_upper,2+4,17+17,imag,0,1,1,0,miscorrected
SUPP-NEG-V1-001,ecc_double_symbol,P1,stage10_pair0_upper,2+4,34+34,real,0,1,0,0,detected_uncorrectable
SUPP-NEG-V1-001,ecc_double_symbol,P1,stage10_pair0_upper,2+4,34+34,imag,0,1,1,0,miscorrected
SUPP-NEG-V1-001,ecc_double_symbol,P1,stage10_pair0_upper,2+5,0+0,real,0,1,1,0,miscorrected
SUPP-NEG-V1-001,ecc_double_symbol,P1,stage10_pair0_upper,2+5,0+0,imag,0,1,0,0,detected_uncorrectable
SUPP-NEG-V1-001,ecc_double_symbol,P1,stage10_pair0_upper,2+5,0+34,real,0,1,0,0,detected_uncorrectable
SUPP-NEG-V1-001,ecc_double_symbol,P1,stage10_pair0_upper,2+5,0+34,imag,0,1,0,0,detected_uncorrectable
SUPP-NEG-V1-001,ecc_double_symbol,P1,stage10_pair0_upper,2+5,17+17,real,0,1,1,0,miscorrected
SUPP-NEG-V1-001,ecc_double_symbol,P1,stage10_pair0_upper,2+5,17+17,imag,0,1,1,0,miscorrected
SUPP-NEG-V1-001,ecc_double_symbol,P1,stage10_pair0_upper,2+5,34+34,real,0,1,0,0,detected_uncorrectable
SUPP-NEG-V1-001,ecc_double_symbol,P1,stage10_pair0_upper,2+5,34+34,imag,0,1,1,0,miscorrected
SUPP-NEG-V1-001,ecc_double_symbol,P1,stage10_pair0_upper,3+4,0+0,real,0,1,0,0,detected_uncorrectable
SUPP-NEG-V1-001,ecc_double_symbol,P1,stage10_pair0_upper,3+4,0+0,imag,0,1,1,0,miscorrected
SUPP-NEG-V1-001,ecc_double_symbol,P1,stage10_pair0_upper,3+4,0+34,real,0,1,0,0,detected_uncorrectable
SUPP-NEG-V1-001,ecc_double_symbol,P1,stage10_pair0_upper,3+4,0+34,imag,0,1,0,0,detected_uncorrectable
SUPP-NEG-V1-001,ecc_double_symbol,P1,stage10_pair0_upper,3+4,17+17,real,0,1,1,0,miscorrected
SUPP-NEG-V1-001,ecc_double_symbol,P1,stage10_pair0_upper,3+4,17+17,imag,0,1,0,0,detected_uncorrectable
SUPP-NEG-V1-001,ecc_double_symbol,P1,stage10_pair0_upper,3+4,34+34,real,0,1,1,0,miscorrected
SUPP-NEG-V1-001,ecc_double_symbol,P1,stage10_pair0_upper,3+4,34+34,imag,0,1,0,0,detected_uncorrectable
SUPP-NEG-V1-001,ecc_double_symbol,P1,stage10_pair0_upper,3+5,0+0,real,0,1,0,0,detected_uncorrectable
SUPP-NEG-V1-001,ecc_double_symbol,P1,stage10_pair0_upper,3+5,0+0,imag,0,1,0,0,detected_uncorrectable
SUPP-NEG-V1-001,ecc_double_symbol,P1,stage10_pair0_upper,3+5,0+34,real,0,1,0,0,detected_uncorrectable
SUPP-NEG-V1-001,ecc_double_symbol,P1,stage10_pair0_upper,3+5,0+34,imag,0,1,0,0,detected_uncorrectable
SUPP-NEG-V1-001,ecc_double_symbol,P1,stage10_pair0_upper,3+5,17+17,real,0,1,0,0,detected_uncorrectable
SUPP-NEG-V1-001,ecc_double_symbol,P1,stage10_pair0_upper,3+5,17+17,imag,0,1,0,0,detected_uncorrectable
SUPP-NEG-V1-001,ecc_double_symbol,P1,stage10_pair0_upper,3+5,34+34,real,0,1,0,0,detected_uncorrectable
SUPP-NEG-V1-001,ecc_double_symbol,P1,stage10_pair0_upper,3+5,34+34,imag,0,1,0,0,detected_uncorrectable
SUPP-NEG-V1-001,ecc_double_symbol,P1,stage10_pair0_upper,4+5,0+0,real,0,1,1,0,miscorrected
SUPP-NEG-V1-001,ecc_double_symbol,P1,stage10_pair0_upper,4+5,0+0,imag,0,1,1,0,miscorrected
SUPP-NEG-V1-001,ecc_double_symbol,P1,stage10_pair0_upper,4+5,0+34,real,0,1,0,1,detected_uncorrectable
SUPP-NEG-V1-001,ecc_double_symbol,P1,stage10_pair0_upper,4+5,0+34,imag,0,1,0,1,detected_uncorrectable
SUPP-NEG-V1-001,ecc_double_symbol,P1,stage10_pair0_upper,4+5,17+17,real,0,1,1,0,miscorrected
SUPP-NEG-V1-001,ecc_double_symbol,P1,stage10_pair0_upper,4+5,17+17,imag,0,1,1,0,miscorrected
SUPP-NEG-V1-001,ecc_double_symbol,P1,stage10_pair0_upper,4+5,34+34,real,0,1,1,0,miscorrected
SUPP-NEG-V1-001,ecc_double_symbol,P1,stage10_pair0_upper,4+5,34+34,imag,0,1,1,0,miscorrected
SUPP-NEG-V1-001,ecc_double_symbol,P1,stage10_pair0_lower,0+1,0+0,real,1,1,0,0,detected_uncorrectable
SUPP-NEG-V1-001,ecc_double_symbol,P1,stage10_pair0_lower,0+1,0+0,imag,1,1,0,0,detected_uncorrectable
SUPP-NEG-V1-001,ecc_double_symbol,P1,stage10_pair0_lower,0+1,0+34,real,1,1,0,0,detected_uncorrectable
SUPP-NEG-V1-001,ecc_double_symbol,P1,stage10_pair0_lower,0+1,0+34,imag,1,1,0,0,detected_uncorrectable
SUPP-NEG-V1-001,ecc_double_symbol,P1,stage10_pair0_lower,0+1,17+17,real,1,1,0,0,detected_uncorrectable
SUPP-NEG-V1-001,ecc_double_symbol,P1,stage10_pair0_lower,0+1,17+17,imag,1,1,0,0,detected_uncorrectable
SUPP-NEG-V1-001,ecc_double_symbol,P1,stage10_pair0_lower,0+1,34+34,real,1,1,0,0,detected_uncorrectable
SUPP-NEG-V1-001,ecc_double_symbol,P1,stage10_pair0_lower,0+1,34+34,imag,1,1,0,0,detected_uncorrectable
SUPP-NEG-V1-001,ecc_double_symbol,P1,stage10_pair0_lower,0+2,0+0,real,1,1,1,0,miscorrected
SUPP-NEG-V1-001,ecc_double_symbol,P1,stage10_pair0_lower,0+2,0+0,imag,1,1,1,0,miscorrected
SUPP-NEG-V1-001,ecc_double_symbol,P1,stage10_pair0_lower,0+2,0+34,real,1,1,0,0,detected_uncorrectable
SUPP-NEG-V1-001,ecc_double_symbol,P1,stage10_pair0_lower,0+2,0+34,imag,1,1,0,0,detected_uncorrectable
SUPP-NEG-V1-001,ecc_double_symbol,P1,stage10_pair0_lower,0+2,17+17,real,1,1,1,0,miscorrected
SUPP-NEG-V1-001,ecc_double_symbol,P1,stage10_pair0_lower,0+2,17+17,imag,1,1,1,0,miscorrected
SUPP-NEG-V1-001,ecc_double_symbol,P1,stage10_pair0_lower,0+2,34+34,real,1,1,0,0,detected_uncorrectable
SUPP-NEG-V1-001,ecc_double_symbol,P1,stage10_pair0_lower,0+2,34+34,imag,1,1,0,0,detected_uncorrectable
SUPP-NEG-V1-001,ecc_double_symbol,P1,stage10_pair0_lower,0+3,0+0,real,1,1,1,0,miscorrected
SUPP-NEG-V1-001,ecc_double_symbol,P1,stage10_pair0_lower,0+3,0+0,imag,1,1,1,0,miscorrected
SUPP-NEG-V1-001,ecc_double_symbol,P1,stage10_pair0_lower,0+3,0+34,real,1,1,0,0,detected_uncorrectable
SUPP-NEG-V1-001,ecc_double_symbol,P1,stage10_pair0_lower,0+3,0+34,imag,1,1,0,0,detected_uncorrectable
SUPP-NEG-V1-001,ecc_double_symbol,P1,stage10_pair0_lower,0+3,17+17,real,1,1,1,0,miscorrected
SUPP-NEG-V1-001,ecc_double_symbol,P1,stage10_pair0_lower,0+3,17+17,imag,1,1,0,0,detected_uncorrectable
SUPP-NEG-V1-001,ecc_double_symbol,P1,stage10_pair0_lower,0+3,34+34,real,1,1,0,0,detected_uncorrectable
SUPP-NEG-V1-001,ecc_double_symbol,P1,stage10_pair0_lower,0+3,34+34,imag,1,1,0,0,detected_uncorrectable
SUPP-NEG-V1-001,ecc_double_symbol,P1,stage10_pair0_lower,0+4,0+0,real,0,1,1,0,miscorrected
SUPP-NEG-V1-001,ecc_double_symbol,P1,stage10_pair0_lower,0+4,0+0,imag,0,1,0,0,detected_uncorrectable
SUPP-NEG-V1-001,ecc_double_symbol,P1,stage10_pair0_lower,0+4,0+34,real,0,1,0,0,detected_uncorrectable
SUPP-NEG-V1-001,ecc_double_symbol,P1,stage10_pair0_lower,0+4,0+34,imag,0,1,0,0,detected_uncorrectable
SUPP-NEG-V1-001,ecc_double_symbol,P1,stage10_pair0_lower,0+4,17+17,real,0,1,1,0,miscorrected
SUPP-NEG-V1-001,ecc_double_symbol,P1,stage10_pair0_lower,0+4,17+17,imag,0,1,1,0,miscorrected
SUPP-NEG-V1-001,ecc_double_symbol,P1,stage10_pair0_lower,0+4,34+34,real,0,1,1,0,miscorrected
SUPP-NEG-V1-001,ecc_double_symbol,P1,stage10_pair0_lower,0+4,34+34,imag,0,1,1,0,miscorrected
SUPP-NEG-V1-001,ecc_double_symbol,P1,stage10_pair0_lower,0+5,0+0,real,0,1,1,0,miscorrected
SUPP-NEG-V1-001,ecc_double_symbol,P1,stage10_pair0_lower,0+5,0+0,imag,0,1,0,0,detected_uncorrectable
SUPP-NEG-V1-001,ecc_double_symbol,P1,stage10_pair0_lower,0+5,0+34,real,0,1,0,0,detected_uncorrectable
SUPP-NEG-V1-001,ecc_double_symbol,P1,stage10_pair0_lower,0+5,0+34,imag,0,1,0,0,detected_uncorrectable
SUPP-NEG-V1-001,ecc_double_symbol,P1,stage10_pair0_lower,0+5,17+17,real,0,1,1,0,miscorrected
SUPP-NEG-V1-001,ecc_double_symbol,P1,stage10_pair0_lower,0+5,17+17,imag,0,1,1,0,miscorrected
SUPP-NEG-V1-001,ecc_double_symbol,P1,stage10_pair0_lower,0+5,34+34,real,0,1,1,0,miscorrected
SUPP-NEG-V1-001,ecc_double_symbol,P1,stage10_pair0_lower,0+5,34+34,imag,0,1,1,0,miscorrected
SUPP-NEG-V1-001,ecc_double_symbol,P1,stage10_pair0_lower,1+2,0+0,real,1,1,1,0,miscorrected
SUPP-NEG-V1-001,ecc_double_symbol,P1,stage10_pair0_lower,1+2,0+0,imag,1,1,1,0,miscorrected
SUPP-NEG-V1-001,ecc_double_symbol,P1,stage10_pair0_lower,1+2,0+34,real,1,1,0,0,detected_uncorrectable
SUPP-NEG-V1-001,ecc_double_symbol,P1,stage10_pair0_lower,1+2,0+34,imag,1,1,0,0,detected_uncorrectable
SUPP-NEG-V1-001,ecc_double_symbol,P1,stage10_pair0_lower,1+2,17+17,real,1,1,1,0,miscorrected
SUPP-NEG-V1-001,ecc_double_symbol,P1,stage10_pair0_lower,1+2,17+17,imag,1,1,0,0,detected_uncorrectable
SUPP-NEG-V1-001,ecc_double_symbol,P1,stage10_pair0_lower,1+2,34+34,real,1,1,0,0,detected_uncorrectable
SUPP-NEG-V1-001,ecc_double_symbol,P1,stage10_pair0_lower,1+2,34+34,imag,1,1,0,0,detected_uncorrectable
SUPP-NEG-V1-001,ecc_double_symbol,P1,stage10_pair0_lower,1+3,0+0,real,1,1,1,0,miscorrected
SUPP-NEG-V1-001,ecc_double_symbol,P1,stage10_pair0_lower,1+3,0+0,imag,1,1,1,0,miscorrected
SUPP-NEG-V1-001,ecc_double_symbol,P1,stage10_pair0_lower,1+3,0+34,real,1,1,0,0,detected_uncorrectable
SUPP-NEG-V1-001,ecc_double_symbol,P1,stage10_pair0_lower,1+3,0+34,imag,1,1,0,0,detected_uncorrectable
SUPP-NEG-V1-001,ecc_double_symbol,P1,stage10_pair0_lower,1+3,17+17,real,1,1,1,0,miscorrected
SUPP-NEG-V1-001,ecc_double_symbol,P1,stage10_pair0_lower,1+3,17+17,imag,1,1,1,0,miscorrected
SUPP-NEG-V1-001,ecc_double_symbol,P1,stage10_pair0_lower,1+3,34+34,real,1,1,0,0,detected_uncorrectable
SUPP-NEG-V1-001,ecc_double_symbol,P1,stage10_pair0_lower,1+3,34+34,imag,1,1,0,0,detected_uncorrectable
SUPP-NEG-V1-001,ecc_double_symbol,P1,stage10_pair0_lower,1+4,0+0,real,0,1,1,0,miscorrected
SUPP-NEG-V1-001,ecc_double_symbol,P1,stage10_pair0_lower,1+4,0+0,imag,0,1,0,0,detected_uncorrectable
SUPP-NEG-V1-001,ecc_double_symbol,P1,stage10_pair0_lower,1+4,0+34,real,0,1,0,0,detected_uncorrectable
SUPP-NEG-V1-001,ecc_double_symbol,P1,stage10_pair0_lower,1+4,0+34,imag,0,1,0,0,detected_uncorrectable
SUPP-NEG-V1-001,ecc_double_symbol,P1,stage10_pair0_lower,1+4,17+17,real,0,1,1,0,miscorrected
SUPP-NEG-V1-001,ecc_double_symbol,P1,stage10_pair0_lower,1+4,17+17,imag,0,1,1,0,miscorrected
SUPP-NEG-V1-001,ecc_double_symbol,P1,stage10_pair0_lower,1+4,34+34,real,0,1,0,0,detected_uncorrectable
SUPP-NEG-V1-001,ecc_double_symbol,P1,stage10_pair0_lower,1+4,34+34,imag,0,1,1,0,miscorrected
SUPP-NEG-V1-001,ecc_double_symbol,P1,stage10_pair0_lower,1+5,0+0,real,0,1,0,0,detected_uncorrectable
SUPP-NEG-V1-001,ecc_double_symbol,P1,stage10_pair0_lower,1+5,0+0,imag,0,1,0,0,detected_uncorrectable
SUPP-NEG-V1-001,ecc_double_symbol,P1,stage10_pair0_lower,1+5,0+34,real,0,1,0,0,detected_uncorrectable
SUPP-NEG-V1-001,ecc_double_symbol,P1,stage10_pair0_lower,1+5,0+34,imag,0,1,0,0,detected_uncorrectable
SUPP-NEG-V1-001,ecc_double_symbol,P1,stage10_pair0_lower,1+5,17+17,real,0,1,0,0,detected_uncorrectable
SUPP-NEG-V1-001,ecc_double_symbol,P1,stage10_pair0_lower,1+5,17+17,imag,0,1,0,0,detected_uncorrectable
SUPP-NEG-V1-001,ecc_double_symbol,P1,stage10_pair0_lower,1+5,34+34,real,0,1,0,0,detected_uncorrectable
SUPP-NEG-V1-001,ecc_double_symbol,P1,stage10_pair0_lower,1+5,34+34,imag,0,1,0,0,detected_uncorrectable
SUPP-NEG-V1-001,ecc_double_symbol,P1,stage10_pair0_lower,2+3,0+0,real,1,1,0,0,detected_uncorrectable
SUPP-NEG-V1-001,ecc_double_symbol,P1,stage10_pair0_lower,2+3,0+0,imag,1,1,0,0,detected_uncorrectable
SUPP-NEG-V1-001,ecc_double_symbol,P1,stage10_pair0_lower,2+3,0+34,real,1,1,0,0,detected_uncorrectable
SUPP-NEG-V1-001,ecc_double_symbol,P1,stage10_pair0_lower,2+3,0+34,imag,1,1,0,0,detected_uncorrectable
SUPP-NEG-V1-001,ecc_double_symbol,P1,stage10_pair0_lower,2+3,17+17,real,1,1,0,0,detected_uncorrectable
SUPP-NEG-V1-001,ecc_double_symbol,P1,stage10_pair0_lower,2+3,17+17,imag,1,1,0,0,detected_uncorrectable
SUPP-NEG-V1-001,ecc_double_symbol,P1,stage10_pair0_lower,2+3,34+34,real,1,1,0,0,detected_uncorrectable
SUPP-NEG-V1-001,ecc_double_symbol,P1,stage10_pair0_lower,2+3,34+34,imag,1,1,0,0,detected_uncorrectable
SUPP-NEG-V1-001,ecc_double_symbol,P1,stage10_pair0_lower,2+4,0+0,real,0,1,0,0,detected_uncorrectable
SUPP-NEG-V1-001,ecc_double_symbol,P1,stage10_pair0_lower,2+4,0+0,imag,0,1,1,0,miscorrected
SUPP-NEG-V1-001,ecc_double_symbol,P1,stage10_pair0_lower,2+4,0+34,real,0,1,0,0,detected_uncorrectable
SUPP-NEG-V1-001,ecc_double_symbol,P1,stage10_pair0_lower,2+4,0+34,imag,0,1,0,0,detected_uncorrectable
SUPP-NEG-V1-001,ecc_double_symbol,P1,stage10_pair0_lower,2+4,17+17,real,0,1,0,0,detected_uncorrectable
SUPP-NEG-V1-001,ecc_double_symbol,P1,stage10_pair0_lower,2+4,17+17,imag,0,1,1,0,miscorrected
SUPP-NEG-V1-001,ecc_double_symbol,P1,stage10_pair0_lower,2+4,34+34,real,0,1,0,0,detected_uncorrectable
SUPP-NEG-V1-001,ecc_double_symbol,P1,stage10_pair0_lower,2+4,34+34,imag,0,1,0,0,detected_uncorrectable
SUPP-NEG-V1-001,ecc_double_symbol,P1,stage10_pair0_lower,2+5,0+0,real,0,1,1,0,miscorrected
SUPP-NEG-V1-001,ecc_double_symbol,P1,stage10_pair0_lower,2+5,0+0,imag,0,1,0,0,detected_uncorrectable
SUPP-NEG-V1-001,ecc_double_symbol,P1,stage10_pair0_lower,2+5,0+34,real,0,1,0,0,detected_uncorrectable
SUPP-NEG-V1-001,ecc_double_symbol,P1,stage10_pair0_lower,2+5,0+34,imag,0,1,0,0,detected_uncorrectable
SUPP-NEG-V1-001,ecc_double_symbol,P1,stage10_pair0_lower,2+5,17+17,real,0,1,1,0,miscorrected
SUPP-NEG-V1-001,ecc_double_symbol,P1,stage10_pair0_lower,2+5,17+17,imag,0,1,0,0,detected_uncorrectable
SUPP-NEG-V1-001,ecc_double_symbol,P1,stage10_pair0_lower,2+5,34+34,real,0,1,0,0,detected_uncorrectable
SUPP-NEG-V1-001,ecc_double_symbol,P1,stage10_pair0_lower,2+5,34+34,imag,0,1,0,0,detected_uncorrectable
SUPP-NEG-V1-001,ecc_double_symbol,P1,stage10_pair0_lower,3+4,0+0,real,0,1,0,0,detected_uncorrectable
SUPP-NEG-V1-001,ecc_double_symbol,P1,stage10_pair0_lower,3+4,0+0,imag,0,1,1,0,miscorrected
SUPP-NEG-V1-001,ecc_double_symbol,P1,stage10_pair0_lower,3+4,0+34,real,0,1,0,0,detected_uncorrectable
SUPP-NEG-V1-001,ecc_double_symbol,P1,stage10_pair0_lower,3+4,0+34,imag,0,1,0,0,detected_uncorrectable
SUPP-NEG-V1-001,ecc_double_symbol,P1,stage10_pair0_lower,3+4,17+17,real,0,1,0,0,detected_uncorrectable
SUPP-NEG-V1-001,ecc_double_symbol,P1,stage10_pair0_lower,3+4,17+17,imag,0,1,1,0,miscorrected
SUPP-NEG-V1-001,ecc_double_symbol,P1,stage10_pair0_lower,3+4,34+34,real,0,1,0,0,detected_uncorrectable
SUPP-NEG-V1-001,ecc_double_symbol,P1,stage10_pair0_lower,3+4,34+34,imag,0,1,0,0,detected_uncorrectable
SUPP-NEG-V1-001,ecc_double_symbol,P1,stage10_pair0_lower,3+5,0+0,real,0,1,0,0,detected_uncorrectable
SUPP-NEG-V1-001,ecc_double_symbol,P1,stage10_pair0_lower,3+5,0+0,imag,0,1,0,0,detected_uncorrectable
SUPP-NEG-V1-001,ecc_double_symbol,P1,stage10_pair0_lower,3+5,0+34,real,0,1,0,0,detected_uncorrectable
SUPP-NEG-V1-001,ecc_double_symbol,P1,stage10_pair0_lower,3+5,0+34,imag,0,1,0,0,detected_uncorrectable
SUPP-NEG-V1-001,ecc_double_symbol,P1,stage10_pair0_lower,3+5,17+17,real,0,1,0,0,detected_uncorrectable
SUPP-NEG-V1-001,ecc_double_symbol,P1,stage10_pair0_lower,3+5,17+17,imag,0,1,0,0,detected_uncorrectable
SUPP-NEG-V1-001,ecc_double_symbol,P1,stage10_pair0_lower,3+5,34+34,real,0,1,0,0,detected_uncorrectable
SUPP-NEG-V1-001,ecc_double_symbol,P1,stage10_pair0_lower,3+5,34+34,imag,0,1,0,0,detected_uncorrectable
SUPP-NEG-V1-001,ecc_double_symbol,P1,stage10_pair0_lower,4+5,0+0,real,0,1,1,0,miscorrected
SUPP-NEG-V1-001,ecc_double_symbol,P1,stage10_pair0_lower,4+5,0+0,imag,0,1,1,0,miscorrected
SUPP-NEG-V1-001,ecc_double_symbol,P1,stage10_pair0_lower,4+5,0+34,real,0,1,0,1,detected_uncorrectable
SUPP-NEG-V1-001,ecc_double_symbol,P1,stage10_pair0_lower,4+5,0+34,imag,0,1,0,1,detected_uncorrectable
SUPP-NEG-V1-001,ecc_double_symbol,P1,stage10_pair0_lower,4+5,17+17,real,0,1,1,0,miscorrected
SUPP-NEG-V1-001,ecc_double_symbol,P1,stage10_pair0_lower,4+5,17+17,imag,0,1,1,0,miscorrected
SUPP-NEG-V1-001,ecc_double_symbol,P1,stage10_pair0_lower,4+5,34+34,real,0,1,1,0,miscorrected
SUPP-NEG-V1-001,ecc_double_symbol,P1,stage10_pair0_lower,4+5,34+34,imag,0,1,1,0,miscorrected
SUPP-NEG-V1-001,secded_double_bit,S3,stage1_word_pos0,0+1,codeword_bits,,0,1,0,1,detected_uncorrectable
SUPP-NEG-V1-001,secded_double_bit,S3,stage1_word_pos0,0+2,codeword_bits,,0,1,0,0,detected_uncorrectable
SUPP-NEG-V1-001,secded_double_bit,S3,stage1_word_pos0,0+3,codeword_bits,,0,1,0,1,detected_uncorrectable
SUPP-NEG-V1-001,secded_double_bit,S3,stage1_word_pos0,0+4,codeword_bits,,0,1,0,0,detected_uncorrectable
SUPP-NEG-V1-001,secded_double_bit,S3,stage1_word_pos0,0+5,codeword_bits,,0,1,0,0,detected_uncorrectable
SUPP-NEG-V1-001,secded_double_bit,S3,stage1_word_pos0,0+6,codeword_bits,,0,1,0,0,detected_uncorrectable
SUPP-NEG-V1-001,secded_double_bit,S3,stage1_word_pos0,0+7,codeword_bits,,0,1,0,1,detected_uncorrectable
SUPP-NEG-V1-001,secded_double_bit,S3,stage1_word_pos0,0+8,codeword_bits,,0,1,0,0,detected_uncorrectable
SUPP-NEG-V1-001,secded_double_bit,S3,stage1_word_pos0,0+9,codeword_bits,,0,1,0,0,detected_uncorrectable
SUPP-NEG-V1-001,secded_double_bit,S3,stage1_word_pos0,0+10,codeword_bits,,0,1,0,0,detected_uncorrectable
SUPP-NEG-V1-001,secded_double_bit,S3,stage1_word_pos0,0+11,codeword_bits,,0,1,0,0,detected_uncorrectable
SUPP-NEG-V1-001,secded_double_bit,S3,stage1_word_pos0,0+12,codeword_bits,,0,1,0,0,detected_uncorrectable
SUPP-NEG-V1-001,secded_double_bit,S3,stage1_word_pos0,0+13,codeword_bits,,0,1,0,0,detected_uncorrectable
SUPP-NEG-V1-001,secded_double_bit,S3,stage1_word_pos0,0+14,codeword_bits,,0,1,0,0,detected_uncorrectable
SUPP-NEG-V1-001,secded_double_bit,S3,stage1_word_pos0,0+15,codeword_bits,,0,1,0,1,detected_uncorrectable
SUPP-NEG-V1-001,secded_double_bit,S3,stage1_word_pos0,0+16,codeword_bits,,0,1,0,0,detected_uncorrectable
SUPP-NEG-V1-001,secded_double_bit,S3,stage1_word_pos0,0+17,codeword_bits,,0,1,0,0,detected_uncorrectable
SUPP-NEG-V1-001,secded_double_bit,S3,stage1_word_pos0,0+18,codeword_bits,,0,1,0,0,detected_uncorrectable
SUPP-NEG-V1-001,secded_double_bit,S3,stage1_word_pos0,0+19,codeword_bits,,0,1,0,0,detected_uncorrectable
SUPP-NEG-V1-001,secded_double_bit,S3,stage1_word_pos0,0+20,codeword_bits,,0,1,0,0,detected_uncorrectable
SUPP-NEG-V1-001,secded_double_bit,S3,stage1_word_pos0,0+21,codeword_bits,,0,1,0,0,detected_uncorrectable
SUPP-NEG-V1-001,secded_double_bit,S3,stage1_word_pos0,0+22,codeword_bits,,0,1,0,0,detected_uncorrectable
SUPP-NEG-V1-001,secded_double_bit,S3,stage1_word_pos0,0+23,codeword_bits,,0,1,0,0,detected_uncorrectable
SUPP-NEG-V1-001,secded_double_bit,S3,stage1_word_pos0,0+24,codeword_bits,,0,1,0,0,detected_uncorrectable
SUPP-NEG-V1-001,secded_double_bit,S3,stage1_word_pos0,0+25,codeword_bits,,0,1,0,0,detected_uncorrectable
SUPP-NEG-V1-001,secded_double_bit,S3,stage1_word_pos0,0+26,codeword_bits,,0,1,0,0,detected_uncorrectable
SUPP-NEG-V1-001,secded_double_bit,S3,stage1_word_pos0,0+27,codeword_bits,,0,1,0,0,detected_uncorrectable
SUPP-NEG-V1-001,secded_double_bit,S3,stage1_word_pos0,0+28,codeword_bits,,0,1,0,0,detected_uncorrectable
SUPP-NEG-V1-001,secded_double_bit,S3,stage1_word_pos0,0+29,codeword_bits,,0,1,0,0,detected_uncorrectable
SUPP-NEG-V1-001,secded_double_bit,S3,stage1_word_pos0,0+30,codeword_bits,,0,1,0,0,detected_uncorrectable
SUPP-NEG-V1-001,secded_double_bit,S3,stage1_word_pos0,0+31,codeword_bits,,0,1,0,1,detected_uncorrectable
SUPP-NEG-V1-001,secded_double_bit,S3,stage1_word_pos0,0+32,codeword_bits,,0,1,0,0,detected_uncorrectable
SUPP-NEG-V1-001,secded_double_bit,S3,stage1_word_pos0,0+33,codeword_bits,,0,1,0,0,detected_uncorrectable
SUPP-NEG-V1-001,secded_double_bit,S3,stage1_word_pos0,0+34,codeword_bits,,0,1,0,0,detected_uncorrectable
SUPP-NEG-V1-001,secded_double_bit,S3,stage1_word_pos0,0+35,codeword_bits,,0,1,0,0,detected_uncorrectable
SUPP-NEG-V1-001,secded_double_bit,S3,stage1_word_pos0,0+36,codeword_bits,,0,1,0,0,detected_uncorrectable
SUPP-NEG-V1-001,secded_double_bit,S3,stage1_word_pos0,0+37,codeword_bits,,0,1,0,0,detected_uncorrectable
SUPP-NEG-V1-001,secded_double_bit,S3,stage1_word_pos0,0+38,codeword_bits,,0,1,0,0,detected_uncorrectable
SUPP-NEG-V1-001,secded_double_bit,S3,stage1_word_pos0,0+39,codeword_bits,,0,1,0,0,detected_uncorrectable
SUPP-NEG-V1-001,secded_double_bit,S3,stage1_word_pos0,0+40,codeword_bits,,0,1,0,0,detected_uncorrectable
SUPP-NEG-V1-001,secded_double_bit,S3,stage1_word_pos0,0+41,codeword_bits,,0,1,0,0,detected_uncorrectable
SUPP-NEG-V1-001,secded_double_bit,S3,stage1_word_pos0,0+42,codeword_bits,,0,1,0,0,detected_uncorrectable
SUPP-NEG-V1-001,secded_double_bit,S3,stage1_word_pos0,0+43,codeword_bits,,0,1,0,0,detected_uncorrectable
SUPP-NEG-V1-001,secded_double_bit,S3,stage1_word_pos0,0+44,codeword_bits,,0,1,0,0,detected_uncorrectable
SUPP-NEG-V1-001,secded_double_bit,S3,stage1_word_pos0,0+45,codeword_bits,,0,1,0,0,detected_uncorrectable
SUPP-NEG-V1-001,secded_double_bit,S3,stage1_word_pos0,0+46,codeword_bits,,0,1,0,0,detected_uncorrectable
SUPP-NEG-V1-001,secded_double_bit,S3,stage1_word_pos0,0+47,codeword_bits,,0,1,0,0,detected_uncorrectable
SUPP-NEG-V1-001,secded_double_bit,S3,stage1_word_pos0,0+48,codeword_bits,,0,1,0,0,detected_uncorrectable
SUPP-NEG-V1-001,secded_double_bit,S3,stage1_word_pos0,0+49,codeword_bits,,0,1,0,0,detected_uncorrectable
SUPP-NEG-V1-001,secded_double_bit,S3,stage1_word_pos0,0+50,codeword_bits,,0,1,0,0,detected_uncorrectable
SUPP-NEG-V1-001,secded_double_bit,S3,stage1_word_pos0,0+51,codeword_bits,,0,1,0,0,detected_uncorrectable
SUPP-NEG-V1-001,secded_double_bit,S3,stage1_word_pos0,0+52,codeword_bits,,0,1,0,0,detected_uncorrectable
SUPP-NEG-V1-001,secded_double_bit,S3,stage1_word_pos0,0+53,codeword_bits,,0,1,0,0,detected_uncorrectable
SUPP-NEG-V1-001,secded_double_bit,S3,stage1_word_pos0,0+54,codeword_bits,,0,1,0,0,detected_uncorrectable
SUPP-NEG-V1-001,secded_double_bit,S3,stage1_word_pos0,0+55,codeword_bits,,0,1,0,0,detected_uncorrectable
SUPP-NEG-V1-001,secded_double_bit,S3,stage1_word_pos0,0+56,codeword_bits,,0,1,0,0,detected_uncorrectable
SUPP-NEG-V1-001,secded_double_bit,S3,stage1_word_pos0,0+57,codeword_bits,,0,1,0,0,detected_uncorrectable
SUPP-NEG-V1-001,secded_double_bit,S3,stage1_word_pos0,0+58,codeword_bits,,0,1,0,0,detected_uncorrectable
SUPP-NEG-V1-001,secded_double_bit,S3,stage1_word_pos0,0+59,codeword_bits,,0,1,0,0,detected_uncorrectable
SUPP-NEG-V1-001,secded_double_bit,S3,stage1_word_pos0,0+60,codeword_bits,,0,1,0,0,detected_uncorrectable
SUPP-NEG-V1-001,secded_double_bit,S3,stage1_word_pos0,0+61,codeword_bits,,0,1,0,0,detected_uncorrectable
SUPP-NEG-V1-001,secded_double_bit,S3,stage1_word_pos0,0+62,codeword_bits,,0,1,0,0,detected_uncorrectable
SUPP-NEG-V1-001,secded_double_bit,S3,stage1_word_pos0,0+63,codeword_bits,,0,1,0,1,detected_uncorrectable
SUPP-NEG-V1-001,secded_double_bit,S3,stage1_word_pos0,0+64,codeword_bits,,0,1,0,0,detected_uncorrectable
SUPP-NEG-V1-001,secded_double_bit,S3,stage1_word_pos0,0+65,codeword_bits,,0,1,0,0,detected_uncorrectable
SUPP-NEG-V1-001,secded_double_bit,S3,stage1_word_pos0,0+66,codeword_bits,,0,1,0,0,detected_uncorrectable
SUPP-NEG-V1-001,secded_double_bit,S3,stage1_word_pos0,0+67,codeword_bits,,0,1,0,0,detected_uncorrectable
SUPP-NEG-V1-001,secded_double_bit,S3,stage1_word_pos0,0+68,codeword_bits,,0,1,0,0,detected_uncorrectable
SUPP-NEG-V1-001,secded_double_bit,S3,stage1_word_pos0,0+69,codeword_bits,,0,1,0,0,detected_uncorrectable
SUPP-NEG-V1-001,secded_double_bit,S3,stage1_word_pos0,0+70,codeword_bits,,0,1,0,0,detected_uncorrectable
SUPP-NEG-V1-001,secded_double_bit,S3,stage1_word_pos0,0+71,codeword_bits,,0,1,0,0,detected_uncorrectable
SUPP-NEG-V1-001,secded_double_bit,S3,stage1_word_pos0,0+72,codeword_bits,,0,1,0,0,detected_uncorrectable
SUPP-NEG-V1-001,secded_double_bit,S3,stage1_word_pos0,0+73,codeword_bits,,0,1,0,0,detected_uncorrectable
SUPP-NEG-V1-001,secded_double_bit,S3,stage1_word_pos0,0+74,codeword_bits,,0,1,0,0,detected_uncorrectable
SUPP-NEG-V1-001,secded_double_bit,S3,stage1_word_pos0,0+75,codeword_bits,,0,1,0,0,detected_uncorrectable
SUPP-NEG-V1-001,secded_double_bit,S3,stage1_word_pos0,0+76,codeword_bits,,0,1,0,0,detected_uncorrectable
SUPP-NEG-V1-001,secded_double_bit,S3,stage1_word_pos0,0+77,codeword_bits,,0,1,0,1,detected_uncorrectable
SUPP-NEG-V1-001,secded_double_bit,S3,stage1_word_pos0,1+2,codeword_bits,,0,1,0,0,detected_uncorrectable
SUPP-NEG-V1-001,secded_double_bit,S3,stage1_word_pos0,1+3,codeword_bits,,0,1,0,1,detected_uncorrectable
SUPP-NEG-V1-001,secded_double_bit,S3,stage1_word_pos0,1+4,codeword_bits,,0,1,0,0,detected_uncorrectable
SUPP-NEG-V1-001,secded_double_bit,S3,stage1_word_pos0,1+5,codeword_bits,,0,1,0,0,detected_uncorrectable
SUPP-NEG-V1-001,secded_double_bit,S3,stage1_word_pos0,1+6,codeword_bits,,0,1,0,0,detected_uncorrectable
SUPP-NEG-V1-001,secded_double_bit,S3,stage1_word_pos0,1+7,codeword_bits,,0,1,0,1,detected_uncorrectable
SUPP-NEG-V1-001,secded_double_bit,S3,stage1_word_pos0,1+8,codeword_bits,,0,1,0,0,detected_uncorrectable
SUPP-NEG-V1-001,secded_double_bit,S3,stage1_word_pos0,1+9,codeword_bits,,0,1,0,0,detected_uncorrectable
SUPP-NEG-V1-001,secded_double_bit,S3,stage1_word_pos0,1+10,codeword_bits,,0,1,0,0,detected_uncorrectable
SUPP-NEG-V1-001,secded_double_bit,S3,stage1_word_pos0,1+11,codeword_bits,,0,1,0,0,detected_uncorrectable
SUPP-NEG-V1-001,secded_double_bit,S3,stage1_word_pos0,1+12,codeword_bits,,0,1,0,0,detected_uncorrectable
SUPP-NEG-V1-001,secded_double_bit,S3,stage1_word_pos0,1+13,codeword_bits,,0,1,0,0,detected_uncorrectable
SUPP-NEG-V1-001,secded_double_bit,S3,stage1_word_pos0,1+14,codeword_bits,,0,1,0,0,detected_uncorrectable
SUPP-NEG-V1-001,secded_double_bit,S3,stage1_word_pos0,1+15,codeword_bits,,0,1,0,1,detected_uncorrectable
SUPP-NEG-V1-001,secded_double_bit,S3,stage1_word_pos0,1+16,codeword_bits,,0,1,0,0,detected_uncorrectable
SUPP-NEG-V1-001,secded_double_bit,S3,stage1_word_pos0,1+17,codeword_bits,,0,1,0,0,detected_uncorrectable
SUPP-NEG-V1-001,secded_double_bit,S3,stage1_word_pos0,1+18,codeword_bits,,0,1,0,0,detected_uncorrectable
SUPP-NEG-V1-001,secded_double_bit,S3,stage1_word_pos0,1+19,codeword_bits,,0,1,0,0,detected_uncorrectable
SUPP-NEG-V1-001,secded_double_bit,S3,stage1_word_pos0,1+20,codeword_bits,,0,1,0,0,detected_uncorrectable
SUPP-NEG-V1-001,secded_double_bit,S3,stage1_word_pos0,1+21,codeword_bits,,0,1,0,0,detected_uncorrectable
SUPP-NEG-V1-001,secded_double_bit,S3,stage1_word_pos0,1+22,codeword_bits,,0,1,0,0,detected_uncorrectable
SUPP-NEG-V1-001,secded_double_bit,S3,stage1_word_pos0,1+23,codeword_bits,,0,1,0,0,detected_uncorrectable
SUPP-NEG-V1-001,secded_double_bit,S3,stage1_word_pos0,1+24,codeword_bits,,0,1,0,0,detected_uncorrectable
SUPP-NEG-V1-001,secded_double_bit,S3,stage1_word_pos0,1+25,codeword_bits,,0,1,0,0,detected_uncorrectable
SUPP-NEG-V1-001,secded_double_bit,S3,stage1_word_pos0,1+26,codeword_bits,,0,1,0,0,detected_uncorrectable
SUPP-NEG-V1-001,secded_double_bit,S3,stage1_word_pos0,1+27,codeword_bits,,0,1,0,0,detected_uncorrectable
SUPP-NEG-V1-001,secded_double_bit,S3,stage1_word_pos0,1+28,codeword_bits,,0,1,0,0,detected_uncorrectable
SUPP-NEG-V1-001,secded_double_bit,S3,stage1_word_pos0,1+29,codeword_bits,,0,1,0,0,detected_uncorrectable
SUPP-NEG-V1-001,secded_double_bit,S3,stage1_word_pos0,1+30,codeword_bits,,0,1,0,0,detected_uncorrectable
SUPP-NEG-V1-001,secded_double_bit,S3,stage1_word_pos0,1+31,codeword_bits,,0,1,0,1,detected_uncorrectable
SUPP-NEG-V1-001,secded_double_bit,S3,stage1_word_pos0,1+32,codeword_bits,,0,1,0,0,detected_uncorrectable
SUPP-NEG-V1-001,secded_double_bit,S3,stage1_word_pos0,1+33,codeword_bits,,0,1,0,0,detected_uncorrectable
SUPP-NEG-V1-001,secded_double_bit,S3,stage1_word_pos0,1+34,codeword_bits,,0,1,0,0,detected_uncorrectable
SUPP-NEG-V1-001,secded_double_bit,S3,stage1_word_pos0,1+35,codeword_bits,,0,1,0,0,detected_uncorrectable
SUPP-NEG-V1-001,secded_double_bit,S3,stage1_word_pos0,1+36,codeword_bits,,0,1,0,0,detected_uncorrectable
SUPP-NEG-V1-001,secded_double_bit,S3,stage1_word_pos0,1+37,codeword_bits,,0,1,0,0,detected_uncorrectable
SUPP-NEG-V1-001,secded_double_bit,S3,stage1_word_pos0,1+38,codeword_bits,,0,1,0,0,detected_uncorrectable
SUPP-NEG-V1-001,secded_double_bit,S3,stage1_word_pos0,1+39,codeword_bits,,0,1,0,0,detected_uncorrectable
SUPP-NEG-V1-001,secded_double_bit,S3,stage1_word_pos0,1+40,codeword_bits,,0,1,0,0,detected_uncorrectable
SUPP-NEG-V1-001,secded_double_bit,S3,stage1_word_pos0,1+41,codeword_bits,,0,1,0,0,detected_uncorrectable
SUPP-NEG-V1-001,secded_double_bit,S3,stage1_word_pos0,1+42,codeword_bits,,0,1,0,0,detected_uncorrectable
SUPP-NEG-V1-001,secded_double_bit,S3,stage1_word_pos0,1+43,codeword_bits,,0,1,0,0,detected_uncorrectable
SUPP-NEG-V1-001,secded_double_bit,S3,stage1_word_pos0,1+44,codeword_bits,,0,1,0,0,detected_uncorrectable
SUPP-NEG-V1-001,secded_double_bit,S3,stage1_word_pos0,1+45,codeword_bits,,0,1,0,0,detected_uncorrectable
SUPP-NEG-V1-001,secded_double_bit,S3,stage1_word_pos0,1+46,codeword_bits,,0,1,0,0,detected_uncorrectable
SUPP-NEG-V1-001,secded_double_bit,S3,stage1_word_pos0,1+47,codeword_bits,,0,1,0,0,detected_uncorrectable
SUPP-NEG-V1-001,secded_double_bit,S3,stage1_word_pos0,1+48,codeword_bits,,0,1,0,0,detected_uncorrectable
SUPP-NEG-V1-001,secded_double_bit,S3,stage1_word_pos0,1+49,codeword_bits,,0,1,0,0,detected_uncorrectable
SUPP-NEG-V1-001,secded_double_bit,S3,stage1_word_pos0,1+50,codeword_bits,,0,1,0,0,detected_uncorrectable
SUPP-NEG-V1-001,secded_double_bit,S3,stage1_word_pos0,1+51,codeword_bits,,0,1,0,0,detected_uncorrectable
SUPP-NEG-V1-001,secded_double_bit,S3,stage1_word_pos0,1+52,codeword_bits,,0,1,0,0,detected_uncorrectable
SUPP-NEG-V1-001,secded_double_bit,S3,stage1_word_pos0,1+53,codeword_bits,,0,1,0,0,detected_uncorrectable
SUPP-NEG-V1-001,secded_double_bit,S3,stage1_word_pos0,1+54,codeword_bits,,0,1,0,0,detected_uncorrectable
SUPP-NEG-V1-001,secded_double_bit,S3,stage1_word_pos0,1+55,codeword_bits,,0,1,0,0,detected_uncorrectable
SUPP-NEG-V1-001,secded_double_bit,S3,stage1_word_pos0,1+56,codeword_bits,,0,1,0,0,detected_uncorrectable
SUPP-NEG-V1-001,secded_double_bit,S3,stage1_word_pos0,1+57,codeword_bits,,0,1,0,0,detected_uncorrectable
SUPP-NEG-V1-001,secded_double_bit,S3,stage1_word_pos0,1+58,codeword_bits,,0,1,0,0,detected_uncorrectable
SUPP-NEG-V1-001,secded_double_bit,S3,stage1_word_pos0,1+59,codeword_bits,,0,1,0,0,detected_uncorrectable
SUPP-NEG-V1-001,secded_double_bit,S3,stage1_word_pos0,1+60,codeword_bits,,0,1,0,0,detected_uncorrectable
SUPP-NEG-V1-001,secded_double_bit,S3,stage1_word_pos0,1+61,codeword_bits,,0,1,0,0,detected_uncorrectable
SUPP-NEG-V1-001,secded_double_bit,S3,stage1_word_pos0,1+62,codeword_bits,,0,1,0,0,detected_uncorrectable
SUPP-NEG-V1-001,secded_double_bit,S3,stage1_word_pos0,1+63,codeword_bits,,0,1,0,1,detected_uncorrectable
SUPP-NEG-V1-001,secded_double_bit,S3,stage1_word_pos0,1+64,codeword_bits,,0,1,0,0,detected_uncorrectable
SUPP-NEG-V1-001,secded_double_bit,S3,stage1_word_pos0,1+65,codeword_bits,,0,1,0,0,detected_uncorrectable
SUPP-NEG-V1-001,secded_double_bit,S3,stage1_word_pos0,1+66,codeword_bits,,0,1,0,0,detected_uncorrectable
SUPP-NEG-V1-001,secded_double_bit,S3,stage1_word_pos0,1+67,codeword_bits,,0,1,0,0,detected_uncorrectable
SUPP-NEG-V1-001,secded_double_bit,S3,stage1_word_pos0,1+68,codeword_bits,,0,1,0,0,detected_uncorrectable
SUPP-NEG-V1-001,secded_double_bit,S3,stage1_word_pos0,1+69,codeword_bits,,0,1,0,0,detected_uncorrectable
SUPP-NEG-V1-001,secded_double_bit,S3,stage1_word_pos0,1+70,codeword_bits,,0,1,0,0,detected_uncorrectable
SUPP-NEG-V1-001,secded_double_bit,S3,stage1_word_pos0,1+71,codeword_bits,,0,1,0,0,detected_uncorrectable
SUPP-NEG-V1-001,secded_double_bit,S3,stage1_word_pos0,1+72,codeword_bits,,0,1,0,0,detected_uncorrectable
SUPP-NEG-V1-001,secded_double_bit,S3,stage1_word_pos0,1+73,codeword_bits,,0,1,0,0,detected_uncorrectable
SUPP-NEG-V1-001,secded_double_bit,S3,stage1_word_pos0,1+74,codeword_bits,,0,1,0,0,detected_uncorrectable
SUPP-NEG-V1-001,secded_double_bit,S3,stage1_word_pos0,1+75,codeword_bits,,0,1,0,0,detected_uncorrectable
SUPP-NEG-V1-001,secded_double_bit,S3,stage1_word_pos0,1+76,codeword_bits,,0,1,0,0,detected_uncorrectable
SUPP-NEG-V1-001,secded_double_bit,S3,stage1_word_pos0,1+77,codeword_bits,,0,1,0,1,detected_uncorrectable
SUPP-NEG-V1-001,secded_double_bit,S3,stage1_word_pos0,2+3,codeword_bits,,0,1,0,0,detected_uncorrectable
SUPP-NEG-V1-001,secded_double_bit,S3,stage1_word_pos0,2+4,codeword_bits,,0,1,0,0,detected_uncorrectable
SUPP-NEG-V1-001,secded_double_bit,S3,stage1_word_pos0,2+5,codeword_bits,,0,1,0,0,detected_uncorrectable
SUPP-NEG-V1-001,secded_double_bit,S3,stage1_word_pos0,2+6,codeword_bits,,0,1,0,0,detected_uncorrectable
SUPP-NEG-V1-001,secded_double_bit,S3,stage1_word_pos0,2+7,codeword_bits,,0,1,0,0,detected_uncorrectable
SUPP-NEG-V1-001,secded_double_bit,S3,stage1_word_pos0,2+8,codeword_bits,,0,1,0,0,detected_uncorrectable
SUPP-NEG-V1-001,secded_double_bit,S3,stage1_word_pos0,2+9,codeword_bits,,0,1,0,0,detected_uncorrectable
SUPP-NEG-V1-001,secded_double_bit,S3,stage1_word_pos0,2+10,codeword_bits,,0,1,0,0,detected_uncorrectable
SUPP-NEG-V1-001,secded_double_bit,S3,stage1_word_pos0,2+11,codeword_bits,,0,1,0,0,detected_uncorrectable
SUPP-NEG-V1-001,secded_double_bit,S3,stage1_word_pos0,2+12,codeword_bits,,0,1,0,0,detected_uncorrectable
SUPP-NEG-V1-001,secded_double_bit,S3,stage1_word_pos0,2+13,codeword_bits,,0,1,0,0,detected_uncorrectable
SUPP-NEG-V1-001,secded_double_bit,S3,stage1_word_pos0,2+14,codeword_bits,,0,1,0,0,detected_uncorrectable
SUPP-NEG-V1-001,secded_double_bit,S3,stage1_word_pos0,2+15,codeword_bits,,0,1,0,0,detected_uncorrectable
SUPP-NEG-V1-001,secded_double_bit,S3,stage1_word_pos0,2+16,codeword_bits,,0,1,0,0,detected_uncorrectable
SUPP-NEG-V1-001,secded_double_bit,S3,stage1_word_pos0,2+17,codeword_bits,,0,1,0,0,detected_uncorrectable
SUPP-NEG-V1-001,secded_double_bit,S3,stage1_word_pos0,2+18,codeword_bits,,0,1,0,0,detected_uncorrectable
SUPP-NEG-V1-001,secded_double_bit,S3,stage1_word_pos0,2+19,codeword_bits,,0,1,0,0,detected_uncorrectable
SUPP-NEG-V1-001,secded_double_bit,S3,stage1_word_pos0,2+20,codeword_bits,,0,1,0,0,detected_uncorrectable
SUPP-NEG-V1-001,secded_double_bit,S3,stage1_word_pos0,2+21,codeword_bits,,0,1,0,0,detected_uncorrectable
SUPP-NEG-V1-001,secded_double_bit,S3,stage1_word_pos0,2+22,codeword_bits,,0,1,0,0,detected_uncorrectable
SUPP-NEG-V1-001,secded_double_bit,S3,stage1_word_pos0,2+23,codeword_bits,,0,1,0,0,detected_uncorrectable
SUPP-NEG-V1-001,secded_double_bit,S3,stage1_word_pos0,2+24,codeword_bits,,0,1,0,0,detected_uncorrectable
SUPP-NEG-V1-001,secded_double_bit,S3,stage1_word_pos0,2+25,codeword_bits,,0,1,0,0,detected_uncorrectable
SUPP-NEG-V1-001,secded_double_bit,S3,stage1_word_pos0,2+26,codeword_bits,,0,1,0,0,detected_uncorrectable
SUPP-NEG-V1-001,secded_double_bit,S3,stage1_word_pos0,2+27,codeword_bits,,0,1,0,0,detected_uncorrectable
SUPP-NEG-V1-001,secded_double_bit,S3,stage1_word_pos0,2+28,codeword_bits,,0,1,0,0,detected_uncorrectable
SUPP-NEG-V1-001,secded_double_bit,S3,stage1_word_pos0,2+29,codeword_bits,,0,1,0,0,detected_uncorrectable
SUPP-NEG-V1-001,secded_double_bit,S3,stage1_word_pos0,2+30,codeword_bits,,0,1,0,0,detected_uncorrectable
SUPP-NEG-V1-001,secded_double_bit,S3,stage1_word_pos0,2+31,codeword_bits,,0,1,0,0,detected_uncorrectable
SUPP-NEG-V1-001,secded_double_bit,S3,stage1_word_pos0,2+32,codeword_bits,,0,1,0,0,detected_uncorrectable
SUPP-NEG-V1-001,secded_double_bit,S3,stage1_word_pos0,2+33,codeword_bits,,0,1,0,0,detected_uncorrectable
SUPP-NEG-V1-001,secded_double_bit,S3,stage1_word_pos0,2+34,codeword_bits,,0,1,0,0,detected_uncorrectable
SUPP-NEG-V1-001,secded_double_bit,S3,stage1_word_pos0,2+35,codeword_bits,,0,1,0,0,detected_uncorrectable
SUPP-NEG-V1-001,secded_double_bit,S3,stage1_word_pos0,2+36,codeword_bits,,0,1,0,0,detected_uncorrectable
SUPP-NEG-V1-001,secded_double_bit,S3,stage1_word_pos0,2+37,codeword_bits,,0,1,0,0,detected_uncorrectable
SUPP-NEG-V1-001,secded_double_bit,S3,stage1_word_pos0,2+38,codeword_bits,,0,1,0,0,detected_uncorrectable
SUPP-NEG-V1-001,secded_double_bit,S3,stage1_word_pos0,2+39,codeword_bits,,0,1,0,0,detected_uncorrectable
SUPP-NEG-V1-001,secded_double_bit,S3,stage1_word_pos0,2+40,codeword_bits,,0,1,0,0,detected_uncorrectable
SUPP-NEG-V1-001,secded_double_bit,S3,stage1_word_pos0,2+41,codeword_bits,,0,1,0,0,detected_uncorrectable
SUPP-NEG-V1-001,secded_double_bit,S3,stage1_word_pos0,2+42,codeword_bits,,0,1,0,0,detected_uncorrectable
SUPP-NEG-V1-001,secded_double_bit,S3,stage1_word_pos0,2+43,codeword_bits,,0,1,0,0,detected_uncorrectable
SUPP-NEG-V1-001,secded_double_bit,S3,stage1_word_pos0,2+44,codeword_bits,,0,1,0,0,detected_uncorrectable
SUPP-NEG-V1-001,secded_double_bit,S3,stage1_word_pos0,2+45,codeword_bits,,0,1,0,0,detected_uncorrectable
SUPP-NEG-V1-001,secded_double_bit,S3,stage1_word_pos0,2+46,codeword_bits,,0,1,0,0,detected_uncorrectable
SUPP-NEG-V1-001,secded_double_bit,S3,stage1_word_pos0,2+47,codeword_bits,,0,1,0,0,detected_uncorrectable
SUPP-NEG-V1-001,secded_double_bit,S3,stage1_word_pos0,2+48,codeword_bits,,0,1,0,0,detected_uncorrectable
SUPP-NEG-V1-001,secded_double_bit,S3,stage1_word_pos0,2+49,codeword_bits,,0,1,0,0,detected_uncorrectable
SUPP-NEG-V1-001,secded_double_bit,S3,stage1_word_pos0,2+50,codeword_bits,,0,1,0,0,detected_uncorrectable
SUPP-NEG-V1-001,secded_double_bit,S3,stage1_word_pos0,2+51,codeword_bits,,0,1,0,0,detected_uncorrectable
SUPP-NEG-V1-001,secded_double_bit,S3,stage1_word_pos0,2+52,codeword_bits,,0,1,0,0,detected_uncorrectable
SUPP-NEG-V1-001,secded_double_bit,S3,stage1_word_pos0,2+53,codeword_bits,,0,1,0,0,detected_uncorrectable
SUPP-NEG-V1-001,secded_double_bit,S3,stage1_word_pos0,2+54,codeword_bits,,0,1,0,0,detected_uncorrectable
SUPP-NEG-V1-001,secded_double_bit,S3,stage1_word_pos0,2+55,codeword_bits,,0,1,0,0,detected_uncorrectable
SUPP-NEG-V1-001,secded_double_bit,S3,stage1_word_pos0,2+56,codeword_bits,,0,1,0,0,detected_uncorrectable
SUPP-NEG-V1-001,secded_double_bit,S3,stage1_word_pos0,2+57,codeword_bits,,0,1,0,0,detected_uncorrectable
SUPP-NEG-V1-001,secded_double_bit,S3,stage1_word_pos0,2+58,codeword_bits,,0,1,0,0,detected_uncorrectable
SUPP-NEG-V1-001,secded_double_bit,S3,stage1_word_pos0,2+59,codeword_bits,,0,1,0,0,detected_uncorrectable
SUPP-NEG-V1-001,secded_double_bit,S3,stage1_word_pos0,2+60,codeword_bits,,0,1,0,0,detected_uncorrectable
SUPP-NEG-V1-001,secded_double_bit,S3,stage1_word_pos0,2+61,codeword_bits,,0,1,0,0,detected_uncorrectable
SUPP-NEG-V1-001,secded_double_bit,S3,stage1_word_pos0,2+62,codeword_bits,,0,1,0,0,detected_uncorrectable
SUPP-NEG-V1-001,secded_double_bit,S3,stage1_word_pos0,2+63,codeword_bits,,0,1,0,0,detected_uncorrectable
SUPP-NEG-V1-001,secded_double_bit,S3,stage1_word_pos0,2+64,codeword_bits,,0,1,0,0,detected_uncorrectable
SUPP-NEG-V1-001,secded_double_bit,S3,stage1_word_pos0,2+65,codeword_bits,,0,1,0,0,detected_uncorrectable
SUPP-NEG-V1-001,secded_double_bit,S3,stage1_word_pos0,2+66,codeword_bits,,0,1,0,0,detected_uncorrectable
SUPP-NEG-V1-001,secded_double_bit,S3,stage1_word_pos0,2+67,codeword_bits,,0,1,0,0,detected_uncorrectable
SUPP-NEG-V1-001,secded_double_bit,S3,stage1_word_pos0,2+68,codeword_bits,,0,1,0,0,detected_uncorrectable
SUPP-NEG-V1-001,secded_double_bit,S3,stage1_word_pos0,2+69,codeword_bits,,0,1,0,0,detected_uncorrectable
SUPP-NEG-V1-001,secded_double_bit,S3,stage1_word_pos0,2+70,codeword_bits,,0,1,0,0,detected_uncorrectable
SUPP-NEG-V1-001,secded_double_bit,S3,stage1_word_pos0,2+71,codeword_bits,,0,1,0,0,detected_uncorrectable
SUPP-NEG-V1-001,secded_double_bit,S3,stage1_word_pos0,2+72,codeword_bits,,0,1,0,0,detected_uncorrectable
SUPP-NEG-V1-001,secded_double_bit,S3,stage1_word_pos0,2+73,codeword_bits,,0,1,0,0,detected_uncorrectable
SUPP-NEG-V1-001,secded_double_bit,S3,stage1_word_pos0,2+74,codeword_bits,,0,1,0,0,detected_uncorrectable
SUPP-NEG-V1-001,secded_double_bit,S3,stage1_word_pos0,2+75,codeword_bits,,0,1,0,0,detected_uncorrectable
SUPP-NEG-V1-001,secded_double_bit,S3,stage1_word_pos0,2+76,codeword_bits,,0,1,0,0,detected_uncorrectable
SUPP-NEG-V1-001,secded_double_bit,S3,stage1_word_pos0,2+77,codeword_bits,,0,1,0,0,detected_uncorrectable
SUPP-NEG-V1-001,secded_double_bit,S3,stage1_word_pos0,3+4,codeword_bits,,0,1,0,0,detected_uncorrectable
SUPP-NEG-V1-001,secded_double_bit,S3,stage1_word_pos0,3+5,codeword_bits,,0,1,0,0,detected_uncorrectable
SUPP-NEG-V1-001,secded_double_bit,S3,stage1_word_pos0,3+6,codeword_bits,,0,1,0,0,detected_uncorrectable
SUPP-NEG-V1-001,secded_double_bit,S3,stage1_word_pos0,3+7,codeword_bits,,0,1,0,1,detected_uncorrectable
SUPP-NEG-V1-001,secded_double_bit,S3,stage1_word_pos0,3+8,codeword_bits,,0,1,0,0,detected_uncorrectable
SUPP-NEG-V1-001,secded_double_bit,S3,stage1_word_pos0,3+9,codeword_bits,,0,1,0,0,detected_uncorrectable
SUPP-NEG-V1-001,secded_double_bit,S3,stage1_word_pos0,3+10,codeword_bits,,0,1,0,0,detected_uncorrectable
SUPP-NEG-V1-001,secded_double_bit,S3,stage1_word_pos0,3+11,codeword_bits,,0,1,0,0,detected_uncorrectable
SUPP-NEG-V1-001,secded_double_bit,S3,stage1_word_pos0,3+12,codeword_bits,,0,1,0,0,detected_uncorrectable
SUPP-NEG-V1-001,secded_double_bit,S3,stage1_word_pos0,3+13,codeword_bits,,0,1,0,0,detected_uncorrectable
SUPP-NEG-V1-001,secded_double_bit,S3,stage1_word_pos0,3+14,codeword_bits,,0,1,0,0,detected_uncorrectable
SUPP-NEG-V1-001,secded_double_bit,S3,stage1_word_pos0,3+15,codeword_bits,,0,1,0,1,detected_uncorrectable
SUPP-NEG-V1-001,secded_double_bit,S3,stage1_word_pos0,3+16,codeword_bits,,0,1,0,0,detected_uncorrectable
SUPP-NEG-V1-001,secded_double_bit,S3,stage1_word_pos0,3+17,codeword_bits,,0,1,0,0,detected_uncorrectable
SUPP-NEG-V1-001,secded_double_bit,S3,stage1_word_pos0,3+18,codeword_bits,,0,1,0,0,detected_uncorrectable
SUPP-NEG-V1-001,secded_double_bit,S3,stage1_word_pos0,3+19,codeword_bits,,0,1,0,0,detected_uncorrectable
SUPP-NEG-V1-001,secded_double_bit,S3,stage1_word_pos0,3+20,codeword_bits,,0,1,0,0,detected_uncorrectable
SUPP-NEG-V1-001,secded_double_bit,S3,stage1_word_pos0,3+21,codeword_bits,,0,1,0,0,detected_uncorrectable
SUPP-NEG-V1-001,secded_double_bit,S3,stage1_word_pos0,3+22,codeword_bits,,0,1,0,0,detected_uncorrectable
SUPP-NEG-V1-001,secded_double_bit,S3,stage1_word_pos0,3+23,codeword_bits,,0,1,0,0,detected_uncorrectable
SUPP-NEG-V1-001,secded_double_bit,S3,stage1_word_pos0,3+24,codeword_bits,,0,1,0,0,detected_uncorrectable
SUPP-NEG-V1-001,secded_double_bit,S3,stage1_word_pos0,3+25,codeword_bits,,0,1,0,0,detected_uncorrectable
SUPP-NEG-V1-001,secded_double_bit,S3,stage1_word_pos0,3+26,codeword_bits,,0,1,0,0,detected_uncorrectable
SUPP-NEG-V1-001,secded_double_bit,S3,stage1_word_pos0,3+27,codeword_bits,,0,1,0,0,detected_uncorrectable
SUPP-NEG-V1-001,secded_double_bit,S3,stage1_word_pos0,3+28,codeword_bits,,0,1,0,0,detected_uncorrectable
SUPP-NEG-V1-001,secded_double_bit,S3,stage1_word_pos0,3+29,codeword_bits,,0,1,0,0,detected_uncorrectable
SUPP-NEG-V1-001,secded_double_bit,S3,stage1_word_pos0,3+30,codeword_bits,,0,1,0,0,detected_uncorrectable
SUPP-NEG-V1-001,secded_double_bit,S3,stage1_word_pos0,3+31,codeword_bits,,0,1,0,1,detected_uncorrectable
SUPP-NEG-V1-001,secded_double_bit,S3,stage1_word_pos0,3+32,codeword_bits,,0,1,0,0,detected_uncorrectable
SUPP-NEG-V1-001,secded_double_bit,S3,stage1_word_pos0,3+33,codeword_bits,,0,1,0,0,detected_uncorrectable
SUPP-NEG-V1-001,secded_double_bit,S3,stage1_word_pos0,3+34,codeword_bits,,0,1,0,0,detected_uncorrectable
SUPP-NEG-V1-001,secded_double_bit,S3,stage1_word_pos0,3+35,codeword_bits,,0,1,0,0,detected_uncorrectable
SUPP-NEG-V1-001,secded_double_bit,S3,stage1_word_pos0,3+36,codeword_bits,,0,1,0,0,detected_uncorrectable
SUPP-NEG-V1-001,secded_double_bit,S3,stage1_word_pos0,3+37,codeword_bits,,0,1,0,0,detected_uncorrectable
SUPP-NEG-V1-001,secded_double_bit,S3,stage1_word_pos0,3+38,codeword_bits,,0,1,0,0,detected_uncorrectable
SUPP-NEG-V1-001,secded_double_bit,S3,stage1_word_pos0,3+39,codeword_bits,,0,1,0,0,detected_uncorrectable
SUPP-NEG-V1-001,secded_double_bit,S3,stage1_word_pos0,3+40,codeword_bits,,0,1,0,0,detected_uncorrectable
SUPP-NEG-V1-001,secded_double_bit,S3,stage1_word_pos0,3+41,codeword_bits,,0,1,0,0,detected_uncorrectable
SUPP-NEG-V1-001,secded_double_bit,S3,stage1_word_pos0,3+42,codeword_bits,,0,1,0,0,detected_uncorrectable
SUPP-NEG-V1-001,secded_double_bit,S3,stage1_word_pos0,3+43,codeword_bits,,0,1,0,0,detected_uncorrectable
SUPP-NEG-V1-001,secded_double_bit,S3,stage1_word_pos0,3+44,codeword_bits,,0,1,0,0,detected_uncorrectable
SUPP-NEG-V1-001,secded_double_bit,S3,stage1_word_pos0,3+45,codeword_bits,,0,1,0,0,detected_uncorrectable
SUPP-NEG-V1-001,secded_double_bit,S3,stage1_word_pos0,3+46,codeword_bits,,0,1,0,0,detected_uncorrectable
SUPP-NEG-V1-001,secded_double_bit,S3,stage1_word_pos0,3+47,codeword_bits,,0,1,0,0,detected_uncorrectable
SUPP-NEG-V1-001,secded_double_bit,S3,stage1_word_pos0,3+48,codeword_bits,,0,1,0,0,detected_uncorrectable
SUPP-NEG-V1-001,secded_double_bit,S3,stage1_word_pos0,3+49,codeword_bits,,0,1,0,0,detected_uncorrectable
SUPP-NEG-V1-001,secded_double_bit,S3,stage1_word_pos0,3+50,codeword_bits,,0,1,0,0,detected_uncorrectable
SUPP-NEG-V1-001,secded_double_bit,S3,stage1_word_pos0,3+51,codeword_bits,,0,1,0,0,detected_uncorrectable
SUPP-NEG-V1-001,secded_double_bit,S3,stage1_word_pos0,3+52,codeword_bits,,0,1,0,0,detected_uncorrectable
SUPP-NEG-V1-001,secded_double_bit,S3,stage1_word_pos0,3+53,codeword_bits,,0,1,0,0,detected_uncorrectable
SUPP-NEG-V1-001,secded_double_bit,S3,stage1_word_pos0,3+54,codeword_bits,,0,1,0,0,detected_uncorrectable
SUPP-NEG-V1-001,secded_double_bit,S3,stage1_word_pos0,3+55,codeword_bits,,0,1,0,0,detected_uncorrectable
SUPP-NEG-V1-001,secded_double_bit,S3,stage1_word_pos0,3+56,codeword_bits,,0,1,0,0,detected_uncorrectable
SUPP-NEG-V1-001,secded_double_bit,S3,stage1_word_pos0,3+57,codeword_bits,,0,1,0,0,detected_uncorrectable
SUPP-NEG-V1-001,secded_double_bit,S3,stage1_word_pos0,3+58,codeword_bits,,0,1,0,0,detected_uncorrectable
SUPP-NEG-V1-001,secded_double_bit,S3,stage1_word_pos0,3+59,codeword_bits,,0,1,0,0,detected_uncorrectable
SUPP-NEG-V1-001,secded_double_bit,S3,stage1_word_pos0,3+60,codeword_bits,,0,1,0,0,detected_uncorrectable
SUPP-NEG-V1-001,secded_double_bit,S3,stage1_word_pos0,3+61,codeword_bits,,0,1,0,0,detected_uncorrectable
SUPP-NEG-V1-001,secded_double_bit,S3,stage1_word_pos0,3+62,codeword_bits,,0,1,0,0,detected_uncorrectable
SUPP-NEG-V1-001,secded_double_bit,S3,stage1_word_pos0,3+63,codeword_bits,,0,1,0,1,detected_uncorrectable
SUPP-NEG-V1-001,secded_double_bit,S3,stage1_word_pos0,3+64,codeword_bits,,0,1,0,0,detected_uncorrectable
SUPP-NEG-V1-001,secded_double_bit,S3,stage1_word_pos0,3+65,codeword_bits,,0,1,0,0,detected_uncorrectable
SUPP-NEG-V1-001,secded_double_bit,S3,stage1_word_pos0,3+66,codeword_bits,,0,1,0,0,detected_uncorrectable
SUPP-NEG-V1-001,secded_double_bit,S3,stage1_word_pos0,3+67,codeword_bits,,0,1,0,0,detected_uncorrectable
SUPP-NEG-V1-001,secded_double_bit,S3,stage1_word_pos0,3+68,codeword_bits,,0,1,0,0,detected_uncorrectable
SUPP-NEG-V1-001,secded_double_bit,S3,stage1_word_pos0,3+69,codeword_bits,,0,1,0,0,detected_uncorrectable
SUPP-NEG-V1-001,secded_double_bit,S3,stage1_word_pos0,3+70,codeword_bits,,0,1,0,0,detected_uncorrectable
SUPP-NEG-V1-001,secded_double_bit,S3,stage1_word_pos0,3+71,codeword_bits,,0,1,0,0,detected_uncorrectable
SUPP-NEG-V1-001,secded_double_bit,S3,stage1_word_pos0,3+72,codeword_bits,,0,1,0,0,detected_uncorrectable
SUPP-NEG-V1-001,secded_double_bit,S3,stage1_word_pos0,3+73,codeword_bits,,0,1,0,0,detected_uncorrectable
SUPP-NEG-V1-001,secded_double_bit,S3,stage1_word_pos0,3+74,codeword_bits,,0,1,0,0,detected_uncorrectable
SUPP-NEG-V1-001,secded_double_bit,S3,stage1_word_pos0,3+75,codeword_bits,,0,1,0,0,detected_uncorrectable
SUPP-NEG-V1-001,secded_double_bit,S3,stage1_word_pos0,3+76,codeword_bits,,0,1,0,0,detected_uncorrectable
SUPP-NEG-V1-001,secded_double_bit,S3,stage1_word_pos0,3+77,codeword_bits,,0,1,0,1,detected_uncorrectable
SUPP-NEG-V1-001,secded_double_bit,S3,stage1_word_pos0,4+5,codeword_bits,,0,1,0,0,detected_uncorrectable
SUPP-NEG-V1-001,secded_double_bit,S3,stage1_word_pos0,4+6,codeword_bits,,0,1,0,0,detected_uncorrectable
SUPP-NEG-V1-001,secded_double_bit,S3,stage1_word_pos0,4+7,codeword_bits,,0,1,0,0,detected_uncorrectable
SUPP-NEG-V1-001,secded_double_bit,S3,stage1_word_pos0,4+8,codeword_bits,,0,1,0,0,detected_uncorrectable
SUPP-NEG-V1-001,secded_double_bit,S3,stage1_word_pos0,4+9,codeword_bits,,0,1,0,0,detected_uncorrectable
SUPP-NEG-V1-001,secded_double_bit,S3,stage1_word_pos0,4+10,codeword_bits,,0,1,0,0,detected_uncorrectable
SUPP-NEG-V1-001,secded_double_bit,S3,stage1_word_pos0,4+11,codeword_bits,,0,1,0,0,detected_uncorrectable
SUPP-NEG-V1-001,secded_double_bit,S3,stage1_word_pos0,4+12,codeword_bits,,0,1,0,0,detected_uncorrectable
SUPP-NEG-V1-001,secded_double_bit,S3,stage1_word_pos0,4+13,codeword_bits,,0,1,0,0,detected_uncorrectable
SUPP-NEG-V1-001,secded_double_bit,S3,stage1_word_pos0,4+14,codeword_bits,,0,1,0,0,detected_uncorrectable
SUPP-NEG-V1-001,secded_double_bit,S3,stage1_word_pos0,4+15,codeword_bits,,0,1,0,0,detected_uncorrectable
SUPP-NEG-V1-001,secded_double_bit,S3,stage1_word_pos0,4+16,codeword_bits,,0,1,0,0,detected_uncorrectable
SUPP-NEG-V1-001,secded_double_bit,S3,stage1_word_pos0,4+17,codeword_bits,,0,1,0,0,detected_uncorrectable
SUPP-NEG-V1-001,secded_double_bit,S3,stage1_word_pos0,4+18,codeword_bits,,0,1,0,0,detected_uncorrectable
SUPP-NEG-V1-001,secded_double_bit,S3,stage1_word_pos0,4+19,codeword_bits,,0,1,0,0,detected_uncorrectable
SUPP-NEG-V1-001,secded_double_bit,S3,stage1_word_pos0,4+20,codeword_bits,,0,1,0,0,detected_uncorrectable
SUPP-NEG-V1-001,secded_double_bit,S3,stage1_word_pos0,4+21,codeword_bits,,0,1,0,0,detected_uncorrectable
SUPP-NEG-V1-001,secded_double_bit,S3,stage1_word_pos0,4+22,codeword_bits,,0,1,0,0,detected_uncorrectable
SUPP-NEG-V1-001,secded_double_bit,S3,stage1_word_pos0,4+23,codeword_bits,,0,1,0,0,detected_uncorrectable
SUPP-NEG-V1-001,secded_double_bit,S3,stage1_word_pos0,4+24,codeword_bits,,0,1,0,0,detected_uncorrectable
SUPP-NEG-V1-001,secded_double_bit,S3,stage1_word_pos0,4+25,codeword_bits,,0,1,0,0,detected_uncorrectable
SUPP-NEG-V1-001,secded_double_bit,S3,stage1_word_pos0,4+26,codeword_bits,,0,1,0,0,detected_uncorrectable
SUPP-NEG-V1-001,secded_double_bit,S3,stage1_word_pos0,4+27,codeword_bits,,0,1,0,0,detected_uncorrectable
SUPP-NEG-V1-001,secded_double_bit,S3,stage1_word_pos0,4+28,codeword_bits,,0,1,0,0,detected_uncorrectable
SUPP-NEG-V1-001,secded_double_bit,S3,stage1_word_pos0,4+29,codeword_bits,,0,1,0,0,detected_uncorrectable
SUPP-NEG-V1-001,secded_double_bit,S3,stage1_word_pos0,4+30,codeword_bits,,0,1,0,0,detected_uncorrectable
SUPP-NEG-V1-001,secded_double_bit,S3,stage1_word_pos0,4+31,codeword_bits,,0,1,0,0,detected_uncorrectable
SUPP-NEG-V1-001,secded_double_bit,S3,stage1_word_pos0,4+32,codeword_bits,,0,1,0,0,detected_uncorrectable
SUPP-NEG-V1-001,secded_double_bit,S3,stage1_word_pos0,4+33,codeword_bits,,0,1,0,0,detected_uncorrectable
SUPP-NEG-V1-001,secded_double_bit,S3,stage1_word_pos0,4+34,codeword_bits,,0,1,0,0,detected_uncorrectable
SUPP-NEG-V1-001,secded_double_bit,S3,stage1_word_pos0,4+35,codeword_bits,,0,1,0,0,detected_uncorrectable
SUPP-NEG-V1-001,secded_double_bit,S3,stage1_word_pos0,4+36,codeword_bits,,0,1,0,0,detected_uncorrectable
SUPP-NEG-V1-001,secded_double_bit,S3,stage1_word_pos0,4+37,codeword_bits,,0,1,0,0,detected_uncorrectable
SUPP-NEG-V1-001,secded_double_bit,S3,stage1_word_pos0,4+38,codeword_bits,,0,1,0,0,detected_uncorrectable
SUPP-NEG-V1-001,secded_double_bit,S3,stage1_word_pos0,4+39,codeword_bits,,0,1,0,0,detected_uncorrectable
SUPP-NEG-V1-001,secded_double_bit,S3,stage1_word_pos0,4+40,codeword_bits,,0,1,0,0,detected_uncorrectable
SUPP-NEG-V1-001,secded_double_bit,S3,stage1_word_pos0,4+41,codeword_bits,,0,1,0,0,detected_uncorrectable
SUPP-NEG-V1-001,secded_double_bit,S3,stage1_word_pos0,4+42,codeword_bits,,0,1,0,0,detected_uncorrectable
SUPP-NEG-V1-001,secded_double_bit,S3,stage1_word_pos0,4+43,codeword_bits,,0,1,0,0,detected_uncorrectable
SUPP-NEG-V1-001,secded_double_bit,S3,stage1_word_pos0,4+44,codeword_bits,,0,1,0,0,detected_uncorrectable
SUPP-NEG-V1-001,secded_double_bit,S3,stage1_word_pos0,4+45,codeword_bits,,0,1,0,0,detected_uncorrectable
SUPP-NEG-V1-001,secded_double_bit,S3,stage1_word_pos0,4+46,codeword_bits,,0,1,0,0,detected_uncorrectable
SUPP-NEG-V1-001,secded_double_bit,S3,stage1_word_pos0,4+47,codeword_bits,,0,1,0,0,detected_uncorrectable
SUPP-NEG-V1-001,secded_double_bit,S3,stage1_word_pos0,4+48,codeword_bits,,0,1,0,0,detected_uncorrectable
SUPP-NEG-V1-001,secded_double_bit,S3,stage1_word_pos0,4+49,codeword_bits,,0,1,0,0,detected_uncorrectable
SUPP-NEG-V1-001,secded_double_bit,S3,stage1_word_pos0,4+50,codeword_bits,,0,1,0,0,detected_uncorrectable
SUPP-NEG-V1-001,secded_double_bit,S3,stage1_word_pos0,4+51,codeword_bits,,0,1,0,0,detected_uncorrectable
SUPP-NEG-V1-001,secded_double_bit,S3,stage1_word_pos0,4+52,codeword_bits,,0,1,0,0,detected_uncorrectable
SUPP-NEG-V1-001,secded_double_bit,S3,stage1_word_pos0,4+53,codeword_bits,,0,1,0,0,detected_uncorrectable
SUPP-NEG-V1-001,secded_double_bit,S3,stage1_word_pos0,4+54,codeword_bits,,0,1,0,0,detected_uncorrectable
SUPP-NEG-V1-001,secded_double_bit,S3,stage1_word_pos0,4+55,codeword_bits,,0,1,0,0,detected_uncorrectable
SUPP-NEG-V1-001,secded_double_bit,S3,stage1_word_pos0,4+56,codeword_bits,,0,1,0,0,detected_uncorrectable
SUPP-NEG-V1-001,secded_double_bit,S3,stage1_word_pos0,4+57,codeword_bits,,0,1,0,0,detected_uncorrectable
SUPP-NEG-V1-001,secded_double_bit,S3,stage1_word_pos0,4+58,codeword_bits,,0,1,0,0,detected_uncorrectable
SUPP-NEG-V1-001,secded_double_bit,S3,stage1_word_pos0,4+59,codeword_bits,,0,1,0,0,detected_uncorrectable
SUPP-NEG-V1-001,secded_double_bit,S3,stage1_word_pos0,4+60,codeword_bits,,0,1,0,0,detected_uncorrectable
SUPP-NEG-V1-001,secded_double_bit,S3,stage1_word_pos0,4+61,codeword_bits,,0,1,0,0,detected_uncorrectable
SUPP-NEG-V1-001,secded_double_bit,S3,stage1_word_pos0,4+62,codeword_bits,,0,1,0,0,detected_uncorrectable
SUPP-NEG-V1-001,secded_double_bit,S3,stage1_word_pos0,4+63,codeword_bits,,0,1,0,0,detected_uncorrectable
SUPP-NEG-V1-001,secded_double_bit,S3,stage1_word_pos0,4+64,codeword_bits,,0,1,0,0,detected_uncorrectable
SUPP-NEG-V1-001,secded_double_bit,S3,stage1_word_pos0,4+65,codeword_bits,,0,1,0,0,detected_uncorrectable
SUPP-NEG-V1-001,secded_double_bit,S3,stage1_word_pos0,4+66,codeword_bits,,0,1,0,0,detected_uncorrectable
SUPP-NEG-V1-001,secded_double_bit,S3,stage1_word_pos0,4+67,codeword_bits,,0,1,0,0,detected_uncorrectable
SUPP-NEG-V1-001,secded_double_bit,S3,stage1_word_pos0,4+68,codeword_bits,,0,1,0,0,detected_uncorrectable
SUPP-NEG-V1-001,secded_double_bit,S3,stage1_word_pos0,4+69,codeword_bits,,0,1,0,0,detected_uncorrectable
SUPP-NEG-V1-001,secded_double_bit,S3,stage1_word_pos0,4+70,codeword_bits,,0,1,0,0,detected_uncorrectable
SUPP-NEG-V1-001,secded_double_bit,S3,stage1_word_pos0,4+71,codeword_bits,,0,1,0,0,detected_uncorrectable
SUPP-NEG-V1-001,secded_double_bit,S3,stage1_word_pos0,4+72,codeword_bits,,0,1,0,0,detected_uncorrectable
SUPP-NEG-V1-001,secded_double_bit,S3,stage1_word_pos0,4+73,codeword_bits,,0,1,0,0,detected_uncorrectable
SUPP-NEG-V1-001,secded_double_bit,S3,stage1_word_pos0,4+74,codeword_bits,,0,1,0,0,detected_uncorrectable
SUPP-NEG-V1-001,secded_double_bit,S3,stage1_word_pos0,4+75,codeword_bits,,0,1,0,0,detected_uncorrectable
SUPP-NEG-V1-001,secded_double_bit,S3,stage1_word_pos0,4+76,codeword_bits,,0,1,0,0,detected_uncorrectable
SUPP-NEG-V1-001,secded_double_bit,S3,stage1_word_pos0,4+77,codeword_bits,,0,1,0,0,detected_uncorrectable
SUPP-NEG-V1-001,secded_double_bit,S3,stage1_word_pos0,5+6,codeword_bits,,0,1,0,0,detected_uncorrectable
SUPP-NEG-V1-001,secded_double_bit,S3,stage1_word_pos0,5+7,codeword_bits,,0,1,0,0,detected_uncorrectable
SUPP-NEG-V1-001,secded_double_bit,S3,stage1_word_pos0,5+8,codeword_bits,,0,1,0,0,detected_uncorrectable
SUPP-NEG-V1-001,secded_double_bit,S3,stage1_word_pos0,5+9,codeword_bits,,0,1,0,0,detected_uncorrectable
SUPP-NEG-V1-001,secded_double_bit,S3,stage1_word_pos0,5+10,codeword_bits,,0,1,0,0,detected_uncorrectable
SUPP-NEG-V1-001,secded_double_bit,S3,stage1_word_pos0,5+11,codeword_bits,,0,1,0,0,detected_uncorrectable
SUPP-NEG-V1-001,secded_double_bit,S3,stage1_word_pos0,5+12,codeword_bits,,0,1,0,0,detected_uncorrectable
SUPP-NEG-V1-001,secded_double_bit,S3,stage1_word_pos0,5+13,codeword_bits,,0,1,0,0,detected_uncorrectable
SUPP-NEG-V1-001,secded_double_bit,S3,stage1_word_pos0,5+14,codeword_bits,,0,1,0,0,detected_uncorrectable
SUPP-NEG-V1-001,secded_double_bit,S3,stage1_word_pos0,5+15,codeword_bits,,0,1,0,0,detected_uncorrectable
SUPP-NEG-V1-001,secded_double_bit,S3,stage1_word_pos0,5+16,codeword_bits,,0,1,0,0,detected_uncorrectable
SUPP-NEG-V1-001,secded_double_bit,S3,stage1_word_pos0,5+17,codeword_bits,,0,1,0,0,detected_uncorrectable
SUPP-NEG-V1-001,secded_double_bit,S3,stage1_word_pos0,5+18,codeword_bits,,0,1,0,0,detected_uncorrectable
SUPP-NEG-V1-001,secded_double_bit,S3,stage1_word_pos0,5+19,codeword_bits,,0,1,0,0,detected_uncorrectable
SUPP-NEG-V1-001,secded_double_bit,S3,stage1_word_pos0,5+20,codeword_bits,,0,1,0,0,detected_uncorrectable
SUPP-NEG-V1-001,secded_double_bit,S3,stage1_word_pos0,5+21,codeword_bits,,0,1,0,0,detected_uncorrectable
SUPP-NEG-V1-001,secded_double_bit,S3,stage1_word_pos0,5+22,codeword_bits,,0,1,0,0,detected_uncorrectable
SUPP-NEG-V1-001,secded_double_bit,S3,stage1_word_pos0,5+23,codeword_bits,,0,1,0,0,detected_uncorrectable
SUPP-NEG-V1-001,secded_double_bit,S3,stage1_word_pos0,5+24,codeword_bits,,0,1,0,0,detected_uncorrectable
SUPP-NEG-V1-001,secded_double_bit,S3,stage1_word_pos0,5+25,codeword_bits,,0,1,0,0,detected_uncorrectable
SUPP-NEG-V1-001,secded_double_bit,S3,stage1_word_pos0,5+26,codeword_bits,,0,1,0,0,detected_uncorrectable
SUPP-NEG-V1-001,secded_double_bit,S3,stage1_word_pos0,5+27,codeword_bits,,0,1,0,0,detected_uncorrectable
SUPP-NEG-V1-001,secded_double_bit,S3,stage1_word_pos0,5+28,codeword_bits,,0,1,0,0,detected_uncorrectable
SUPP-NEG-V1-001,secded_double_bit,S3,stage1_word_pos0,5+29,codeword_bits,,0,1,0,0,detected_uncorrectable
SUPP-NEG-V1-001,secded_double_bit,S3,stage1_word_pos0,5+30,codeword_bits,,0,1,0,0,detected_uncorrectable
SUPP-NEG-V1-001,secded_double_bit,S3,stage1_word_pos0,5+31,codeword_bits,,0,1,0,0,detected_uncorrectable
SUPP-NEG-V1-001,secded_double_bit,S3,stage1_word_pos0,5+32,codeword_bits,,0,1,0,0,detected_uncorrectable
SUPP-NEG-V1-001,secded_double_bit,S3,stage1_word_pos0,5+33,codeword_bits,,0,1,0,0,detected_uncorrectable
SUPP-NEG-V1-001,secded_double_bit,S3,stage1_word_pos0,5+34,codeword_bits,,0,1,0,0,detected_uncorrectable
SUPP-NEG-V1-001,secded_double_bit,S3,stage1_word_pos0,5+35,codeword_bits,,0,1,0,0,detected_uncorrectable
SUPP-NEG-V1-001,secded_double_bit,S3,stage1_word_pos0,5+36,codeword_bits,,0,1,0,0,detected_uncorrectable
SUPP-NEG-V1-001,secded_double_bit,S3,stage1_word_pos0,5+37,codeword_bits,,0,1,0,0,detected_uncorrectable
SUPP-NEG-V1-001,secded_double_bit,S3,stage1_word_pos0,5+38,codeword_bits,,0,1,0,0,detected_uncorrectable
SUPP-NEG-V1-001,secded_double_bit,S3,stage1_word_pos0,5+39,codeword_bits,,0,1,0,0,detected_uncorrectable
SUPP-NEG-V1-001,secded_double_bit,S3,stage1_word_pos0,5+40,codeword_bits,,0,1,0,0,detected_uncorrectable
SUPP-NEG-V1-001,secded_double_bit,S3,stage1_word_pos0,5+41,codeword_bits,,0,1,0,0,detected_uncorrectable
SUPP-NEG-V1-001,secded_double_bit,S3,stage1_word_pos0,5+42,codeword_bits,,0,1,0,0,detected_uncorrectable
SUPP-NEG-V1-001,secded_double_bit,S3,stage1_word_pos0,5+43,codeword_bits,,0,1,0,0,detected_uncorrectable
SUPP-NEG-V1-001,secded_double_bit,S3,stage1_word_pos0,5+44,codeword_bits,,0,1,0,0,detected_uncorrectable
SUPP-NEG-V1-001,secded_double_bit,S3,stage1_word_pos0,5+45,codeword_bits,,0,1,0,0,detected_uncorrectable
SUPP-NEG-V1-001,secded_double_bit,S3,stage1_word_pos0,5+46,codeword_bits,,0,1,0,0,detected_uncorrectable
SUPP-NEG-V1-001,secded_double_bit,S3,stage1_word_pos0,5+47,codeword_bits,,0,1,0,0,detected_uncorrectable
SUPP-NEG-V1-001,secded_double_bit,S3,stage1_word_pos0,5+48,codeword_bits,,0,1,0,0,detected_uncorrectable
SUPP-NEG-V1-001,secded_double_bit,S3,stage1_word_pos0,5+49,codeword_bits,,0,1,0,0,detected_uncorrectable
SUPP-NEG-V1-001,secded_double_bit,S3,stage1_word_pos0,5+50,codeword_bits,,0,1,0,0,detected_uncorrectable
SUPP-NEG-V1-001,secded_double_bit,S3,stage1_word_pos0,5+51,codeword_bits,,0,1,0,0,detected_uncorrectable
SUPP-NEG-V1-001,secded_double_bit,S3,stage1_word_pos0,5+52,codeword_bits,,0,1,0,0,detected_uncorrectable
SUPP-NEG-V1-001,secded_double_bit,S3,stage1_word_pos0,5+53,codeword_bits,,0,1,0,0,detected_uncorrectable
SUPP-NEG-V1-001,secded_double_bit,S3,stage1_word_pos0,5+54,codeword_bits,,0,1,0,0,detected_uncorrectable
SUPP-NEG-V1-001,secded_double_bit,S3,stage1_word_pos0,5+55,codeword_bits,,0,1,0,0,detected_uncorrectable
SUPP-NEG-V1-001,secded_double_bit,S3,stage1_word_pos0,5+56,codeword_bits,,0,1,0,0,detected_uncorrectable
SUPP-NEG-V1-001,secded_double_bit,S3,stage1_word_pos0,5+57,codeword_bits,,0,1,0,0,detected_uncorrectable
SUPP-NEG-V1-001,secded_double_bit,S3,stage1_word_pos0,5+58,codeword_bits,,0,1,0,0,detected_uncorrectable
SUPP-NEG-V1-001,secded_double_bit,S3,stage1_word_pos0,5+59,codeword_bits,,0,1,0,0,detected_uncorrectable
SUPP-NEG-V1-001,secded_double_bit,S3,stage1_word_pos0,5+60,codeword_bits,,0,1,0,0,detected_uncorrectable
SUPP-NEG-V1-001,secded_double_bit,S3,stage1_word_pos0,5+61,codeword_bits,,0,1,0,0,detected_uncorrectable
SUPP-NEG-V1-001,secded_double_bit,S3,stage1_word_pos0,5+62,codeword_bits,,0,1,0,0,detected_uncorrectable
SUPP-NEG-V1-001,secded_double_bit,S3,stage1_word_pos0,5+63,codeword_bits,,0,1,0,0,detected_uncorrectable
SUPP-NEG-V1-001,secded_double_bit,S3,stage1_word_pos0,5+64,codeword_bits,,0,1,0,0,detected_uncorrectable
SUPP-NEG-V1-001,secded_double_bit,S3,stage1_word_pos0,5+65,codeword_bits,,0,1,0,0,detected_uncorrectable
SUPP-NEG-V1-001,secded_double_bit,S3,stage1_word_pos0,5+66,codeword_bits,,0,1,0,0,detected_uncorrectable
SUPP-NEG-V1-001,secded_double_bit,S3,stage1_word_pos0,5+67,codeword_bits,,0,1,0,0,detected_uncorrectable
SUPP-NEG-V1-001,secded_double_bit,S3,stage1_word_pos0,5+68,codeword_bits,,0,1,0,0,detected_uncorrectable
SUPP-NEG-V1-001,secded_double_bit,S3,stage1_word_pos0,5+69,codeword_bits,,0,1,0,0,detected_uncorrectable
SUPP-NEG-V1-001,secded_double_bit,S3,stage1_word_pos0,5+70,codeword_bits,,0,1,0,0,detected_uncorrectable
SUPP-NEG-V1-001,secded_double_bit,S3,stage1_word_pos0,5+71,codeword_bits,,0,1,0,0,detected_uncorrectable
SUPP-NEG-V1-001,secded_double_bit,S3,stage1_word_pos0,5+72,codeword_bits,,0,1,0,0,detected_uncorrectable
SUPP-NEG-V1-001,secded_double_bit,S3,stage1_word_pos0,5+73,codeword_bits,,0,1,0,0,detected_uncorrectable
SUPP-NEG-V1-001,secded_double_bit,S3,stage1_word_pos0,5+74,codeword_bits,,0,1,0,0,detected_uncorrectable
SUPP-NEG-V1-001,secded_double_bit,S3,stage1_word_pos0,5+75,codeword_bits,,0,1,0,0,detected_uncorrectable
SUPP-NEG-V1-001,secded_double_bit,S3,stage1_word_pos0,5+76,codeword_bits,,0,1,0,0,detected_uncorrectable
SUPP-NEG-V1-001,secded_double_bit,S3,stage1_word_pos0,5+77,codeword_bits,,0,1,0,0,detected_uncorrectable
SUPP-NEG-V1-001,secded_double_bit,S3,stage1_word_pos0,6+7,codeword_bits,,0,1,0,0,detected_uncorrectable
SUPP-NEG-V1-001,secded_double_bit,S3,stage1_word_pos0,6+8,codeword_bits,,0,1,0,0,detected_uncorrectable
SUPP-NEG-V1-001,secded_double_bit,S3,stage1_word_pos0,6+9,codeword_bits,,0,1,0,0,detected_uncorrectable
SUPP-NEG-V1-001,secded_double_bit,S3,stage1_word_pos0,6+10,codeword_bits,,0,1,0,0,detected_uncorrectable
SUPP-NEG-V1-001,secded_double_bit,S3,stage1_word_pos0,6+11,codeword_bits,,0,1,0,0,detected_uncorrectable
SUPP-NEG-V1-001,secded_double_bit,S3,stage1_word_pos0,6+12,codeword_bits,,0,1,0,0,detected_uncorrectable
SUPP-NEG-V1-001,secded_double_bit,S3,stage1_word_pos0,6+13,codeword_bits,,0,1,0,0,detected_uncorrectable
SUPP-NEG-V1-001,secded_double_bit,S3,stage1_word_pos0,6+14,codeword_bits,,0,1,0,0,detected_uncorrectable
SUPP-NEG-V1-001,secded_double_bit,S3,stage1_word_pos0,6+15,codeword_bits,,0,1,0,0,detected_uncorrectable
SUPP-NEG-V1-001,secded_double_bit,S3,stage1_word_pos0,6+16,codeword_bits,,0,1,0,0,detected_uncorrectable
SUPP-NEG-V1-001,secded_double_bit,S3,stage1_word_pos0,6+17,codeword_bits,,0,1,0,0,detected_uncorrectable
SUPP-NEG-V1-001,secded_double_bit,S3,stage1_word_pos0,6+18,codeword_bits,,0,1,0,0,detected_uncorrectable
SUPP-NEG-V1-001,secded_double_bit,S3,stage1_word_pos0,6+19,codeword_bits,,0,1,0,0,detected_uncorrectable
SUPP-NEG-V1-001,secded_double_bit,S3,stage1_word_pos0,6+20,codeword_bits,,0,1,0,0,detected_uncorrectable
SUPP-NEG-V1-001,secded_double_bit,S3,stage1_word_pos0,6+21,codeword_bits,,0,1,0,0,detected_uncorrectable
SUPP-NEG-V1-001,secded_double_bit,S3,stage1_word_pos0,6+22,codeword_bits,,0,1,0,0,detected_uncorrectable
SUPP-NEG-V1-001,secded_double_bit,S3,stage1_word_pos0,6+23,codeword_bits,,0,1,0,0,detected_uncorrectable
SUPP-NEG-V1-001,secded_double_bit,S3,stage1_word_pos0,6+24,codeword_bits,,0,1,0,0,detected_uncorrectable
SUPP-NEG-V1-001,secded_double_bit,S3,stage1_word_pos0,6+25,codeword_bits,,0,1,0,0,detected_uncorrectable
SUPP-NEG-V1-001,secded_double_bit,S3,stage1_word_pos0,6+26,codeword_bits,,0,1,0,0,detected_uncorrectable
SUPP-NEG-V1-001,secded_double_bit,S3,stage1_word_pos0,6+27,codeword_bits,,0,1,0,0,detected_uncorrectable
SUPP-NEG-V1-001,secded_double_bit,S3,stage1_word_pos0,6+28,codeword_bits,,0,1,0,0,detected_uncorrectable
SUPP-NEG-V1-001,secded_double_bit,S3,stage1_word_pos0,6+29,codeword_bits,,0,1,0,0,detected_uncorrectable
SUPP-NEG-V1-001,secded_double_bit,S3,stage1_word_pos0,6+30,codeword_bits,,0,1,0,0,detected_uncorrectable
SUPP-NEG-V1-001,secded_double_bit,S3,stage1_word_pos0,6+31,codeword_bits,,0,1,0,0,detected_uncorrectable
SUPP-NEG-V1-001,secded_double_bit,S3,stage1_word_pos0,6+32,codeword_bits,,0,1,0,0,detected_uncorrectable
SUPP-NEG-V1-001,secded_double_bit,S3,stage1_word_pos0,6+33,codeword_bits,,0,1,0,0,detected_uncorrectable
SUPP-NEG-V1-001,secded_double_bit,S3,stage1_word_pos0,6+34,codeword_bits,,0,1,0,0,detected_uncorrectable
SUPP-NEG-V1-001,secded_double_bit,S3,stage1_word_pos0,6+35,codeword_bits,,0,1,0,0,detected_uncorrectable
SUPP-NEG-V1-001,secded_double_bit,S3,stage1_word_pos0,6+36,codeword_bits,,0,1,0,0,detected_uncorrectable
SUPP-NEG-V1-001,secded_double_bit,S3,stage1_word_pos0,6+37,codeword_bits,,0,1,0,0,detected_uncorrectable
SUPP-NEG-V1-001,secded_double_bit,S3,stage1_word_pos0,6+38,codeword_bits,,0,1,0,0,detected_uncorrectable
SUPP-NEG-V1-001,secded_double_bit,S3,stage1_word_pos0,6+39,codeword_bits,,0,1,0,0,detected_uncorrectable
SUPP-NEG-V1-001,secded_double_bit,S3,stage1_word_pos0,6+40,codeword_bits,,0,1,0,0,detected_uncorrectable
SUPP-NEG-V1-001,secded_double_bit,S3,stage1_word_pos0,6+41,codeword_bits,,0,1,0,0,detected_uncorrectable
SUPP-NEG-V1-001,secded_double_bit,S3,stage1_word_pos0,6+42,codeword_bits,,0,1,0,0,detected_uncorrectable
SUPP-NEG-V1-001,secded_double_bit,S3,stage1_word_pos0,6+43,codeword_bits,,0,1,0,0,detected_uncorrectable
SUPP-NEG-V1-001,secded_double_bit,S3,stage1_word_pos0,6+44,codeword_bits,,0,1,0,0,detected_uncorrectable
SUPP-NEG-V1-001,secded_double_bit,S3,stage1_word_pos0,6+45,codeword_bits,,0,1,0,0,detected_uncorrectable
SUPP-NEG-V1-001,secded_double_bit,S3,stage1_word_pos0,6+46,codeword_bits,,0,1,0,0,detected_uncorrectable
SUPP-NEG-V1-001,secded_double_bit,S3,stage1_word_pos0,6+47,codeword_bits,,0,1,0,0,detected_uncorrectable
SUPP-NEG-V1-001,secded_double_bit,S3,stage1_word_pos0,6+48,codeword_bits,,0,1,0,0,detected_uncorrectable
SUPP-NEG-V1-001,secded_double_bit,S3,stage1_word_pos0,6+49,codeword_bits,,0,1,0,0,detected_uncorrectable
SUPP-NEG-V1-001,secded_double_bit,S3,stage1_word_pos0,6+50,codeword_bits,,0,1,0,0,detected_uncorrectable
SUPP-NEG-V1-001,secded_double_bit,S3,stage1_word_pos0,6+51,codeword_bits,,0,1,0,0,detected_uncorrectable
SUPP-NEG-V1-001,secded_double_bit,S3,stage1_word_pos0,6+52,codeword_bits,,0,1,0,0,detected_uncorrectable
SUPP-NEG-V1-001,secded_double_bit,S3,stage1_word_pos0,6+53,codeword_bits,,0,1,0,0,detected_uncorrectable
SUPP-NEG-V1-001,secded_double_bit,S3,stage1_word_pos0,6+54,codeword_bits,,0,1,0,0,detected_uncorrectable
SUPP-NEG-V1-001,secded_double_bit,S3,stage1_word_pos0,6+55,codeword_bits,,0,1,0,0,detected_uncorrectable
SUPP-NEG-V1-001,secded_double_bit,S3,stage1_word_pos0,6+56,codeword_bits,,0,1,0,0,detected_uncorrectable
SUPP-NEG-V1-001,secded_double_bit,S3,stage1_word_pos0,6+57,codeword_bits,,0,1,0,0,detected_uncorrectable
SUPP-NEG-V1-001,secded_double_bit,S3,stage1_word_pos0,6+58,codeword_bits,,0,1,0,0,detected_uncorrectable
SUPP-NEG-V1-001,secded_double_bit,S3,stage1_word_pos0,6+59,codeword_bits,,0,1,0,0,detected_uncorrectable
SUPP-NEG-V1-001,secded_double_bit,S3,stage1_word_pos0,6+60,codeword_bits,,0,1,0,0,detected_uncorrectable
SUPP-NEG-V1-001,secded_double_bit,S3,stage1_word_pos0,6+61,codeword_bits,,0,1,0,0,detected_uncorrectable
SUPP-NEG-V1-001,secded_double_bit,S3,stage1_word_pos0,6+62,codeword_bits,,0,1,0,0,detected_uncorrectable
SUPP-NEG-V1-001,secded_double_bit,S3,stage1_word_pos0,6+63,codeword_bits,,0,1,0,0,detected_uncorrectable
SUPP-NEG-V1-001,secded_double_bit,S3,stage1_word_pos0,6+64,codeword_bits,,0,1,0,0,detected_uncorrectable
SUPP-NEG-V1-001,secded_double_bit,S3,stage1_word_pos0,6+65,codeword_bits,,0,1,0,0,detected_uncorrectable
SUPP-NEG-V1-001,secded_double_bit,S3,stage1_word_pos0,6+66,codeword_bits,,0,1,0,0,detected_uncorrectable
SUPP-NEG-V1-001,secded_double_bit,S3,stage1_word_pos0,6+67,codeword_bits,,0,1,0,0,detected_uncorrectable
SUPP-NEG-V1-001,secded_double_bit,S3,stage1_word_pos0,6+68,codeword_bits,,0,1,0,0,detected_uncorrectable
SUPP-NEG-V1-001,secded_double_bit,S3,stage1_word_pos0,6+69,codeword_bits,,0,1,0,0,detected_uncorrectable
SUPP-NEG-V1-001,secded_double_bit,S3,stage1_word_pos0,6+70,codeword_bits,,0,1,0,0,detected_uncorrectable
SUPP-NEG-V1-001,secded_double_bit,S3,stage1_word_pos0,6+71,codeword_bits,,0,1,0,0,detected_uncorrectable
SUPP-NEG-V1-001,secded_double_bit,S3,stage1_word_pos0,6+72,codeword_bits,,0,1,0,0,detected_uncorrectable
SUPP-NEG-V1-001,secded_double_bit,S3,stage1_word_pos0,6+73,codeword_bits,,0,1,0,0,detected_uncorrectable
SUPP-NEG-V1-001,secded_double_bit,S3,stage1_word_pos0,6+74,codeword_bits,,0,1,0,0,detected_uncorrectable
SUPP-NEG-V1-001,secded_double_bit,S3,stage1_word_pos0,6+75,codeword_bits,,0,1,0,0,detected_uncorrectable
SUPP-NEG-V1-001,secded_double_bit,S3,stage1_word_pos0,6+76,codeword_bits,,0,1,0,0,detected_uncorrectable
SUPP-NEG-V1-001,secded_double_bit,S3,stage1_word_pos0,6+77,codeword_bits,,0,1,0,0,detected_uncorrectable
SUPP-NEG-V1-001,secded_double_bit,S3,stage1_word_pos0,7+8,codeword_bits,,0,1,0,0,detected_uncorrectable
SUPP-NEG-V1-001,secded_double_bit,S3,stage1_word_pos0,7+9,codeword_bits,,0,1,0,0,detected_uncorrectable
SUPP-NEG-V1-001,secded_double_bit,S3,stage1_word_pos0,7+10,codeword_bits,,0,1,0,0,detected_uncorrectable
SUPP-NEG-V1-001,secded_double_bit,S3,stage1_word_pos0,7+11,codeword_bits,,0,1,0,0,detected_uncorrectable
SUPP-NEG-V1-001,secded_double_bit,S3,stage1_word_pos0,7+12,codeword_bits,,0,1,0,0,detected_uncorrectable
SUPP-NEG-V1-001,secded_double_bit,S3,stage1_word_pos0,7+13,codeword_bits,,0,1,0,0,detected_uncorrectable
SUPP-NEG-V1-001,secded_double_bit,S3,stage1_word_pos0,7+14,codeword_bits,,0,1,0,0,detected_uncorrectable
SUPP-NEG-V1-001,secded_double_bit,S3,stage1_word_pos0,7+15,codeword_bits,,0,1,0,1,detected_uncorrectable
SUPP-NEG-V1-001,secded_double_bit,S3,stage1_word_pos0,7+16,codeword_bits,,0,1,0,0,detected_uncorrectable
SUPP-NEG-V1-001,secded_double_bit,S3,stage1_word_pos0,7+17,codeword_bits,,0,1,0,0,detected_uncorrectable
SUPP-NEG-V1-001,secded_double_bit,S3,stage1_word_pos0,7+18,codeword_bits,,0,1,0,0,detected_uncorrectable
SUPP-NEG-V1-001,secded_double_bit,S3,stage1_word_pos0,7+19,codeword_bits,,0,1,0,0,detected_uncorrectable
SUPP-NEG-V1-001,secded_double_bit,S3,stage1_word_pos0,7+20,codeword_bits,,0,1,0,0,detected_uncorrectable
SUPP-NEG-V1-001,secded_double_bit,S3,stage1_word_pos0,7+21,codeword_bits,,0,1,0,0,detected_uncorrectable
SUPP-NEG-V1-001,secded_double_bit,S3,stage1_word_pos0,7+22,codeword_bits,,0,1,0,0,detected_uncorrectable
SUPP-NEG-V1-001,secded_double_bit,S3,stage1_word_pos0,7+23,codeword_bits,,0,1,0,0,detected_uncorrectable
SUPP-NEG-V1-001,secded_double_bit,S3,stage1_word_pos0,7+24,codeword_bits,,0,1,0,0,detected_uncorrectable
SUPP-NEG-V1-001,secded_double_bit,S3,stage1_word_pos0,7+25,codeword_bits,,0,1,0,0,detected_uncorrectable
SUPP-NEG-V1-001,secded_double_bit,S3,stage1_word_pos0,7+26,codeword_bits,,0,1,0,0,detected_uncorrectable
SUPP-NEG-V1-001,secded_double_bit,S3,stage1_word_pos0,7+27,codeword_bits,,0,1,0,0,detected_uncorrectable
SUPP-NEG-V1-001,secded_double_bit,S3,stage1_word_pos0,7+28,codeword_bits,,0,1,0,0,detected_uncorrectable
SUPP-NEG-V1-001,secded_double_bit,S3,stage1_word_pos0,7+29,codeword_bits,,0,1,0,0,detected_uncorrectable
SUPP-NEG-V1-001,secded_double_bit,S3,stage1_word_pos0,7+30,codeword_bits,,0,1,0,0,detected_uncorrectable
SUPP-NEG-V1-001,secded_double_bit,S3,stage1_word_pos0,7+31,codeword_bits,,0,1,0,1,detected_uncorrectable
SUPP-NEG-V1-001,secded_double_bit,S3,stage1_word_pos0,7+32,codeword_bits,,0,1,0,0,detected_uncorrectable
SUPP-NEG-V1-001,secded_double_bit,S3,stage1_word_pos0,7+33,codeword_bits,,0,1,0,0,detected_uncorrectable
SUPP-NEG-V1-001,secded_double_bit,S3,stage1_word_pos0,7+34,codeword_bits,,0,1,0,0,detected_uncorrectable
SUPP-NEG-V1-001,secded_double_bit,S3,stage1_word_pos0,7+35,codeword_bits,,0,1,0,0,detected_uncorrectable
SUPP-NEG-V1-001,secded_double_bit,S3,stage1_word_pos0,7+36,codeword_bits,,0,1,0,0,detected_uncorrectable
SUPP-NEG-V1-001,secded_double_bit,S3,stage1_word_pos0,7+37,codeword_bits,,0,1,0,0,detected_uncorrectable
SUPP-NEG-V1-001,secded_double_bit,S3,stage1_word_pos0,7+38,codeword_bits,,0,1,0,0,detected_uncorrectable
SUPP-NEG-V1-001,secded_double_bit,S3,stage1_word_pos0,7+39,codeword_bits,,0,1,0,0,detected_uncorrectable
SUPP-NEG-V1-001,secded_double_bit,S3,stage1_word_pos0,7+40,codeword_bits,,0,1,0,0,detected_uncorrectable
SUPP-NEG-V1-001,secded_double_bit,S3,stage1_word_pos0,7+41,codeword_bits,,0,1,0,0,detected_uncorrectable
SUPP-NEG-V1-001,secded_double_bit,S3,stage1_word_pos0,7+42,codeword_bits,,0,1,0,0,detected_uncorrectable
SUPP-NEG-V1-001,secded_double_bit,S3,stage1_word_pos0,7+43,codeword_bits,,0,1,0,0,detected_uncorrectable
SUPP-NEG-V1-001,secded_double_bit,S3,stage1_word_pos0,7+44,codeword_bits,,0,1,0,0,detected_uncorrectable
SUPP-NEG-V1-001,secded_double_bit,S3,stage1_word_pos0,7+45,codeword_bits,,0,1,0,0,detected_uncorrectable
SUPP-NEG-V1-001,secded_double_bit,S3,stage1_word_pos0,7+46,codeword_bits,,0,1,0,0,detected_uncorrectable
SUPP-NEG-V1-001,secded_double_bit,S3,stage1_word_pos0,7+47,codeword_bits,,0,1,0,0,detected_uncorrectable
SUPP-NEG-V1-001,secded_double_bit,S3,stage1_word_pos0,7+48,codeword_bits,,0,1,0,0,detected_uncorrectable
SUPP-NEG-V1-001,secded_double_bit,S3,stage1_word_pos0,7+49,codeword_bits,,0,1,0,0,detected_uncorrectable
SUPP-NEG-V1-001,secded_double_bit,S3,stage1_word_pos0,7+50,codeword_bits,,0,1,0,0,detected_uncorrectable
SUPP-NEG-V1-001,secded_double_bit,S3,stage1_word_pos0,7+51,codeword_bits,,0,1,0,0,detected_uncorrectable
SUPP-NEG-V1-001,secded_double_bit,S3,stage1_word_pos0,7+52,codeword_bits,,0,1,0,0,detected_uncorrectable
SUPP-NEG-V1-001,secded_double_bit,S3,stage1_word_pos0,7+53,codeword_bits,,0,1,0,0,detected_uncorrectable
SUPP-NEG-V1-001,secded_double_bit,S3,stage1_word_pos0,7+54,codeword_bits,,0,1,0,0,detected_uncorrectable
SUPP-NEG-V1-001,secded_double_bit,S3,stage1_word_pos0,7+55,codeword_bits,,0,1,0,0,detected_uncorrectable
SUPP-NEG-V1-001,secded_double_bit,S3,stage1_word_pos0,7+56,codeword_bits,,0,1,0,0,detected_uncorrectable
SUPP-NEG-V1-001,secded_double_bit,S3,stage1_word_pos0,7+57,codeword_bits,,0,1,0,0,detected_uncorrectable
SUPP-NEG-V1-001,secded_double_bit,S3,stage1_word_pos0,7+58,codeword_bits,,0,1,0,0,detected_uncorrectable
SUPP-NEG-V1-001,secded_double_bit,S3,stage1_word_pos0,7+59,codeword_bits,,0,1,0,0,detected_uncorrectable
SUPP-NEG-V1-001,secded_double_bit,S3,stage1_word_pos0,7+60,codeword_bits,,0,1,0,0,detected_uncorrectable
SUPP-NEG-V1-001,secded_double_bit,S3,stage1_word_pos0,7+61,codeword_bits,,0,1,0,0,detected_uncorrectable
SUPP-NEG-V1-001,secded_double_bit,S3,stage1_word_pos0,7+62,codeword_bits,,0,1,0,0,detected_uncorrectable
SUPP-NEG-V1-001,secded_double_bit,S3,stage1_word_pos0,7+63,codeword_bits,,0,1,0,1,detected_uncorrectable
SUPP-NEG-V1-001,secded_double_bit,S3,stage1_word_pos0,7+64,codeword_bits,,0,1,0,0,detected_uncorrectable
SUPP-NEG-V1-001,secded_double_bit,S3,stage1_word_pos0,7+65,codeword_bits,,0,1,0,0,detected_uncorrectable
SUPP-NEG-V1-001,secded_double_bit,S3,stage1_word_pos0,7+66,codeword_bits,,0,1,0,0,detected_uncorrectable
SUPP-NEG-V1-001,secded_double_bit,S3,stage1_word_pos0,7+67,codeword_bits,,0,1,0,0,detected_uncorrectable
SUPP-NEG-V1-001,secded_double_bit,S3,stage1_word_pos0,7+68,codeword_bits,,0,1,0,0,detected_uncorrectable
SUPP-NEG-V1-001,secded_double_bit,S3,stage1_word_pos0,7+69,codeword_bits,,0,1,0,0,detected_uncorrectable
SUPP-NEG-V1-001,secded_double_bit,S3,stage1_word_pos0,7+70,codeword_bits,,0,1,0,0,detected_uncorrectable
SUPP-NEG-V1-001,secded_double_bit,S3,stage1_word_pos0,7+71,codeword_bits,,0,1,0,0,detected_uncorrectable
SUPP-NEG-V1-001,secded_double_bit,S3,stage1_word_pos0,7+72,codeword_bits,,0,1,0,0,detected_uncorrectable
SUPP-NEG-V1-001,secded_double_bit,S3,stage1_word_pos0,7+73,codeword_bits,,0,1,0,0,detected_uncorrectable
SUPP-NEG-V1-001,secded_double_bit,S3,stage1_word_pos0,7+74,codeword_bits,,0,1,0,0,detected_uncorrectable
SUPP-NEG-V1-001,secded_double_bit,S3,stage1_word_pos0,7+75,codeword_bits,,0,1,0,0,detected_uncorrectable
SUPP-NEG-V1-001,secded_double_bit,S3,stage1_word_pos0,7+76,codeword_bits,,0,1,0,0,detected_uncorrectable
SUPP-NEG-V1-001,secded_double_bit,S3,stage1_word_pos0,7+77,codeword_bits,,0,1,0,1,detected_uncorrectable
SUPP-NEG-V1-001,secded_double_bit,S3,stage1_word_pos0,8+9,codeword_bits,,0,1,0,0,detected_uncorrectable
SUPP-NEG-V1-001,secded_double_bit,S3,stage1_word_pos0,8+10,codeword_bits,,0,1,0,0,detected_uncorrectable
SUPP-NEG-V1-001,secded_double_bit,S3,stage1_word_pos0,8+11,codeword_bits,,0,1,0,0,detected_uncorrectable
SUPP-NEG-V1-001,secded_double_bit,S3,stage1_word_pos0,8+12,codeword_bits,,0,1,0,0,detected_uncorrectable
SUPP-NEG-V1-001,secded_double_bit,S3,stage1_word_pos0,8+13,codeword_bits,,0,1,0,0,detected_uncorrectable
SUPP-NEG-V1-001,secded_double_bit,S3,stage1_word_pos0,8+14,codeword_bits,,0,1,0,0,detected_uncorrectable
SUPP-NEG-V1-001,secded_double_bit,S3,stage1_word_pos0,8+15,codeword_bits,,0,1,0,0,detected_uncorrectable
SUPP-NEG-V1-001,secded_double_bit,S3,stage1_word_pos0,8+16,codeword_bits,,0,1,0,0,detected_uncorrectable
SUPP-NEG-V1-001,secded_double_bit,S3,stage1_word_pos0,8+17,codeword_bits,,0,1,0,0,detected_uncorrectable
SUPP-NEG-V1-001,secded_double_bit,S3,stage1_word_pos0,8+18,codeword_bits,,0,1,0,0,detected_uncorrectable
SUPP-NEG-V1-001,secded_double_bit,S3,stage1_word_pos0,8+19,codeword_bits,,0,1,0,0,detected_uncorrectable
SUPP-NEG-V1-001,secded_double_bit,S3,stage1_word_pos0,8+20,codeword_bits,,0,1,0,0,detected_uncorrectable
SUPP-NEG-V1-001,secded_double_bit,S3,stage1_word_pos0,8+21,codeword_bits,,0,1,0,0,detected_uncorrectable
SUPP-NEG-V1-001,secded_double_bit,S3,stage1_word_pos0,8+22,codeword_bits,,0,1,0,0,detected_uncorrectable
SUPP-NEG-V1-001,secded_double_bit,S3,stage1_word_pos0,8+23,codeword_bits,,0,1,0,0,detected_uncorrectable
SUPP-NEG-V1-001,secded_double_bit,S3,stage1_word_pos0,8+24,codeword_bits,,0,1,0,0,detected_uncorrectable
SUPP-NEG-V1-001,secded_double_bit,S3,stage1_word_pos0,8+25,codeword_bits,,0,1,0,0,detected_uncorrectable
SUPP-NEG-V1-001,secded_double_bit,S3,stage1_word_pos0,8+26,codeword_bits,,0,1,0,0,detected_uncorrectable
SUPP-NEG-V1-001,secded_double_bit,S3,stage1_word_pos0,8+27,codeword_bits,,0,1,0,0,detected_uncorrectable
SUPP-NEG-V1-001,secded_double_bit,S3,stage1_word_pos0,8+28,codeword_bits,,0,1,0,0,detected_uncorrectable
SUPP-NEG-V1-001,secded_double_bit,S3,stage1_word_pos0,8+29,codeword_bits,,0,1,0,0,detected_uncorrectable
SUPP-NEG-V1-001,secded_double_bit,S3,stage1_word_pos0,8+30,codeword_bits,,0,1,0,0,detected_uncorrectable
SUPP-NEG-V1-001,secded_double_bit,S3,stage1_word_pos0,8+31,codeword_bits,,0,1,0,0,detected_uncorrectable
SUPP-NEG-V1-001,secded_double_bit,S3,stage1_word_pos0,8+32,codeword_bits,,0,1,0,0,detected_uncorrectable
SUPP-NEG-V1-001,secded_double_bit,S3,stage1_word_pos0,8+33,codeword_bits,,0,1,0,0,detected_uncorrectable
SUPP-NEG-V1-001,secded_double_bit,S3,stage1_word_pos0,8+34,codeword_bits,,0,1,0,0,detected_uncorrectable
SUPP-NEG-V1-001,secded_double_bit,S3,stage1_word_pos0,8+35,codeword_bits,,0,1,0,0,detected_uncorrectable
SUPP-NEG-V1-001,secded_double_bit,S3,stage1_word_pos0,8+36,codeword_bits,,0,1,0,0,detected_uncorrectable
SUPP-NEG-V1-001,secded_double_bit,S3,stage1_word_pos0,8+37,codeword_bits,,0,1,0,0,detected_uncorrectable
SUPP-NEG-V1-001,secded_double_bit,S3,stage1_word_pos0,8+38,codeword_bits,,0,1,0,0,detected_uncorrectable
SUPP-NEG-V1-001,secded_double_bit,S3,stage1_word_pos0,8+39,codeword_bits,,0,1,0,0,detected_uncorrectable
SUPP-NEG-V1-001,secded_double_bit,S3,stage1_word_pos0,8+40,codeword_bits,,0,1,0,0,detected_uncorrectable
SUPP-NEG-V1-001,secded_double_bit,S3,stage1_word_pos0,8+41,codeword_bits,,0,1,0,0,detected_uncorrectable
SUPP-NEG-V1-001,secded_double_bit,S3,stage1_word_pos0,8+42,codeword_bits,,0,1,0,0,detected_uncorrectable
SUPP-NEG-V1-001,secded_double_bit,S3,stage1_word_pos0,8+43,codeword_bits,,0,1,0,0,detected_uncorrectable
SUPP-NEG-V1-001,secded_double_bit,S3,stage1_word_pos0,8+44,codeword_bits,,0,1,0,0,detected_uncorrectable
SUPP-NEG-V1-001,secded_double_bit,S3,stage1_word_pos0,8+45,codeword_bits,,0,1,0,0,detected_uncorrectable
SUPP-NEG-V1-001,secded_double_bit,S3,stage1_word_pos0,8+46,codeword_bits,,0,1,0,0,detected_uncorrectable
SUPP-NEG-V1-001,secded_double_bit,S3,stage1_word_pos0,8+47,codeword_bits,,0,1,0,0,detected_uncorrectable
SUPP-NEG-V1-001,secded_double_bit,S3,stage1_word_pos0,8+48,codeword_bits,,0,1,0,0,detected_uncorrectable
SUPP-NEG-V1-001,secded_double_bit,S3,stage1_word_pos0,8+49,codeword_bits,,0,1,0,0,detected_uncorrectable
SUPP-NEG-V1-001,secded_double_bit,S3,stage1_word_pos0,8+50,codeword_bits,,0,1,0,0,detected_uncorrectable
SUPP-NEG-V1-001,secded_double_bit,S3,stage1_word_pos0,8+51,codeword_bits,,0,1,0,0,detected_uncorrectable
SUPP-NEG-V1-001,secded_double_bit,S3,stage1_word_pos0,8+52,codeword_bits,,0,1,0,0,detected_uncorrectable
SUPP-NEG-V1-001,secded_double_bit,S3,stage1_word_pos0,8+53,codeword_bits,,0,1,0,0,detected_uncorrectable
SUPP-NEG-V1-001,secded_double_bit,S3,stage1_word_pos0,8+54,codeword_bits,,0,1,0,0,detected_uncorrectable
SUPP-NEG-V1-001,secded_double_bit,S3,stage1_word_pos0,8+55,codeword_bits,,0,1,0,0,detected_uncorrectable
SUPP-NEG-V1-001,secded_double_bit,S3,stage1_word_pos0,8+56,codeword_bits,,0,1,0,0,detected_uncorrectable
SUPP-NEG-V1-001,secded_double_bit,S3,stage1_word_pos0,8+57,codeword_bits,,0,1,0,0,detected_uncorrectable
SUPP-NEG-V1-001,secded_double_bit,S3,stage1_word_pos0,8+58,codeword_bits,,0,1,0,0,detected_uncorrectable
SUPP-NEG-V1-001,secded_double_bit,S3,stage1_word_pos0,8+59,codeword_bits,,0,1,0,0,detected_uncorrectable
SUPP-NEG-V1-001,secded_double_bit,S3,stage1_word_pos0,8+60,codeword_bits,,0,1,0,0,detected_uncorrectable
SUPP-NEG-V1-001,secded_double_bit,S3,stage1_word_pos0,8+61,codeword_bits,,0,1,0,0,detected_uncorrectable
SUPP-NEG-V1-001,secded_double_bit,S3,stage1_word_pos0,8+62,codeword_bits,,0,1,0,0,detected_uncorrectable
SUPP-NEG-V1-001,secded_double_bit,S3,stage1_word_pos0,8+63,codeword_bits,,0,1,0,0,detected_uncorrectable
SUPP-NEG-V1-001,secded_double_bit,S3,stage1_word_pos0,8+64,codeword_bits,,0,1,0,0,detected_uncorrectable
SUPP-NEG-V1-001,secded_double_bit,S3,stage1_word_pos0,8+65,codeword_bits,,0,1,0,0,detected_uncorrectable
SUPP-NEG-V1-001,secded_double_bit,S3,stage1_word_pos0,8+66,codeword_bits,,0,1,0,0,detected_uncorrectable
SUPP-NEG-V1-001,secded_double_bit,S3,stage1_word_pos0,8+67,codeword_bits,,0,1,0,0,detected_uncorrectable
SUPP-NEG-V1-001,secded_double_bit,S3,stage1_word_pos0,8+68,codeword_bits,,0,1,0,0,detected_uncorrectable
SUPP-NEG-V1-001,secded_double_bit,S3,stage1_word_pos0,8+69,codeword_bits,,0,1,0,0,detected_uncorrectable
SUPP-NEG-V1-001,secded_double_bit,S3,stage1_word_pos0,8+70,codeword_bits,,0,1,0,0,detected_uncorrectable
SUPP-NEG-V1-001,secded_double_bit,S3,stage1_word_pos0,8+71,codeword_bits,,0,1,0,0,detected_uncorrectable
SUPP-NEG-V1-001,secded_double_bit,S3,stage1_word_pos0,8+72,codeword_bits,,0,1,0,0,detected_uncorrectable
SUPP-NEG-V1-001,secded_double_bit,S3,stage1_word_pos0,8+73,codeword_bits,,0,1,0,0,detected_uncorrectable
SUPP-NEG-V1-001,secded_double_bit,S3,stage1_word_pos0,8+74,codeword_bits,,0,1,0,0,detected_uncorrectable
SUPP-NEG-V1-001,secded_double_bit,S3,stage1_word_pos0,8+75,codeword_bits,,0,1,0,0,detected_uncorrectable
SUPP-NEG-V1-001,secded_double_bit,S3,stage1_word_pos0,8+76,codeword_bits,,0,1,0,0,detected_uncorrectable
SUPP-NEG-V1-001,secded_double_bit,S3,stage1_word_pos0,8+77,codeword_bits,,0,1,0,0,detected_uncorrectable
SUPP-NEG-V1-001,secded_double_bit,S3,stage1_word_pos0,9+10,codeword_bits,,0,1,0,0,detected_uncorrectable
SUPP-NEG-V1-001,secded_double_bit,S3,stage1_word_pos0,9+11,codeword_bits,,0,1,0,0,detected_uncorrectable
SUPP-NEG-V1-001,secded_double_bit,S3,stage1_word_pos0,9+12,codeword_bits,,0,1,0,0,detected_uncorrectable
SUPP-NEG-V1-001,secded_double_bit,S3,stage1_word_pos0,9+13,codeword_bits,,0,1,0,0,detected_uncorrectable
SUPP-NEG-V1-001,secded_double_bit,S3,stage1_word_pos0,9+14,codeword_bits,,0,1,0,0,detected_uncorrectable
SUPP-NEG-V1-001,secded_double_bit,S3,stage1_word_pos0,9+15,codeword_bits,,0,1,0,0,detected_uncorrectable
SUPP-NEG-V1-001,secded_double_bit,S3,stage1_word_pos0,9+16,codeword_bits,,0,1,0,0,detected_uncorrectable
SUPP-NEG-V1-001,secded_double_bit,S3,stage1_word_pos0,9+17,codeword_bits,,0,1,0,0,detected_uncorrectable
SUPP-NEG-V1-001,secded_double_bit,S3,stage1_word_pos0,9+18,codeword_bits,,0,1,0,0,detected_uncorrectable
SUPP-NEG-V1-001,secded_double_bit,S3,stage1_word_pos0,9+19,codeword_bits,,0,1,0,0,detected_uncorrectable
SUPP-NEG-V1-001,secded_double_bit,S3,stage1_word_pos0,9+20,codeword_bits,,0,1,0,0,detected_uncorrectable
SUPP-NEG-V1-001,secded_double_bit,S3,stage1_word_pos0,9+21,codeword_bits,,0,1,0,0,detected_uncorrectable
SUPP-NEG-V1-001,secded_double_bit,S3,stage1_word_pos0,9+22,codeword_bits,,0,1,0,0,detected_uncorrectable
SUPP-NEG-V1-001,secded_double_bit,S3,stage1_word_pos0,9+23,codeword_bits,,0,1,0,0,detected_uncorrectable
SUPP-NEG-V1-001,secded_double_bit,S3,stage1_word_pos0,9+24,codeword_bits,,0,1,0,0,detected_uncorrectable
SUPP-NEG-V1-001,secded_double_bit,S3,stage1_word_pos0,9+25,codeword_bits,,0,1,0,0,detected_uncorrectable
SUPP-NEG-V1-001,secded_double_bit,S3,stage1_word_pos0,9+26,codeword_bits,,0,1,0,0,detected_uncorrectable
SUPP-NEG-V1-001,secded_double_bit,S3,stage1_word_pos0,9+27,codeword_bits,,0,1,0,0,detected_uncorrectable
SUPP-NEG-V1-001,secded_double_bit,S3,stage1_word_pos0,9+28,codeword_bits,,0,1,0,0,detected_uncorrectable
SUPP-NEG-V1-001,secded_double_bit,S3,stage1_word_pos0,9+29,codeword_bits,,0,1,0,0,detected_uncorrectable
SUPP-NEG-V1-001,secded_double_bit,S3,stage1_word_pos0,9+30,codeword_bits,,0,1,0,0,detected_uncorrectable
SUPP-NEG-V1-001,secded_double_bit,S3,stage1_word_pos0,9+31,codeword_bits,,0,1,0,0,detected_uncorrectable
SUPP-NEG-V1-001,secded_double_bit,S3,stage1_word_pos0,9+32,codeword_bits,,0,1,0,0,detected_uncorrectable
SUPP-NEG-V1-001,secded_double_bit,S3,stage1_word_pos0,9+33,codeword_bits,,0,1,0,0,detected_uncorrectable
SUPP-NEG-V1-001,secded_double_bit,S3,stage1_word_pos0,9+34,codeword_bits,,0,1,0,0,detected_uncorrectable
SUPP-NEG-V1-001,secded_double_bit,S3,stage1_word_pos0,9+35,codeword_bits,,0,1,0,0,detected_uncorrectable
SUPP-NEG-V1-001,secded_double_bit,S3,stage1_word_pos0,9+36,codeword_bits,,0,1,0,0,detected_uncorrectable
SUPP-NEG-V1-001,secded_double_bit,S3,stage1_word_pos0,9+37,codeword_bits,,0,1,0,0,detected_uncorrectable
SUPP-NEG-V1-001,secded_double_bit,S3,stage1_word_pos0,9+38,codeword_bits,,0,1,0,0,detected_uncorrectable
SUPP-NEG-V1-001,secded_double_bit,S3,stage1_word_pos0,9+39,codeword_bits,,0,1,0,0,detected_uncorrectable
SUPP-NEG-V1-001,secded_double_bit,S3,stage1_word_pos0,9+40,codeword_bits,,0,1,0,0,detected_uncorrectable
SUPP-NEG-V1-001,secded_double_bit,S3,stage1_word_pos0,9+41,codeword_bits,,0,1,0,0,detected_uncorrectable
SUPP-NEG-V1-001,secded_double_bit,S3,stage1_word_pos0,9+42,codeword_bits,,0,1,0,0,detected_uncorrectable
SUPP-NEG-V1-001,secded_double_bit,S3,stage1_word_pos0,9+43,codeword_bits,,0,1,0,0,detected_uncorrectable
SUPP-NEG-V1-001,secded_double_bit,S3,stage1_word_pos0,9+44,codeword_bits,,0,1,0,0,detected_uncorrectable
SUPP-NEG-V1-001,secded_double_bit,S3,stage1_word_pos0,9+45,codeword_bits,,0,1,0,0,detected_uncorrectable
SUPP-NEG-V1-001,secded_double_bit,S3,stage1_word_pos0,9+46,codeword_bits,,0,1,0,0,detected_uncorrectable
SUPP-NEG-V1-001,secded_double_bit,S3,stage1_word_pos0,9+47,codeword_bits,,0,1,0,0,detected_uncorrectable
SUPP-NEG-V1-001,secded_double_bit,S3,stage1_word_pos0,9+48,codeword_bits,,0,1,0,0,detected_uncorrectable
SUPP-NEG-V1-001,secded_double_bit,S3,stage1_word_pos0,9+49,codeword_bits,,0,1,0,0,detected_uncorrectable
SUPP-NEG-V1-001,secded_double_bit,S3,stage1_word_pos0,9+50,codeword_bits,,0,1,0,0,detected_uncorrectable
SUPP-NEG-V1-001,secded_double_bit,S3,stage1_word_pos0,9+51,codeword_bits,,0,1,0,0,detected_uncorrectable
SUPP-NEG-V1-001,secded_double_bit,S3,stage1_word_pos0,9+52,codeword_bits,,0,1,0,0,detected_uncorrectable
SUPP-NEG-V1-001,secded_double_bit,S3,stage1_word_pos0,9+53,codeword_bits,,0,1,0,0,detected_uncorrectable
SUPP-NEG-V1-001,secded_double_bit,S3,stage1_word_pos0,9+54,codeword_bits,,0,1,0,0,detected_uncorrectable
SUPP-NEG-V1-001,secded_double_bit,S3,stage1_word_pos0,9+55,codeword_bits,,0,1,0,0,detected_uncorrectable
SUPP-NEG-V1-001,secded_double_bit,S3,stage1_word_pos0,9+56,codeword_bits,,0,1,0,0,detected_uncorrectable
SUPP-NEG-V1-001,secded_double_bit,S3,stage1_word_pos0,9+57,codeword_bits,,0,1,0,0,detected_uncorrectable
SUPP-NEG-V1-001,secded_double_bit,S3,stage1_word_pos0,9+58,codeword_bits,,0,1,0,0,detected_uncorrectable
SUPP-NEG-V1-001,secded_double_bit,S3,stage1_word_pos0,9+59,codeword_bits,,0,1,0,0,detected_uncorrectable
SUPP-NEG-V1-001,secded_double_bit,S3,stage1_word_pos0,9+60,codeword_bits,,0,1,0,0,detected_uncorrectable
SUPP-NEG-V1-001,secded_double_bit,S3,stage1_word_pos0,9+61,codeword_bits,,0,1,0,0,detected_uncorrectable
SUPP-NEG-V1-001,secded_double_bit,S3,stage1_word_pos0,9+62,codeword_bits,,0,1,0,0,detected_uncorrectable
SUPP-NEG-V1-001,secded_double_bit,S3,stage1_word_pos0,9+63,codeword_bits,,0,1,0,0,detected_uncorrectable
SUPP-NEG-V1-001,secded_double_bit,S3,stage1_word_pos0,9+64,codeword_bits,,0,1,0,0,detected_uncorrectable
SUPP-NEG-V1-001,secded_double_bit,S3,stage1_word_pos0,9+65,codeword_bits,,0,1,0,0,detected_uncorrectable
SUPP-NEG-V1-001,secded_double_bit,S3,stage1_word_pos0,9+66,codeword_bits,,0,1,0,0,detected_uncorrectable
SUPP-NEG-V1-001,secded_double_bit,S3,stage1_word_pos0,9+67,codeword_bits,,0,1,0,0,detected_uncorrectable
SUPP-NEG-V1-001,secded_double_bit,S3,stage1_word_pos0,9+68,codeword_bits,,0,1,0,0,detected_uncorrectable
SUPP-NEG-V1-001,secded_double_bit,S3,stage1_word_pos0,9+69,codeword_bits,,0,1,0,0,detected_uncorrectable
SUPP-NEG-V1-001,secded_double_bit,S3,stage1_word_pos0,9+70,codeword_bits,,0,1,0,0,detected_uncorrectable
SUPP-NEG-V1-001,secded_double_bit,S3,stage1_word_pos0,9+71,codeword_bits,,0,1,0,0,detected_uncorrectable
SUPP-NEG-V1-001,secded_double_bit,S3,stage1_word_pos0,9+72,codeword_bits,,0,1,0,0,detected_uncorrectable
SUPP-NEG-V1-001,secded_double_bit,S3,stage1_word_pos0,9+73,codeword_bits,,0,1,0,0,detected_uncorrectable
SUPP-NEG-V1-001,secded_double_bit,S3,stage1_word_pos0,9+74,codeword_bits,,0,1,0,0,detected_uncorrectable
SUPP-NEG-V1-001,secded_double_bit,S3,stage1_word_pos0,9+75,codeword_bits,,0,1,0,0,detected_uncorrectable
SUPP-NEG-V1-001,secded_double_bit,S3,stage1_word_pos0,9+76,codeword_bits,,0,1,0,0,detected_uncorrectable
SUPP-NEG-V1-001,secded_double_bit,S3,stage1_word_pos0,9+77,codeword_bits,,0,1,0,0,detected_uncorrectable
SUPP-NEG-V1-001,secded_double_bit,S3,stage1_word_pos0,10+11,codeword_bits,,0,1,0,0,detected_uncorrectable
SUPP-NEG-V1-001,secded_double_bit,S3,stage1_word_pos0,10+12,codeword_bits,,0,1,0,0,detected_uncorrectable
SUPP-NEG-V1-001,secded_double_bit,S3,stage1_word_pos0,10+13,codeword_bits,,0,1,0,0,detected_uncorrectable
SUPP-NEG-V1-001,secded_double_bit,S3,stage1_word_pos0,10+14,codeword_bits,,0,1,0,0,detected_uncorrectable
SUPP-NEG-V1-001,secded_double_bit,S3,stage1_word_pos0,10+15,codeword_bits,,0,1,0,0,detected_uncorrectable
SUPP-NEG-V1-001,secded_double_bit,S3,stage1_word_pos0,10+16,codeword_bits,,0,1,0,0,detected_uncorrectable
SUPP-NEG-V1-001,secded_double_bit,S3,stage1_word_pos0,10+17,codeword_bits,,0,1,0,0,detected_uncorrectable
SUPP-NEG-V1-001,secded_double_bit,S3,stage1_word_pos0,10+18,codeword_bits,,0,1,0,0,detected_uncorrectable
SUPP-NEG-V1-001,secded_double_bit,S3,stage1_word_pos0,10+19,codeword_bits,,0,1,0,0,detected_uncorrectable
SUPP-NEG-V1-001,secded_double_bit,S3,stage1_word_pos0,10+20,codeword_bits,,0,1,0,0,detected_uncorrectable
SUPP-NEG-V1-001,secded_double_bit,S3,stage1_word_pos0,10+21,codeword_bits,,0,1,0,0,detected_uncorrectable
SUPP-NEG-V1-001,secded_double_bit,S3,stage1_word_pos0,10+22,codeword_bits,,0,1,0,0,detected_uncorrectable
SUPP-NEG-V1-001,secded_double_bit,S3,stage1_word_pos0,10+23,codeword_bits,,0,1,0,0,detected_uncorrectable
SUPP-NEG-V1-001,secded_double_bit,S3,stage1_word_pos0,10+24,codeword_bits,,0,1,0,0,detected_uncorrectable
SUPP-NEG-V1-001,secded_double_bit,S3,stage1_word_pos0,10+25,codeword_bits,,0,1,0,0,detected_uncorrectable
SUPP-NEG-V1-001,secded_double_bit,S3,stage1_word_pos0,10+26,codeword_bits,,0,1,0,0,detected_uncorrectable
SUPP-NEG-V1-001,secded_double_bit,S3,stage1_word_pos0,10+27,codeword_bits,,0,1,0,0,detected_uncorrectable
SUPP-NEG-V1-001,secded_double_bit,S3,stage1_word_pos0,10+28,codeword_bits,,0,1,0,0,detected_uncorrectable
SUPP-NEG-V1-001,secded_double_bit,S3,stage1_word_pos0,10+29,codeword_bits,,0,1,0,0,detected_uncorrectable
SUPP-NEG-V1-001,secded_double_bit,S3,stage1_word_pos0,10+30,codeword_bits,,0,1,0,0,detected_uncorrectable
SUPP-NEG-V1-001,secded_double_bit,S3,stage1_word_pos0,10+31,codeword_bits,,0,1,0,0,detected_uncorrectable
SUPP-NEG-V1-001,secded_double_bit,S3,stage1_word_pos0,10+32,codeword_bits,,0,1,0,0,detected_uncorrectable
SUPP-NEG-V1-001,secded_double_bit,S3,stage1_word_pos0,10+33,codeword_bits,,0,1,0,0,detected_uncorrectable
SUPP-NEG-V1-001,secded_double_bit,S3,stage1_word_pos0,10+34,codeword_bits,,0,1,0,0,detected_uncorrectable
SUPP-NEG-V1-001,secded_double_bit,S3,stage1_word_pos0,10+35,codeword_bits,,0,1,0,0,detected_uncorrectable
SUPP-NEG-V1-001,secded_double_bit,S3,stage1_word_pos0,10+36,codeword_bits,,0,1,0,0,detected_uncorrectable
SUPP-NEG-V1-001,secded_double_bit,S3,stage1_word_pos0,10+37,codeword_bits,,0,1,0,0,detected_uncorrectable
SUPP-NEG-V1-001,secded_double_bit,S3,stage1_word_pos0,10+38,codeword_bits,,0,1,0,0,detected_uncorrectable
SUPP-NEG-V1-001,secded_double_bit,S3,stage1_word_pos0,10+39,codeword_bits,,0,1,0,0,detected_uncorrectable
SUPP-NEG-V1-001,secded_double_bit,S3,stage1_word_pos0,10+40,codeword_bits,,0,1,0,0,detected_uncorrectable
SUPP-NEG-V1-001,secded_double_bit,S3,stage1_word_pos0,10+41,codeword_bits,,0,1,0,0,detected_uncorrectable
SUPP-NEG-V1-001,secded_double_bit,S3,stage1_word_pos0,10+42,codeword_bits,,0,1,0,0,detected_uncorrectable
SUPP-NEG-V1-001,secded_double_bit,S3,stage1_word_pos0,10+43,codeword_bits,,0,1,0,0,detected_uncorrectable
SUPP-NEG-V1-001,secded_double_bit,S3,stage1_word_pos0,10+44,codeword_bits,,0,1,0,0,detected_uncorrectable
SUPP-NEG-V1-001,secded_double_bit,S3,stage1_word_pos0,10+45,codeword_bits,,0,1,0,0,detected_uncorrectable
SUPP-NEG-V1-001,secded_double_bit,S3,stage1_word_pos0,10+46,codeword_bits,,0,1,0,0,detected_uncorrectable
SUPP-NEG-V1-001,secded_double_bit,S3,stage1_word_pos0,10+47,codeword_bits,,0,1,0,0,detected_uncorrectable
SUPP-NEG-V1-001,secded_double_bit,S3,stage1_word_pos0,10+48,codeword_bits,,0,1,0,0,detected_uncorrectable
SUPP-NEG-V1-001,secded_double_bit,S3,stage1_word_pos0,10+49,codeword_bits,,0,1,0,0,detected_uncorrectable
SUPP-NEG-V1-001,secded_double_bit,S3,stage1_word_pos0,10+50,codeword_bits,,0,1,0,0,detected_uncorrectable
SUPP-NEG-V1-001,secded_double_bit,S3,stage1_word_pos0,10+51,codeword_bits,,0,1,0,0,detected_uncorrectable
SUPP-NEG-V1-001,secded_double_bit,S3,stage1_word_pos0,10+52,codeword_bits,,0,1,0,0,detected_uncorrectable
SUPP-NEG-V1-001,secded_double_bit,S3,stage1_word_pos0,10+53,codeword_bits,,0,1,0,0,detected_uncorrectable
SUPP-NEG-V1-001,secded_double_bit,S3,stage1_word_pos0,10+54,codeword_bits,,0,1,0,0,detected_uncorrectable
SUPP-NEG-V1-001,secded_double_bit,S3,stage1_word_pos0,10+55,codeword_bits,,0,1,0,0,detected_uncorrectable
SUPP-NEG-V1-001,secded_double_bit,S3,stage1_word_pos0,10+56,codeword_bits,,0,1,0,0,detected_uncorrectable
SUPP-NEG-V1-001,secded_double_bit,S3,stage1_word_pos0,10+57,codeword_bits,,0,1,0,0,detected_uncorrectable
SUPP-NEG-V1-001,secded_double_bit,S3,stage1_word_pos0,10+58,codeword_bits,,0,1,0,0,detected_uncorrectable
SUPP-NEG-V1-001,secded_double_bit,S3,stage1_word_pos0,10+59,codeword_bits,,0,1,0,0,detected_uncorrectable
SUPP-NEG-V1-001,secded_double_bit,S3,stage1_word_pos0,10+60,codeword_bits,,0,1,0,0,detected_uncorrectable
SUPP-NEG-V1-001,secded_double_bit,S3,stage1_word_pos0,10+61,codeword_bits,,0,1,0,0,detected_uncorrectable
SUPP-NEG-V1-001,secded_double_bit,S3,stage1_word_pos0,10+62,codeword_bits,,0,1,0,0,detected_uncorrectable
SUPP-NEG-V1-001,secded_double_bit,S3,stage1_word_pos0,10+63,codeword_bits,,0,1,0,0,detected_uncorrectable
SUPP-NEG-V1-001,secded_double_bit,S3,stage1_word_pos0,10+64,codeword_bits,,0,1,0,0,detected_uncorrectable
SUPP-NEG-V1-001,secded_double_bit,S3,stage1_word_pos0,10+65,codeword_bits,,0,1,0,0,detected_uncorrectable
SUPP-NEG-V1-001,secded_double_bit,S3,stage1_word_pos0,10+66,codeword_bits,,0,1,0,0,detected_uncorrectable
SUPP-NEG-V1-001,secded_double_bit,S3,stage1_word_pos0,10+67,codeword_bits,,0,1,0,0,detected_uncorrectable
SUPP-NEG-V1-001,secded_double_bit,S3,stage1_word_pos0,10+68,codeword_bits,,0,1,0,0,detected_uncorrectable
SUPP-NEG-V1-001,secded_double_bit,S3,stage1_word_pos0,10+69,codeword_bits,,0,1,0,0,detected_uncorrectable
SUPP-NEG-V1-001,secded_double_bit,S3,stage1_word_pos0,10+70,codeword_bits,,0,1,0,0,detected_uncorrectable
SUPP-NEG-V1-001,secded_double_bit,S3,stage1_word_pos0,10+71,codeword_bits,,0,1,0,0,detected_uncorrectable
SUPP-NEG-V1-001,secded_double_bit,S3,stage1_word_pos0,10+72,codeword_bits,,0,1,0,0,detected_uncorrectable
SUPP-NEG-V1-001,secded_double_bit,S3,stage1_word_pos0,10+73,codeword_bits,,0,1,0,0,detected_uncorrectable
SUPP-NEG-V1-001,secded_double_bit,S3,stage1_word_pos0,10+74,codeword_bits,,0,1,0,0,detected_uncorrectable
SUPP-NEG-V1-001,secded_double_bit,S3,stage1_word_pos0,10+75,codeword_bits,,0,1,0,0,detected_uncorrectable
SUPP-NEG-V1-001,secded_double_bit,S3,stage1_word_pos0,10+76,codeword_bits,,0,1,0,0,detected_uncorrectable
SUPP-NEG-V1-001,secded_double_bit,S3,stage1_word_pos0,10+77,codeword_bits,,0,1,0,0,detected_uncorrectable
SUPP-NEG-V1-001,secded_double_bit,S3,stage1_word_pos0,11+12,codeword_bits,,0,1,0,0,detected_uncorrectable
SUPP-NEG-V1-001,secded_double_bit,S3,stage1_word_pos0,11+13,codeword_bits,,0,1,0,0,detected_uncorrectable
SUPP-NEG-V1-001,secded_double_bit,S3,stage1_word_pos0,11+14,codeword_bits,,0,1,0,0,detected_uncorrectable
SUPP-NEG-V1-001,secded_double_bit,S3,stage1_word_pos0,11+15,codeword_bits,,0,1,0,0,detected_uncorrectable
SUPP-NEG-V1-001,secded_double_bit,S3,stage1_word_pos0,11+16,codeword_bits,,0,1,0,0,detected_uncorrectable
SUPP-NEG-V1-001,secded_double_bit,S3,stage1_word_pos0,11+17,codeword_bits,,0,1,0,0,detected_uncorrectable
SUPP-NEG-V1-001,secded_double_bit,S3,stage1_word_pos0,11+18,codeword_bits,,0,1,0,0,detected_uncorrectable
SUPP-NEG-V1-001,secded_double_bit,S3,stage1_word_pos0,11+19,codeword_bits,,0,1,0,0,detected_uncorrectable
SUPP-NEG-V1-001,secded_double_bit,S3,stage1_word_pos0,11+20,codeword_bits,,0,1,0,0,detected_uncorrectable
SUPP-NEG-V1-001,secded_double_bit,S3,stage1_word_pos0,11+21,codeword_bits,,0,1,0,0,detected_uncorrectable
SUPP-NEG-V1-001,secded_double_bit,S3,stage1_word_pos0,11+22,codeword_bits,,0,1,0,0,detected_uncorrectable
SUPP-NEG-V1-001,secded_double_bit,S3,stage1_word_pos0,11+23,codeword_bits,,0,1,0,0,detected_uncorrectable
SUPP-NEG-V1-001,secded_double_bit,S3,stage1_word_pos0,11+24,codeword_bits,,0,1,0,0,detected_uncorrectable
SUPP-NEG-V1-001,secded_double_bit,S3,stage1_word_pos0,11+25,codeword_bits,,0,1,0,0,detected_uncorrectable
SUPP-NEG-V1-001,secded_double_bit,S3,stage1_word_pos0,11+26,codeword_bits,,0,1,0,0,detected_uncorrectable
SUPP-NEG-V1-001,secded_double_bit,S3,stage1_word_pos0,11+27,codeword_bits,,0,1,0,0,detected_uncorrectable
SUPP-NEG-V1-001,secded_double_bit,S3,stage1_word_pos0,11+28,codeword_bits,,0,1,0,0,detected_uncorrectable
SUPP-NEG-V1-001,secded_double_bit,S3,stage1_word_pos0,11+29,codeword_bits,,0,1,0,0,detected_uncorrectable
SUPP-NEG-V1-001,secded_double_bit,S3,stage1_word_pos0,11+30,codeword_bits,,0,1,0,0,detected_uncorrectable
SUPP-NEG-V1-001,secded_double_bit,S3,stage1_word_pos0,11+31,codeword_bits,,0,1,0,0,detected_uncorrectable
SUPP-NEG-V1-001,secded_double_bit,S3,stage1_word_pos0,11+32,codeword_bits,,0,1,0,0,detected_uncorrectable
SUPP-NEG-V1-001,secded_double_bit,S3,stage1_word_pos0,11+33,codeword_bits,,0,1,0,0,detected_uncorrectable
SUPP-NEG-V1-001,secded_double_bit,S3,stage1_word_pos0,11+34,codeword_bits,,0,1,0,0,detected_uncorrectable
SUPP-NEG-V1-001,secded_double_bit,S3,stage1_word_pos0,11+35,codeword_bits,,0,1,0,0,detected_uncorrectable
SUPP-NEG-V1-001,secded_double_bit,S3,stage1_word_pos0,11+36,codeword_bits,,0,1,0,0,detected_uncorrectable
SUPP-NEG-V1-001,secded_double_bit,S3,stage1_word_pos0,11+37,codeword_bits,,0,1,0,0,detected_uncorrectable
SUPP-NEG-V1-001,secded_double_bit,S3,stage1_word_pos0,11+38,codeword_bits,,0,1,0,0,detected_uncorrectable
SUPP-NEG-V1-001,secded_double_bit,S3,stage1_word_pos0,11+39,codeword_bits,,0,1,0,0,detected_uncorrectable
SUPP-NEG-V1-001,secded_double_bit,S3,stage1_word_pos0,11+40,codeword_bits,,0,1,0,0,detected_uncorrectable
SUPP-NEG-V1-001,secded_double_bit,S3,stage1_word_pos0,11+41,codeword_bits,,0,1,0,0,detected_uncorrectable
SUPP-NEG-V1-001,secded_double_bit,S3,stage1_word_pos0,11+42,codeword_bits,,0,1,0,0,detected_uncorrectable
SUPP-NEG-V1-001,secded_double_bit,S3,stage1_word_pos0,11+43,codeword_bits,,0,1,0,0,detected_uncorrectable
SUPP-NEG-V1-001,secded_double_bit,S3,stage1_word_pos0,11+44,codeword_bits,,0,1,0,0,detected_uncorrectable
SUPP-NEG-V1-001,secded_double_bit,S3,stage1_word_pos0,11+45,codeword_bits,,0,1,0,0,detected_uncorrectable
SUPP-NEG-V1-001,secded_double_bit,S3,stage1_word_pos0,11+46,codeword_bits,,0,1,0,0,detected_uncorrectable
SUPP-NEG-V1-001,secded_double_bit,S3,stage1_word_pos0,11+47,codeword_bits,,0,1,0,0,detected_uncorrectable
SUPP-NEG-V1-001,secded_double_bit,S3,stage1_word_pos0,11+48,codeword_bits,,0,1,0,0,detected_uncorrectable
SUPP-NEG-V1-001,secded_double_bit,S3,stage1_word_pos0,11+49,codeword_bits,,0,1,0,0,detected_uncorrectable
SUPP-NEG-V1-001,secded_double_bit,S3,stage1_word_pos0,11+50,codeword_bits,,0,1,0,0,detected_uncorrectable
SUPP-NEG-V1-001,secded_double_bit,S3,stage1_word_pos0,11+51,codeword_bits,,0,1,0,0,detected_uncorrectable
SUPP-NEG-V1-001,secded_double_bit,S3,stage1_word_pos0,11+52,codeword_bits,,0,1,0,0,detected_uncorrectable
SUPP-NEG-V1-001,secded_double_bit,S3,stage1_word_pos0,11+53,codeword_bits,,0,1,0,0,detected_uncorrectable
SUPP-NEG-V1-001,secded_double_bit,S3,stage1_word_pos0,11+54,codeword_bits,,0,1,0,0,detected_uncorrectable
SUPP-NEG-V1-001,secded_double_bit,S3,stage1_word_pos0,11+55,codeword_bits,,0,1,0,0,detected_uncorrectable
SUPP-NEG-V1-001,secded_double_bit,S3,stage1_word_pos0,11+56,codeword_bits,,0,1,0,0,detected_uncorrectable
SUPP-NEG-V1-001,secded_double_bit,S3,stage1_word_pos0,11+57,codeword_bits,,0,1,0,0,detected_uncorrectable
SUPP-NEG-V1-001,secded_double_bit,S3,stage1_word_pos0,11+58,codeword_bits,,0,1,0,0,detected_uncorrectable
SUPP-NEG-V1-001,secded_double_bit,S3,stage1_word_pos0,11+59,codeword_bits,,0,1,0,0,detected_uncorrectable
SUPP-NEG-V1-001,secded_double_bit,S3,stage1_word_pos0,11+60,codeword_bits,,0,1,0,0,detected_uncorrectable
SUPP-NEG-V1-001,secded_double_bit,S3,stage1_word_pos0,11+61,codeword_bits,,0,1,0,0,detected_uncorrectable
SUPP-NEG-V1-001,secded_double_bit,S3,stage1_word_pos0,11+62,codeword_bits,,0,1,0,0,detected_uncorrectable
SUPP-NEG-V1-001,secded_double_bit,S3,stage1_word_pos0,11+63,codeword_bits,,0,1,0,0,detected_uncorrectable
SUPP-NEG-V1-001,secded_double_bit,S3,stage1_word_pos0,11+64,codeword_bits,,0,1,0,0,detected_uncorrectable
SUPP-NEG-V1-001,secded_double_bit,S3,stage1_word_pos0,11+65,codeword_bits,,0,1,0,0,detected_uncorrectable
SUPP-NEG-V1-001,secded_double_bit,S3,stage1_word_pos0,11+66,codeword_bits,,0,1,0,0,detected_uncorrectable
SUPP-NEG-V1-001,secded_double_bit,S3,stage1_word_pos0,11+67,codeword_bits,,0,1,0,0,detected_uncorrectable
SUPP-NEG-V1-001,secded_double_bit,S3,stage1_word_pos0,11+68,codeword_bits,,0,1,0,0,detected_uncorrectable
SUPP-NEG-V1-001,secded_double_bit,S3,stage1_word_pos0,11+69,codeword_bits,,0,1,0,0,detected_uncorrectable
SUPP-NEG-V1-001,secded_double_bit,S3,stage1_word_pos0,11+70,codeword_bits,,0,1,0,0,detected_uncorrectable
SUPP-NEG-V1-001,secded_double_bit,S3,stage1_word_pos0,11+71,codeword_bits,,0,1,0,0,detected_uncorrectable
SUPP-NEG-V1-001,secded_double_bit,S3,stage1_word_pos0,11+72,codeword_bits,,0,1,0,0,detected_uncorrectable
SUPP-NEG-V1-001,secded_double_bit,S3,stage1_word_pos0,11+73,codeword_bits,,0,1,0,0,detected_uncorrectable
SUPP-NEG-V1-001,secded_double_bit,S3,stage1_word_pos0,11+74,codeword_bits,,0,1,0,0,detected_uncorrectable
SUPP-NEG-V1-001,secded_double_bit,S3,stage1_word_pos0,11+75,codeword_bits,,0,1,0,0,detected_uncorrectable
SUPP-NEG-V1-001,secded_double_bit,S3,stage1_word_pos0,11+76,codeword_bits,,0,1,0,0,detected_uncorrectable
SUPP-NEG-V1-001,secded_double_bit,S3,stage1_word_pos0,11+77,codeword_bits,,0,1,0,0,detected_uncorrectable
SUPP-NEG-V1-001,secded_double_bit,S3,stage1_word_pos0,12+13,codeword_bits,,0,1,0,0,detected_uncorrectable
SUPP-NEG-V1-001,secded_double_bit,S3,stage1_word_pos0,12+14,codeword_bits,,0,1,0,0,detected_uncorrectable
SUPP-NEG-V1-001,secded_double_bit,S3,stage1_word_pos0,12+15,codeword_bits,,0,1,0,0,detected_uncorrectable
SUPP-NEG-V1-001,secded_double_bit,S3,stage1_word_pos0,12+16,codeword_bits,,0,1,0,0,detected_uncorrectable
SUPP-NEG-V1-001,secded_double_bit,S3,stage1_word_pos0,12+17,codeword_bits,,0,1,0,0,detected_uncorrectable
SUPP-NEG-V1-001,secded_double_bit,S3,stage1_word_pos0,12+18,codeword_bits,,0,1,0,0,detected_uncorrectable
SUPP-NEG-V1-001,secded_double_bit,S3,stage1_word_pos0,12+19,codeword_bits,,0,1,0,0,detected_uncorrectable
SUPP-NEG-V1-001,secded_double_bit,S3,stage1_word_pos0,12+20,codeword_bits,,0,1,0,0,detected_uncorrectable
SUPP-NEG-V1-001,secded_double_bit,S3,stage1_word_pos0,12+21,codeword_bits,,0,1,0,0,detected_uncorrectable
SUPP-NEG-V1-001,secded_double_bit,S3,stage1_word_pos0,12+22,codeword_bits,,0,1,0,0,detected_uncorrectable
SUPP-NEG-V1-001,secded_double_bit,S3,stage1_word_pos0,12+23,codeword_bits,,0,1,0,0,detected_uncorrectable
SUPP-NEG-V1-001,secded_double_bit,S3,stage1_word_pos0,12+24,codeword_bits,,0,1,0,0,detected_uncorrectable
SUPP-NEG-V1-001,secded_double_bit,S3,stage1_word_pos0,12+25,codeword_bits,,0,1,0,0,detected_uncorrectable
SUPP-NEG-V1-001,secded_double_bit,S3,stage1_word_pos0,12+26,codeword_bits,,0,1,0,0,detected_uncorrectable
SUPP-NEG-V1-001,secded_double_bit,S3,stage1_word_pos0,12+27,codeword_bits,,0,1,0,0,detected_uncorrectable
SUPP-NEG-V1-001,secded_double_bit,S3,stage1_word_pos0,12+28,codeword_bits,,0,1,0,0,detected_uncorrectable
SUPP-NEG-V1-001,secded_double_bit,S3,stage1_word_pos0,12+29,codeword_bits,,0,1,0,0,detected_uncorrectable
SUPP-NEG-V1-001,secded_double_bit,S3,stage1_word_pos0,12+30,codeword_bits,,0,1,0,0,detected_uncorrectable
SUPP-NEG-V1-001,secded_double_bit,S3,stage1_word_pos0,12+31,codeword_bits,,0,1,0,0,detected_uncorrectable
SUPP-NEG-V1-001,secded_double_bit,S3,stage1_word_pos0,12+32,codeword_bits,,0,1,0,0,detected_uncorrectable
SUPP-NEG-V1-001,secded_double_bit,S3,stage1_word_pos0,12+33,codeword_bits,,0,1,0,0,detected_uncorrectable
SUPP-NEG-V1-001,secded_double_bit,S3,stage1_word_pos0,12+34,codeword_bits,,0,1,0,0,detected_uncorrectable
SUPP-NEG-V1-001,secded_double_bit,S3,stage1_word_pos0,12+35,codeword_bits,,0,1,0,0,detected_uncorrectable
SUPP-NEG-V1-001,secded_double_bit,S3,stage1_word_pos0,12+36,codeword_bits,,0,1,0,0,detected_uncorrectable
SUPP-NEG-V1-001,secded_double_bit,S3,stage1_word_pos0,12+37,codeword_bits,,0,1,0,0,detected_uncorrectable
SUPP-NEG-V1-001,secded_double_bit,S3,stage1_word_pos0,12+38,codeword_bits,,0,1,0,0,detected_uncorrectable
SUPP-NEG-V1-001,secded_double_bit,S3,stage1_word_pos0,12+39,codeword_bits,,0,1,0,0,detected_uncorrectable
SUPP-NEG-V1-001,secded_double_bit,S3,stage1_word_pos0,12+40,codeword_bits,,0,1,0,0,detected_uncorrectable
SUPP-NEG-V1-001,secded_double_bit,S3,stage1_word_pos0,12+41,codeword_bits,,0,1,0,0,detected_uncorrectable
SUPP-NEG-V1-001,secded_double_bit,S3,stage1_word_pos0,12+42,codeword_bits,,0,1,0,0,detected_uncorrectable
SUPP-NEG-V1-001,secded_double_bit,S3,stage1_word_pos0,12+43,codeword_bits,,0,1,0,0,detected_uncorrectable
SUPP-NEG-V1-001,secded_double_bit,S3,stage1_word_pos0,12+44,codeword_bits,,0,1,0,0,detected_uncorrectable
SUPP-NEG-V1-001,secded_double_bit,S3,stage1_word_pos0,12+45,codeword_bits,,0,1,0,0,detected_uncorrectable
SUPP-NEG-V1-001,secded_double_bit,S3,stage1_word_pos0,12+46,codeword_bits,,0,1,0,0,detected_uncorrectable
SUPP-NEG-V1-001,secded_double_bit,S3,stage1_word_pos0,12+47,codeword_bits,,0,1,0,0,detected_uncorrectable
SUPP-NEG-V1-001,secded_double_bit,S3,stage1_word_pos0,12+48,codeword_bits,,0,1,0,0,detected_uncorrectable
SUPP-NEG-V1-001,secded_double_bit,S3,stage1_word_pos0,12+49,codeword_bits,,0,1,0,0,detected_uncorrectable
SUPP-NEG-V1-001,secded_double_bit,S3,stage1_word_pos0,12+50,codeword_bits,,0,1,0,0,detected_uncorrectable
SUPP-NEG-V1-001,secded_double_bit,S3,stage1_word_pos0,12+51,codeword_bits,,0,1,0,0,detected_uncorrectable
SUPP-NEG-V1-001,secded_double_bit,S3,stage1_word_pos0,12+52,codeword_bits,,0,1,0,0,detected_uncorrectable
SUPP-NEG-V1-001,secded_double_bit,S3,stage1_word_pos0,12+53,codeword_bits,,0,1,0,0,detected_uncorrectable
SUPP-NEG-V1-001,secded_double_bit,S3,stage1_word_pos0,12+54,codeword_bits,,0,1,0,0,detected_uncorrectable
SUPP-NEG-V1-001,secded_double_bit,S3,stage1_word_pos0,12+55,codeword_bits,,0,1,0,0,detected_uncorrectable
SUPP-NEG-V1-001,secded_double_bit,S3,stage1_word_pos0,12+56,codeword_bits,,0,1,0,0,detected_uncorrectable
SUPP-NEG-V1-001,secded_double_bit,S3,stage1_word_pos0,12+57,codeword_bits,,0,1,0,0,detected_uncorrectable
SUPP-NEG-V1-001,secded_double_bit,S3,stage1_word_pos0,12+58,codeword_bits,,0,1,0,0,detected_uncorrectable
SUPP-NEG-V1-001,secded_double_bit,S3,stage1_word_pos0,12+59,codeword_bits,,0,1,0,0,detected_uncorrectable
SUPP-NEG-V1-001,secded_double_bit,S3,stage1_word_pos0,12+60,codeword_bits,,0,1,0,0,detected_uncorrectable
SUPP-NEG-V1-001,secded_double_bit,S3,stage1_word_pos0,12+61,codeword_bits,,0,1,0,0,detected_uncorrectable
SUPP-NEG-V1-001,secded_double_bit,S3,stage1_word_pos0,12+62,codeword_bits,,0,1,0,0,detected_uncorrectable
SUPP-NEG-V1-001,secded_double_bit,S3,stage1_word_pos0,12+63,codeword_bits,,0,1,0,0,detected_uncorrectable
SUPP-NEG-V1-001,secded_double_bit,S3,stage1_word_pos0,12+64,codeword_bits,,0,1,0,0,detected_uncorrectable
SUPP-NEG-V1-001,secded_double_bit,S3,stage1_word_pos0,12+65,codeword_bits,,0,1,0,0,detected_uncorrectable
SUPP-NEG-V1-001,secded_double_bit,S3,stage1_word_pos0,12+66,codeword_bits,,0,1,0,0,detected_uncorrectable
SUPP-NEG-V1-001,secded_double_bit,S3,stage1_word_pos0,12+67,codeword_bits,,0,1,0,0,detected_uncorrectable
SUPP-NEG-V1-001,secded_double_bit,S3,stage1_word_pos0,12+68,codeword_bits,,0,1,0,0,detected_uncorrectable
SUPP-NEG-V1-001,secded_double_bit,S3,stage1_word_pos0,12+69,codeword_bits,,0,1,0,0,detected_uncorrectable
SUPP-NEG-V1-001,secded_double_bit,S3,stage1_word_pos0,12+70,codeword_bits,,0,1,0,0,detected_uncorrectable
SUPP-NEG-V1-001,secded_double_bit,S3,stage1_word_pos0,12+71,codeword_bits,,0,1,0,0,detected_uncorrectable
SUPP-NEG-V1-001,secded_double_bit,S3,stage1_word_pos0,12+72,codeword_bits,,0,1,0,0,detected_uncorrectable
SUPP-NEG-V1-001,secded_double_bit,S3,stage1_word_pos0,12+73,codeword_bits,,0,1,0,0,detected_uncorrectable
SUPP-NEG-V1-001,secded_double_bit,S3,stage1_word_pos0,12+74,codeword_bits,,0,1,0,0,detected_uncorrectable
SUPP-NEG-V1-001,secded_double_bit,S3,stage1_word_pos0,12+75,codeword_bits,,0,1,0,0,detected_uncorrectable
SUPP-NEG-V1-001,secded_double_bit,S3,stage1_word_pos0,12+76,codeword_bits,,0,1,0,0,detected_uncorrectable
SUPP-NEG-V1-001,secded_double_bit,S3,stage1_word_pos0,12+77,codeword_bits,,0,1,0,0,detected_uncorrectable
SUPP-NEG-V1-001,secded_double_bit,S3,stage1_word_pos0,13+14,codeword_bits,,0,1,0,0,detected_uncorrectable
SUPP-NEG-V1-001,secded_double_bit,S3,stage1_word_pos0,13+15,codeword_bits,,0,1,0,0,detected_uncorrectable
SUPP-NEG-V1-001,secded_double_bit,S3,stage1_word_pos0,13+16,codeword_bits,,0,1,0,0,detected_uncorrectable
SUPP-NEG-V1-001,secded_double_bit,S3,stage1_word_pos0,13+17,codeword_bits,,0,1,0,0,detected_uncorrectable
SUPP-NEG-V1-001,secded_double_bit,S3,stage1_word_pos0,13+18,codeword_bits,,0,1,0,0,detected_uncorrectable
SUPP-NEG-V1-001,secded_double_bit,S3,stage1_word_pos0,13+19,codeword_bits,,0,1,0,0,detected_uncorrectable
SUPP-NEG-V1-001,secded_double_bit,S3,stage1_word_pos0,13+20,codeword_bits,,0,1,0,0,detected_uncorrectable
SUPP-NEG-V1-001,secded_double_bit,S3,stage1_word_pos0,13+21,codeword_bits,,0,1,0,0,detected_uncorrectable
SUPP-NEG-V1-001,secded_double_bit,S3,stage1_word_pos0,13+22,codeword_bits,,0,1,0,0,detected_uncorrectable
SUPP-NEG-V1-001,secded_double_bit,S3,stage1_word_pos0,13+23,codeword_bits,,0,1,0,0,detected_uncorrectable
SUPP-NEG-V1-001,secded_double_bit,S3,stage1_word_pos0,13+24,codeword_bits,,0,1,0,0,detected_uncorrectable
SUPP-NEG-V1-001,secded_double_bit,S3,stage1_word_pos0,13+25,codeword_bits,,0,1,0,0,detected_uncorrectable
SUPP-NEG-V1-001,secded_double_bit,S3,stage1_word_pos0,13+26,codeword_bits,,0,1,0,0,detected_uncorrectable
SUPP-NEG-V1-001,secded_double_bit,S3,stage1_word_pos0,13+27,codeword_bits,,0,1,0,0,detected_uncorrectable
SUPP-NEG-V1-001,secded_double_bit,S3,stage1_word_pos0,13+28,codeword_bits,,0,1,0,0,detected_uncorrectable
SUPP-NEG-V1-001,secded_double_bit,S3,stage1_word_pos0,13+29,codeword_bits,,0,1,0,0,detected_uncorrectable
SUPP-NEG-V1-001,secded_double_bit,S3,stage1_word_pos0,13+30,codeword_bits,,0,1,0,0,detected_uncorrectable
SUPP-NEG-V1-001,secded_double_bit,S3,stage1_word_pos0,13+31,codeword_bits,,0,1,0,0,detected_uncorrectable
SUPP-NEG-V1-001,secded_double_bit,S3,stage1_word_pos0,13+32,codeword_bits,,0,1,0,0,detected_uncorrectable
SUPP-NEG-V1-001,secded_double_bit,S3,stage1_word_pos0,13+33,codeword_bits,,0,1,0,0,detected_uncorrectable
SUPP-NEG-V1-001,secded_double_bit,S3,stage1_word_pos0,13+34,codeword_bits,,0,1,0,0,detected_uncorrectable
SUPP-NEG-V1-001,secded_double_bit,S3,stage1_word_pos0,13+35,codeword_bits,,0,1,0,0,detected_uncorrectable
SUPP-NEG-V1-001,secded_double_bit,S3,stage1_word_pos0,13+36,codeword_bits,,0,1,0,0,detected_uncorrectable
SUPP-NEG-V1-001,secded_double_bit,S3,stage1_word_pos0,13+37,codeword_bits,,0,1,0,0,detected_uncorrectable
SUPP-NEG-V1-001,secded_double_bit,S3,stage1_word_pos0,13+38,codeword_bits,,0,1,0,0,detected_uncorrectable
SUPP-NEG-V1-001,secded_double_bit,S3,stage1_word_pos0,13+39,codeword_bits,,0,1,0,0,detected_uncorrectable
SUPP-NEG-V1-001,secded_double_bit,S3,stage1_word_pos0,13+40,codeword_bits,,0,1,0,0,detected_uncorrectable
SUPP-NEG-V1-001,secded_double_bit,S3,stage1_word_pos0,13+41,codeword_bits,,0,1,0,0,detected_uncorrectable
SUPP-NEG-V1-001,secded_double_bit,S3,stage1_word_pos0,13+42,codeword_bits,,0,1,0,0,detected_uncorrectable
SUPP-NEG-V1-001,secded_double_bit,S3,stage1_word_pos0,13+43,codeword_bits,,0,1,0,0,detected_uncorrectable
SUPP-NEG-V1-001,secded_double_bit,S3,stage1_word_pos0,13+44,codeword_bits,,0,1,0,0,detected_uncorrectable
SUPP-NEG-V1-001,secded_double_bit,S3,stage1_word_pos0,13+45,codeword_bits,,0,1,0,0,detected_uncorrectable
SUPP-NEG-V1-001,secded_double_bit,S3,stage1_word_pos0,13+46,codeword_bits,,0,1,0,0,detected_uncorrectable
SUPP-NEG-V1-001,secded_double_bit,S3,stage1_word_pos0,13+47,codeword_bits,,0,1,0,0,detected_uncorrectable
SUPP-NEG-V1-001,secded_double_bit,S3,stage1_word_pos0,13+48,codeword_bits,,0,1,0,0,detected_uncorrectable
SUPP-NEG-V1-001,secded_double_bit,S3,stage1_word_pos0,13+49,codeword_bits,,0,1,0,0,detected_uncorrectable
SUPP-NEG-V1-001,secded_double_bit,S3,stage1_word_pos0,13+50,codeword_bits,,0,1,0,0,detected_uncorrectable
SUPP-NEG-V1-001,secded_double_bit,S3,stage1_word_pos0,13+51,codeword_bits,,0,1,0,0,detected_uncorrectable
SUPP-NEG-V1-001,secded_double_bit,S3,stage1_word_pos0,13+52,codeword_bits,,0,1,0,0,detected_uncorrectable
SUPP-NEG-V1-001,secded_double_bit,S3,stage1_word_pos0,13+53,codeword_bits,,0,1,0,0,detected_uncorrectable
SUPP-NEG-V1-001,secded_double_bit,S3,stage1_word_pos0,13+54,codeword_bits,,0,1,0,0,detected_uncorrectable
SUPP-NEG-V1-001,secded_double_bit,S3,stage1_word_pos0,13+55,codeword_bits,,0,1,0,0,detected_uncorrectable
SUPP-NEG-V1-001,secded_double_bit,S3,stage1_word_pos0,13+56,codeword_bits,,0,1,0,0,detected_uncorrectable
SUPP-NEG-V1-001,secded_double_bit,S3,stage1_word_pos0,13+57,codeword_bits,,0,1,0,0,detected_uncorrectable
SUPP-NEG-V1-001,secded_double_bit,S3,stage1_word_pos0,13+58,codeword_bits,,0,1,0,0,detected_uncorrectable
SUPP-NEG-V1-001,secded_double_bit,S3,stage1_word_pos0,13+59,codeword_bits,,0,1,0,0,detected_uncorrectable
SUPP-NEG-V1-001,secded_double_bit,S3,stage1_word_pos0,13+60,codeword_bits,,0,1,0,0,detected_uncorrectable
SUPP-NEG-V1-001,secded_double_bit,S3,stage1_word_pos0,13+61,codeword_bits,,0,1,0,0,detected_uncorrectable
SUPP-NEG-V1-001,secded_double_bit,S3,stage1_word_pos0,13+62,codeword_bits,,0,1,0,0,detected_uncorrectable
SUPP-NEG-V1-001,secded_double_bit,S3,stage1_word_pos0,13+63,codeword_bits,,0,1,0,0,detected_uncorrectable
SUPP-NEG-V1-001,secded_double_bit,S3,stage1_word_pos0,13+64,codeword_bits,,0,1,0,0,detected_uncorrectable
SUPP-NEG-V1-001,secded_double_bit,S3,stage1_word_pos0,13+65,codeword_bits,,0,1,0,0,detected_uncorrectable
SUPP-NEG-V1-001,secded_double_bit,S3,stage1_word_pos0,13+66,codeword_bits,,0,1,0,0,detected_uncorrectable
SUPP-NEG-V1-001,secded_double_bit,S3,stage1_word_pos0,13+67,codeword_bits,,0,1,0,0,detected_uncorrectable
SUPP-NEG-V1-001,secded_double_bit,S3,stage1_word_pos0,13+68,codeword_bits,,0,1,0,0,detected_uncorrectable
SUPP-NEG-V1-001,secded_double_bit,S3,stage1_word_pos0,13+69,codeword_bits,,0,1,0,0,detected_uncorrectable
SUPP-NEG-V1-001,secded_double_bit,S3,stage1_word_pos0,13+70,codeword_bits,,0,1,0,0,detected_uncorrectable
SUPP-NEG-V1-001,secded_double_bit,S3,stage1_word_pos0,13+71,codeword_bits,,0,1,0,0,detected_uncorrectable
SUPP-NEG-V1-001,secded_double_bit,S3,stage1_word_pos0,13+72,codeword_bits,,0,1,0,0,detected_uncorrectable
SUPP-NEG-V1-001,secded_double_bit,S3,stage1_word_pos0,13+73,codeword_bits,,0,1,0,0,detected_uncorrectable
SUPP-NEG-V1-001,secded_double_bit,S3,stage1_word_pos0,13+74,codeword_bits,,0,1,0,0,detected_uncorrectable
SUPP-NEG-V1-001,secded_double_bit,S3,stage1_word_pos0,13+75,codeword_bits,,0,1,0,0,detected_uncorrectable
SUPP-NEG-V1-001,secded_double_bit,S3,stage1_word_pos0,13+76,codeword_bits,,0,1,0,0,detected_uncorrectable
SUPP-NEG-V1-001,secded_double_bit,S3,stage1_word_pos0,13+77,codeword_bits,,0,1,0,0,detected_uncorrectable
SUPP-NEG-V1-001,secded_double_bit,S3,stage1_word_pos0,14+15,codeword_bits,,0,1,0,0,detected_uncorrectable
SUPP-NEG-V1-001,secded_double_bit,S3,stage1_word_pos0,14+16,codeword_bits,,0,1,0,0,detected_uncorrectable
SUPP-NEG-V1-001,secded_double_bit,S3,stage1_word_pos0,14+17,codeword_bits,,0,1,0,0,detected_uncorrectable
SUPP-NEG-V1-001,secded_double_bit,S3,stage1_word_pos0,14+18,codeword_bits,,0,1,0,0,detected_uncorrectable
SUPP-NEG-V1-001,secded_double_bit,S3,stage1_word_pos0,14+19,codeword_bits,,0,1,0,0,detected_uncorrectable
SUPP-NEG-V1-001,secded_double_bit,S3,stage1_word_pos0,14+20,codeword_bits,,0,1,0,0,detected_uncorrectable
SUPP-NEG-V1-001,secded_double_bit,S3,stage1_word_pos0,14+21,codeword_bits,,0,1,0,0,detected_uncorrectable
SUPP-NEG-V1-001,secded_double_bit,S3,stage1_word_pos0,14+22,codeword_bits,,0,1,0,0,detected_uncorrectable
SUPP-NEG-V1-001,secded_double_bit,S3,stage1_word_pos0,14+23,codeword_bits,,0,1,0,0,detected_uncorrectable
SUPP-NEG-V1-001,secded_double_bit,S3,stage1_word_pos0,14+24,codeword_bits,,0,1,0,0,detected_uncorrectable
SUPP-NEG-V1-001,secded_double_bit,S3,stage1_word_pos0,14+25,codeword_bits,,0,1,0,0,detected_uncorrectable
SUPP-NEG-V1-001,secded_double_bit,S3,stage1_word_pos0,14+26,codeword_bits,,0,1,0,0,detected_uncorrectable
SUPP-NEG-V1-001,secded_double_bit,S3,stage1_word_pos0,14+27,codeword_bits,,0,1,0,0,detected_uncorrectable
SUPP-NEG-V1-001,secded_double_bit,S3,stage1_word_pos0,14+28,codeword_bits,,0,1,0,0,detected_uncorrectable
SUPP-NEG-V1-001,secded_double_bit,S3,stage1_word_pos0,14+29,codeword_bits,,0,1,0,0,detected_uncorrectable
SUPP-NEG-V1-001,secded_double_bit,S3,stage1_word_pos0,14+30,codeword_bits,,0,1,0,0,detected_uncorrectable
SUPP-NEG-V1-001,secded_double_bit,S3,stage1_word_pos0,14+31,codeword_bits,,0,1,0,0,detected_uncorrectable
SUPP-NEG-V1-001,secded_double_bit,S3,stage1_word_pos0,14+32,codeword_bits,,0,1,0,0,detected_uncorrectable
SUPP-NEG-V1-001,secded_double_bit,S3,stage1_word_pos0,14+33,codeword_bits,,0,1,0,0,detected_uncorrectable
SUPP-NEG-V1-001,secded_double_bit,S3,stage1_word_pos0,14+34,codeword_bits,,0,1,0,0,detected_uncorrectable
SUPP-NEG-V1-001,secded_double_bit,S3,stage1_word_pos0,14+35,codeword_bits,,0,1,0,0,detected_uncorrectable
SUPP-NEG-V1-001,secded_double_bit,S3,stage1_word_pos0,14+36,codeword_bits,,0,1,0,0,detected_uncorrectable
SUPP-NEG-V1-001,secded_double_bit,S3,stage1_word_pos0,14+37,codeword_bits,,0,1,0,0,detected_uncorrectable
SUPP-NEG-V1-001,secded_double_bit,S3,stage1_word_pos0,14+38,codeword_bits,,0,1,0,0,detected_uncorrectable
SUPP-NEG-V1-001,secded_double_bit,S3,stage1_word_pos0,14+39,codeword_bits,,0,1,0,0,detected_uncorrectable
SUPP-NEG-V1-001,secded_double_bit,S3,stage1_word_pos0,14+40,codeword_bits,,0,1,0,0,detected_uncorrectable
SUPP-NEG-V1-001,secded_double_bit,S3,stage1_word_pos0,14+41,codeword_bits,,0,1,0,0,detected_uncorrectable
SUPP-NEG-V1-001,secded_double_bit,S3,stage1_word_pos0,14+42,codeword_bits,,0,1,0,0,detected_uncorrectable
SUPP-NEG-V1-001,secded_double_bit,S3,stage1_word_pos0,14+43,codeword_bits,,0,1,0,0,detected_uncorrectable
SUPP-NEG-V1-001,secded_double_bit,S3,stage1_word_pos0,14+44,codeword_bits,,0,1,0,0,detected_uncorrectable
SUPP-NEG-V1-001,secded_double_bit,S3,stage1_word_pos0,14+45,codeword_bits,,0,1,0,0,detected_uncorrectable
SUPP-NEG-V1-001,secded_double_bit,S3,stage1_word_pos0,14+46,codeword_bits,,0,1,0,0,detected_uncorrectable
SUPP-NEG-V1-001,secded_double_bit,S3,stage1_word_pos0,14+47,codeword_bits,,0,1,0,0,detected_uncorrectable
SUPP-NEG-V1-001,secded_double_bit,S3,stage1_word_pos0,14+48,codeword_bits,,0,1,0,0,detected_uncorrectable
SUPP-NEG-V1-001,secded_double_bit,S3,stage1_word_pos0,14+49,codeword_bits,,0,1,0,0,detected_uncorrectable
SUPP-NEG-V1-001,secded_double_bit,S3,stage1_word_pos0,14+50,codeword_bits,,0,1,0,0,detected_uncorrectable
SUPP-NEG-V1-001,secded_double_bit,S3,stage1_word_pos0,14+51,codeword_bits,,0,1,0,0,detected_uncorrectable
SUPP-NEG-V1-001,secded_double_bit,S3,stage1_word_pos0,14+52,codeword_bits,,0,1,0,0,detected_uncorrectable
SUPP-NEG-V1-001,secded_double_bit,S3,stage1_word_pos0,14+53,codeword_bits,,0,1,0,0,detected_uncorrectable
SUPP-NEG-V1-001,secded_double_bit,S3,stage1_word_pos0,14+54,codeword_bits,,0,1,0,0,detected_uncorrectable
SUPP-NEG-V1-001,secded_double_bit,S3,stage1_word_pos0,14+55,codeword_bits,,0,1,0,0,detected_uncorrectable
SUPP-NEG-V1-001,secded_double_bit,S3,stage1_word_pos0,14+56,codeword_bits,,0,1,0,0,detected_uncorrectable
SUPP-NEG-V1-001,secded_double_bit,S3,stage1_word_pos0,14+57,codeword_bits,,0,1,0,0,detected_uncorrectable
SUPP-NEG-V1-001,secded_double_bit,S3,stage1_word_pos0,14+58,codeword_bits,,0,1,0,0,detected_uncorrectable
SUPP-NEG-V1-001,secded_double_bit,S3,stage1_word_pos0,14+59,codeword_bits,,0,1,0,0,detected_uncorrectable
SUPP-NEG-V1-001,secded_double_bit,S3,stage1_word_pos0,14+60,codeword_bits,,0,1,0,0,detected_uncorrectable
SUPP-NEG-V1-001,secded_double_bit,S3,stage1_word_pos0,14+61,codeword_bits,,0,1,0,0,detected_uncorrectable
SUPP-NEG-V1-001,secded_double_bit,S3,stage1_word_pos0,14+62,codeword_bits,,0,1,0,0,detected_uncorrectable
SUPP-NEG-V1-001,secded_double_bit,S3,stage1_word_pos0,14+63,codeword_bits,,0,1,0,0,detected_uncorrectable
SUPP-NEG-V1-001,secded_double_bit,S3,stage1_word_pos0,14+64,codeword_bits,,0,1,0,0,detected_uncorrectable
SUPP-NEG-V1-001,secded_double_bit,S3,stage1_word_pos0,14+65,codeword_bits,,0,1,0,0,detected_uncorrectable
SUPP-NEG-V1-001,secded_double_bit,S3,stage1_word_pos0,14+66,codeword_bits,,0,1,0,0,detected_uncorrectable
SUPP-NEG-V1-001,secded_double_bit,S3,stage1_word_pos0,14+67,codeword_bits,,0,1,0,0,detected_uncorrectable
SUPP-NEG-V1-001,secded_double_bit,S3,stage1_word_pos0,14+68,codeword_bits,,0,1,0,0,detected_uncorrectable
SUPP-NEG-V1-001,secded_double_bit,S3,stage1_word_pos0,14+69,codeword_bits,,0,1,0,0,detected_uncorrectable
SUPP-NEG-V1-001,secded_double_bit,S3,stage1_word_pos0,14+70,codeword_bits,,0,1,0,0,detected_uncorrectable
SUPP-NEG-V1-001,secded_double_bit,S3,stage1_word_pos0,14+71,codeword_bits,,0,1,0,0,detected_uncorrectable
SUPP-NEG-V1-001,secded_double_bit,S3,stage1_word_pos0,14+72,codeword_bits,,0,1,0,0,detected_uncorrectable
SUPP-NEG-V1-001,secded_double_bit,S3,stage1_word_pos0,14+73,codeword_bits,,0,1,0,0,detected_uncorrectable
SUPP-NEG-V1-001,secded_double_bit,S3,stage1_word_pos0,14+74,codeword_bits,,0,1,0,0,detected_uncorrectable
SUPP-NEG-V1-001,secded_double_bit,S3,stage1_word_pos0,14+75,codeword_bits,,0,1,0,0,detected_uncorrectable
SUPP-NEG-V1-001,secded_double_bit,S3,stage1_word_pos0,14+76,codeword_bits,,0,1,0,0,detected_uncorrectable
SUPP-NEG-V1-001,secded_double_bit,S3,stage1_word_pos0,14+77,codeword_bits,,0,1,0,0,detected_uncorrectable
SUPP-NEG-V1-001,secded_double_bit,S3,stage1_word_pos0,15+16,codeword_bits,,0,1,0,0,detected_uncorrectable
SUPP-NEG-V1-001,secded_double_bit,S3,stage1_word_pos0,15+17,codeword_bits,,0,1,0,0,detected_uncorrectable
SUPP-NEG-V1-001,secded_double_bit,S3,stage1_word_pos0,15+18,codeword_bits,,0,1,0,0,detected_uncorrectable
SUPP-NEG-V1-001,secded_double_bit,S3,stage1_word_pos0,15+19,codeword_bits,,0,1,0,0,detected_uncorrectable
SUPP-NEG-V1-001,secded_double_bit,S3,stage1_word_pos0,15+20,codeword_bits,,0,1,0,0,detected_uncorrectable
SUPP-NEG-V1-001,secded_double_bit,S3,stage1_word_pos0,15+21,codeword_bits,,0,1,0,0,detected_uncorrectable
SUPP-NEG-V1-001,secded_double_bit,S3,stage1_word_pos0,15+22,codeword_bits,,0,1,0,0,detected_uncorrectable
SUPP-NEG-V1-001,secded_double_bit,S3,stage1_word_pos0,15+23,codeword_bits,,0,1,0,0,detected_uncorrectable
SUPP-NEG-V1-001,secded_double_bit,S3,stage1_word_pos0,15+24,codeword_bits,,0,1,0,0,detected_uncorrectable
SUPP-NEG-V1-001,secded_double_bit,S3,stage1_word_pos0,15+25,codeword_bits,,0,1,0,0,detected_uncorrectable
SUPP-NEG-V1-001,secded_double_bit,S3,stage1_word_pos0,15+26,codeword_bits,,0,1,0,0,detected_uncorrectable
SUPP-NEG-V1-001,secded_double_bit,S3,stage1_word_pos0,15+27,codeword_bits,,0,1,0,0,detected_uncorrectable
SUPP-NEG-V1-001,secded_double_bit,S3,stage1_word_pos0,15+28,codeword_bits,,0,1,0,0,detected_uncorrectable
SUPP-NEG-V1-001,secded_double_bit,S3,stage1_word_pos0,15+29,codeword_bits,,0,1,0,0,detected_uncorrectable
SUPP-NEG-V1-001,secded_double_bit,S3,stage1_word_pos0,15+30,codeword_bits,,0,1,0,0,detected_uncorrectable
SUPP-NEG-V1-001,secded_double_bit,S3,stage1_word_pos0,15+31,codeword_bits,,0,1,0,1,detected_uncorrectable
SUPP-NEG-V1-001,secded_double_bit,S3,stage1_word_pos0,15+32,codeword_bits,,0,1,0,0,detected_uncorrectable
SUPP-NEG-V1-001,secded_double_bit,S3,stage1_word_pos0,15+33,codeword_bits,,0,1,0,0,detected_uncorrectable
SUPP-NEG-V1-001,secded_double_bit,S3,stage1_word_pos0,15+34,codeword_bits,,0,1,0,0,detected_uncorrectable
SUPP-NEG-V1-001,secded_double_bit,S3,stage1_word_pos0,15+35,codeword_bits,,0,1,0,0,detected_uncorrectable
SUPP-NEG-V1-001,secded_double_bit,S3,stage1_word_pos0,15+36,codeword_bits,,0,1,0,0,detected_uncorrectable
SUPP-NEG-V1-001,secded_double_bit,S3,stage1_word_pos0,15+37,codeword_bits,,0,1,0,0,detected_uncorrectable
SUPP-NEG-V1-001,secded_double_bit,S3,stage1_word_pos0,15+38,codeword_bits,,0,1,0,0,detected_uncorrectable
SUPP-NEG-V1-001,secded_double_bit,S3,stage1_word_pos0,15+39,codeword_bits,,0,1,0,0,detected_uncorrectable
SUPP-NEG-V1-001,secded_double_bit,S3,stage1_word_pos0,15+40,codeword_bits,,0,1,0,0,detected_uncorrectable
SUPP-NEG-V1-001,secded_double_bit,S3,stage1_word_pos0,15+41,codeword_bits,,0,1,0,0,detected_uncorrectable
SUPP-NEG-V1-001,secded_double_bit,S3,stage1_word_pos0,15+42,codeword_bits,,0,1,0,0,detected_uncorrectable
SUPP-NEG-V1-001,secded_double_bit,S3,stage1_word_pos0,15+43,codeword_bits,,0,1,0,0,detected_uncorrectable
SUPP-NEG-V1-001,secded_double_bit,S3,stage1_word_pos0,15+44,codeword_bits,,0,1,0,0,detected_uncorrectable
SUPP-NEG-V1-001,secded_double_bit,S3,stage1_word_pos0,15+45,codeword_bits,,0,1,0,0,detected_uncorrectable
SUPP-NEG-V1-001,secded_double_bit,S3,stage1_word_pos0,15+46,codeword_bits,,0,1,0,0,detected_uncorrectable
SUPP-NEG-V1-001,secded_double_bit,S3,stage1_word_pos0,15+47,codeword_bits,,0,1,0,0,detected_uncorrectable
SUPP-NEG-V1-001,secded_double_bit,S3,stage1_word_pos0,15+48,codeword_bits,,0,1,0,0,detected_uncorrectable
SUPP-NEG-V1-001,secded_double_bit,S3,stage1_word_pos0,15+49,codeword_bits,,0,1,0,0,detected_uncorrectable
SUPP-NEG-V1-001,secded_double_bit,S3,stage1_word_pos0,15+50,codeword_bits,,0,1,0,0,detected_uncorrectable
SUPP-NEG-V1-001,secded_double_bit,S3,stage1_word_pos0,15+51,codeword_bits,,0,1,0,0,detected_uncorrectable
SUPP-NEG-V1-001,secded_double_bit,S3,stage1_word_pos0,15+52,codeword_bits,,0,1,0,0,detected_uncorrectable
SUPP-NEG-V1-001,secded_double_bit,S3,stage1_word_pos0,15+53,codeword_bits,,0,1,0,0,detected_uncorrectable
SUPP-NEG-V1-001,secded_double_bit,S3,stage1_word_pos0,15+54,codeword_bits,,0,1,0,0,detected_uncorrectable
SUPP-NEG-V1-001,secded_double_bit,S3,stage1_word_pos0,15+55,codeword_bits,,0,1,0,0,detected_uncorrectable
SUPP-NEG-V1-001,secded_double_bit,S3,stage1_word_pos0,15+56,codeword_bits,,0,1,0,0,detected_uncorrectable
SUPP-NEG-V1-001,secded_double_bit,S3,stage1_word_pos0,15+57,codeword_bits,,0,1,0,0,detected_uncorrectable
SUPP-NEG-V1-001,secded_double_bit,S3,stage1_word_pos0,15+58,codeword_bits,,0,1,0,0,detected_uncorrectable
SUPP-NEG-V1-001,secded_double_bit,S3,stage1_word_pos0,15+59,codeword_bits,,0,1,0,0,detected_uncorrectable
SUPP-NEG-V1-001,secded_double_bit,S3,stage1_word_pos0,15+60,codeword_bits,,0,1,0,0,detected_uncorrectable
SUPP-NEG-V1-001,secded_double_bit,S3,stage1_word_pos0,15+61,codeword_bits,,0,1,0,0,detected_uncorrectable
SUPP-NEG-V1-001,secded_double_bit,S3,stage1_word_pos0,15+62,codeword_bits,,0,1,0,0,detected_uncorrectable
SUPP-NEG-V1-001,secded_double_bit,S3,stage1_word_pos0,15+63,codeword_bits,,0,1,0,1,detected_uncorrectable
SUPP-NEG-V1-001,secded_double_bit,S3,stage1_word_pos0,15+64,codeword_bits,,0,1,0,0,detected_uncorrectable
SUPP-NEG-V1-001,secded_double_bit,S3,stage1_word_pos0,15+65,codeword_bits,,0,1,0,0,detected_uncorrectable
SUPP-NEG-V1-001,secded_double_bit,S3,stage1_word_pos0,15+66,codeword_bits,,0,1,0,0,detected_uncorrectable
SUPP-NEG-V1-001,secded_double_bit,S3,stage1_word_pos0,15+67,codeword_bits,,0,1,0,0,detected_uncorrectable
SUPP-NEG-V1-001,secded_double_bit,S3,stage1_word_pos0,15+68,codeword_bits,,0,1,0,0,detected_uncorrectable
SUPP-NEG-V1-001,secded_double_bit,S3,stage1_word_pos0,15+69,codeword_bits,,0,1,0,0,detected_uncorrectable
SUPP-NEG-V1-001,secded_double_bit,S3,stage1_word_pos0,15+70,codeword_bits,,0,1,0,0,detected_uncorrectable
SUPP-NEG-V1-001,secded_double_bit,S3,stage1_word_pos0,15+71,codeword_bits,,0,1,0,0,detected_uncorrectable
SUPP-NEG-V1-001,secded_double_bit,S3,stage1_word_pos0,15+72,codeword_bits,,0,1,0,0,detected_uncorrectable
SUPP-NEG-V1-001,secded_double_bit,S3,stage1_word_pos0,15+73,codeword_bits,,0,1,0,0,detected_uncorrectable
SUPP-NEG-V1-001,secded_double_bit,S3,stage1_word_pos0,15+74,codeword_bits,,0,1,0,0,detected_uncorrectable
SUPP-NEG-V1-001,secded_double_bit,S3,stage1_word_pos0,15+75,codeword_bits,,0,1,0,0,detected_uncorrectable
SUPP-NEG-V1-001,secded_double_bit,S3,stage1_word_pos0,15+76,codeword_bits,,0,1,0,0,detected_uncorrectable
SUPP-NEG-V1-001,secded_double_bit,S3,stage1_word_pos0,15+77,codeword_bits,,0,1,0,1,detected_uncorrectable
SUPP-NEG-V1-001,secded_double_bit,S3,stage1_word_pos0,16+17,codeword_bits,,0,1,0,0,detected_uncorrectable
SUPP-NEG-V1-001,secded_double_bit,S3,stage1_word_pos0,16+18,codeword_bits,,0,1,0,0,detected_uncorrectable
SUPP-NEG-V1-001,secded_double_bit,S3,stage1_word_pos0,16+19,codeword_bits,,0,1,0,0,detected_uncorrectable
SUPP-NEG-V1-001,secded_double_bit,S3,stage1_word_pos0,16+20,codeword_bits,,0,1,0,0,detected_uncorrectable
SUPP-NEG-V1-001,secded_double_bit,S3,stage1_word_pos0,16+21,codeword_bits,,0,1,0,0,detected_uncorrectable
SUPP-NEG-V1-001,secded_double_bit,S3,stage1_word_pos0,16+22,codeword_bits,,0,1,0,0,detected_uncorrectable
SUPP-NEG-V1-001,secded_double_bit,S3,stage1_word_pos0,16+23,codeword_bits,,0,1,0,0,detected_uncorrectable
SUPP-NEG-V1-001,secded_double_bit,S3,stage1_word_pos0,16+24,codeword_bits,,0,1,0,0,detected_uncorrectable
SUPP-NEG-V1-001,secded_double_bit,S3,stage1_word_pos0,16+25,codeword_bits,,0,1,0,0,detected_uncorrectable
SUPP-NEG-V1-001,secded_double_bit,S3,stage1_word_pos0,16+26,codeword_bits,,0,1,0,0,detected_uncorrectable
SUPP-NEG-V1-001,secded_double_bit,S3,stage1_word_pos0,16+27,codeword_bits,,0,1,0,0,detected_uncorrectable
SUPP-NEG-V1-001,secded_double_bit,S3,stage1_word_pos0,16+28,codeword_bits,,0,1,0,0,detected_uncorrectable
SUPP-NEG-V1-001,secded_double_bit,S3,stage1_word_pos0,16+29,codeword_bits,,0,1,0,0,detected_uncorrectable
SUPP-NEG-V1-001,secded_double_bit,S3,stage1_word_pos0,16+30,codeword_bits,,0,1,0,0,detected_uncorrectable
SUPP-NEG-V1-001,secded_double_bit,S3,stage1_word_pos0,16+31,codeword_bits,,0,1,0,0,detected_uncorrectable
SUPP-NEG-V1-001,secded_double_bit,S3,stage1_word_pos0,16+32,codeword_bits,,0,1,0,0,detected_uncorrectable
SUPP-NEG-V1-001,secded_double_bit,S3,stage1_word_pos0,16+33,codeword_bits,,0,1,0,0,detected_uncorrectable
SUPP-NEG-V1-001,secded_double_bit,S3,stage1_word_pos0,16+34,codeword_bits,,0,1,0,0,detected_uncorrectable
SUPP-NEG-V1-001,secded_double_bit,S3,stage1_word_pos0,16+35,codeword_bits,,0,1,0,0,detected_uncorrectable
SUPP-NEG-V1-001,secded_double_bit,S3,stage1_word_pos0,16+36,codeword_bits,,0,1,0,0,detected_uncorrectable
SUPP-NEG-V1-001,secded_double_bit,S3,stage1_word_pos0,16+37,codeword_bits,,0,1,0,0,detected_uncorrectable
SUPP-NEG-V1-001,secded_double_bit,S3,stage1_word_pos0,16+38,codeword_bits,,0,1,0,0,detected_uncorrectable
SUPP-NEG-V1-001,secded_double_bit,S3,stage1_word_pos0,16+39,codeword_bits,,0,1,0,0,detected_uncorrectable
SUPP-NEG-V1-001,secded_double_bit,S3,stage1_word_pos0,16+40,codeword_bits,,0,1,0,0,detected_uncorrectable
SUPP-NEG-V1-001,secded_double_bit,S3,stage1_word_pos0,16+41,codeword_bits,,0,1,0,0,detected_uncorrectable
SUPP-NEG-V1-001,secded_double_bit,S3,stage1_word_pos0,16+42,codeword_bits,,0,1,0,0,detected_uncorrectable
SUPP-NEG-V1-001,secded_double_bit,S3,stage1_word_pos0,16+43,codeword_bits,,0,1,0,0,detected_uncorrectable
SUPP-NEG-V1-001,secded_double_bit,S3,stage1_word_pos0,16+44,codeword_bits,,0,1,0,0,detected_uncorrectable
SUPP-NEG-V1-001,secded_double_bit,S3,stage1_word_pos0,16+45,codeword_bits,,0,1,0,0,detected_uncorrectable
SUPP-NEG-V1-001,secded_double_bit,S3,stage1_word_pos0,16+46,codeword_bits,,0,1,0,0,detected_uncorrectable
SUPP-NEG-V1-001,secded_double_bit,S3,stage1_word_pos0,16+47,codeword_bits,,0,1,0,0,detected_uncorrectable
SUPP-NEG-V1-001,secded_double_bit,S3,stage1_word_pos0,16+48,codeword_bits,,0,1,0,0,detected_uncorrectable
SUPP-NEG-V1-001,secded_double_bit,S3,stage1_word_pos0,16+49,codeword_bits,,0,1,0,0,detected_uncorrectable
SUPP-NEG-V1-001,secded_double_bit,S3,stage1_word_pos0,16+50,codeword_bits,,0,1,0,0,detected_uncorrectable
SUPP-NEG-V1-001,secded_double_bit,S3,stage1_word_pos0,16+51,codeword_bits,,0,1,0,0,detected_uncorrectable
SUPP-NEG-V1-001,secded_double_bit,S3,stage1_word_pos0,16+52,codeword_bits,,0,1,0,0,detected_uncorrectable
SUPP-NEG-V1-001,secded_double_bit,S3,stage1_word_pos0,16+53,codeword_bits,,0,1,0,0,detected_uncorrectable
SUPP-NEG-V1-001,secded_double_bit,S3,stage1_word_pos0,16+54,codeword_bits,,0,1,0,0,detected_uncorrectable
SUPP-NEG-V1-001,secded_double_bit,S3,stage1_word_pos0,16+55,codeword_bits,,0,1,0,0,detected_uncorrectable
SUPP-NEG-V1-001,secded_double_bit,S3,stage1_word_pos0,16+56,codeword_bits,,0,1,0,0,detected_uncorrectable
SUPP-NEG-V1-001,secded_double_bit,S3,stage1_word_pos0,16+57,codeword_bits,,0,1,0,0,detected_uncorrectable
SUPP-NEG-V1-001,secded_double_bit,S3,stage1_word_pos0,16+58,codeword_bits,,0,1,0,0,detected_uncorrectable
SUPP-NEG-V1-001,secded_double_bit,S3,stage1_word_pos0,16+59,codeword_bits,,0,1,0,0,detected_uncorrectable
SUPP-NEG-V1-001,secded_double_bit,S3,stage1_word_pos0,16+60,codeword_bits,,0,1,0,0,detected_uncorrectable
SUPP-NEG-V1-001,secded_double_bit,S3,stage1_word_pos0,16+61,codeword_bits,,0,1,0,0,detected_uncorrectable
SUPP-NEG-V1-001,secded_double_bit,S3,stage1_word_pos0,16+62,codeword_bits,,0,1,0,0,detected_uncorrectable
SUPP-NEG-V1-001,secded_double_bit,S3,stage1_word_pos0,16+63,codeword_bits,,0,1,0,0,detected_uncorrectable
SUPP-NEG-V1-001,secded_double_bit,S3,stage1_word_pos0,16+64,codeword_bits,,0,1,0,0,detected_uncorrectable
SUPP-NEG-V1-001,secded_double_bit,S3,stage1_word_pos0,16+65,codeword_bits,,0,1,0,0,detected_uncorrectable
SUPP-NEG-V1-001,secded_double_bit,S3,stage1_word_pos0,16+66,codeword_bits,,0,1,0,0,detected_uncorrectable
SUPP-NEG-V1-001,secded_double_bit,S3,stage1_word_pos0,16+67,codeword_bits,,0,1,0,0,detected_uncorrectable
SUPP-NEG-V1-001,secded_double_bit,S3,stage1_word_pos0,16+68,codeword_bits,,0,1,0,0,detected_uncorrectable
SUPP-NEG-V1-001,secded_double_bit,S3,stage1_word_pos0,16+69,codeword_bits,,0,1,0,0,detected_uncorrectable
SUPP-NEG-V1-001,secded_double_bit,S3,stage1_word_pos0,16+70,codeword_bits,,0,1,0,0,detected_uncorrectable
SUPP-NEG-V1-001,secded_double_bit,S3,stage1_word_pos0,16+71,codeword_bits,,0,1,0,0,detected_uncorrectable
SUPP-NEG-V1-001,secded_double_bit,S3,stage1_word_pos0,16+72,codeword_bits,,0,1,0,0,detected_uncorrectable
SUPP-NEG-V1-001,secded_double_bit,S3,stage1_word_pos0,16+73,codeword_bits,,0,1,0,0,detected_uncorrectable
SUPP-NEG-V1-001,secded_double_bit,S3,stage1_word_pos0,16+74,codeword_bits,,0,1,0,0,detected_uncorrectable
SUPP-NEG-V1-001,secded_double_bit,S3,stage1_word_pos0,16+75,codeword_bits,,0,1,0,0,detected_uncorrectable
SUPP-NEG-V1-001,secded_double_bit,S3,stage1_word_pos0,16+76,codeword_bits,,0,1,0,0,detected_uncorrectable
SUPP-NEG-V1-001,secded_double_bit,S3,stage1_word_pos0,16+77,codeword_bits,,0,1,0,0,detected_uncorrectable
SUPP-NEG-V1-001,secded_double_bit,S3,stage1_word_pos0,17+18,codeword_bits,,0,1,0,0,detected_uncorrectable
SUPP-NEG-V1-001,secded_double_bit,S3,stage1_word_pos0,17+19,codeword_bits,,0,1,0,0,detected_uncorrectable
SUPP-NEG-V1-001,secded_double_bit,S3,stage1_word_pos0,17+20,codeword_bits,,0,1,0,0,detected_uncorrectable
SUPP-NEG-V1-001,secded_double_bit,S3,stage1_word_pos0,17+21,codeword_bits,,0,1,0,0,detected_uncorrectable
SUPP-NEG-V1-001,secded_double_bit,S3,stage1_word_pos0,17+22,codeword_bits,,0,1,0,0,detected_uncorrectable
SUPP-NEG-V1-001,secded_double_bit,S3,stage1_word_pos0,17+23,codeword_bits,,0,1,0,0,detected_uncorrectable
SUPP-NEG-V1-001,secded_double_bit,S3,stage1_word_pos0,17+24,codeword_bits,,0,1,0,0,detected_uncorrectable
SUPP-NEG-V1-001,secded_double_bit,S3,stage1_word_pos0,17+25,codeword_bits,,0,1,0,0,detected_uncorrectable
SUPP-NEG-V1-001,secded_double_bit,S3,stage1_word_pos0,17+26,codeword_bits,,0,1,0,0,detected_uncorrectable
SUPP-NEG-V1-001,secded_double_bit,S3,stage1_word_pos0,17+27,codeword_bits,,0,1,0,0,detected_uncorrectable
SUPP-NEG-V1-001,secded_double_bit,S3,stage1_word_pos0,17+28,codeword_bits,,0,1,0,0,detected_uncorrectable
SUPP-NEG-V1-001,secded_double_bit,S3,stage1_word_pos0,17+29,codeword_bits,,0,1,0,0,detected_uncorrectable
SUPP-NEG-V1-001,secded_double_bit,S3,stage1_word_pos0,17+30,codeword_bits,,0,1,0,0,detected_uncorrectable
SUPP-NEG-V1-001,secded_double_bit,S3,stage1_word_pos0,17+31,codeword_bits,,0,1,0,0,detected_uncorrectable
SUPP-NEG-V1-001,secded_double_bit,S3,stage1_word_pos0,17+32,codeword_bits,,0,1,0,0,detected_uncorrectable
SUPP-NEG-V1-001,secded_double_bit,S3,stage1_word_pos0,17+33,codeword_bits,,0,1,0,0,detected_uncorrectable
SUPP-NEG-V1-001,secded_double_bit,S3,stage1_word_pos0,17+34,codeword_bits,,0,1,0,0,detected_uncorrectable
SUPP-NEG-V1-001,secded_double_bit,S3,stage1_word_pos0,17+35,codeword_bits,,0,1,0,0,detected_uncorrectable
SUPP-NEG-V1-001,secded_double_bit,S3,stage1_word_pos0,17+36,codeword_bits,,0,1,0,0,detected_uncorrectable
SUPP-NEG-V1-001,secded_double_bit,S3,stage1_word_pos0,17+37,codeword_bits,,0,1,0,0,detected_uncorrectable
SUPP-NEG-V1-001,secded_double_bit,S3,stage1_word_pos0,17+38,codeword_bits,,0,1,0,0,detected_uncorrectable
SUPP-NEG-V1-001,secded_double_bit,S3,stage1_word_pos0,17+39,codeword_bits,,0,1,0,0,detected_uncorrectable
SUPP-NEG-V1-001,secded_double_bit,S3,stage1_word_pos0,17+40,codeword_bits,,0,1,0,0,detected_uncorrectable
SUPP-NEG-V1-001,secded_double_bit,S3,stage1_word_pos0,17+41,codeword_bits,,0,1,0,0,detected_uncorrectable
SUPP-NEG-V1-001,secded_double_bit,S3,stage1_word_pos0,17+42,codeword_bits,,0,1,0,0,detected_uncorrectable
SUPP-NEG-V1-001,secded_double_bit,S3,stage1_word_pos0,17+43,codeword_bits,,0,1,0,0,detected_uncorrectable
SUPP-NEG-V1-001,secded_double_bit,S3,stage1_word_pos0,17+44,codeword_bits,,0,1,0,0,detected_uncorrectable
SUPP-NEG-V1-001,secded_double_bit,S3,stage1_word_pos0,17+45,codeword_bits,,0,1,0,0,detected_uncorrectable
SUPP-NEG-V1-001,secded_double_bit,S3,stage1_word_pos0,17+46,codeword_bits,,0,1,0,0,detected_uncorrectable
SUPP-NEG-V1-001,secded_double_bit,S3,stage1_word_pos0,17+47,codeword_bits,,0,1,0,0,detected_uncorrectable
SUPP-NEG-V1-001,secded_double_bit,S3,stage1_word_pos0,17+48,codeword_bits,,0,1,0,0,detected_uncorrectable
SUPP-NEG-V1-001,secded_double_bit,S3,stage1_word_pos0,17+49,codeword_bits,,0,1,0,0,detected_uncorrectable
SUPP-NEG-V1-001,secded_double_bit,S3,stage1_word_pos0,17+50,codeword_bits,,0,1,0,0,detected_uncorrectable
SUPP-NEG-V1-001,secded_double_bit,S3,stage1_word_pos0,17+51,codeword_bits,,0,1,0,0,detected_uncorrectable
SUPP-NEG-V1-001,secded_double_bit,S3,stage1_word_pos0,17+52,codeword_bits,,0,1,0,0,detected_uncorrectable
SUPP-NEG-V1-001,secded_double_bit,S3,stage1_word_pos0,17+53,codeword_bits,,0,1,0,0,detected_uncorrectable
SUPP-NEG-V1-001,secded_double_bit,S3,stage1_word_pos0,17+54,codeword_bits,,0,1,0,0,detected_uncorrectable
SUPP-NEG-V1-001,secded_double_bit,S3,stage1_word_pos0,17+55,codeword_bits,,0,1,0,0,detected_uncorrectable
SUPP-NEG-V1-001,secded_double_bit,S3,stage1_word_pos0,17+56,codeword_bits,,0,1,0,0,detected_uncorrectable
SUPP-NEG-V1-001,secded_double_bit,S3,stage1_word_pos0,17+57,codeword_bits,,0,1,0,0,detected_uncorrectable
SUPP-NEG-V1-001,secded_double_bit,S3,stage1_word_pos0,17+58,codeword_bits,,0,1,0,0,detected_uncorrectable
SUPP-NEG-V1-001,secded_double_bit,S3,stage1_word_pos0,17+59,codeword_bits,,0,1,0,0,detected_uncorrectable
SUPP-NEG-V1-001,secded_double_bit,S3,stage1_word_pos0,17+60,codeword_bits,,0,1,0,0,detected_uncorrectable
SUPP-NEG-V1-001,secded_double_bit,S3,stage1_word_pos0,17+61,codeword_bits,,0,1,0,0,detected_uncorrectable
SUPP-NEG-V1-001,secded_double_bit,S3,stage1_word_pos0,17+62,codeword_bits,,0,1,0,0,detected_uncorrectable
SUPP-NEG-V1-001,secded_double_bit,S3,stage1_word_pos0,17+63,codeword_bits,,0,1,0,0,detected_uncorrectable
SUPP-NEG-V1-001,secded_double_bit,S3,stage1_word_pos0,17+64,codeword_bits,,0,1,0,0,detected_uncorrectable
SUPP-NEG-V1-001,secded_double_bit,S3,stage1_word_pos0,17+65,codeword_bits,,0,1,0,0,detected_uncorrectable
SUPP-NEG-V1-001,secded_double_bit,S3,stage1_word_pos0,17+66,codeword_bits,,0,1,0,0,detected_uncorrectable
SUPP-NEG-V1-001,secded_double_bit,S3,stage1_word_pos0,17+67,codeword_bits,,0,1,0,0,detected_uncorrectable
SUPP-NEG-V1-001,secded_double_bit,S3,stage1_word_pos0,17+68,codeword_bits,,0,1,0,0,detected_uncorrectable
SUPP-NEG-V1-001,secded_double_bit,S3,stage1_word_pos0,17+69,codeword_bits,,0,1,0,0,detected_uncorrectable
SUPP-NEG-V1-001,secded_double_bit,S3,stage1_word_pos0,17+70,codeword_bits,,0,1,0,0,detected_uncorrectable
SUPP-NEG-V1-001,secded_double_bit,S3,stage1_word_pos0,17+71,codeword_bits,,0,1,0,0,detected_uncorrectable
SUPP-NEG-V1-001,secded_double_bit,S3,stage1_word_pos0,17+72,codeword_bits,,0,1,0,0,detected_uncorrectable
SUPP-NEG-V1-001,secded_double_bit,S3,stage1_word_pos0,17+73,codeword_bits,,0,1,0,0,detected_uncorrectable
SUPP-NEG-V1-001,secded_double_bit,S3,stage1_word_pos0,17+74,codeword_bits,,0,1,0,0,detected_uncorrectable
SUPP-NEG-V1-001,secded_double_bit,S3,stage1_word_pos0,17+75,codeword_bits,,0,1,0,0,detected_uncorrectable
SUPP-NEG-V1-001,secded_double_bit,S3,stage1_word_pos0,17+76,codeword_bits,,0,1,0,0,detected_uncorrectable
SUPP-NEG-V1-001,secded_double_bit,S3,stage1_word_pos0,17+77,codeword_bits,,0,1,0,0,detected_uncorrectable
SUPP-NEG-V1-001,secded_double_bit,S3,stage1_word_pos0,18+19,codeword_bits,,0,1,0,0,detected_uncorrectable
SUPP-NEG-V1-001,secded_double_bit,S3,stage1_word_pos0,18+20,codeword_bits,,0,1,0,0,detected_uncorrectable
SUPP-NEG-V1-001,secded_double_bit,S3,stage1_word_pos0,18+21,codeword_bits,,0,1,0,0,detected_uncorrectable
SUPP-NEG-V1-001,secded_double_bit,S3,stage1_word_pos0,18+22,codeword_bits,,0,1,0,0,detected_uncorrectable
SUPP-NEG-V1-001,secded_double_bit,S3,stage1_word_pos0,18+23,codeword_bits,,0,1,0,0,detected_uncorrectable
SUPP-NEG-V1-001,secded_double_bit,S3,stage1_word_pos0,18+24,codeword_bits,,0,1,0,0,detected_uncorrectable
SUPP-NEG-V1-001,secded_double_bit,S3,stage1_word_pos0,18+25,codeword_bits,,0,1,0,0,detected_uncorrectable
SUPP-NEG-V1-001,secded_double_bit,S3,stage1_word_pos0,18+26,codeword_bits,,0,1,0,0,detected_uncorrectable
SUPP-NEG-V1-001,secded_double_bit,S3,stage1_word_pos0,18+27,codeword_bits,,0,1,0,0,detected_uncorrectable
SUPP-NEG-V1-001,secded_double_bit,S3,stage1_word_pos0,18+28,codeword_bits,,0,1,0,0,detected_uncorrectable
SUPP-NEG-V1-001,secded_double_bit,S3,stage1_word_pos0,18+29,codeword_bits,,0,1,0,0,detected_uncorrectable
SUPP-NEG-V1-001,secded_double_bit,S3,stage1_word_pos0,18+30,codeword_bits,,0,1,0,0,detected_uncorrectable
SUPP-NEG-V1-001,secded_double_bit,S3,stage1_word_pos0,18+31,codeword_bits,,0,1,0,0,detected_uncorrectable
SUPP-NEG-V1-001,secded_double_bit,S3,stage1_word_pos0,18+32,codeword_bits,,0,1,0,0,detected_uncorrectable
SUPP-NEG-V1-001,secded_double_bit,S3,stage1_word_pos0,18+33,codeword_bits,,0,1,0,0,detected_uncorrectable
SUPP-NEG-V1-001,secded_double_bit,S3,stage1_word_pos0,18+34,codeword_bits,,0,1,0,0,detected_uncorrectable
SUPP-NEG-V1-001,secded_double_bit,S3,stage1_word_pos0,18+35,codeword_bits,,0,1,0,0,detected_uncorrectable
SUPP-NEG-V1-001,secded_double_bit,S3,stage1_word_pos0,18+36,codeword_bits,,0,1,0,0,detected_uncorrectable
SUPP-NEG-V1-001,secded_double_bit,S3,stage1_word_pos0,18+37,codeword_bits,,0,1,0,0,detected_uncorrectable
SUPP-NEG-V1-001,secded_double_bit,S3,stage1_word_pos0,18+38,codeword_bits,,0,1,0,0,detected_uncorrectable
SUPP-NEG-V1-001,secded_double_bit,S3,stage1_word_pos0,18+39,codeword_bits,,0,1,0,0,detected_uncorrectable
SUPP-NEG-V1-001,secded_double_bit,S3,stage1_word_pos0,18+40,codeword_bits,,0,1,0,0,detected_uncorrectable
SUPP-NEG-V1-001,secded_double_bit,S3,stage1_word_pos0,18+41,codeword_bits,,0,1,0,0,detected_uncorrectable
SUPP-NEG-V1-001,secded_double_bit,S3,stage1_word_pos0,18+42,codeword_bits,,0,1,0,0,detected_uncorrectable
SUPP-NEG-V1-001,secded_double_bit,S3,stage1_word_pos0,18+43,codeword_bits,,0,1,0,0,detected_uncorrectable
SUPP-NEG-V1-001,secded_double_bit,S3,stage1_word_pos0,18+44,codeword_bits,,0,1,0,0,detected_uncorrectable
SUPP-NEG-V1-001,secded_double_bit,S3,stage1_word_pos0,18+45,codeword_bits,,0,1,0,0,detected_uncorrectable
SUPP-NEG-V1-001,secded_double_bit,S3,stage1_word_pos0,18+46,codeword_bits,,0,1,0,0,detected_uncorrectable
SUPP-NEG-V1-001,secded_double_bit,S3,stage1_word_pos0,18+47,codeword_bits,,0,1,0,0,detected_uncorrectable
SUPP-NEG-V1-001,secded_double_bit,S3,stage1_word_pos0,18+48,codeword_bits,,0,1,0,0,detected_uncorrectable
SUPP-NEG-V1-001,secded_double_bit,S3,stage1_word_pos0,18+49,codeword_bits,,0,1,0,0,detected_uncorrectable
SUPP-NEG-V1-001,secded_double_bit,S3,stage1_word_pos0,18+50,codeword_bits,,0,1,0,0,detected_uncorrectable
SUPP-NEG-V1-001,secded_double_bit,S3,stage1_word_pos0,18+51,codeword_bits,,0,1,0,0,detected_uncorrectable
SUPP-NEG-V1-001,secded_double_bit,S3,stage1_word_pos0,18+52,codeword_bits,,0,1,0,0,detected_uncorrectable
SUPP-NEG-V1-001,secded_double_bit,S3,stage1_word_pos0,18+53,codeword_bits,,0,1,0,0,detected_uncorrectable
SUPP-NEG-V1-001,secded_double_bit,S3,stage1_word_pos0,18+54,codeword_bits,,0,1,0,0,detected_uncorrectable
SUPP-NEG-V1-001,secded_double_bit,S3,stage1_word_pos0,18+55,codeword_bits,,0,1,0,0,detected_uncorrectable
SUPP-NEG-V1-001,secded_double_bit,S3,stage1_word_pos0,18+56,codeword_bits,,0,1,0,0,detected_uncorrectable
SUPP-NEG-V1-001,secded_double_bit,S3,stage1_word_pos0,18+57,codeword_bits,,0,1,0,0,detected_uncorrectable
SUPP-NEG-V1-001,secded_double_bit,S3,stage1_word_pos0,18+58,codeword_bits,,0,1,0,0,detected_uncorrectable
SUPP-NEG-V1-001,secded_double_bit,S3,stage1_word_pos0,18+59,codeword_bits,,0,1,0,0,detected_uncorrectable
SUPP-NEG-V1-001,secded_double_bit,S3,stage1_word_pos0,18+60,codeword_bits,,0,1,0,0,detected_uncorrectable
SUPP-NEG-V1-001,secded_double_bit,S3,stage1_word_pos0,18+61,codeword_bits,,0,1,0,0,detected_uncorrectable
SUPP-NEG-V1-001,secded_double_bit,S3,stage1_word_pos0,18+62,codeword_bits,,0,1,0,0,detected_uncorrectable
SUPP-NEG-V1-001,secded_double_bit,S3,stage1_word_pos0,18+63,codeword_bits,,0,1,0,0,detected_uncorrectable
SUPP-NEG-V1-001,secded_double_bit,S3,stage1_word_pos0,18+64,codeword_bits,,0,1,0,0,detected_uncorrectable
SUPP-NEG-V1-001,secded_double_bit,S3,stage1_word_pos0,18+65,codeword_bits,,0,1,0,0,detected_uncorrectable
SUPP-NEG-V1-001,secded_double_bit,S3,stage1_word_pos0,18+66,codeword_bits,,0,1,0,0,detected_uncorrectable
SUPP-NEG-V1-001,secded_double_bit,S3,stage1_word_pos0,18+67,codeword_bits,,0,1,0,0,detected_uncorrectable
SUPP-NEG-V1-001,secded_double_bit,S3,stage1_word_pos0,18+68,codeword_bits,,0,1,0,0,detected_uncorrectable
SUPP-NEG-V1-001,secded_double_bit,S3,stage1_word_pos0,18+69,codeword_bits,,0,1,0,0,detected_uncorrectable
SUPP-NEG-V1-001,secded_double_bit,S3,stage1_word_pos0,18+70,codeword_bits,,0,1,0,0,detected_uncorrectable
SUPP-NEG-V1-001,secded_double_bit,S3,stage1_word_pos0,18+71,codeword_bits,,0,1,0,0,detected_uncorrectable
SUPP-NEG-V1-001,secded_double_bit,S3,stage1_word_pos0,18+72,codeword_bits,,0,1,0,0,detected_uncorrectable
SUPP-NEG-V1-001,secded_double_bit,S3,stage1_word_pos0,18+73,codeword_bits,,0,1,0,0,detected_uncorrectable
SUPP-NEG-V1-001,secded_double_bit,S3,stage1_word_pos0,18+74,codeword_bits,,0,1,0,0,detected_uncorrectable
SUPP-NEG-V1-001,secded_double_bit,S3,stage1_word_pos0,18+75,codeword_bits,,0,1,0,0,detected_uncorrectable
SUPP-NEG-V1-001,secded_double_bit,S3,stage1_word_pos0,18+76,codeword_bits,,0,1,0,0,detected_uncorrectable
SUPP-NEG-V1-001,secded_double_bit,S3,stage1_word_pos0,18+77,codeword_bits,,0,1,0,0,detected_uncorrectable
SUPP-NEG-V1-001,secded_double_bit,S3,stage1_word_pos0,19+20,codeword_bits,,0,1,0,0,detected_uncorrectable
SUPP-NEG-V1-001,secded_double_bit,S3,stage1_word_pos0,19+21,codeword_bits,,0,1,0,0,detected_uncorrectable
SUPP-NEG-V1-001,secded_double_bit,S3,stage1_word_pos0,19+22,codeword_bits,,0,1,0,0,detected_uncorrectable
SUPP-NEG-V1-001,secded_double_bit,S3,stage1_word_pos0,19+23,codeword_bits,,0,1,0,0,detected_uncorrectable
SUPP-NEG-V1-001,secded_double_bit,S3,stage1_word_pos0,19+24,codeword_bits,,0,1,0,0,detected_uncorrectable
SUPP-NEG-V1-001,secded_double_bit,S3,stage1_word_pos0,19+25,codeword_bits,,0,1,0,0,detected_uncorrectable
SUPP-NEG-V1-001,secded_double_bit,S3,stage1_word_pos0,19+26,codeword_bits,,0,1,0,0,detected_uncorrectable
SUPP-NEG-V1-001,secded_double_bit,S3,stage1_word_pos0,19+27,codeword_bits,,0,1,0,0,detected_uncorrectable
SUPP-NEG-V1-001,secded_double_bit,S3,stage1_word_pos0,19+28,codeword_bits,,0,1,0,0,detected_uncorrectable
SUPP-NEG-V1-001,secded_double_bit,S3,stage1_word_pos0,19+29,codeword_bits,,0,1,0,0,detected_uncorrectable
SUPP-NEG-V1-001,secded_double_bit,S3,stage1_word_pos0,19+30,codeword_bits,,0,1,0,0,detected_uncorrectable
SUPP-NEG-V1-001,secded_double_bit,S3,stage1_word_pos0,19+31,codeword_bits,,0,1,0,0,detected_uncorrectable
SUPP-NEG-V1-001,secded_double_bit,S3,stage1_word_pos0,19+32,codeword_bits,,0,1,0,0,detected_uncorrectable
SUPP-NEG-V1-001,secded_double_bit,S3,stage1_word_pos0,19+33,codeword_bits,,0,1,0,0,detected_uncorrectable
SUPP-NEG-V1-001,secded_double_bit,S3,stage1_word_pos0,19+34,codeword_bits,,0,1,0,0,detected_uncorrectable
SUPP-NEG-V1-001,secded_double_bit,S3,stage1_word_pos0,19+35,codeword_bits,,0,1,0,0,detected_uncorrectable
SUPP-NEG-V1-001,secded_double_bit,S3,stage1_word_pos0,19+36,codeword_bits,,0,1,0,0,detected_uncorrectable
SUPP-NEG-V1-001,secded_double_bit,S3,stage1_word_pos0,19+37,codeword_bits,,0,1,0,0,detected_uncorrectable
SUPP-NEG-V1-001,secded_double_bit,S3,stage1_word_pos0,19+38,codeword_bits,,0,1,0,0,detected_uncorrectable
SUPP-NEG-V1-001,secded_double_bit,S3,stage1_word_pos0,19+39,codeword_bits,,0,1,0,0,detected_uncorrectable
SUPP-NEG-V1-001,secded_double_bit,S3,stage1_word_pos0,19+40,codeword_bits,,0,1,0,0,detected_uncorrectable
SUPP-NEG-V1-001,secded_double_bit,S3,stage1_word_pos0,19+41,codeword_bits,,0,1,0,0,detected_uncorrectable
SUPP-NEG-V1-001,secded_double_bit,S3,stage1_word_pos0,19+42,codeword_bits,,0,1,0,0,detected_uncorrectable
SUPP-NEG-V1-001,secded_double_bit,S3,stage1_word_pos0,19+43,codeword_bits,,0,1,0,0,detected_uncorrectable
SUPP-NEG-V1-001,secded_double_bit,S3,stage1_word_pos0,19+44,codeword_bits,,0,1,0,0,detected_uncorrectable
SUPP-NEG-V1-001,secded_double_bit,S3,stage1_word_pos0,19+45,codeword_bits,,0,1,0,0,detected_uncorrectable
SUPP-NEG-V1-001,secded_double_bit,S3,stage1_word_pos0,19+46,codeword_bits,,0,1,0,0,detected_uncorrectable
SUPP-NEG-V1-001,secded_double_bit,S3,stage1_word_pos0,19+47,codeword_bits,,0,1,0,0,detected_uncorrectable
SUPP-NEG-V1-001,secded_double_bit,S3,stage1_word_pos0,19+48,codeword_bits,,0,1,0,0,detected_uncorrectable
SUPP-NEG-V1-001,secded_double_bit,S3,stage1_word_pos0,19+49,codeword_bits,,0,1,0,0,detected_uncorrectable
SUPP-NEG-V1-001,secded_double_bit,S3,stage1_word_pos0,19+50,codeword_bits,,0,1,0,0,detected_uncorrectable
SUPP-NEG-V1-001,secded_double_bit,S3,stage1_word_pos0,19+51,codeword_bits,,0,1,0,0,detected_uncorrectable
SUPP-NEG-V1-001,secded_double_bit,S3,stage1_word_pos0,19+52,codeword_bits,,0,1,0,0,detected_uncorrectable
SUPP-NEG-V1-001,secded_double_bit,S3,stage1_word_pos0,19+53,codeword_bits,,0,1,0,0,detected_uncorrectable
SUPP-NEG-V1-001,secded_double_bit,S3,stage1_word_pos0,19+54,codeword_bits,,0,1,0,0,detected_uncorrectable
SUPP-NEG-V1-001,secded_double_bit,S3,stage1_word_pos0,19+55,codeword_bits,,0,1,0,0,detected_uncorrectable
SUPP-NEG-V1-001,secded_double_bit,S3,stage1_word_pos0,19+56,codeword_bits,,0,1,0,0,detected_uncorrectable
SUPP-NEG-V1-001,secded_double_bit,S3,stage1_word_pos0,19+57,codeword_bits,,0,1,0,0,detected_uncorrectable
SUPP-NEG-V1-001,secded_double_bit,S3,stage1_word_pos0,19+58,codeword_bits,,0,1,0,0,detected_uncorrectable
SUPP-NEG-V1-001,secded_double_bit,S3,stage1_word_pos0,19+59,codeword_bits,,0,1,0,0,detected_uncorrectable
SUPP-NEG-V1-001,secded_double_bit,S3,stage1_word_pos0,19+60,codeword_bits,,0,1,0,0,detected_uncorrectable
SUPP-NEG-V1-001,secded_double_bit,S3,stage1_word_pos0,19+61,codeword_bits,,0,1,0,0,detected_uncorrectable
SUPP-NEG-V1-001,secded_double_bit,S3,stage1_word_pos0,19+62,codeword_bits,,0,1,0,0,detected_uncorrectable
SUPP-NEG-V1-001,secded_double_bit,S3,stage1_word_pos0,19+63,codeword_bits,,0,1,0,0,detected_uncorrectable
SUPP-NEG-V1-001,secded_double_bit,S3,stage1_word_pos0,19+64,codeword_bits,,0,1,0,0,detected_uncorrectable
SUPP-NEG-V1-001,secded_double_bit,S3,stage1_word_pos0,19+65,codeword_bits,,0,1,0,0,detected_uncorrectable
SUPP-NEG-V1-001,secded_double_bit,S3,stage1_word_pos0,19+66,codeword_bits,,0,1,0,0,detected_uncorrectable
SUPP-NEG-V1-001,secded_double_bit,S3,stage1_word_pos0,19+67,codeword_bits,,0,1,0,0,detected_uncorrectable
SUPP-NEG-V1-001,secded_double_bit,S3,stage1_word_pos0,19+68,codeword_bits,,0,1,0,0,detected_uncorrectable
SUPP-NEG-V1-001,secded_double_bit,S3,stage1_word_pos0,19+69,codeword_bits,,0,1,0,0,detected_uncorrectable
SUPP-NEG-V1-001,secded_double_bit,S3,stage1_word_pos0,19+70,codeword_bits,,0,1,0,0,detected_uncorrectable
SUPP-NEG-V1-001,secded_double_bit,S3,stage1_word_pos0,19+71,codeword_bits,,0,1,0,0,detected_uncorrectable
SUPP-NEG-V1-001,secded_double_bit,S3,stage1_word_pos0,19+72,codeword_bits,,0,1,0,0,detected_uncorrectable
SUPP-NEG-V1-001,secded_double_bit,S3,stage1_word_pos0,19+73,codeword_bits,,0,1,0,0,detected_uncorrectable
SUPP-NEG-V1-001,secded_double_bit,S3,stage1_word_pos0,19+74,codeword_bits,,0,1,0,0,detected_uncorrectable
SUPP-NEG-V1-001,secded_double_bit,S3,stage1_word_pos0,19+75,codeword_bits,,0,1,0,0,detected_uncorrectable
SUPP-NEG-V1-001,secded_double_bit,S3,stage1_word_pos0,19+76,codeword_bits,,0,1,0,0,detected_uncorrectable
SUPP-NEG-V1-001,secded_double_bit,S3,stage1_word_pos0,19+77,codeword_bits,,0,1,0,0,detected_uncorrectable
SUPP-NEG-V1-001,secded_double_bit,S3,stage1_word_pos0,20+21,codeword_bits,,0,1,0,0,detected_uncorrectable
SUPP-NEG-V1-001,secded_double_bit,S3,stage1_word_pos0,20+22,codeword_bits,,0,1,0,0,detected_uncorrectable
SUPP-NEG-V1-001,secded_double_bit,S3,stage1_word_pos0,20+23,codeword_bits,,0,1,0,0,detected_uncorrectable
SUPP-NEG-V1-001,secded_double_bit,S3,stage1_word_pos0,20+24,codeword_bits,,0,1,0,0,detected_uncorrectable
SUPP-NEG-V1-001,secded_double_bit,S3,stage1_word_pos0,20+25,codeword_bits,,0,1,0,0,detected_uncorrectable
SUPP-NEG-V1-001,secded_double_bit,S3,stage1_word_pos0,20+26,codeword_bits,,0,1,0,0,detected_uncorrectable
SUPP-NEG-V1-001,secded_double_bit,S3,stage1_word_pos0,20+27,codeword_bits,,0,1,0,0,detected_uncorrectable
SUPP-NEG-V1-001,secded_double_bit,S3,stage1_word_pos0,20+28,codeword_bits,,0,1,0,0,detected_uncorrectable
SUPP-NEG-V1-001,secded_double_bit,S3,stage1_word_pos0,20+29,codeword_bits,,0,1,0,0,detected_uncorrectable
SUPP-NEG-V1-001,secded_double_bit,S3,stage1_word_pos0,20+30,codeword_bits,,0,1,0,0,detected_uncorrectable
SUPP-NEG-V1-001,secded_double_bit,S3,stage1_word_pos0,20+31,codeword_bits,,0,1,0,0,detected_uncorrectable
SUPP-NEG-V1-001,secded_double_bit,S3,stage1_word_pos0,20+32,codeword_bits,,0,1,0,0,detected_uncorrectable
SUPP-NEG-V1-001,secded_double_bit,S3,stage1_word_pos0,20+33,codeword_bits,,0,1,0,0,detected_uncorrectable
SUPP-NEG-V1-001,secded_double_bit,S3,stage1_word_pos0,20+34,codeword_bits,,0,1,0,0,detected_uncorrectable
SUPP-NEG-V1-001,secded_double_bit,S3,stage1_word_pos0,20+35,codeword_bits,,0,1,0,0,detected_uncorrectable
SUPP-NEG-V1-001,secded_double_bit,S3,stage1_word_pos0,20+36,codeword_bits,,0,1,0,0,detected_uncorrectable
SUPP-NEG-V1-001,secded_double_bit,S3,stage1_word_pos0,20+37,codeword_bits,,0,1,0,0,detected_uncorrectable
SUPP-NEG-V1-001,secded_double_bit,S3,stage1_word_pos0,20+38,codeword_bits,,0,1,0,0,detected_uncorrectable
SUPP-NEG-V1-001,secded_double_bit,S3,stage1_word_pos0,20+39,codeword_bits,,0,1,0,0,detected_uncorrectable
SUPP-NEG-V1-001,secded_double_bit,S3,stage1_word_pos0,20+40,codeword_bits,,0,1,0,0,detected_uncorrectable
SUPP-NEG-V1-001,secded_double_bit,S3,stage1_word_pos0,20+41,codeword_bits,,0,1,0,0,detected_uncorrectable
SUPP-NEG-V1-001,secded_double_bit,S3,stage1_word_pos0,20+42,codeword_bits,,0,1,0,0,detected_uncorrectable
SUPP-NEG-V1-001,secded_double_bit,S3,stage1_word_pos0,20+43,codeword_bits,,0,1,0,0,detected_uncorrectable
SUPP-NEG-V1-001,secded_double_bit,S3,stage1_word_pos0,20+44,codeword_bits,,0,1,0,0,detected_uncorrectable
SUPP-NEG-V1-001,secded_double_bit,S3,stage1_word_pos0,20+45,codeword_bits,,0,1,0,0,detected_uncorrectable
SUPP-NEG-V1-001,secded_double_bit,S3,stage1_word_pos0,20+46,codeword_bits,,0,1,0,0,detected_uncorrectable
SUPP-NEG-V1-001,secded_double_bit,S3,stage1_word_pos0,20+47,codeword_bits,,0,1,0,0,detected_uncorrectable
SUPP-NEG-V1-001,secded_double_bit,S3,stage1_word_pos0,20+48,codeword_bits,,0,1,0,0,detected_uncorrectable
SUPP-NEG-V1-001,secded_double_bit,S3,stage1_word_pos0,20+49,codeword_bits,,0,1,0,0,detected_uncorrectable
SUPP-NEG-V1-001,secded_double_bit,S3,stage1_word_pos0,20+50,codeword_bits,,0,1,0,0,detected_uncorrectable
SUPP-NEG-V1-001,secded_double_bit,S3,stage1_word_pos0,20+51,codeword_bits,,0,1,0,0,detected_uncorrectable
SUPP-NEG-V1-001,secded_double_bit,S3,stage1_word_pos0,20+52,codeword_bits,,0,1,0,0,detected_uncorrectable
SUPP-NEG-V1-001,secded_double_bit,S3,stage1_word_pos0,20+53,codeword_bits,,0,1,0,0,detected_uncorrectable
SUPP-NEG-V1-001,secded_double_bit,S3,stage1_word_pos0,20+54,codeword_bits,,0,1,0,0,detected_uncorrectable
SUPP-NEG-V1-001,secded_double_bit,S3,stage1_word_pos0,20+55,codeword_bits,,0,1,0,0,detected_uncorrectable
SUPP-NEG-V1-001,secded_double_bit,S3,stage1_word_pos0,20+56,codeword_bits,,0,1,0,0,detected_uncorrectable
SUPP-NEG-V1-001,secded_double_bit,S3,stage1_word_pos0,20+57,codeword_bits,,0,1,0,0,detected_uncorrectable
SUPP-NEG-V1-001,secded_double_bit,S3,stage1_word_pos0,20+58,codeword_bits,,0,1,0,0,detected_uncorrectable
SUPP-NEG-V1-001,secded_double_bit,S3,stage1_word_pos0,20+59,codeword_bits,,0,1,0,0,detected_uncorrectable
SUPP-NEG-V1-001,secded_double_bit,S3,stage1_word_pos0,20+60,codeword_bits,,0,1,0,0,detected_uncorrectable
SUPP-NEG-V1-001,secded_double_bit,S3,stage1_word_pos0,20+61,codeword_bits,,0,1,0,0,detected_uncorrectable
SUPP-NEG-V1-001,secded_double_bit,S3,stage1_word_pos0,20+62,codeword_bits,,0,1,0,0,detected_uncorrectable
SUPP-NEG-V1-001,secded_double_bit,S3,stage1_word_pos0,20+63,codeword_bits,,0,1,0,0,detected_uncorrectable
SUPP-NEG-V1-001,secded_double_bit,S3,stage1_word_pos0,20+64,codeword_bits,,0,1,0,0,detected_uncorrectable
SUPP-NEG-V1-001,secded_double_bit,S3,stage1_word_pos0,20+65,codeword_bits,,0,1,0,0,detected_uncorrectable
SUPP-NEG-V1-001,secded_double_bit,S3,stage1_word_pos0,20+66,codeword_bits,,0,1,0,0,detected_uncorrectable
SUPP-NEG-V1-001,secded_double_bit,S3,stage1_word_pos0,20+67,codeword_bits,,0,1,0,0,detected_uncorrectable
SUPP-NEG-V1-001,secded_double_bit,S3,stage1_word_pos0,20+68,codeword_bits,,0,1,0,0,detected_uncorrectable
SUPP-NEG-V1-001,secded_double_bit,S3,stage1_word_pos0,20+69,codeword_bits,,0,1,0,0,detected_uncorrectable
SUPP-NEG-V1-001,secded_double_bit,S3,stage1_word_pos0,20+70,codeword_bits,,0,1,0,0,detected_uncorrectable
SUPP-NEG-V1-001,secded_double_bit,S3,stage1_word_pos0,20+71,codeword_bits,,0,1,0,0,detected_uncorrectable
SUPP-NEG-V1-001,secded_double_bit,S3,stage1_word_pos0,20+72,codeword_bits,,0,1,0,0,detected_uncorrectable
SUPP-NEG-V1-001,secded_double_bit,S3,stage1_word_pos0,20+73,codeword_bits,,0,1,0,0,detected_uncorrectable
SUPP-NEG-V1-001,secded_double_bit,S3,stage1_word_pos0,20+74,codeword_bits,,0,1,0,0,detected_uncorrectable
SUPP-NEG-V1-001,secded_double_bit,S3,stage1_word_pos0,20+75,codeword_bits,,0,1,0,0,detected_uncorrectable
SUPP-NEG-V1-001,secded_double_bit,S3,stage1_word_pos0,20+76,codeword_bits,,0,1,0,0,detected_uncorrectable
SUPP-NEG-V1-001,secded_double_bit,S3,stage1_word_pos0,20+77,codeword_bits,,0,1,0,0,detected_uncorrectable
SUPP-NEG-V1-001,secded_double_bit,S3,stage1_word_pos0,21+22,codeword_bits,,0,1,0,0,detected_uncorrectable
SUPP-NEG-V1-001,secded_double_bit,S3,stage1_word_pos0,21+23,codeword_bits,,0,1,0,0,detected_uncorrectable
SUPP-NEG-V1-001,secded_double_bit,S3,stage1_word_pos0,21+24,codeword_bits,,0,1,0,0,detected_uncorrectable
SUPP-NEG-V1-001,secded_double_bit,S3,stage1_word_pos0,21+25,codeword_bits,,0,1,0,0,detected_uncorrectable
SUPP-NEG-V1-001,secded_double_bit,S3,stage1_word_pos0,21+26,codeword_bits,,0,1,0,0,detected_uncorrectable
SUPP-NEG-V1-001,secded_double_bit,S3,stage1_word_pos0,21+27,codeword_bits,,0,1,0,0,detected_uncorrectable
SUPP-NEG-V1-001,secded_double_bit,S3,stage1_word_pos0,21+28,codeword_bits,,0,1,0,0,detected_uncorrectable
SUPP-NEG-V1-001,secded_double_bit,S3,stage1_word_pos0,21+29,codeword_bits,,0,1,0,0,detected_uncorrectable
SUPP-NEG-V1-001,secded_double_bit,S3,stage1_word_pos0,21+30,codeword_bits,,0,1,0,0,detected_uncorrectable
SUPP-NEG-V1-001,secded_double_bit,S3,stage1_word_pos0,21+31,codeword_bits,,0,1,0,0,detected_uncorrectable
SUPP-NEG-V1-001,secded_double_bit,S3,stage1_word_pos0,21+32,codeword_bits,,0,1,0,0,detected_uncorrectable
SUPP-NEG-V1-001,secded_double_bit,S3,stage1_word_pos0,21+33,codeword_bits,,0,1,0,0,detected_uncorrectable
SUPP-NEG-V1-001,secded_double_bit,S3,stage1_word_pos0,21+34,codeword_bits,,0,1,0,0,detected_uncorrectable
SUPP-NEG-V1-001,secded_double_bit,S3,stage1_word_pos0,21+35,codeword_bits,,0,1,0,0,detected_uncorrectable
SUPP-NEG-V1-001,secded_double_bit,S3,stage1_word_pos0,21+36,codeword_bits,,0,1,0,0,detected_uncorrectable
SUPP-NEG-V1-001,secded_double_bit,S3,stage1_word_pos0,21+37,codeword_bits,,0,1,0,0,detected_uncorrectable
SUPP-NEG-V1-001,secded_double_bit,S3,stage1_word_pos0,21+38,codeword_bits,,0,1,0,0,detected_uncorrectable
SUPP-NEG-V1-001,secded_double_bit,S3,stage1_word_pos0,21+39,codeword_bits,,0,1,0,0,detected_uncorrectable
SUPP-NEG-V1-001,secded_double_bit,S3,stage1_word_pos0,21+40,codeword_bits,,0,1,0,0,detected_uncorrectable
SUPP-NEG-V1-001,secded_double_bit,S3,stage1_word_pos0,21+41,codeword_bits,,0,1,0,0,detected_uncorrectable
SUPP-NEG-V1-001,secded_double_bit,S3,stage1_word_pos0,21+42,codeword_bits,,0,1,0,0,detected_uncorrectable
SUPP-NEG-V1-001,secded_double_bit,S3,stage1_word_pos0,21+43,codeword_bits,,0,1,0,0,detected_uncorrectable
SUPP-NEG-V1-001,secded_double_bit,S3,stage1_word_pos0,21+44,codeword_bits,,0,1,0,0,detected_uncorrectable
SUPP-NEG-V1-001,secded_double_bit,S3,stage1_word_pos0,21+45,codeword_bits,,0,1,0,0,detected_uncorrectable
SUPP-NEG-V1-001,secded_double_bit,S3,stage1_word_pos0,21+46,codeword_bits,,0,1,0,0,detected_uncorrectable
SUPP-NEG-V1-001,secded_double_bit,S3,stage1_word_pos0,21+47,codeword_bits,,0,1,0,0,detected_uncorrectable
SUPP-NEG-V1-001,secded_double_bit,S3,stage1_word_pos0,21+48,codeword_bits,,0,1,0,0,detected_uncorrectable
SUPP-NEG-V1-001,secded_double_bit,S3,stage1_word_pos0,21+49,codeword_bits,,0,1,0,0,detected_uncorrectable
SUPP-NEG-V1-001,secded_double_bit,S3,stage1_word_pos0,21+50,codeword_bits,,0,1,0,0,detected_uncorrectable
SUPP-NEG-V1-001,secded_double_bit,S3,stage1_word_pos0,21+51,codeword_bits,,0,1,0,0,detected_uncorrectable
SUPP-NEG-V1-001,secded_double_bit,S3,stage1_word_pos0,21+52,codeword_bits,,0,1,0,0,detected_uncorrectable
SUPP-NEG-V1-001,secded_double_bit,S3,stage1_word_pos0,21+53,codeword_bits,,0,1,0,0,detected_uncorrectable
SUPP-NEG-V1-001,secded_double_bit,S3,stage1_word_pos0,21+54,codeword_bits,,0,1,0,0,detected_uncorrectable
SUPP-NEG-V1-001,secded_double_bit,S3,stage1_word_pos0,21+55,codeword_bits,,0,1,0,0,detected_uncorrectable
SUPP-NEG-V1-001,secded_double_bit,S3,stage1_word_pos0,21+56,codeword_bits,,0,1,0,0,detected_uncorrectable
SUPP-NEG-V1-001,secded_double_bit,S3,stage1_word_pos0,21+57,codeword_bits,,0,1,0,0,detected_uncorrectable
SUPP-NEG-V1-001,secded_double_bit,S3,stage1_word_pos0,21+58,codeword_bits,,0,1,0,0,detected_uncorrectable
SUPP-NEG-V1-001,secded_double_bit,S3,stage1_word_pos0,21+59,codeword_bits,,0,1,0,0,detected_uncorrectable
SUPP-NEG-V1-001,secded_double_bit,S3,stage1_word_pos0,21+60,codeword_bits,,0,1,0,0,detected_uncorrectable
SUPP-NEG-V1-001,secded_double_bit,S3,stage1_word_pos0,21+61,codeword_bits,,0,1,0,0,detected_uncorrectable
SUPP-NEG-V1-001,secded_double_bit,S3,stage1_word_pos0,21+62,codeword_bits,,0,1,0,0,detected_uncorrectable
SUPP-NEG-V1-001,secded_double_bit,S3,stage1_word_pos0,21+63,codeword_bits,,0,1,0,0,detected_uncorrectable
SUPP-NEG-V1-001,secded_double_bit,S3,stage1_word_pos0,21+64,codeword_bits,,0,1,0,0,detected_uncorrectable
SUPP-NEG-V1-001,secded_double_bit,S3,stage1_word_pos0,21+65,codeword_bits,,0,1,0,0,detected_uncorrectable
SUPP-NEG-V1-001,secded_double_bit,S3,stage1_word_pos0,21+66,codeword_bits,,0,1,0,0,detected_uncorrectable
SUPP-NEG-V1-001,secded_double_bit,S3,stage1_word_pos0,21+67,codeword_bits,,0,1,0,0,detected_uncorrectable
SUPP-NEG-V1-001,secded_double_bit,S3,stage1_word_pos0,21+68,codeword_bits,,0,1,0,0,detected_uncorrectable
SUPP-NEG-V1-001,secded_double_bit,S3,stage1_word_pos0,21+69,codeword_bits,,0,1,0,0,detected_uncorrectable
SUPP-NEG-V1-001,secded_double_bit,S3,stage1_word_pos0,21+70,codeword_bits,,0,1,0,0,detected_uncorrectable
SUPP-NEG-V1-001,secded_double_bit,S3,stage1_word_pos0,21+71,codeword_bits,,0,1,0,0,detected_uncorrectable
SUPP-NEG-V1-001,secded_double_bit,S3,stage1_word_pos0,21+72,codeword_bits,,0,1,0,0,detected_uncorrectable
SUPP-NEG-V1-001,secded_double_bit,S3,stage1_word_pos0,21+73,codeword_bits,,0,1,0,0,detected_uncorrectable
SUPP-NEG-V1-001,secded_double_bit,S3,stage1_word_pos0,21+74,codeword_bits,,0,1,0,0,detected_uncorrectable
SUPP-NEG-V1-001,secded_double_bit,S3,stage1_word_pos0,21+75,codeword_bits,,0,1,0,0,detected_uncorrectable
SUPP-NEG-V1-001,secded_double_bit,S3,stage1_word_pos0,21+76,codeword_bits,,0,1,0,0,detected_uncorrectable
SUPP-NEG-V1-001,secded_double_bit,S3,stage1_word_pos0,21+77,codeword_bits,,0,1,0,0,detected_uncorrectable
SUPP-NEG-V1-001,secded_double_bit,S3,stage1_word_pos0,22+23,codeword_bits,,0,1,0,0,detected_uncorrectable
SUPP-NEG-V1-001,secded_double_bit,S3,stage1_word_pos0,22+24,codeword_bits,,0,1,0,0,detected_uncorrectable
SUPP-NEG-V1-001,secded_double_bit,S3,stage1_word_pos0,22+25,codeword_bits,,0,1,0,0,detected_uncorrectable
SUPP-NEG-V1-001,secded_double_bit,S3,stage1_word_pos0,22+26,codeword_bits,,0,1,0,0,detected_uncorrectable
SUPP-NEG-V1-001,secded_double_bit,S3,stage1_word_pos0,22+27,codeword_bits,,0,1,0,0,detected_uncorrectable
SUPP-NEG-V1-001,secded_double_bit,S3,stage1_word_pos0,22+28,codeword_bits,,0,1,0,0,detected_uncorrectable
SUPP-NEG-V1-001,secded_double_bit,S3,stage1_word_pos0,22+29,codeword_bits,,0,1,0,0,detected_uncorrectable
SUPP-NEG-V1-001,secded_double_bit,S3,stage1_word_pos0,22+30,codeword_bits,,0,1,0,0,detected_uncorrectable
SUPP-NEG-V1-001,secded_double_bit,S3,stage1_word_pos0,22+31,codeword_bits,,0,1,0,0,detected_uncorrectable
SUPP-NEG-V1-001,secded_double_bit,S3,stage1_word_pos0,22+32,codeword_bits,,0,1,0,0,detected_uncorrectable
SUPP-NEG-V1-001,secded_double_bit,S3,stage1_word_pos0,22+33,codeword_bits,,0,1,0,0,detected_uncorrectable
SUPP-NEG-V1-001,secded_double_bit,S3,stage1_word_pos0,22+34,codeword_bits,,0,1,0,0,detected_uncorrectable
SUPP-NEG-V1-001,secded_double_bit,S3,stage1_word_pos0,22+35,codeword_bits,,0,1,0,0,detected_uncorrectable
SUPP-NEG-V1-001,secded_double_bit,S3,stage1_word_pos0,22+36,codeword_bits,,0,1,0,0,detected_uncorrectable
SUPP-NEG-V1-001,secded_double_bit,S3,stage1_word_pos0,22+37,codeword_bits,,0,1,0,0,detected_uncorrectable
SUPP-NEG-V1-001,secded_double_bit,S3,stage1_word_pos0,22+38,codeword_bits,,0,1,0,0,detected_uncorrectable
SUPP-NEG-V1-001,secded_double_bit,S3,stage1_word_pos0,22+39,codeword_bits,,0,1,0,0,detected_uncorrectable
SUPP-NEG-V1-001,secded_double_bit,S3,stage1_word_pos0,22+40,codeword_bits,,0,1,0,0,detected_uncorrectable
SUPP-NEG-V1-001,secded_double_bit,S3,stage1_word_pos0,22+41,codeword_bits,,0,1,0,0,detected_uncorrectable
SUPP-NEG-V1-001,secded_double_bit,S3,stage1_word_pos0,22+42,codeword_bits,,0,1,0,0,detected_uncorrectable
SUPP-NEG-V1-001,secded_double_bit,S3,stage1_word_pos0,22+43,codeword_bits,,0,1,0,0,detected_uncorrectable
SUPP-NEG-V1-001,secded_double_bit,S3,stage1_word_pos0,22+44,codeword_bits,,0,1,0,0,detected_uncorrectable
SUPP-NEG-V1-001,secded_double_bit,S3,stage1_word_pos0,22+45,codeword_bits,,0,1,0,0,detected_uncorrectable
SUPP-NEG-V1-001,secded_double_bit,S3,stage1_word_pos0,22+46,codeword_bits,,0,1,0,0,detected_uncorrectable
SUPP-NEG-V1-001,secded_double_bit,S3,stage1_word_pos0,22+47,codeword_bits,,0,1,0,0,detected_uncorrectable
SUPP-NEG-V1-001,secded_double_bit,S3,stage1_word_pos0,22+48,codeword_bits,,0,1,0,0,detected_uncorrectable
SUPP-NEG-V1-001,secded_double_bit,S3,stage1_word_pos0,22+49,codeword_bits,,0,1,0,0,detected_uncorrectable
SUPP-NEG-V1-001,secded_double_bit,S3,stage1_word_pos0,22+50,codeword_bits,,0,1,0,0,detected_uncorrectable
SUPP-NEG-V1-001,secded_double_bit,S3,stage1_word_pos0,22+51,codeword_bits,,0,1,0,0,detected_uncorrectable
SUPP-NEG-V1-001,secded_double_bit,S3,stage1_word_pos0,22+52,codeword_bits,,0,1,0,0,detected_uncorrectable
SUPP-NEG-V1-001,secded_double_bit,S3,stage1_word_pos0,22+53,codeword_bits,,0,1,0,0,detected_uncorrectable
SUPP-NEG-V1-001,secded_double_bit,S3,stage1_word_pos0,22+54,codeword_bits,,0,1,0,0,detected_uncorrectable
SUPP-NEG-V1-001,secded_double_bit,S3,stage1_word_pos0,22+55,codeword_bits,,0,1,0,0,detected_uncorrectable
SUPP-NEG-V1-001,secded_double_bit,S3,stage1_word_pos0,22+56,codeword_bits,,0,1,0,0,detected_uncorrectable
SUPP-NEG-V1-001,secded_double_bit,S3,stage1_word_pos0,22+57,codeword_bits,,0,1,0,0,detected_uncorrectable
SUPP-NEG-V1-001,secded_double_bit,S3,stage1_word_pos0,22+58,codeword_bits,,0,1,0,0,detected_uncorrectable
SUPP-NEG-V1-001,secded_double_bit,S3,stage1_word_pos0,22+59,codeword_bits,,0,1,0,0,detected_uncorrectable
SUPP-NEG-V1-001,secded_double_bit,S3,stage1_word_pos0,22+60,codeword_bits,,0,1,0,0,detected_uncorrectable
SUPP-NEG-V1-001,secded_double_bit,S3,stage1_word_pos0,22+61,codeword_bits,,0,1,0,0,detected_uncorrectable
SUPP-NEG-V1-001,secded_double_bit,S3,stage1_word_pos0,22+62,codeword_bits,,0,1,0,0,detected_uncorrectable
SUPP-NEG-V1-001,secded_double_bit,S3,stage1_word_pos0,22+63,codeword_bits,,0,1,0,0,detected_uncorrectable
SUPP-NEG-V1-001,secded_double_bit,S3,stage1_word_pos0,22+64,codeword_bits,,0,1,0,0,detected_uncorrectable
SUPP-NEG-V1-001,secded_double_bit,S3,stage1_word_pos0,22+65,codeword_bits,,0,1,0,0,detected_uncorrectable
SUPP-NEG-V1-001,secded_double_bit,S3,stage1_word_pos0,22+66,codeword_bits,,0,1,0,0,detected_uncorrectable
SUPP-NEG-V1-001,secded_double_bit,S3,stage1_word_pos0,22+67,codeword_bits,,0,1,0,0,detected_uncorrectable
SUPP-NEG-V1-001,secded_double_bit,S3,stage1_word_pos0,22+68,codeword_bits,,0,1,0,0,detected_uncorrectable
SUPP-NEG-V1-001,secded_double_bit,S3,stage1_word_pos0,22+69,codeword_bits,,0,1,0,0,detected_uncorrectable
SUPP-NEG-V1-001,secded_double_bit,S3,stage1_word_pos0,22+70,codeword_bits,,0,1,0,0,detected_uncorrectable
SUPP-NEG-V1-001,secded_double_bit,S3,stage1_word_pos0,22+71,codeword_bits,,0,1,0,0,detected_uncorrectable
SUPP-NEG-V1-001,secded_double_bit,S3,stage1_word_pos0,22+72,codeword_bits,,0,1,0,0,detected_uncorrectable
SUPP-NEG-V1-001,secded_double_bit,S3,stage1_word_pos0,22+73,codeword_bits,,0,1,0,0,detected_uncorrectable
SUPP-NEG-V1-001,secded_double_bit,S3,stage1_word_pos0,22+74,codeword_bits,,0,1,0,0,detected_uncorrectable
SUPP-NEG-V1-001,secded_double_bit,S3,stage1_word_pos0,22+75,codeword_bits,,0,1,0,0,detected_uncorrectable
SUPP-NEG-V1-001,secded_double_bit,S3,stage1_word_pos0,22+76,codeword_bits,,0,1,0,0,detected_uncorrectable
SUPP-NEG-V1-001,secded_double_bit,S3,stage1_word_pos0,22+77,codeword_bits,,0,1,0,0,detected_uncorrectable
SUPP-NEG-V1-001,secded_double_bit,S3,stage1_word_pos0,23+24,codeword_bits,,0,1,0,0,detected_uncorrectable
SUPP-NEG-V1-001,secded_double_bit,S3,stage1_word_pos0,23+25,codeword_bits,,0,1,0,0,detected_uncorrectable
SUPP-NEG-V1-001,secded_double_bit,S3,stage1_word_pos0,23+26,codeword_bits,,0,1,0,0,detected_uncorrectable
SUPP-NEG-V1-001,secded_double_bit,S3,stage1_word_pos0,23+27,codeword_bits,,0,1,0,0,detected_uncorrectable
SUPP-NEG-V1-001,secded_double_bit,S3,stage1_word_pos0,23+28,codeword_bits,,0,1,0,0,detected_uncorrectable
SUPP-NEG-V1-001,secded_double_bit,S3,stage1_word_pos0,23+29,codeword_bits,,0,1,0,0,detected_uncorrectable
SUPP-NEG-V1-001,secded_double_bit,S3,stage1_word_pos0,23+30,codeword_bits,,0,1,0,0,detected_uncorrectable
SUPP-NEG-V1-001,secded_double_bit,S3,stage1_word_pos0,23+31,codeword_bits,,0,1,0,0,detected_uncorrectable
SUPP-NEG-V1-001,secded_double_bit,S3,stage1_word_pos0,23+32,codeword_bits,,0,1,0,0,detected_uncorrectable
SUPP-NEG-V1-001,secded_double_bit,S3,stage1_word_pos0,23+33,codeword_bits,,0,1,0,0,detected_uncorrectable
SUPP-NEG-V1-001,secded_double_bit,S3,stage1_word_pos0,23+34,codeword_bits,,0,1,0,0,detected_uncorrectable
SUPP-NEG-V1-001,secded_double_bit,S3,stage1_word_pos0,23+35,codeword_bits,,0,1,0,0,detected_uncorrectable
SUPP-NEG-V1-001,secded_double_bit,S3,stage1_word_pos0,23+36,codeword_bits,,0,1,0,0,detected_uncorrectable
SUPP-NEG-V1-001,secded_double_bit,S3,stage1_word_pos0,23+37,codeword_bits,,0,1,0,0,detected_uncorrectable
SUPP-NEG-V1-001,secded_double_bit,S3,stage1_word_pos0,23+38,codeword_bits,,0,1,0,0,detected_uncorrectable
SUPP-NEG-V1-001,secded_double_bit,S3,stage1_word_pos0,23+39,codeword_bits,,0,1,0,0,detected_uncorrectable
SUPP-NEG-V1-001,secded_double_bit,S3,stage1_word_pos0,23+40,codeword_bits,,0,1,0,0,detected_uncorrectable
SUPP-NEG-V1-001,secded_double_bit,S3,stage1_word_pos0,23+41,codeword_bits,,0,1,0,0,detected_uncorrectable
SUPP-NEG-V1-001,secded_double_bit,S3,stage1_word_pos0,23+42,codeword_bits,,0,1,0,0,detected_uncorrectable
SUPP-NEG-V1-001,secded_double_bit,S3,stage1_word_pos0,23+43,codeword_bits,,0,1,0,0,detected_uncorrectable
SUPP-NEG-V1-001,secded_double_bit,S3,stage1_word_pos0,23+44,codeword_bits,,0,1,0,0,detected_uncorrectable
SUPP-NEG-V1-001,secded_double_bit,S3,stage1_word_pos0,23+45,codeword_bits,,0,1,0,0,detected_uncorrectable
SUPP-NEG-V1-001,secded_double_bit,S3,stage1_word_pos0,23+46,codeword_bits,,0,1,0,0,detected_uncorrectable
SUPP-NEG-V1-001,secded_double_bit,S3,stage1_word_pos0,23+47,codeword_bits,,0,1,0,0,detected_uncorrectable
SUPP-NEG-V1-001,secded_double_bit,S3,stage1_word_pos0,23+48,codeword_bits,,0,1,0,0,detected_uncorrectable
SUPP-NEG-V1-001,secded_double_bit,S3,stage1_word_pos0,23+49,codeword_bits,,0,1,0,0,detected_uncorrectable
SUPP-NEG-V1-001,secded_double_bit,S3,stage1_word_pos0,23+50,codeword_bits,,0,1,0,0,detected_uncorrectable
SUPP-NEG-V1-001,secded_double_bit,S3,stage1_word_pos0,23+51,codeword_bits,,0,1,0,0,detected_uncorrectable
SUPP-NEG-V1-001,secded_double_bit,S3,stage1_word_pos0,23+52,codeword_bits,,0,1,0,0,detected_uncorrectable
SUPP-NEG-V1-001,secded_double_bit,S3,stage1_word_pos0,23+53,codeword_bits,,0,1,0,0,detected_uncorrectable
SUPP-NEG-V1-001,secded_double_bit,S3,stage1_word_pos0,23+54,codeword_bits,,0,1,0,0,detected_uncorrectable
SUPP-NEG-V1-001,secded_double_bit,S3,stage1_word_pos0,23+55,codeword_bits,,0,1,0,0,detected_uncorrectable
SUPP-NEG-V1-001,secded_double_bit,S3,stage1_word_pos0,23+56,codeword_bits,,0,1,0,0,detected_uncorrectable
SUPP-NEG-V1-001,secded_double_bit,S3,stage1_word_pos0,23+57,codeword_bits,,0,1,0,0,detected_uncorrectable
SUPP-NEG-V1-001,secded_double_bit,S3,stage1_word_pos0,23+58,codeword_bits,,0,1,0,0,detected_uncorrectable
SUPP-NEG-V1-001,secded_double_bit,S3,stage1_word_pos0,23+59,codeword_bits,,0,1,0,0,detected_uncorrectable
SUPP-NEG-V1-001,secded_double_bit,S3,stage1_word_pos0,23+60,codeword_bits,,0,1,0,0,detected_uncorrectable
SUPP-NEG-V1-001,secded_double_bit,S3,stage1_word_pos0,23+61,codeword_bits,,0,1,0,0,detected_uncorrectable
SUPP-NEG-V1-001,secded_double_bit,S3,stage1_word_pos0,23+62,codeword_bits,,0,1,0,0,detected_uncorrectable
SUPP-NEG-V1-001,secded_double_bit,S3,stage1_word_pos0,23+63,codeword_bits,,0,1,0,0,detected_uncorrectable
SUPP-NEG-V1-001,secded_double_bit,S3,stage1_word_pos0,23+64,codeword_bits,,0,1,0,0,detected_uncorrectable
SUPP-NEG-V1-001,secded_double_bit,S3,stage1_word_pos0,23+65,codeword_bits,,0,1,0,0,detected_uncorrectable
SUPP-NEG-V1-001,secded_double_bit,S3,stage1_word_pos0,23+66,codeword_bits,,0,1,0,0,detected_uncorrectable
SUPP-NEG-V1-001,secded_double_bit,S3,stage1_word_pos0,23+67,codeword_bits,,0,1,0,0,detected_uncorrectable
SUPP-NEG-V1-001,secded_double_bit,S3,stage1_word_pos0,23+68,codeword_bits,,0,1,0,0,detected_uncorrectable
SUPP-NEG-V1-001,secded_double_bit,S3,stage1_word_pos0,23+69,codeword_bits,,0,1,0,0,detected_uncorrectable
SUPP-NEG-V1-001,secded_double_bit,S3,stage1_word_pos0,23+70,codeword_bits,,0,1,0,0,detected_uncorrectable
SUPP-NEG-V1-001,secded_double_bit,S3,stage1_word_pos0,23+71,codeword_bits,,0,1,0,0,detected_uncorrectable
SUPP-NEG-V1-001,secded_double_bit,S3,stage1_word_pos0,23+72,codeword_bits,,0,1,0,0,detected_uncorrectable
SUPP-NEG-V1-001,secded_double_bit,S3,stage1_word_pos0,23+73,codeword_bits,,0,1,0,0,detected_uncorrectable
SUPP-NEG-V1-001,secded_double_bit,S3,stage1_word_pos0,23+74,codeword_bits,,0,1,0,0,detected_uncorrectable
SUPP-NEG-V1-001,secded_double_bit,S3,stage1_word_pos0,23+75,codeword_bits,,0,1,0,0,detected_uncorrectable
SUPP-NEG-V1-001,secded_double_bit,S3,stage1_word_pos0,23+76,codeword_bits,,0,1,0,0,detected_uncorrectable
SUPP-NEG-V1-001,secded_double_bit,S3,stage1_word_pos0,23+77,codeword_bits,,0,1,0,0,detected_uncorrectable
SUPP-NEG-V1-001,secded_double_bit,S3,stage1_word_pos0,24+25,codeword_bits,,0,1,0,0,detected_uncorrectable
SUPP-NEG-V1-001,secded_double_bit,S3,stage1_word_pos0,24+26,codeword_bits,,0,1,0,0,detected_uncorrectable
SUPP-NEG-V1-001,secded_double_bit,S3,stage1_word_pos0,24+27,codeword_bits,,0,1,0,0,detected_uncorrectable
SUPP-NEG-V1-001,secded_double_bit,S3,stage1_word_pos0,24+28,codeword_bits,,0,1,0,0,detected_uncorrectable
SUPP-NEG-V1-001,secded_double_bit,S3,stage1_word_pos0,24+29,codeword_bits,,0,1,0,0,detected_uncorrectable
SUPP-NEG-V1-001,secded_double_bit,S3,stage1_word_pos0,24+30,codeword_bits,,0,1,0,0,detected_uncorrectable
SUPP-NEG-V1-001,secded_double_bit,S3,stage1_word_pos0,24+31,codeword_bits,,0,1,0,0,detected_uncorrectable
SUPP-NEG-V1-001,secded_double_bit,S3,stage1_word_pos0,24+32,codeword_bits,,0,1,0,0,detected_uncorrectable
SUPP-NEG-V1-001,secded_double_bit,S3,stage1_word_pos0,24+33,codeword_bits,,0,1,0,0,detected_uncorrectable
SUPP-NEG-V1-001,secded_double_bit,S3,stage1_word_pos0,24+34,codeword_bits,,0,1,0,0,detected_uncorrectable
SUPP-NEG-V1-001,secded_double_bit,S3,stage1_word_pos0,24+35,codeword_bits,,0,1,0,0,detected_uncorrectable
SUPP-NEG-V1-001,secded_double_bit,S3,stage1_word_pos0,24+36,codeword_bits,,0,1,0,0,detected_uncorrectable
SUPP-NEG-V1-001,secded_double_bit,S3,stage1_word_pos0,24+37,codeword_bits,,0,1,0,0,detected_uncorrectable
SUPP-NEG-V1-001,secded_double_bit,S3,stage1_word_pos0,24+38,codeword_bits,,0,1,0,0,detected_uncorrectable
SUPP-NEG-V1-001,secded_double_bit,S3,stage1_word_pos0,24+39,codeword_bits,,0,1,0,0,detected_uncorrectable
SUPP-NEG-V1-001,secded_double_bit,S3,stage1_word_pos0,24+40,codeword_bits,,0,1,0,0,detected_uncorrectable
SUPP-NEG-V1-001,secded_double_bit,S3,stage1_word_pos0,24+41,codeword_bits,,0,1,0,0,detected_uncorrectable
SUPP-NEG-V1-001,secded_double_bit,S3,stage1_word_pos0,24+42,codeword_bits,,0,1,0,0,detected_uncorrectable
SUPP-NEG-V1-001,secded_double_bit,S3,stage1_word_pos0,24+43,codeword_bits,,0,1,0,0,detected_uncorrectable
SUPP-NEG-V1-001,secded_double_bit,S3,stage1_word_pos0,24+44,codeword_bits,,0,1,0,0,detected_uncorrectable
SUPP-NEG-V1-001,secded_double_bit,S3,stage1_word_pos0,24+45,codeword_bits,,0,1,0,0,detected_uncorrectable
SUPP-NEG-V1-001,secded_double_bit,S3,stage1_word_pos0,24+46,codeword_bits,,0,1,0,0,detected_uncorrectable
SUPP-NEG-V1-001,secded_double_bit,S3,stage1_word_pos0,24+47,codeword_bits,,0,1,0,0,detected_uncorrectable
SUPP-NEG-V1-001,secded_double_bit,S3,stage1_word_pos0,24+48,codeword_bits,,0,1,0,0,detected_uncorrectable
SUPP-NEG-V1-001,secded_double_bit,S3,stage1_word_pos0,24+49,codeword_bits,,0,1,0,0,detected_uncorrectable
SUPP-NEG-V1-001,secded_double_bit,S3,stage1_word_pos0,24+50,codeword_bits,,0,1,0,0,detected_uncorrectable
SUPP-NEG-V1-001,secded_double_bit,S3,stage1_word_pos0,24+51,codeword_bits,,0,1,0,0,detected_uncorrectable
SUPP-NEG-V1-001,secded_double_bit,S3,stage1_word_pos0,24+52,codeword_bits,,0,1,0,0,detected_uncorrectable
SUPP-NEG-V1-001,secded_double_bit,S3,stage1_word_pos0,24+53,codeword_bits,,0,1,0,0,detected_uncorrectable
SUPP-NEG-V1-001,secded_double_bit,S3,stage1_word_pos0,24+54,codeword_bits,,0,1,0,0,detected_uncorrectable
SUPP-NEG-V1-001,secded_double_bit,S3,stage1_word_pos0,24+55,codeword_bits,,0,1,0,0,detected_uncorrectable
SUPP-NEG-V1-001,secded_double_bit,S3,stage1_word_pos0,24+56,codeword_bits,,0,1,0,0,detected_uncorrectable
SUPP-NEG-V1-001,secded_double_bit,S3,stage1_word_pos0,24+57,codeword_bits,,0,1,0,0,detected_uncorrectable
SUPP-NEG-V1-001,secded_double_bit,S3,stage1_word_pos0,24+58,codeword_bits,,0,1,0,0,detected_uncorrectable
SUPP-NEG-V1-001,secded_double_bit,S3,stage1_word_pos0,24+59,codeword_bits,,0,1,0,0,detected_uncorrectable
SUPP-NEG-V1-001,secded_double_bit,S3,stage1_word_pos0,24+60,codeword_bits,,0,1,0,0,detected_uncorrectable
SUPP-NEG-V1-001,secded_double_bit,S3,stage1_word_pos0,24+61,codeword_bits,,0,1,0,0,detected_uncorrectable
SUPP-NEG-V1-001,secded_double_bit,S3,stage1_word_pos0,24+62,codeword_bits,,0,1,0,0,detected_uncorrectable
SUPP-NEG-V1-001,secded_double_bit,S3,stage1_word_pos0,24+63,codeword_bits,,0,1,0,0,detected_uncorrectable
SUPP-NEG-V1-001,secded_double_bit,S3,stage1_word_pos0,24+64,codeword_bits,,0,1,0,0,detected_uncorrectable
SUPP-NEG-V1-001,secded_double_bit,S3,stage1_word_pos0,24+65,codeword_bits,,0,1,0,0,detected_uncorrectable
SUPP-NEG-V1-001,secded_double_bit,S3,stage1_word_pos0,24+66,codeword_bits,,0,1,0,0,detected_uncorrectable
SUPP-NEG-V1-001,secded_double_bit,S3,stage1_word_pos0,24+67,codeword_bits,,0,1,0,0,detected_uncorrectable
SUPP-NEG-V1-001,secded_double_bit,S3,stage1_word_pos0,24+68,codeword_bits,,0,1,0,0,detected_uncorrectable
SUPP-NEG-V1-001,secded_double_bit,S3,stage1_word_pos0,24+69,codeword_bits,,0,1,0,0,detected_uncorrectable
SUPP-NEG-V1-001,secded_double_bit,S3,stage1_word_pos0,24+70,codeword_bits,,0,1,0,0,detected_uncorrectable
SUPP-NEG-V1-001,secded_double_bit,S3,stage1_word_pos0,24+71,codeword_bits,,0,1,0,0,detected_uncorrectable
SUPP-NEG-V1-001,secded_double_bit,S3,stage1_word_pos0,24+72,codeword_bits,,0,1,0,0,detected_uncorrectable
SUPP-NEG-V1-001,secded_double_bit,S3,stage1_word_pos0,24+73,codeword_bits,,0,1,0,0,detected_uncorrectable
SUPP-NEG-V1-001,secded_double_bit,S3,stage1_word_pos0,24+74,codeword_bits,,0,1,0,0,detected_uncorrectable
SUPP-NEG-V1-001,secded_double_bit,S3,stage1_word_pos0,24+75,codeword_bits,,0,1,0,0,detected_uncorrectable
SUPP-NEG-V1-001,secded_double_bit,S3,stage1_word_pos0,24+76,codeword_bits,,0,1,0,0,detected_uncorrectable
SUPP-NEG-V1-001,secded_double_bit,S3,stage1_word_pos0,24+77,codeword_bits,,0,1,0,0,detected_uncorrectable
SUPP-NEG-V1-001,secded_double_bit,S3,stage1_word_pos0,25+26,codeword_bits,,0,1,0,0,detected_uncorrectable
SUPP-NEG-V1-001,secded_double_bit,S3,stage1_word_pos0,25+27,codeword_bits,,0,1,0,0,detected_uncorrectable
SUPP-NEG-V1-001,secded_double_bit,S3,stage1_word_pos0,25+28,codeword_bits,,0,1,0,0,detected_uncorrectable
SUPP-NEG-V1-001,secded_double_bit,S3,stage1_word_pos0,25+29,codeword_bits,,0,1,0,0,detected_uncorrectable
SUPP-NEG-V1-001,secded_double_bit,S3,stage1_word_pos0,25+30,codeword_bits,,0,1,0,0,detected_uncorrectable
SUPP-NEG-V1-001,secded_double_bit,S3,stage1_word_pos0,25+31,codeword_bits,,0,1,0,0,detected_uncorrectable
SUPP-NEG-V1-001,secded_double_bit,S3,stage1_word_pos0,25+32,codeword_bits,,0,1,0,0,detected_uncorrectable
SUPP-NEG-V1-001,secded_double_bit,S3,stage1_word_pos0,25+33,codeword_bits,,0,1,0,0,detected_uncorrectable
SUPP-NEG-V1-001,secded_double_bit,S3,stage1_word_pos0,25+34,codeword_bits,,0,1,0,0,detected_uncorrectable
SUPP-NEG-V1-001,secded_double_bit,S3,stage1_word_pos0,25+35,codeword_bits,,0,1,0,0,detected_uncorrectable
SUPP-NEG-V1-001,secded_double_bit,S3,stage1_word_pos0,25+36,codeword_bits,,0,1,0,0,detected_uncorrectable
SUPP-NEG-V1-001,secded_double_bit,S3,stage1_word_pos0,25+37,codeword_bits,,0,1,0,0,detected_uncorrectable
SUPP-NEG-V1-001,secded_double_bit,S3,stage1_word_pos0,25+38,codeword_bits,,0,1,0,0,detected_uncorrectable
SUPP-NEG-V1-001,secded_double_bit,S3,stage1_word_pos0,25+39,codeword_bits,,0,1,0,0,detected_uncorrectable
SUPP-NEG-V1-001,secded_double_bit,S3,stage1_word_pos0,25+40,codeword_bits,,0,1,0,0,detected_uncorrectable
SUPP-NEG-V1-001,secded_double_bit,S3,stage1_word_pos0,25+41,codeword_bits,,0,1,0,0,detected_uncorrectable
SUPP-NEG-V1-001,secded_double_bit,S3,stage1_word_pos0,25+42,codeword_bits,,0,1,0,0,detected_uncorrectable
SUPP-NEG-V1-001,secded_double_bit,S3,stage1_word_pos0,25+43,codeword_bits,,0,1,0,0,detected_uncorrectable
SUPP-NEG-V1-001,secded_double_bit,S3,stage1_word_pos0,25+44,codeword_bits,,0,1,0,0,detected_uncorrectable
SUPP-NEG-V1-001,secded_double_bit,S3,stage1_word_pos0,25+45,codeword_bits,,0,1,0,0,detected_uncorrectable
SUPP-NEG-V1-001,secded_double_bit,S3,stage1_word_pos0,25+46,codeword_bits,,0,1,0,0,detected_uncorrectable
SUPP-NEG-V1-001,secded_double_bit,S3,stage1_word_pos0,25+47,codeword_bits,,0,1,0,0,detected_uncorrectable
SUPP-NEG-V1-001,secded_double_bit,S3,stage1_word_pos0,25+48,codeword_bits,,0,1,0,0,detected_uncorrectable
SUPP-NEG-V1-001,secded_double_bit,S3,stage1_word_pos0,25+49,codeword_bits,,0,1,0,0,detected_uncorrectable
SUPP-NEG-V1-001,secded_double_bit,S3,stage1_word_pos0,25+50,codeword_bits,,0,1,0,0,detected_uncorrectable
SUPP-NEG-V1-001,secded_double_bit,S3,stage1_word_pos0,25+51,codeword_bits,,0,1,0,0,detected_uncorrectable
SUPP-NEG-V1-001,secded_double_bit,S3,stage1_word_pos0,25+52,codeword_bits,,0,1,0,0,detected_uncorrectable
SUPP-NEG-V1-001,secded_double_bit,S3,stage1_word_pos0,25+53,codeword_bits,,0,1,0,0,detected_uncorrectable
SUPP-NEG-V1-001,secded_double_bit,S3,stage1_word_pos0,25+54,codeword_bits,,0,1,0,0,detected_uncorrectable
SUPP-NEG-V1-001,secded_double_bit,S3,stage1_word_pos0,25+55,codeword_bits,,0,1,0,0,detected_uncorrectable
SUPP-NEG-V1-001,secded_double_bit,S3,stage1_word_pos0,25+56,codeword_bits,,0,1,0,0,detected_uncorrectable
SUPP-NEG-V1-001,secded_double_bit,S3,stage1_word_pos0,25+57,codeword_bits,,0,1,0,0,detected_uncorrectable
SUPP-NEG-V1-001,secded_double_bit,S3,stage1_word_pos0,25+58,codeword_bits,,0,1,0,0,detected_uncorrectable
SUPP-NEG-V1-001,secded_double_bit,S3,stage1_word_pos0,25+59,codeword_bits,,0,1,0,0,detected_uncorrectable
SUPP-NEG-V1-001,secded_double_bit,S3,stage1_word_pos0,25+60,codeword_bits,,0,1,0,0,detected_uncorrectable
SUPP-NEG-V1-001,secded_double_bit,S3,stage1_word_pos0,25+61,codeword_bits,,0,1,0,0,detected_uncorrectable
SUPP-NEG-V1-001,secded_double_bit,S3,stage1_word_pos0,25+62,codeword_bits,,0,1,0,0,detected_uncorrectable
SUPP-NEG-V1-001,secded_double_bit,S3,stage1_word_pos0,25+63,codeword_bits,,0,1,0,0,detected_uncorrectable
SUPP-NEG-V1-001,secded_double_bit,S3,stage1_word_pos0,25+64,codeword_bits,,0,1,0,0,detected_uncorrectable
SUPP-NEG-V1-001,secded_double_bit,S3,stage1_word_pos0,25+65,codeword_bits,,0,1,0,0,detected_uncorrectable
SUPP-NEG-V1-001,secded_double_bit,S3,stage1_word_pos0,25+66,codeword_bits,,0,1,0,0,detected_uncorrectable
SUPP-NEG-V1-001,secded_double_bit,S3,stage1_word_pos0,25+67,codeword_bits,,0,1,0,0,detected_uncorrectable
SUPP-NEG-V1-001,secded_double_bit,S3,stage1_word_pos0,25+68,codeword_bits,,0,1,0,0,detected_uncorrectable
SUPP-NEG-V1-001,secded_double_bit,S3,stage1_word_pos0,25+69,codeword_bits,,0,1,0,0,detected_uncorrectable
SUPP-NEG-V1-001,secded_double_bit,S3,stage1_word_pos0,25+70,codeword_bits,,0,1,0,0,detected_uncorrectable
SUPP-NEG-V1-001,secded_double_bit,S3,stage1_word_pos0,25+71,codeword_bits,,0,1,0,0,detected_uncorrectable
SUPP-NEG-V1-001,secded_double_bit,S3,stage1_word_pos0,25+72,codeword_bits,,0,1,0,0,detected_uncorrectable
SUPP-NEG-V1-001,secded_double_bit,S3,stage1_word_pos0,25+73,codeword_bits,,0,1,0,0,detected_uncorrectable
SUPP-NEG-V1-001,secded_double_bit,S3,stage1_word_pos0,25+74,codeword_bits,,0,1,0,0,detected_uncorrectable
SUPP-NEG-V1-001,secded_double_bit,S3,stage1_word_pos0,25+75,codeword_bits,,0,1,0,0,detected_uncorrectable
SUPP-NEG-V1-001,secded_double_bit,S3,stage1_word_pos0,25+76,codeword_bits,,0,1,0,0,detected_uncorrectable
SUPP-NEG-V1-001,secded_double_bit,S3,stage1_word_pos0,25+77,codeword_bits,,0,1,0,0,detected_uncorrectable
SUPP-NEG-V1-001,secded_double_bit,S3,stage1_word_pos0,26+27,codeword_bits,,0,1,0,0,detected_uncorrectable
SUPP-NEG-V1-001,secded_double_bit,S3,stage1_word_pos0,26+28,codeword_bits,,0,1,0,0,detected_uncorrectable
SUPP-NEG-V1-001,secded_double_bit,S3,stage1_word_pos0,26+29,codeword_bits,,0,1,0,0,detected_uncorrectable
SUPP-NEG-V1-001,secded_double_bit,S3,stage1_word_pos0,26+30,codeword_bits,,0,1,0,0,detected_uncorrectable
SUPP-NEG-V1-001,secded_double_bit,S3,stage1_word_pos0,26+31,codeword_bits,,0,1,0,0,detected_uncorrectable
SUPP-NEG-V1-001,secded_double_bit,S3,stage1_word_pos0,26+32,codeword_bits,,0,1,0,0,detected_uncorrectable
SUPP-NEG-V1-001,secded_double_bit,S3,stage1_word_pos0,26+33,codeword_bits,,0,1,0,0,detected_uncorrectable
SUPP-NEG-V1-001,secded_double_bit,S3,stage1_word_pos0,26+34,codeword_bits,,0,1,0,0,detected_uncorrectable
SUPP-NEG-V1-001,secded_double_bit,S3,stage1_word_pos0,26+35,codeword_bits,,0,1,0,0,detected_uncorrectable
SUPP-NEG-V1-001,secded_double_bit,S3,stage1_word_pos0,26+36,codeword_bits,,0,1,0,0,detected_uncorrectable
SUPP-NEG-V1-001,secded_double_bit,S3,stage1_word_pos0,26+37,codeword_bits,,0,1,0,0,detected_uncorrectable
SUPP-NEG-V1-001,secded_double_bit,S3,stage1_word_pos0,26+38,codeword_bits,,0,1,0,0,detected_uncorrectable
SUPP-NEG-V1-001,secded_double_bit,S3,stage1_word_pos0,26+39,codeword_bits,,0,1,0,0,detected_uncorrectable
SUPP-NEG-V1-001,secded_double_bit,S3,stage1_word_pos0,26+40,codeword_bits,,0,1,0,0,detected_uncorrectable
SUPP-NEG-V1-001,secded_double_bit,S3,stage1_word_pos0,26+41,codeword_bits,,0,1,0,0,detected_uncorrectable
SUPP-NEG-V1-001,secded_double_bit,S3,stage1_word_pos0,26+42,codeword_bits,,0,1,0,0,detected_uncorrectable
SUPP-NEG-V1-001,secded_double_bit,S3,stage1_word_pos0,26+43,codeword_bits,,0,1,0,0,detected_uncorrectable
SUPP-NEG-V1-001,secded_double_bit,S3,stage1_word_pos0,26+44,codeword_bits,,0,1,0,0,detected_uncorrectable
SUPP-NEG-V1-001,secded_double_bit,S3,stage1_word_pos0,26+45,codeword_bits,,0,1,0,0,detected_uncorrectable
SUPP-NEG-V1-001,secded_double_bit,S3,stage1_word_pos0,26+46,codeword_bits,,0,1,0,0,detected_uncorrectable
SUPP-NEG-V1-001,secded_double_bit,S3,stage1_word_pos0,26+47,codeword_bits,,0,1,0,0,detected_uncorrectable
SUPP-NEG-V1-001,secded_double_bit,S3,stage1_word_pos0,26+48,codeword_bits,,0,1,0,0,detected_uncorrectable
SUPP-NEG-V1-001,secded_double_bit,S3,stage1_word_pos0,26+49,codeword_bits,,0,1,0,0,detected_uncorrectable
SUPP-NEG-V1-001,secded_double_bit,S3,stage1_word_pos0,26+50,codeword_bits,,0,1,0,0,detected_uncorrectable
SUPP-NEG-V1-001,secded_double_bit,S3,stage1_word_pos0,26+51,codeword_bits,,0,1,0,0,detected_uncorrectable
SUPP-NEG-V1-001,secded_double_bit,S3,stage1_word_pos0,26+52,codeword_bits,,0,1,0,0,detected_uncorrectable
SUPP-NEG-V1-001,secded_double_bit,S3,stage1_word_pos0,26+53,codeword_bits,,0,1,0,0,detected_uncorrectable
SUPP-NEG-V1-001,secded_double_bit,S3,stage1_word_pos0,26+54,codeword_bits,,0,1,0,0,detected_uncorrectable
SUPP-NEG-V1-001,secded_double_bit,S3,stage1_word_pos0,26+55,codeword_bits,,0,1,0,0,detected_uncorrectable
SUPP-NEG-V1-001,secded_double_bit,S3,stage1_word_pos0,26+56,codeword_bits,,0,1,0,0,detected_uncorrectable
SUPP-NEG-V1-001,secded_double_bit,S3,stage1_word_pos0,26+57,codeword_bits,,0,1,0,0,detected_uncorrectable
SUPP-NEG-V1-001,secded_double_bit,S3,stage1_word_pos0,26+58,codeword_bits,,0,1,0,0,detected_uncorrectable
SUPP-NEG-V1-001,secded_double_bit,S3,stage1_word_pos0,26+59,codeword_bits,,0,1,0,0,detected_uncorrectable
SUPP-NEG-V1-001,secded_double_bit,S3,stage1_word_pos0,26+60,codeword_bits,,0,1,0,0,detected_uncorrectable
SUPP-NEG-V1-001,secded_double_bit,S3,stage1_word_pos0,26+61,codeword_bits,,0,1,0,0,detected_uncorrectable
SUPP-NEG-V1-001,secded_double_bit,S3,stage1_word_pos0,26+62,codeword_bits,,0,1,0,0,detected_uncorrectable
SUPP-NEG-V1-001,secded_double_bit,S3,stage1_word_pos0,26+63,codeword_bits,,0,1,0,0,detected_uncorrectable
SUPP-NEG-V1-001,secded_double_bit,S3,stage1_word_pos0,26+64,codeword_bits,,0,1,0,0,detected_uncorrectable
SUPP-NEG-V1-001,secded_double_bit,S3,stage1_word_pos0,26+65,codeword_bits,,0,1,0,0,detected_uncorrectable
SUPP-NEG-V1-001,secded_double_bit,S3,stage1_word_pos0,26+66,codeword_bits,,0,1,0,0,detected_uncorrectable
SUPP-NEG-V1-001,secded_double_bit,S3,stage1_word_pos0,26+67,codeword_bits,,0,1,0,0,detected_uncorrectable
SUPP-NEG-V1-001,secded_double_bit,S3,stage1_word_pos0,26+68,codeword_bits,,0,1,0,0,detected_uncorrectable
SUPP-NEG-V1-001,secded_double_bit,S3,stage1_word_pos0,26+69,codeword_bits,,0,1,0,0,detected_uncorrectable
SUPP-NEG-V1-001,secded_double_bit,S3,stage1_word_pos0,26+70,codeword_bits,,0,1,0,0,detected_uncorrectable
SUPP-NEG-V1-001,secded_double_bit,S3,stage1_word_pos0,26+71,codeword_bits,,0,1,0,0,detected_uncorrectable
SUPP-NEG-V1-001,secded_double_bit,S3,stage1_word_pos0,26+72,codeword_bits,,0,1,0,0,detected_uncorrectable
SUPP-NEG-V1-001,secded_double_bit,S3,stage1_word_pos0,26+73,codeword_bits,,0,1,0,0,detected_uncorrectable
SUPP-NEG-V1-001,secded_double_bit,S3,stage1_word_pos0,26+74,codeword_bits,,0,1,0,0,detected_uncorrectable
SUPP-NEG-V1-001,secded_double_bit,S3,stage1_word_pos0,26+75,codeword_bits,,0,1,0,0,detected_uncorrectable
SUPP-NEG-V1-001,secded_double_bit,S3,stage1_word_pos0,26+76,codeword_bits,,0,1,0,0,detected_uncorrectable
SUPP-NEG-V1-001,secded_double_bit,S3,stage1_word_pos0,26+77,codeword_bits,,0,1,0,0,detected_uncorrectable
SUPP-NEG-V1-001,secded_double_bit,S3,stage1_word_pos0,27+28,codeword_bits,,0,1,0,0,detected_uncorrectable
SUPP-NEG-V1-001,secded_double_bit,S3,stage1_word_pos0,27+29,codeword_bits,,0,1,0,0,detected_uncorrectable
SUPP-NEG-V1-001,secded_double_bit,S3,stage1_word_pos0,27+30,codeword_bits,,0,1,0,0,detected_uncorrectable
SUPP-NEG-V1-001,secded_double_bit,S3,stage1_word_pos0,27+31,codeword_bits,,0,1,0,0,detected_uncorrectable
SUPP-NEG-V1-001,secded_double_bit,S3,stage1_word_pos0,27+32,codeword_bits,,0,1,0,0,detected_uncorrectable
SUPP-NEG-V1-001,secded_double_bit,S3,stage1_word_pos0,27+33,codeword_bits,,0,1,0,0,detected_uncorrectable
SUPP-NEG-V1-001,secded_double_bit,S3,stage1_word_pos0,27+34,codeword_bits,,0,1,0,0,detected_uncorrectable
SUPP-NEG-V1-001,secded_double_bit,S3,stage1_word_pos0,27+35,codeword_bits,,0,1,0,0,detected_uncorrectable
SUPP-NEG-V1-001,secded_double_bit,S3,stage1_word_pos0,27+36,codeword_bits,,0,1,0,0,detected_uncorrectable
SUPP-NEG-V1-001,secded_double_bit,S3,stage1_word_pos0,27+37,codeword_bits,,0,1,0,0,detected_uncorrectable
SUPP-NEG-V1-001,secded_double_bit,S3,stage1_word_pos0,27+38,codeword_bits,,0,1,0,0,detected_uncorrectable
SUPP-NEG-V1-001,secded_double_bit,S3,stage1_word_pos0,27+39,codeword_bits,,0,1,0,0,detected_uncorrectable
SUPP-NEG-V1-001,secded_double_bit,S3,stage1_word_pos0,27+40,codeword_bits,,0,1,0,0,detected_uncorrectable
SUPP-NEG-V1-001,secded_double_bit,S3,stage1_word_pos0,27+41,codeword_bits,,0,1,0,0,detected_uncorrectable
SUPP-NEG-V1-001,secded_double_bit,S3,stage1_word_pos0,27+42,codeword_bits,,0,1,0,0,detected_uncorrectable
SUPP-NEG-V1-001,secded_double_bit,S3,stage1_word_pos0,27+43,codeword_bits,,0,1,0,0,detected_uncorrectable
SUPP-NEG-V1-001,secded_double_bit,S3,stage1_word_pos0,27+44,codeword_bits,,0,1,0,0,detected_uncorrectable
SUPP-NEG-V1-001,secded_double_bit,S3,stage1_word_pos0,27+45,codeword_bits,,0,1,0,0,detected_uncorrectable
SUPP-NEG-V1-001,secded_double_bit,S3,stage1_word_pos0,27+46,codeword_bits,,0,1,0,0,detected_uncorrectable
SUPP-NEG-V1-001,secded_double_bit,S3,stage1_word_pos0,27+47,codeword_bits,,0,1,0,0,detected_uncorrectable
SUPP-NEG-V1-001,secded_double_bit,S3,stage1_word_pos0,27+48,codeword_bits,,0,1,0,0,detected_uncorrectable
SUPP-NEG-V1-001,secded_double_bit,S3,stage1_word_pos0,27+49,codeword_bits,,0,1,0,0,detected_uncorrectable
SUPP-NEG-V1-001,secded_double_bit,S3,stage1_word_pos0,27+50,codeword_bits,,0,1,0,0,detected_uncorrectable
SUPP-NEG-V1-001,secded_double_bit,S3,stage1_word_pos0,27+51,codeword_bits,,0,1,0,0,detected_uncorrectable
SUPP-NEG-V1-001,secded_double_bit,S3,stage1_word_pos0,27+52,codeword_bits,,0,1,0,0,detected_uncorrectable
SUPP-NEG-V1-001,secded_double_bit,S3,stage1_word_pos0,27+53,codeword_bits,,0,1,0,0,detected_uncorrectable
SUPP-NEG-V1-001,secded_double_bit,S3,stage1_word_pos0,27+54,codeword_bits,,0,1,0,0,detected_uncorrectable
SUPP-NEG-V1-001,secded_double_bit,S3,stage1_word_pos0,27+55,codeword_bits,,0,1,0,0,detected_uncorrectable
SUPP-NEG-V1-001,secded_double_bit,S3,stage1_word_pos0,27+56,codeword_bits,,0,1,0,0,detected_uncorrectable
SUPP-NEG-V1-001,secded_double_bit,S3,stage1_word_pos0,27+57,codeword_bits,,0,1,0,0,detected_uncorrectable
SUPP-NEG-V1-001,secded_double_bit,S3,stage1_word_pos0,27+58,codeword_bits,,0,1,0,0,detected_uncorrectable
SUPP-NEG-V1-001,secded_double_bit,S3,stage1_word_pos0,27+59,codeword_bits,,0,1,0,0,detected_uncorrectable
SUPP-NEG-V1-001,secded_double_bit,S3,stage1_word_pos0,27+60,codeword_bits,,0,1,0,0,detected_uncorrectable
SUPP-NEG-V1-001,secded_double_bit,S3,stage1_word_pos0,27+61,codeword_bits,,0,1,0,0,detected_uncorrectable
SUPP-NEG-V1-001,secded_double_bit,S3,stage1_word_pos0,27+62,codeword_bits,,0,1,0,0,detected_uncorrectable
SUPP-NEG-V1-001,secded_double_bit,S3,stage1_word_pos0,27+63,codeword_bits,,0,1,0,0,detected_uncorrectable
SUPP-NEG-V1-001,secded_double_bit,S3,stage1_word_pos0,27+64,codeword_bits,,0,1,0,0,detected_uncorrectable
SUPP-NEG-V1-001,secded_double_bit,S3,stage1_word_pos0,27+65,codeword_bits,,0,1,0,0,detected_uncorrectable
SUPP-NEG-V1-001,secded_double_bit,S3,stage1_word_pos0,27+66,codeword_bits,,0,1,0,0,detected_uncorrectable
SUPP-NEG-V1-001,secded_double_bit,S3,stage1_word_pos0,27+67,codeword_bits,,0,1,0,0,detected_uncorrectable
SUPP-NEG-V1-001,secded_double_bit,S3,stage1_word_pos0,27+68,codeword_bits,,0,1,0,0,detected_uncorrectable
SUPP-NEG-V1-001,secded_double_bit,S3,stage1_word_pos0,27+69,codeword_bits,,0,1,0,0,detected_uncorrectable
SUPP-NEG-V1-001,secded_double_bit,S3,stage1_word_pos0,27+70,codeword_bits,,0,1,0,0,detected_uncorrectable
SUPP-NEG-V1-001,secded_double_bit,S3,stage1_word_pos0,27+71,codeword_bits,,0,1,0,0,detected_uncorrectable
SUPP-NEG-V1-001,secded_double_bit,S3,stage1_word_pos0,27+72,codeword_bits,,0,1,0,0,detected_uncorrectable
SUPP-NEG-V1-001,secded_double_bit,S3,stage1_word_pos0,27+73,codeword_bits,,0,1,0,0,detected_uncorrectable
SUPP-NEG-V1-001,secded_double_bit,S3,stage1_word_pos0,27+74,codeword_bits,,0,1,0,0,detected_uncorrectable
SUPP-NEG-V1-001,secded_double_bit,S3,stage1_word_pos0,27+75,codeword_bits,,0,1,0,0,detected_uncorrectable
SUPP-NEG-V1-001,secded_double_bit,S3,stage1_word_pos0,27+76,codeword_bits,,0,1,0,0,detected_uncorrectable
SUPP-NEG-V1-001,secded_double_bit,S3,stage1_word_pos0,27+77,codeword_bits,,0,1,0,0,detected_uncorrectable
SUPP-NEG-V1-001,secded_double_bit,S3,stage1_word_pos0,28+29,codeword_bits,,0,1,0,0,detected_uncorrectable
SUPP-NEG-V1-001,secded_double_bit,S3,stage1_word_pos0,28+30,codeword_bits,,0,1,0,0,detected_uncorrectable
SUPP-NEG-V1-001,secded_double_bit,S3,stage1_word_pos0,28+31,codeword_bits,,0,1,0,0,detected_uncorrectable
SUPP-NEG-V1-001,secded_double_bit,S3,stage1_word_pos0,28+32,codeword_bits,,0,1,0,0,detected_uncorrectable
SUPP-NEG-V1-001,secded_double_bit,S3,stage1_word_pos0,28+33,codeword_bits,,0,1,0,0,detected_uncorrectable
SUPP-NEG-V1-001,secded_double_bit,S3,stage1_word_pos0,28+34,codeword_bits,,0,1,0,0,detected_uncorrectable
SUPP-NEG-V1-001,secded_double_bit,S3,stage1_word_pos0,28+35,codeword_bits,,0,1,0,0,detected_uncorrectable
SUPP-NEG-V1-001,secded_double_bit,S3,stage1_word_pos0,28+36,codeword_bits,,0,1,0,0,detected_uncorrectable
SUPP-NEG-V1-001,secded_double_bit,S3,stage1_word_pos0,28+37,codeword_bits,,0,1,0,0,detected_uncorrectable
SUPP-NEG-V1-001,secded_double_bit,S3,stage1_word_pos0,28+38,codeword_bits,,0,1,0,0,detected_uncorrectable
SUPP-NEG-V1-001,secded_double_bit,S3,stage1_word_pos0,28+39,codeword_bits,,0,1,0,0,detected_uncorrectable
SUPP-NEG-V1-001,secded_double_bit,S3,stage1_word_pos0,28+40,codeword_bits,,0,1,0,0,detected_uncorrectable
SUPP-NEG-V1-001,secded_double_bit,S3,stage1_word_pos0,28+41,codeword_bits,,0,1,0,0,detected_uncorrectable
SUPP-NEG-V1-001,secded_double_bit,S3,stage1_word_pos0,28+42,codeword_bits,,0,1,0,0,detected_uncorrectable
SUPP-NEG-V1-001,secded_double_bit,S3,stage1_word_pos0,28+43,codeword_bits,,0,1,0,0,detected_uncorrectable
SUPP-NEG-V1-001,secded_double_bit,S3,stage1_word_pos0,28+44,codeword_bits,,0,1,0,0,detected_uncorrectable
SUPP-NEG-V1-001,secded_double_bit,S3,stage1_word_pos0,28+45,codeword_bits,,0,1,0,0,detected_uncorrectable
SUPP-NEG-V1-001,secded_double_bit,S3,stage1_word_pos0,28+46,codeword_bits,,0,1,0,0,detected_uncorrectable
SUPP-NEG-V1-001,secded_double_bit,S3,stage1_word_pos0,28+47,codeword_bits,,0,1,0,0,detected_uncorrectable
SUPP-NEG-V1-001,secded_double_bit,S3,stage1_word_pos0,28+48,codeword_bits,,0,1,0,0,detected_uncorrectable
SUPP-NEG-V1-001,secded_double_bit,S3,stage1_word_pos0,28+49,codeword_bits,,0,1,0,0,detected_uncorrectable
SUPP-NEG-V1-001,secded_double_bit,S3,stage1_word_pos0,28+50,codeword_bits,,0,1,0,0,detected_uncorrectable
SUPP-NEG-V1-001,secded_double_bit,S3,stage1_word_pos0,28+51,codeword_bits,,0,1,0,0,detected_uncorrectable
SUPP-NEG-V1-001,secded_double_bit,S3,stage1_word_pos0,28+52,codeword_bits,,0,1,0,0,detected_uncorrectable
SUPP-NEG-V1-001,secded_double_bit,S3,stage1_word_pos0,28+53,codeword_bits,,0,1,0,0,detected_uncorrectable
SUPP-NEG-V1-001,secded_double_bit,S3,stage1_word_pos0,28+54,codeword_bits,,0,1,0,0,detected_uncorrectable
SUPP-NEG-V1-001,secded_double_bit,S3,stage1_word_pos0,28+55,codeword_bits,,0,1,0,0,detected_uncorrectable
SUPP-NEG-V1-001,secded_double_bit,S3,stage1_word_pos0,28+56,codeword_bits,,0,1,0,0,detected_uncorrectable
SUPP-NEG-V1-001,secded_double_bit,S3,stage1_word_pos0,28+57,codeword_bits,,0,1,0,0,detected_uncorrectable
SUPP-NEG-V1-001,secded_double_bit,S3,stage1_word_pos0,28+58,codeword_bits,,0,1,0,0,detected_uncorrectable
SUPP-NEG-V1-001,secded_double_bit,S3,stage1_word_pos0,28+59,codeword_bits,,0,1,0,0,detected_uncorrectable
SUPP-NEG-V1-001,secded_double_bit,S3,stage1_word_pos0,28+60,codeword_bits,,0,1,0,0,detected_uncorrectable
SUPP-NEG-V1-001,secded_double_bit,S3,stage1_word_pos0,28+61,codeword_bits,,0,1,0,0,detected_uncorrectable
SUPP-NEG-V1-001,secded_double_bit,S3,stage1_word_pos0,28+62,codeword_bits,,0,1,0,0,detected_uncorrectable
SUPP-NEG-V1-001,secded_double_bit,S3,stage1_word_pos0,28+63,codeword_bits,,0,1,0,0,detected_uncorrectable
SUPP-NEG-V1-001,secded_double_bit,S3,stage1_word_pos0,28+64,codeword_bits,,0,1,0,0,detected_uncorrectable
SUPP-NEG-V1-001,secded_double_bit,S3,stage1_word_pos0,28+65,codeword_bits,,0,1,0,0,detected_uncorrectable
SUPP-NEG-V1-001,secded_double_bit,S3,stage1_word_pos0,28+66,codeword_bits,,0,1,0,0,detected_uncorrectable
SUPP-NEG-V1-001,secded_double_bit,S3,stage1_word_pos0,28+67,codeword_bits,,0,1,0,0,detected_uncorrectable
SUPP-NEG-V1-001,secded_double_bit,S3,stage1_word_pos0,28+68,codeword_bits,,0,1,0,0,detected_uncorrectable
SUPP-NEG-V1-001,secded_double_bit,S3,stage1_word_pos0,28+69,codeword_bits,,0,1,0,0,detected_uncorrectable
SUPP-NEG-V1-001,secded_double_bit,S3,stage1_word_pos0,28+70,codeword_bits,,0,1,0,0,detected_uncorrectable
SUPP-NEG-V1-001,secded_double_bit,S3,stage1_word_pos0,28+71,codeword_bits,,0,1,0,0,detected_uncorrectable
SUPP-NEG-V1-001,secded_double_bit,S3,stage1_word_pos0,28+72,codeword_bits,,0,1,0,0,detected_uncorrectable
SUPP-NEG-V1-001,secded_double_bit,S3,stage1_word_pos0,28+73,codeword_bits,,0,1,0,0,detected_uncorrectable
SUPP-NEG-V1-001,secded_double_bit,S3,stage1_word_pos0,28+74,codeword_bits,,0,1,0,0,detected_uncorrectable
SUPP-NEG-V1-001,secded_double_bit,S3,stage1_word_pos0,28+75,codeword_bits,,0,1,0,0,detected_uncorrectable
SUPP-NEG-V1-001,secded_double_bit,S3,stage1_word_pos0,28+76,codeword_bits,,0,1,0,0,detected_uncorrectable
SUPP-NEG-V1-001,secded_double_bit,S3,stage1_word_pos0,28+77,codeword_bits,,0,1,0,0,detected_uncorrectable
SUPP-NEG-V1-001,secded_double_bit,S3,stage1_word_pos0,29+30,codeword_bits,,0,1,0,0,detected_uncorrectable
SUPP-NEG-V1-001,secded_double_bit,S3,stage1_word_pos0,29+31,codeword_bits,,0,1,0,0,detected_uncorrectable
SUPP-NEG-V1-001,secded_double_bit,S3,stage1_word_pos0,29+32,codeword_bits,,0,1,0,0,detected_uncorrectable
SUPP-NEG-V1-001,secded_double_bit,S3,stage1_word_pos0,29+33,codeword_bits,,0,1,0,0,detected_uncorrectable
SUPP-NEG-V1-001,secded_double_bit,S3,stage1_word_pos0,29+34,codeword_bits,,0,1,0,0,detected_uncorrectable
SUPP-NEG-V1-001,secded_double_bit,S3,stage1_word_pos0,29+35,codeword_bits,,0,1,0,0,detected_uncorrectable
SUPP-NEG-V1-001,secded_double_bit,S3,stage1_word_pos0,29+36,codeword_bits,,0,1,0,0,detected_uncorrectable
SUPP-NEG-V1-001,secded_double_bit,S3,stage1_word_pos0,29+37,codeword_bits,,0,1,0,0,detected_uncorrectable
SUPP-NEG-V1-001,secded_double_bit,S3,stage1_word_pos0,29+38,codeword_bits,,0,1,0,0,detected_uncorrectable
SUPP-NEG-V1-001,secded_double_bit,S3,stage1_word_pos0,29+39,codeword_bits,,0,1,0,0,detected_uncorrectable
SUPP-NEG-V1-001,secded_double_bit,S3,stage1_word_pos0,29+40,codeword_bits,,0,1,0,0,detected_uncorrectable
SUPP-NEG-V1-001,secded_double_bit,S3,stage1_word_pos0,29+41,codeword_bits,,0,1,0,0,detected_uncorrectable
SUPP-NEG-V1-001,secded_double_bit,S3,stage1_word_pos0,29+42,codeword_bits,,0,1,0,0,detected_uncorrectable
SUPP-NEG-V1-001,secded_double_bit,S3,stage1_word_pos0,29+43,codeword_bits,,0,1,0,0,detected_uncorrectable
SUPP-NEG-V1-001,secded_double_bit,S3,stage1_word_pos0,29+44,codeword_bits,,0,1,0,0,detected_uncorrectable
SUPP-NEG-V1-001,secded_double_bit,S3,stage1_word_pos0,29+45,codeword_bits,,0,1,0,0,detected_uncorrectable
SUPP-NEG-V1-001,secded_double_bit,S3,stage1_word_pos0,29+46,codeword_bits,,0,1,0,0,detected_uncorrectable
SUPP-NEG-V1-001,secded_double_bit,S3,stage1_word_pos0,29+47,codeword_bits,,0,1,0,0,detected_uncorrectable
SUPP-NEG-V1-001,secded_double_bit,S3,stage1_word_pos0,29+48,codeword_bits,,0,1,0,0,detected_uncorrectable
SUPP-NEG-V1-001,secded_double_bit,S3,stage1_word_pos0,29+49,codeword_bits,,0,1,0,0,detected_uncorrectable
SUPP-NEG-V1-001,secded_double_bit,S3,stage1_word_pos0,29+50,codeword_bits,,0,1,0,0,detected_uncorrectable
SUPP-NEG-V1-001,secded_double_bit,S3,stage1_word_pos0,29+51,codeword_bits,,0,1,0,0,detected_uncorrectable
SUPP-NEG-V1-001,secded_double_bit,S3,stage1_word_pos0,29+52,codeword_bits,,0,1,0,0,detected_uncorrectable
SUPP-NEG-V1-001,secded_double_bit,S3,stage1_word_pos0,29+53,codeword_bits,,0,1,0,0,detected_uncorrectable
SUPP-NEG-V1-001,secded_double_bit,S3,stage1_word_pos0,29+54,codeword_bits,,0,1,0,0,detected_uncorrectable
SUPP-NEG-V1-001,secded_double_bit,S3,stage1_word_pos0,29+55,codeword_bits,,0,1,0,0,detected_uncorrectable
SUPP-NEG-V1-001,secded_double_bit,S3,stage1_word_pos0,29+56,codeword_bits,,0,1,0,0,detected_uncorrectable
SUPP-NEG-V1-001,secded_double_bit,S3,stage1_word_pos0,29+57,codeword_bits,,0,1,0,0,detected_uncorrectable
SUPP-NEG-V1-001,secded_double_bit,S3,stage1_word_pos0,29+58,codeword_bits,,0,1,0,0,detected_uncorrectable
SUPP-NEG-V1-001,secded_double_bit,S3,stage1_word_pos0,29+59,codeword_bits,,0,1,0,0,detected_uncorrectable
SUPP-NEG-V1-001,secded_double_bit,S3,stage1_word_pos0,29+60,codeword_bits,,0,1,0,0,detected_uncorrectable
SUPP-NEG-V1-001,secded_double_bit,S3,stage1_word_pos0,29+61,codeword_bits,,0,1,0,0,detected_uncorrectable
SUPP-NEG-V1-001,secded_double_bit,S3,stage1_word_pos0,29+62,codeword_bits,,0,1,0,0,detected_uncorrectable
SUPP-NEG-V1-001,secded_double_bit,S3,stage1_word_pos0,29+63,codeword_bits,,0,1,0,0,detected_uncorrectable
SUPP-NEG-V1-001,secded_double_bit,S3,stage1_word_pos0,29+64,codeword_bits,,0,1,0,0,detected_uncorrectable
SUPP-NEG-V1-001,secded_double_bit,S3,stage1_word_pos0,29+65,codeword_bits,,0,1,0,0,detected_uncorrectable
SUPP-NEG-V1-001,secded_double_bit,S3,stage1_word_pos0,29+66,codeword_bits,,0,1,0,0,detected_uncorrectable
SUPP-NEG-V1-001,secded_double_bit,S3,stage1_word_pos0,29+67,codeword_bits,,0,1,0,0,detected_uncorrectable
SUPP-NEG-V1-001,secded_double_bit,S3,stage1_word_pos0,29+68,codeword_bits,,0,1,0,0,detected_uncorrectable
SUPP-NEG-V1-001,secded_double_bit,S3,stage1_word_pos0,29+69,codeword_bits,,0,1,0,0,detected_uncorrectable
SUPP-NEG-V1-001,secded_double_bit,S3,stage1_word_pos0,29+70,codeword_bits,,0,1,0,0,detected_uncorrectable
SUPP-NEG-V1-001,secded_double_bit,S3,stage1_word_pos0,29+71,codeword_bits,,0,1,0,0,detected_uncorrectable
SUPP-NEG-V1-001,secded_double_bit,S3,stage1_word_pos0,29+72,codeword_bits,,0,1,0,0,detected_uncorrectable
SUPP-NEG-V1-001,secded_double_bit,S3,stage1_word_pos0,29+73,codeword_bits,,0,1,0,0,detected_uncorrectable
SUPP-NEG-V1-001,secded_double_bit,S3,stage1_word_pos0,29+74,codeword_bits,,0,1,0,0,detected_uncorrectable
SUPP-NEG-V1-001,secded_double_bit,S3,stage1_word_pos0,29+75,codeword_bits,,0,1,0,0,detected_uncorrectable
SUPP-NEG-V1-001,secded_double_bit,S3,stage1_word_pos0,29+76,codeword_bits,,0,1,0,0,detected_uncorrectable
SUPP-NEG-V1-001,secded_double_bit,S3,stage1_word_pos0,29+77,codeword_bits,,0,1,0,0,detected_uncorrectable
SUPP-NEG-V1-001,secded_double_bit,S3,stage1_word_pos0,30+31,codeword_bits,,0,1,0,0,detected_uncorrectable
SUPP-NEG-V1-001,secded_double_bit,S3,stage1_word_pos0,30+32,codeword_bits,,0,1,0,0,detected_uncorrectable
SUPP-NEG-V1-001,secded_double_bit,S3,stage1_word_pos0,30+33,codeword_bits,,0,1,0,0,detected_uncorrectable
SUPP-NEG-V1-001,secded_double_bit,S3,stage1_word_pos0,30+34,codeword_bits,,0,1,0,0,detected_uncorrectable
SUPP-NEG-V1-001,secded_double_bit,S3,stage1_word_pos0,30+35,codeword_bits,,0,1,0,0,detected_uncorrectable
SUPP-NEG-V1-001,secded_double_bit,S3,stage1_word_pos0,30+36,codeword_bits,,0,1,0,0,detected_uncorrectable
SUPP-NEG-V1-001,secded_double_bit,S3,stage1_word_pos0,30+37,codeword_bits,,0,1,0,0,detected_uncorrectable
SUPP-NEG-V1-001,secded_double_bit,S3,stage1_word_pos0,30+38,codeword_bits,,0,1,0,0,detected_uncorrectable
SUPP-NEG-V1-001,secded_double_bit,S3,stage1_word_pos0,30+39,codeword_bits,,0,1,0,0,detected_uncorrectable
SUPP-NEG-V1-001,secded_double_bit,S3,stage1_word_pos0,30+40,codeword_bits,,0,1,0,0,detected_uncorrectable
SUPP-NEG-V1-001,secded_double_bit,S3,stage1_word_pos0,30+41,codeword_bits,,0,1,0,0,detected_uncorrectable
SUPP-NEG-V1-001,secded_double_bit,S3,stage1_word_pos0,30+42,codeword_bits,,0,1,0,0,detected_uncorrectable
SUPP-NEG-V1-001,secded_double_bit,S3,stage1_word_pos0,30+43,codeword_bits,,0,1,0,0,detected_uncorrectable
SUPP-NEG-V1-001,secded_double_bit,S3,stage1_word_pos0,30+44,codeword_bits,,0,1,0,0,detected_uncorrectable
SUPP-NEG-V1-001,secded_double_bit,S3,stage1_word_pos0,30+45,codeword_bits,,0,1,0,0,detected_uncorrectable
SUPP-NEG-V1-001,secded_double_bit,S3,stage1_word_pos0,30+46,codeword_bits,,0,1,0,0,detected_uncorrectable
SUPP-NEG-V1-001,secded_double_bit,S3,stage1_word_pos0,30+47,codeword_bits,,0,1,0,0,detected_uncorrectable
SUPP-NEG-V1-001,secded_double_bit,S3,stage1_word_pos0,30+48,codeword_bits,,0,1,0,0,detected_uncorrectable
SUPP-NEG-V1-001,secded_double_bit,S3,stage1_word_pos0,30+49,codeword_bits,,0,1,0,0,detected_uncorrectable
SUPP-NEG-V1-001,secded_double_bit,S3,stage1_word_pos0,30+50,codeword_bits,,0,1,0,0,detected_uncorrectable
SUPP-NEG-V1-001,secded_double_bit,S3,stage1_word_pos0,30+51,codeword_bits,,0,1,0,0,detected_uncorrectable
SUPP-NEG-V1-001,secded_double_bit,S3,stage1_word_pos0,30+52,codeword_bits,,0,1,0,0,detected_uncorrectable
SUPP-NEG-V1-001,secded_double_bit,S3,stage1_word_pos0,30+53,codeword_bits,,0,1,0,0,detected_uncorrectable
SUPP-NEG-V1-001,secded_double_bit,S3,stage1_word_pos0,30+54,codeword_bits,,0,1,0,0,detected_uncorrectable
SUPP-NEG-V1-001,secded_double_bit,S3,stage1_word_pos0,30+55,codeword_bits,,0,1,0,0,detected_uncorrectable
SUPP-NEG-V1-001,secded_double_bit,S3,stage1_word_pos0,30+56,codeword_bits,,0,1,0,0,detected_uncorrectable
SUPP-NEG-V1-001,secded_double_bit,S3,stage1_word_pos0,30+57,codeword_bits,,0,1,0,0,detected_uncorrectable
SUPP-NEG-V1-001,secded_double_bit,S3,stage1_word_pos0,30+58,codeword_bits,,0,1,0,0,detected_uncorrectable
SUPP-NEG-V1-001,secded_double_bit,S3,stage1_word_pos0,30+59,codeword_bits,,0,1,0,0,detected_uncorrectable
SUPP-NEG-V1-001,secded_double_bit,S3,stage1_word_pos0,30+60,codeword_bits,,0,1,0,0,detected_uncorrectable
SUPP-NEG-V1-001,secded_double_bit,S3,stage1_word_pos0,30+61,codeword_bits,,0,1,0,0,detected_uncorrectable
SUPP-NEG-V1-001,secded_double_bit,S3,stage1_word_pos0,30+62,codeword_bits,,0,1,0,0,detected_uncorrectable
SUPP-NEG-V1-001,secded_double_bit,S3,stage1_word_pos0,30+63,codeword_bits,,0,1,0,0,detected_uncorrectable
SUPP-NEG-V1-001,secded_double_bit,S3,stage1_word_pos0,30+64,codeword_bits,,0,1,0,0,detected_uncorrectable
SUPP-NEG-V1-001,secded_double_bit,S3,stage1_word_pos0,30+65,codeword_bits,,0,1,0,0,detected_uncorrectable
SUPP-NEG-V1-001,secded_double_bit,S3,stage1_word_pos0,30+66,codeword_bits,,0,1,0,0,detected_uncorrectable
SUPP-NEG-V1-001,secded_double_bit,S3,stage1_word_pos0,30+67,codeword_bits,,0,1,0,0,detected_uncorrectable
SUPP-NEG-V1-001,secded_double_bit,S3,stage1_word_pos0,30+68,codeword_bits,,0,1,0,0,detected_uncorrectable
SUPP-NEG-V1-001,secded_double_bit,S3,stage1_word_pos0,30+69,codeword_bits,,0,1,0,0,detected_uncorrectable
SUPP-NEG-V1-001,secded_double_bit,S3,stage1_word_pos0,30+70,codeword_bits,,0,1,0,0,detected_uncorrectable
SUPP-NEG-V1-001,secded_double_bit,S3,stage1_word_pos0,30+71,codeword_bits,,0,1,0,0,detected_uncorrectable
SUPP-NEG-V1-001,secded_double_bit,S3,stage1_word_pos0,30+72,codeword_bits,,0,1,0,0,detected_uncorrectable
SUPP-NEG-V1-001,secded_double_bit,S3,stage1_word_pos0,30+73,codeword_bits,,0,1,0,0,detected_uncorrectable
SUPP-NEG-V1-001,secded_double_bit,S3,stage1_word_pos0,30+74,codeword_bits,,0,1,0,0,detected_uncorrectable
SUPP-NEG-V1-001,secded_double_bit,S3,stage1_word_pos0,30+75,codeword_bits,,0,1,0,0,detected_uncorrectable
SUPP-NEG-V1-001,secded_double_bit,S3,stage1_word_pos0,30+76,codeword_bits,,0,1,0,0,detected_uncorrectable
SUPP-NEG-V1-001,secded_double_bit,S3,stage1_word_pos0,30+77,codeword_bits,,0,1,0,0,detected_uncorrectable
SUPP-NEG-V1-001,secded_double_bit,S3,stage1_word_pos0,31+32,codeword_bits,,0,1,0,0,detected_uncorrectable
SUPP-NEG-V1-001,secded_double_bit,S3,stage1_word_pos0,31+33,codeword_bits,,0,1,0,0,detected_uncorrectable
SUPP-NEG-V1-001,secded_double_bit,S3,stage1_word_pos0,31+34,codeword_bits,,0,1,0,0,detected_uncorrectable
SUPP-NEG-V1-001,secded_double_bit,S3,stage1_word_pos0,31+35,codeword_bits,,0,1,0,0,detected_uncorrectable
SUPP-NEG-V1-001,secded_double_bit,S3,stage1_word_pos0,31+36,codeword_bits,,0,1,0,0,detected_uncorrectable
SUPP-NEG-V1-001,secded_double_bit,S3,stage1_word_pos0,31+37,codeword_bits,,0,1,0,0,detected_uncorrectable
SUPP-NEG-V1-001,secded_double_bit,S3,stage1_word_pos0,31+38,codeword_bits,,0,1,0,0,detected_uncorrectable
SUPP-NEG-V1-001,secded_double_bit,S3,stage1_word_pos0,31+39,codeword_bits,,0,1,0,0,detected_uncorrectable
SUPP-NEG-V1-001,secded_double_bit,S3,stage1_word_pos0,31+40,codeword_bits,,0,1,0,0,detected_uncorrectable
SUPP-NEG-V1-001,secded_double_bit,S3,stage1_word_pos0,31+41,codeword_bits,,0,1,0,0,detected_uncorrectable
SUPP-NEG-V1-001,secded_double_bit,S3,stage1_word_pos0,31+42,codeword_bits,,0,1,0,0,detected_uncorrectable
SUPP-NEG-V1-001,secded_double_bit,S3,stage1_word_pos0,31+43,codeword_bits,,0,1,0,0,detected_uncorrectable
SUPP-NEG-V1-001,secded_double_bit,S3,stage1_word_pos0,31+44,codeword_bits,,0,1,0,0,detected_uncorrectable
SUPP-NEG-V1-001,secded_double_bit,S3,stage1_word_pos0,31+45,codeword_bits,,0,1,0,0,detected_uncorrectable
SUPP-NEG-V1-001,secded_double_bit,S3,stage1_word_pos0,31+46,codeword_bits,,0,1,0,0,detected_uncorrectable
SUPP-NEG-V1-001,secded_double_bit,S3,stage1_word_pos0,31+47,codeword_bits,,0,1,0,0,detected_uncorrectable
SUPP-NEG-V1-001,secded_double_bit,S3,stage1_word_pos0,31+48,codeword_bits,,0,1,0,0,detected_uncorrectable
SUPP-NEG-V1-001,secded_double_bit,S3,stage1_word_pos0,31+49,codeword_bits,,0,1,0,0,detected_uncorrectable
SUPP-NEG-V1-001,secded_double_bit,S3,stage1_word_pos0,31+50,codeword_bits,,0,1,0,0,detected_uncorrectable
SUPP-NEG-V1-001,secded_double_bit,S3,stage1_word_pos0,31+51,codeword_bits,,0,1,0,0,detected_uncorrectable
SUPP-NEG-V1-001,secded_double_bit,S3,stage1_word_pos0,31+52,codeword_bits,,0,1,0,0,detected_uncorrectable
SUPP-NEG-V1-001,secded_double_bit,S3,stage1_word_pos0,31+53,codeword_bits,,0,1,0,0,detected_uncorrectable
SUPP-NEG-V1-001,secded_double_bit,S3,stage1_word_pos0,31+54,codeword_bits,,0,1,0,0,detected_uncorrectable
SUPP-NEG-V1-001,secded_double_bit,S3,stage1_word_pos0,31+55,codeword_bits,,0,1,0,0,detected_uncorrectable
SUPP-NEG-V1-001,secded_double_bit,S3,stage1_word_pos0,31+56,codeword_bits,,0,1,0,0,detected_uncorrectable
SUPP-NEG-V1-001,secded_double_bit,S3,stage1_word_pos0,31+57,codeword_bits,,0,1,0,0,detected_uncorrectable
SUPP-NEG-V1-001,secded_double_bit,S3,stage1_word_pos0,31+58,codeword_bits,,0,1,0,0,detected_uncorrectable
SUPP-NEG-V1-001,secded_double_bit,S3,stage1_word_pos0,31+59,codeword_bits,,0,1,0,0,detected_uncorrectable
SUPP-NEG-V1-001,secded_double_bit,S3,stage1_word_pos0,31+60,codeword_bits,,0,1,0,0,detected_uncorrectable
SUPP-NEG-V1-001,secded_double_bit,S3,stage1_word_pos0,31+61,codeword_bits,,0,1,0,0,detected_uncorrectable
SUPP-NEG-V1-001,secded_double_bit,S3,stage1_word_pos0,31+62,codeword_bits,,0,1,0,0,detected_uncorrectable
SUPP-NEG-V1-001,secded_double_bit,S3,stage1_word_pos0,31+63,codeword_bits,,0,1,0,1,detected_uncorrectable
SUPP-NEG-V1-001,secded_double_bit,S3,stage1_word_pos0,31+64,codeword_bits,,0,1,0,0,detected_uncorrectable
SUPP-NEG-V1-001,secded_double_bit,S3,stage1_word_pos0,31+65,codeword_bits,,0,1,0,0,detected_uncorrectable
SUPP-NEG-V1-001,secded_double_bit,S3,stage1_word_pos0,31+66,codeword_bits,,0,1,0,0,detected_uncorrectable
SUPP-NEG-V1-001,secded_double_bit,S3,stage1_word_pos0,31+67,codeword_bits,,0,1,0,0,detected_uncorrectable
SUPP-NEG-V1-001,secded_double_bit,S3,stage1_word_pos0,31+68,codeword_bits,,0,1,0,0,detected_uncorrectable
SUPP-NEG-V1-001,secded_double_bit,S3,stage1_word_pos0,31+69,codeword_bits,,0,1,0,0,detected_uncorrectable
SUPP-NEG-V1-001,secded_double_bit,S3,stage1_word_pos0,31+70,codeword_bits,,0,1,0,0,detected_uncorrectable
SUPP-NEG-V1-001,secded_double_bit,S3,stage1_word_pos0,31+71,codeword_bits,,0,1,0,0,detected_uncorrectable
SUPP-NEG-V1-001,secded_double_bit,S3,stage1_word_pos0,31+72,codeword_bits,,0,1,0,0,detected_uncorrectable
SUPP-NEG-V1-001,secded_double_bit,S3,stage1_word_pos0,31+73,codeword_bits,,0,1,0,0,detected_uncorrectable
SUPP-NEG-V1-001,secded_double_bit,S3,stage1_word_pos0,31+74,codeword_bits,,0,1,0,0,detected_uncorrectable
SUPP-NEG-V1-001,secded_double_bit,S3,stage1_word_pos0,31+75,codeword_bits,,0,1,0,0,detected_uncorrectable
SUPP-NEG-V1-001,secded_double_bit,S3,stage1_word_pos0,31+76,codeword_bits,,0,1,0,0,detected_uncorrectable
SUPP-NEG-V1-001,secded_double_bit,S3,stage1_word_pos0,31+77,codeword_bits,,0,1,0,1,detected_uncorrectable
SUPP-NEG-V1-001,secded_double_bit,S3,stage1_word_pos0,32+33,codeword_bits,,0,1,0,0,detected_uncorrectable
SUPP-NEG-V1-001,secded_double_bit,S3,stage1_word_pos0,32+34,codeword_bits,,0,1,0,0,detected_uncorrectable
SUPP-NEG-V1-001,secded_double_bit,S3,stage1_word_pos0,32+35,codeword_bits,,0,1,0,0,detected_uncorrectable
SUPP-NEG-V1-001,secded_double_bit,S3,stage1_word_pos0,32+36,codeword_bits,,0,1,0,0,detected_uncorrectable
SUPP-NEG-V1-001,secded_double_bit,S3,stage1_word_pos0,32+37,codeword_bits,,0,1,0,0,detected_uncorrectable
SUPP-NEG-V1-001,secded_double_bit,S3,stage1_word_pos0,32+38,codeword_bits,,0,1,0,0,detected_uncorrectable
SUPP-NEG-V1-001,secded_double_bit,S3,stage1_word_pos0,32+39,codeword_bits,,0,1,0,0,detected_uncorrectable
SUPP-NEG-V1-001,secded_double_bit,S3,stage1_word_pos0,32+40,codeword_bits,,0,1,0,0,detected_uncorrectable
SUPP-NEG-V1-001,secded_double_bit,S3,stage1_word_pos0,32+41,codeword_bits,,0,1,0,0,detected_uncorrectable
SUPP-NEG-V1-001,secded_double_bit,S3,stage1_word_pos0,32+42,codeword_bits,,0,1,0,0,detected_uncorrectable
SUPP-NEG-V1-001,secded_double_bit,S3,stage1_word_pos0,32+43,codeword_bits,,0,1,0,0,detected_uncorrectable
SUPP-NEG-V1-001,secded_double_bit,S3,stage1_word_pos0,32+44,codeword_bits,,0,1,0,0,detected_uncorrectable
SUPP-NEG-V1-001,secded_double_bit,S3,stage1_word_pos0,32+45,codeword_bits,,0,1,0,0,detected_uncorrectable
SUPP-NEG-V1-001,secded_double_bit,S3,stage1_word_pos0,32+46,codeword_bits,,0,1,0,0,detected_uncorrectable
SUPP-NEG-V1-001,secded_double_bit,S3,stage1_word_pos0,32+47,codeword_bits,,0,1,0,0,detected_uncorrectable
SUPP-NEG-V1-001,secded_double_bit,S3,stage1_word_pos0,32+48,codeword_bits,,0,1,0,0,detected_uncorrectable
SUPP-NEG-V1-001,secded_double_bit,S3,stage1_word_pos0,32+49,codeword_bits,,0,1,0,0,detected_uncorrectable
SUPP-NEG-V1-001,secded_double_bit,S3,stage1_word_pos0,32+50,codeword_bits,,0,1,0,0,detected_uncorrectable
SUPP-NEG-V1-001,secded_double_bit,S3,stage1_word_pos0,32+51,codeword_bits,,0,1,0,0,detected_uncorrectable
SUPP-NEG-V1-001,secded_double_bit,S3,stage1_word_pos0,32+52,codeword_bits,,0,1,0,0,detected_uncorrectable
SUPP-NEG-V1-001,secded_double_bit,S3,stage1_word_pos0,32+53,codeword_bits,,0,1,0,0,detected_uncorrectable
SUPP-NEG-V1-001,secded_double_bit,S3,stage1_word_pos0,32+54,codeword_bits,,0,1,0,0,detected_uncorrectable
SUPP-NEG-V1-001,secded_double_bit,S3,stage1_word_pos0,32+55,codeword_bits,,0,1,0,0,detected_uncorrectable
SUPP-NEG-V1-001,secded_double_bit,S3,stage1_word_pos0,32+56,codeword_bits,,0,1,0,0,detected_uncorrectable
SUPP-NEG-V1-001,secded_double_bit,S3,stage1_word_pos0,32+57,codeword_bits,,0,1,0,0,detected_uncorrectable
SUPP-NEG-V1-001,secded_double_bit,S3,stage1_word_pos0,32+58,codeword_bits,,0,1,0,0,detected_uncorrectable
SUPP-NEG-V1-001,secded_double_bit,S3,stage1_word_pos0,32+59,codeword_bits,,0,1,0,0,detected_uncorrectable
SUPP-NEG-V1-001,secded_double_bit,S3,stage1_word_pos0,32+60,codeword_bits,,0,1,0,0,detected_uncorrectable
SUPP-NEG-V1-001,secded_double_bit,S3,stage1_word_pos0,32+61,codeword_bits,,0,1,0,0,detected_uncorrectable
SUPP-NEG-V1-001,secded_double_bit,S3,stage1_word_pos0,32+62,codeword_bits,,0,1,0,0,detected_uncorrectable
SUPP-NEG-V1-001,secded_double_bit,S3,stage1_word_pos0,32+63,codeword_bits,,0,1,0,0,detected_uncorrectable
SUPP-NEG-V1-001,secded_double_bit,S3,stage1_word_pos0,32+64,codeword_bits,,0,1,0,0,detected_uncorrectable
SUPP-NEG-V1-001,secded_double_bit,S3,stage1_word_pos0,32+65,codeword_bits,,0,1,0,0,detected_uncorrectable
SUPP-NEG-V1-001,secded_double_bit,S3,stage1_word_pos0,32+66,codeword_bits,,0,1,0,0,detected_uncorrectable
SUPP-NEG-V1-001,secded_double_bit,S3,stage1_word_pos0,32+67,codeword_bits,,0,1,0,0,detected_uncorrectable
SUPP-NEG-V1-001,secded_double_bit,S3,stage1_word_pos0,32+68,codeword_bits,,0,1,0,0,detected_uncorrectable
SUPP-NEG-V1-001,secded_double_bit,S3,stage1_word_pos0,32+69,codeword_bits,,0,1,0,0,detected_uncorrectable
SUPP-NEG-V1-001,secded_double_bit,S3,stage1_word_pos0,32+70,codeword_bits,,0,1,0,0,detected_uncorrectable
SUPP-NEG-V1-001,secded_double_bit,S3,stage1_word_pos0,32+71,codeword_bits,,0,1,0,0,detected_uncorrectable
SUPP-NEG-V1-001,secded_double_bit,S3,stage1_word_pos0,32+72,codeword_bits,,0,1,0,0,detected_uncorrectable
SUPP-NEG-V1-001,secded_double_bit,S3,stage1_word_pos0,32+73,codeword_bits,,0,1,0,0,detected_uncorrectable
SUPP-NEG-V1-001,secded_double_bit,S3,stage1_word_pos0,32+74,codeword_bits,,0,1,0,0,detected_uncorrectable
SUPP-NEG-V1-001,secded_double_bit,S3,stage1_word_pos0,32+75,codeword_bits,,0,1,0,0,detected_uncorrectable
SUPP-NEG-V1-001,secded_double_bit,S3,stage1_word_pos0,32+76,codeword_bits,,0,1,0,0,detected_uncorrectable
SUPP-NEG-V1-001,secded_double_bit,S3,stage1_word_pos0,32+77,codeword_bits,,0,1,0,0,detected_uncorrectable
SUPP-NEG-V1-001,secded_double_bit,S3,stage1_word_pos0,33+34,codeword_bits,,0,1,0,0,detected_uncorrectable
SUPP-NEG-V1-001,secded_double_bit,S3,stage1_word_pos0,33+35,codeword_bits,,0,1,0,0,detected_uncorrectable
SUPP-NEG-V1-001,secded_double_bit,S3,stage1_word_pos0,33+36,codeword_bits,,0,1,0,0,detected_uncorrectable
SUPP-NEG-V1-001,secded_double_bit,S3,stage1_word_pos0,33+37,codeword_bits,,0,1,0,0,detected_uncorrectable
SUPP-NEG-V1-001,secded_double_bit,S3,stage1_word_pos0,33+38,codeword_bits,,0,1,0,0,detected_uncorrectable
SUPP-NEG-V1-001,secded_double_bit,S3,stage1_word_pos0,33+39,codeword_bits,,0,1,0,0,detected_uncorrectable
SUPP-NEG-V1-001,secded_double_bit,S3,stage1_word_pos0,33+40,codeword_bits,,0,1,0,0,detected_uncorrectable
SUPP-NEG-V1-001,secded_double_bit,S3,stage1_word_pos0,33+41,codeword_bits,,0,1,0,0,detected_uncorrectable
SUPP-NEG-V1-001,secded_double_bit,S3,stage1_word_pos0,33+42,codeword_bits,,0,1,0,0,detected_uncorrectable
SUPP-NEG-V1-001,secded_double_bit,S3,stage1_word_pos0,33+43,codeword_bits,,0,1,0,0,detected_uncorrectable
SUPP-NEG-V1-001,secded_double_bit,S3,stage1_word_pos0,33+44,codeword_bits,,0,1,0,0,detected_uncorrectable
SUPP-NEG-V1-001,secded_double_bit,S3,stage1_word_pos0,33+45,codeword_bits,,0,1,0,0,detected_uncorrectable
SUPP-NEG-V1-001,secded_double_bit,S3,stage1_word_pos0,33+46,codeword_bits,,0,1,0,0,detected_uncorrectable
SUPP-NEG-V1-001,secded_double_bit,S3,stage1_word_pos0,33+47,codeword_bits,,0,1,0,0,detected_uncorrectable
SUPP-NEG-V1-001,secded_double_bit,S3,stage1_word_pos0,33+48,codeword_bits,,0,1,0,0,detected_uncorrectable
SUPP-NEG-V1-001,secded_double_bit,S3,stage1_word_pos0,33+49,codeword_bits,,0,1,0,0,detected_uncorrectable
SUPP-NEG-V1-001,secded_double_bit,S3,stage1_word_pos0,33+50,codeword_bits,,0,1,0,0,detected_uncorrectable
SUPP-NEG-V1-001,secded_double_bit,S3,stage1_word_pos0,33+51,codeword_bits,,0,1,0,0,detected_uncorrectable
SUPP-NEG-V1-001,secded_double_bit,S3,stage1_word_pos0,33+52,codeword_bits,,0,1,0,0,detected_uncorrectable
SUPP-NEG-V1-001,secded_double_bit,S3,stage1_word_pos0,33+53,codeword_bits,,0,1,0,0,detected_uncorrectable
SUPP-NEG-V1-001,secded_double_bit,S3,stage1_word_pos0,33+54,codeword_bits,,0,1,0,0,detected_uncorrectable
SUPP-NEG-V1-001,secded_double_bit,S3,stage1_word_pos0,33+55,codeword_bits,,0,1,0,0,detected_uncorrectable
SUPP-NEG-V1-001,secded_double_bit,S3,stage1_word_pos0,33+56,codeword_bits,,0,1,0,0,detected_uncorrectable
SUPP-NEG-V1-001,secded_double_bit,S3,stage1_word_pos0,33+57,codeword_bits,,0,1,0,0,detected_uncorrectable
SUPP-NEG-V1-001,secded_double_bit,S3,stage1_word_pos0,33+58,codeword_bits,,0,1,0,0,detected_uncorrectable
SUPP-NEG-V1-001,secded_double_bit,S3,stage1_word_pos0,33+59,codeword_bits,,0,1,0,0,detected_uncorrectable
SUPP-NEG-V1-001,secded_double_bit,S3,stage1_word_pos0,33+60,codeword_bits,,0,1,0,0,detected_uncorrectable
SUPP-NEG-V1-001,secded_double_bit,S3,stage1_word_pos0,33+61,codeword_bits,,0,1,0,0,detected_uncorrectable
SUPP-NEG-V1-001,secded_double_bit,S3,stage1_word_pos0,33+62,codeword_bits,,0,1,0,0,detected_uncorrectable
SUPP-NEG-V1-001,secded_double_bit,S3,stage1_word_pos0,33+63,codeword_bits,,0,1,0,0,detected_uncorrectable
SUPP-NEG-V1-001,secded_double_bit,S3,stage1_word_pos0,33+64,codeword_bits,,0,1,0,0,detected_uncorrectable
SUPP-NEG-V1-001,secded_double_bit,S3,stage1_word_pos0,33+65,codeword_bits,,0,1,0,0,detected_uncorrectable
SUPP-NEG-V1-001,secded_double_bit,S3,stage1_word_pos0,33+66,codeword_bits,,0,1,0,0,detected_uncorrectable
SUPP-NEG-V1-001,secded_double_bit,S3,stage1_word_pos0,33+67,codeword_bits,,0,1,0,0,detected_uncorrectable
SUPP-NEG-V1-001,secded_double_bit,S3,stage1_word_pos0,33+68,codeword_bits,,0,1,0,0,detected_uncorrectable
SUPP-NEG-V1-001,secded_double_bit,S3,stage1_word_pos0,33+69,codeword_bits,,0,1,0,0,detected_uncorrectable
SUPP-NEG-V1-001,secded_double_bit,S3,stage1_word_pos0,33+70,codeword_bits,,0,1,0,0,detected_uncorrectable
SUPP-NEG-V1-001,secded_double_bit,S3,stage1_word_pos0,33+71,codeword_bits,,0,1,0,0,detected_uncorrectable
SUPP-NEG-V1-001,secded_double_bit,S3,stage1_word_pos0,33+72,codeword_bits,,0,1,0,0,detected_uncorrectable
SUPP-NEG-V1-001,secded_double_bit,S3,stage1_word_pos0,33+73,codeword_bits,,0,1,0,0,detected_uncorrectable
SUPP-NEG-V1-001,secded_double_bit,S3,stage1_word_pos0,33+74,codeword_bits,,0,1,0,0,detected_uncorrectable
SUPP-NEG-V1-001,secded_double_bit,S3,stage1_word_pos0,33+75,codeword_bits,,0,1,0,0,detected_uncorrectable
SUPP-NEG-V1-001,secded_double_bit,S3,stage1_word_pos0,33+76,codeword_bits,,0,1,0,0,detected_uncorrectable
SUPP-NEG-V1-001,secded_double_bit,S3,stage1_word_pos0,33+77,codeword_bits,,0,1,0,0,detected_uncorrectable
SUPP-NEG-V1-001,secded_double_bit,S3,stage1_word_pos0,34+35,codeword_bits,,0,1,0,0,detected_uncorrectable
SUPP-NEG-V1-001,secded_double_bit,S3,stage1_word_pos0,34+36,codeword_bits,,0,1,0,0,detected_uncorrectable
SUPP-NEG-V1-001,secded_double_bit,S3,stage1_word_pos0,34+37,codeword_bits,,0,1,0,0,detected_uncorrectable
SUPP-NEG-V1-001,secded_double_bit,S3,stage1_word_pos0,34+38,codeword_bits,,0,1,0,0,detected_uncorrectable
SUPP-NEG-V1-001,secded_double_bit,S3,stage1_word_pos0,34+39,codeword_bits,,0,1,0,0,detected_uncorrectable
SUPP-NEG-V1-001,secded_double_bit,S3,stage1_word_pos0,34+40,codeword_bits,,0,1,0,0,detected_uncorrectable
SUPP-NEG-V1-001,secded_double_bit,S3,stage1_word_pos0,34+41,codeword_bits,,0,1,0,0,detected_uncorrectable
SUPP-NEG-V1-001,secded_double_bit,S3,stage1_word_pos0,34+42,codeword_bits,,0,1,0,0,detected_uncorrectable
SUPP-NEG-V1-001,secded_double_bit,S3,stage1_word_pos0,34+43,codeword_bits,,0,1,0,0,detected_uncorrectable
SUPP-NEG-V1-001,secded_double_bit,S3,stage1_word_pos0,34+44,codeword_bits,,0,1,0,0,detected_uncorrectable
SUPP-NEG-V1-001,secded_double_bit,S3,stage1_word_pos0,34+45,codeword_bits,,0,1,0,0,detected_uncorrectable
SUPP-NEG-V1-001,secded_double_bit,S3,stage1_word_pos0,34+46,codeword_bits,,0,1,0,0,detected_uncorrectable
SUPP-NEG-V1-001,secded_double_bit,S3,stage1_word_pos0,34+47,codeword_bits,,0,1,0,0,detected_uncorrectable
SUPP-NEG-V1-001,secded_double_bit,S3,stage1_word_pos0,34+48,codeword_bits,,0,1,0,0,detected_uncorrectable
SUPP-NEG-V1-001,secded_double_bit,S3,stage1_word_pos0,34+49,codeword_bits,,0,1,0,0,detected_uncorrectable
SUPP-NEG-V1-001,secded_double_bit,S3,stage1_word_pos0,34+50,codeword_bits,,0,1,0,0,detected_uncorrectable
SUPP-NEG-V1-001,secded_double_bit,S3,stage1_word_pos0,34+51,codeword_bits,,0,1,0,0,detected_uncorrectable
SUPP-NEG-V1-001,secded_double_bit,S3,stage1_word_pos0,34+52,codeword_bits,,0,1,0,0,detected_uncorrectable
SUPP-NEG-V1-001,secded_double_bit,S3,stage1_word_pos0,34+53,codeword_bits,,0,1,0,0,detected_uncorrectable
SUPP-NEG-V1-001,secded_double_bit,S3,stage1_word_pos0,34+54,codeword_bits,,0,1,0,0,detected_uncorrectable
SUPP-NEG-V1-001,secded_double_bit,S3,stage1_word_pos0,34+55,codeword_bits,,0,1,0,0,detected_uncorrectable
SUPP-NEG-V1-001,secded_double_bit,S3,stage1_word_pos0,34+56,codeword_bits,,0,1,0,0,detected_uncorrectable
SUPP-NEG-V1-001,secded_double_bit,S3,stage1_word_pos0,34+57,codeword_bits,,0,1,0,0,detected_uncorrectable
SUPP-NEG-V1-001,secded_double_bit,S3,stage1_word_pos0,34+58,codeword_bits,,0,1,0,0,detected_uncorrectable
SUPP-NEG-V1-001,secded_double_bit,S3,stage1_word_pos0,34+59,codeword_bits,,0,1,0,0,detected_uncorrectable
SUPP-NEG-V1-001,secded_double_bit,S3,stage1_word_pos0,34+60,codeword_bits,,0,1,0,0,detected_uncorrectable
SUPP-NEG-V1-001,secded_double_bit,S3,stage1_word_pos0,34+61,codeword_bits,,0,1,0,0,detected_uncorrectable
SUPP-NEG-V1-001,secded_double_bit,S3,stage1_word_pos0,34+62,codeword_bits,,0,1,0,0,detected_uncorrectable
SUPP-NEG-V1-001,secded_double_bit,S3,stage1_word_pos0,34+63,codeword_bits,,0,1,0,0,detected_uncorrectable
SUPP-NEG-V1-001,secded_double_bit,S3,stage1_word_pos0,34+64,codeword_bits,,0,1,0,0,detected_uncorrectable
SUPP-NEG-V1-001,secded_double_bit,S3,stage1_word_pos0,34+65,codeword_bits,,0,1,0,0,detected_uncorrectable
SUPP-NEG-V1-001,secded_double_bit,S3,stage1_word_pos0,34+66,codeword_bits,,0,1,0,0,detected_uncorrectable
SUPP-NEG-V1-001,secded_double_bit,S3,stage1_word_pos0,34+67,codeword_bits,,0,1,0,0,detected_uncorrectable
SUPP-NEG-V1-001,secded_double_bit,S3,stage1_word_pos0,34+68,codeword_bits,,0,1,0,0,detected_uncorrectable
SUPP-NEG-V1-001,secded_double_bit,S3,stage1_word_pos0,34+69,codeword_bits,,0,1,0,0,detected_uncorrectable
SUPP-NEG-V1-001,secded_double_bit,S3,stage1_word_pos0,34+70,codeword_bits,,0,1,0,0,detected_uncorrectable
SUPP-NEG-V1-001,secded_double_bit,S3,stage1_word_pos0,34+71,codeword_bits,,0,1,0,0,detected_uncorrectable
SUPP-NEG-V1-001,secded_double_bit,S3,stage1_word_pos0,34+72,codeword_bits,,0,1,0,0,detected_uncorrectable
SUPP-NEG-V1-001,secded_double_bit,S3,stage1_word_pos0,34+73,codeword_bits,,0,1,0,0,detected_uncorrectable
SUPP-NEG-V1-001,secded_double_bit,S3,stage1_word_pos0,34+74,codeword_bits,,0,1,0,0,detected_uncorrectable
SUPP-NEG-V1-001,secded_double_bit,S3,stage1_word_pos0,34+75,codeword_bits,,0,1,0,0,detected_uncorrectable
SUPP-NEG-V1-001,secded_double_bit,S3,stage1_word_pos0,34+76,codeword_bits,,0,1,0,0,detected_uncorrectable
SUPP-NEG-V1-001,secded_double_bit,S3,stage1_word_pos0,34+77,codeword_bits,,0,1,0,0,detected_uncorrectable
SUPP-NEG-V1-001,secded_double_bit,S3,stage1_word_pos0,35+36,codeword_bits,,0,1,0,0,detected_uncorrectable
SUPP-NEG-V1-001,secded_double_bit,S3,stage1_word_pos0,35+37,codeword_bits,,0,1,0,0,detected_uncorrectable
SUPP-NEG-V1-001,secded_double_bit,S3,stage1_word_pos0,35+38,codeword_bits,,0,1,0,0,detected_uncorrectable
SUPP-NEG-V1-001,secded_double_bit,S3,stage1_word_pos0,35+39,codeword_bits,,0,1,0,0,detected_uncorrectable
SUPP-NEG-V1-001,secded_double_bit,S3,stage1_word_pos0,35+40,codeword_bits,,0,1,0,0,detected_uncorrectable
SUPP-NEG-V1-001,secded_double_bit,S3,stage1_word_pos0,35+41,codeword_bits,,0,1,0,0,detected_uncorrectable
SUPP-NEG-V1-001,secded_double_bit,S3,stage1_word_pos0,35+42,codeword_bits,,0,1,0,0,detected_uncorrectable
SUPP-NEG-V1-001,secded_double_bit,S3,stage1_word_pos0,35+43,codeword_bits,,0,1,0,0,detected_uncorrectable
SUPP-NEG-V1-001,secded_double_bit,S3,stage1_word_pos0,35+44,codeword_bits,,0,1,0,0,detected_uncorrectable
SUPP-NEG-V1-001,secded_double_bit,S3,stage1_word_pos0,35+45,codeword_bits,,0,1,0,0,detected_uncorrectable
SUPP-NEG-V1-001,secded_double_bit,S3,stage1_word_pos0,35+46,codeword_bits,,0,1,0,0,detected_uncorrectable
SUPP-NEG-V1-001,secded_double_bit,S3,stage1_word_pos0,35+47,codeword_bits,,0,1,0,0,detected_uncorrectable
SUPP-NEG-V1-001,secded_double_bit,S3,stage1_word_pos0,35+48,codeword_bits,,0,1,0,0,detected_uncorrectable
SUPP-NEG-V1-001,secded_double_bit,S3,stage1_word_pos0,35+49,codeword_bits,,0,1,0,0,detected_uncorrectable
SUPP-NEG-V1-001,secded_double_bit,S3,stage1_word_pos0,35+50,codeword_bits,,0,1,0,0,detected_uncorrectable
SUPP-NEG-V1-001,secded_double_bit,S3,stage1_word_pos0,35+51,codeword_bits,,0,1,0,0,detected_uncorrectable
SUPP-NEG-V1-001,secded_double_bit,S3,stage1_word_pos0,35+52,codeword_bits,,0,1,0,0,detected_uncorrectable
SUPP-NEG-V1-001,secded_double_bit,S3,stage1_word_pos0,35+53,codeword_bits,,0,1,0,0,detected_uncorrectable
SUPP-NEG-V1-001,secded_double_bit,S3,stage1_word_pos0,35+54,codeword_bits,,0,1,0,0,detected_uncorrectable
SUPP-NEG-V1-001,secded_double_bit,S3,stage1_word_pos0,35+55,codeword_bits,,0,1,0,0,detected_uncorrectable
SUPP-NEG-V1-001,secded_double_bit,S3,stage1_word_pos0,35+56,codeword_bits,,0,1,0,0,detected_uncorrectable
SUPP-NEG-V1-001,secded_double_bit,S3,stage1_word_pos0,35+57,codeword_bits,,0,1,0,0,detected_uncorrectable
SUPP-NEG-V1-001,secded_double_bit,S3,stage1_word_pos0,35+58,codeword_bits,,0,1,0,0,detected_uncorrectable
SUPP-NEG-V1-001,secded_double_bit,S3,stage1_word_pos0,35+59,codeword_bits,,0,1,0,0,detected_uncorrectable
SUPP-NEG-V1-001,secded_double_bit,S3,stage1_word_pos0,35+60,codeword_bits,,0,1,0,0,detected_uncorrectable
SUPP-NEG-V1-001,secded_double_bit,S3,stage1_word_pos0,35+61,codeword_bits,,0,1,0,0,detected_uncorrectable
SUPP-NEG-V1-001,secded_double_bit,S3,stage1_word_pos0,35+62,codeword_bits,,0,1,0,0,detected_uncorrectable
SUPP-NEG-V1-001,secded_double_bit,S3,stage1_word_pos0,35+63,codeword_bits,,0,1,0,0,detected_uncorrectable
SUPP-NEG-V1-001,secded_double_bit,S3,stage1_word_pos0,35+64,codeword_bits,,0,1,0,0,detected_uncorrectable
SUPP-NEG-V1-001,secded_double_bit,S3,stage1_word_pos0,35+65,codeword_bits,,0,1,0,0,detected_uncorrectable
SUPP-NEG-V1-001,secded_double_bit,S3,stage1_word_pos0,35+66,codeword_bits,,0,1,0,0,detected_uncorrectable
SUPP-NEG-V1-001,secded_double_bit,S3,stage1_word_pos0,35+67,codeword_bits,,0,1,0,0,detected_uncorrectable
SUPP-NEG-V1-001,secded_double_bit,S3,stage1_word_pos0,35+68,codeword_bits,,0,1,0,0,detected_uncorrectable
SUPP-NEG-V1-001,secded_double_bit,S3,stage1_word_pos0,35+69,codeword_bits,,0,1,0,0,detected_uncorrectable
SUPP-NEG-V1-001,secded_double_bit,S3,stage1_word_pos0,35+70,codeword_bits,,0,1,0,0,detected_uncorrectable
SUPP-NEG-V1-001,secded_double_bit,S3,stage1_word_pos0,35+71,codeword_bits,,0,1,0,0,detected_uncorrectable
SUPP-NEG-V1-001,secded_double_bit,S3,stage1_word_pos0,35+72,codeword_bits,,0,1,0,0,detected_uncorrectable
SUPP-NEG-V1-001,secded_double_bit,S3,stage1_word_pos0,35+73,codeword_bits,,0,1,0,0,detected_uncorrectable
SUPP-NEG-V1-001,secded_double_bit,S3,stage1_word_pos0,35+74,codeword_bits,,0,1,0,0,detected_uncorrectable
SUPP-NEG-V1-001,secded_double_bit,S3,stage1_word_pos0,35+75,codeword_bits,,0,1,0,0,detected_uncorrectable
SUPP-NEG-V1-001,secded_double_bit,S3,stage1_word_pos0,35+76,codeword_bits,,0,1,0,0,detected_uncorrectable
SUPP-NEG-V1-001,secded_double_bit,S3,stage1_word_pos0,35+77,codeword_bits,,0,1,0,0,detected_uncorrectable
SUPP-NEG-V1-001,secded_double_bit,S3,stage1_word_pos0,36+37,codeword_bits,,0,1,0,0,detected_uncorrectable
SUPP-NEG-V1-001,secded_double_bit,S3,stage1_word_pos0,36+38,codeword_bits,,0,1,0,0,detected_uncorrectable
SUPP-NEG-V1-001,secded_double_bit,S3,stage1_word_pos0,36+39,codeword_bits,,0,1,0,0,detected_uncorrectable
SUPP-NEG-V1-001,secded_double_bit,S3,stage1_word_pos0,36+40,codeword_bits,,0,1,0,0,detected_uncorrectable
SUPP-NEG-V1-001,secded_double_bit,S3,stage1_word_pos0,36+41,codeword_bits,,0,1,0,0,detected_uncorrectable
SUPP-NEG-V1-001,secded_double_bit,S3,stage1_word_pos0,36+42,codeword_bits,,0,1,0,0,detected_uncorrectable
SUPP-NEG-V1-001,secded_double_bit,S3,stage1_word_pos0,36+43,codeword_bits,,0,1,0,0,detected_uncorrectable
SUPP-NEG-V1-001,secded_double_bit,S3,stage1_word_pos0,36+44,codeword_bits,,0,1,0,0,detected_uncorrectable
SUPP-NEG-V1-001,secded_double_bit,S3,stage1_word_pos0,36+45,codeword_bits,,0,1,0,0,detected_uncorrectable
SUPP-NEG-V1-001,secded_double_bit,S3,stage1_word_pos0,36+46,codeword_bits,,0,1,0,0,detected_uncorrectable
SUPP-NEG-V1-001,secded_double_bit,S3,stage1_word_pos0,36+47,codeword_bits,,0,1,0,0,detected_uncorrectable
SUPP-NEG-V1-001,secded_double_bit,S3,stage1_word_pos0,36+48,codeword_bits,,0,1,0,0,detected_uncorrectable
SUPP-NEG-V1-001,secded_double_bit,S3,stage1_word_pos0,36+49,codeword_bits,,0,1,0,0,detected_uncorrectable
SUPP-NEG-V1-001,secded_double_bit,S3,stage1_word_pos0,36+50,codeword_bits,,0,1,0,0,detected_uncorrectable
SUPP-NEG-V1-001,secded_double_bit,S3,stage1_word_pos0,36+51,codeword_bits,,0,1,0,0,detected_uncorrectable
SUPP-NEG-V1-001,secded_double_bit,S3,stage1_word_pos0,36+52,codeword_bits,,0,1,0,0,detected_uncorrectable
SUPP-NEG-V1-001,secded_double_bit,S3,stage1_word_pos0,36+53,codeword_bits,,0,1,0,0,detected_uncorrectable
SUPP-NEG-V1-001,secded_double_bit,S3,stage1_word_pos0,36+54,codeword_bits,,0,1,0,0,detected_uncorrectable
SUPP-NEG-V1-001,secded_double_bit,S3,stage1_word_pos0,36+55,codeword_bits,,0,1,0,0,detected_uncorrectable
SUPP-NEG-V1-001,secded_double_bit,S3,stage1_word_pos0,36+56,codeword_bits,,0,1,0,0,detected_uncorrectable
SUPP-NEG-V1-001,secded_double_bit,S3,stage1_word_pos0,36+57,codeword_bits,,0,1,0,0,detected_uncorrectable
SUPP-NEG-V1-001,secded_double_bit,S3,stage1_word_pos0,36+58,codeword_bits,,0,1,0,0,detected_uncorrectable
SUPP-NEG-V1-001,secded_double_bit,S3,stage1_word_pos0,36+59,codeword_bits,,0,1,0,0,detected_uncorrectable
SUPP-NEG-V1-001,secded_double_bit,S3,stage1_word_pos0,36+60,codeword_bits,,0,1,0,0,detected_uncorrectable
SUPP-NEG-V1-001,secded_double_bit,S3,stage1_word_pos0,36+61,codeword_bits,,0,1,0,0,detected_uncorrectable
SUPP-NEG-V1-001,secded_double_bit,S3,stage1_word_pos0,36+62,codeword_bits,,0,1,0,0,detected_uncorrectable
SUPP-NEG-V1-001,secded_double_bit,S3,stage1_word_pos0,36+63,codeword_bits,,0,1,0,0,detected_uncorrectable
SUPP-NEG-V1-001,secded_double_bit,S3,stage1_word_pos0,36+64,codeword_bits,,0,1,0,0,detected_uncorrectable
SUPP-NEG-V1-001,secded_double_bit,S3,stage1_word_pos0,36+65,codeword_bits,,0,1,0,0,detected_uncorrectable
SUPP-NEG-V1-001,secded_double_bit,S3,stage1_word_pos0,36+66,codeword_bits,,0,1,0,0,detected_uncorrectable
SUPP-NEG-V1-001,secded_double_bit,S3,stage1_word_pos0,36+67,codeword_bits,,0,1,0,0,detected_uncorrectable
SUPP-NEG-V1-001,secded_double_bit,S3,stage1_word_pos0,36+68,codeword_bits,,0,1,0,0,detected_uncorrectable
SUPP-NEG-V1-001,secded_double_bit,S3,stage1_word_pos0,36+69,codeword_bits,,0,1,0,0,detected_uncorrectable
SUPP-NEG-V1-001,secded_double_bit,S3,stage1_word_pos0,36+70,codeword_bits,,0,1,0,0,detected_uncorrectable
SUPP-NEG-V1-001,secded_double_bit,S3,stage1_word_pos0,36+71,codeword_bits,,0,1,0,0,detected_uncorrectable
SUPP-NEG-V1-001,secded_double_bit,S3,stage1_word_pos0,36+72,codeword_bits,,0,1,0,0,detected_uncorrectable
SUPP-NEG-V1-001,secded_double_bit,S3,stage1_word_pos0,36+73,codeword_bits,,0,1,0,0,detected_uncorrectable
SUPP-NEG-V1-001,secded_double_bit,S3,stage1_word_pos0,36+74,codeword_bits,,0,1,0,0,detected_uncorrectable
SUPP-NEG-V1-001,secded_double_bit,S3,stage1_word_pos0,36+75,codeword_bits,,0,1,0,0,detected_uncorrectable
SUPP-NEG-V1-001,secded_double_bit,S3,stage1_word_pos0,36+76,codeword_bits,,0,1,0,0,detected_uncorrectable
SUPP-NEG-V1-001,secded_double_bit,S3,stage1_word_pos0,36+77,codeword_bits,,0,1,0,0,detected_uncorrectable
SUPP-NEG-V1-001,secded_double_bit,S3,stage1_word_pos0,37+38,codeword_bits,,0,1,0,0,detected_uncorrectable
SUPP-NEG-V1-001,secded_double_bit,S3,stage1_word_pos0,37+39,codeword_bits,,0,1,0,0,detected_uncorrectable
SUPP-NEG-V1-001,secded_double_bit,S3,stage1_word_pos0,37+40,codeword_bits,,0,1,0,0,detected_uncorrectable
SUPP-NEG-V1-001,secded_double_bit,S3,stage1_word_pos0,37+41,codeword_bits,,0,1,0,0,detected_uncorrectable
SUPP-NEG-V1-001,secded_double_bit,S3,stage1_word_pos0,37+42,codeword_bits,,0,1,0,0,detected_uncorrectable
SUPP-NEG-V1-001,secded_double_bit,S3,stage1_word_pos0,37+43,codeword_bits,,0,1,0,0,detected_uncorrectable
SUPP-NEG-V1-001,secded_double_bit,S3,stage1_word_pos0,37+44,codeword_bits,,0,1,0,0,detected_uncorrectable
SUPP-NEG-V1-001,secded_double_bit,S3,stage1_word_pos0,37+45,codeword_bits,,0,1,0,0,detected_uncorrectable
SUPP-NEG-V1-001,secded_double_bit,S3,stage1_word_pos0,37+46,codeword_bits,,0,1,0,0,detected_uncorrectable
SUPP-NEG-V1-001,secded_double_bit,S3,stage1_word_pos0,37+47,codeword_bits,,0,1,0,0,detected_uncorrectable
SUPP-NEG-V1-001,secded_double_bit,S3,stage1_word_pos0,37+48,codeword_bits,,0,1,0,0,detected_uncorrectable
SUPP-NEG-V1-001,secded_double_bit,S3,stage1_word_pos0,37+49,codeword_bits,,0,1,0,0,detected_uncorrectable
SUPP-NEG-V1-001,secded_double_bit,S3,stage1_word_pos0,37+50,codeword_bits,,0,1,0,0,detected_uncorrectable
SUPP-NEG-V1-001,secded_double_bit,S3,stage1_word_pos0,37+51,codeword_bits,,0,1,0,0,detected_uncorrectable
SUPP-NEG-V1-001,secded_double_bit,S3,stage1_word_pos0,37+52,codeword_bits,,0,1,0,0,detected_uncorrectable
SUPP-NEG-V1-001,secded_double_bit,S3,stage1_word_pos0,37+53,codeword_bits,,0,1,0,0,detected_uncorrectable
SUPP-NEG-V1-001,secded_double_bit,S3,stage1_word_pos0,37+54,codeword_bits,,0,1,0,0,detected_uncorrectable
SUPP-NEG-V1-001,secded_double_bit,S3,stage1_word_pos0,37+55,codeword_bits,,0,1,0,0,detected_uncorrectable
SUPP-NEG-V1-001,secded_double_bit,S3,stage1_word_pos0,37+56,codeword_bits,,0,1,0,0,detected_uncorrectable
SUPP-NEG-V1-001,secded_double_bit,S3,stage1_word_pos0,37+57,codeword_bits,,0,1,0,0,detected_uncorrectable
SUPP-NEG-V1-001,secded_double_bit,S3,stage1_word_pos0,37+58,codeword_bits,,0,1,0,0,detected_uncorrectable
SUPP-NEG-V1-001,secded_double_bit,S3,stage1_word_pos0,37+59,codeword_bits,,0,1,0,0,detected_uncorrectable
SUPP-NEG-V1-001,secded_double_bit,S3,stage1_word_pos0,37+60,codeword_bits,,0,1,0,0,detected_uncorrectable
SUPP-NEG-V1-001,secded_double_bit,S3,stage1_word_pos0,37+61,codeword_bits,,0,1,0,0,detected_uncorrectable
SUPP-NEG-V1-001,secded_double_bit,S3,stage1_word_pos0,37+62,codeword_bits,,0,1,0,0,detected_uncorrectable
SUPP-NEG-V1-001,secded_double_bit,S3,stage1_word_pos0,37+63,codeword_bits,,0,1,0,0,detected_uncorrectable
SUPP-NEG-V1-001,secded_double_bit,S3,stage1_word_pos0,37+64,codeword_bits,,0,1,0,0,detected_uncorrectable
SUPP-NEG-V1-001,secded_double_bit,S3,stage1_word_pos0,37+65,codeword_bits,,0,1,0,0,detected_uncorrectable
SUPP-NEG-V1-001,secded_double_bit,S3,stage1_word_pos0,37+66,codeword_bits,,0,1,0,0,detected_uncorrectable
SUPP-NEG-V1-001,secded_double_bit,S3,stage1_word_pos0,37+67,codeword_bits,,0,1,0,0,detected_uncorrectable
SUPP-NEG-V1-001,secded_double_bit,S3,stage1_word_pos0,37+68,codeword_bits,,0,1,0,0,detected_uncorrectable
SUPP-NEG-V1-001,secded_double_bit,S3,stage1_word_pos0,37+69,codeword_bits,,0,1,0,0,detected_uncorrectable
SUPP-NEG-V1-001,secded_double_bit,S3,stage1_word_pos0,37+70,codeword_bits,,0,1,0,0,detected_uncorrectable
SUPP-NEG-V1-001,secded_double_bit,S3,stage1_word_pos0,37+71,codeword_bits,,0,1,0,0,detected_uncorrectable
SUPP-NEG-V1-001,secded_double_bit,S3,stage1_word_pos0,37+72,codeword_bits,,0,1,0,0,detected_uncorrectable
SUPP-NEG-V1-001,secded_double_bit,S3,stage1_word_pos0,37+73,codeword_bits,,0,1,0,0,detected_uncorrectable
SUPP-NEG-V1-001,secded_double_bit,S3,stage1_word_pos0,37+74,codeword_bits,,0,1,0,0,detected_uncorrectable
SUPP-NEG-V1-001,secded_double_bit,S3,stage1_word_pos0,37+75,codeword_bits,,0,1,0,0,detected_uncorrectable
SUPP-NEG-V1-001,secded_double_bit,S3,stage1_word_pos0,37+76,codeword_bits,,0,1,0,0,detected_uncorrectable
SUPP-NEG-V1-001,secded_double_bit,S3,stage1_word_pos0,37+77,codeword_bits,,0,1,0,0,detected_uncorrectable
SUPP-NEG-V1-001,secded_double_bit,S3,stage1_word_pos0,38+39,codeword_bits,,0,1,0,0,detected_uncorrectable
SUPP-NEG-V1-001,secded_double_bit,S3,stage1_word_pos0,38+40,codeword_bits,,0,1,0,0,detected_uncorrectable
SUPP-NEG-V1-001,secded_double_bit,S3,stage1_word_pos0,38+41,codeword_bits,,0,1,0,0,detected_uncorrectable
SUPP-NEG-V1-001,secded_double_bit,S3,stage1_word_pos0,38+42,codeword_bits,,0,1,0,0,detected_uncorrectable
SUPP-NEG-V1-001,secded_double_bit,S3,stage1_word_pos0,38+43,codeword_bits,,0,1,0,0,detected_uncorrectable
SUPP-NEG-V1-001,secded_double_bit,S3,stage1_word_pos0,38+44,codeword_bits,,0,1,0,0,detected_uncorrectable
SUPP-NEG-V1-001,secded_double_bit,S3,stage1_word_pos0,38+45,codeword_bits,,0,1,0,0,detected_uncorrectable
SUPP-NEG-V1-001,secded_double_bit,S3,stage1_word_pos0,38+46,codeword_bits,,0,1,0,0,detected_uncorrectable
SUPP-NEG-V1-001,secded_double_bit,S3,stage1_word_pos0,38+47,codeword_bits,,0,1,0,0,detected_uncorrectable
SUPP-NEG-V1-001,secded_double_bit,S3,stage1_word_pos0,38+48,codeword_bits,,0,1,0,0,detected_uncorrectable
SUPP-NEG-V1-001,secded_double_bit,S3,stage1_word_pos0,38+49,codeword_bits,,0,1,0,0,detected_uncorrectable
SUPP-NEG-V1-001,secded_double_bit,S3,stage1_word_pos0,38+50,codeword_bits,,0,1,0,0,detected_uncorrectable
SUPP-NEG-V1-001,secded_double_bit,S3,stage1_word_pos0,38+51,codeword_bits,,0,1,0,0,detected_uncorrectable
SUPP-NEG-V1-001,secded_double_bit,S3,stage1_word_pos0,38+52,codeword_bits,,0,1,0,0,detected_uncorrectable
SUPP-NEG-V1-001,secded_double_bit,S3,stage1_word_pos0,38+53,codeword_bits,,0,1,0,0,detected_uncorrectable
SUPP-NEG-V1-001,secded_double_bit,S3,stage1_word_pos0,38+54,codeword_bits,,0,1,0,0,detected_uncorrectable
SUPP-NEG-V1-001,secded_double_bit,S3,stage1_word_pos0,38+55,codeword_bits,,0,1,0,0,detected_uncorrectable
SUPP-NEG-V1-001,secded_double_bit,S3,stage1_word_pos0,38+56,codeword_bits,,0,1,0,0,detected_uncorrectable
SUPP-NEG-V1-001,secded_double_bit,S3,stage1_word_pos0,38+57,codeword_bits,,0,1,0,0,detected_uncorrectable
SUPP-NEG-V1-001,secded_double_bit,S3,stage1_word_pos0,38+58,codeword_bits,,0,1,0,0,detected_uncorrectable
SUPP-NEG-V1-001,secded_double_bit,S3,stage1_word_pos0,38+59,codeword_bits,,0,1,0,0,detected_uncorrectable
SUPP-NEG-V1-001,secded_double_bit,S3,stage1_word_pos0,38+60,codeword_bits,,0,1,0,0,detected_uncorrectable
SUPP-NEG-V1-001,secded_double_bit,S3,stage1_word_pos0,38+61,codeword_bits,,0,1,0,0,detected_uncorrectable
SUPP-NEG-V1-001,secded_double_bit,S3,stage1_word_pos0,38+62,codeword_bits,,0,1,0,0,detected_uncorrectable
SUPP-NEG-V1-001,secded_double_bit,S3,stage1_word_pos0,38+63,codeword_bits,,0,1,0,0,detected_uncorrectable
SUPP-NEG-V1-001,secded_double_bit,S3,stage1_word_pos0,38+64,codeword_bits,,0,1,0,0,detected_uncorrectable
SUPP-NEG-V1-001,secded_double_bit,S3,stage1_word_pos0,38+65,codeword_bits,,0,1,0,0,detected_uncorrectable
SUPP-NEG-V1-001,secded_double_bit,S3,stage1_word_pos0,38+66,codeword_bits,,0,1,0,0,detected_uncorrectable
SUPP-NEG-V1-001,secded_double_bit,S3,stage1_word_pos0,38+67,codeword_bits,,0,1,0,0,detected_uncorrectable
SUPP-NEG-V1-001,secded_double_bit,S3,stage1_word_pos0,38+68,codeword_bits,,0,1,0,0,detected_uncorrectable
SUPP-NEG-V1-001,secded_double_bit,S3,stage1_word_pos0,38+69,codeword_bits,,0,1,0,0,detected_uncorrectable
SUPP-NEG-V1-001,secded_double_bit,S3,stage1_word_pos0,38+70,codeword_bits,,0,1,0,0,detected_uncorrectable
SUPP-NEG-V1-001,secded_double_bit,S3,stage1_word_pos0,38+71,codeword_bits,,0,1,0,0,detected_uncorrectable
SUPP-NEG-V1-001,secded_double_bit,S3,stage1_word_pos0,38+72,codeword_bits,,0,1,0,0,detected_uncorrectable
SUPP-NEG-V1-001,secded_double_bit,S3,stage1_word_pos0,38+73,codeword_bits,,0,1,0,0,detected_uncorrectable
SUPP-NEG-V1-001,secded_double_bit,S3,stage1_word_pos0,38+74,codeword_bits,,0,1,0,0,detected_uncorrectable
SUPP-NEG-V1-001,secded_double_bit,S3,stage1_word_pos0,38+75,codeword_bits,,0,1,0,0,detected_uncorrectable
SUPP-NEG-V1-001,secded_double_bit,S3,stage1_word_pos0,38+76,codeword_bits,,0,1,0,0,detected_uncorrectable
SUPP-NEG-V1-001,secded_double_bit,S3,stage1_word_pos0,38+77,codeword_bits,,0,1,0,0,detected_uncorrectable
SUPP-NEG-V1-001,secded_double_bit,S3,stage1_word_pos0,39+40,codeword_bits,,0,1,0,0,detected_uncorrectable
SUPP-NEG-V1-001,secded_double_bit,S3,stage1_word_pos0,39+41,codeword_bits,,0,1,0,0,detected_uncorrectable
SUPP-NEG-V1-001,secded_double_bit,S3,stage1_word_pos0,39+42,codeword_bits,,0,1,0,0,detected_uncorrectable
SUPP-NEG-V1-001,secded_double_bit,S3,stage1_word_pos0,39+43,codeword_bits,,0,1,0,0,detected_uncorrectable
SUPP-NEG-V1-001,secded_double_bit,S3,stage1_word_pos0,39+44,codeword_bits,,0,1,0,0,detected_uncorrectable
SUPP-NEG-V1-001,secded_double_bit,S3,stage1_word_pos0,39+45,codeword_bits,,0,1,0,0,detected_uncorrectable
SUPP-NEG-V1-001,secded_double_bit,S3,stage1_word_pos0,39+46,codeword_bits,,0,1,0,0,detected_uncorrectable
SUPP-NEG-V1-001,secded_double_bit,S3,stage1_word_pos0,39+47,codeword_bits,,0,1,0,0,detected_uncorrectable
SUPP-NEG-V1-001,secded_double_bit,S3,stage1_word_pos0,39+48,codeword_bits,,0,1,0,0,detected_uncorrectable
SUPP-NEG-V1-001,secded_double_bit,S3,stage1_word_pos0,39+49,codeword_bits,,0,1,0,0,detected_uncorrectable
SUPP-NEG-V1-001,secded_double_bit,S3,stage1_word_pos0,39+50,codeword_bits,,0,1,0,0,detected_uncorrectable
SUPP-NEG-V1-001,secded_double_bit,S3,stage1_word_pos0,39+51,codeword_bits,,0,1,0,0,detected_uncorrectable
SUPP-NEG-V1-001,secded_double_bit,S3,stage1_word_pos0,39+52,codeword_bits,,0,1,0,0,detected_uncorrectable
SUPP-NEG-V1-001,secded_double_bit,S3,stage1_word_pos0,39+53,codeword_bits,,0,1,0,0,detected_uncorrectable
SUPP-NEG-V1-001,secded_double_bit,S3,stage1_word_pos0,39+54,codeword_bits,,0,1,0,0,detected_uncorrectable
SUPP-NEG-V1-001,secded_double_bit,S3,stage1_word_pos0,39+55,codeword_bits,,0,1,0,0,detected_uncorrectable
SUPP-NEG-V1-001,secded_double_bit,S3,stage1_word_pos0,39+56,codeword_bits,,0,1,0,0,detected_uncorrectable
SUPP-NEG-V1-001,secded_double_bit,S3,stage1_word_pos0,39+57,codeword_bits,,0,1,0,0,detected_uncorrectable
SUPP-NEG-V1-001,secded_double_bit,S3,stage1_word_pos0,39+58,codeword_bits,,0,1,0,0,detected_uncorrectable
SUPP-NEG-V1-001,secded_double_bit,S3,stage1_word_pos0,39+59,codeword_bits,,0,1,0,0,detected_uncorrectable
SUPP-NEG-V1-001,secded_double_bit,S3,stage1_word_pos0,39+60,codeword_bits,,0,1,0,0,detected_uncorrectable
SUPP-NEG-V1-001,secded_double_bit,S3,stage1_word_pos0,39+61,codeword_bits,,0,1,0,0,detected_uncorrectable
SUPP-NEG-V1-001,secded_double_bit,S3,stage1_word_pos0,39+62,codeword_bits,,0,1,0,0,detected_uncorrectable
SUPP-NEG-V1-001,secded_double_bit,S3,stage1_word_pos0,39+63,codeword_bits,,0,1,0,0,detected_uncorrectable
SUPP-NEG-V1-001,secded_double_bit,S3,stage1_word_pos0,39+64,codeword_bits,,0,1,0,0,detected_uncorrectable
SUPP-NEG-V1-001,secded_double_bit,S3,stage1_word_pos0,39+65,codeword_bits,,0,1,0,0,detected_uncorrectable
SUPP-NEG-V1-001,secded_double_bit,S3,stage1_word_pos0,39+66,codeword_bits,,0,1,0,0,detected_uncorrectable
SUPP-NEG-V1-001,secded_double_bit,S3,stage1_word_pos0,39+67,codeword_bits,,0,1,0,0,detected_uncorrectable
SUPP-NEG-V1-001,secded_double_bit,S3,stage1_word_pos0,39+68,codeword_bits,,0,1,0,0,detected_uncorrectable
SUPP-NEG-V1-001,secded_double_bit,S3,stage1_word_pos0,39+69,codeword_bits,,0,1,0,0,detected_uncorrectable
SUPP-NEG-V1-001,secded_double_bit,S3,stage1_word_pos0,39+70,codeword_bits,,0,1,0,0,detected_uncorrectable
SUPP-NEG-V1-001,secded_double_bit,S3,stage1_word_pos0,39+71,codeword_bits,,0,1,0,0,detected_uncorrectable
SUPP-NEG-V1-001,secded_double_bit,S3,stage1_word_pos0,39+72,codeword_bits,,0,1,0,0,detected_uncorrectable
SUPP-NEG-V1-001,secded_double_bit,S3,stage1_word_pos0,39+73,codeword_bits,,0,1,0,0,detected_uncorrectable
SUPP-NEG-V1-001,secded_double_bit,S3,stage1_word_pos0,39+74,codeword_bits,,0,1,0,0,detected_uncorrectable
SUPP-NEG-V1-001,secded_double_bit,S3,stage1_word_pos0,39+75,codeword_bits,,0,1,0,0,detected_uncorrectable
SUPP-NEG-V1-001,secded_double_bit,S3,stage1_word_pos0,39+76,codeword_bits,,0,1,0,0,detected_uncorrectable
SUPP-NEG-V1-001,secded_double_bit,S3,stage1_word_pos0,39+77,codeword_bits,,0,1,0,0,detected_uncorrectable
SUPP-NEG-V1-001,secded_double_bit,S3,stage1_word_pos0,40+41,codeword_bits,,0,1,0,0,detected_uncorrectable
SUPP-NEG-V1-001,secded_double_bit,S3,stage1_word_pos0,40+42,codeword_bits,,0,1,0,0,detected_uncorrectable
SUPP-NEG-V1-001,secded_double_bit,S3,stage1_word_pos0,40+43,codeword_bits,,0,1,0,0,detected_uncorrectable
SUPP-NEG-V1-001,secded_double_bit,S3,stage1_word_pos0,40+44,codeword_bits,,0,1,0,0,detected_uncorrectable
SUPP-NEG-V1-001,secded_double_bit,S3,stage1_word_pos0,40+45,codeword_bits,,0,1,0,0,detected_uncorrectable
SUPP-NEG-V1-001,secded_double_bit,S3,stage1_word_pos0,40+46,codeword_bits,,0,1,0,0,detected_uncorrectable
SUPP-NEG-V1-001,secded_double_bit,S3,stage1_word_pos0,40+47,codeword_bits,,0,1,0,0,detected_uncorrectable
SUPP-NEG-V1-001,secded_double_bit,S3,stage1_word_pos0,40+48,codeword_bits,,0,1,0,0,detected_uncorrectable
SUPP-NEG-V1-001,secded_double_bit,S3,stage1_word_pos0,40+49,codeword_bits,,0,1,0,0,detected_uncorrectable
SUPP-NEG-V1-001,secded_double_bit,S3,stage1_word_pos0,40+50,codeword_bits,,0,1,0,0,detected_uncorrectable
SUPP-NEG-V1-001,secded_double_bit,S3,stage1_word_pos0,40+51,codeword_bits,,0,1,0,0,detected_uncorrectable
SUPP-NEG-V1-001,secded_double_bit,S3,stage1_word_pos0,40+52,codeword_bits,,0,1,0,0,detected_uncorrectable
SUPP-NEG-V1-001,secded_double_bit,S3,stage1_word_pos0,40+53,codeword_bits,,0,1,0,0,detected_uncorrectable
SUPP-NEG-V1-001,secded_double_bit,S3,stage1_word_pos0,40+54,codeword_bits,,0,1,0,0,detected_uncorrectable
SUPP-NEG-V1-001,secded_double_bit,S3,stage1_word_pos0,40+55,codeword_bits,,0,1,0,0,detected_uncorrectable
SUPP-NEG-V1-001,secded_double_bit,S3,stage1_word_pos0,40+56,codeword_bits,,0,1,0,0,detected_uncorrectable
SUPP-NEG-V1-001,secded_double_bit,S3,stage1_word_pos0,40+57,codeword_bits,,0,1,0,0,detected_uncorrectable
SUPP-NEG-V1-001,secded_double_bit,S3,stage1_word_pos0,40+58,codeword_bits,,0,1,0,0,detected_uncorrectable
SUPP-NEG-V1-001,secded_double_bit,S3,stage1_word_pos0,40+59,codeword_bits,,0,1,0,0,detected_uncorrectable
SUPP-NEG-V1-001,secded_double_bit,S3,stage1_word_pos0,40+60,codeword_bits,,0,1,0,0,detected_uncorrectable
SUPP-NEG-V1-001,secded_double_bit,S3,stage1_word_pos0,40+61,codeword_bits,,0,1,0,0,detected_uncorrectable
SUPP-NEG-V1-001,secded_double_bit,S3,stage1_word_pos0,40+62,codeword_bits,,0,1,0,0,detected_uncorrectable
SUPP-NEG-V1-001,secded_double_bit,S3,stage1_word_pos0,40+63,codeword_bits,,0,1,0,0,detected_uncorrectable
SUPP-NEG-V1-001,secded_double_bit,S3,stage1_word_pos0,40+64,codeword_bits,,0,1,0,0,detected_uncorrectable
SUPP-NEG-V1-001,secded_double_bit,S3,stage1_word_pos0,40+65,codeword_bits,,0,1,0,0,detected_uncorrectable
SUPP-NEG-V1-001,secded_double_bit,S3,stage1_word_pos0,40+66,codeword_bits,,0,1,0,0,detected_uncorrectable
SUPP-NEG-V1-001,secded_double_bit,S3,stage1_word_pos0,40+67,codeword_bits,,0,1,0,0,detected_uncorrectable
SUPP-NEG-V1-001,secded_double_bit,S3,stage1_word_pos0,40+68,codeword_bits,,0,1,0,0,detected_uncorrectable
SUPP-NEG-V1-001,secded_double_bit,S3,stage1_word_pos0,40+69,codeword_bits,,0,1,0,0,detected_uncorrectable
SUPP-NEG-V1-001,secded_double_bit,S3,stage1_word_pos0,40+70,codeword_bits,,0,1,0,0,detected_uncorrectable
SUPP-NEG-V1-001,secded_double_bit,S3,stage1_word_pos0,40+71,codeword_bits,,0,1,0,0,detected_uncorrectable
SUPP-NEG-V1-001,secded_double_bit,S3,stage1_word_pos0,40+72,codeword_bits,,0,1,0,0,detected_uncorrectable
SUPP-NEG-V1-001,secded_double_bit,S3,stage1_word_pos0,40+73,codeword_bits,,0,1,0,0,detected_uncorrectable
SUPP-NEG-V1-001,secded_double_bit,S3,stage1_word_pos0,40+74,codeword_bits,,0,1,0,0,detected_uncorrectable
SUPP-NEG-V1-001,secded_double_bit,S3,stage1_word_pos0,40+75,codeword_bits,,0,1,0,0,detected_uncorrectable
SUPP-NEG-V1-001,secded_double_bit,S3,stage1_word_pos0,40+76,codeword_bits,,0,1,0,0,detected_uncorrectable
SUPP-NEG-V1-001,secded_double_bit,S3,stage1_word_pos0,40+77,codeword_bits,,0,1,0,0,detected_uncorrectable
SUPP-NEG-V1-001,secded_double_bit,S3,stage1_word_pos0,41+42,codeword_bits,,0,1,0,0,detected_uncorrectable
SUPP-NEG-V1-001,secded_double_bit,S3,stage1_word_pos0,41+43,codeword_bits,,0,1,0,0,detected_uncorrectable
SUPP-NEG-V1-001,secded_double_bit,S3,stage1_word_pos0,41+44,codeword_bits,,0,1,0,0,detected_uncorrectable
SUPP-NEG-V1-001,secded_double_bit,S3,stage1_word_pos0,41+45,codeword_bits,,0,1,0,0,detected_uncorrectable
SUPP-NEG-V1-001,secded_double_bit,S3,stage1_word_pos0,41+46,codeword_bits,,0,1,0,0,detected_uncorrectable
SUPP-NEG-V1-001,secded_double_bit,S3,stage1_word_pos0,41+47,codeword_bits,,0,1,0,0,detected_uncorrectable
SUPP-NEG-V1-001,secded_double_bit,S3,stage1_word_pos0,41+48,codeword_bits,,0,1,0,0,detected_uncorrectable
SUPP-NEG-V1-001,secded_double_bit,S3,stage1_word_pos0,41+49,codeword_bits,,0,1,0,0,detected_uncorrectable
SUPP-NEG-V1-001,secded_double_bit,S3,stage1_word_pos0,41+50,codeword_bits,,0,1,0,0,detected_uncorrectable
SUPP-NEG-V1-001,secded_double_bit,S3,stage1_word_pos0,41+51,codeword_bits,,0,1,0,0,detected_uncorrectable
SUPP-NEG-V1-001,secded_double_bit,S3,stage1_word_pos0,41+52,codeword_bits,,0,1,0,0,detected_uncorrectable
SUPP-NEG-V1-001,secded_double_bit,S3,stage1_word_pos0,41+53,codeword_bits,,0,1,0,0,detected_uncorrectable
SUPP-NEG-V1-001,secded_double_bit,S3,stage1_word_pos0,41+54,codeword_bits,,0,1,0,0,detected_uncorrectable
SUPP-NEG-V1-001,secded_double_bit,S3,stage1_word_pos0,41+55,codeword_bits,,0,1,0,0,detected_uncorrectable
SUPP-NEG-V1-001,secded_double_bit,S3,stage1_word_pos0,41+56,codeword_bits,,0,1,0,0,detected_uncorrectable
SUPP-NEG-V1-001,secded_double_bit,S3,stage1_word_pos0,41+57,codeword_bits,,0,1,0,0,detected_uncorrectable
SUPP-NEG-V1-001,secded_double_bit,S3,stage1_word_pos0,41+58,codeword_bits,,0,1,0,0,detected_uncorrectable
SUPP-NEG-V1-001,secded_double_bit,S3,stage1_word_pos0,41+59,codeword_bits,,0,1,0,0,detected_uncorrectable
SUPP-NEG-V1-001,secded_double_bit,S3,stage1_word_pos0,41+60,codeword_bits,,0,1,0,0,detected_uncorrectable
SUPP-NEG-V1-001,secded_double_bit,S3,stage1_word_pos0,41+61,codeword_bits,,0,1,0,0,detected_uncorrectable
SUPP-NEG-V1-001,secded_double_bit,S3,stage1_word_pos0,41+62,codeword_bits,,0,1,0,0,detected_uncorrectable
SUPP-NEG-V1-001,secded_double_bit,S3,stage1_word_pos0,41+63,codeword_bits,,0,1,0,0,detected_uncorrectable
SUPP-NEG-V1-001,secded_double_bit,S3,stage1_word_pos0,41+64,codeword_bits,,0,1,0,0,detected_uncorrectable
SUPP-NEG-V1-001,secded_double_bit,S3,stage1_word_pos0,41+65,codeword_bits,,0,1,0,0,detected_uncorrectable
SUPP-NEG-V1-001,secded_double_bit,S3,stage1_word_pos0,41+66,codeword_bits,,0,1,0,0,detected_uncorrectable
SUPP-NEG-V1-001,secded_double_bit,S3,stage1_word_pos0,41+67,codeword_bits,,0,1,0,0,detected_uncorrectable
SUPP-NEG-V1-001,secded_double_bit,S3,stage1_word_pos0,41+68,codeword_bits,,0,1,0,0,detected_uncorrectable
SUPP-NEG-V1-001,secded_double_bit,S3,stage1_word_pos0,41+69,codeword_bits,,0,1,0,0,detected_uncorrectable
SUPP-NEG-V1-001,secded_double_bit,S3,stage1_word_pos0,41+70,codeword_bits,,0,1,0,0,detected_uncorrectable
SUPP-NEG-V1-001,secded_double_bit,S3,stage1_word_pos0,41+71,codeword_bits,,0,1,0,0,detected_uncorrectable
SUPP-NEG-V1-001,secded_double_bit,S3,stage1_word_pos0,41+72,codeword_bits,,0,1,0,0,detected_uncorrectable
SUPP-NEG-V1-001,secded_double_bit,S3,stage1_word_pos0,41+73,codeword_bits,,0,1,0,0,detected_uncorrectable
SUPP-NEG-V1-001,secded_double_bit,S3,stage1_word_pos0,41+74,codeword_bits,,0,1,0,0,detected_uncorrectable
SUPP-NEG-V1-001,secded_double_bit,S3,stage1_word_pos0,41+75,codeword_bits,,0,1,0,0,detected_uncorrectable
SUPP-NEG-V1-001,secded_double_bit,S3,stage1_word_pos0,41+76,codeword_bits,,0,1,0,0,detected_uncorrectable
SUPP-NEG-V1-001,secded_double_bit,S3,stage1_word_pos0,41+77,codeword_bits,,0,1,0,0,detected_uncorrectable
SUPP-NEG-V1-001,secded_double_bit,S3,stage1_word_pos0,42+43,codeword_bits,,0,1,0,0,detected_uncorrectable
SUPP-NEG-V1-001,secded_double_bit,S3,stage1_word_pos0,42+44,codeword_bits,,0,1,0,0,detected_uncorrectable
SUPP-NEG-V1-001,secded_double_bit,S3,stage1_word_pos0,42+45,codeword_bits,,0,1,0,0,detected_uncorrectable
SUPP-NEG-V1-001,secded_double_bit,S3,stage1_word_pos0,42+46,codeword_bits,,0,1,0,0,detected_uncorrectable
SUPP-NEG-V1-001,secded_double_bit,S3,stage1_word_pos0,42+47,codeword_bits,,0,1,0,0,detected_uncorrectable
SUPP-NEG-V1-001,secded_double_bit,S3,stage1_word_pos0,42+48,codeword_bits,,0,1,0,0,detected_uncorrectable
SUPP-NEG-V1-001,secded_double_bit,S3,stage1_word_pos0,42+49,codeword_bits,,0,1,0,0,detected_uncorrectable
SUPP-NEG-V1-001,secded_double_bit,S3,stage1_word_pos0,42+50,codeword_bits,,0,1,0,0,detected_uncorrectable
SUPP-NEG-V1-001,secded_double_bit,S3,stage1_word_pos0,42+51,codeword_bits,,0,1,0,0,detected_uncorrectable
SUPP-NEG-V1-001,secded_double_bit,S3,stage1_word_pos0,42+52,codeword_bits,,0,1,0,0,detected_uncorrectable
SUPP-NEG-V1-001,secded_double_bit,S3,stage1_word_pos0,42+53,codeword_bits,,0,1,0,0,detected_uncorrectable
SUPP-NEG-V1-001,secded_double_bit,S3,stage1_word_pos0,42+54,codeword_bits,,0,1,0,0,detected_uncorrectable
SUPP-NEG-V1-001,secded_double_bit,S3,stage1_word_pos0,42+55,codeword_bits,,0,1,0,0,detected_uncorrectable
SUPP-NEG-V1-001,secded_double_bit,S3,stage1_word_pos0,42+56,codeword_bits,,0,1,0,0,detected_uncorrectable
SUPP-NEG-V1-001,secded_double_bit,S3,stage1_word_pos0,42+57,codeword_bits,,0,1,0,0,detected_uncorrectable
SUPP-NEG-V1-001,secded_double_bit,S3,stage1_word_pos0,42+58,codeword_bits,,0,1,0,0,detected_uncorrectable
SUPP-NEG-V1-001,secded_double_bit,S3,stage1_word_pos0,42+59,codeword_bits,,0,1,0,0,detected_uncorrectable
SUPP-NEG-V1-001,secded_double_bit,S3,stage1_word_pos0,42+60,codeword_bits,,0,1,0,0,detected_uncorrectable
SUPP-NEG-V1-001,secded_double_bit,S3,stage1_word_pos0,42+61,codeword_bits,,0,1,0,0,detected_uncorrectable
SUPP-NEG-V1-001,secded_double_bit,S3,stage1_word_pos0,42+62,codeword_bits,,0,1,0,0,detected_uncorrectable
SUPP-NEG-V1-001,secded_double_bit,S3,stage1_word_pos0,42+63,codeword_bits,,0,1,0,0,detected_uncorrectable
SUPP-NEG-V1-001,secded_double_bit,S3,stage1_word_pos0,42+64,codeword_bits,,0,1,0,0,detected_uncorrectable
SUPP-NEG-V1-001,secded_double_bit,S3,stage1_word_pos0,42+65,codeword_bits,,0,1,0,0,detected_uncorrectable
SUPP-NEG-V1-001,secded_double_bit,S3,stage1_word_pos0,42+66,codeword_bits,,0,1,0,0,detected_uncorrectable
SUPP-NEG-V1-001,secded_double_bit,S3,stage1_word_pos0,42+67,codeword_bits,,0,1,0,0,detected_uncorrectable
SUPP-NEG-V1-001,secded_double_bit,S3,stage1_word_pos0,42+68,codeword_bits,,0,1,0,0,detected_uncorrectable
SUPP-NEG-V1-001,secded_double_bit,S3,stage1_word_pos0,42+69,codeword_bits,,0,1,0,0,detected_uncorrectable
SUPP-NEG-V1-001,secded_double_bit,S3,stage1_word_pos0,42+70,codeword_bits,,0,1,0,0,detected_uncorrectable
SUPP-NEG-V1-001,secded_double_bit,S3,stage1_word_pos0,42+71,codeword_bits,,0,1,0,0,detected_uncorrectable
SUPP-NEG-V1-001,secded_double_bit,S3,stage1_word_pos0,42+72,codeword_bits,,0,1,0,0,detected_uncorrectable
SUPP-NEG-V1-001,secded_double_bit,S3,stage1_word_pos0,42+73,codeword_bits,,0,1,0,0,detected_uncorrectable
SUPP-NEG-V1-001,secded_double_bit,S3,stage1_word_pos0,42+74,codeword_bits,,0,1,0,0,detected_uncorrectable
SUPP-NEG-V1-001,secded_double_bit,S3,stage1_word_pos0,42+75,codeword_bits,,0,1,0,0,detected_uncorrectable
SUPP-NEG-V1-001,secded_double_bit,S3,stage1_word_pos0,42+76,codeword_bits,,0,1,0,0,detected_uncorrectable
SUPP-NEG-V1-001,secded_double_bit,S3,stage1_word_pos0,42+77,codeword_bits,,0,1,0,0,detected_uncorrectable
SUPP-NEG-V1-001,secded_double_bit,S3,stage1_word_pos0,43+44,codeword_bits,,0,1,0,0,detected_uncorrectable
SUPP-NEG-V1-001,secded_double_bit,S3,stage1_word_pos0,43+45,codeword_bits,,0,1,0,0,detected_uncorrectable
SUPP-NEG-V1-001,secded_double_bit,S3,stage1_word_pos0,43+46,codeword_bits,,0,1,0,0,detected_uncorrectable
SUPP-NEG-V1-001,secded_double_bit,S3,stage1_word_pos0,43+47,codeword_bits,,0,1,0,0,detected_uncorrectable
SUPP-NEG-V1-001,secded_double_bit,S3,stage1_word_pos0,43+48,codeword_bits,,0,1,0,0,detected_uncorrectable
SUPP-NEG-V1-001,secded_double_bit,S3,stage1_word_pos0,43+49,codeword_bits,,0,1,0,0,detected_uncorrectable
SUPP-NEG-V1-001,secded_double_bit,S3,stage1_word_pos0,43+50,codeword_bits,,0,1,0,0,detected_uncorrectable
SUPP-NEG-V1-001,secded_double_bit,S3,stage1_word_pos0,43+51,codeword_bits,,0,1,0,0,detected_uncorrectable
SUPP-NEG-V1-001,secded_double_bit,S3,stage1_word_pos0,43+52,codeword_bits,,0,1,0,0,detected_uncorrectable
SUPP-NEG-V1-001,secded_double_bit,S3,stage1_word_pos0,43+53,codeword_bits,,0,1,0,0,detected_uncorrectable
SUPP-NEG-V1-001,secded_double_bit,S3,stage1_word_pos0,43+54,codeword_bits,,0,1,0,0,detected_uncorrectable
SUPP-NEG-V1-001,secded_double_bit,S3,stage1_word_pos0,43+55,codeword_bits,,0,1,0,0,detected_uncorrectable
SUPP-NEG-V1-001,secded_double_bit,S3,stage1_word_pos0,43+56,codeword_bits,,0,1,0,0,detected_uncorrectable
SUPP-NEG-V1-001,secded_double_bit,S3,stage1_word_pos0,43+57,codeword_bits,,0,1,0,0,detected_uncorrectable
SUPP-NEG-V1-001,secded_double_bit,S3,stage1_word_pos0,43+58,codeword_bits,,0,1,0,0,detected_uncorrectable
SUPP-NEG-V1-001,secded_double_bit,S3,stage1_word_pos0,43+59,codeword_bits,,0,1,0,0,detected_uncorrectable
SUPP-NEG-V1-001,secded_double_bit,S3,stage1_word_pos0,43+60,codeword_bits,,0,1,0,0,detected_uncorrectable
SUPP-NEG-V1-001,secded_double_bit,S3,stage1_word_pos0,43+61,codeword_bits,,0,1,0,0,detected_uncorrectable
SUPP-NEG-V1-001,secded_double_bit,S3,stage1_word_pos0,43+62,codeword_bits,,0,1,0,0,detected_uncorrectable
SUPP-NEG-V1-001,secded_double_bit,S3,stage1_word_pos0,43+63,codeword_bits,,0,1,0,0,detected_uncorrectable
SUPP-NEG-V1-001,secded_double_bit,S3,stage1_word_pos0,43+64,codeword_bits,,0,1,0,0,detected_uncorrectable
SUPP-NEG-V1-001,secded_double_bit,S3,stage1_word_pos0,43+65,codeword_bits,,0,1,0,0,detected_uncorrectable
SUPP-NEG-V1-001,secded_double_bit,S3,stage1_word_pos0,43+66,codeword_bits,,0,1,0,0,detected_uncorrectable
SUPP-NEG-V1-001,secded_double_bit,S3,stage1_word_pos0,43+67,codeword_bits,,0,1,0,0,detected_uncorrectable
SUPP-NEG-V1-001,secded_double_bit,S3,stage1_word_pos0,43+68,codeword_bits,,0,1,0,0,detected_uncorrectable
SUPP-NEG-V1-001,secded_double_bit,S3,stage1_word_pos0,43+69,codeword_bits,,0,1,0,0,detected_uncorrectable
SUPP-NEG-V1-001,secded_double_bit,S3,stage1_word_pos0,43+70,codeword_bits,,0,1,0,0,detected_uncorrectable
SUPP-NEG-V1-001,secded_double_bit,S3,stage1_word_pos0,43+71,codeword_bits,,0,1,0,0,detected_uncorrectable
SUPP-NEG-V1-001,secded_double_bit,S3,stage1_word_pos0,43+72,codeword_bits,,0,1,0,0,detected_uncorrectable
SUPP-NEG-V1-001,secded_double_bit,S3,stage1_word_pos0,43+73,codeword_bits,,0,1,0,0,detected_uncorrectable
SUPP-NEG-V1-001,secded_double_bit,S3,stage1_word_pos0,43+74,codeword_bits,,0,1,0,0,detected_uncorrectable
SUPP-NEG-V1-001,secded_double_bit,S3,stage1_word_pos0,43+75,codeword_bits,,0,1,0,0,detected_uncorrectable
SUPP-NEG-V1-001,secded_double_bit,S3,stage1_word_pos0,43+76,codeword_bits,,0,1,0,0,detected_uncorrectable
SUPP-NEG-V1-001,secded_double_bit,S3,stage1_word_pos0,43+77,codeword_bits,,0,1,0,0,detected_uncorrectable
SUPP-NEG-V1-001,secded_double_bit,S3,stage1_word_pos0,44+45,codeword_bits,,0,1,0,0,detected_uncorrectable
SUPP-NEG-V1-001,secded_double_bit,S3,stage1_word_pos0,44+46,codeword_bits,,0,1,0,0,detected_uncorrectable
SUPP-NEG-V1-001,secded_double_bit,S3,stage1_word_pos0,44+47,codeword_bits,,0,1,0,0,detected_uncorrectable
SUPP-NEG-V1-001,secded_double_bit,S3,stage1_word_pos0,44+48,codeword_bits,,0,1,0,0,detected_uncorrectable
SUPP-NEG-V1-001,secded_double_bit,S3,stage1_word_pos0,44+49,codeword_bits,,0,1,0,0,detected_uncorrectable
SUPP-NEG-V1-001,secded_double_bit,S3,stage1_word_pos0,44+50,codeword_bits,,0,1,0,0,detected_uncorrectable
SUPP-NEG-V1-001,secded_double_bit,S3,stage1_word_pos0,44+51,codeword_bits,,0,1,0,0,detected_uncorrectable
SUPP-NEG-V1-001,secded_double_bit,S3,stage1_word_pos0,44+52,codeword_bits,,0,1,0,0,detected_uncorrectable
SUPP-NEG-V1-001,secded_double_bit,S3,stage1_word_pos0,44+53,codeword_bits,,0,1,0,0,detected_uncorrectable
SUPP-NEG-V1-001,secded_double_bit,S3,stage1_word_pos0,44+54,codeword_bits,,0,1,0,0,detected_uncorrectable
SUPP-NEG-V1-001,secded_double_bit,S3,stage1_word_pos0,44+55,codeword_bits,,0,1,0,0,detected_uncorrectable
SUPP-NEG-V1-001,secded_double_bit,S3,stage1_word_pos0,44+56,codeword_bits,,0,1,0,0,detected_uncorrectable
SUPP-NEG-V1-001,secded_double_bit,S3,stage1_word_pos0,44+57,codeword_bits,,0,1,0,0,detected_uncorrectable
SUPP-NEG-V1-001,secded_double_bit,S3,stage1_word_pos0,44+58,codeword_bits,,0,1,0,0,detected_uncorrectable
SUPP-NEG-V1-001,secded_double_bit,S3,stage1_word_pos0,44+59,codeword_bits,,0,1,0,0,detected_uncorrectable
SUPP-NEG-V1-001,secded_double_bit,S3,stage1_word_pos0,44+60,codeword_bits,,0,1,0,0,detected_uncorrectable
SUPP-NEG-V1-001,secded_double_bit,S3,stage1_word_pos0,44+61,codeword_bits,,0,1,0,0,detected_uncorrectable
SUPP-NEG-V1-001,secded_double_bit,S3,stage1_word_pos0,44+62,codeword_bits,,0,1,0,0,detected_uncorrectable
SUPP-NEG-V1-001,secded_double_bit,S3,stage1_word_pos0,44+63,codeword_bits,,0,1,0,0,detected_uncorrectable
SUPP-NEG-V1-001,secded_double_bit,S3,stage1_word_pos0,44+64,codeword_bits,,0,1,0,0,detected_uncorrectable
SUPP-NEG-V1-001,secded_double_bit,S3,stage1_word_pos0,44+65,codeword_bits,,0,1,0,0,detected_uncorrectable
SUPP-NEG-V1-001,secded_double_bit,S3,stage1_word_pos0,44+66,codeword_bits,,0,1,0,0,detected_uncorrectable
SUPP-NEG-V1-001,secded_double_bit,S3,stage1_word_pos0,44+67,codeword_bits,,0,1,0,0,detected_uncorrectable
SUPP-NEG-V1-001,secded_double_bit,S3,stage1_word_pos0,44+68,codeword_bits,,0,1,0,0,detected_uncorrectable
SUPP-NEG-V1-001,secded_double_bit,S3,stage1_word_pos0,44+69,codeword_bits,,0,1,0,0,detected_uncorrectable
SUPP-NEG-V1-001,secded_double_bit,S3,stage1_word_pos0,44+70,codeword_bits,,0,1,0,0,detected_uncorrectable
SUPP-NEG-V1-001,secded_double_bit,S3,stage1_word_pos0,44+71,codeword_bits,,0,1,0,0,detected_uncorrectable
SUPP-NEG-V1-001,secded_double_bit,S3,stage1_word_pos0,44+72,codeword_bits,,0,1,0,0,detected_uncorrectable
SUPP-NEG-V1-001,secded_double_bit,S3,stage1_word_pos0,44+73,codeword_bits,,0,1,0,0,detected_uncorrectable
SUPP-NEG-V1-001,secded_double_bit,S3,stage1_word_pos0,44+74,codeword_bits,,0,1,0,0,detected_uncorrectable
SUPP-NEG-V1-001,secded_double_bit,S3,stage1_word_pos0,44+75,codeword_bits,,0,1,0,0,detected_uncorrectable
SUPP-NEG-V1-001,secded_double_bit,S3,stage1_word_pos0,44+76,codeword_bits,,0,1,0,0,detected_uncorrectable
SUPP-NEG-V1-001,secded_double_bit,S3,stage1_word_pos0,44+77,codeword_bits,,0,1,0,0,detected_uncorrectable
SUPP-NEG-V1-001,secded_double_bit,S3,stage1_word_pos0,45+46,codeword_bits,,0,1,0,0,detected_uncorrectable
SUPP-NEG-V1-001,secded_double_bit,S3,stage1_word_pos0,45+47,codeword_bits,,0,1,0,0,detected_uncorrectable
SUPP-NEG-V1-001,secded_double_bit,S3,stage1_word_pos0,45+48,codeword_bits,,0,1,0,0,detected_uncorrectable
SUPP-NEG-V1-001,secded_double_bit,S3,stage1_word_pos0,45+49,codeword_bits,,0,1,0,0,detected_uncorrectable
SUPP-NEG-V1-001,secded_double_bit,S3,stage1_word_pos0,45+50,codeword_bits,,0,1,0,0,detected_uncorrectable
SUPP-NEG-V1-001,secded_double_bit,S3,stage1_word_pos0,45+51,codeword_bits,,0,1,0,0,detected_uncorrectable
SUPP-NEG-V1-001,secded_double_bit,S3,stage1_word_pos0,45+52,codeword_bits,,0,1,0,0,detected_uncorrectable
SUPP-NEG-V1-001,secded_double_bit,S3,stage1_word_pos0,45+53,codeword_bits,,0,1,0,0,detected_uncorrectable
SUPP-NEG-V1-001,secded_double_bit,S3,stage1_word_pos0,45+54,codeword_bits,,0,1,0,0,detected_uncorrectable
SUPP-NEG-V1-001,secded_double_bit,S3,stage1_word_pos0,45+55,codeword_bits,,0,1,0,0,detected_uncorrectable
SUPP-NEG-V1-001,secded_double_bit,S3,stage1_word_pos0,45+56,codeword_bits,,0,1,0,0,detected_uncorrectable
SUPP-NEG-V1-001,secded_double_bit,S3,stage1_word_pos0,45+57,codeword_bits,,0,1,0,0,detected_uncorrectable
SUPP-NEG-V1-001,secded_double_bit,S3,stage1_word_pos0,45+58,codeword_bits,,0,1,0,0,detected_uncorrectable
SUPP-NEG-V1-001,secded_double_bit,S3,stage1_word_pos0,45+59,codeword_bits,,0,1,0,0,detected_uncorrectable
SUPP-NEG-V1-001,secded_double_bit,S3,stage1_word_pos0,45+60,codeword_bits,,0,1,0,0,detected_uncorrectable
SUPP-NEG-V1-001,secded_double_bit,S3,stage1_word_pos0,45+61,codeword_bits,,0,1,0,0,detected_uncorrectable
SUPP-NEG-V1-001,secded_double_bit,S3,stage1_word_pos0,45+62,codeword_bits,,0,1,0,0,detected_uncorrectable
SUPP-NEG-V1-001,secded_double_bit,S3,stage1_word_pos0,45+63,codeword_bits,,0,1,0,0,detected_uncorrectable
SUPP-NEG-V1-001,secded_double_bit,S3,stage1_word_pos0,45+64,codeword_bits,,0,1,0,0,detected_uncorrectable
SUPP-NEG-V1-001,secded_double_bit,S3,stage1_word_pos0,45+65,codeword_bits,,0,1,0,0,detected_uncorrectable
SUPP-NEG-V1-001,secded_double_bit,S3,stage1_word_pos0,45+66,codeword_bits,,0,1,0,0,detected_uncorrectable
SUPP-NEG-V1-001,secded_double_bit,S3,stage1_word_pos0,45+67,codeword_bits,,0,1,0,0,detected_uncorrectable
SUPP-NEG-V1-001,secded_double_bit,S3,stage1_word_pos0,45+68,codeword_bits,,0,1,0,0,detected_uncorrectable
SUPP-NEG-V1-001,secded_double_bit,S3,stage1_word_pos0,45+69,codeword_bits,,0,1,0,0,detected_uncorrectable
SUPP-NEG-V1-001,secded_double_bit,S3,stage1_word_pos0,45+70,codeword_bits,,0,1,0,0,detected_uncorrectable
SUPP-NEG-V1-001,secded_double_bit,S3,stage1_word_pos0,45+71,codeword_bits,,0,1,0,0,detected_uncorrectable
SUPP-NEG-V1-001,secded_double_bit,S3,stage1_word_pos0,45+72,codeword_bits,,0,1,0,0,detected_uncorrectable
SUPP-NEG-V1-001,secded_double_bit,S3,stage1_word_pos0,45+73,codeword_bits,,0,1,0,0,detected_uncorrectable
SUPP-NEG-V1-001,secded_double_bit,S3,stage1_word_pos0,45+74,codeword_bits,,0,1,0,0,detected_uncorrectable
SUPP-NEG-V1-001,secded_double_bit,S3,stage1_word_pos0,45+75,codeword_bits,,0,1,0,0,detected_uncorrectable
SUPP-NEG-V1-001,secded_double_bit,S3,stage1_word_pos0,45+76,codeword_bits,,0,1,0,0,detected_uncorrectable
SUPP-NEG-V1-001,secded_double_bit,S3,stage1_word_pos0,45+77,codeword_bits,,0,1,0,0,detected_uncorrectable
SUPP-NEG-V1-001,secded_double_bit,S3,stage1_word_pos0,46+47,codeword_bits,,0,1,0,0,detected_uncorrectable
SUPP-NEG-V1-001,secded_double_bit,S3,stage1_word_pos0,46+48,codeword_bits,,0,1,0,0,detected_uncorrectable
SUPP-NEG-V1-001,secded_double_bit,S3,stage1_word_pos0,46+49,codeword_bits,,0,1,0,0,detected_uncorrectable
SUPP-NEG-V1-001,secded_double_bit,S3,stage1_word_pos0,46+50,codeword_bits,,0,1,0,0,detected_uncorrectable
SUPP-NEG-V1-001,secded_double_bit,S3,stage1_word_pos0,46+51,codeword_bits,,0,1,0,0,detected_uncorrectable
SUPP-NEG-V1-001,secded_double_bit,S3,stage1_word_pos0,46+52,codeword_bits,,0,1,0,0,detected_uncorrectable
SUPP-NEG-V1-001,secded_double_bit,S3,stage1_word_pos0,46+53,codeword_bits,,0,1,0,0,detected_uncorrectable
SUPP-NEG-V1-001,secded_double_bit,S3,stage1_word_pos0,46+54,codeword_bits,,0,1,0,0,detected_uncorrectable
SUPP-NEG-V1-001,secded_double_bit,S3,stage1_word_pos0,46+55,codeword_bits,,0,1,0,0,detected_uncorrectable
SUPP-NEG-V1-001,secded_double_bit,S3,stage1_word_pos0,46+56,codeword_bits,,0,1,0,0,detected_uncorrectable
SUPP-NEG-V1-001,secded_double_bit,S3,stage1_word_pos0,46+57,codeword_bits,,0,1,0,0,detected_uncorrectable
SUPP-NEG-V1-001,secded_double_bit,S3,stage1_word_pos0,46+58,codeword_bits,,0,1,0,0,detected_uncorrectable
SUPP-NEG-V1-001,secded_double_bit,S3,stage1_word_pos0,46+59,codeword_bits,,0,1,0,0,detected_uncorrectable
SUPP-NEG-V1-001,secded_double_bit,S3,stage1_word_pos0,46+60,codeword_bits,,0,1,0,0,detected_uncorrectable
SUPP-NEG-V1-001,secded_double_bit,S3,stage1_word_pos0,46+61,codeword_bits,,0,1,0,0,detected_uncorrectable
SUPP-NEG-V1-001,secded_double_bit,S3,stage1_word_pos0,46+62,codeword_bits,,0,1,0,0,detected_uncorrectable
SUPP-NEG-V1-001,secded_double_bit,S3,stage1_word_pos0,46+63,codeword_bits,,0,1,0,0,detected_uncorrectable
SUPP-NEG-V1-001,secded_double_bit,S3,stage1_word_pos0,46+64,codeword_bits,,0,1,0,0,detected_uncorrectable
SUPP-NEG-V1-001,secded_double_bit,S3,stage1_word_pos0,46+65,codeword_bits,,0,1,0,0,detected_uncorrectable
SUPP-NEG-V1-001,secded_double_bit,S3,stage1_word_pos0,46+66,codeword_bits,,0,1,0,0,detected_uncorrectable
SUPP-NEG-V1-001,secded_double_bit,S3,stage1_word_pos0,46+67,codeword_bits,,0,1,0,0,detected_uncorrectable
SUPP-NEG-V1-001,secded_double_bit,S3,stage1_word_pos0,46+68,codeword_bits,,0,1,0,0,detected_uncorrectable
SUPP-NEG-V1-001,secded_double_bit,S3,stage1_word_pos0,46+69,codeword_bits,,0,1,0,0,detected_uncorrectable
SUPP-NEG-V1-001,secded_double_bit,S3,stage1_word_pos0,46+70,codeword_bits,,0,1,0,0,detected_uncorrectable
SUPP-NEG-V1-001,secded_double_bit,S3,stage1_word_pos0,46+71,codeword_bits,,0,1,0,0,detected_uncorrectable
SUPP-NEG-V1-001,secded_double_bit,S3,stage1_word_pos0,46+72,codeword_bits,,0,1,0,0,detected_uncorrectable
SUPP-NEG-V1-001,secded_double_bit,S3,stage1_word_pos0,46+73,codeword_bits,,0,1,0,0,detected_uncorrectable
SUPP-NEG-V1-001,secded_double_bit,S3,stage1_word_pos0,46+74,codeword_bits,,0,1,0,0,detected_uncorrectable
SUPP-NEG-V1-001,secded_double_bit,S3,stage1_word_pos0,46+75,codeword_bits,,0,1,0,0,detected_uncorrectable
SUPP-NEG-V1-001,secded_double_bit,S3,stage1_word_pos0,46+76,codeword_bits,,0,1,0,0,detected_uncorrectable
SUPP-NEG-V1-001,secded_double_bit,S3,stage1_word_pos0,46+77,codeword_bits,,0,1,0,0,detected_uncorrectable
SUPP-NEG-V1-001,secded_double_bit,S3,stage1_word_pos0,47+48,codeword_bits,,0,1,0,0,detected_uncorrectable
SUPP-NEG-V1-001,secded_double_bit,S3,stage1_word_pos0,47+49,codeword_bits,,0,1,0,0,detected_uncorrectable
SUPP-NEG-V1-001,secded_double_bit,S3,stage1_word_pos0,47+50,codeword_bits,,0,1,0,0,detected_uncorrectable
SUPP-NEG-V1-001,secded_double_bit,S3,stage1_word_pos0,47+51,codeword_bits,,0,1,0,0,detected_uncorrectable
SUPP-NEG-V1-001,secded_double_bit,S3,stage1_word_pos0,47+52,codeword_bits,,0,1,0,0,detected_uncorrectable
SUPP-NEG-V1-001,secded_double_bit,S3,stage1_word_pos0,47+53,codeword_bits,,0,1,0,0,detected_uncorrectable
SUPP-NEG-V1-001,secded_double_bit,S3,stage1_word_pos0,47+54,codeword_bits,,0,1,0,0,detected_uncorrectable
SUPP-NEG-V1-001,secded_double_bit,S3,stage1_word_pos0,47+55,codeword_bits,,0,1,0,0,detected_uncorrectable
SUPP-NEG-V1-001,secded_double_bit,S3,stage1_word_pos0,47+56,codeword_bits,,0,1,0,0,detected_uncorrectable
SUPP-NEG-V1-001,secded_double_bit,S3,stage1_word_pos0,47+57,codeword_bits,,0,1,0,0,detected_uncorrectable
SUPP-NEG-V1-001,secded_double_bit,S3,stage1_word_pos0,47+58,codeword_bits,,0,1,0,0,detected_uncorrectable
SUPP-NEG-V1-001,secded_double_bit,S3,stage1_word_pos0,47+59,codeword_bits,,0,1,0,0,detected_uncorrectable
SUPP-NEG-V1-001,secded_double_bit,S3,stage1_word_pos0,47+60,codeword_bits,,0,1,0,0,detected_uncorrectable
SUPP-NEG-V1-001,secded_double_bit,S3,stage1_word_pos0,47+61,codeword_bits,,0,1,0,0,detected_uncorrectable
SUPP-NEG-V1-001,secded_double_bit,S3,stage1_word_pos0,47+62,codeword_bits,,0,1,0,0,detected_uncorrectable
SUPP-NEG-V1-001,secded_double_bit,S3,stage1_word_pos0,47+63,codeword_bits,,0,1,0,0,detected_uncorrectable
SUPP-NEG-V1-001,secded_double_bit,S3,stage1_word_pos0,47+64,codeword_bits,,0,1,0,0,detected_uncorrectable
SUPP-NEG-V1-001,secded_double_bit,S3,stage1_word_pos0,47+65,codeword_bits,,0,1,0,0,detected_uncorrectable
SUPP-NEG-V1-001,secded_double_bit,S3,stage1_word_pos0,47+66,codeword_bits,,0,1,0,0,detected_uncorrectable
SUPP-NEG-V1-001,secded_double_bit,S3,stage1_word_pos0,47+67,codeword_bits,,0,1,0,0,detected_uncorrectable
SUPP-NEG-V1-001,secded_double_bit,S3,stage1_word_pos0,47+68,codeword_bits,,0,1,0,0,detected_uncorrectable
SUPP-NEG-V1-001,secded_double_bit,S3,stage1_word_pos0,47+69,codeword_bits,,0,1,0,0,detected_uncorrectable
SUPP-NEG-V1-001,secded_double_bit,S3,stage1_word_pos0,47+70,codeword_bits,,0,1,0,0,detected_uncorrectable
SUPP-NEG-V1-001,secded_double_bit,S3,stage1_word_pos0,47+71,codeword_bits,,0,1,0,0,detected_uncorrectable
SUPP-NEG-V1-001,secded_double_bit,S3,stage1_word_pos0,47+72,codeword_bits,,0,1,0,0,detected_uncorrectable
SUPP-NEG-V1-001,secded_double_bit,S3,stage1_word_pos0,47+73,codeword_bits,,0,1,0,0,detected_uncorrectable
SUPP-NEG-V1-001,secded_double_bit,S3,stage1_word_pos0,47+74,codeword_bits,,0,1,0,0,detected_uncorrectable
SUPP-NEG-V1-001,secded_double_bit,S3,stage1_word_pos0,47+75,codeword_bits,,0,1,0,0,detected_uncorrectable
SUPP-NEG-V1-001,secded_double_bit,S3,stage1_word_pos0,47+76,codeword_bits,,0,1,0,0,detected_uncorrectable
SUPP-NEG-V1-001,secded_double_bit,S3,stage1_word_pos0,47+77,codeword_bits,,0,1,0,0,detected_uncorrectable
SUPP-NEG-V1-001,secded_double_bit,S3,stage1_word_pos0,48+49,codeword_bits,,0,1,0,0,detected_uncorrectable
SUPP-NEG-V1-001,secded_double_bit,S3,stage1_word_pos0,48+50,codeword_bits,,0,1,0,0,detected_uncorrectable
SUPP-NEG-V1-001,secded_double_bit,S3,stage1_word_pos0,48+51,codeword_bits,,0,1,0,0,detected_uncorrectable
SUPP-NEG-V1-001,secded_double_bit,S3,stage1_word_pos0,48+52,codeword_bits,,0,1,0,0,detected_uncorrectable
SUPP-NEG-V1-001,secded_double_bit,S3,stage1_word_pos0,48+53,codeword_bits,,0,1,0,0,detected_uncorrectable
SUPP-NEG-V1-001,secded_double_bit,S3,stage1_word_pos0,48+54,codeword_bits,,0,1,0,0,detected_uncorrectable
SUPP-NEG-V1-001,secded_double_bit,S3,stage1_word_pos0,48+55,codeword_bits,,0,1,0,0,detected_uncorrectable
SUPP-NEG-V1-001,secded_double_bit,S3,stage1_word_pos0,48+56,codeword_bits,,0,1,0,0,detected_uncorrectable
SUPP-NEG-V1-001,secded_double_bit,S3,stage1_word_pos0,48+57,codeword_bits,,0,1,0,0,detected_uncorrectable
SUPP-NEG-V1-001,secded_double_bit,S3,stage1_word_pos0,48+58,codeword_bits,,0,1,0,0,detected_uncorrectable
SUPP-NEG-V1-001,secded_double_bit,S3,stage1_word_pos0,48+59,codeword_bits,,0,1,0,0,detected_uncorrectable
SUPP-NEG-V1-001,secded_double_bit,S3,stage1_word_pos0,48+60,codeword_bits,,0,1,0,0,detected_uncorrectable
SUPP-NEG-V1-001,secded_double_bit,S3,stage1_word_pos0,48+61,codeword_bits,,0,1,0,0,detected_uncorrectable
SUPP-NEG-V1-001,secded_double_bit,S3,stage1_word_pos0,48+62,codeword_bits,,0,1,0,0,detected_uncorrectable
SUPP-NEG-V1-001,secded_double_bit,S3,stage1_word_pos0,48+63,codeword_bits,,0,1,0,0,detected_uncorrectable
SUPP-NEG-V1-001,secded_double_bit,S3,stage1_word_pos0,48+64,codeword_bits,,0,1,0,0,detected_uncorrectable
SUPP-NEG-V1-001,secded_double_bit,S3,stage1_word_pos0,48+65,codeword_bits,,0,1,0,0,detected_uncorrectable
SUPP-NEG-V1-001,secded_double_bit,S3,stage1_word_pos0,48+66,codeword_bits,,0,1,0,0,detected_uncorrectable
SUPP-NEG-V1-001,secded_double_bit,S3,stage1_word_pos0,48+67,codeword_bits,,0,1,0,0,detected_uncorrectable
SUPP-NEG-V1-001,secded_double_bit,S3,stage1_word_pos0,48+68,codeword_bits,,0,1,0,0,detected_uncorrectable
SUPP-NEG-V1-001,secded_double_bit,S3,stage1_word_pos0,48+69,codeword_bits,,0,1,0,0,detected_uncorrectable
SUPP-NEG-V1-001,secded_double_bit,S3,stage1_word_pos0,48+70,codeword_bits,,0,1,0,0,detected_uncorrectable
SUPP-NEG-V1-001,secded_double_bit,S3,stage1_word_pos0,48+71,codeword_bits,,0,1,0,0,detected_uncorrectable
SUPP-NEG-V1-001,secded_double_bit,S3,stage1_word_pos0,48+72,codeword_bits,,0,1,0,0,detected_uncorrectable
SUPP-NEG-V1-001,secded_double_bit,S3,stage1_word_pos0,48+73,codeword_bits,,0,1,0,0,detected_uncorrectable
SUPP-NEG-V1-001,secded_double_bit,S3,stage1_word_pos0,48+74,codeword_bits,,0,1,0,0,detected_uncorrectable
SUPP-NEG-V1-001,secded_double_bit,S3,stage1_word_pos0,48+75,codeword_bits,,0,1,0,0,detected_uncorrectable
SUPP-NEG-V1-001,secded_double_bit,S3,stage1_word_pos0,48+76,codeword_bits,,0,1,0,0,detected_uncorrectable
SUPP-NEG-V1-001,secded_double_bit,S3,stage1_word_pos0,48+77,codeword_bits,,0,1,0,0,detected_uncorrectable
SUPP-NEG-V1-001,secded_double_bit,S3,stage1_word_pos0,49+50,codeword_bits,,0,1,0,0,detected_uncorrectable
SUPP-NEG-V1-001,secded_double_bit,S3,stage1_word_pos0,49+51,codeword_bits,,0,1,0,0,detected_uncorrectable
SUPP-NEG-V1-001,secded_double_bit,S3,stage1_word_pos0,49+52,codeword_bits,,0,1,0,0,detected_uncorrectable
SUPP-NEG-V1-001,secded_double_bit,S3,stage1_word_pos0,49+53,codeword_bits,,0,1,0,0,detected_uncorrectable
SUPP-NEG-V1-001,secded_double_bit,S3,stage1_word_pos0,49+54,codeword_bits,,0,1,0,0,detected_uncorrectable
SUPP-NEG-V1-001,secded_double_bit,S3,stage1_word_pos0,49+55,codeword_bits,,0,1,0,0,detected_uncorrectable
SUPP-NEG-V1-001,secded_double_bit,S3,stage1_word_pos0,49+56,codeword_bits,,0,1,0,0,detected_uncorrectable
SUPP-NEG-V1-001,secded_double_bit,S3,stage1_word_pos0,49+57,codeword_bits,,0,1,0,0,detected_uncorrectable
SUPP-NEG-V1-001,secded_double_bit,S3,stage1_word_pos0,49+58,codeword_bits,,0,1,0,0,detected_uncorrectable
SUPP-NEG-V1-001,secded_double_bit,S3,stage1_word_pos0,49+59,codeword_bits,,0,1,0,0,detected_uncorrectable
SUPP-NEG-V1-001,secded_double_bit,S3,stage1_word_pos0,49+60,codeword_bits,,0,1,0,0,detected_uncorrectable
SUPP-NEG-V1-001,secded_double_bit,S3,stage1_word_pos0,49+61,codeword_bits,,0,1,0,0,detected_uncorrectable
SUPP-NEG-V1-001,secded_double_bit,S3,stage1_word_pos0,49+62,codeword_bits,,0,1,0,0,detected_uncorrectable
SUPP-NEG-V1-001,secded_double_bit,S3,stage1_word_pos0,49+63,codeword_bits,,0,1,0,0,detected_uncorrectable
SUPP-NEG-V1-001,secded_double_bit,S3,stage1_word_pos0,49+64,codeword_bits,,0,1,0,0,detected_uncorrectable
SUPP-NEG-V1-001,secded_double_bit,S3,stage1_word_pos0,49+65,codeword_bits,,0,1,0,0,detected_uncorrectable
SUPP-NEG-V1-001,secded_double_bit,S3,stage1_word_pos0,49+66,codeword_bits,,0,1,0,0,detected_uncorrectable
SUPP-NEG-V1-001,secded_double_bit,S3,stage1_word_pos0,49+67,codeword_bits,,0,1,0,0,detected_uncorrectable
SUPP-NEG-V1-001,secded_double_bit,S3,stage1_word_pos0,49+68,codeword_bits,,0,1,0,0,detected_uncorrectable
SUPP-NEG-V1-001,secded_double_bit,S3,stage1_word_pos0,49+69,codeword_bits,,0,1,0,0,detected_uncorrectable
SUPP-NEG-V1-001,secded_double_bit,S3,stage1_word_pos0,49+70,codeword_bits,,0,1,0,0,detected_uncorrectable
SUPP-NEG-V1-001,secded_double_bit,S3,stage1_word_pos0,49+71,codeword_bits,,0,1,0,0,detected_uncorrectable
SUPP-NEG-V1-001,secded_double_bit,S3,stage1_word_pos0,49+72,codeword_bits,,0,1,0,0,detected_uncorrectable
SUPP-NEG-V1-001,secded_double_bit,S3,stage1_word_pos0,49+73,codeword_bits,,0,1,0,0,detected_uncorrectable
SUPP-NEG-V1-001,secded_double_bit,S3,stage1_word_pos0,49+74,codeword_bits,,0,1,0,0,detected_uncorrectable
SUPP-NEG-V1-001,secded_double_bit,S3,stage1_word_pos0,49+75,codeword_bits,,0,1,0,0,detected_uncorrectable
SUPP-NEG-V1-001,secded_double_bit,S3,stage1_word_pos0,49+76,codeword_bits,,0,1,0,0,detected_uncorrectable
SUPP-NEG-V1-001,secded_double_bit,S3,stage1_word_pos0,49+77,codeword_bits,,0,1,0,0,detected_uncorrectable
SUPP-NEG-V1-001,secded_double_bit,S3,stage1_word_pos0,50+51,codeword_bits,,0,1,0,0,detected_uncorrectable
SUPP-NEG-V1-001,secded_double_bit,S3,stage1_word_pos0,50+52,codeword_bits,,0,1,0,0,detected_uncorrectable
SUPP-NEG-V1-001,secded_double_bit,S3,stage1_word_pos0,50+53,codeword_bits,,0,1,0,0,detected_uncorrectable
SUPP-NEG-V1-001,secded_double_bit,S3,stage1_word_pos0,50+54,codeword_bits,,0,1,0,0,detected_uncorrectable
SUPP-NEG-V1-001,secded_double_bit,S3,stage1_word_pos0,50+55,codeword_bits,,0,1,0,0,detected_uncorrectable
SUPP-NEG-V1-001,secded_double_bit,S3,stage1_word_pos0,50+56,codeword_bits,,0,1,0,0,detected_uncorrectable
SUPP-NEG-V1-001,secded_double_bit,S3,stage1_word_pos0,50+57,codeword_bits,,0,1,0,0,detected_uncorrectable
SUPP-NEG-V1-001,secded_double_bit,S3,stage1_word_pos0,50+58,codeword_bits,,0,1,0,0,detected_uncorrectable
SUPP-NEG-V1-001,secded_double_bit,S3,stage1_word_pos0,50+59,codeword_bits,,0,1,0,0,detected_uncorrectable
SUPP-NEG-V1-001,secded_double_bit,S3,stage1_word_pos0,50+60,codeword_bits,,0,1,0,0,detected_uncorrectable
SUPP-NEG-V1-001,secded_double_bit,S3,stage1_word_pos0,50+61,codeword_bits,,0,1,0,0,detected_uncorrectable
SUPP-NEG-V1-001,secded_double_bit,S3,stage1_word_pos0,50+62,codeword_bits,,0,1,0,0,detected_uncorrectable
SUPP-NEG-V1-001,secded_double_bit,S3,stage1_word_pos0,50+63,codeword_bits,,0,1,0,0,detected_uncorrectable
SUPP-NEG-V1-001,secded_double_bit,S3,stage1_word_pos0,50+64,codeword_bits,,0,1,0,0,detected_uncorrectable
SUPP-NEG-V1-001,secded_double_bit,S3,stage1_word_pos0,50+65,codeword_bits,,0,1,0,0,detected_uncorrectable
SUPP-NEG-V1-001,secded_double_bit,S3,stage1_word_pos0,50+66,codeword_bits,,0,1,0,0,detected_uncorrectable
SUPP-NEG-V1-001,secded_double_bit,S3,stage1_word_pos0,50+67,codeword_bits,,0,1,0,0,detected_uncorrectable
SUPP-NEG-V1-001,secded_double_bit,S3,stage1_word_pos0,50+68,codeword_bits,,0,1,0,0,detected_uncorrectable
SUPP-NEG-V1-001,secded_double_bit,S3,stage1_word_pos0,50+69,codeword_bits,,0,1,0,0,detected_uncorrectable
SUPP-NEG-V1-001,secded_double_bit,S3,stage1_word_pos0,50+70,codeword_bits,,0,1,0,0,detected_uncorrectable
SUPP-NEG-V1-001,secded_double_bit,S3,stage1_word_pos0,50+71,codeword_bits,,0,1,0,0,detected_uncorrectable
SUPP-NEG-V1-001,secded_double_bit,S3,stage1_word_pos0,50+72,codeword_bits,,0,1,0,0,detected_uncorrectable
SUPP-NEG-V1-001,secded_double_bit,S3,stage1_word_pos0,50+73,codeword_bits,,0,1,0,0,detected_uncorrectable
SUPP-NEG-V1-001,secded_double_bit,S3,stage1_word_pos0,50+74,codeword_bits,,0,1,0,0,detected_uncorrectable
SUPP-NEG-V1-001,secded_double_bit,S3,stage1_word_pos0,50+75,codeword_bits,,0,1,0,0,detected_uncorrectable
SUPP-NEG-V1-001,secded_double_bit,S3,stage1_word_pos0,50+76,codeword_bits,,0,1,0,0,detected_uncorrectable
SUPP-NEG-V1-001,secded_double_bit,S3,stage1_word_pos0,50+77,codeword_bits,,0,1,0,0,detected_uncorrectable
SUPP-NEG-V1-001,secded_double_bit,S3,stage1_word_pos0,51+52,codeword_bits,,0,1,0,0,detected_uncorrectable
SUPP-NEG-V1-001,secded_double_bit,S3,stage1_word_pos0,51+53,codeword_bits,,0,1,0,0,detected_uncorrectable
SUPP-NEG-V1-001,secded_double_bit,S3,stage1_word_pos0,51+54,codeword_bits,,0,1,0,0,detected_uncorrectable
SUPP-NEG-V1-001,secded_double_bit,S3,stage1_word_pos0,51+55,codeword_bits,,0,1,0,0,detected_uncorrectable
SUPP-NEG-V1-001,secded_double_bit,S3,stage1_word_pos0,51+56,codeword_bits,,0,1,0,0,detected_uncorrectable
SUPP-NEG-V1-001,secded_double_bit,S3,stage1_word_pos0,51+57,codeword_bits,,0,1,0,0,detected_uncorrectable
SUPP-NEG-V1-001,secded_double_bit,S3,stage1_word_pos0,51+58,codeword_bits,,0,1,0,0,detected_uncorrectable
SUPP-NEG-V1-001,secded_double_bit,S3,stage1_word_pos0,51+59,codeword_bits,,0,1,0,0,detected_uncorrectable
SUPP-NEG-V1-001,secded_double_bit,S3,stage1_word_pos0,51+60,codeword_bits,,0,1,0,0,detected_uncorrectable
SUPP-NEG-V1-001,secded_double_bit,S3,stage1_word_pos0,51+61,codeword_bits,,0,1,0,0,detected_uncorrectable
SUPP-NEG-V1-001,secded_double_bit,S3,stage1_word_pos0,51+62,codeword_bits,,0,1,0,0,detected_uncorrectable
SUPP-NEG-V1-001,secded_double_bit,S3,stage1_word_pos0,51+63,codeword_bits,,0,1,0,0,detected_uncorrectable
SUPP-NEG-V1-001,secded_double_bit,S3,stage1_word_pos0,51+64,codeword_bits,,0,1,0,0,detected_uncorrectable
SUPP-NEG-V1-001,secded_double_bit,S3,stage1_word_pos0,51+65,codeword_bits,,0,1,0,0,detected_uncorrectable
SUPP-NEG-V1-001,secded_double_bit,S3,stage1_word_pos0,51+66,codeword_bits,,0,1,0,0,detected_uncorrectable
SUPP-NEG-V1-001,secded_double_bit,S3,stage1_word_pos0,51+67,codeword_bits,,0,1,0,0,detected_uncorrectable
SUPP-NEG-V1-001,secded_double_bit,S3,stage1_word_pos0,51+68,codeword_bits,,0,1,0,0,detected_uncorrectable
SUPP-NEG-V1-001,secded_double_bit,S3,stage1_word_pos0,51+69,codeword_bits,,0,1,0,0,detected_uncorrectable
SUPP-NEG-V1-001,secded_double_bit,S3,stage1_word_pos0,51+70,codeword_bits,,0,1,0,0,detected_uncorrectable
SUPP-NEG-V1-001,secded_double_bit,S3,stage1_word_pos0,51+71,codeword_bits,,0,1,0,0,detected_uncorrectable
SUPP-NEG-V1-001,secded_double_bit,S3,stage1_word_pos0,51+72,codeword_bits,,0,1,0,0,detected_uncorrectable
SUPP-NEG-V1-001,secded_double_bit,S3,stage1_word_pos0,51+73,codeword_bits,,0,1,0,0,detected_uncorrectable
SUPP-NEG-V1-001,secded_double_bit,S3,stage1_word_pos0,51+74,codeword_bits,,0,1,0,0,detected_uncorrectable
SUPP-NEG-V1-001,secded_double_bit,S3,stage1_word_pos0,51+75,codeword_bits,,0,1,0,0,detected_uncorrectable
SUPP-NEG-V1-001,secded_double_bit,S3,stage1_word_pos0,51+76,codeword_bits,,0,1,0,0,detected_uncorrectable
SUPP-NEG-V1-001,secded_double_bit,S3,stage1_word_pos0,51+77,codeword_bits,,0,1,0,0,detected_uncorrectable
SUPP-NEG-V1-001,secded_double_bit,S3,stage1_word_pos0,52+53,codeword_bits,,0,1,0,0,detected_uncorrectable
SUPP-NEG-V1-001,secded_double_bit,S3,stage1_word_pos0,52+54,codeword_bits,,0,1,0,0,detected_uncorrectable
SUPP-NEG-V1-001,secded_double_bit,S3,stage1_word_pos0,52+55,codeword_bits,,0,1,0,0,detected_uncorrectable
SUPP-NEG-V1-001,secded_double_bit,S3,stage1_word_pos0,52+56,codeword_bits,,0,1,0,0,detected_uncorrectable
SUPP-NEG-V1-001,secded_double_bit,S3,stage1_word_pos0,52+57,codeword_bits,,0,1,0,0,detected_uncorrectable
SUPP-NEG-V1-001,secded_double_bit,S3,stage1_word_pos0,52+58,codeword_bits,,0,1,0,0,detected_uncorrectable
SUPP-NEG-V1-001,secded_double_bit,S3,stage1_word_pos0,52+59,codeword_bits,,0,1,0,0,detected_uncorrectable
SUPP-NEG-V1-001,secded_double_bit,S3,stage1_word_pos0,52+60,codeword_bits,,0,1,0,0,detected_uncorrectable
SUPP-NEG-V1-001,secded_double_bit,S3,stage1_word_pos0,52+61,codeword_bits,,0,1,0,0,detected_uncorrectable
SUPP-NEG-V1-001,secded_double_bit,S3,stage1_word_pos0,52+62,codeword_bits,,0,1,0,0,detected_uncorrectable
SUPP-NEG-V1-001,secded_double_bit,S3,stage1_word_pos0,52+63,codeword_bits,,0,1,0,0,detected_uncorrectable
SUPP-NEG-V1-001,secded_double_bit,S3,stage1_word_pos0,52+64,codeword_bits,,0,1,0,0,detected_uncorrectable
SUPP-NEG-V1-001,secded_double_bit,S3,stage1_word_pos0,52+65,codeword_bits,,0,1,0,0,detected_uncorrectable
SUPP-NEG-V1-001,secded_double_bit,S3,stage1_word_pos0,52+66,codeword_bits,,0,1,0,0,detected_uncorrectable
SUPP-NEG-V1-001,secded_double_bit,S3,stage1_word_pos0,52+67,codeword_bits,,0,1,0,0,detected_uncorrectable
SUPP-NEG-V1-001,secded_double_bit,S3,stage1_word_pos0,52+68,codeword_bits,,0,1,0,0,detected_uncorrectable
SUPP-NEG-V1-001,secded_double_bit,S3,stage1_word_pos0,52+69,codeword_bits,,0,1,0,0,detected_uncorrectable
SUPP-NEG-V1-001,secded_double_bit,S3,stage1_word_pos0,52+70,codeword_bits,,0,1,0,0,detected_uncorrectable
SUPP-NEG-V1-001,secded_double_bit,S3,stage1_word_pos0,52+71,codeword_bits,,0,1,0,0,detected_uncorrectable
SUPP-NEG-V1-001,secded_double_bit,S3,stage1_word_pos0,52+72,codeword_bits,,0,1,0,0,detected_uncorrectable
SUPP-NEG-V1-001,secded_double_bit,S3,stage1_word_pos0,52+73,codeword_bits,,0,1,0,0,detected_uncorrectable
SUPP-NEG-V1-001,secded_double_bit,S3,stage1_word_pos0,52+74,codeword_bits,,0,1,0,0,detected_uncorrectable
SUPP-NEG-V1-001,secded_double_bit,S3,stage1_word_pos0,52+75,codeword_bits,,0,1,0,0,detected_uncorrectable
SUPP-NEG-V1-001,secded_double_bit,S3,stage1_word_pos0,52+76,codeword_bits,,0,1,0,0,detected_uncorrectable
SUPP-NEG-V1-001,secded_double_bit,S3,stage1_word_pos0,52+77,codeword_bits,,0,1,0,0,detected_uncorrectable
SUPP-NEG-V1-001,secded_double_bit,S3,stage1_word_pos0,53+54,codeword_bits,,0,1,0,0,detected_uncorrectable
SUPP-NEG-V1-001,secded_double_bit,S3,stage1_word_pos0,53+55,codeword_bits,,0,1,0,0,detected_uncorrectable
SUPP-NEG-V1-001,secded_double_bit,S3,stage1_word_pos0,53+56,codeword_bits,,0,1,0,0,detected_uncorrectable
SUPP-NEG-V1-001,secded_double_bit,S3,stage1_word_pos0,53+57,codeword_bits,,0,1,0,0,detected_uncorrectable
SUPP-NEG-V1-001,secded_double_bit,S3,stage1_word_pos0,53+58,codeword_bits,,0,1,0,0,detected_uncorrectable
SUPP-NEG-V1-001,secded_double_bit,S3,stage1_word_pos0,53+59,codeword_bits,,0,1,0,0,detected_uncorrectable
SUPP-NEG-V1-001,secded_double_bit,S3,stage1_word_pos0,53+60,codeword_bits,,0,1,0,0,detected_uncorrectable
SUPP-NEG-V1-001,secded_double_bit,S3,stage1_word_pos0,53+61,codeword_bits,,0,1,0,0,detected_uncorrectable
SUPP-NEG-V1-001,secded_double_bit,S3,stage1_word_pos0,53+62,codeword_bits,,0,1,0,0,detected_uncorrectable
SUPP-NEG-V1-001,secded_double_bit,S3,stage1_word_pos0,53+63,codeword_bits,,0,1,0,0,detected_uncorrectable
SUPP-NEG-V1-001,secded_double_bit,S3,stage1_word_pos0,53+64,codeword_bits,,0,1,0,0,detected_uncorrectable
SUPP-NEG-V1-001,secded_double_bit,S3,stage1_word_pos0,53+65,codeword_bits,,0,1,0,0,detected_uncorrectable
SUPP-NEG-V1-001,secded_double_bit,S3,stage1_word_pos0,53+66,codeword_bits,,0,1,0,0,detected_uncorrectable
SUPP-NEG-V1-001,secded_double_bit,S3,stage1_word_pos0,53+67,codeword_bits,,0,1,0,0,detected_uncorrectable
SUPP-NEG-V1-001,secded_double_bit,S3,stage1_word_pos0,53+68,codeword_bits,,0,1,0,0,detected_uncorrectable
SUPP-NEG-V1-001,secded_double_bit,S3,stage1_word_pos0,53+69,codeword_bits,,0,1,0,0,detected_uncorrectable
SUPP-NEG-V1-001,secded_double_bit,S3,stage1_word_pos0,53+70,codeword_bits,,0,1,0,0,detected_uncorrectable
SUPP-NEG-V1-001,secded_double_bit,S3,stage1_word_pos0,53+71,codeword_bits,,0,1,0,0,detected_uncorrectable
SUPP-NEG-V1-001,secded_double_bit,S3,stage1_word_pos0,53+72,codeword_bits,,0,1,0,0,detected_uncorrectable
SUPP-NEG-V1-001,secded_double_bit,S3,stage1_word_pos0,53+73,codeword_bits,,0,1,0,0,detected_uncorrectable
SUPP-NEG-V1-001,secded_double_bit,S3,stage1_word_pos0,53+74,codeword_bits,,0,1,0,0,detected_uncorrectable
SUPP-NEG-V1-001,secded_double_bit,S3,stage1_word_pos0,53+75,codeword_bits,,0,1,0,0,detected_uncorrectable
SUPP-NEG-V1-001,secded_double_bit,S3,stage1_word_pos0,53+76,codeword_bits,,0,1,0,0,detected_uncorrectable
SUPP-NEG-V1-001,secded_double_bit,S3,stage1_word_pos0,53+77,codeword_bits,,0,1,0,0,detected_uncorrectable
SUPP-NEG-V1-001,secded_double_bit,S3,stage1_word_pos0,54+55,codeword_bits,,0,1,0,0,detected_uncorrectable
SUPP-NEG-V1-001,secded_double_bit,S3,stage1_word_pos0,54+56,codeword_bits,,0,1,0,0,detected_uncorrectable
SUPP-NEG-V1-001,secded_double_bit,S3,stage1_word_pos0,54+57,codeword_bits,,0,1,0,0,detected_uncorrectable
SUPP-NEG-V1-001,secded_double_bit,S3,stage1_word_pos0,54+58,codeword_bits,,0,1,0,0,detected_uncorrectable
SUPP-NEG-V1-001,secded_double_bit,S3,stage1_word_pos0,54+59,codeword_bits,,0,1,0,0,detected_uncorrectable
SUPP-NEG-V1-001,secded_double_bit,S3,stage1_word_pos0,54+60,codeword_bits,,0,1,0,0,detected_uncorrectable
SUPP-NEG-V1-001,secded_double_bit,S3,stage1_word_pos0,54+61,codeword_bits,,0,1,0,0,detected_uncorrectable
SUPP-NEG-V1-001,secded_double_bit,S3,stage1_word_pos0,54+62,codeword_bits,,0,1,0,0,detected_uncorrectable
SUPP-NEG-V1-001,secded_double_bit,S3,stage1_word_pos0,54+63,codeword_bits,,0,1,0,0,detected_uncorrectable
SUPP-NEG-V1-001,secded_double_bit,S3,stage1_word_pos0,54+64,codeword_bits,,0,1,0,0,detected_uncorrectable
SUPP-NEG-V1-001,secded_double_bit,S3,stage1_word_pos0,54+65,codeword_bits,,0,1,0,0,detected_uncorrectable
SUPP-NEG-V1-001,secded_double_bit,S3,stage1_word_pos0,54+66,codeword_bits,,0,1,0,0,detected_uncorrectable
SUPP-NEG-V1-001,secded_double_bit,S3,stage1_word_pos0,54+67,codeword_bits,,0,1,0,0,detected_uncorrectable
SUPP-NEG-V1-001,secded_double_bit,S3,stage1_word_pos0,54+68,codeword_bits,,0,1,0,0,detected_uncorrectable
SUPP-NEG-V1-001,secded_double_bit,S3,stage1_word_pos0,54+69,codeword_bits,,0,1,0,0,detected_uncorrectable
SUPP-NEG-V1-001,secded_double_bit,S3,stage1_word_pos0,54+70,codeword_bits,,0,1,0,0,detected_uncorrectable
SUPP-NEG-V1-001,secded_double_bit,S3,stage1_word_pos0,54+71,codeword_bits,,0,1,0,0,detected_uncorrectable
SUPP-NEG-V1-001,secded_double_bit,S3,stage1_word_pos0,54+72,codeword_bits,,0,1,0,0,detected_uncorrectable
SUPP-NEG-V1-001,secded_double_bit,S3,stage1_word_pos0,54+73,codeword_bits,,0,1,0,0,detected_uncorrectable
SUPP-NEG-V1-001,secded_double_bit,S3,stage1_word_pos0,54+74,codeword_bits,,0,1,0,0,detected_uncorrectable
SUPP-NEG-V1-001,secded_double_bit,S3,stage1_word_pos0,54+75,codeword_bits,,0,1,0,0,detected_uncorrectable
SUPP-NEG-V1-001,secded_double_bit,S3,stage1_word_pos0,54+76,codeword_bits,,0,1,0,0,detected_uncorrectable
SUPP-NEG-V1-001,secded_double_bit,S3,stage1_word_pos0,54+77,codeword_bits,,0,1,0,0,detected_uncorrectable
SUPP-NEG-V1-001,secded_double_bit,S3,stage1_word_pos0,55+56,codeword_bits,,0,1,0,0,detected_uncorrectable
SUPP-NEG-V1-001,secded_double_bit,S3,stage1_word_pos0,55+57,codeword_bits,,0,1,0,0,detected_uncorrectable
SUPP-NEG-V1-001,secded_double_bit,S3,stage1_word_pos0,55+58,codeword_bits,,0,1,0,0,detected_uncorrectable
SUPP-NEG-V1-001,secded_double_bit,S3,stage1_word_pos0,55+59,codeword_bits,,0,1,0,0,detected_uncorrectable
SUPP-NEG-V1-001,secded_double_bit,S3,stage1_word_pos0,55+60,codeword_bits,,0,1,0,0,detected_uncorrectable
SUPP-NEG-V1-001,secded_double_bit,S3,stage1_word_pos0,55+61,codeword_bits,,0,1,0,0,detected_uncorrectable
SUPP-NEG-V1-001,secded_double_bit,S3,stage1_word_pos0,55+62,codeword_bits,,0,1,0,0,detected_uncorrectable
SUPP-NEG-V1-001,secded_double_bit,S3,stage1_word_pos0,55+63,codeword_bits,,0,1,0,0,detected_uncorrectable
SUPP-NEG-V1-001,secded_double_bit,S3,stage1_word_pos0,55+64,codeword_bits,,0,1,0,0,detected_uncorrectable
SUPP-NEG-V1-001,secded_double_bit,S3,stage1_word_pos0,55+65,codeword_bits,,0,1,0,0,detected_uncorrectable
SUPP-NEG-V1-001,secded_double_bit,S3,stage1_word_pos0,55+66,codeword_bits,,0,1,0,0,detected_uncorrectable
SUPP-NEG-V1-001,secded_double_bit,S3,stage1_word_pos0,55+67,codeword_bits,,0,1,0,0,detected_uncorrectable
SUPP-NEG-V1-001,secded_double_bit,S3,stage1_word_pos0,55+68,codeword_bits,,0,1,0,0,detected_uncorrectable
SUPP-NEG-V1-001,secded_double_bit,S3,stage1_word_pos0,55+69,codeword_bits,,0,1,0,0,detected_uncorrectable
SUPP-NEG-V1-001,secded_double_bit,S3,stage1_word_pos0,55+70,codeword_bits,,0,1,0,0,detected_uncorrectable
SUPP-NEG-V1-001,secded_double_bit,S3,stage1_word_pos0,55+71,codeword_bits,,0,1,0,0,detected_uncorrectable
SUPP-NEG-V1-001,secded_double_bit,S3,stage1_word_pos0,55+72,codeword_bits,,0,1,0,0,detected_uncorrectable
SUPP-NEG-V1-001,secded_double_bit,S3,stage1_word_pos0,55+73,codeword_bits,,0,1,0,0,detected_uncorrectable
SUPP-NEG-V1-001,secded_double_bit,S3,stage1_word_pos0,55+74,codeword_bits,,0,1,0,0,detected_uncorrectable
SUPP-NEG-V1-001,secded_double_bit,S3,stage1_word_pos0,55+75,codeword_bits,,0,1,0,0,detected_uncorrectable
SUPP-NEG-V1-001,secded_double_bit,S3,stage1_word_pos0,55+76,codeword_bits,,0,1,0,0,detected_uncorrectable
SUPP-NEG-V1-001,secded_double_bit,S3,stage1_word_pos0,55+77,codeword_bits,,0,1,0,0,detected_uncorrectable
SUPP-NEG-V1-001,secded_double_bit,S3,stage1_word_pos0,56+57,codeword_bits,,0,1,0,0,detected_uncorrectable
SUPP-NEG-V1-001,secded_double_bit,S3,stage1_word_pos0,56+58,codeword_bits,,0,1,0,0,detected_uncorrectable
SUPP-NEG-V1-001,secded_double_bit,S3,stage1_word_pos0,56+59,codeword_bits,,0,1,0,0,detected_uncorrectable
SUPP-NEG-V1-001,secded_double_bit,S3,stage1_word_pos0,56+60,codeword_bits,,0,1,0,0,detected_uncorrectable
SUPP-NEG-V1-001,secded_double_bit,S3,stage1_word_pos0,56+61,codeword_bits,,0,1,0,0,detected_uncorrectable
SUPP-NEG-V1-001,secded_double_bit,S3,stage1_word_pos0,56+62,codeword_bits,,0,1,0,0,detected_uncorrectable
SUPP-NEG-V1-001,secded_double_bit,S3,stage1_word_pos0,56+63,codeword_bits,,0,1,0,0,detected_uncorrectable
SUPP-NEG-V1-001,secded_double_bit,S3,stage1_word_pos0,56+64,codeword_bits,,0,1,0,0,detected_uncorrectable
SUPP-NEG-V1-001,secded_double_bit,S3,stage1_word_pos0,56+65,codeword_bits,,0,1,0,0,detected_uncorrectable
SUPP-NEG-V1-001,secded_double_bit,S3,stage1_word_pos0,56+66,codeword_bits,,0,1,0,0,detected_uncorrectable
SUPP-NEG-V1-001,secded_double_bit,S3,stage1_word_pos0,56+67,codeword_bits,,0,1,0,0,detected_uncorrectable
SUPP-NEG-V1-001,secded_double_bit,S3,stage1_word_pos0,56+68,codeword_bits,,0,1,0,0,detected_uncorrectable
SUPP-NEG-V1-001,secded_double_bit,S3,stage1_word_pos0,56+69,codeword_bits,,0,1,0,0,detected_uncorrectable
SUPP-NEG-V1-001,secded_double_bit,S3,stage1_word_pos0,56+70,codeword_bits,,0,1,0,0,detected_uncorrectable
SUPP-NEG-V1-001,secded_double_bit,S3,stage1_word_pos0,56+71,codeword_bits,,0,1,0,0,detected_uncorrectable
SUPP-NEG-V1-001,secded_double_bit,S3,stage1_word_pos0,56+72,codeword_bits,,0,1,0,0,detected_uncorrectable
SUPP-NEG-V1-001,secded_double_bit,S3,stage1_word_pos0,56+73,codeword_bits,,0,1,0,0,detected_uncorrectable
SUPP-NEG-V1-001,secded_double_bit,S3,stage1_word_pos0,56+74,codeword_bits,,0,1,0,0,detected_uncorrectable
SUPP-NEG-V1-001,secded_double_bit,S3,stage1_word_pos0,56+75,codeword_bits,,0,1,0,0,detected_uncorrectable
SUPP-NEG-V1-001,secded_double_bit,S3,stage1_word_pos0,56+76,codeword_bits,,0,1,0,0,detected_uncorrectable
SUPP-NEG-V1-001,secded_double_bit,S3,stage1_word_pos0,56+77,codeword_bits,,0,1,0,0,detected_uncorrectable
SUPP-NEG-V1-001,secded_double_bit,S3,stage1_word_pos0,57+58,codeword_bits,,0,1,0,0,detected_uncorrectable
SUPP-NEG-V1-001,secded_double_bit,S3,stage1_word_pos0,57+59,codeword_bits,,0,1,0,0,detected_uncorrectable
SUPP-NEG-V1-001,secded_double_bit,S3,stage1_word_pos0,57+60,codeword_bits,,0,1,0,0,detected_uncorrectable
SUPP-NEG-V1-001,secded_double_bit,S3,stage1_word_pos0,57+61,codeword_bits,,0,1,0,0,detected_uncorrectable
SUPP-NEG-V1-001,secded_double_bit,S3,stage1_word_pos0,57+62,codeword_bits,,0,1,0,0,detected_uncorrectable
SUPP-NEG-V1-001,secded_double_bit,S3,stage1_word_pos0,57+63,codeword_bits,,0,1,0,0,detected_uncorrectable
SUPP-NEG-V1-001,secded_double_bit,S3,stage1_word_pos0,57+64,codeword_bits,,0,1,0,0,detected_uncorrectable
SUPP-NEG-V1-001,secded_double_bit,S3,stage1_word_pos0,57+65,codeword_bits,,0,1,0,0,detected_uncorrectable
SUPP-NEG-V1-001,secded_double_bit,S3,stage1_word_pos0,57+66,codeword_bits,,0,1,0,0,detected_uncorrectable
SUPP-NEG-V1-001,secded_double_bit,S3,stage1_word_pos0,57+67,codeword_bits,,0,1,0,0,detected_uncorrectable
SUPP-NEG-V1-001,secded_double_bit,S3,stage1_word_pos0,57+68,codeword_bits,,0,1,0,0,detected_uncorrectable
SUPP-NEG-V1-001,secded_double_bit,S3,stage1_word_pos0,57+69,codeword_bits,,0,1,0,0,detected_uncorrectable
SUPP-NEG-V1-001,secded_double_bit,S3,stage1_word_pos0,57+70,codeword_bits,,0,1,0,0,detected_uncorrectable
SUPP-NEG-V1-001,secded_double_bit,S3,stage1_word_pos0,57+71,codeword_bits,,0,1,0,0,detected_uncorrectable
SUPP-NEG-V1-001,secded_double_bit,S3,stage1_word_pos0,57+72,codeword_bits,,0,1,0,0,detected_uncorrectable
SUPP-NEG-V1-001,secded_double_bit,S3,stage1_word_pos0,57+73,codeword_bits,,0,1,0,0,detected_uncorrectable
SUPP-NEG-V1-001,secded_double_bit,S3,stage1_word_pos0,57+74,codeword_bits,,0,1,0,0,detected_uncorrectable
SUPP-NEG-V1-001,secded_double_bit,S3,stage1_word_pos0,57+75,codeword_bits,,0,1,0,0,detected_uncorrectable
SUPP-NEG-V1-001,secded_double_bit,S3,stage1_word_pos0,57+76,codeword_bits,,0,1,0,0,detected_uncorrectable
SUPP-NEG-V1-001,secded_double_bit,S3,stage1_word_pos0,57+77,codeword_bits,,0,1,0,0,detected_uncorrectable
SUPP-NEG-V1-001,secded_double_bit,S3,stage1_word_pos0,58+59,codeword_bits,,0,1,0,0,detected_uncorrectable
SUPP-NEG-V1-001,secded_double_bit,S3,stage1_word_pos0,58+60,codeword_bits,,0,1,0,0,detected_uncorrectable
SUPP-NEG-V1-001,secded_double_bit,S3,stage1_word_pos0,58+61,codeword_bits,,0,1,0,0,detected_uncorrectable
SUPP-NEG-V1-001,secded_double_bit,S3,stage1_word_pos0,58+62,codeword_bits,,0,1,0,0,detected_uncorrectable
SUPP-NEG-V1-001,secded_double_bit,S3,stage1_word_pos0,58+63,codeword_bits,,0,1,0,0,detected_uncorrectable
SUPP-NEG-V1-001,secded_double_bit,S3,stage1_word_pos0,58+64,codeword_bits,,0,1,0,0,detected_uncorrectable
SUPP-NEG-V1-001,secded_double_bit,S3,stage1_word_pos0,58+65,codeword_bits,,0,1,0,0,detected_uncorrectable
SUPP-NEG-V1-001,secded_double_bit,S3,stage1_word_pos0,58+66,codeword_bits,,0,1,0,0,detected_uncorrectable
SUPP-NEG-V1-001,secded_double_bit,S3,stage1_word_pos0,58+67,codeword_bits,,0,1,0,0,detected_uncorrectable
SUPP-NEG-V1-001,secded_double_bit,S3,stage1_word_pos0,58+68,codeword_bits,,0,1,0,0,detected_uncorrectable
SUPP-NEG-V1-001,secded_double_bit,S3,stage1_word_pos0,58+69,codeword_bits,,0,1,0,0,detected_uncorrectable
SUPP-NEG-V1-001,secded_double_bit,S3,stage1_word_pos0,58+70,codeword_bits,,0,1,0,0,detected_uncorrectable
SUPP-NEG-V1-001,secded_double_bit,S3,stage1_word_pos0,58+71,codeword_bits,,0,1,0,0,detected_uncorrectable
SUPP-NEG-V1-001,secded_double_bit,S3,stage1_word_pos0,58+72,codeword_bits,,0,1,0,0,detected_uncorrectable
SUPP-NEG-V1-001,secded_double_bit,S3,stage1_word_pos0,58+73,codeword_bits,,0,1,0,0,detected_uncorrectable
SUPP-NEG-V1-001,secded_double_bit,S3,stage1_word_pos0,58+74,codeword_bits,,0,1,0,0,detected_uncorrectable
SUPP-NEG-V1-001,secded_double_bit,S3,stage1_word_pos0,58+75,codeword_bits,,0,1,0,0,detected_uncorrectable
SUPP-NEG-V1-001,secded_double_bit,S3,stage1_word_pos0,58+76,codeword_bits,,0,1,0,0,detected_uncorrectable
SUPP-NEG-V1-001,secded_double_bit,S3,stage1_word_pos0,58+77,codeword_bits,,0,1,0,0,detected_uncorrectable
SUPP-NEG-V1-001,secded_double_bit,S3,stage1_word_pos0,59+60,codeword_bits,,0,1,0,0,detected_uncorrectable
SUPP-NEG-V1-001,secded_double_bit,S3,stage1_word_pos0,59+61,codeword_bits,,0,1,0,0,detected_uncorrectable
SUPP-NEG-V1-001,secded_double_bit,S3,stage1_word_pos0,59+62,codeword_bits,,0,1,0,0,detected_uncorrectable
SUPP-NEG-V1-001,secded_double_bit,S3,stage1_word_pos0,59+63,codeword_bits,,0,1,0,0,detected_uncorrectable
SUPP-NEG-V1-001,secded_double_bit,S3,stage1_word_pos0,59+64,codeword_bits,,0,1,0,0,detected_uncorrectable
SUPP-NEG-V1-001,secded_double_bit,S3,stage1_word_pos0,59+65,codeword_bits,,0,1,0,0,detected_uncorrectable
SUPP-NEG-V1-001,secded_double_bit,S3,stage1_word_pos0,59+66,codeword_bits,,0,1,0,0,detected_uncorrectable
SUPP-NEG-V1-001,secded_double_bit,S3,stage1_word_pos0,59+67,codeword_bits,,0,1,0,0,detected_uncorrectable
SUPP-NEG-V1-001,secded_double_bit,S3,stage1_word_pos0,59+68,codeword_bits,,0,1,0,0,detected_uncorrectable
SUPP-NEG-V1-001,secded_double_bit,S3,stage1_word_pos0,59+69,codeword_bits,,0,1,0,0,detected_uncorrectable
SUPP-NEG-V1-001,secded_double_bit,S3,stage1_word_pos0,59+70,codeword_bits,,0,1,0,0,detected_uncorrectable
SUPP-NEG-V1-001,secded_double_bit,S3,stage1_word_pos0,59+71,codeword_bits,,0,1,0,0,detected_uncorrectable
SUPP-NEG-V1-001,secded_double_bit,S3,stage1_word_pos0,59+72,codeword_bits,,0,1,0,0,detected_uncorrectable
SUPP-NEG-V1-001,secded_double_bit,S3,stage1_word_pos0,59+73,codeword_bits,,0,1,0,0,detected_uncorrectable
SUPP-NEG-V1-001,secded_double_bit,S3,stage1_word_pos0,59+74,codeword_bits,,0,1,0,0,detected_uncorrectable
SUPP-NEG-V1-001,secded_double_bit,S3,stage1_word_pos0,59+75,codeword_bits,,0,1,0,0,detected_uncorrectable
SUPP-NEG-V1-001,secded_double_bit,S3,stage1_word_pos0,59+76,codeword_bits,,0,1,0,0,detected_uncorrectable
SUPP-NEG-V1-001,secded_double_bit,S3,stage1_word_pos0,59+77,codeword_bits,,0,1,0,0,detected_uncorrectable
SUPP-NEG-V1-001,secded_double_bit,S3,stage1_word_pos0,60+61,codeword_bits,,0,1,0,0,detected_uncorrectable
SUPP-NEG-V1-001,secded_double_bit,S3,stage1_word_pos0,60+62,codeword_bits,,0,1,0,0,detected_uncorrectable
SUPP-NEG-V1-001,secded_double_bit,S3,stage1_word_pos0,60+63,codeword_bits,,0,1,0,0,detected_uncorrectable
SUPP-NEG-V1-001,secded_double_bit,S3,stage1_word_pos0,60+64,codeword_bits,,0,1,0,0,detected_uncorrectable
SUPP-NEG-V1-001,secded_double_bit,S3,stage1_word_pos0,60+65,codeword_bits,,0,1,0,0,detected_uncorrectable
SUPP-NEG-V1-001,secded_double_bit,S3,stage1_word_pos0,60+66,codeword_bits,,0,1,0,0,detected_uncorrectable
SUPP-NEG-V1-001,secded_double_bit,S3,stage1_word_pos0,60+67,codeword_bits,,0,1,0,0,detected_uncorrectable
SUPP-NEG-V1-001,secded_double_bit,S3,stage1_word_pos0,60+68,codeword_bits,,0,1,0,0,detected_uncorrectable
SUPP-NEG-V1-001,secded_double_bit,S3,stage1_word_pos0,60+69,codeword_bits,,0,1,0,0,detected_uncorrectable
SUPP-NEG-V1-001,secded_double_bit,S3,stage1_word_pos0,60+70,codeword_bits,,0,1,0,0,detected_uncorrectable
SUPP-NEG-V1-001,secded_double_bit,S3,stage1_word_pos0,60+71,codeword_bits,,0,1,0,0,detected_uncorrectable
SUPP-NEG-V1-001,secded_double_bit,S3,stage1_word_pos0,60+72,codeword_bits,,0,1,0,0,detected_uncorrectable
SUPP-NEG-V1-001,secded_double_bit,S3,stage1_word_pos0,60+73,codeword_bits,,0,1,0,0,detected_uncorrectable
SUPP-NEG-V1-001,secded_double_bit,S3,stage1_word_pos0,60+74,codeword_bits,,0,1,0,0,detected_uncorrectable
SUPP-NEG-V1-001,secded_double_bit,S3,stage1_word_pos0,60+75,codeword_bits,,0,1,0,0,detected_uncorrectable
SUPP-NEG-V1-001,secded_double_bit,S3,stage1_word_pos0,60+76,codeword_bits,,0,1,0,0,detected_uncorrectable
SUPP-NEG-V1-001,secded_double_bit,S3,stage1_word_pos0,60+77,codeword_bits,,0,1,0,0,detected_uncorrectable
SUPP-NEG-V1-001,secded_double_bit,S3,stage1_word_pos0,61+62,codeword_bits,,0,1,0,0,detected_uncorrectable
SUPP-NEG-V1-001,secded_double_bit,S3,stage1_word_pos0,61+63,codeword_bits,,0,1,0,0,detected_uncorrectable
SUPP-NEG-V1-001,secded_double_bit,S3,stage1_word_pos0,61+64,codeword_bits,,0,1,0,0,detected_uncorrectable
SUPP-NEG-V1-001,secded_double_bit,S3,stage1_word_pos0,61+65,codeword_bits,,0,1,0,0,detected_uncorrectable
SUPP-NEG-V1-001,secded_double_bit,S3,stage1_word_pos0,61+66,codeword_bits,,0,1,0,0,detected_uncorrectable
SUPP-NEG-V1-001,secded_double_bit,S3,stage1_word_pos0,61+67,codeword_bits,,0,1,0,0,detected_uncorrectable
SUPP-NEG-V1-001,secded_double_bit,S3,stage1_word_pos0,61+68,codeword_bits,,0,1,0,0,detected_uncorrectable
SUPP-NEG-V1-001,secded_double_bit,S3,stage1_word_pos0,61+69,codeword_bits,,0,1,0,0,detected_uncorrectable
SUPP-NEG-V1-001,secded_double_bit,S3,stage1_word_pos0,61+70,codeword_bits,,0,1,0,0,detected_uncorrectable
SUPP-NEG-V1-001,secded_double_bit,S3,stage1_word_pos0,61+71,codeword_bits,,0,1,0,0,detected_uncorrectable
SUPP-NEG-V1-001,secded_double_bit,S3,stage1_word_pos0,61+72,codeword_bits,,0,1,0,0,detected_uncorrectable
SUPP-NEG-V1-001,secded_double_bit,S3,stage1_word_pos0,61+73,codeword_bits,,0,1,0,0,detected_uncorrectable
SUPP-NEG-V1-001,secded_double_bit,S3,stage1_word_pos0,61+74,codeword_bits,,0,1,0,0,detected_uncorrectable
SUPP-NEG-V1-001,secded_double_bit,S3,stage1_word_pos0,61+75,codeword_bits,,0,1,0,0,detected_uncorrectable
SUPP-NEG-V1-001,secded_double_bit,S3,stage1_word_pos0,61+76,codeword_bits,,0,1,0,0,detected_uncorrectable
SUPP-NEG-V1-001,secded_double_bit,S3,stage1_word_pos0,61+77,codeword_bits,,0,1,0,0,detected_uncorrectable
SUPP-NEG-V1-001,secded_double_bit,S3,stage1_word_pos0,62+63,codeword_bits,,0,1,0,0,detected_uncorrectable
SUPP-NEG-V1-001,secded_double_bit,S3,stage1_word_pos0,62+64,codeword_bits,,0,1,0,0,detected_uncorrectable
SUPP-NEG-V1-001,secded_double_bit,S3,stage1_word_pos0,62+65,codeword_bits,,0,1,0,0,detected_uncorrectable
SUPP-NEG-V1-001,secded_double_bit,S3,stage1_word_pos0,62+66,codeword_bits,,0,1,0,0,detected_uncorrectable
SUPP-NEG-V1-001,secded_double_bit,S3,stage1_word_pos0,62+67,codeword_bits,,0,1,0,0,detected_uncorrectable
SUPP-NEG-V1-001,secded_double_bit,S3,stage1_word_pos0,62+68,codeword_bits,,0,1,0,0,detected_uncorrectable
SUPP-NEG-V1-001,secded_double_bit,S3,stage1_word_pos0,62+69,codeword_bits,,0,1,0,0,detected_uncorrectable
SUPP-NEG-V1-001,secded_double_bit,S3,stage1_word_pos0,62+70,codeword_bits,,0,1,0,0,detected_uncorrectable
SUPP-NEG-V1-001,secded_double_bit,S3,stage1_word_pos0,62+71,codeword_bits,,0,1,0,0,detected_uncorrectable
SUPP-NEG-V1-001,secded_double_bit,S3,stage1_word_pos0,62+72,codeword_bits,,0,1,0,0,detected_uncorrectable
SUPP-NEG-V1-001,secded_double_bit,S3,stage1_word_pos0,62+73,codeword_bits,,0,1,0,0,detected_uncorrectable
SUPP-NEG-V1-001,secded_double_bit,S3,stage1_word_pos0,62+74,codeword_bits,,0,1,0,0,detected_uncorrectable
SUPP-NEG-V1-001,secded_double_bit,S3,stage1_word_pos0,62+75,codeword_bits,,0,1,0,0,detected_uncorrectable
SUPP-NEG-V1-001,secded_double_bit,S3,stage1_word_pos0,62+76,codeword_bits,,0,1,0,0,detected_uncorrectable
SUPP-NEG-V1-001,secded_double_bit,S3,stage1_word_pos0,62+77,codeword_bits,,0,1,0,0,detected_uncorrectable
SUPP-NEG-V1-001,secded_double_bit,S3,stage1_word_pos0,63+64,codeword_bits,,0,1,0,0,detected_uncorrectable
SUPP-NEG-V1-001,secded_double_bit,S3,stage1_word_pos0,63+65,codeword_bits,,0,1,0,0,detected_uncorrectable
SUPP-NEG-V1-001,secded_double_bit,S3,stage1_word_pos0,63+66,codeword_bits,,0,1,0,0,detected_uncorrectable
SUPP-NEG-V1-001,secded_double_bit,S3,stage1_word_pos0,63+67,codeword_bits,,0,1,0,0,detected_uncorrectable
SUPP-NEG-V1-001,secded_double_bit,S3,stage1_word_pos0,63+68,codeword_bits,,0,1,0,0,detected_uncorrectable
SUPP-NEG-V1-001,secded_double_bit,S3,stage1_word_pos0,63+69,codeword_bits,,0,1,0,0,detected_uncorrectable
SUPP-NEG-V1-001,secded_double_bit,S3,stage1_word_pos0,63+70,codeword_bits,,0,1,0,0,detected_uncorrectable
SUPP-NEG-V1-001,secded_double_bit,S3,stage1_word_pos0,63+71,codeword_bits,,0,1,0,0,detected_uncorrectable
SUPP-NEG-V1-001,secded_double_bit,S3,stage1_word_pos0,63+72,codeword_bits,,0,1,0,0,detected_uncorrectable
SUPP-NEG-V1-001,secded_double_bit,S3,stage1_word_pos0,63+73,codeword_bits,,0,1,0,0,detected_uncorrectable
SUPP-NEG-V1-001,secded_double_bit,S3,stage1_word_pos0,63+74,codeword_bits,,0,1,0,0,detected_uncorrectable
SUPP-NEG-V1-001,secded_double_bit,S3,stage1_word_pos0,63+75,codeword_bits,,0,1,0,0,detected_uncorrectable
SUPP-NEG-V1-001,secded_double_bit,S3,stage1_word_pos0,63+76,codeword_bits,,0,1,0,0,detected_uncorrectable
SUPP-NEG-V1-001,secded_double_bit,S3,stage1_word_pos0,63+77,codeword_bits,,0,1,0,1,detected_uncorrectable
SUPP-NEG-V1-001,secded_double_bit,S3,stage1_word_pos0,64+65,codeword_bits,,0,1,0,0,detected_uncorrectable
SUPP-NEG-V1-001,secded_double_bit,S3,stage1_word_pos0,64+66,codeword_bits,,0,1,0,0,detected_uncorrectable
SUPP-NEG-V1-001,secded_double_bit,S3,stage1_word_pos0,64+67,codeword_bits,,0,1,0,0,detected_uncorrectable
SUPP-NEG-V1-001,secded_double_bit,S3,stage1_word_pos0,64+68,codeword_bits,,0,1,0,0,detected_uncorrectable
SUPP-NEG-V1-001,secded_double_bit,S3,stage1_word_pos0,64+69,codeword_bits,,0,1,0,0,detected_uncorrectable
SUPP-NEG-V1-001,secded_double_bit,S3,stage1_word_pos0,64+70,codeword_bits,,0,1,0,0,detected_uncorrectable
SUPP-NEG-V1-001,secded_double_bit,S3,stage1_word_pos0,64+71,codeword_bits,,0,1,0,0,detected_uncorrectable
SUPP-NEG-V1-001,secded_double_bit,S3,stage1_word_pos0,64+72,codeword_bits,,0,1,0,0,detected_uncorrectable
SUPP-NEG-V1-001,secded_double_bit,S3,stage1_word_pos0,64+73,codeword_bits,,0,1,0,0,detected_uncorrectable
SUPP-NEG-V1-001,secded_double_bit,S3,stage1_word_pos0,64+74,codeword_bits,,0,1,0,0,detected_uncorrectable
SUPP-NEG-V1-001,secded_double_bit,S3,stage1_word_pos0,64+75,codeword_bits,,0,1,0,0,detected_uncorrectable
SUPP-NEG-V1-001,secded_double_bit,S3,stage1_word_pos0,64+76,codeword_bits,,0,1,0,0,detected_uncorrectable
SUPP-NEG-V1-001,secded_double_bit,S3,stage1_word_pos0,64+77,codeword_bits,,0,1,0,0,detected_uncorrectable
SUPP-NEG-V1-001,secded_double_bit,S3,stage1_word_pos0,65+66,codeword_bits,,0,1,0,0,detected_uncorrectable
SUPP-NEG-V1-001,secded_double_bit,S3,stage1_word_pos0,65+67,codeword_bits,,0,1,0,0,detected_uncorrectable
SUPP-NEG-V1-001,secded_double_bit,S3,stage1_word_pos0,65+68,codeword_bits,,0,1,0,0,detected_uncorrectable
SUPP-NEG-V1-001,secded_double_bit,S3,stage1_word_pos0,65+69,codeword_bits,,0,1,0,0,detected_uncorrectable
SUPP-NEG-V1-001,secded_double_bit,S3,stage1_word_pos0,65+70,codeword_bits,,0,1,0,0,detected_uncorrectable
SUPP-NEG-V1-001,secded_double_bit,S3,stage1_word_pos0,65+71,codeword_bits,,0,1,0,0,detected_uncorrectable
SUPP-NEG-V1-001,secded_double_bit,S3,stage1_word_pos0,65+72,codeword_bits,,0,1,0,0,detected_uncorrectable
SUPP-NEG-V1-001,secded_double_bit,S3,stage1_word_pos0,65+73,codeword_bits,,0,1,0,0,detected_uncorrectable
SUPP-NEG-V1-001,secded_double_bit,S3,stage1_word_pos0,65+74,codeword_bits,,0,1,0,0,detected_uncorrectable
SUPP-NEG-V1-001,secded_double_bit,S3,stage1_word_pos0,65+75,codeword_bits,,0,1,0,0,detected_uncorrectable
SUPP-NEG-V1-001,secded_double_bit,S3,stage1_word_pos0,65+76,codeword_bits,,0,1,0,0,detected_uncorrectable
SUPP-NEG-V1-001,secded_double_bit,S3,stage1_word_pos0,65+77,codeword_bits,,0,1,0,0,detected_uncorrectable
SUPP-NEG-V1-001,secded_double_bit,S3,stage1_word_pos0,66+67,codeword_bits,,0,1,0,0,detected_uncorrectable
SUPP-NEG-V1-001,secded_double_bit,S3,stage1_word_pos0,66+68,codeword_bits,,0,1,0,0,detected_uncorrectable
SUPP-NEG-V1-001,secded_double_bit,S3,stage1_word_pos0,66+69,codeword_bits,,0,1,0,0,detected_uncorrectable
SUPP-NEG-V1-001,secded_double_bit,S3,stage1_word_pos0,66+70,codeword_bits,,0,1,0,0,detected_uncorrectable
SUPP-NEG-V1-001,secded_double_bit,S3,stage1_word_pos0,66+71,codeword_bits,,0,1,0,0,detected_uncorrectable
SUPP-NEG-V1-001,secded_double_bit,S3,stage1_word_pos0,66+72,codeword_bits,,0,1,0,0,detected_uncorrectable
SUPP-NEG-V1-001,secded_double_bit,S3,stage1_word_pos0,66+73,codeword_bits,,0,1,0,0,detected_uncorrectable
SUPP-NEG-V1-001,secded_double_bit,S3,stage1_word_pos0,66+74,codeword_bits,,0,1,0,0,detected_uncorrectable
SUPP-NEG-V1-001,secded_double_bit,S3,stage1_word_pos0,66+75,codeword_bits,,0,1,0,0,detected_uncorrectable
SUPP-NEG-V1-001,secded_double_bit,S3,stage1_word_pos0,66+76,codeword_bits,,0,1,0,0,detected_uncorrectable
SUPP-NEG-V1-001,secded_double_bit,S3,stage1_word_pos0,66+77,codeword_bits,,0,1,0,0,detected_uncorrectable
SUPP-NEG-V1-001,secded_double_bit,S3,stage1_word_pos0,67+68,codeword_bits,,0,1,0,0,detected_uncorrectable
SUPP-NEG-V1-001,secded_double_bit,S3,stage1_word_pos0,67+69,codeword_bits,,0,1,0,0,detected_uncorrectable
SUPP-NEG-V1-001,secded_double_bit,S3,stage1_word_pos0,67+70,codeword_bits,,0,1,0,0,detected_uncorrectable
SUPP-NEG-V1-001,secded_double_bit,S3,stage1_word_pos0,67+71,codeword_bits,,0,1,0,0,detected_uncorrectable
SUPP-NEG-V1-001,secded_double_bit,S3,stage1_word_pos0,67+72,codeword_bits,,0,1,0,0,detected_uncorrectable
SUPP-NEG-V1-001,secded_double_bit,S3,stage1_word_pos0,67+73,codeword_bits,,0,1,0,0,detected_uncorrectable
SUPP-NEG-V1-001,secded_double_bit,S3,stage1_word_pos0,67+74,codeword_bits,,0,1,0,0,detected_uncorrectable
SUPP-NEG-V1-001,secded_double_bit,S3,stage1_word_pos0,67+75,codeword_bits,,0,1,0,0,detected_uncorrectable
SUPP-NEG-V1-001,secded_double_bit,S3,stage1_word_pos0,67+76,codeword_bits,,0,1,0,0,detected_uncorrectable
SUPP-NEG-V1-001,secded_double_bit,S3,stage1_word_pos0,67+77,codeword_bits,,0,1,0,0,detected_uncorrectable
SUPP-NEG-V1-001,secded_double_bit,S3,stage1_word_pos0,68+69,codeword_bits,,0,1,0,0,detected_uncorrectable
SUPP-NEG-V1-001,secded_double_bit,S3,stage1_word_pos0,68+70,codeword_bits,,0,1,0,0,detected_uncorrectable
SUPP-NEG-V1-001,secded_double_bit,S3,stage1_word_pos0,68+71,codeword_bits,,0,1,0,0,detected_uncorrectable
SUPP-NEG-V1-001,secded_double_bit,S3,stage1_word_pos0,68+72,codeword_bits,,0,1,0,0,detected_uncorrectable
SUPP-NEG-V1-001,secded_double_bit,S3,stage1_word_pos0,68+73,codeword_bits,,0,1,0,0,detected_uncorrectable
SUPP-NEG-V1-001,secded_double_bit,S3,stage1_word_pos0,68+74,codeword_bits,,0,1,0,0,detected_uncorrectable
SUPP-NEG-V1-001,secded_double_bit,S3,stage1_word_pos0,68+75,codeword_bits,,0,1,0,0,detected_uncorrectable
SUPP-NEG-V1-001,secded_double_bit,S3,stage1_word_pos0,68+76,codeword_bits,,0,1,0,0,detected_uncorrectable
SUPP-NEG-V1-001,secded_double_bit,S3,stage1_word_pos0,68+77,codeword_bits,,0,1,0,0,detected_uncorrectable
SUPP-NEG-V1-001,secded_double_bit,S3,stage1_word_pos0,69+70,codeword_bits,,0,1,0,0,detected_uncorrectable
SUPP-NEG-V1-001,secded_double_bit,S3,stage1_word_pos0,69+71,codeword_bits,,0,1,0,0,detected_uncorrectable
SUPP-NEG-V1-001,secded_double_bit,S3,stage1_word_pos0,69+72,codeword_bits,,0,1,0,0,detected_uncorrectable
SUPP-NEG-V1-001,secded_double_bit,S3,stage1_word_pos0,69+73,codeword_bits,,0,1,0,0,detected_uncorrectable
SUPP-NEG-V1-001,secded_double_bit,S3,stage1_word_pos0,69+74,codeword_bits,,0,1,0,0,detected_uncorrectable
SUPP-NEG-V1-001,secded_double_bit,S3,stage1_word_pos0,69+75,codeword_bits,,0,1,0,0,detected_uncorrectable
SUPP-NEG-V1-001,secded_double_bit,S3,stage1_word_pos0,69+76,codeword_bits,,0,1,0,0,detected_uncorrectable
SUPP-NEG-V1-001,secded_double_bit,S3,stage1_word_pos0,69+77,codeword_bits,,0,1,0,0,detected_uncorrectable
SUPP-NEG-V1-001,secded_double_bit,S3,stage1_word_pos0,70+71,codeword_bits,,0,1,0,0,detected_uncorrectable
SUPP-NEG-V1-001,secded_double_bit,S3,stage1_word_pos0,70+72,codeword_bits,,0,1,0,0,detected_uncorrectable
SUPP-NEG-V1-001,secded_double_bit,S3,stage1_word_pos0,70+73,codeword_bits,,0,1,0,0,detected_uncorrectable
SUPP-NEG-V1-001,secded_double_bit,S3,stage1_word_pos0,70+74,codeword_bits,,0,1,0,0,detected_uncorrectable
SUPP-NEG-V1-001,secded_double_bit,S3,stage1_word_pos0,70+75,codeword_bits,,0,1,0,0,detected_uncorrectable
SUPP-NEG-V1-001,secded_double_bit,S3,stage1_word_pos0,70+76,codeword_bits,,0,1,0,0,detected_uncorrectable
SUPP-NEG-V1-001,secded_double_bit,S3,stage1_word_pos0,70+77,codeword_bits,,0,1,0,0,detected_uncorrectable
SUPP-NEG-V1-001,secded_double_bit,S3,stage1_word_pos0,71+72,codeword_bits,,0,1,0,0,detected_uncorrectable
SUPP-NEG-V1-001,secded_double_bit,S3,stage1_word_pos0,71+73,codeword_bits,,0,1,0,0,detected_uncorrectable
SUPP-NEG-V1-001,secded_double_bit,S3,stage1_word_pos0,71+74,codeword_bits,,0,1,0,0,detected_uncorrectable
SUPP-NEG-V1-001,secded_double_bit,S3,stage1_word_pos0,71+75,codeword_bits,,0,1,0,0,detected_uncorrectable
SUPP-NEG-V1-001,secded_double_bit,S3,stage1_word_pos0,71+76,codeword_bits,,0,1,0,0,detected_uncorrectable
SUPP-NEG-V1-001,secded_double_bit,S3,stage1_word_pos0,71+77,codeword_bits,,0,1,0,0,detected_uncorrectable
SUPP-NEG-V1-001,secded_double_bit,S3,stage1_word_pos0,72+73,codeword_bits,,0,1,0,0,detected_uncorrectable
SUPP-NEG-V1-001,secded_double_bit,S3,stage1_word_pos0,72+74,codeword_bits,,0,1,0,0,detected_uncorrectable
SUPP-NEG-V1-001,secded_double_bit,S3,stage1_word_pos0,72+75,codeword_bits,,0,1,0,0,detected_uncorrectable
SUPP-NEG-V1-001,secded_double_bit,S3,stage1_word_pos0,72+76,codeword_bits,,0,1,0,0,detected_uncorrectable
SUPP-NEG-V1-001,secded_double_bit,S3,stage1_word_pos0,72+77,codeword_bits,,0,1,0,0,detected_uncorrectable
SUPP-NEG-V1-001,secded_double_bit,S3,stage1_word_pos0,73+74,codeword_bits,,0,1,0,0,detected_uncorrectable
SUPP-NEG-V1-001,secded_double_bit,S3,stage1_word_pos0,73+75,codeword_bits,,0,1,0,0,detected_uncorrectable
SUPP-NEG-V1-001,secded_double_bit,S3,stage1_word_pos0,73+76,codeword_bits,,0,1,0,0,detected_uncorrectable
SUPP-NEG-V1-001,secded_double_bit,S3,stage1_word_pos0,73+77,codeword_bits,,0,1,0,0,detected_uncorrectable
SUPP-NEG-V1-001,secded_double_bit,S3,stage1_word_pos0,74+75,codeword_bits,,0,1,0,0,detected_uncorrectable
SUPP-NEG-V1-001,secded_double_bit,S3,stage1_word_pos0,74+76,codeword_bits,,0,1,0,0,detected_uncorrectable
SUPP-NEG-V1-001,secded_double_bit,S3,stage1_word_pos0,74+77,codeword_bits,,0,1,0,0,detected_uncorrectable
SUPP-NEG-V1-001,secded_double_bit,S3,stage1_word_pos0,75+76,codeword_bits,,0,1,0,0,detected_uncorrectable
SUPP-NEG-V1-001,secded_double_bit,S3,stage1_word_pos0,75+77,codeword_bits,,0,1,0,0,detected_uncorrectable
SUPP-NEG-V1-001,secded_double_bit,S3,stage1_word_pos0,76+77,codeword_bits,,0,1,0,0,detected_uncorrectable
SUPP-NEG-V1-001,secded_double_bit,P1,stage1_word_pos0,0+1,codeword_bits,,0,1,0,1,detected_uncorrectable
SUPP-NEG-V1-001,secded_double_bit,P1,stage1_word_pos0,0+2,codeword_bits,,0,1,0,0,detected_uncorrectable
SUPP-NEG-V1-001,secded_double_bit,P1,stage1_word_pos0,0+3,codeword_bits,,0,1,0,1,detected_uncorrectable
SUPP-NEG-V1-001,secded_double_bit,P1,stage1_word_pos0,0+4,codeword_bits,,0,1,0,0,detected_uncorrectable
SUPP-NEG-V1-001,secded_double_bit,P1,stage1_word_pos0,0+5,codeword_bits,,0,1,0,0,detected_uncorrectable
SUPP-NEG-V1-001,secded_double_bit,P1,stage1_word_pos0,0+6,codeword_bits,,0,1,0,0,detected_uncorrectable
SUPP-NEG-V1-001,secded_double_bit,P1,stage1_word_pos0,0+7,codeword_bits,,0,1,0,1,detected_uncorrectable
SUPP-NEG-V1-001,secded_double_bit,P1,stage1_word_pos0,0+8,codeword_bits,,0,1,0,0,detected_uncorrectable
SUPP-NEG-V1-001,secded_double_bit,P1,stage1_word_pos0,0+9,codeword_bits,,0,1,0,0,detected_uncorrectable
SUPP-NEG-V1-001,secded_double_bit,P1,stage1_word_pos0,0+10,codeword_bits,,0,1,0,0,detected_uncorrectable
SUPP-NEG-V1-001,secded_double_bit,P1,stage1_word_pos0,0+11,codeword_bits,,0,1,0,0,detected_uncorrectable
SUPP-NEG-V1-001,secded_double_bit,P1,stage1_word_pos0,0+12,codeword_bits,,0,1,0,0,detected_uncorrectable
SUPP-NEG-V1-001,secded_double_bit,P1,stage1_word_pos0,0+13,codeword_bits,,0,1,0,0,detected_uncorrectable
SUPP-NEG-V1-001,secded_double_bit,P1,stage1_word_pos0,0+14,codeword_bits,,0,1,0,0,detected_uncorrectable
SUPP-NEG-V1-001,secded_double_bit,P1,stage1_word_pos0,0+15,codeword_bits,,0,1,0,1,detected_uncorrectable
SUPP-NEG-V1-001,secded_double_bit,P1,stage1_word_pos0,0+16,codeword_bits,,0,1,0,0,detected_uncorrectable
SUPP-NEG-V1-001,secded_double_bit,P1,stage1_word_pos0,0+17,codeword_bits,,0,1,0,0,detected_uncorrectable
SUPP-NEG-V1-001,secded_double_bit,P1,stage1_word_pos0,0+18,codeword_bits,,0,1,0,0,detected_uncorrectable
SUPP-NEG-V1-001,secded_double_bit,P1,stage1_word_pos0,0+19,codeword_bits,,0,1,0,0,detected_uncorrectable
SUPP-NEG-V1-001,secded_double_bit,P1,stage1_word_pos0,0+20,codeword_bits,,0,1,0,0,detected_uncorrectable
SUPP-NEG-V1-001,secded_double_bit,P1,stage1_word_pos0,0+21,codeword_bits,,0,1,0,0,detected_uncorrectable
SUPP-NEG-V1-001,secded_double_bit,P1,stage1_word_pos0,0+22,codeword_bits,,0,1,0,0,detected_uncorrectable
SUPP-NEG-V1-001,secded_double_bit,P1,stage1_word_pos0,0+23,codeword_bits,,0,1,0,0,detected_uncorrectable
SUPP-NEG-V1-001,secded_double_bit,P1,stage1_word_pos0,0+24,codeword_bits,,0,1,0,0,detected_uncorrectable
SUPP-NEG-V1-001,secded_double_bit,P1,stage1_word_pos0,0+25,codeword_bits,,0,1,0,0,detected_uncorrectable
SUPP-NEG-V1-001,secded_double_bit,P1,stage1_word_pos0,0+26,codeword_bits,,0,1,0,0,detected_uncorrectable
SUPP-NEG-V1-001,secded_double_bit,P1,stage1_word_pos0,0+27,codeword_bits,,0,1,0,0,detected_uncorrectable
SUPP-NEG-V1-001,secded_double_bit,P1,stage1_word_pos0,0+28,codeword_bits,,0,1,0,0,detected_uncorrectable
SUPP-NEG-V1-001,secded_double_bit,P1,stage1_word_pos0,0+29,codeword_bits,,0,1,0,0,detected_uncorrectable
SUPP-NEG-V1-001,secded_double_bit,P1,stage1_word_pos0,0+30,codeword_bits,,0,1,0,0,detected_uncorrectable
SUPP-NEG-V1-001,secded_double_bit,P1,stage1_word_pos0,0+31,codeword_bits,,0,1,0,1,detected_uncorrectable
SUPP-NEG-V1-001,secded_double_bit,P1,stage1_word_pos0,0+32,codeword_bits,,0,1,0,0,detected_uncorrectable
SUPP-NEG-V1-001,secded_double_bit,P1,stage1_word_pos0,0+33,codeword_bits,,0,1,0,0,detected_uncorrectable
SUPP-NEG-V1-001,secded_double_bit,P1,stage1_word_pos0,0+34,codeword_bits,,0,1,0,0,detected_uncorrectable
SUPP-NEG-V1-001,secded_double_bit,P1,stage1_word_pos0,0+35,codeword_bits,,0,1,0,0,detected_uncorrectable
SUPP-NEG-V1-001,secded_double_bit,P1,stage1_word_pos0,0+36,codeword_bits,,0,1,0,0,detected_uncorrectable
SUPP-NEG-V1-001,secded_double_bit,P1,stage1_word_pos0,0+37,codeword_bits,,0,1,0,0,detected_uncorrectable
SUPP-NEG-V1-001,secded_double_bit,P1,stage1_word_pos0,0+38,codeword_bits,,0,1,0,0,detected_uncorrectable
SUPP-NEG-V1-001,secded_double_bit,P1,stage1_word_pos0,0+39,codeword_bits,,0,1,0,0,detected_uncorrectable
SUPP-NEG-V1-001,secded_double_bit,P1,stage1_word_pos0,0+40,codeword_bits,,0,1,0,0,detected_uncorrectable
SUPP-NEG-V1-001,secded_double_bit,P1,stage1_word_pos0,0+41,codeword_bits,,0,1,0,0,detected_uncorrectable
SUPP-NEG-V1-001,secded_double_bit,P1,stage1_word_pos0,0+42,codeword_bits,,0,1,0,0,detected_uncorrectable
SUPP-NEG-V1-001,secded_double_bit,P1,stage1_word_pos0,0+43,codeword_bits,,0,1,0,0,detected_uncorrectable
SUPP-NEG-V1-001,secded_double_bit,P1,stage1_word_pos0,0+44,codeword_bits,,0,1,0,0,detected_uncorrectable
SUPP-NEG-V1-001,secded_double_bit,P1,stage1_word_pos0,0+45,codeword_bits,,0,1,0,0,detected_uncorrectable
SUPP-NEG-V1-001,secded_double_bit,P1,stage1_word_pos0,0+46,codeword_bits,,0,1,0,0,detected_uncorrectable
SUPP-NEG-V1-001,secded_double_bit,P1,stage1_word_pos0,0+47,codeword_bits,,0,1,0,0,detected_uncorrectable
SUPP-NEG-V1-001,secded_double_bit,P1,stage1_word_pos0,0+48,codeword_bits,,0,1,0,0,detected_uncorrectable
SUPP-NEG-V1-001,secded_double_bit,P1,stage1_word_pos0,0+49,codeword_bits,,0,1,0,0,detected_uncorrectable
SUPP-NEG-V1-001,secded_double_bit,P1,stage1_word_pos0,0+50,codeword_bits,,0,1,0,0,detected_uncorrectable
SUPP-NEG-V1-001,secded_double_bit,P1,stage1_word_pos0,0+51,codeword_bits,,0,1,0,0,detected_uncorrectable
SUPP-NEG-V1-001,secded_double_bit,P1,stage1_word_pos0,0+52,codeword_bits,,0,1,0,0,detected_uncorrectable
SUPP-NEG-V1-001,secded_double_bit,P1,stage1_word_pos0,0+53,codeword_bits,,0,1,0,0,detected_uncorrectable
SUPP-NEG-V1-001,secded_double_bit,P1,stage1_word_pos0,0+54,codeword_bits,,0,1,0,0,detected_uncorrectable
SUPP-NEG-V1-001,secded_double_bit,P1,stage1_word_pos0,0+55,codeword_bits,,0,1,0,0,detected_uncorrectable
SUPP-NEG-V1-001,secded_double_bit,P1,stage1_word_pos0,0+56,codeword_bits,,0,1,0,0,detected_uncorrectable
SUPP-NEG-V1-001,secded_double_bit,P1,stage1_word_pos0,0+57,codeword_bits,,0,1,0,0,detected_uncorrectable
SUPP-NEG-V1-001,secded_double_bit,P1,stage1_word_pos0,0+58,codeword_bits,,0,1,0,0,detected_uncorrectable
SUPP-NEG-V1-001,secded_double_bit,P1,stage1_word_pos0,0+59,codeword_bits,,0,1,0,0,detected_uncorrectable
SUPP-NEG-V1-001,secded_double_bit,P1,stage1_word_pos0,0+60,codeword_bits,,0,1,0,0,detected_uncorrectable
SUPP-NEG-V1-001,secded_double_bit,P1,stage1_word_pos0,0+61,codeword_bits,,0,1,0,0,detected_uncorrectable
SUPP-NEG-V1-001,secded_double_bit,P1,stage1_word_pos0,0+62,codeword_bits,,0,1,0,0,detected_uncorrectable
SUPP-NEG-V1-001,secded_double_bit,P1,stage1_word_pos0,0+63,codeword_bits,,0,1,0,1,detected_uncorrectable
SUPP-NEG-V1-001,secded_double_bit,P1,stage1_word_pos0,0+64,codeword_bits,,0,1,0,0,detected_uncorrectable
SUPP-NEG-V1-001,secded_double_bit,P1,stage1_word_pos0,0+65,codeword_bits,,0,1,0,0,detected_uncorrectable
SUPP-NEG-V1-001,secded_double_bit,P1,stage1_word_pos0,0+66,codeword_bits,,0,1,0,0,detected_uncorrectable
SUPP-NEG-V1-001,secded_double_bit,P1,stage1_word_pos0,0+67,codeword_bits,,0,1,0,0,detected_uncorrectable
SUPP-NEG-V1-001,secded_double_bit,P1,stage1_word_pos0,0+68,codeword_bits,,0,1,0,0,detected_uncorrectable
SUPP-NEG-V1-001,secded_double_bit,P1,stage1_word_pos0,0+69,codeword_bits,,0,1,0,0,detected_uncorrectable
SUPP-NEG-V1-001,secded_double_bit,P1,stage1_word_pos0,0+70,codeword_bits,,0,1,0,0,detected_uncorrectable
SUPP-NEG-V1-001,secded_double_bit,P1,stage1_word_pos0,0+71,codeword_bits,,0,1,0,0,detected_uncorrectable
SUPP-NEG-V1-001,secded_double_bit,P1,stage1_word_pos0,0+72,codeword_bits,,0,1,0,0,detected_uncorrectable
SUPP-NEG-V1-001,secded_double_bit,P1,stage1_word_pos0,0+73,codeword_bits,,0,1,0,0,detected_uncorrectable
SUPP-NEG-V1-001,secded_double_bit,P1,stage1_word_pos0,0+74,codeword_bits,,0,1,0,0,detected_uncorrectable
SUPP-NEG-V1-001,secded_double_bit,P1,stage1_word_pos0,0+75,codeword_bits,,0,1,0,0,detected_uncorrectable
SUPP-NEG-V1-001,secded_double_bit,P1,stage1_word_pos0,0+76,codeword_bits,,0,1,0,0,detected_uncorrectable
SUPP-NEG-V1-001,secded_double_bit,P1,stage1_word_pos0,0+77,codeword_bits,,0,1,0,1,detected_uncorrectable
SUPP-NEG-V1-001,secded_double_bit,P1,stage1_word_pos0,1+2,codeword_bits,,0,1,0,0,detected_uncorrectable
SUPP-NEG-V1-001,secded_double_bit,P1,stage1_word_pos0,1+3,codeword_bits,,0,1,0,1,detected_uncorrectable
SUPP-NEG-V1-001,secded_double_bit,P1,stage1_word_pos0,1+4,codeword_bits,,0,1,0,0,detected_uncorrectable
SUPP-NEG-V1-001,secded_double_bit,P1,stage1_word_pos0,1+5,codeword_bits,,0,1,0,0,detected_uncorrectable
SUPP-NEG-V1-001,secded_double_bit,P1,stage1_word_pos0,1+6,codeword_bits,,0,1,0,0,detected_uncorrectable
SUPP-NEG-V1-001,secded_double_bit,P1,stage1_word_pos0,1+7,codeword_bits,,0,1,0,1,detected_uncorrectable
SUPP-NEG-V1-001,secded_double_bit,P1,stage1_word_pos0,1+8,codeword_bits,,0,1,0,0,detected_uncorrectable
SUPP-NEG-V1-001,secded_double_bit,P1,stage1_word_pos0,1+9,codeword_bits,,0,1,0,0,detected_uncorrectable
SUPP-NEG-V1-001,secded_double_bit,P1,stage1_word_pos0,1+10,codeword_bits,,0,1,0,0,detected_uncorrectable
SUPP-NEG-V1-001,secded_double_bit,P1,stage1_word_pos0,1+11,codeword_bits,,0,1,0,0,detected_uncorrectable
SUPP-NEG-V1-001,secded_double_bit,P1,stage1_word_pos0,1+12,codeword_bits,,0,1,0,0,detected_uncorrectable
SUPP-NEG-V1-001,secded_double_bit,P1,stage1_word_pos0,1+13,codeword_bits,,0,1,0,0,detected_uncorrectable
SUPP-NEG-V1-001,secded_double_bit,P1,stage1_word_pos0,1+14,codeword_bits,,0,1,0,0,detected_uncorrectable
SUPP-NEG-V1-001,secded_double_bit,P1,stage1_word_pos0,1+15,codeword_bits,,0,1,0,1,detected_uncorrectable
SUPP-NEG-V1-001,secded_double_bit,P1,stage1_word_pos0,1+16,codeword_bits,,0,1,0,0,detected_uncorrectable
SUPP-NEG-V1-001,secded_double_bit,P1,stage1_word_pos0,1+17,codeword_bits,,0,1,0,0,detected_uncorrectable
SUPP-NEG-V1-001,secded_double_bit,P1,stage1_word_pos0,1+18,codeword_bits,,0,1,0,0,detected_uncorrectable
SUPP-NEG-V1-001,secded_double_bit,P1,stage1_word_pos0,1+19,codeword_bits,,0,1,0,0,detected_uncorrectable
SUPP-NEG-V1-001,secded_double_bit,P1,stage1_word_pos0,1+20,codeword_bits,,0,1,0,0,detected_uncorrectable
SUPP-NEG-V1-001,secded_double_bit,P1,stage1_word_pos0,1+21,codeword_bits,,0,1,0,0,detected_uncorrectable
SUPP-NEG-V1-001,secded_double_bit,P1,stage1_word_pos0,1+22,codeword_bits,,0,1,0,0,detected_uncorrectable
SUPP-NEG-V1-001,secded_double_bit,P1,stage1_word_pos0,1+23,codeword_bits,,0,1,0,0,detected_uncorrectable
SUPP-NEG-V1-001,secded_double_bit,P1,stage1_word_pos0,1+24,codeword_bits,,0,1,0,0,detected_uncorrectable
SUPP-NEG-V1-001,secded_double_bit,P1,stage1_word_pos0,1+25,codeword_bits,,0,1,0,0,detected_uncorrectable
SUPP-NEG-V1-001,secded_double_bit,P1,stage1_word_pos0,1+26,codeword_bits,,0,1,0,0,detected_uncorrectable
SUPP-NEG-V1-001,secded_double_bit,P1,stage1_word_pos0,1+27,codeword_bits,,0,1,0,0,detected_uncorrectable
SUPP-NEG-V1-001,secded_double_bit,P1,stage1_word_pos0,1+28,codeword_bits,,0,1,0,0,detected_uncorrectable
SUPP-NEG-V1-001,secded_double_bit,P1,stage1_word_pos0,1+29,codeword_bits,,0,1,0,0,detected_uncorrectable
SUPP-NEG-V1-001,secded_double_bit,P1,stage1_word_pos0,1+30,codeword_bits,,0,1,0,0,detected_uncorrectable
SUPP-NEG-V1-001,secded_double_bit,P1,stage1_word_pos0,1+31,codeword_bits,,0,1,0,1,detected_uncorrectable
SUPP-NEG-V1-001,secded_double_bit,P1,stage1_word_pos0,1+32,codeword_bits,,0,1,0,0,detected_uncorrectable
SUPP-NEG-V1-001,secded_double_bit,P1,stage1_word_pos0,1+33,codeword_bits,,0,1,0,0,detected_uncorrectable
SUPP-NEG-V1-001,secded_double_bit,P1,stage1_word_pos0,1+34,codeword_bits,,0,1,0,0,detected_uncorrectable
SUPP-NEG-V1-001,secded_double_bit,P1,stage1_word_pos0,1+35,codeword_bits,,0,1,0,0,detected_uncorrectable
SUPP-NEG-V1-001,secded_double_bit,P1,stage1_word_pos0,1+36,codeword_bits,,0,1,0,0,detected_uncorrectable
SUPP-NEG-V1-001,secded_double_bit,P1,stage1_word_pos0,1+37,codeword_bits,,0,1,0,0,detected_uncorrectable
SUPP-NEG-V1-001,secded_double_bit,P1,stage1_word_pos0,1+38,codeword_bits,,0,1,0,0,detected_uncorrectable
SUPP-NEG-V1-001,secded_double_bit,P1,stage1_word_pos0,1+39,codeword_bits,,0,1,0,0,detected_uncorrectable
SUPP-NEG-V1-001,secded_double_bit,P1,stage1_word_pos0,1+40,codeword_bits,,0,1,0,0,detected_uncorrectable
SUPP-NEG-V1-001,secded_double_bit,P1,stage1_word_pos0,1+41,codeword_bits,,0,1,0,0,detected_uncorrectable
SUPP-NEG-V1-001,secded_double_bit,P1,stage1_word_pos0,1+42,codeword_bits,,0,1,0,0,detected_uncorrectable
SUPP-NEG-V1-001,secded_double_bit,P1,stage1_word_pos0,1+43,codeword_bits,,0,1,0,0,detected_uncorrectable
SUPP-NEG-V1-001,secded_double_bit,P1,stage1_word_pos0,1+44,codeword_bits,,0,1,0,0,detected_uncorrectable
SUPP-NEG-V1-001,secded_double_bit,P1,stage1_word_pos0,1+45,codeword_bits,,0,1,0,0,detected_uncorrectable
SUPP-NEG-V1-001,secded_double_bit,P1,stage1_word_pos0,1+46,codeword_bits,,0,1,0,0,detected_uncorrectable
SUPP-NEG-V1-001,secded_double_bit,P1,stage1_word_pos0,1+47,codeword_bits,,0,1,0,0,detected_uncorrectable
SUPP-NEG-V1-001,secded_double_bit,P1,stage1_word_pos0,1+48,codeword_bits,,0,1,0,0,detected_uncorrectable
SUPP-NEG-V1-001,secded_double_bit,P1,stage1_word_pos0,1+49,codeword_bits,,0,1,0,0,detected_uncorrectable
SUPP-NEG-V1-001,secded_double_bit,P1,stage1_word_pos0,1+50,codeword_bits,,0,1,0,0,detected_uncorrectable
SUPP-NEG-V1-001,secded_double_bit,P1,stage1_word_pos0,1+51,codeword_bits,,0,1,0,0,detected_uncorrectable
SUPP-NEG-V1-001,secded_double_bit,P1,stage1_word_pos0,1+52,codeword_bits,,0,1,0,0,detected_uncorrectable
SUPP-NEG-V1-001,secded_double_bit,P1,stage1_word_pos0,1+53,codeword_bits,,0,1,0,0,detected_uncorrectable
SUPP-NEG-V1-001,secded_double_bit,P1,stage1_word_pos0,1+54,codeword_bits,,0,1,0,0,detected_uncorrectable
SUPP-NEG-V1-001,secded_double_bit,P1,stage1_word_pos0,1+55,codeword_bits,,0,1,0,0,detected_uncorrectable
SUPP-NEG-V1-001,secded_double_bit,P1,stage1_word_pos0,1+56,codeword_bits,,0,1,0,0,detected_uncorrectable
SUPP-NEG-V1-001,secded_double_bit,P1,stage1_word_pos0,1+57,codeword_bits,,0,1,0,0,detected_uncorrectable
SUPP-NEG-V1-001,secded_double_bit,P1,stage1_word_pos0,1+58,codeword_bits,,0,1,0,0,detected_uncorrectable
SUPP-NEG-V1-001,secded_double_bit,P1,stage1_word_pos0,1+59,codeword_bits,,0,1,0,0,detected_uncorrectable
SUPP-NEG-V1-001,secded_double_bit,P1,stage1_word_pos0,1+60,codeword_bits,,0,1,0,0,detected_uncorrectable
SUPP-NEG-V1-001,secded_double_bit,P1,stage1_word_pos0,1+61,codeword_bits,,0,1,0,0,detected_uncorrectable
SUPP-NEG-V1-001,secded_double_bit,P1,stage1_word_pos0,1+62,codeword_bits,,0,1,0,0,detected_uncorrectable
SUPP-NEG-V1-001,secded_double_bit,P1,stage1_word_pos0,1+63,codeword_bits,,0,1,0,1,detected_uncorrectable
SUPP-NEG-V1-001,secded_double_bit,P1,stage1_word_pos0,1+64,codeword_bits,,0,1,0,0,detected_uncorrectable
SUPP-NEG-V1-001,secded_double_bit,P1,stage1_word_pos0,1+65,codeword_bits,,0,1,0,0,detected_uncorrectable
SUPP-NEG-V1-001,secded_double_bit,P1,stage1_word_pos0,1+66,codeword_bits,,0,1,0,0,detected_uncorrectable
SUPP-NEG-V1-001,secded_double_bit,P1,stage1_word_pos0,1+67,codeword_bits,,0,1,0,0,detected_uncorrectable
SUPP-NEG-V1-001,secded_double_bit,P1,stage1_word_pos0,1+68,codeword_bits,,0,1,0,0,detected_uncorrectable
SUPP-NEG-V1-001,secded_double_bit,P1,stage1_word_pos0,1+69,codeword_bits,,0,1,0,0,detected_uncorrectable
SUPP-NEG-V1-001,secded_double_bit,P1,stage1_word_pos0,1+70,codeword_bits,,0,1,0,0,detected_uncorrectable
SUPP-NEG-V1-001,secded_double_bit,P1,stage1_word_pos0,1+71,codeword_bits,,0,1,0,0,detected_uncorrectable
SUPP-NEG-V1-001,secded_double_bit,P1,stage1_word_pos0,1+72,codeword_bits,,0,1,0,0,detected_uncorrectable
SUPP-NEG-V1-001,secded_double_bit,P1,stage1_word_pos0,1+73,codeword_bits,,0,1,0,0,detected_uncorrectable
SUPP-NEG-V1-001,secded_double_bit,P1,stage1_word_pos0,1+74,codeword_bits,,0,1,0,0,detected_uncorrectable
SUPP-NEG-V1-001,secded_double_bit,P1,stage1_word_pos0,1+75,codeword_bits,,0,1,0,0,detected_uncorrectable
SUPP-NEG-V1-001,secded_double_bit,P1,stage1_word_pos0,1+76,codeword_bits,,0,1,0,0,detected_uncorrectable
SUPP-NEG-V1-001,secded_double_bit,P1,stage1_word_pos0,1+77,codeword_bits,,0,1,0,1,detected_uncorrectable
SUPP-NEG-V1-001,secded_double_bit,P1,stage1_word_pos0,2+3,codeword_bits,,0,1,0,0,detected_uncorrectable
SUPP-NEG-V1-001,secded_double_bit,P1,stage1_word_pos0,2+4,codeword_bits,,0,1,0,0,detected_uncorrectable
SUPP-NEG-V1-001,secded_double_bit,P1,stage1_word_pos0,2+5,codeword_bits,,0,1,0,0,detected_uncorrectable
SUPP-NEG-V1-001,secded_double_bit,P1,stage1_word_pos0,2+6,codeword_bits,,0,1,0,0,detected_uncorrectable
SUPP-NEG-V1-001,secded_double_bit,P1,stage1_word_pos0,2+7,codeword_bits,,0,1,0,0,detected_uncorrectable
SUPP-NEG-V1-001,secded_double_bit,P1,stage1_word_pos0,2+8,codeword_bits,,0,1,0,0,detected_uncorrectable
SUPP-NEG-V1-001,secded_double_bit,P1,stage1_word_pos0,2+9,codeword_bits,,0,1,0,0,detected_uncorrectable
SUPP-NEG-V1-001,secded_double_bit,P1,stage1_word_pos0,2+10,codeword_bits,,0,1,0,0,detected_uncorrectable
SUPP-NEG-V1-001,secded_double_bit,P1,stage1_word_pos0,2+11,codeword_bits,,0,1,0,0,detected_uncorrectable
SUPP-NEG-V1-001,secded_double_bit,P1,stage1_word_pos0,2+12,codeword_bits,,0,1,0,0,detected_uncorrectable
SUPP-NEG-V1-001,secded_double_bit,P1,stage1_word_pos0,2+13,codeword_bits,,0,1,0,0,detected_uncorrectable
SUPP-NEG-V1-001,secded_double_bit,P1,stage1_word_pos0,2+14,codeword_bits,,0,1,0,0,detected_uncorrectable
SUPP-NEG-V1-001,secded_double_bit,P1,stage1_word_pos0,2+15,codeword_bits,,0,1,0,0,detected_uncorrectable
SUPP-NEG-V1-001,secded_double_bit,P1,stage1_word_pos0,2+16,codeword_bits,,0,1,0,0,detected_uncorrectable
SUPP-NEG-V1-001,secded_double_bit,P1,stage1_word_pos0,2+17,codeword_bits,,0,1,0,0,detected_uncorrectable
SUPP-NEG-V1-001,secded_double_bit,P1,stage1_word_pos0,2+18,codeword_bits,,0,1,0,0,detected_uncorrectable
SUPP-NEG-V1-001,secded_double_bit,P1,stage1_word_pos0,2+19,codeword_bits,,0,1,0,0,detected_uncorrectable
SUPP-NEG-V1-001,secded_double_bit,P1,stage1_word_pos0,2+20,codeword_bits,,0,1,0,0,detected_uncorrectable
SUPP-NEG-V1-001,secded_double_bit,P1,stage1_word_pos0,2+21,codeword_bits,,0,1,0,0,detected_uncorrectable
SUPP-NEG-V1-001,secded_double_bit,P1,stage1_word_pos0,2+22,codeword_bits,,0,1,0,0,detected_uncorrectable
SUPP-NEG-V1-001,secded_double_bit,P1,stage1_word_pos0,2+23,codeword_bits,,0,1,0,0,detected_uncorrectable
SUPP-NEG-V1-001,secded_double_bit,P1,stage1_word_pos0,2+24,codeword_bits,,0,1,0,0,detected_uncorrectable
SUPP-NEG-V1-001,secded_double_bit,P1,stage1_word_pos0,2+25,codeword_bits,,0,1,0,0,detected_uncorrectable
SUPP-NEG-V1-001,secded_double_bit,P1,stage1_word_pos0,2+26,codeword_bits,,0,1,0,0,detected_uncorrectable
SUPP-NEG-V1-001,secded_double_bit,P1,stage1_word_pos0,2+27,codeword_bits,,0,1,0,0,detected_uncorrectable
SUPP-NEG-V1-001,secded_double_bit,P1,stage1_word_pos0,2+28,codeword_bits,,0,1,0,0,detected_uncorrectable
SUPP-NEG-V1-001,secded_double_bit,P1,stage1_word_pos0,2+29,codeword_bits,,0,1,0,0,detected_uncorrectable
SUPP-NEG-V1-001,secded_double_bit,P1,stage1_word_pos0,2+30,codeword_bits,,0,1,0,0,detected_uncorrectable
SUPP-NEG-V1-001,secded_double_bit,P1,stage1_word_pos0,2+31,codeword_bits,,0,1,0,0,detected_uncorrectable
SUPP-NEG-V1-001,secded_double_bit,P1,stage1_word_pos0,2+32,codeword_bits,,0,1,0,0,detected_uncorrectable
SUPP-NEG-V1-001,secded_double_bit,P1,stage1_word_pos0,2+33,codeword_bits,,0,1,0,0,detected_uncorrectable
SUPP-NEG-V1-001,secded_double_bit,P1,stage1_word_pos0,2+34,codeword_bits,,0,1,0,0,detected_uncorrectable
SUPP-NEG-V1-001,secded_double_bit,P1,stage1_word_pos0,2+35,codeword_bits,,0,1,0,0,detected_uncorrectable
SUPP-NEG-V1-001,secded_double_bit,P1,stage1_word_pos0,2+36,codeword_bits,,0,1,0,0,detected_uncorrectable
SUPP-NEG-V1-001,secded_double_bit,P1,stage1_word_pos0,2+37,codeword_bits,,0,1,0,0,detected_uncorrectable
SUPP-NEG-V1-001,secded_double_bit,P1,stage1_word_pos0,2+38,codeword_bits,,0,1,0,0,detected_uncorrectable
SUPP-NEG-V1-001,secded_double_bit,P1,stage1_word_pos0,2+39,codeword_bits,,0,1,0,0,detected_uncorrectable
SUPP-NEG-V1-001,secded_double_bit,P1,stage1_word_pos0,2+40,codeword_bits,,0,1,0,0,detected_uncorrectable
SUPP-NEG-V1-001,secded_double_bit,P1,stage1_word_pos0,2+41,codeword_bits,,0,1,0,0,detected_uncorrectable
SUPP-NEG-V1-001,secded_double_bit,P1,stage1_word_pos0,2+42,codeword_bits,,0,1,0,0,detected_uncorrectable
SUPP-NEG-V1-001,secded_double_bit,P1,stage1_word_pos0,2+43,codeword_bits,,0,1,0,0,detected_uncorrectable
SUPP-NEG-V1-001,secded_double_bit,P1,stage1_word_pos0,2+44,codeword_bits,,0,1,0,0,detected_uncorrectable
SUPP-NEG-V1-001,secded_double_bit,P1,stage1_word_pos0,2+45,codeword_bits,,0,1,0,0,detected_uncorrectable
SUPP-NEG-V1-001,secded_double_bit,P1,stage1_word_pos0,2+46,codeword_bits,,0,1,0,0,detected_uncorrectable
SUPP-NEG-V1-001,secded_double_bit,P1,stage1_word_pos0,2+47,codeword_bits,,0,1,0,0,detected_uncorrectable
SUPP-NEG-V1-001,secded_double_bit,P1,stage1_word_pos0,2+48,codeword_bits,,0,1,0,0,detected_uncorrectable
SUPP-NEG-V1-001,secded_double_bit,P1,stage1_word_pos0,2+49,codeword_bits,,0,1,0,0,detected_uncorrectable
SUPP-NEG-V1-001,secded_double_bit,P1,stage1_word_pos0,2+50,codeword_bits,,0,1,0,0,detected_uncorrectable
SUPP-NEG-V1-001,secded_double_bit,P1,stage1_word_pos0,2+51,codeword_bits,,0,1,0,0,detected_uncorrectable
SUPP-NEG-V1-001,secded_double_bit,P1,stage1_word_pos0,2+52,codeword_bits,,0,1,0,0,detected_uncorrectable
SUPP-NEG-V1-001,secded_double_bit,P1,stage1_word_pos0,2+53,codeword_bits,,0,1,0,0,detected_uncorrectable
SUPP-NEG-V1-001,secded_double_bit,P1,stage1_word_pos0,2+54,codeword_bits,,0,1,0,0,detected_uncorrectable
SUPP-NEG-V1-001,secded_double_bit,P1,stage1_word_pos0,2+55,codeword_bits,,0,1,0,0,detected_uncorrectable
SUPP-NEG-V1-001,secded_double_bit,P1,stage1_word_pos0,2+56,codeword_bits,,0,1,0,0,detected_uncorrectable
SUPP-NEG-V1-001,secded_double_bit,P1,stage1_word_pos0,2+57,codeword_bits,,0,1,0,0,detected_uncorrectable
SUPP-NEG-V1-001,secded_double_bit,P1,stage1_word_pos0,2+58,codeword_bits,,0,1,0,0,detected_uncorrectable
SUPP-NEG-V1-001,secded_double_bit,P1,stage1_word_pos0,2+59,codeword_bits,,0,1,0,0,detected_uncorrectable
SUPP-NEG-V1-001,secded_double_bit,P1,stage1_word_pos0,2+60,codeword_bits,,0,1,0,0,detected_uncorrectable
SUPP-NEG-V1-001,secded_double_bit,P1,stage1_word_pos0,2+61,codeword_bits,,0,1,0,0,detected_uncorrectable
SUPP-NEG-V1-001,secded_double_bit,P1,stage1_word_pos0,2+62,codeword_bits,,0,1,0,0,detected_uncorrectable
SUPP-NEG-V1-001,secded_double_bit,P1,stage1_word_pos0,2+63,codeword_bits,,0,1,0,0,detected_uncorrectable
SUPP-NEG-V1-001,secded_double_bit,P1,stage1_word_pos0,2+64,codeword_bits,,0,1,0,0,detected_uncorrectable
SUPP-NEG-V1-001,secded_double_bit,P1,stage1_word_pos0,2+65,codeword_bits,,0,1,0,0,detected_uncorrectable
SUPP-NEG-V1-001,secded_double_bit,P1,stage1_word_pos0,2+66,codeword_bits,,0,1,0,0,detected_uncorrectable
SUPP-NEG-V1-001,secded_double_bit,P1,stage1_word_pos0,2+67,codeword_bits,,0,1,0,0,detected_uncorrectable
SUPP-NEG-V1-001,secded_double_bit,P1,stage1_word_pos0,2+68,codeword_bits,,0,1,0,0,detected_uncorrectable
SUPP-NEG-V1-001,secded_double_bit,P1,stage1_word_pos0,2+69,codeword_bits,,0,1,0,0,detected_uncorrectable
SUPP-NEG-V1-001,secded_double_bit,P1,stage1_word_pos0,2+70,codeword_bits,,0,1,0,0,detected_uncorrectable
SUPP-NEG-V1-001,secded_double_bit,P1,stage1_word_pos0,2+71,codeword_bits,,0,1,0,0,detected_uncorrectable
SUPP-NEG-V1-001,secded_double_bit,P1,stage1_word_pos0,2+72,codeword_bits,,0,1,0,0,detected_uncorrectable
SUPP-NEG-V1-001,secded_double_bit,P1,stage1_word_pos0,2+73,codeword_bits,,0,1,0,0,detected_uncorrectable
SUPP-NEG-V1-001,secded_double_bit,P1,stage1_word_pos0,2+74,codeword_bits,,0,1,0,0,detected_uncorrectable
SUPP-NEG-V1-001,secded_double_bit,P1,stage1_word_pos0,2+75,codeword_bits,,0,1,0,0,detected_uncorrectable
SUPP-NEG-V1-001,secded_double_bit,P1,stage1_word_pos0,2+76,codeword_bits,,0,1,0,0,detected_uncorrectable
SUPP-NEG-V1-001,secded_double_bit,P1,stage1_word_pos0,2+77,codeword_bits,,0,1,0,0,detected_uncorrectable
SUPP-NEG-V1-001,secded_double_bit,P1,stage1_word_pos0,3+4,codeword_bits,,0,1,0,0,detected_uncorrectable
SUPP-NEG-V1-001,secded_double_bit,P1,stage1_word_pos0,3+5,codeword_bits,,0,1,0,0,detected_uncorrectable
SUPP-NEG-V1-001,secded_double_bit,P1,stage1_word_pos0,3+6,codeword_bits,,0,1,0,0,detected_uncorrectable
SUPP-NEG-V1-001,secded_double_bit,P1,stage1_word_pos0,3+7,codeword_bits,,0,1,0,1,detected_uncorrectable
SUPP-NEG-V1-001,secded_double_bit,P1,stage1_word_pos0,3+8,codeword_bits,,0,1,0,0,detected_uncorrectable
SUPP-NEG-V1-001,secded_double_bit,P1,stage1_word_pos0,3+9,codeword_bits,,0,1,0,0,detected_uncorrectable
SUPP-NEG-V1-001,secded_double_bit,P1,stage1_word_pos0,3+10,codeword_bits,,0,1,0,0,detected_uncorrectable
SUPP-NEG-V1-001,secded_double_bit,P1,stage1_word_pos0,3+11,codeword_bits,,0,1,0,0,detected_uncorrectable
SUPP-NEG-V1-001,secded_double_bit,P1,stage1_word_pos0,3+12,codeword_bits,,0,1,0,0,detected_uncorrectable
SUPP-NEG-V1-001,secded_double_bit,P1,stage1_word_pos0,3+13,codeword_bits,,0,1,0,0,detected_uncorrectable
SUPP-NEG-V1-001,secded_double_bit,P1,stage1_word_pos0,3+14,codeword_bits,,0,1,0,0,detected_uncorrectable
SUPP-NEG-V1-001,secded_double_bit,P1,stage1_word_pos0,3+15,codeword_bits,,0,1,0,1,detected_uncorrectable
SUPP-NEG-V1-001,secded_double_bit,P1,stage1_word_pos0,3+16,codeword_bits,,0,1,0,0,detected_uncorrectable
SUPP-NEG-V1-001,secded_double_bit,P1,stage1_word_pos0,3+17,codeword_bits,,0,1,0,0,detected_uncorrectable
SUPP-NEG-V1-001,secded_double_bit,P1,stage1_word_pos0,3+18,codeword_bits,,0,1,0,0,detected_uncorrectable
SUPP-NEG-V1-001,secded_double_bit,P1,stage1_word_pos0,3+19,codeword_bits,,0,1,0,0,detected_uncorrectable
SUPP-NEG-V1-001,secded_double_bit,P1,stage1_word_pos0,3+20,codeword_bits,,0,1,0,0,detected_uncorrectable
SUPP-NEG-V1-001,secded_double_bit,P1,stage1_word_pos0,3+21,codeword_bits,,0,1,0,0,detected_uncorrectable
SUPP-NEG-V1-001,secded_double_bit,P1,stage1_word_pos0,3+22,codeword_bits,,0,1,0,0,detected_uncorrectable
SUPP-NEG-V1-001,secded_double_bit,P1,stage1_word_pos0,3+23,codeword_bits,,0,1,0,0,detected_uncorrectable
SUPP-NEG-V1-001,secded_double_bit,P1,stage1_word_pos0,3+24,codeword_bits,,0,1,0,0,detected_uncorrectable
SUPP-NEG-V1-001,secded_double_bit,P1,stage1_word_pos0,3+25,codeword_bits,,0,1,0,0,detected_uncorrectable
SUPP-NEG-V1-001,secded_double_bit,P1,stage1_word_pos0,3+26,codeword_bits,,0,1,0,0,detected_uncorrectable
SUPP-NEG-V1-001,secded_double_bit,P1,stage1_word_pos0,3+27,codeword_bits,,0,1,0,0,detected_uncorrectable
SUPP-NEG-V1-001,secded_double_bit,P1,stage1_word_pos0,3+28,codeword_bits,,0,1,0,0,detected_uncorrectable
SUPP-NEG-V1-001,secded_double_bit,P1,stage1_word_pos0,3+29,codeword_bits,,0,1,0,0,detected_uncorrectable
SUPP-NEG-V1-001,secded_double_bit,P1,stage1_word_pos0,3+30,codeword_bits,,0,1,0,0,detected_uncorrectable
SUPP-NEG-V1-001,secded_double_bit,P1,stage1_word_pos0,3+31,codeword_bits,,0,1,0,1,detected_uncorrectable
SUPP-NEG-V1-001,secded_double_bit,P1,stage1_word_pos0,3+32,codeword_bits,,0,1,0,0,detected_uncorrectable
SUPP-NEG-V1-001,secded_double_bit,P1,stage1_word_pos0,3+33,codeword_bits,,0,1,0,0,detected_uncorrectable
SUPP-NEG-V1-001,secded_double_bit,P1,stage1_word_pos0,3+34,codeword_bits,,0,1,0,0,detected_uncorrectable
SUPP-NEG-V1-001,secded_double_bit,P1,stage1_word_pos0,3+35,codeword_bits,,0,1,0,0,detected_uncorrectable
SUPP-NEG-V1-001,secded_double_bit,P1,stage1_word_pos0,3+36,codeword_bits,,0,1,0,0,detected_uncorrectable
SUPP-NEG-V1-001,secded_double_bit,P1,stage1_word_pos0,3+37,codeword_bits,,0,1,0,0,detected_uncorrectable
SUPP-NEG-V1-001,secded_double_bit,P1,stage1_word_pos0,3+38,codeword_bits,,0,1,0,0,detected_uncorrectable
SUPP-NEG-V1-001,secded_double_bit,P1,stage1_word_pos0,3+39,codeword_bits,,0,1,0,0,detected_uncorrectable
SUPP-NEG-V1-001,secded_double_bit,P1,stage1_word_pos0,3+40,codeword_bits,,0,1,0,0,detected_uncorrectable
SUPP-NEG-V1-001,secded_double_bit,P1,stage1_word_pos0,3+41,codeword_bits,,0,1,0,0,detected_uncorrectable
SUPP-NEG-V1-001,secded_double_bit,P1,stage1_word_pos0,3+42,codeword_bits,,0,1,0,0,detected_uncorrectable
SUPP-NEG-V1-001,secded_double_bit,P1,stage1_word_pos0,3+43,codeword_bits,,0,1,0,0,detected_uncorrectable
SUPP-NEG-V1-001,secded_double_bit,P1,stage1_word_pos0,3+44,codeword_bits,,0,1,0,0,detected_uncorrectable
SUPP-NEG-V1-001,secded_double_bit,P1,stage1_word_pos0,3+45,codeword_bits,,0,1,0,0,detected_uncorrectable
SUPP-NEG-V1-001,secded_double_bit,P1,stage1_word_pos0,3+46,codeword_bits,,0,1,0,0,detected_uncorrectable
SUPP-NEG-V1-001,secded_double_bit,P1,stage1_word_pos0,3+47,codeword_bits,,0,1,0,0,detected_uncorrectable
SUPP-NEG-V1-001,secded_double_bit,P1,stage1_word_pos0,3+48,codeword_bits,,0,1,0,0,detected_uncorrectable
SUPP-NEG-V1-001,secded_double_bit,P1,stage1_word_pos0,3+49,codeword_bits,,0,1,0,0,detected_uncorrectable
SUPP-NEG-V1-001,secded_double_bit,P1,stage1_word_pos0,3+50,codeword_bits,,0,1,0,0,detected_uncorrectable
SUPP-NEG-V1-001,secded_double_bit,P1,stage1_word_pos0,3+51,codeword_bits,,0,1,0,0,detected_uncorrectable
SUPP-NEG-V1-001,secded_double_bit,P1,stage1_word_pos0,3+52,codeword_bits,,0,1,0,0,detected_uncorrectable
SUPP-NEG-V1-001,secded_double_bit,P1,stage1_word_pos0,3+53,codeword_bits,,0,1,0,0,detected_uncorrectable
SUPP-NEG-V1-001,secded_double_bit,P1,stage1_word_pos0,3+54,codeword_bits,,0,1,0,0,detected_uncorrectable
SUPP-NEG-V1-001,secded_double_bit,P1,stage1_word_pos0,3+55,codeword_bits,,0,1,0,0,detected_uncorrectable
SUPP-NEG-V1-001,secded_double_bit,P1,stage1_word_pos0,3+56,codeword_bits,,0,1,0,0,detected_uncorrectable
SUPP-NEG-V1-001,secded_double_bit,P1,stage1_word_pos0,3+57,codeword_bits,,0,1,0,0,detected_uncorrectable
SUPP-NEG-V1-001,secded_double_bit,P1,stage1_word_pos0,3+58,codeword_bits,,0,1,0,0,detected_uncorrectable
SUPP-NEG-V1-001,secded_double_bit,P1,stage1_word_pos0,3+59,codeword_bits,,0,1,0,0,detected_uncorrectable
SUPP-NEG-V1-001,secded_double_bit,P1,stage1_word_pos0,3+60,codeword_bits,,0,1,0,0,detected_uncorrectable
SUPP-NEG-V1-001,secded_double_bit,P1,stage1_word_pos0,3+61,codeword_bits,,0,1,0,0,detected_uncorrectable
SUPP-NEG-V1-001,secded_double_bit,P1,stage1_word_pos0,3+62,codeword_bits,,0,1,0,0,detected_uncorrectable
SUPP-NEG-V1-001,secded_double_bit,P1,stage1_word_pos0,3+63,codeword_bits,,0,1,0,1,detected_uncorrectable
SUPP-NEG-V1-001,secded_double_bit,P1,stage1_word_pos0,3+64,codeword_bits,,0,1,0,0,detected_uncorrectable
SUPP-NEG-V1-001,secded_double_bit,P1,stage1_word_pos0,3+65,codeword_bits,,0,1,0,0,detected_uncorrectable
SUPP-NEG-V1-001,secded_double_bit,P1,stage1_word_pos0,3+66,codeword_bits,,0,1,0,0,detected_uncorrectable
SUPP-NEG-V1-001,secded_double_bit,P1,stage1_word_pos0,3+67,codeword_bits,,0,1,0,0,detected_uncorrectable
SUPP-NEG-V1-001,secded_double_bit,P1,stage1_word_pos0,3+68,codeword_bits,,0,1,0,0,detected_uncorrectable
SUPP-NEG-V1-001,secded_double_bit,P1,stage1_word_pos0,3+69,codeword_bits,,0,1,0,0,detected_uncorrectable
SUPP-NEG-V1-001,secded_double_bit,P1,stage1_word_pos0,3+70,codeword_bits,,0,1,0,0,detected_uncorrectable
SUPP-NEG-V1-001,secded_double_bit,P1,stage1_word_pos0,3+71,codeword_bits,,0,1,0,0,detected_uncorrectable
SUPP-NEG-V1-001,secded_double_bit,P1,stage1_word_pos0,3+72,codeword_bits,,0,1,0,0,detected_uncorrectable
SUPP-NEG-V1-001,secded_double_bit,P1,stage1_word_pos0,3+73,codeword_bits,,0,1,0,0,detected_uncorrectable
SUPP-NEG-V1-001,secded_double_bit,P1,stage1_word_pos0,3+74,codeword_bits,,0,1,0,0,detected_uncorrectable
SUPP-NEG-V1-001,secded_double_bit,P1,stage1_word_pos0,3+75,codeword_bits,,0,1,0,0,detected_uncorrectable
SUPP-NEG-V1-001,secded_double_bit,P1,stage1_word_pos0,3+76,codeword_bits,,0,1,0,0,detected_uncorrectable
SUPP-NEG-V1-001,secded_double_bit,P1,stage1_word_pos0,3+77,codeword_bits,,0,1,0,1,detected_uncorrectable
SUPP-NEG-V1-001,secded_double_bit,P1,stage1_word_pos0,4+5,codeword_bits,,0,1,0,0,detected_uncorrectable
SUPP-NEG-V1-001,secded_double_bit,P1,stage1_word_pos0,4+6,codeword_bits,,0,1,0,0,detected_uncorrectable
SUPP-NEG-V1-001,secded_double_bit,P1,stage1_word_pos0,4+7,codeword_bits,,0,1,0,0,detected_uncorrectable
SUPP-NEG-V1-001,secded_double_bit,P1,stage1_word_pos0,4+8,codeword_bits,,0,1,0,0,detected_uncorrectable
SUPP-NEG-V1-001,secded_double_bit,P1,stage1_word_pos0,4+9,codeword_bits,,0,1,0,0,detected_uncorrectable
SUPP-NEG-V1-001,secded_double_bit,P1,stage1_word_pos0,4+10,codeword_bits,,0,1,0,0,detected_uncorrectable
SUPP-NEG-V1-001,secded_double_bit,P1,stage1_word_pos0,4+11,codeword_bits,,0,1,0,0,detected_uncorrectable
SUPP-NEG-V1-001,secded_double_bit,P1,stage1_word_pos0,4+12,codeword_bits,,0,1,0,0,detected_uncorrectable
SUPP-NEG-V1-001,secded_double_bit,P1,stage1_word_pos0,4+13,codeword_bits,,0,1,0,0,detected_uncorrectable
SUPP-NEG-V1-001,secded_double_bit,P1,stage1_word_pos0,4+14,codeword_bits,,0,1,0,0,detected_uncorrectable
SUPP-NEG-V1-001,secded_double_bit,P1,stage1_word_pos0,4+15,codeword_bits,,0,1,0,0,detected_uncorrectable
SUPP-NEG-V1-001,secded_double_bit,P1,stage1_word_pos0,4+16,codeword_bits,,0,1,0,0,detected_uncorrectable
SUPP-NEG-V1-001,secded_double_bit,P1,stage1_word_pos0,4+17,codeword_bits,,0,1,0,0,detected_uncorrectable
SUPP-NEG-V1-001,secded_double_bit,P1,stage1_word_pos0,4+18,codeword_bits,,0,1,0,0,detected_uncorrectable
SUPP-NEG-V1-001,secded_double_bit,P1,stage1_word_pos0,4+19,codeword_bits,,0,1,0,0,detected_uncorrectable
SUPP-NEG-V1-001,secded_double_bit,P1,stage1_word_pos0,4+20,codeword_bits,,0,1,0,0,detected_uncorrectable
SUPP-NEG-V1-001,secded_double_bit,P1,stage1_word_pos0,4+21,codeword_bits,,0,1,0,0,detected_uncorrectable
SUPP-NEG-V1-001,secded_double_bit,P1,stage1_word_pos0,4+22,codeword_bits,,0,1,0,0,detected_uncorrectable
SUPP-NEG-V1-001,secded_double_bit,P1,stage1_word_pos0,4+23,codeword_bits,,0,1,0,0,detected_uncorrectable
SUPP-NEG-V1-001,secded_double_bit,P1,stage1_word_pos0,4+24,codeword_bits,,0,1,0,0,detected_uncorrectable
SUPP-NEG-V1-001,secded_double_bit,P1,stage1_word_pos0,4+25,codeword_bits,,0,1,0,0,detected_uncorrectable
SUPP-NEG-V1-001,secded_double_bit,P1,stage1_word_pos0,4+26,codeword_bits,,0,1,0,0,detected_uncorrectable
SUPP-NEG-V1-001,secded_double_bit,P1,stage1_word_pos0,4+27,codeword_bits,,0,1,0,0,detected_uncorrectable
SUPP-NEG-V1-001,secded_double_bit,P1,stage1_word_pos0,4+28,codeword_bits,,0,1,0,0,detected_uncorrectable
SUPP-NEG-V1-001,secded_double_bit,P1,stage1_word_pos0,4+29,codeword_bits,,0,1,0,0,detected_uncorrectable
SUPP-NEG-V1-001,secded_double_bit,P1,stage1_word_pos0,4+30,codeword_bits,,0,1,0,0,detected_uncorrectable
SUPP-NEG-V1-001,secded_double_bit,P1,stage1_word_pos0,4+31,codeword_bits,,0,1,0,0,detected_uncorrectable
SUPP-NEG-V1-001,secded_double_bit,P1,stage1_word_pos0,4+32,codeword_bits,,0,1,0,0,detected_uncorrectable
SUPP-NEG-V1-001,secded_double_bit,P1,stage1_word_pos0,4+33,codeword_bits,,0,1,0,0,detected_uncorrectable
SUPP-NEG-V1-001,secded_double_bit,P1,stage1_word_pos0,4+34,codeword_bits,,0,1,0,0,detected_uncorrectable
SUPP-NEG-V1-001,secded_double_bit,P1,stage1_word_pos0,4+35,codeword_bits,,0,1,0,0,detected_uncorrectable
SUPP-NEG-V1-001,secded_double_bit,P1,stage1_word_pos0,4+36,codeword_bits,,0,1,0,0,detected_uncorrectable
SUPP-NEG-V1-001,secded_double_bit,P1,stage1_word_pos0,4+37,codeword_bits,,0,1,0,0,detected_uncorrectable
SUPP-NEG-V1-001,secded_double_bit,P1,stage1_word_pos0,4+38,codeword_bits,,0,1,0,0,detected_uncorrectable
SUPP-NEG-V1-001,secded_double_bit,P1,stage1_word_pos0,4+39,codeword_bits,,0,1,0,0,detected_uncorrectable
SUPP-NEG-V1-001,secded_double_bit,P1,stage1_word_pos0,4+40,codeword_bits,,0,1,0,0,detected_uncorrectable
SUPP-NEG-V1-001,secded_double_bit,P1,stage1_word_pos0,4+41,codeword_bits,,0,1,0,0,detected_uncorrectable
SUPP-NEG-V1-001,secded_double_bit,P1,stage1_word_pos0,4+42,codeword_bits,,0,1,0,0,detected_uncorrectable
SUPP-NEG-V1-001,secded_double_bit,P1,stage1_word_pos0,4+43,codeword_bits,,0,1,0,0,detected_uncorrectable
SUPP-NEG-V1-001,secded_double_bit,P1,stage1_word_pos0,4+44,codeword_bits,,0,1,0,0,detected_uncorrectable
SUPP-NEG-V1-001,secded_double_bit,P1,stage1_word_pos0,4+45,codeword_bits,,0,1,0,0,detected_uncorrectable
SUPP-NEG-V1-001,secded_double_bit,P1,stage1_word_pos0,4+46,codeword_bits,,0,1,0,0,detected_uncorrectable
SUPP-NEG-V1-001,secded_double_bit,P1,stage1_word_pos0,4+47,codeword_bits,,0,1,0,0,detected_uncorrectable
SUPP-NEG-V1-001,secded_double_bit,P1,stage1_word_pos0,4+48,codeword_bits,,0,1,0,0,detected_uncorrectable
SUPP-NEG-V1-001,secded_double_bit,P1,stage1_word_pos0,4+49,codeword_bits,,0,1,0,0,detected_uncorrectable
SUPP-NEG-V1-001,secded_double_bit,P1,stage1_word_pos0,4+50,codeword_bits,,0,1,0,0,detected_uncorrectable
SUPP-NEG-V1-001,secded_double_bit,P1,stage1_word_pos0,4+51,codeword_bits,,0,1,0,0,detected_uncorrectable
SUPP-NEG-V1-001,secded_double_bit,P1,stage1_word_pos0,4+52,codeword_bits,,0,1,0,0,detected_uncorrectable
SUPP-NEG-V1-001,secded_double_bit,P1,stage1_word_pos0,4+53,codeword_bits,,0,1,0,0,detected_uncorrectable
SUPP-NEG-V1-001,secded_double_bit,P1,stage1_word_pos0,4+54,codeword_bits,,0,1,0,0,detected_uncorrectable
SUPP-NEG-V1-001,secded_double_bit,P1,stage1_word_pos0,4+55,codeword_bits,,0,1,0,0,detected_uncorrectable
SUPP-NEG-V1-001,secded_double_bit,P1,stage1_word_pos0,4+56,codeword_bits,,0,1,0,0,detected_uncorrectable
SUPP-NEG-V1-001,secded_double_bit,P1,stage1_word_pos0,4+57,codeword_bits,,0,1,0,0,detected_uncorrectable
SUPP-NEG-V1-001,secded_double_bit,P1,stage1_word_pos0,4+58,codeword_bits,,0,1,0,0,detected_uncorrectable
SUPP-NEG-V1-001,secded_double_bit,P1,stage1_word_pos0,4+59,codeword_bits,,0,1,0,0,detected_uncorrectable
SUPP-NEG-V1-001,secded_double_bit,P1,stage1_word_pos0,4+60,codeword_bits,,0,1,0,0,detected_uncorrectable
SUPP-NEG-V1-001,secded_double_bit,P1,stage1_word_pos0,4+61,codeword_bits,,0,1,0,0,detected_uncorrectable
SUPP-NEG-V1-001,secded_double_bit,P1,stage1_word_pos0,4+62,codeword_bits,,0,1,0,0,detected_uncorrectable
SUPP-NEG-V1-001,secded_double_bit,P1,stage1_word_pos0,4+63,codeword_bits,,0,1,0,0,detected_uncorrectable
SUPP-NEG-V1-001,secded_double_bit,P1,stage1_word_pos0,4+64,codeword_bits,,0,1,0,0,detected_uncorrectable
SUPP-NEG-V1-001,secded_double_bit,P1,stage1_word_pos0,4+65,codeword_bits,,0,1,0,0,detected_uncorrectable
SUPP-NEG-V1-001,secded_double_bit,P1,stage1_word_pos0,4+66,codeword_bits,,0,1,0,0,detected_uncorrectable
SUPP-NEG-V1-001,secded_double_bit,P1,stage1_word_pos0,4+67,codeword_bits,,0,1,0,0,detected_uncorrectable
SUPP-NEG-V1-001,secded_double_bit,P1,stage1_word_pos0,4+68,codeword_bits,,0,1,0,0,detected_uncorrectable
SUPP-NEG-V1-001,secded_double_bit,P1,stage1_word_pos0,4+69,codeword_bits,,0,1,0,0,detected_uncorrectable
SUPP-NEG-V1-001,secded_double_bit,P1,stage1_word_pos0,4+70,codeword_bits,,0,1,0,0,detected_uncorrectable
SUPP-NEG-V1-001,secded_double_bit,P1,stage1_word_pos0,4+71,codeword_bits,,0,1,0,0,detected_uncorrectable
SUPP-NEG-V1-001,secded_double_bit,P1,stage1_word_pos0,4+72,codeword_bits,,0,1,0,0,detected_uncorrectable
SUPP-NEG-V1-001,secded_double_bit,P1,stage1_word_pos0,4+73,codeword_bits,,0,1,0,0,detected_uncorrectable
SUPP-NEG-V1-001,secded_double_bit,P1,stage1_word_pos0,4+74,codeword_bits,,0,1,0,0,detected_uncorrectable
SUPP-NEG-V1-001,secded_double_bit,P1,stage1_word_pos0,4+75,codeword_bits,,0,1,0,0,detected_uncorrectable
SUPP-NEG-V1-001,secded_double_bit,P1,stage1_word_pos0,4+76,codeword_bits,,0,1,0,0,detected_uncorrectable
SUPP-NEG-V1-001,secded_double_bit,P1,stage1_word_pos0,4+77,codeword_bits,,0,1,0,0,detected_uncorrectable
SUPP-NEG-V1-001,secded_double_bit,P1,stage1_word_pos0,5+6,codeword_bits,,0,1,0,0,detected_uncorrectable
SUPP-NEG-V1-001,secded_double_bit,P1,stage1_word_pos0,5+7,codeword_bits,,0,1,0,0,detected_uncorrectable
SUPP-NEG-V1-001,secded_double_bit,P1,stage1_word_pos0,5+8,codeword_bits,,0,1,0,0,detected_uncorrectable
SUPP-NEG-V1-001,secded_double_bit,P1,stage1_word_pos0,5+9,codeword_bits,,0,1,0,0,detected_uncorrectable
SUPP-NEG-V1-001,secded_double_bit,P1,stage1_word_pos0,5+10,codeword_bits,,0,1,0,0,detected_uncorrectable
SUPP-NEG-V1-001,secded_double_bit,P1,stage1_word_pos0,5+11,codeword_bits,,0,1,0,0,detected_uncorrectable
SUPP-NEG-V1-001,secded_double_bit,P1,stage1_word_pos0,5+12,codeword_bits,,0,1,0,0,detected_uncorrectable
SUPP-NEG-V1-001,secded_double_bit,P1,stage1_word_pos0,5+13,codeword_bits,,0,1,0,0,detected_uncorrectable
SUPP-NEG-V1-001,secded_double_bit,P1,stage1_word_pos0,5+14,codeword_bits,,0,1,0,0,detected_uncorrectable
SUPP-NEG-V1-001,secded_double_bit,P1,stage1_word_pos0,5+15,codeword_bits,,0,1,0,0,detected_uncorrectable
SUPP-NEG-V1-001,secded_double_bit,P1,stage1_word_pos0,5+16,codeword_bits,,0,1,0,0,detected_uncorrectable
SUPP-NEG-V1-001,secded_double_bit,P1,stage1_word_pos0,5+17,codeword_bits,,0,1,0,0,detected_uncorrectable
SUPP-NEG-V1-001,secded_double_bit,P1,stage1_word_pos0,5+18,codeword_bits,,0,1,0,0,detected_uncorrectable
SUPP-NEG-V1-001,secded_double_bit,P1,stage1_word_pos0,5+19,codeword_bits,,0,1,0,0,detected_uncorrectable
SUPP-NEG-V1-001,secded_double_bit,P1,stage1_word_pos0,5+20,codeword_bits,,0,1,0,0,detected_uncorrectable
SUPP-NEG-V1-001,secded_double_bit,P1,stage1_word_pos0,5+21,codeword_bits,,0,1,0,0,detected_uncorrectable
SUPP-NEG-V1-001,secded_double_bit,P1,stage1_word_pos0,5+22,codeword_bits,,0,1,0,0,detected_uncorrectable
SUPP-NEG-V1-001,secded_double_bit,P1,stage1_word_pos0,5+23,codeword_bits,,0,1,0,0,detected_uncorrectable
SUPP-NEG-V1-001,secded_double_bit,P1,stage1_word_pos0,5+24,codeword_bits,,0,1,0,0,detected_uncorrectable
SUPP-NEG-V1-001,secded_double_bit,P1,stage1_word_pos0,5+25,codeword_bits,,0,1,0,0,detected_uncorrectable
SUPP-NEG-V1-001,secded_double_bit,P1,stage1_word_pos0,5+26,codeword_bits,,0,1,0,0,detected_uncorrectable
SUPP-NEG-V1-001,secded_double_bit,P1,stage1_word_pos0,5+27,codeword_bits,,0,1,0,0,detected_uncorrectable
SUPP-NEG-V1-001,secded_double_bit,P1,stage1_word_pos0,5+28,codeword_bits,,0,1,0,0,detected_uncorrectable
SUPP-NEG-V1-001,secded_double_bit,P1,stage1_word_pos0,5+29,codeword_bits,,0,1,0,0,detected_uncorrectable
SUPP-NEG-V1-001,secded_double_bit,P1,stage1_word_pos0,5+30,codeword_bits,,0,1,0,0,detected_uncorrectable
SUPP-NEG-V1-001,secded_double_bit,P1,stage1_word_pos0,5+31,codeword_bits,,0,1,0,0,detected_uncorrectable
SUPP-NEG-V1-001,secded_double_bit,P1,stage1_word_pos0,5+32,codeword_bits,,0,1,0,0,detected_uncorrectable
SUPP-NEG-V1-001,secded_double_bit,P1,stage1_word_pos0,5+33,codeword_bits,,0,1,0,0,detected_uncorrectable
SUPP-NEG-V1-001,secded_double_bit,P1,stage1_word_pos0,5+34,codeword_bits,,0,1,0,0,detected_uncorrectable
SUPP-NEG-V1-001,secded_double_bit,P1,stage1_word_pos0,5+35,codeword_bits,,0,1,0,0,detected_uncorrectable
SUPP-NEG-V1-001,secded_double_bit,P1,stage1_word_pos0,5+36,codeword_bits,,0,1,0,0,detected_uncorrectable
SUPP-NEG-V1-001,secded_double_bit,P1,stage1_word_pos0,5+37,codeword_bits,,0,1,0,0,detected_uncorrectable
SUPP-NEG-V1-001,secded_double_bit,P1,stage1_word_pos0,5+38,codeword_bits,,0,1,0,0,detected_uncorrectable
SUPP-NEG-V1-001,secded_double_bit,P1,stage1_word_pos0,5+39,codeword_bits,,0,1,0,0,detected_uncorrectable
SUPP-NEG-V1-001,secded_double_bit,P1,stage1_word_pos0,5+40,codeword_bits,,0,1,0,0,detected_uncorrectable
SUPP-NEG-V1-001,secded_double_bit,P1,stage1_word_pos0,5+41,codeword_bits,,0,1,0,0,detected_uncorrectable
SUPP-NEG-V1-001,secded_double_bit,P1,stage1_word_pos0,5+42,codeword_bits,,0,1,0,0,detected_uncorrectable
SUPP-NEG-V1-001,secded_double_bit,P1,stage1_word_pos0,5+43,codeword_bits,,0,1,0,0,detected_uncorrectable
SUPP-NEG-V1-001,secded_double_bit,P1,stage1_word_pos0,5+44,codeword_bits,,0,1,0,0,detected_uncorrectable
SUPP-NEG-V1-001,secded_double_bit,P1,stage1_word_pos0,5+45,codeword_bits,,0,1,0,0,detected_uncorrectable
SUPP-NEG-V1-001,secded_double_bit,P1,stage1_word_pos0,5+46,codeword_bits,,0,1,0,0,detected_uncorrectable
SUPP-NEG-V1-001,secded_double_bit,P1,stage1_word_pos0,5+47,codeword_bits,,0,1,0,0,detected_uncorrectable
SUPP-NEG-V1-001,secded_double_bit,P1,stage1_word_pos0,5+48,codeword_bits,,0,1,0,0,detected_uncorrectable
SUPP-NEG-V1-001,secded_double_bit,P1,stage1_word_pos0,5+49,codeword_bits,,0,1,0,0,detected_uncorrectable
SUPP-NEG-V1-001,secded_double_bit,P1,stage1_word_pos0,5+50,codeword_bits,,0,1,0,0,detected_uncorrectable
SUPP-NEG-V1-001,secded_double_bit,P1,stage1_word_pos0,5+51,codeword_bits,,0,1,0,0,detected_uncorrectable
SUPP-NEG-V1-001,secded_double_bit,P1,stage1_word_pos0,5+52,codeword_bits,,0,1,0,0,detected_uncorrectable
SUPP-NEG-V1-001,secded_double_bit,P1,stage1_word_pos0,5+53,codeword_bits,,0,1,0,0,detected_uncorrectable
SUPP-NEG-V1-001,secded_double_bit,P1,stage1_word_pos0,5+54,codeword_bits,,0,1,0,0,detected_uncorrectable
SUPP-NEG-V1-001,secded_double_bit,P1,stage1_word_pos0,5+55,codeword_bits,,0,1,0,0,detected_uncorrectable
SUPP-NEG-V1-001,secded_double_bit,P1,stage1_word_pos0,5+56,codeword_bits,,0,1,0,0,detected_uncorrectable
SUPP-NEG-V1-001,secded_double_bit,P1,stage1_word_pos0,5+57,codeword_bits,,0,1,0,0,detected_uncorrectable
SUPP-NEG-V1-001,secded_double_bit,P1,stage1_word_pos0,5+58,codeword_bits,,0,1,0,0,detected_uncorrectable
SUPP-NEG-V1-001,secded_double_bit,P1,stage1_word_pos0,5+59,codeword_bits,,0,1,0,0,detected_uncorrectable
SUPP-NEG-V1-001,secded_double_bit,P1,stage1_word_pos0,5+60,codeword_bits,,0,1,0,0,detected_uncorrectable
SUPP-NEG-V1-001,secded_double_bit,P1,stage1_word_pos0,5+61,codeword_bits,,0,1,0,0,detected_uncorrectable
SUPP-NEG-V1-001,secded_double_bit,P1,stage1_word_pos0,5+62,codeword_bits,,0,1,0,0,detected_uncorrectable
SUPP-NEG-V1-001,secded_double_bit,P1,stage1_word_pos0,5+63,codeword_bits,,0,1,0,0,detected_uncorrectable
SUPP-NEG-V1-001,secded_double_bit,P1,stage1_word_pos0,5+64,codeword_bits,,0,1,0,0,detected_uncorrectable
SUPP-NEG-V1-001,secded_double_bit,P1,stage1_word_pos0,5+65,codeword_bits,,0,1,0,0,detected_uncorrectable
SUPP-NEG-V1-001,secded_double_bit,P1,stage1_word_pos0,5+66,codeword_bits,,0,1,0,0,detected_uncorrectable
SUPP-NEG-V1-001,secded_double_bit,P1,stage1_word_pos0,5+67,codeword_bits,,0,1,0,0,detected_uncorrectable
SUPP-NEG-V1-001,secded_double_bit,P1,stage1_word_pos0,5+68,codeword_bits,,0,1,0,0,detected_uncorrectable
SUPP-NEG-V1-001,secded_double_bit,P1,stage1_word_pos0,5+69,codeword_bits,,0,1,0,0,detected_uncorrectable
SUPP-NEG-V1-001,secded_double_bit,P1,stage1_word_pos0,5+70,codeword_bits,,0,1,0,0,detected_uncorrectable
SUPP-NEG-V1-001,secded_double_bit,P1,stage1_word_pos0,5+71,codeword_bits,,0,1,0,0,detected_uncorrectable
SUPP-NEG-V1-001,secded_double_bit,P1,stage1_word_pos0,5+72,codeword_bits,,0,1,0,0,detected_uncorrectable
SUPP-NEG-V1-001,secded_double_bit,P1,stage1_word_pos0,5+73,codeword_bits,,0,1,0,0,detected_uncorrectable
SUPP-NEG-V1-001,secded_double_bit,P1,stage1_word_pos0,5+74,codeword_bits,,0,1,0,0,detected_uncorrectable
SUPP-NEG-V1-001,secded_double_bit,P1,stage1_word_pos0,5+75,codeword_bits,,0,1,0,0,detected_uncorrectable
SUPP-NEG-V1-001,secded_double_bit,P1,stage1_word_pos0,5+76,codeword_bits,,0,1,0,0,detected_uncorrectable
SUPP-NEG-V1-001,secded_double_bit,P1,stage1_word_pos0,5+77,codeword_bits,,0,1,0,0,detected_uncorrectable
SUPP-NEG-V1-001,secded_double_bit,P1,stage1_word_pos0,6+7,codeword_bits,,0,1,0,0,detected_uncorrectable
SUPP-NEG-V1-001,secded_double_bit,P1,stage1_word_pos0,6+8,codeword_bits,,0,1,0,0,detected_uncorrectable
SUPP-NEG-V1-001,secded_double_bit,P1,stage1_word_pos0,6+9,codeword_bits,,0,1,0,0,detected_uncorrectable
SUPP-NEG-V1-001,secded_double_bit,P1,stage1_word_pos0,6+10,codeword_bits,,0,1,0,0,detected_uncorrectable
SUPP-NEG-V1-001,secded_double_bit,P1,stage1_word_pos0,6+11,codeword_bits,,0,1,0,0,detected_uncorrectable
SUPP-NEG-V1-001,secded_double_bit,P1,stage1_word_pos0,6+12,codeword_bits,,0,1,0,0,detected_uncorrectable
SUPP-NEG-V1-001,secded_double_bit,P1,stage1_word_pos0,6+13,codeword_bits,,0,1,0,0,detected_uncorrectable
SUPP-NEG-V1-001,secded_double_bit,P1,stage1_word_pos0,6+14,codeword_bits,,0,1,0,0,detected_uncorrectable
SUPP-NEG-V1-001,secded_double_bit,P1,stage1_word_pos0,6+15,codeword_bits,,0,1,0,0,detected_uncorrectable
SUPP-NEG-V1-001,secded_double_bit,P1,stage1_word_pos0,6+16,codeword_bits,,0,1,0,0,detected_uncorrectable
SUPP-NEG-V1-001,secded_double_bit,P1,stage1_word_pos0,6+17,codeword_bits,,0,1,0,0,detected_uncorrectable
SUPP-NEG-V1-001,secded_double_bit,P1,stage1_word_pos0,6+18,codeword_bits,,0,1,0,0,detected_uncorrectable
SUPP-NEG-V1-001,secded_double_bit,P1,stage1_word_pos0,6+19,codeword_bits,,0,1,0,0,detected_uncorrectable
SUPP-NEG-V1-001,secded_double_bit,P1,stage1_word_pos0,6+20,codeword_bits,,0,1,0,0,detected_uncorrectable
SUPP-NEG-V1-001,secded_double_bit,P1,stage1_word_pos0,6+21,codeword_bits,,0,1,0,0,detected_uncorrectable
SUPP-NEG-V1-001,secded_double_bit,P1,stage1_word_pos0,6+22,codeword_bits,,0,1,0,0,detected_uncorrectable
SUPP-NEG-V1-001,secded_double_bit,P1,stage1_word_pos0,6+23,codeword_bits,,0,1,0,0,detected_uncorrectable
SUPP-NEG-V1-001,secded_double_bit,P1,stage1_word_pos0,6+24,codeword_bits,,0,1,0,0,detected_uncorrectable
SUPP-NEG-V1-001,secded_double_bit,P1,stage1_word_pos0,6+25,codeword_bits,,0,1,0,0,detected_uncorrectable
SUPP-NEG-V1-001,secded_double_bit,P1,stage1_word_pos0,6+26,codeword_bits,,0,1,0,0,detected_uncorrectable
SUPP-NEG-V1-001,secded_double_bit,P1,stage1_word_pos0,6+27,codeword_bits,,0,1,0,0,detected_uncorrectable
SUPP-NEG-V1-001,secded_double_bit,P1,stage1_word_pos0,6+28,codeword_bits,,0,1,0,0,detected_uncorrectable
SUPP-NEG-V1-001,secded_double_bit,P1,stage1_word_pos0,6+29,codeword_bits,,0,1,0,0,detected_uncorrectable
SUPP-NEG-V1-001,secded_double_bit,P1,stage1_word_pos0,6+30,codeword_bits,,0,1,0,0,detected_uncorrectable
SUPP-NEG-V1-001,secded_double_bit,P1,stage1_word_pos0,6+31,codeword_bits,,0,1,0,0,detected_uncorrectable
SUPP-NEG-V1-001,secded_double_bit,P1,stage1_word_pos0,6+32,codeword_bits,,0,1,0,0,detected_uncorrectable
SUPP-NEG-V1-001,secded_double_bit,P1,stage1_word_pos0,6+33,codeword_bits,,0,1,0,0,detected_uncorrectable
SUPP-NEG-V1-001,secded_double_bit,P1,stage1_word_pos0,6+34,codeword_bits,,0,1,0,0,detected_uncorrectable
SUPP-NEG-V1-001,secded_double_bit,P1,stage1_word_pos0,6+35,codeword_bits,,0,1,0,0,detected_uncorrectable
SUPP-NEG-V1-001,secded_double_bit,P1,stage1_word_pos0,6+36,codeword_bits,,0,1,0,0,detected_uncorrectable
SUPP-NEG-V1-001,secded_double_bit,P1,stage1_word_pos0,6+37,codeword_bits,,0,1,0,0,detected_uncorrectable
SUPP-NEG-V1-001,secded_double_bit,P1,stage1_word_pos0,6+38,codeword_bits,,0,1,0,0,detected_uncorrectable
SUPP-NEG-V1-001,secded_double_bit,P1,stage1_word_pos0,6+39,codeword_bits,,0,1,0,0,detected_uncorrectable
SUPP-NEG-V1-001,secded_double_bit,P1,stage1_word_pos0,6+40,codeword_bits,,0,1,0,0,detected_uncorrectable
SUPP-NEG-V1-001,secded_double_bit,P1,stage1_word_pos0,6+41,codeword_bits,,0,1,0,0,detected_uncorrectable
SUPP-NEG-V1-001,secded_double_bit,P1,stage1_word_pos0,6+42,codeword_bits,,0,1,0,0,detected_uncorrectable
SUPP-NEG-V1-001,secded_double_bit,P1,stage1_word_pos0,6+43,codeword_bits,,0,1,0,0,detected_uncorrectable
SUPP-NEG-V1-001,secded_double_bit,P1,stage1_word_pos0,6+44,codeword_bits,,0,1,0,0,detected_uncorrectable
SUPP-NEG-V1-001,secded_double_bit,P1,stage1_word_pos0,6+45,codeword_bits,,0,1,0,0,detected_uncorrectable
SUPP-NEG-V1-001,secded_double_bit,P1,stage1_word_pos0,6+46,codeword_bits,,0,1,0,0,detected_uncorrectable
SUPP-NEG-V1-001,secded_double_bit,P1,stage1_word_pos0,6+47,codeword_bits,,0,1,0,0,detected_uncorrectable
SUPP-NEG-V1-001,secded_double_bit,P1,stage1_word_pos0,6+48,codeword_bits,,0,1,0,0,detected_uncorrectable
SUPP-NEG-V1-001,secded_double_bit,P1,stage1_word_pos0,6+49,codeword_bits,,0,1,0,0,detected_uncorrectable
SUPP-NEG-V1-001,secded_double_bit,P1,stage1_word_pos0,6+50,codeword_bits,,0,1,0,0,detected_uncorrectable
SUPP-NEG-V1-001,secded_double_bit,P1,stage1_word_pos0,6+51,codeword_bits,,0,1,0,0,detected_uncorrectable
SUPP-NEG-V1-001,secded_double_bit,P1,stage1_word_pos0,6+52,codeword_bits,,0,1,0,0,detected_uncorrectable
SUPP-NEG-V1-001,secded_double_bit,P1,stage1_word_pos0,6+53,codeword_bits,,0,1,0,0,detected_uncorrectable
SUPP-NEG-V1-001,secded_double_bit,P1,stage1_word_pos0,6+54,codeword_bits,,0,1,0,0,detected_uncorrectable
SUPP-NEG-V1-001,secded_double_bit,P1,stage1_word_pos0,6+55,codeword_bits,,0,1,0,0,detected_uncorrectable
SUPP-NEG-V1-001,secded_double_bit,P1,stage1_word_pos0,6+56,codeword_bits,,0,1,0,0,detected_uncorrectable
SUPP-NEG-V1-001,secded_double_bit,P1,stage1_word_pos0,6+57,codeword_bits,,0,1,0,0,detected_uncorrectable
SUPP-NEG-V1-001,secded_double_bit,P1,stage1_word_pos0,6+58,codeword_bits,,0,1,0,0,detected_uncorrectable
SUPP-NEG-V1-001,secded_double_bit,P1,stage1_word_pos0,6+59,codeword_bits,,0,1,0,0,detected_uncorrectable
SUPP-NEG-V1-001,secded_double_bit,P1,stage1_word_pos0,6+60,codeword_bits,,0,1,0,0,detected_uncorrectable
SUPP-NEG-V1-001,secded_double_bit,P1,stage1_word_pos0,6+61,codeword_bits,,0,1,0,0,detected_uncorrectable
SUPP-NEG-V1-001,secded_double_bit,P1,stage1_word_pos0,6+62,codeword_bits,,0,1,0,0,detected_uncorrectable
SUPP-NEG-V1-001,secded_double_bit,P1,stage1_word_pos0,6+63,codeword_bits,,0,1,0,0,detected_uncorrectable
SUPP-NEG-V1-001,secded_double_bit,P1,stage1_word_pos0,6+64,codeword_bits,,0,1,0,0,detected_uncorrectable
SUPP-NEG-V1-001,secded_double_bit,P1,stage1_word_pos0,6+65,codeword_bits,,0,1,0,0,detected_uncorrectable
SUPP-NEG-V1-001,secded_double_bit,P1,stage1_word_pos0,6+66,codeword_bits,,0,1,0,0,detected_uncorrectable
SUPP-NEG-V1-001,secded_double_bit,P1,stage1_word_pos0,6+67,codeword_bits,,0,1,0,0,detected_uncorrectable
SUPP-NEG-V1-001,secded_double_bit,P1,stage1_word_pos0,6+68,codeword_bits,,0,1,0,0,detected_uncorrectable
SUPP-NEG-V1-001,secded_double_bit,P1,stage1_word_pos0,6+69,codeword_bits,,0,1,0,0,detected_uncorrectable
SUPP-NEG-V1-001,secded_double_bit,P1,stage1_word_pos0,6+70,codeword_bits,,0,1,0,0,detected_uncorrectable
SUPP-NEG-V1-001,secded_double_bit,P1,stage1_word_pos0,6+71,codeword_bits,,0,1,0,0,detected_uncorrectable
SUPP-NEG-V1-001,secded_double_bit,P1,stage1_word_pos0,6+72,codeword_bits,,0,1,0,0,detected_uncorrectable
SUPP-NEG-V1-001,secded_double_bit,P1,stage1_word_pos0,6+73,codeword_bits,,0,1,0,0,detected_uncorrectable
SUPP-NEG-V1-001,secded_double_bit,P1,stage1_word_pos0,6+74,codeword_bits,,0,1,0,0,detected_uncorrectable
SUPP-NEG-V1-001,secded_double_bit,P1,stage1_word_pos0,6+75,codeword_bits,,0,1,0,0,detected_uncorrectable
SUPP-NEG-V1-001,secded_double_bit,P1,stage1_word_pos0,6+76,codeword_bits,,0,1,0,0,detected_uncorrectable
SUPP-NEG-V1-001,secded_double_bit,P1,stage1_word_pos0,6+77,codeword_bits,,0,1,0,0,detected_uncorrectable
SUPP-NEG-V1-001,secded_double_bit,P1,stage1_word_pos0,7+8,codeword_bits,,0,1,0,0,detected_uncorrectable
SUPP-NEG-V1-001,secded_double_bit,P1,stage1_word_pos0,7+9,codeword_bits,,0,1,0,0,detected_uncorrectable
SUPP-NEG-V1-001,secded_double_bit,P1,stage1_word_pos0,7+10,codeword_bits,,0,1,0,0,detected_uncorrectable
SUPP-NEG-V1-001,secded_double_bit,P1,stage1_word_pos0,7+11,codeword_bits,,0,1,0,0,detected_uncorrectable
SUPP-NEG-V1-001,secded_double_bit,P1,stage1_word_pos0,7+12,codeword_bits,,0,1,0,0,detected_uncorrectable
SUPP-NEG-V1-001,secded_double_bit,P1,stage1_word_pos0,7+13,codeword_bits,,0,1,0,0,detected_uncorrectable
SUPP-NEG-V1-001,secded_double_bit,P1,stage1_word_pos0,7+14,codeword_bits,,0,1,0,0,detected_uncorrectable
SUPP-NEG-V1-001,secded_double_bit,P1,stage1_word_pos0,7+15,codeword_bits,,0,1,0,1,detected_uncorrectable
SUPP-NEG-V1-001,secded_double_bit,P1,stage1_word_pos0,7+16,codeword_bits,,0,1,0,0,detected_uncorrectable
SUPP-NEG-V1-001,secded_double_bit,P1,stage1_word_pos0,7+17,codeword_bits,,0,1,0,0,detected_uncorrectable
SUPP-NEG-V1-001,secded_double_bit,P1,stage1_word_pos0,7+18,codeword_bits,,0,1,0,0,detected_uncorrectable
SUPP-NEG-V1-001,secded_double_bit,P1,stage1_word_pos0,7+19,codeword_bits,,0,1,0,0,detected_uncorrectable
SUPP-NEG-V1-001,secded_double_bit,P1,stage1_word_pos0,7+20,codeword_bits,,0,1,0,0,detected_uncorrectable
SUPP-NEG-V1-001,secded_double_bit,P1,stage1_word_pos0,7+21,codeword_bits,,0,1,0,0,detected_uncorrectable
SUPP-NEG-V1-001,secded_double_bit,P1,stage1_word_pos0,7+22,codeword_bits,,0,1,0,0,detected_uncorrectable
SUPP-NEG-V1-001,secded_double_bit,P1,stage1_word_pos0,7+23,codeword_bits,,0,1,0,0,detected_uncorrectable
SUPP-NEG-V1-001,secded_double_bit,P1,stage1_word_pos0,7+24,codeword_bits,,0,1,0,0,detected_uncorrectable
SUPP-NEG-V1-001,secded_double_bit,P1,stage1_word_pos0,7+25,codeword_bits,,0,1,0,0,detected_uncorrectable
SUPP-NEG-V1-001,secded_double_bit,P1,stage1_word_pos0,7+26,codeword_bits,,0,1,0,0,detected_uncorrectable
SUPP-NEG-V1-001,secded_double_bit,P1,stage1_word_pos0,7+27,codeword_bits,,0,1,0,0,detected_uncorrectable
SUPP-NEG-V1-001,secded_double_bit,P1,stage1_word_pos0,7+28,codeword_bits,,0,1,0,0,detected_uncorrectable
SUPP-NEG-V1-001,secded_double_bit,P1,stage1_word_pos0,7+29,codeword_bits,,0,1,0,0,detected_uncorrectable
SUPP-NEG-V1-001,secded_double_bit,P1,stage1_word_pos0,7+30,codeword_bits,,0,1,0,0,detected_uncorrectable
SUPP-NEG-V1-001,secded_double_bit,P1,stage1_word_pos0,7+31,codeword_bits,,0,1,0,1,detected_uncorrectable
SUPP-NEG-V1-001,secded_double_bit,P1,stage1_word_pos0,7+32,codeword_bits,,0,1,0,0,detected_uncorrectable
SUPP-NEG-V1-001,secded_double_bit,P1,stage1_word_pos0,7+33,codeword_bits,,0,1,0,0,detected_uncorrectable
SUPP-NEG-V1-001,secded_double_bit,P1,stage1_word_pos0,7+34,codeword_bits,,0,1,0,0,detected_uncorrectable
SUPP-NEG-V1-001,secded_double_bit,P1,stage1_word_pos0,7+35,codeword_bits,,0,1,0,0,detected_uncorrectable
SUPP-NEG-V1-001,secded_double_bit,P1,stage1_word_pos0,7+36,codeword_bits,,0,1,0,0,detected_uncorrectable
SUPP-NEG-V1-001,secded_double_bit,P1,stage1_word_pos0,7+37,codeword_bits,,0,1,0,0,detected_uncorrectable
SUPP-NEG-V1-001,secded_double_bit,P1,stage1_word_pos0,7+38,codeword_bits,,0,1,0,0,detected_uncorrectable
SUPP-NEG-V1-001,secded_double_bit,P1,stage1_word_pos0,7+39,codeword_bits,,0,1,0,0,detected_uncorrectable
SUPP-NEG-V1-001,secded_double_bit,P1,stage1_word_pos0,7+40,codeword_bits,,0,1,0,0,detected_uncorrectable
SUPP-NEG-V1-001,secded_double_bit,P1,stage1_word_pos0,7+41,codeword_bits,,0,1,0,0,detected_uncorrectable
SUPP-NEG-V1-001,secded_double_bit,P1,stage1_word_pos0,7+42,codeword_bits,,0,1,0,0,detected_uncorrectable
SUPP-NEG-V1-001,secded_double_bit,P1,stage1_word_pos0,7+43,codeword_bits,,0,1,0,0,detected_uncorrectable
SUPP-NEG-V1-001,secded_double_bit,P1,stage1_word_pos0,7+44,codeword_bits,,0,1,0,0,detected_uncorrectable
SUPP-NEG-V1-001,secded_double_bit,P1,stage1_word_pos0,7+45,codeword_bits,,0,1,0,0,detected_uncorrectable
SUPP-NEG-V1-001,secded_double_bit,P1,stage1_word_pos0,7+46,codeword_bits,,0,1,0,0,detected_uncorrectable
SUPP-NEG-V1-001,secded_double_bit,P1,stage1_word_pos0,7+47,codeword_bits,,0,1,0,0,detected_uncorrectable
SUPP-NEG-V1-001,secded_double_bit,P1,stage1_word_pos0,7+48,codeword_bits,,0,1,0,0,detected_uncorrectable
SUPP-NEG-V1-001,secded_double_bit,P1,stage1_word_pos0,7+49,codeword_bits,,0,1,0,0,detected_uncorrectable
SUPP-NEG-V1-001,secded_double_bit,P1,stage1_word_pos0,7+50,codeword_bits,,0,1,0,0,detected_uncorrectable
SUPP-NEG-V1-001,secded_double_bit,P1,stage1_word_pos0,7+51,codeword_bits,,0,1,0,0,detected_uncorrectable
SUPP-NEG-V1-001,secded_double_bit,P1,stage1_word_pos0,7+52,codeword_bits,,0,1,0,0,detected_uncorrectable
SUPP-NEG-V1-001,secded_double_bit,P1,stage1_word_pos0,7+53,codeword_bits,,0,1,0,0,detected_uncorrectable
SUPP-NEG-V1-001,secded_double_bit,P1,stage1_word_pos0,7+54,codeword_bits,,0,1,0,0,detected_uncorrectable
SUPP-NEG-V1-001,secded_double_bit,P1,stage1_word_pos0,7+55,codeword_bits,,0,1,0,0,detected_uncorrectable
SUPP-NEG-V1-001,secded_double_bit,P1,stage1_word_pos0,7+56,codeword_bits,,0,1,0,0,detected_uncorrectable
SUPP-NEG-V1-001,secded_double_bit,P1,stage1_word_pos0,7+57,codeword_bits,,0,1,0,0,detected_uncorrectable
SUPP-NEG-V1-001,secded_double_bit,P1,stage1_word_pos0,7+58,codeword_bits,,0,1,0,0,detected_uncorrectable
SUPP-NEG-V1-001,secded_double_bit,P1,stage1_word_pos0,7+59,codeword_bits,,0,1,0,0,detected_uncorrectable
SUPP-NEG-V1-001,secded_double_bit,P1,stage1_word_pos0,7+60,codeword_bits,,0,1,0,0,detected_uncorrectable
SUPP-NEG-V1-001,secded_double_bit,P1,stage1_word_pos0,7+61,codeword_bits,,0,1,0,0,detected_uncorrectable
SUPP-NEG-V1-001,secded_double_bit,P1,stage1_word_pos0,7+62,codeword_bits,,0,1,0,0,detected_uncorrectable
SUPP-NEG-V1-001,secded_double_bit,P1,stage1_word_pos0,7+63,codeword_bits,,0,1,0,1,detected_uncorrectable
SUPP-NEG-V1-001,secded_double_bit,P1,stage1_word_pos0,7+64,codeword_bits,,0,1,0,0,detected_uncorrectable
SUPP-NEG-V1-001,secded_double_bit,P1,stage1_word_pos0,7+65,codeword_bits,,0,1,0,0,detected_uncorrectable
SUPP-NEG-V1-001,secded_double_bit,P1,stage1_word_pos0,7+66,codeword_bits,,0,1,0,0,detected_uncorrectable
SUPP-NEG-V1-001,secded_double_bit,P1,stage1_word_pos0,7+67,codeword_bits,,0,1,0,0,detected_uncorrectable
SUPP-NEG-V1-001,secded_double_bit,P1,stage1_word_pos0,7+68,codeword_bits,,0,1,0,0,detected_uncorrectable
SUPP-NEG-V1-001,secded_double_bit,P1,stage1_word_pos0,7+69,codeword_bits,,0,1,0,0,detected_uncorrectable
SUPP-NEG-V1-001,secded_double_bit,P1,stage1_word_pos0,7+70,codeword_bits,,0,1,0,0,detected_uncorrectable
SUPP-NEG-V1-001,secded_double_bit,P1,stage1_word_pos0,7+71,codeword_bits,,0,1,0,0,detected_uncorrectable
SUPP-NEG-V1-001,secded_double_bit,P1,stage1_word_pos0,7+72,codeword_bits,,0,1,0,0,detected_uncorrectable
SUPP-NEG-V1-001,secded_double_bit,P1,stage1_word_pos0,7+73,codeword_bits,,0,1,0,0,detected_uncorrectable
SUPP-NEG-V1-001,secded_double_bit,P1,stage1_word_pos0,7+74,codeword_bits,,0,1,0,0,detected_uncorrectable
SUPP-NEG-V1-001,secded_double_bit,P1,stage1_word_pos0,7+75,codeword_bits,,0,1,0,0,detected_uncorrectable
SUPP-NEG-V1-001,secded_double_bit,P1,stage1_word_pos0,7+76,codeword_bits,,0,1,0,0,detected_uncorrectable
SUPP-NEG-V1-001,secded_double_bit,P1,stage1_word_pos0,7+77,codeword_bits,,0,1,0,1,detected_uncorrectable
SUPP-NEG-V1-001,secded_double_bit,P1,stage1_word_pos0,8+9,codeword_bits,,0,1,0,0,detected_uncorrectable
SUPP-NEG-V1-001,secded_double_bit,P1,stage1_word_pos0,8+10,codeword_bits,,0,1,0,0,detected_uncorrectable
SUPP-NEG-V1-001,secded_double_bit,P1,stage1_word_pos0,8+11,codeword_bits,,0,1,0,0,detected_uncorrectable
SUPP-NEG-V1-001,secded_double_bit,P1,stage1_word_pos0,8+12,codeword_bits,,0,1,0,0,detected_uncorrectable
SUPP-NEG-V1-001,secded_double_bit,P1,stage1_word_pos0,8+13,codeword_bits,,0,1,0,0,detected_uncorrectable
SUPP-NEG-V1-001,secded_double_bit,P1,stage1_word_pos0,8+14,codeword_bits,,0,1,0,0,detected_uncorrectable
SUPP-NEG-V1-001,secded_double_bit,P1,stage1_word_pos0,8+15,codeword_bits,,0,1,0,0,detected_uncorrectable
SUPP-NEG-V1-001,secded_double_bit,P1,stage1_word_pos0,8+16,codeword_bits,,0,1,0,0,detected_uncorrectable
SUPP-NEG-V1-001,secded_double_bit,P1,stage1_word_pos0,8+17,codeword_bits,,0,1,0,0,detected_uncorrectable
SUPP-NEG-V1-001,secded_double_bit,P1,stage1_word_pos0,8+18,codeword_bits,,0,1,0,0,detected_uncorrectable
SUPP-NEG-V1-001,secded_double_bit,P1,stage1_word_pos0,8+19,codeword_bits,,0,1,0,0,detected_uncorrectable
SUPP-NEG-V1-001,secded_double_bit,P1,stage1_word_pos0,8+20,codeword_bits,,0,1,0,0,detected_uncorrectable
SUPP-NEG-V1-001,secded_double_bit,P1,stage1_word_pos0,8+21,codeword_bits,,0,1,0,0,detected_uncorrectable
SUPP-NEG-V1-001,secded_double_bit,P1,stage1_word_pos0,8+22,codeword_bits,,0,1,0,0,detected_uncorrectable
SUPP-NEG-V1-001,secded_double_bit,P1,stage1_word_pos0,8+23,codeword_bits,,0,1,0,0,detected_uncorrectable
SUPP-NEG-V1-001,secded_double_bit,P1,stage1_word_pos0,8+24,codeword_bits,,0,1,0,0,detected_uncorrectable
SUPP-NEG-V1-001,secded_double_bit,P1,stage1_word_pos0,8+25,codeword_bits,,0,1,0,0,detected_uncorrectable
SUPP-NEG-V1-001,secded_double_bit,P1,stage1_word_pos0,8+26,codeword_bits,,0,1,0,0,detected_uncorrectable
SUPP-NEG-V1-001,secded_double_bit,P1,stage1_word_pos0,8+27,codeword_bits,,0,1,0,0,detected_uncorrectable
SUPP-NEG-V1-001,secded_double_bit,P1,stage1_word_pos0,8+28,codeword_bits,,0,1,0,0,detected_uncorrectable
SUPP-NEG-V1-001,secded_double_bit,P1,stage1_word_pos0,8+29,codeword_bits,,0,1,0,0,detected_uncorrectable
SUPP-NEG-V1-001,secded_double_bit,P1,stage1_word_pos0,8+30,codeword_bits,,0,1,0,0,detected_uncorrectable
SUPP-NEG-V1-001,secded_double_bit,P1,stage1_word_pos0,8+31,codeword_bits,,0,1,0,0,detected_uncorrectable
SUPP-NEG-V1-001,secded_double_bit,P1,stage1_word_pos0,8+32,codeword_bits,,0,1,0,0,detected_uncorrectable
SUPP-NEG-V1-001,secded_double_bit,P1,stage1_word_pos0,8+33,codeword_bits,,0,1,0,0,detected_uncorrectable
SUPP-NEG-V1-001,secded_double_bit,P1,stage1_word_pos0,8+34,codeword_bits,,0,1,0,0,detected_uncorrectable
SUPP-NEG-V1-001,secded_double_bit,P1,stage1_word_pos0,8+35,codeword_bits,,0,1,0,0,detected_uncorrectable
SUPP-NEG-V1-001,secded_double_bit,P1,stage1_word_pos0,8+36,codeword_bits,,0,1,0,0,detected_uncorrectable
SUPP-NEG-V1-001,secded_double_bit,P1,stage1_word_pos0,8+37,codeword_bits,,0,1,0,0,detected_uncorrectable
SUPP-NEG-V1-001,secded_double_bit,P1,stage1_word_pos0,8+38,codeword_bits,,0,1,0,0,detected_uncorrectable
SUPP-NEG-V1-001,secded_double_bit,P1,stage1_word_pos0,8+39,codeword_bits,,0,1,0,0,detected_uncorrectable
SUPP-NEG-V1-001,secded_double_bit,P1,stage1_word_pos0,8+40,codeword_bits,,0,1,0,0,detected_uncorrectable
SUPP-NEG-V1-001,secded_double_bit,P1,stage1_word_pos0,8+41,codeword_bits,,0,1,0,0,detected_uncorrectable
SUPP-NEG-V1-001,secded_double_bit,P1,stage1_word_pos0,8+42,codeword_bits,,0,1,0,0,detected_uncorrectable
SUPP-NEG-V1-001,secded_double_bit,P1,stage1_word_pos0,8+43,codeword_bits,,0,1,0,0,detected_uncorrectable
SUPP-NEG-V1-001,secded_double_bit,P1,stage1_word_pos0,8+44,codeword_bits,,0,1,0,0,detected_uncorrectable
SUPP-NEG-V1-001,secded_double_bit,P1,stage1_word_pos0,8+45,codeword_bits,,0,1,0,0,detected_uncorrectable
SUPP-NEG-V1-001,secded_double_bit,P1,stage1_word_pos0,8+46,codeword_bits,,0,1,0,0,detected_uncorrectable
SUPP-NEG-V1-001,secded_double_bit,P1,stage1_word_pos0,8+47,codeword_bits,,0,1,0,0,detected_uncorrectable
SUPP-NEG-V1-001,secded_double_bit,P1,stage1_word_pos0,8+48,codeword_bits,,0,1,0,0,detected_uncorrectable
SUPP-NEG-V1-001,secded_double_bit,P1,stage1_word_pos0,8+49,codeword_bits,,0,1,0,0,detected_uncorrectable
SUPP-NEG-V1-001,secded_double_bit,P1,stage1_word_pos0,8+50,codeword_bits,,0,1,0,0,detected_uncorrectable
SUPP-NEG-V1-001,secded_double_bit,P1,stage1_word_pos0,8+51,codeword_bits,,0,1,0,0,detected_uncorrectable
SUPP-NEG-V1-001,secded_double_bit,P1,stage1_word_pos0,8+52,codeword_bits,,0,1,0,0,detected_uncorrectable
SUPP-NEG-V1-001,secded_double_bit,P1,stage1_word_pos0,8+53,codeword_bits,,0,1,0,0,detected_uncorrectable
SUPP-NEG-V1-001,secded_double_bit,P1,stage1_word_pos0,8+54,codeword_bits,,0,1,0,0,detected_uncorrectable
SUPP-NEG-V1-001,secded_double_bit,P1,stage1_word_pos0,8+55,codeword_bits,,0,1,0,0,detected_uncorrectable
SUPP-NEG-V1-001,secded_double_bit,P1,stage1_word_pos0,8+56,codeword_bits,,0,1,0,0,detected_uncorrectable
SUPP-NEG-V1-001,secded_double_bit,P1,stage1_word_pos0,8+57,codeword_bits,,0,1,0,0,detected_uncorrectable
SUPP-NEG-V1-001,secded_double_bit,P1,stage1_word_pos0,8+58,codeword_bits,,0,1,0,0,detected_uncorrectable
SUPP-NEG-V1-001,secded_double_bit,P1,stage1_word_pos0,8+59,codeword_bits,,0,1,0,0,detected_uncorrectable
SUPP-NEG-V1-001,secded_double_bit,P1,stage1_word_pos0,8+60,codeword_bits,,0,1,0,0,detected_uncorrectable
SUPP-NEG-V1-001,secded_double_bit,P1,stage1_word_pos0,8+61,codeword_bits,,0,1,0,0,detected_uncorrectable
SUPP-NEG-V1-001,secded_double_bit,P1,stage1_word_pos0,8+62,codeword_bits,,0,1,0,0,detected_uncorrectable
SUPP-NEG-V1-001,secded_double_bit,P1,stage1_word_pos0,8+63,codeword_bits,,0,1,0,0,detected_uncorrectable
SUPP-NEG-V1-001,secded_double_bit,P1,stage1_word_pos0,8+64,codeword_bits,,0,1,0,0,detected_uncorrectable
SUPP-NEG-V1-001,secded_double_bit,P1,stage1_word_pos0,8+65,codeword_bits,,0,1,0,0,detected_uncorrectable
SUPP-NEG-V1-001,secded_double_bit,P1,stage1_word_pos0,8+66,codeword_bits,,0,1,0,0,detected_uncorrectable
SUPP-NEG-V1-001,secded_double_bit,P1,stage1_word_pos0,8+67,codeword_bits,,0,1,0,0,detected_uncorrectable
SUPP-NEG-V1-001,secded_double_bit,P1,stage1_word_pos0,8+68,codeword_bits,,0,1,0,0,detected_uncorrectable
SUPP-NEG-V1-001,secded_double_bit,P1,stage1_word_pos0,8+69,codeword_bits,,0,1,0,0,detected_uncorrectable
SUPP-NEG-V1-001,secded_double_bit,P1,stage1_word_pos0,8+70,codeword_bits,,0,1,0,0,detected_uncorrectable
SUPP-NEG-V1-001,secded_double_bit,P1,stage1_word_pos0,8+71,codeword_bits,,0,1,0,0,detected_uncorrectable
SUPP-NEG-V1-001,secded_double_bit,P1,stage1_word_pos0,8+72,codeword_bits,,0,1,0,0,detected_uncorrectable
SUPP-NEG-V1-001,secded_double_bit,P1,stage1_word_pos0,8+73,codeword_bits,,0,1,0,0,detected_uncorrectable
SUPP-NEG-V1-001,secded_double_bit,P1,stage1_word_pos0,8+74,codeword_bits,,0,1,0,0,detected_uncorrectable
SUPP-NEG-V1-001,secded_double_bit,P1,stage1_word_pos0,8+75,codeword_bits,,0,1,0,0,detected_uncorrectable
SUPP-NEG-V1-001,secded_double_bit,P1,stage1_word_pos0,8+76,codeword_bits,,0,1,0,0,detected_uncorrectable
SUPP-NEG-V1-001,secded_double_bit,P1,stage1_word_pos0,8+77,codeword_bits,,0,1,0,0,detected_uncorrectable
SUPP-NEG-V1-001,secded_double_bit,P1,stage1_word_pos0,9+10,codeword_bits,,0,1,0,0,detected_uncorrectable
SUPP-NEG-V1-001,secded_double_bit,P1,stage1_word_pos0,9+11,codeword_bits,,0,1,0,0,detected_uncorrectable
SUPP-NEG-V1-001,secded_double_bit,P1,stage1_word_pos0,9+12,codeword_bits,,0,1,0,0,detected_uncorrectable
SUPP-NEG-V1-001,secded_double_bit,P1,stage1_word_pos0,9+13,codeword_bits,,0,1,0,0,detected_uncorrectable
SUPP-NEG-V1-001,secded_double_bit,P1,stage1_word_pos0,9+14,codeword_bits,,0,1,0,0,detected_uncorrectable
SUPP-NEG-V1-001,secded_double_bit,P1,stage1_word_pos0,9+15,codeword_bits,,0,1,0,0,detected_uncorrectable
SUPP-NEG-V1-001,secded_double_bit,P1,stage1_word_pos0,9+16,codeword_bits,,0,1,0,0,detected_uncorrectable
SUPP-NEG-V1-001,secded_double_bit,P1,stage1_word_pos0,9+17,codeword_bits,,0,1,0,0,detected_uncorrectable
SUPP-NEG-V1-001,secded_double_bit,P1,stage1_word_pos0,9+18,codeword_bits,,0,1,0,0,detected_uncorrectable
SUPP-NEG-V1-001,secded_double_bit,P1,stage1_word_pos0,9+19,codeword_bits,,0,1,0,0,detected_uncorrectable
SUPP-NEG-V1-001,secded_double_bit,P1,stage1_word_pos0,9+20,codeword_bits,,0,1,0,0,detected_uncorrectable
SUPP-NEG-V1-001,secded_double_bit,P1,stage1_word_pos0,9+21,codeword_bits,,0,1,0,0,detected_uncorrectable
SUPP-NEG-V1-001,secded_double_bit,P1,stage1_word_pos0,9+22,codeword_bits,,0,1,0,0,detected_uncorrectable
SUPP-NEG-V1-001,secded_double_bit,P1,stage1_word_pos0,9+23,codeword_bits,,0,1,0,0,detected_uncorrectable
SUPP-NEG-V1-001,secded_double_bit,P1,stage1_word_pos0,9+24,codeword_bits,,0,1,0,0,detected_uncorrectable
SUPP-NEG-V1-001,secded_double_bit,P1,stage1_word_pos0,9+25,codeword_bits,,0,1,0,0,detected_uncorrectable
SUPP-NEG-V1-001,secded_double_bit,P1,stage1_word_pos0,9+26,codeword_bits,,0,1,0,0,detected_uncorrectable
SUPP-NEG-V1-001,secded_double_bit,P1,stage1_word_pos0,9+27,codeword_bits,,0,1,0,0,detected_uncorrectable
SUPP-NEG-V1-001,secded_double_bit,P1,stage1_word_pos0,9+28,codeword_bits,,0,1,0,0,detected_uncorrectable
SUPP-NEG-V1-001,secded_double_bit,P1,stage1_word_pos0,9+29,codeword_bits,,0,1,0,0,detected_uncorrectable
SUPP-NEG-V1-001,secded_double_bit,P1,stage1_word_pos0,9+30,codeword_bits,,0,1,0,0,detected_uncorrectable
SUPP-NEG-V1-001,secded_double_bit,P1,stage1_word_pos0,9+31,codeword_bits,,0,1,0,0,detected_uncorrectable
SUPP-NEG-V1-001,secded_double_bit,P1,stage1_word_pos0,9+32,codeword_bits,,0,1,0,0,detected_uncorrectable
SUPP-NEG-V1-001,secded_double_bit,P1,stage1_word_pos0,9+33,codeword_bits,,0,1,0,0,detected_uncorrectable
SUPP-NEG-V1-001,secded_double_bit,P1,stage1_word_pos0,9+34,codeword_bits,,0,1,0,0,detected_uncorrectable
SUPP-NEG-V1-001,secded_double_bit,P1,stage1_word_pos0,9+35,codeword_bits,,0,1,0,0,detected_uncorrectable
SUPP-NEG-V1-001,secded_double_bit,P1,stage1_word_pos0,9+36,codeword_bits,,0,1,0,0,detected_uncorrectable
SUPP-NEG-V1-001,secded_double_bit,P1,stage1_word_pos0,9+37,codeword_bits,,0,1,0,0,detected_uncorrectable
SUPP-NEG-V1-001,secded_double_bit,P1,stage1_word_pos0,9+38,codeword_bits,,0,1,0,0,detected_uncorrectable
SUPP-NEG-V1-001,secded_double_bit,P1,stage1_word_pos0,9+39,codeword_bits,,0,1,0,0,detected_uncorrectable
SUPP-NEG-V1-001,secded_double_bit,P1,stage1_word_pos0,9+40,codeword_bits,,0,1,0,0,detected_uncorrectable
SUPP-NEG-V1-001,secded_double_bit,P1,stage1_word_pos0,9+41,codeword_bits,,0,1,0,0,detected_uncorrectable
SUPP-NEG-V1-001,secded_double_bit,P1,stage1_word_pos0,9+42,codeword_bits,,0,1,0,0,detected_uncorrectable
SUPP-NEG-V1-001,secded_double_bit,P1,stage1_word_pos0,9+43,codeword_bits,,0,1,0,0,detected_uncorrectable
SUPP-NEG-V1-001,secded_double_bit,P1,stage1_word_pos0,9+44,codeword_bits,,0,1,0,0,detected_uncorrectable
SUPP-NEG-V1-001,secded_double_bit,P1,stage1_word_pos0,9+45,codeword_bits,,0,1,0,0,detected_uncorrectable
SUPP-NEG-V1-001,secded_double_bit,P1,stage1_word_pos0,9+46,codeword_bits,,0,1,0,0,detected_uncorrectable
SUPP-NEG-V1-001,secded_double_bit,P1,stage1_word_pos0,9+47,codeword_bits,,0,1,0,0,detected_uncorrectable
SUPP-NEG-V1-001,secded_double_bit,P1,stage1_word_pos0,9+48,codeword_bits,,0,1,0,0,detected_uncorrectable
SUPP-NEG-V1-001,secded_double_bit,P1,stage1_word_pos0,9+49,codeword_bits,,0,1,0,0,detected_uncorrectable
SUPP-NEG-V1-001,secded_double_bit,P1,stage1_word_pos0,9+50,codeword_bits,,0,1,0,0,detected_uncorrectable
SUPP-NEG-V1-001,secded_double_bit,P1,stage1_word_pos0,9+51,codeword_bits,,0,1,0,0,detected_uncorrectable
SUPP-NEG-V1-001,secded_double_bit,P1,stage1_word_pos0,9+52,codeword_bits,,0,1,0,0,detected_uncorrectable
SUPP-NEG-V1-001,secded_double_bit,P1,stage1_word_pos0,9+53,codeword_bits,,0,1,0,0,detected_uncorrectable
SUPP-NEG-V1-001,secded_double_bit,P1,stage1_word_pos0,9+54,codeword_bits,,0,1,0,0,detected_uncorrectable
SUPP-NEG-V1-001,secded_double_bit,P1,stage1_word_pos0,9+55,codeword_bits,,0,1,0,0,detected_uncorrectable
SUPP-NEG-V1-001,secded_double_bit,P1,stage1_word_pos0,9+56,codeword_bits,,0,1,0,0,detected_uncorrectable
SUPP-NEG-V1-001,secded_double_bit,P1,stage1_word_pos0,9+57,codeword_bits,,0,1,0,0,detected_uncorrectable
SUPP-NEG-V1-001,secded_double_bit,P1,stage1_word_pos0,9+58,codeword_bits,,0,1,0,0,detected_uncorrectable
SUPP-NEG-V1-001,secded_double_bit,P1,stage1_word_pos0,9+59,codeword_bits,,0,1,0,0,detected_uncorrectable
SUPP-NEG-V1-001,secded_double_bit,P1,stage1_word_pos0,9+60,codeword_bits,,0,1,0,0,detected_uncorrectable
SUPP-NEG-V1-001,secded_double_bit,P1,stage1_word_pos0,9+61,codeword_bits,,0,1,0,0,detected_uncorrectable
SUPP-NEG-V1-001,secded_double_bit,P1,stage1_word_pos0,9+62,codeword_bits,,0,1,0,0,detected_uncorrectable
SUPP-NEG-V1-001,secded_double_bit,P1,stage1_word_pos0,9+63,codeword_bits,,0,1,0,0,detected_uncorrectable
SUPP-NEG-V1-001,secded_double_bit,P1,stage1_word_pos0,9+64,codeword_bits,,0,1,0,0,detected_uncorrectable
SUPP-NEG-V1-001,secded_double_bit,P1,stage1_word_pos0,9+65,codeword_bits,,0,1,0,0,detected_uncorrectable
SUPP-NEG-V1-001,secded_double_bit,P1,stage1_word_pos0,9+66,codeword_bits,,0,1,0,0,detected_uncorrectable
SUPP-NEG-V1-001,secded_double_bit,P1,stage1_word_pos0,9+67,codeword_bits,,0,1,0,0,detected_uncorrectable
SUPP-NEG-V1-001,secded_double_bit,P1,stage1_word_pos0,9+68,codeword_bits,,0,1,0,0,detected_uncorrectable
SUPP-NEG-V1-001,secded_double_bit,P1,stage1_word_pos0,9+69,codeword_bits,,0,1,0,0,detected_uncorrectable
SUPP-NEG-V1-001,secded_double_bit,P1,stage1_word_pos0,9+70,codeword_bits,,0,1,0,0,detected_uncorrectable
SUPP-NEG-V1-001,secded_double_bit,P1,stage1_word_pos0,9+71,codeword_bits,,0,1,0,0,detected_uncorrectable
SUPP-NEG-V1-001,secded_double_bit,P1,stage1_word_pos0,9+72,codeword_bits,,0,1,0,0,detected_uncorrectable
SUPP-NEG-V1-001,secded_double_bit,P1,stage1_word_pos0,9+73,codeword_bits,,0,1,0,0,detected_uncorrectable
SUPP-NEG-V1-001,secded_double_bit,P1,stage1_word_pos0,9+74,codeword_bits,,0,1,0,0,detected_uncorrectable
SUPP-NEG-V1-001,secded_double_bit,P1,stage1_word_pos0,9+75,codeword_bits,,0,1,0,0,detected_uncorrectable
SUPP-NEG-V1-001,secded_double_bit,P1,stage1_word_pos0,9+76,codeword_bits,,0,1,0,0,detected_uncorrectable
SUPP-NEG-V1-001,secded_double_bit,P1,stage1_word_pos0,9+77,codeword_bits,,0,1,0,0,detected_uncorrectable
SUPP-NEG-V1-001,secded_double_bit,P1,stage1_word_pos0,10+11,codeword_bits,,0,1,0,0,detected_uncorrectable
SUPP-NEG-V1-001,secded_double_bit,P1,stage1_word_pos0,10+12,codeword_bits,,0,1,0,0,detected_uncorrectable
SUPP-NEG-V1-001,secded_double_bit,P1,stage1_word_pos0,10+13,codeword_bits,,0,1,0,0,detected_uncorrectable
SUPP-NEG-V1-001,secded_double_bit,P1,stage1_word_pos0,10+14,codeword_bits,,0,1,0,0,detected_uncorrectable
SUPP-NEG-V1-001,secded_double_bit,P1,stage1_word_pos0,10+15,codeword_bits,,0,1,0,0,detected_uncorrectable
SUPP-NEG-V1-001,secded_double_bit,P1,stage1_word_pos0,10+16,codeword_bits,,0,1,0,0,detected_uncorrectable
SUPP-NEG-V1-001,secded_double_bit,P1,stage1_word_pos0,10+17,codeword_bits,,0,1,0,0,detected_uncorrectable
SUPP-NEG-V1-001,secded_double_bit,P1,stage1_word_pos0,10+18,codeword_bits,,0,1,0,0,detected_uncorrectable
SUPP-NEG-V1-001,secded_double_bit,P1,stage1_word_pos0,10+19,codeword_bits,,0,1,0,0,detected_uncorrectable
SUPP-NEG-V1-001,secded_double_bit,P1,stage1_word_pos0,10+20,codeword_bits,,0,1,0,0,detected_uncorrectable
SUPP-NEG-V1-001,secded_double_bit,P1,stage1_word_pos0,10+21,codeword_bits,,0,1,0,0,detected_uncorrectable
SUPP-NEG-V1-001,secded_double_bit,P1,stage1_word_pos0,10+22,codeword_bits,,0,1,0,0,detected_uncorrectable
SUPP-NEG-V1-001,secded_double_bit,P1,stage1_word_pos0,10+23,codeword_bits,,0,1,0,0,detected_uncorrectable
SUPP-NEG-V1-001,secded_double_bit,P1,stage1_word_pos0,10+24,codeword_bits,,0,1,0,0,detected_uncorrectable
SUPP-NEG-V1-001,secded_double_bit,P1,stage1_word_pos0,10+25,codeword_bits,,0,1,0,0,detected_uncorrectable
SUPP-NEG-V1-001,secded_double_bit,P1,stage1_word_pos0,10+26,codeword_bits,,0,1,0,0,detected_uncorrectable
SUPP-NEG-V1-001,secded_double_bit,P1,stage1_word_pos0,10+27,codeword_bits,,0,1,0,0,detected_uncorrectable
SUPP-NEG-V1-001,secded_double_bit,P1,stage1_word_pos0,10+28,codeword_bits,,0,1,0,0,detected_uncorrectable
SUPP-NEG-V1-001,secded_double_bit,P1,stage1_word_pos0,10+29,codeword_bits,,0,1,0,0,detected_uncorrectable
SUPP-NEG-V1-001,secded_double_bit,P1,stage1_word_pos0,10+30,codeword_bits,,0,1,0,0,detected_uncorrectable
SUPP-NEG-V1-001,secded_double_bit,P1,stage1_word_pos0,10+31,codeword_bits,,0,1,0,0,detected_uncorrectable
SUPP-NEG-V1-001,secded_double_bit,P1,stage1_word_pos0,10+32,codeword_bits,,0,1,0,0,detected_uncorrectable
SUPP-NEG-V1-001,secded_double_bit,P1,stage1_word_pos0,10+33,codeword_bits,,0,1,0,0,detected_uncorrectable
SUPP-NEG-V1-001,secded_double_bit,P1,stage1_word_pos0,10+34,codeword_bits,,0,1,0,0,detected_uncorrectable
SUPP-NEG-V1-001,secded_double_bit,P1,stage1_word_pos0,10+35,codeword_bits,,0,1,0,0,detected_uncorrectable
SUPP-NEG-V1-001,secded_double_bit,P1,stage1_word_pos0,10+36,codeword_bits,,0,1,0,0,detected_uncorrectable
SUPP-NEG-V1-001,secded_double_bit,P1,stage1_word_pos0,10+37,codeword_bits,,0,1,0,0,detected_uncorrectable
SUPP-NEG-V1-001,secded_double_bit,P1,stage1_word_pos0,10+38,codeword_bits,,0,1,0,0,detected_uncorrectable
SUPP-NEG-V1-001,secded_double_bit,P1,stage1_word_pos0,10+39,codeword_bits,,0,1,0,0,detected_uncorrectable
SUPP-NEG-V1-001,secded_double_bit,P1,stage1_word_pos0,10+40,codeword_bits,,0,1,0,0,detected_uncorrectable
SUPP-NEG-V1-001,secded_double_bit,P1,stage1_word_pos0,10+41,codeword_bits,,0,1,0,0,detected_uncorrectable
SUPP-NEG-V1-001,secded_double_bit,P1,stage1_word_pos0,10+42,codeword_bits,,0,1,0,0,detected_uncorrectable
SUPP-NEG-V1-001,secded_double_bit,P1,stage1_word_pos0,10+43,codeword_bits,,0,1,0,0,detected_uncorrectable
SUPP-NEG-V1-001,secded_double_bit,P1,stage1_word_pos0,10+44,codeword_bits,,0,1,0,0,detected_uncorrectable
SUPP-NEG-V1-001,secded_double_bit,P1,stage1_word_pos0,10+45,codeword_bits,,0,1,0,0,detected_uncorrectable
SUPP-NEG-V1-001,secded_double_bit,P1,stage1_word_pos0,10+46,codeword_bits,,0,1,0,0,detected_uncorrectable
SUPP-NEG-V1-001,secded_double_bit,P1,stage1_word_pos0,10+47,codeword_bits,,0,1,0,0,detected_uncorrectable
SUPP-NEG-V1-001,secded_double_bit,P1,stage1_word_pos0,10+48,codeword_bits,,0,1,0,0,detected_uncorrectable
SUPP-NEG-V1-001,secded_double_bit,P1,stage1_word_pos0,10+49,codeword_bits,,0,1,0,0,detected_uncorrectable
SUPP-NEG-V1-001,secded_double_bit,P1,stage1_word_pos0,10+50,codeword_bits,,0,1,0,0,detected_uncorrectable
SUPP-NEG-V1-001,secded_double_bit,P1,stage1_word_pos0,10+51,codeword_bits,,0,1,0,0,detected_uncorrectable
SUPP-NEG-V1-001,secded_double_bit,P1,stage1_word_pos0,10+52,codeword_bits,,0,1,0,0,detected_uncorrectable
SUPP-NEG-V1-001,secded_double_bit,P1,stage1_word_pos0,10+53,codeword_bits,,0,1,0,0,detected_uncorrectable
SUPP-NEG-V1-001,secded_double_bit,P1,stage1_word_pos0,10+54,codeword_bits,,0,1,0,0,detected_uncorrectable
SUPP-NEG-V1-001,secded_double_bit,P1,stage1_word_pos0,10+55,codeword_bits,,0,1,0,0,detected_uncorrectable
SUPP-NEG-V1-001,secded_double_bit,P1,stage1_word_pos0,10+56,codeword_bits,,0,1,0,0,detected_uncorrectable
SUPP-NEG-V1-001,secded_double_bit,P1,stage1_word_pos0,10+57,codeword_bits,,0,1,0,0,detected_uncorrectable
SUPP-NEG-V1-001,secded_double_bit,P1,stage1_word_pos0,10+58,codeword_bits,,0,1,0,0,detected_uncorrectable
SUPP-NEG-V1-001,secded_double_bit,P1,stage1_word_pos0,10+59,codeword_bits,,0,1,0,0,detected_uncorrectable
SUPP-NEG-V1-001,secded_double_bit,P1,stage1_word_pos0,10+60,codeword_bits,,0,1,0,0,detected_uncorrectable
SUPP-NEG-V1-001,secded_double_bit,P1,stage1_word_pos0,10+61,codeword_bits,,0,1,0,0,detected_uncorrectable
SUPP-NEG-V1-001,secded_double_bit,P1,stage1_word_pos0,10+62,codeword_bits,,0,1,0,0,detected_uncorrectable
SUPP-NEG-V1-001,secded_double_bit,P1,stage1_word_pos0,10+63,codeword_bits,,0,1,0,0,detected_uncorrectable
SUPP-NEG-V1-001,secded_double_bit,P1,stage1_word_pos0,10+64,codeword_bits,,0,1,0,0,detected_uncorrectable
SUPP-NEG-V1-001,secded_double_bit,P1,stage1_word_pos0,10+65,codeword_bits,,0,1,0,0,detected_uncorrectable
SUPP-NEG-V1-001,secded_double_bit,P1,stage1_word_pos0,10+66,codeword_bits,,0,1,0,0,detected_uncorrectable
SUPP-NEG-V1-001,secded_double_bit,P1,stage1_word_pos0,10+67,codeword_bits,,0,1,0,0,detected_uncorrectable
SUPP-NEG-V1-001,secded_double_bit,P1,stage1_word_pos0,10+68,codeword_bits,,0,1,0,0,detected_uncorrectable
SUPP-NEG-V1-001,secded_double_bit,P1,stage1_word_pos0,10+69,codeword_bits,,0,1,0,0,detected_uncorrectable
SUPP-NEG-V1-001,secded_double_bit,P1,stage1_word_pos0,10+70,codeword_bits,,0,1,0,0,detected_uncorrectable
SUPP-NEG-V1-001,secded_double_bit,P1,stage1_word_pos0,10+71,codeword_bits,,0,1,0,0,detected_uncorrectable
SUPP-NEG-V1-001,secded_double_bit,P1,stage1_word_pos0,10+72,codeword_bits,,0,1,0,0,detected_uncorrectable
SUPP-NEG-V1-001,secded_double_bit,P1,stage1_word_pos0,10+73,codeword_bits,,0,1,0,0,detected_uncorrectable
SUPP-NEG-V1-001,secded_double_bit,P1,stage1_word_pos0,10+74,codeword_bits,,0,1,0,0,detected_uncorrectable
SUPP-NEG-V1-001,secded_double_bit,P1,stage1_word_pos0,10+75,codeword_bits,,0,1,0,0,detected_uncorrectable
SUPP-NEG-V1-001,secded_double_bit,P1,stage1_word_pos0,10+76,codeword_bits,,0,1,0,0,detected_uncorrectable
SUPP-NEG-V1-001,secded_double_bit,P1,stage1_word_pos0,10+77,codeword_bits,,0,1,0,0,detected_uncorrectable
SUPP-NEG-V1-001,secded_double_bit,P1,stage1_word_pos0,11+12,codeword_bits,,0,1,0,0,detected_uncorrectable
SUPP-NEG-V1-001,secded_double_bit,P1,stage1_word_pos0,11+13,codeword_bits,,0,1,0,0,detected_uncorrectable
SUPP-NEG-V1-001,secded_double_bit,P1,stage1_word_pos0,11+14,codeword_bits,,0,1,0,0,detected_uncorrectable
SUPP-NEG-V1-001,secded_double_bit,P1,stage1_word_pos0,11+15,codeword_bits,,0,1,0,0,detected_uncorrectable
SUPP-NEG-V1-001,secded_double_bit,P1,stage1_word_pos0,11+16,codeword_bits,,0,1,0,0,detected_uncorrectable
SUPP-NEG-V1-001,secded_double_bit,P1,stage1_word_pos0,11+17,codeword_bits,,0,1,0,0,detected_uncorrectable
SUPP-NEG-V1-001,secded_double_bit,P1,stage1_word_pos0,11+18,codeword_bits,,0,1,0,0,detected_uncorrectable
SUPP-NEG-V1-001,secded_double_bit,P1,stage1_word_pos0,11+19,codeword_bits,,0,1,0,0,detected_uncorrectable
SUPP-NEG-V1-001,secded_double_bit,P1,stage1_word_pos0,11+20,codeword_bits,,0,1,0,0,detected_uncorrectable
SUPP-NEG-V1-001,secded_double_bit,P1,stage1_word_pos0,11+21,codeword_bits,,0,1,0,0,detected_uncorrectable
SUPP-NEG-V1-001,secded_double_bit,P1,stage1_word_pos0,11+22,codeword_bits,,0,1,0,0,detected_uncorrectable
SUPP-NEG-V1-001,secded_double_bit,P1,stage1_word_pos0,11+23,codeword_bits,,0,1,0,0,detected_uncorrectable
SUPP-NEG-V1-001,secded_double_bit,P1,stage1_word_pos0,11+24,codeword_bits,,0,1,0,0,detected_uncorrectable
SUPP-NEG-V1-001,secded_double_bit,P1,stage1_word_pos0,11+25,codeword_bits,,0,1,0,0,detected_uncorrectable
SUPP-NEG-V1-001,secded_double_bit,P1,stage1_word_pos0,11+26,codeword_bits,,0,1,0,0,detected_uncorrectable
SUPP-NEG-V1-001,secded_double_bit,P1,stage1_word_pos0,11+27,codeword_bits,,0,1,0,0,detected_uncorrectable
SUPP-NEG-V1-001,secded_double_bit,P1,stage1_word_pos0,11+28,codeword_bits,,0,1,0,0,detected_uncorrectable
SUPP-NEG-V1-001,secded_double_bit,P1,stage1_word_pos0,11+29,codeword_bits,,0,1,0,0,detected_uncorrectable
SUPP-NEG-V1-001,secded_double_bit,P1,stage1_word_pos0,11+30,codeword_bits,,0,1,0,0,detected_uncorrectable
SUPP-NEG-V1-001,secded_double_bit,P1,stage1_word_pos0,11+31,codeword_bits,,0,1,0,0,detected_uncorrectable
SUPP-NEG-V1-001,secded_double_bit,P1,stage1_word_pos0,11+32,codeword_bits,,0,1,0,0,detected_uncorrectable
SUPP-NEG-V1-001,secded_double_bit,P1,stage1_word_pos0,11+33,codeword_bits,,0,1,0,0,detected_uncorrectable
SUPP-NEG-V1-001,secded_double_bit,P1,stage1_word_pos0,11+34,codeword_bits,,0,1,0,0,detected_uncorrectable
SUPP-NEG-V1-001,secded_double_bit,P1,stage1_word_pos0,11+35,codeword_bits,,0,1,0,0,detected_uncorrectable
SUPP-NEG-V1-001,secded_double_bit,P1,stage1_word_pos0,11+36,codeword_bits,,0,1,0,0,detected_uncorrectable
SUPP-NEG-V1-001,secded_double_bit,P1,stage1_word_pos0,11+37,codeword_bits,,0,1,0,0,detected_uncorrectable
SUPP-NEG-V1-001,secded_double_bit,P1,stage1_word_pos0,11+38,codeword_bits,,0,1,0,0,detected_uncorrectable
SUPP-NEG-V1-001,secded_double_bit,P1,stage1_word_pos0,11+39,codeword_bits,,0,1,0,0,detected_uncorrectable
SUPP-NEG-V1-001,secded_double_bit,P1,stage1_word_pos0,11+40,codeword_bits,,0,1,0,0,detected_uncorrectable
SUPP-NEG-V1-001,secded_double_bit,P1,stage1_word_pos0,11+41,codeword_bits,,0,1,0,0,detected_uncorrectable
SUPP-NEG-V1-001,secded_double_bit,P1,stage1_word_pos0,11+42,codeword_bits,,0,1,0,0,detected_uncorrectable
SUPP-NEG-V1-001,secded_double_bit,P1,stage1_word_pos0,11+43,codeword_bits,,0,1,0,0,detected_uncorrectable
SUPP-NEG-V1-001,secded_double_bit,P1,stage1_word_pos0,11+44,codeword_bits,,0,1,0,0,detected_uncorrectable
SUPP-NEG-V1-001,secded_double_bit,P1,stage1_word_pos0,11+45,codeword_bits,,0,1,0,0,detected_uncorrectable
SUPP-NEG-V1-001,secded_double_bit,P1,stage1_word_pos0,11+46,codeword_bits,,0,1,0,0,detected_uncorrectable
SUPP-NEG-V1-001,secded_double_bit,P1,stage1_word_pos0,11+47,codeword_bits,,0,1,0,0,detected_uncorrectable
SUPP-NEG-V1-001,secded_double_bit,P1,stage1_word_pos0,11+48,codeword_bits,,0,1,0,0,detected_uncorrectable
SUPP-NEG-V1-001,secded_double_bit,P1,stage1_word_pos0,11+49,codeword_bits,,0,1,0,0,detected_uncorrectable
SUPP-NEG-V1-001,secded_double_bit,P1,stage1_word_pos0,11+50,codeword_bits,,0,1,0,0,detected_uncorrectable
SUPP-NEG-V1-001,secded_double_bit,P1,stage1_word_pos0,11+51,codeword_bits,,0,1,0,0,detected_uncorrectable
SUPP-NEG-V1-001,secded_double_bit,P1,stage1_word_pos0,11+52,codeword_bits,,0,1,0,0,detected_uncorrectable
SUPP-NEG-V1-001,secded_double_bit,P1,stage1_word_pos0,11+53,codeword_bits,,0,1,0,0,detected_uncorrectable
SUPP-NEG-V1-001,secded_double_bit,P1,stage1_word_pos0,11+54,codeword_bits,,0,1,0,0,detected_uncorrectable
SUPP-NEG-V1-001,secded_double_bit,P1,stage1_word_pos0,11+55,codeword_bits,,0,1,0,0,detected_uncorrectable
SUPP-NEG-V1-001,secded_double_bit,P1,stage1_word_pos0,11+56,codeword_bits,,0,1,0,0,detected_uncorrectable
SUPP-NEG-V1-001,secded_double_bit,P1,stage1_word_pos0,11+57,codeword_bits,,0,1,0,0,detected_uncorrectable
SUPP-NEG-V1-001,secded_double_bit,P1,stage1_word_pos0,11+58,codeword_bits,,0,1,0,0,detected_uncorrectable
SUPP-NEG-V1-001,secded_double_bit,P1,stage1_word_pos0,11+59,codeword_bits,,0,1,0,0,detected_uncorrectable
SUPP-NEG-V1-001,secded_double_bit,P1,stage1_word_pos0,11+60,codeword_bits,,0,1,0,0,detected_uncorrectable
SUPP-NEG-V1-001,secded_double_bit,P1,stage1_word_pos0,11+61,codeword_bits,,0,1,0,0,detected_uncorrectable
SUPP-NEG-V1-001,secded_double_bit,P1,stage1_word_pos0,11+62,codeword_bits,,0,1,0,0,detected_uncorrectable
SUPP-NEG-V1-001,secded_double_bit,P1,stage1_word_pos0,11+63,codeword_bits,,0,1,0,0,detected_uncorrectable
SUPP-NEG-V1-001,secded_double_bit,P1,stage1_word_pos0,11+64,codeword_bits,,0,1,0,0,detected_uncorrectable
SUPP-NEG-V1-001,secded_double_bit,P1,stage1_word_pos0,11+65,codeword_bits,,0,1,0,0,detected_uncorrectable
SUPP-NEG-V1-001,secded_double_bit,P1,stage1_word_pos0,11+66,codeword_bits,,0,1,0,0,detected_uncorrectable
SUPP-NEG-V1-001,secded_double_bit,P1,stage1_word_pos0,11+67,codeword_bits,,0,1,0,0,detected_uncorrectable
SUPP-NEG-V1-001,secded_double_bit,P1,stage1_word_pos0,11+68,codeword_bits,,0,1,0,0,detected_uncorrectable
SUPP-NEG-V1-001,secded_double_bit,P1,stage1_word_pos0,11+69,codeword_bits,,0,1,0,0,detected_uncorrectable
SUPP-NEG-V1-001,secded_double_bit,P1,stage1_word_pos0,11+70,codeword_bits,,0,1,0,0,detected_uncorrectable
SUPP-NEG-V1-001,secded_double_bit,P1,stage1_word_pos0,11+71,codeword_bits,,0,1,0,0,detected_uncorrectable
SUPP-NEG-V1-001,secded_double_bit,P1,stage1_word_pos0,11+72,codeword_bits,,0,1,0,0,detected_uncorrectable
SUPP-NEG-V1-001,secded_double_bit,P1,stage1_word_pos0,11+73,codeword_bits,,0,1,0,0,detected_uncorrectable
SUPP-NEG-V1-001,secded_double_bit,P1,stage1_word_pos0,11+74,codeword_bits,,0,1,0,0,detected_uncorrectable
SUPP-NEG-V1-001,secded_double_bit,P1,stage1_word_pos0,11+75,codeword_bits,,0,1,0,0,detected_uncorrectable
SUPP-NEG-V1-001,secded_double_bit,P1,stage1_word_pos0,11+76,codeword_bits,,0,1,0,0,detected_uncorrectable
SUPP-NEG-V1-001,secded_double_bit,P1,stage1_word_pos0,11+77,codeword_bits,,0,1,0,0,detected_uncorrectable
SUPP-NEG-V1-001,secded_double_bit,P1,stage1_word_pos0,12+13,codeword_bits,,0,1,0,0,detected_uncorrectable
SUPP-NEG-V1-001,secded_double_bit,P1,stage1_word_pos0,12+14,codeword_bits,,0,1,0,0,detected_uncorrectable
SUPP-NEG-V1-001,secded_double_bit,P1,stage1_word_pos0,12+15,codeword_bits,,0,1,0,0,detected_uncorrectable
SUPP-NEG-V1-001,secded_double_bit,P1,stage1_word_pos0,12+16,codeword_bits,,0,1,0,0,detected_uncorrectable
SUPP-NEG-V1-001,secded_double_bit,P1,stage1_word_pos0,12+17,codeword_bits,,0,1,0,0,detected_uncorrectable
SUPP-NEG-V1-001,secded_double_bit,P1,stage1_word_pos0,12+18,codeword_bits,,0,1,0,0,detected_uncorrectable
SUPP-NEG-V1-001,secded_double_bit,P1,stage1_word_pos0,12+19,codeword_bits,,0,1,0,0,detected_uncorrectable
SUPP-NEG-V1-001,secded_double_bit,P1,stage1_word_pos0,12+20,codeword_bits,,0,1,0,0,detected_uncorrectable
SUPP-NEG-V1-001,secded_double_bit,P1,stage1_word_pos0,12+21,codeword_bits,,0,1,0,0,detected_uncorrectable
SUPP-NEG-V1-001,secded_double_bit,P1,stage1_word_pos0,12+22,codeword_bits,,0,1,0,0,detected_uncorrectable
SUPP-NEG-V1-001,secded_double_bit,P1,stage1_word_pos0,12+23,codeword_bits,,0,1,0,0,detected_uncorrectable
SUPP-NEG-V1-001,secded_double_bit,P1,stage1_word_pos0,12+24,codeword_bits,,0,1,0,0,detected_uncorrectable
SUPP-NEG-V1-001,secded_double_bit,P1,stage1_word_pos0,12+25,codeword_bits,,0,1,0,0,detected_uncorrectable
SUPP-NEG-V1-001,secded_double_bit,P1,stage1_word_pos0,12+26,codeword_bits,,0,1,0,0,detected_uncorrectable
SUPP-NEG-V1-001,secded_double_bit,P1,stage1_word_pos0,12+27,codeword_bits,,0,1,0,0,detected_uncorrectable
SUPP-NEG-V1-001,secded_double_bit,P1,stage1_word_pos0,12+28,codeword_bits,,0,1,0,0,detected_uncorrectable
SUPP-NEG-V1-001,secded_double_bit,P1,stage1_word_pos0,12+29,codeword_bits,,0,1,0,0,detected_uncorrectable
SUPP-NEG-V1-001,secded_double_bit,P1,stage1_word_pos0,12+30,codeword_bits,,0,1,0,0,detected_uncorrectable
SUPP-NEG-V1-001,secded_double_bit,P1,stage1_word_pos0,12+31,codeword_bits,,0,1,0,0,detected_uncorrectable
SUPP-NEG-V1-001,secded_double_bit,P1,stage1_word_pos0,12+32,codeword_bits,,0,1,0,0,detected_uncorrectable
SUPP-NEG-V1-001,secded_double_bit,P1,stage1_word_pos0,12+33,codeword_bits,,0,1,0,0,detected_uncorrectable
SUPP-NEG-V1-001,secded_double_bit,P1,stage1_word_pos0,12+34,codeword_bits,,0,1,0,0,detected_uncorrectable
SUPP-NEG-V1-001,secded_double_bit,P1,stage1_word_pos0,12+35,codeword_bits,,0,1,0,0,detected_uncorrectable
SUPP-NEG-V1-001,secded_double_bit,P1,stage1_word_pos0,12+36,codeword_bits,,0,1,0,0,detected_uncorrectable
SUPP-NEG-V1-001,secded_double_bit,P1,stage1_word_pos0,12+37,codeword_bits,,0,1,0,0,detected_uncorrectable
SUPP-NEG-V1-001,secded_double_bit,P1,stage1_word_pos0,12+38,codeword_bits,,0,1,0,0,detected_uncorrectable
SUPP-NEG-V1-001,secded_double_bit,P1,stage1_word_pos0,12+39,codeword_bits,,0,1,0,0,detected_uncorrectable
SUPP-NEG-V1-001,secded_double_bit,P1,stage1_word_pos0,12+40,codeword_bits,,0,1,0,0,detected_uncorrectable
SUPP-NEG-V1-001,secded_double_bit,P1,stage1_word_pos0,12+41,codeword_bits,,0,1,0,0,detected_uncorrectable
SUPP-NEG-V1-001,secded_double_bit,P1,stage1_word_pos0,12+42,codeword_bits,,0,1,0,0,detected_uncorrectable
SUPP-NEG-V1-001,secded_double_bit,P1,stage1_word_pos0,12+43,codeword_bits,,0,1,0,0,detected_uncorrectable
SUPP-NEG-V1-001,secded_double_bit,P1,stage1_word_pos0,12+44,codeword_bits,,0,1,0,0,detected_uncorrectable
SUPP-NEG-V1-001,secded_double_bit,P1,stage1_word_pos0,12+45,codeword_bits,,0,1,0,0,detected_uncorrectable
SUPP-NEG-V1-001,secded_double_bit,P1,stage1_word_pos0,12+46,codeword_bits,,0,1,0,0,detected_uncorrectable
SUPP-NEG-V1-001,secded_double_bit,P1,stage1_word_pos0,12+47,codeword_bits,,0,1,0,0,detected_uncorrectable
SUPP-NEG-V1-001,secded_double_bit,P1,stage1_word_pos0,12+48,codeword_bits,,0,1,0,0,detected_uncorrectable
SUPP-NEG-V1-001,secded_double_bit,P1,stage1_word_pos0,12+49,codeword_bits,,0,1,0,0,detected_uncorrectable
SUPP-NEG-V1-001,secded_double_bit,P1,stage1_word_pos0,12+50,codeword_bits,,0,1,0,0,detected_uncorrectable
SUPP-NEG-V1-001,secded_double_bit,P1,stage1_word_pos0,12+51,codeword_bits,,0,1,0,0,detected_uncorrectable
SUPP-NEG-V1-001,secded_double_bit,P1,stage1_word_pos0,12+52,codeword_bits,,0,1,0,0,detected_uncorrectable
SUPP-NEG-V1-001,secded_double_bit,P1,stage1_word_pos0,12+53,codeword_bits,,0,1,0,0,detected_uncorrectable
SUPP-NEG-V1-001,secded_double_bit,P1,stage1_word_pos0,12+54,codeword_bits,,0,1,0,0,detected_uncorrectable
SUPP-NEG-V1-001,secded_double_bit,P1,stage1_word_pos0,12+55,codeword_bits,,0,1,0,0,detected_uncorrectable
SUPP-NEG-V1-001,secded_double_bit,P1,stage1_word_pos0,12+56,codeword_bits,,0,1,0,0,detected_uncorrectable
SUPP-NEG-V1-001,secded_double_bit,P1,stage1_word_pos0,12+57,codeword_bits,,0,1,0,0,detected_uncorrectable
SUPP-NEG-V1-001,secded_double_bit,P1,stage1_word_pos0,12+58,codeword_bits,,0,1,0,0,detected_uncorrectable
SUPP-NEG-V1-001,secded_double_bit,P1,stage1_word_pos0,12+59,codeword_bits,,0,1,0,0,detected_uncorrectable
SUPP-NEG-V1-001,secded_double_bit,P1,stage1_word_pos0,12+60,codeword_bits,,0,1,0,0,detected_uncorrectable
SUPP-NEG-V1-001,secded_double_bit,P1,stage1_word_pos0,12+61,codeword_bits,,0,1,0,0,detected_uncorrectable
SUPP-NEG-V1-001,secded_double_bit,P1,stage1_word_pos0,12+62,codeword_bits,,0,1,0,0,detected_uncorrectable
SUPP-NEG-V1-001,secded_double_bit,P1,stage1_word_pos0,12+63,codeword_bits,,0,1,0,0,detected_uncorrectable
SUPP-NEG-V1-001,secded_double_bit,P1,stage1_word_pos0,12+64,codeword_bits,,0,1,0,0,detected_uncorrectable
SUPP-NEG-V1-001,secded_double_bit,P1,stage1_word_pos0,12+65,codeword_bits,,0,1,0,0,detected_uncorrectable
SUPP-NEG-V1-001,secded_double_bit,P1,stage1_word_pos0,12+66,codeword_bits,,0,1,0,0,detected_uncorrectable
SUPP-NEG-V1-001,secded_double_bit,P1,stage1_word_pos0,12+67,codeword_bits,,0,1,0,0,detected_uncorrectable
SUPP-NEG-V1-001,secded_double_bit,P1,stage1_word_pos0,12+68,codeword_bits,,0,1,0,0,detected_uncorrectable
SUPP-NEG-V1-001,secded_double_bit,P1,stage1_word_pos0,12+69,codeword_bits,,0,1,0,0,detected_uncorrectable
SUPP-NEG-V1-001,secded_double_bit,P1,stage1_word_pos0,12+70,codeword_bits,,0,1,0,0,detected_uncorrectable
SUPP-NEG-V1-001,secded_double_bit,P1,stage1_word_pos0,12+71,codeword_bits,,0,1,0,0,detected_uncorrectable
SUPP-NEG-V1-001,secded_double_bit,P1,stage1_word_pos0,12+72,codeword_bits,,0,1,0,0,detected_uncorrectable
SUPP-NEG-V1-001,secded_double_bit,P1,stage1_word_pos0,12+73,codeword_bits,,0,1,0,0,detected_uncorrectable
SUPP-NEG-V1-001,secded_double_bit,P1,stage1_word_pos0,12+74,codeword_bits,,0,1,0,0,detected_uncorrectable
SUPP-NEG-V1-001,secded_double_bit,P1,stage1_word_pos0,12+75,codeword_bits,,0,1,0,0,detected_uncorrectable
SUPP-NEG-V1-001,secded_double_bit,P1,stage1_word_pos0,12+76,codeword_bits,,0,1,0,0,detected_uncorrectable
SUPP-NEG-V1-001,secded_double_bit,P1,stage1_word_pos0,12+77,codeword_bits,,0,1,0,0,detected_uncorrectable
SUPP-NEG-V1-001,secded_double_bit,P1,stage1_word_pos0,13+14,codeword_bits,,0,1,0,0,detected_uncorrectable
SUPP-NEG-V1-001,secded_double_bit,P1,stage1_word_pos0,13+15,codeword_bits,,0,1,0,0,detected_uncorrectable
SUPP-NEG-V1-001,secded_double_bit,P1,stage1_word_pos0,13+16,codeword_bits,,0,1,0,0,detected_uncorrectable
SUPP-NEG-V1-001,secded_double_bit,P1,stage1_word_pos0,13+17,codeword_bits,,0,1,0,0,detected_uncorrectable
SUPP-NEG-V1-001,secded_double_bit,P1,stage1_word_pos0,13+18,codeword_bits,,0,1,0,0,detected_uncorrectable
SUPP-NEG-V1-001,secded_double_bit,P1,stage1_word_pos0,13+19,codeword_bits,,0,1,0,0,detected_uncorrectable
SUPP-NEG-V1-001,secded_double_bit,P1,stage1_word_pos0,13+20,codeword_bits,,0,1,0,0,detected_uncorrectable
SUPP-NEG-V1-001,secded_double_bit,P1,stage1_word_pos0,13+21,codeword_bits,,0,1,0,0,detected_uncorrectable
SUPP-NEG-V1-001,secded_double_bit,P1,stage1_word_pos0,13+22,codeword_bits,,0,1,0,0,detected_uncorrectable
SUPP-NEG-V1-001,secded_double_bit,P1,stage1_word_pos0,13+23,codeword_bits,,0,1,0,0,detected_uncorrectable
SUPP-NEG-V1-001,secded_double_bit,P1,stage1_word_pos0,13+24,codeword_bits,,0,1,0,0,detected_uncorrectable
SUPP-NEG-V1-001,secded_double_bit,P1,stage1_word_pos0,13+25,codeword_bits,,0,1,0,0,detected_uncorrectable
SUPP-NEG-V1-001,secded_double_bit,P1,stage1_word_pos0,13+26,codeword_bits,,0,1,0,0,detected_uncorrectable
SUPP-NEG-V1-001,secded_double_bit,P1,stage1_word_pos0,13+27,codeword_bits,,0,1,0,0,detected_uncorrectable
SUPP-NEG-V1-001,secded_double_bit,P1,stage1_word_pos0,13+28,codeword_bits,,0,1,0,0,detected_uncorrectable
SUPP-NEG-V1-001,secded_double_bit,P1,stage1_word_pos0,13+29,codeword_bits,,0,1,0,0,detected_uncorrectable
SUPP-NEG-V1-001,secded_double_bit,P1,stage1_word_pos0,13+30,codeword_bits,,0,1,0,0,detected_uncorrectable
SUPP-NEG-V1-001,secded_double_bit,P1,stage1_word_pos0,13+31,codeword_bits,,0,1,0,0,detected_uncorrectable
SUPP-NEG-V1-001,secded_double_bit,P1,stage1_word_pos0,13+32,codeword_bits,,0,1,0,0,detected_uncorrectable
SUPP-NEG-V1-001,secded_double_bit,P1,stage1_word_pos0,13+33,codeword_bits,,0,1,0,0,detected_uncorrectable
SUPP-NEG-V1-001,secded_double_bit,P1,stage1_word_pos0,13+34,codeword_bits,,0,1,0,0,detected_uncorrectable
SUPP-NEG-V1-001,secded_double_bit,P1,stage1_word_pos0,13+35,codeword_bits,,0,1,0,0,detected_uncorrectable
SUPP-NEG-V1-001,secded_double_bit,P1,stage1_word_pos0,13+36,codeword_bits,,0,1,0,0,detected_uncorrectable
SUPP-NEG-V1-001,secded_double_bit,P1,stage1_word_pos0,13+37,codeword_bits,,0,1,0,0,detected_uncorrectable
SUPP-NEG-V1-001,secded_double_bit,P1,stage1_word_pos0,13+38,codeword_bits,,0,1,0,0,detected_uncorrectable
SUPP-NEG-V1-001,secded_double_bit,P1,stage1_word_pos0,13+39,codeword_bits,,0,1,0,0,detected_uncorrectable
SUPP-NEG-V1-001,secded_double_bit,P1,stage1_word_pos0,13+40,codeword_bits,,0,1,0,0,detected_uncorrectable
SUPP-NEG-V1-001,secded_double_bit,P1,stage1_word_pos0,13+41,codeword_bits,,0,1,0,0,detected_uncorrectable
SUPP-NEG-V1-001,secded_double_bit,P1,stage1_word_pos0,13+42,codeword_bits,,0,1,0,0,detected_uncorrectable
SUPP-NEG-V1-001,secded_double_bit,P1,stage1_word_pos0,13+43,codeword_bits,,0,1,0,0,detected_uncorrectable
SUPP-NEG-V1-001,secded_double_bit,P1,stage1_word_pos0,13+44,codeword_bits,,0,1,0,0,detected_uncorrectable
SUPP-NEG-V1-001,secded_double_bit,P1,stage1_word_pos0,13+45,codeword_bits,,0,1,0,0,detected_uncorrectable
SUPP-NEG-V1-001,secded_double_bit,P1,stage1_word_pos0,13+46,codeword_bits,,0,1,0,0,detected_uncorrectable
SUPP-NEG-V1-001,secded_double_bit,P1,stage1_word_pos0,13+47,codeword_bits,,0,1,0,0,detected_uncorrectable
SUPP-NEG-V1-001,secded_double_bit,P1,stage1_word_pos0,13+48,codeword_bits,,0,1,0,0,detected_uncorrectable
SUPP-NEG-V1-001,secded_double_bit,P1,stage1_word_pos0,13+49,codeword_bits,,0,1,0,0,detected_uncorrectable
SUPP-NEG-V1-001,secded_double_bit,P1,stage1_word_pos0,13+50,codeword_bits,,0,1,0,0,detected_uncorrectable
SUPP-NEG-V1-001,secded_double_bit,P1,stage1_word_pos0,13+51,codeword_bits,,0,1,0,0,detected_uncorrectable
SUPP-NEG-V1-001,secded_double_bit,P1,stage1_word_pos0,13+52,codeword_bits,,0,1,0,0,detected_uncorrectable
SUPP-NEG-V1-001,secded_double_bit,P1,stage1_word_pos0,13+53,codeword_bits,,0,1,0,0,detected_uncorrectable
SUPP-NEG-V1-001,secded_double_bit,P1,stage1_word_pos0,13+54,codeword_bits,,0,1,0,0,detected_uncorrectable
SUPP-NEG-V1-001,secded_double_bit,P1,stage1_word_pos0,13+55,codeword_bits,,0,1,0,0,detected_uncorrectable
SUPP-NEG-V1-001,secded_double_bit,P1,stage1_word_pos0,13+56,codeword_bits,,0,1,0,0,detected_uncorrectable
SUPP-NEG-V1-001,secded_double_bit,P1,stage1_word_pos0,13+57,codeword_bits,,0,1,0,0,detected_uncorrectable
SUPP-NEG-V1-001,secded_double_bit,P1,stage1_word_pos0,13+58,codeword_bits,,0,1,0,0,detected_uncorrectable
SUPP-NEG-V1-001,secded_double_bit,P1,stage1_word_pos0,13+59,codeword_bits,,0,1,0,0,detected_uncorrectable
SUPP-NEG-V1-001,secded_double_bit,P1,stage1_word_pos0,13+60,codeword_bits,,0,1,0,0,detected_uncorrectable
SUPP-NEG-V1-001,secded_double_bit,P1,stage1_word_pos0,13+61,codeword_bits,,0,1,0,0,detected_uncorrectable
SUPP-NEG-V1-001,secded_double_bit,P1,stage1_word_pos0,13+62,codeword_bits,,0,1,0,0,detected_uncorrectable
SUPP-NEG-V1-001,secded_double_bit,P1,stage1_word_pos0,13+63,codeword_bits,,0,1,0,0,detected_uncorrectable
SUPP-NEG-V1-001,secded_double_bit,P1,stage1_word_pos0,13+64,codeword_bits,,0,1,0,0,detected_uncorrectable
SUPP-NEG-V1-001,secded_double_bit,P1,stage1_word_pos0,13+65,codeword_bits,,0,1,0,0,detected_uncorrectable
SUPP-NEG-V1-001,secded_double_bit,P1,stage1_word_pos0,13+66,codeword_bits,,0,1,0,0,detected_uncorrectable
SUPP-NEG-V1-001,secded_double_bit,P1,stage1_word_pos0,13+67,codeword_bits,,0,1,0,0,detected_uncorrectable
SUPP-NEG-V1-001,secded_double_bit,P1,stage1_word_pos0,13+68,codeword_bits,,0,1,0,0,detected_uncorrectable
SUPP-NEG-V1-001,secded_double_bit,P1,stage1_word_pos0,13+69,codeword_bits,,0,1,0,0,detected_uncorrectable
SUPP-NEG-V1-001,secded_double_bit,P1,stage1_word_pos0,13+70,codeword_bits,,0,1,0,0,detected_uncorrectable
SUPP-NEG-V1-001,secded_double_bit,P1,stage1_word_pos0,13+71,codeword_bits,,0,1,0,0,detected_uncorrectable
SUPP-NEG-V1-001,secded_double_bit,P1,stage1_word_pos0,13+72,codeword_bits,,0,1,0,0,detected_uncorrectable
SUPP-NEG-V1-001,secded_double_bit,P1,stage1_word_pos0,13+73,codeword_bits,,0,1,0,0,detected_uncorrectable
SUPP-NEG-V1-001,secded_double_bit,P1,stage1_word_pos0,13+74,codeword_bits,,0,1,0,0,detected_uncorrectable
SUPP-NEG-V1-001,secded_double_bit,P1,stage1_word_pos0,13+75,codeword_bits,,0,1,0,0,detected_uncorrectable
SUPP-NEG-V1-001,secded_double_bit,P1,stage1_word_pos0,13+76,codeword_bits,,0,1,0,0,detected_uncorrectable
SUPP-NEG-V1-001,secded_double_bit,P1,stage1_word_pos0,13+77,codeword_bits,,0,1,0,0,detected_uncorrectable
SUPP-NEG-V1-001,secded_double_bit,P1,stage1_word_pos0,14+15,codeword_bits,,0,1,0,0,detected_uncorrectable
SUPP-NEG-V1-001,secded_double_bit,P1,stage1_word_pos0,14+16,codeword_bits,,0,1,0,0,detected_uncorrectable
SUPP-NEG-V1-001,secded_double_bit,P1,stage1_word_pos0,14+17,codeword_bits,,0,1,0,0,detected_uncorrectable
SUPP-NEG-V1-001,secded_double_bit,P1,stage1_word_pos0,14+18,codeword_bits,,0,1,0,0,detected_uncorrectable
SUPP-NEG-V1-001,secded_double_bit,P1,stage1_word_pos0,14+19,codeword_bits,,0,1,0,0,detected_uncorrectable
SUPP-NEG-V1-001,secded_double_bit,P1,stage1_word_pos0,14+20,codeword_bits,,0,1,0,0,detected_uncorrectable
SUPP-NEG-V1-001,secded_double_bit,P1,stage1_word_pos0,14+21,codeword_bits,,0,1,0,0,detected_uncorrectable
SUPP-NEG-V1-001,secded_double_bit,P1,stage1_word_pos0,14+22,codeword_bits,,0,1,0,0,detected_uncorrectable
SUPP-NEG-V1-001,secded_double_bit,P1,stage1_word_pos0,14+23,codeword_bits,,0,1,0,0,detected_uncorrectable
SUPP-NEG-V1-001,secded_double_bit,P1,stage1_word_pos0,14+24,codeword_bits,,0,1,0,0,detected_uncorrectable
SUPP-NEG-V1-001,secded_double_bit,P1,stage1_word_pos0,14+25,codeword_bits,,0,1,0,0,detected_uncorrectable
SUPP-NEG-V1-001,secded_double_bit,P1,stage1_word_pos0,14+26,codeword_bits,,0,1,0,0,detected_uncorrectable
SUPP-NEG-V1-001,secded_double_bit,P1,stage1_word_pos0,14+27,codeword_bits,,0,1,0,0,detected_uncorrectable
SUPP-NEG-V1-001,secded_double_bit,P1,stage1_word_pos0,14+28,codeword_bits,,0,1,0,0,detected_uncorrectable
SUPP-NEG-V1-001,secded_double_bit,P1,stage1_word_pos0,14+29,codeword_bits,,0,1,0,0,detected_uncorrectable
SUPP-NEG-V1-001,secded_double_bit,P1,stage1_word_pos0,14+30,codeword_bits,,0,1,0,0,detected_uncorrectable
SUPP-NEG-V1-001,secded_double_bit,P1,stage1_word_pos0,14+31,codeword_bits,,0,1,0,0,detected_uncorrectable
SUPP-NEG-V1-001,secded_double_bit,P1,stage1_word_pos0,14+32,codeword_bits,,0,1,0,0,detected_uncorrectable
SUPP-NEG-V1-001,secded_double_bit,P1,stage1_word_pos0,14+33,codeword_bits,,0,1,0,0,detected_uncorrectable
SUPP-NEG-V1-001,secded_double_bit,P1,stage1_word_pos0,14+34,codeword_bits,,0,1,0,0,detected_uncorrectable
SUPP-NEG-V1-001,secded_double_bit,P1,stage1_word_pos0,14+35,codeword_bits,,0,1,0,0,detected_uncorrectable
SUPP-NEG-V1-001,secded_double_bit,P1,stage1_word_pos0,14+36,codeword_bits,,0,1,0,0,detected_uncorrectable
SUPP-NEG-V1-001,secded_double_bit,P1,stage1_word_pos0,14+37,codeword_bits,,0,1,0,0,detected_uncorrectable
SUPP-NEG-V1-001,secded_double_bit,P1,stage1_word_pos0,14+38,codeword_bits,,0,1,0,0,detected_uncorrectable
SUPP-NEG-V1-001,secded_double_bit,P1,stage1_word_pos0,14+39,codeword_bits,,0,1,0,0,detected_uncorrectable
SUPP-NEG-V1-001,secded_double_bit,P1,stage1_word_pos0,14+40,codeword_bits,,0,1,0,0,detected_uncorrectable
SUPP-NEG-V1-001,secded_double_bit,P1,stage1_word_pos0,14+41,codeword_bits,,0,1,0,0,detected_uncorrectable
SUPP-NEG-V1-001,secded_double_bit,P1,stage1_word_pos0,14+42,codeword_bits,,0,1,0,0,detected_uncorrectable
SUPP-NEG-V1-001,secded_double_bit,P1,stage1_word_pos0,14+43,codeword_bits,,0,1,0,0,detected_uncorrectable
SUPP-NEG-V1-001,secded_double_bit,P1,stage1_word_pos0,14+44,codeword_bits,,0,1,0,0,detected_uncorrectable
SUPP-NEG-V1-001,secded_double_bit,P1,stage1_word_pos0,14+45,codeword_bits,,0,1,0,0,detected_uncorrectable
SUPP-NEG-V1-001,secded_double_bit,P1,stage1_word_pos0,14+46,codeword_bits,,0,1,0,0,detected_uncorrectable
SUPP-NEG-V1-001,secded_double_bit,P1,stage1_word_pos0,14+47,codeword_bits,,0,1,0,0,detected_uncorrectable
SUPP-NEG-V1-001,secded_double_bit,P1,stage1_word_pos0,14+48,codeword_bits,,0,1,0,0,detected_uncorrectable
SUPP-NEG-V1-001,secded_double_bit,P1,stage1_word_pos0,14+49,codeword_bits,,0,1,0,0,detected_uncorrectable
SUPP-NEG-V1-001,secded_double_bit,P1,stage1_word_pos0,14+50,codeword_bits,,0,1,0,0,detected_uncorrectable
SUPP-NEG-V1-001,secded_double_bit,P1,stage1_word_pos0,14+51,codeword_bits,,0,1,0,0,detected_uncorrectable
SUPP-NEG-V1-001,secded_double_bit,P1,stage1_word_pos0,14+52,codeword_bits,,0,1,0,0,detected_uncorrectable
SUPP-NEG-V1-001,secded_double_bit,P1,stage1_word_pos0,14+53,codeword_bits,,0,1,0,0,detected_uncorrectable
SUPP-NEG-V1-001,secded_double_bit,P1,stage1_word_pos0,14+54,codeword_bits,,0,1,0,0,detected_uncorrectable
SUPP-NEG-V1-001,secded_double_bit,P1,stage1_word_pos0,14+55,codeword_bits,,0,1,0,0,detected_uncorrectable
SUPP-NEG-V1-001,secded_double_bit,P1,stage1_word_pos0,14+56,codeword_bits,,0,1,0,0,detected_uncorrectable
SUPP-NEG-V1-001,secded_double_bit,P1,stage1_word_pos0,14+57,codeword_bits,,0,1,0,0,detected_uncorrectable
SUPP-NEG-V1-001,secded_double_bit,P1,stage1_word_pos0,14+58,codeword_bits,,0,1,0,0,detected_uncorrectable
SUPP-NEG-V1-001,secded_double_bit,P1,stage1_word_pos0,14+59,codeword_bits,,0,1,0,0,detected_uncorrectable
SUPP-NEG-V1-001,secded_double_bit,P1,stage1_word_pos0,14+60,codeword_bits,,0,1,0,0,detected_uncorrectable
SUPP-NEG-V1-001,secded_double_bit,P1,stage1_word_pos0,14+61,codeword_bits,,0,1,0,0,detected_uncorrectable
SUPP-NEG-V1-001,secded_double_bit,P1,stage1_word_pos0,14+62,codeword_bits,,0,1,0,0,detected_uncorrectable
SUPP-NEG-V1-001,secded_double_bit,P1,stage1_word_pos0,14+63,codeword_bits,,0,1,0,0,detected_uncorrectable
SUPP-NEG-V1-001,secded_double_bit,P1,stage1_word_pos0,14+64,codeword_bits,,0,1,0,0,detected_uncorrectable
SUPP-NEG-V1-001,secded_double_bit,P1,stage1_word_pos0,14+65,codeword_bits,,0,1,0,0,detected_uncorrectable
SUPP-NEG-V1-001,secded_double_bit,P1,stage1_word_pos0,14+66,codeword_bits,,0,1,0,0,detected_uncorrectable
SUPP-NEG-V1-001,secded_double_bit,P1,stage1_word_pos0,14+67,codeword_bits,,0,1,0,0,detected_uncorrectable
SUPP-NEG-V1-001,secded_double_bit,P1,stage1_word_pos0,14+68,codeword_bits,,0,1,0,0,detected_uncorrectable
SUPP-NEG-V1-001,secded_double_bit,P1,stage1_word_pos0,14+69,codeword_bits,,0,1,0,0,detected_uncorrectable
SUPP-NEG-V1-001,secded_double_bit,P1,stage1_word_pos0,14+70,codeword_bits,,0,1,0,0,detected_uncorrectable
SUPP-NEG-V1-001,secded_double_bit,P1,stage1_word_pos0,14+71,codeword_bits,,0,1,0,0,detected_uncorrectable
SUPP-NEG-V1-001,secded_double_bit,P1,stage1_word_pos0,14+72,codeword_bits,,0,1,0,0,detected_uncorrectable
SUPP-NEG-V1-001,secded_double_bit,P1,stage1_word_pos0,14+73,codeword_bits,,0,1,0,0,detected_uncorrectable
SUPP-NEG-V1-001,secded_double_bit,P1,stage1_word_pos0,14+74,codeword_bits,,0,1,0,0,detected_uncorrectable
SUPP-NEG-V1-001,secded_double_bit,P1,stage1_word_pos0,14+75,codeword_bits,,0,1,0,0,detected_uncorrectable
SUPP-NEG-V1-001,secded_double_bit,P1,stage1_word_pos0,14+76,codeword_bits,,0,1,0,0,detected_uncorrectable
SUPP-NEG-V1-001,secded_double_bit,P1,stage1_word_pos0,14+77,codeword_bits,,0,1,0,0,detected_uncorrectable
SUPP-NEG-V1-001,secded_double_bit,P1,stage1_word_pos0,15+16,codeword_bits,,0,1,0,0,detected_uncorrectable
SUPP-NEG-V1-001,secded_double_bit,P1,stage1_word_pos0,15+17,codeword_bits,,0,1,0,0,detected_uncorrectable
SUPP-NEG-V1-001,secded_double_bit,P1,stage1_word_pos0,15+18,codeword_bits,,0,1,0,0,detected_uncorrectable
SUPP-NEG-V1-001,secded_double_bit,P1,stage1_word_pos0,15+19,codeword_bits,,0,1,0,0,detected_uncorrectable
SUPP-NEG-V1-001,secded_double_bit,P1,stage1_word_pos0,15+20,codeword_bits,,0,1,0,0,detected_uncorrectable
SUPP-NEG-V1-001,secded_double_bit,P1,stage1_word_pos0,15+21,codeword_bits,,0,1,0,0,detected_uncorrectable
SUPP-NEG-V1-001,secded_double_bit,P1,stage1_word_pos0,15+22,codeword_bits,,0,1,0,0,detected_uncorrectable
SUPP-NEG-V1-001,secded_double_bit,P1,stage1_word_pos0,15+23,codeword_bits,,0,1,0,0,detected_uncorrectable
SUPP-NEG-V1-001,secded_double_bit,P1,stage1_word_pos0,15+24,codeword_bits,,0,1,0,0,detected_uncorrectable
SUPP-NEG-V1-001,secded_double_bit,P1,stage1_word_pos0,15+25,codeword_bits,,0,1,0,0,detected_uncorrectable
SUPP-NEG-V1-001,secded_double_bit,P1,stage1_word_pos0,15+26,codeword_bits,,0,1,0,0,detected_uncorrectable
SUPP-NEG-V1-001,secded_double_bit,P1,stage1_word_pos0,15+27,codeword_bits,,0,1,0,0,detected_uncorrectable
SUPP-NEG-V1-001,secded_double_bit,P1,stage1_word_pos0,15+28,codeword_bits,,0,1,0,0,detected_uncorrectable
SUPP-NEG-V1-001,secded_double_bit,P1,stage1_word_pos0,15+29,codeword_bits,,0,1,0,0,detected_uncorrectable
SUPP-NEG-V1-001,secded_double_bit,P1,stage1_word_pos0,15+30,codeword_bits,,0,1,0,0,detected_uncorrectable
SUPP-NEG-V1-001,secded_double_bit,P1,stage1_word_pos0,15+31,codeword_bits,,0,1,0,1,detected_uncorrectable
SUPP-NEG-V1-001,secded_double_bit,P1,stage1_word_pos0,15+32,codeword_bits,,0,1,0,0,detected_uncorrectable
SUPP-NEG-V1-001,secded_double_bit,P1,stage1_word_pos0,15+33,codeword_bits,,0,1,0,0,detected_uncorrectable
SUPP-NEG-V1-001,secded_double_bit,P1,stage1_word_pos0,15+34,codeword_bits,,0,1,0,0,detected_uncorrectable
SUPP-NEG-V1-001,secded_double_bit,P1,stage1_word_pos0,15+35,codeword_bits,,0,1,0,0,detected_uncorrectable
SUPP-NEG-V1-001,secded_double_bit,P1,stage1_word_pos0,15+36,codeword_bits,,0,1,0,0,detected_uncorrectable
SUPP-NEG-V1-001,secded_double_bit,P1,stage1_word_pos0,15+37,codeword_bits,,0,1,0,0,detected_uncorrectable
SUPP-NEG-V1-001,secded_double_bit,P1,stage1_word_pos0,15+38,codeword_bits,,0,1,0,0,detected_uncorrectable
SUPP-NEG-V1-001,secded_double_bit,P1,stage1_word_pos0,15+39,codeword_bits,,0,1,0,0,detected_uncorrectable
SUPP-NEG-V1-001,secded_double_bit,P1,stage1_word_pos0,15+40,codeword_bits,,0,1,0,0,detected_uncorrectable
SUPP-NEG-V1-001,secded_double_bit,P1,stage1_word_pos0,15+41,codeword_bits,,0,1,0,0,detected_uncorrectable
SUPP-NEG-V1-001,secded_double_bit,P1,stage1_word_pos0,15+42,codeword_bits,,0,1,0,0,detected_uncorrectable
SUPP-NEG-V1-001,secded_double_bit,P1,stage1_word_pos0,15+43,codeword_bits,,0,1,0,0,detected_uncorrectable
SUPP-NEG-V1-001,secded_double_bit,P1,stage1_word_pos0,15+44,codeword_bits,,0,1,0,0,detected_uncorrectable
SUPP-NEG-V1-001,secded_double_bit,P1,stage1_word_pos0,15+45,codeword_bits,,0,1,0,0,detected_uncorrectable
SUPP-NEG-V1-001,secded_double_bit,P1,stage1_word_pos0,15+46,codeword_bits,,0,1,0,0,detected_uncorrectable
SUPP-NEG-V1-001,secded_double_bit,P1,stage1_word_pos0,15+47,codeword_bits,,0,1,0,0,detected_uncorrectable
SUPP-NEG-V1-001,secded_double_bit,P1,stage1_word_pos0,15+48,codeword_bits,,0,1,0,0,detected_uncorrectable
SUPP-NEG-V1-001,secded_double_bit,P1,stage1_word_pos0,15+49,codeword_bits,,0,1,0,0,detected_uncorrectable
SUPP-NEG-V1-001,secded_double_bit,P1,stage1_word_pos0,15+50,codeword_bits,,0,1,0,0,detected_uncorrectable
SUPP-NEG-V1-001,secded_double_bit,P1,stage1_word_pos0,15+51,codeword_bits,,0,1,0,0,detected_uncorrectable
SUPP-NEG-V1-001,secded_double_bit,P1,stage1_word_pos0,15+52,codeword_bits,,0,1,0,0,detected_uncorrectable
SUPP-NEG-V1-001,secded_double_bit,P1,stage1_word_pos0,15+53,codeword_bits,,0,1,0,0,detected_uncorrectable
SUPP-NEG-V1-001,secded_double_bit,P1,stage1_word_pos0,15+54,codeword_bits,,0,1,0,0,detected_uncorrectable
SUPP-NEG-V1-001,secded_double_bit,P1,stage1_word_pos0,15+55,codeword_bits,,0,1,0,0,detected_uncorrectable
SUPP-NEG-V1-001,secded_double_bit,P1,stage1_word_pos0,15+56,codeword_bits,,0,1,0,0,detected_uncorrectable
SUPP-NEG-V1-001,secded_double_bit,P1,stage1_word_pos0,15+57,codeword_bits,,0,1,0,0,detected_uncorrectable
SUPP-NEG-V1-001,secded_double_bit,P1,stage1_word_pos0,15+58,codeword_bits,,0,1,0,0,detected_uncorrectable
SUPP-NEG-V1-001,secded_double_bit,P1,stage1_word_pos0,15+59,codeword_bits,,0,1,0,0,detected_uncorrectable
SUPP-NEG-V1-001,secded_double_bit,P1,stage1_word_pos0,15+60,codeword_bits,,0,1,0,0,detected_uncorrectable
SUPP-NEG-V1-001,secded_double_bit,P1,stage1_word_pos0,15+61,codeword_bits,,0,1,0,0,detected_uncorrectable
SUPP-NEG-V1-001,secded_double_bit,P1,stage1_word_pos0,15+62,codeword_bits,,0,1,0,0,detected_uncorrectable
SUPP-NEG-V1-001,secded_double_bit,P1,stage1_word_pos0,15+63,codeword_bits,,0,1,0,1,detected_uncorrectable
SUPP-NEG-V1-001,secded_double_bit,P1,stage1_word_pos0,15+64,codeword_bits,,0,1,0,0,detected_uncorrectable
SUPP-NEG-V1-001,secded_double_bit,P1,stage1_word_pos0,15+65,codeword_bits,,0,1,0,0,detected_uncorrectable
SUPP-NEG-V1-001,secded_double_bit,P1,stage1_word_pos0,15+66,codeword_bits,,0,1,0,0,detected_uncorrectable
SUPP-NEG-V1-001,secded_double_bit,P1,stage1_word_pos0,15+67,codeword_bits,,0,1,0,0,detected_uncorrectable
SUPP-NEG-V1-001,secded_double_bit,P1,stage1_word_pos0,15+68,codeword_bits,,0,1,0,0,detected_uncorrectable
SUPP-NEG-V1-001,secded_double_bit,P1,stage1_word_pos0,15+69,codeword_bits,,0,1,0,0,detected_uncorrectable
SUPP-NEG-V1-001,secded_double_bit,P1,stage1_word_pos0,15+70,codeword_bits,,0,1,0,0,detected_uncorrectable
SUPP-NEG-V1-001,secded_double_bit,P1,stage1_word_pos0,15+71,codeword_bits,,0,1,0,0,detected_uncorrectable
SUPP-NEG-V1-001,secded_double_bit,P1,stage1_word_pos0,15+72,codeword_bits,,0,1,0,0,detected_uncorrectable
SUPP-NEG-V1-001,secded_double_bit,P1,stage1_word_pos0,15+73,codeword_bits,,0,1,0,0,detected_uncorrectable
SUPP-NEG-V1-001,secded_double_bit,P1,stage1_word_pos0,15+74,codeword_bits,,0,1,0,0,detected_uncorrectable
SUPP-NEG-V1-001,secded_double_bit,P1,stage1_word_pos0,15+75,codeword_bits,,0,1,0,0,detected_uncorrectable
SUPP-NEG-V1-001,secded_double_bit,P1,stage1_word_pos0,15+76,codeword_bits,,0,1,0,0,detected_uncorrectable
SUPP-NEG-V1-001,secded_double_bit,P1,stage1_word_pos0,15+77,codeword_bits,,0,1,0,1,detected_uncorrectable
SUPP-NEG-V1-001,secded_double_bit,P1,stage1_word_pos0,16+17,codeword_bits,,0,1,0,0,detected_uncorrectable
SUPP-NEG-V1-001,secded_double_bit,P1,stage1_word_pos0,16+18,codeword_bits,,0,1,0,0,detected_uncorrectable
SUPP-NEG-V1-001,secded_double_bit,P1,stage1_word_pos0,16+19,codeword_bits,,0,1,0,0,detected_uncorrectable
SUPP-NEG-V1-001,secded_double_bit,P1,stage1_word_pos0,16+20,codeword_bits,,0,1,0,0,detected_uncorrectable
SUPP-NEG-V1-001,secded_double_bit,P1,stage1_word_pos0,16+21,codeword_bits,,0,1,0,0,detected_uncorrectable
SUPP-NEG-V1-001,secded_double_bit,P1,stage1_word_pos0,16+22,codeword_bits,,0,1,0,0,detected_uncorrectable
SUPP-NEG-V1-001,secded_double_bit,P1,stage1_word_pos0,16+23,codeword_bits,,0,1,0,0,detected_uncorrectable
SUPP-NEG-V1-001,secded_double_bit,P1,stage1_word_pos0,16+24,codeword_bits,,0,1,0,0,detected_uncorrectable
SUPP-NEG-V1-001,secded_double_bit,P1,stage1_word_pos0,16+25,codeword_bits,,0,1,0,0,detected_uncorrectable
SUPP-NEG-V1-001,secded_double_bit,P1,stage1_word_pos0,16+26,codeword_bits,,0,1,0,0,detected_uncorrectable
SUPP-NEG-V1-001,secded_double_bit,P1,stage1_word_pos0,16+27,codeword_bits,,0,1,0,0,detected_uncorrectable
SUPP-NEG-V1-001,secded_double_bit,P1,stage1_word_pos0,16+28,codeword_bits,,0,1,0,0,detected_uncorrectable
SUPP-NEG-V1-001,secded_double_bit,P1,stage1_word_pos0,16+29,codeword_bits,,0,1,0,0,detected_uncorrectable
SUPP-NEG-V1-001,secded_double_bit,P1,stage1_word_pos0,16+30,codeword_bits,,0,1,0,0,detected_uncorrectable
SUPP-NEG-V1-001,secded_double_bit,P1,stage1_word_pos0,16+31,codeword_bits,,0,1,0,0,detected_uncorrectable
SUPP-NEG-V1-001,secded_double_bit,P1,stage1_word_pos0,16+32,codeword_bits,,0,1,0,0,detected_uncorrectable
SUPP-NEG-V1-001,secded_double_bit,P1,stage1_word_pos0,16+33,codeword_bits,,0,1,0,0,detected_uncorrectable
SUPP-NEG-V1-001,secded_double_bit,P1,stage1_word_pos0,16+34,codeword_bits,,0,1,0,0,detected_uncorrectable
SUPP-NEG-V1-001,secded_double_bit,P1,stage1_word_pos0,16+35,codeword_bits,,0,1,0,0,detected_uncorrectable
SUPP-NEG-V1-001,secded_double_bit,P1,stage1_word_pos0,16+36,codeword_bits,,0,1,0,0,detected_uncorrectable
SUPP-NEG-V1-001,secded_double_bit,P1,stage1_word_pos0,16+37,codeword_bits,,0,1,0,0,detected_uncorrectable
SUPP-NEG-V1-001,secded_double_bit,P1,stage1_word_pos0,16+38,codeword_bits,,0,1,0,0,detected_uncorrectable
SUPP-NEG-V1-001,secded_double_bit,P1,stage1_word_pos0,16+39,codeword_bits,,0,1,0,0,detected_uncorrectable
SUPP-NEG-V1-001,secded_double_bit,P1,stage1_word_pos0,16+40,codeword_bits,,0,1,0,0,detected_uncorrectable
SUPP-NEG-V1-001,secded_double_bit,P1,stage1_word_pos0,16+41,codeword_bits,,0,1,0,0,detected_uncorrectable
SUPP-NEG-V1-001,secded_double_bit,P1,stage1_word_pos0,16+42,codeword_bits,,0,1,0,0,detected_uncorrectable
SUPP-NEG-V1-001,secded_double_bit,P1,stage1_word_pos0,16+43,codeword_bits,,0,1,0,0,detected_uncorrectable
SUPP-NEG-V1-001,secded_double_bit,P1,stage1_word_pos0,16+44,codeword_bits,,0,1,0,0,detected_uncorrectable
SUPP-NEG-V1-001,secded_double_bit,P1,stage1_word_pos0,16+45,codeword_bits,,0,1,0,0,detected_uncorrectable
SUPP-NEG-V1-001,secded_double_bit,P1,stage1_word_pos0,16+46,codeword_bits,,0,1,0,0,detected_uncorrectable
SUPP-NEG-V1-001,secded_double_bit,P1,stage1_word_pos0,16+47,codeword_bits,,0,1,0,0,detected_uncorrectable
SUPP-NEG-V1-001,secded_double_bit,P1,stage1_word_pos0,16+48,codeword_bits,,0,1,0,0,detected_uncorrectable
SUPP-NEG-V1-001,secded_double_bit,P1,stage1_word_pos0,16+49,codeword_bits,,0,1,0,0,detected_uncorrectable
SUPP-NEG-V1-001,secded_double_bit,P1,stage1_word_pos0,16+50,codeword_bits,,0,1,0,0,detected_uncorrectable
SUPP-NEG-V1-001,secded_double_bit,P1,stage1_word_pos0,16+51,codeword_bits,,0,1,0,0,detected_uncorrectable
SUPP-NEG-V1-001,secded_double_bit,P1,stage1_word_pos0,16+52,codeword_bits,,0,1,0,0,detected_uncorrectable
SUPP-NEG-V1-001,secded_double_bit,P1,stage1_word_pos0,16+53,codeword_bits,,0,1,0,0,detected_uncorrectable
SUPP-NEG-V1-001,secded_double_bit,P1,stage1_word_pos0,16+54,codeword_bits,,0,1,0,0,detected_uncorrectable
SUPP-NEG-V1-001,secded_double_bit,P1,stage1_word_pos0,16+55,codeword_bits,,0,1,0,0,detected_uncorrectable
SUPP-NEG-V1-001,secded_double_bit,P1,stage1_word_pos0,16+56,codeword_bits,,0,1,0,0,detected_uncorrectable
SUPP-NEG-V1-001,secded_double_bit,P1,stage1_word_pos0,16+57,codeword_bits,,0,1,0,0,detected_uncorrectable
SUPP-NEG-V1-001,secded_double_bit,P1,stage1_word_pos0,16+58,codeword_bits,,0,1,0,0,detected_uncorrectable
SUPP-NEG-V1-001,secded_double_bit,P1,stage1_word_pos0,16+59,codeword_bits,,0,1,0,0,detected_uncorrectable
SUPP-NEG-V1-001,secded_double_bit,P1,stage1_word_pos0,16+60,codeword_bits,,0,1,0,0,detected_uncorrectable
SUPP-NEG-V1-001,secded_double_bit,P1,stage1_word_pos0,16+61,codeword_bits,,0,1,0,0,detected_uncorrectable
SUPP-NEG-V1-001,secded_double_bit,P1,stage1_word_pos0,16+62,codeword_bits,,0,1,0,0,detected_uncorrectable
SUPP-NEG-V1-001,secded_double_bit,P1,stage1_word_pos0,16+63,codeword_bits,,0,1,0,0,detected_uncorrectable
SUPP-NEG-V1-001,secded_double_bit,P1,stage1_word_pos0,16+64,codeword_bits,,0,1,0,0,detected_uncorrectable
SUPP-NEG-V1-001,secded_double_bit,P1,stage1_word_pos0,16+65,codeword_bits,,0,1,0,0,detected_uncorrectable
SUPP-NEG-V1-001,secded_double_bit,P1,stage1_word_pos0,16+66,codeword_bits,,0,1,0,0,detected_uncorrectable
SUPP-NEG-V1-001,secded_double_bit,P1,stage1_word_pos0,16+67,codeword_bits,,0,1,0,0,detected_uncorrectable
SUPP-NEG-V1-001,secded_double_bit,P1,stage1_word_pos0,16+68,codeword_bits,,0,1,0,0,detected_uncorrectable
SUPP-NEG-V1-001,secded_double_bit,P1,stage1_word_pos0,16+69,codeword_bits,,0,1,0,0,detected_uncorrectable
SUPP-NEG-V1-001,secded_double_bit,P1,stage1_word_pos0,16+70,codeword_bits,,0,1,0,0,detected_uncorrectable
SUPP-NEG-V1-001,secded_double_bit,P1,stage1_word_pos0,16+71,codeword_bits,,0,1,0,0,detected_uncorrectable
SUPP-NEG-V1-001,secded_double_bit,P1,stage1_word_pos0,16+72,codeword_bits,,0,1,0,0,detected_uncorrectable
SUPP-NEG-V1-001,secded_double_bit,P1,stage1_word_pos0,16+73,codeword_bits,,0,1,0,0,detected_uncorrectable
SUPP-NEG-V1-001,secded_double_bit,P1,stage1_word_pos0,16+74,codeword_bits,,0,1,0,0,detected_uncorrectable
SUPP-NEG-V1-001,secded_double_bit,P1,stage1_word_pos0,16+75,codeword_bits,,0,1,0,0,detected_uncorrectable
SUPP-NEG-V1-001,secded_double_bit,P1,stage1_word_pos0,16+76,codeword_bits,,0,1,0,0,detected_uncorrectable
SUPP-NEG-V1-001,secded_double_bit,P1,stage1_word_pos0,16+77,codeword_bits,,0,1,0,0,detected_uncorrectable
SUPP-NEG-V1-001,secded_double_bit,P1,stage1_word_pos0,17+18,codeword_bits,,0,1,0,0,detected_uncorrectable
SUPP-NEG-V1-001,secded_double_bit,P1,stage1_word_pos0,17+19,codeword_bits,,0,1,0,0,detected_uncorrectable
SUPP-NEG-V1-001,secded_double_bit,P1,stage1_word_pos0,17+20,codeword_bits,,0,1,0,0,detected_uncorrectable
SUPP-NEG-V1-001,secded_double_bit,P1,stage1_word_pos0,17+21,codeword_bits,,0,1,0,0,detected_uncorrectable
SUPP-NEG-V1-001,secded_double_bit,P1,stage1_word_pos0,17+22,codeword_bits,,0,1,0,0,detected_uncorrectable
SUPP-NEG-V1-001,secded_double_bit,P1,stage1_word_pos0,17+23,codeword_bits,,0,1,0,0,detected_uncorrectable
SUPP-NEG-V1-001,secded_double_bit,P1,stage1_word_pos0,17+24,codeword_bits,,0,1,0,0,detected_uncorrectable
SUPP-NEG-V1-001,secded_double_bit,P1,stage1_word_pos0,17+25,codeword_bits,,0,1,0,0,detected_uncorrectable
SUPP-NEG-V1-001,secded_double_bit,P1,stage1_word_pos0,17+26,codeword_bits,,0,1,0,0,detected_uncorrectable
SUPP-NEG-V1-001,secded_double_bit,P1,stage1_word_pos0,17+27,codeword_bits,,0,1,0,0,detected_uncorrectable
SUPP-NEG-V1-001,secded_double_bit,P1,stage1_word_pos0,17+28,codeword_bits,,0,1,0,0,detected_uncorrectable
SUPP-NEG-V1-001,secded_double_bit,P1,stage1_word_pos0,17+29,codeword_bits,,0,1,0,0,detected_uncorrectable
SUPP-NEG-V1-001,secded_double_bit,P1,stage1_word_pos0,17+30,codeword_bits,,0,1,0,0,detected_uncorrectable
SUPP-NEG-V1-001,secded_double_bit,P1,stage1_word_pos0,17+31,codeword_bits,,0,1,0,0,detected_uncorrectable
SUPP-NEG-V1-001,secded_double_bit,P1,stage1_word_pos0,17+32,codeword_bits,,0,1,0,0,detected_uncorrectable
SUPP-NEG-V1-001,secded_double_bit,P1,stage1_word_pos0,17+33,codeword_bits,,0,1,0,0,detected_uncorrectable
SUPP-NEG-V1-001,secded_double_bit,P1,stage1_word_pos0,17+34,codeword_bits,,0,1,0,0,detected_uncorrectable
SUPP-NEG-V1-001,secded_double_bit,P1,stage1_word_pos0,17+35,codeword_bits,,0,1,0,0,detected_uncorrectable
SUPP-NEG-V1-001,secded_double_bit,P1,stage1_word_pos0,17+36,codeword_bits,,0,1,0,0,detected_uncorrectable
SUPP-NEG-V1-001,secded_double_bit,P1,stage1_word_pos0,17+37,codeword_bits,,0,1,0,0,detected_uncorrectable
SUPP-NEG-V1-001,secded_double_bit,P1,stage1_word_pos0,17+38,codeword_bits,,0,1,0,0,detected_uncorrectable
SUPP-NEG-V1-001,secded_double_bit,P1,stage1_word_pos0,17+39,codeword_bits,,0,1,0,0,detected_uncorrectable
SUPP-NEG-V1-001,secded_double_bit,P1,stage1_word_pos0,17+40,codeword_bits,,0,1,0,0,detected_uncorrectable
SUPP-NEG-V1-001,secded_double_bit,P1,stage1_word_pos0,17+41,codeword_bits,,0,1,0,0,detected_uncorrectable
SUPP-NEG-V1-001,secded_double_bit,P1,stage1_word_pos0,17+42,codeword_bits,,0,1,0,0,detected_uncorrectable
SUPP-NEG-V1-001,secded_double_bit,P1,stage1_word_pos0,17+43,codeword_bits,,0,1,0,0,detected_uncorrectable
SUPP-NEG-V1-001,secded_double_bit,P1,stage1_word_pos0,17+44,codeword_bits,,0,1,0,0,detected_uncorrectable
SUPP-NEG-V1-001,secded_double_bit,P1,stage1_word_pos0,17+45,codeword_bits,,0,1,0,0,detected_uncorrectable
SUPP-NEG-V1-001,secded_double_bit,P1,stage1_word_pos0,17+46,codeword_bits,,0,1,0,0,detected_uncorrectable
SUPP-NEG-V1-001,secded_double_bit,P1,stage1_word_pos0,17+47,codeword_bits,,0,1,0,0,detected_uncorrectable
SUPP-NEG-V1-001,secded_double_bit,P1,stage1_word_pos0,17+48,codeword_bits,,0,1,0,0,detected_uncorrectable
SUPP-NEG-V1-001,secded_double_bit,P1,stage1_word_pos0,17+49,codeword_bits,,0,1,0,0,detected_uncorrectable
SUPP-NEG-V1-001,secded_double_bit,P1,stage1_word_pos0,17+50,codeword_bits,,0,1,0,0,detected_uncorrectable
SUPP-NEG-V1-001,secded_double_bit,P1,stage1_word_pos0,17+51,codeword_bits,,0,1,0,0,detected_uncorrectable
SUPP-NEG-V1-001,secded_double_bit,P1,stage1_word_pos0,17+52,codeword_bits,,0,1,0,0,detected_uncorrectable
SUPP-NEG-V1-001,secded_double_bit,P1,stage1_word_pos0,17+53,codeword_bits,,0,1,0,0,detected_uncorrectable
SUPP-NEG-V1-001,secded_double_bit,P1,stage1_word_pos0,17+54,codeword_bits,,0,1,0,0,detected_uncorrectable
SUPP-NEG-V1-001,secded_double_bit,P1,stage1_word_pos0,17+55,codeword_bits,,0,1,0,0,detected_uncorrectable
SUPP-NEG-V1-001,secded_double_bit,P1,stage1_word_pos0,17+56,codeword_bits,,0,1,0,0,detected_uncorrectable
SUPP-NEG-V1-001,secded_double_bit,P1,stage1_word_pos0,17+57,codeword_bits,,0,1,0,0,detected_uncorrectable
SUPP-NEG-V1-001,secded_double_bit,P1,stage1_word_pos0,17+58,codeword_bits,,0,1,0,0,detected_uncorrectable
SUPP-NEG-V1-001,secded_double_bit,P1,stage1_word_pos0,17+59,codeword_bits,,0,1,0,0,detected_uncorrectable
SUPP-NEG-V1-001,secded_double_bit,P1,stage1_word_pos0,17+60,codeword_bits,,0,1,0,0,detected_uncorrectable
SUPP-NEG-V1-001,secded_double_bit,P1,stage1_word_pos0,17+61,codeword_bits,,0,1,0,0,detected_uncorrectable
SUPP-NEG-V1-001,secded_double_bit,P1,stage1_word_pos0,17+62,codeword_bits,,0,1,0,0,detected_uncorrectable
SUPP-NEG-V1-001,secded_double_bit,P1,stage1_word_pos0,17+63,codeword_bits,,0,1,0,0,detected_uncorrectable
SUPP-NEG-V1-001,secded_double_bit,P1,stage1_word_pos0,17+64,codeword_bits,,0,1,0,0,detected_uncorrectable
SUPP-NEG-V1-001,secded_double_bit,P1,stage1_word_pos0,17+65,codeword_bits,,0,1,0,0,detected_uncorrectable
SUPP-NEG-V1-001,secded_double_bit,P1,stage1_word_pos0,17+66,codeword_bits,,0,1,0,0,detected_uncorrectable
SUPP-NEG-V1-001,secded_double_bit,P1,stage1_word_pos0,17+67,codeword_bits,,0,1,0,0,detected_uncorrectable
SUPP-NEG-V1-001,secded_double_bit,P1,stage1_word_pos0,17+68,codeword_bits,,0,1,0,0,detected_uncorrectable
SUPP-NEG-V1-001,secded_double_bit,P1,stage1_word_pos0,17+69,codeword_bits,,0,1,0,0,detected_uncorrectable
SUPP-NEG-V1-001,secded_double_bit,P1,stage1_word_pos0,17+70,codeword_bits,,0,1,0,0,detected_uncorrectable
SUPP-NEG-V1-001,secded_double_bit,P1,stage1_word_pos0,17+71,codeword_bits,,0,1,0,0,detected_uncorrectable
SUPP-NEG-V1-001,secded_double_bit,P1,stage1_word_pos0,17+72,codeword_bits,,0,1,0,0,detected_uncorrectable
SUPP-NEG-V1-001,secded_double_bit,P1,stage1_word_pos0,17+73,codeword_bits,,0,1,0,0,detected_uncorrectable
SUPP-NEG-V1-001,secded_double_bit,P1,stage1_word_pos0,17+74,codeword_bits,,0,1,0,0,detected_uncorrectable
SUPP-NEG-V1-001,secded_double_bit,P1,stage1_word_pos0,17+75,codeword_bits,,0,1,0,0,detected_uncorrectable
SUPP-NEG-V1-001,secded_double_bit,P1,stage1_word_pos0,17+76,codeword_bits,,0,1,0,0,detected_uncorrectable
SUPP-NEG-V1-001,secded_double_bit,P1,stage1_word_pos0,17+77,codeword_bits,,0,1,0,0,detected_uncorrectable
SUPP-NEG-V1-001,secded_double_bit,P1,stage1_word_pos0,18+19,codeword_bits,,0,1,0,0,detected_uncorrectable
SUPP-NEG-V1-001,secded_double_bit,P1,stage1_word_pos0,18+20,codeword_bits,,0,1,0,0,detected_uncorrectable
SUPP-NEG-V1-001,secded_double_bit,P1,stage1_word_pos0,18+21,codeword_bits,,0,1,0,0,detected_uncorrectable
SUPP-NEG-V1-001,secded_double_bit,P1,stage1_word_pos0,18+22,codeword_bits,,0,1,0,0,detected_uncorrectable
SUPP-NEG-V1-001,secded_double_bit,P1,stage1_word_pos0,18+23,codeword_bits,,0,1,0,0,detected_uncorrectable
SUPP-NEG-V1-001,secded_double_bit,P1,stage1_word_pos0,18+24,codeword_bits,,0,1,0,0,detected_uncorrectable
SUPP-NEG-V1-001,secded_double_bit,P1,stage1_word_pos0,18+25,codeword_bits,,0,1,0,0,detected_uncorrectable
SUPP-NEG-V1-001,secded_double_bit,P1,stage1_word_pos0,18+26,codeword_bits,,0,1,0,0,detected_uncorrectable
SUPP-NEG-V1-001,secded_double_bit,P1,stage1_word_pos0,18+27,codeword_bits,,0,1,0,0,detected_uncorrectable
SUPP-NEG-V1-001,secded_double_bit,P1,stage1_word_pos0,18+28,codeword_bits,,0,1,0,0,detected_uncorrectable
SUPP-NEG-V1-001,secded_double_bit,P1,stage1_word_pos0,18+29,codeword_bits,,0,1,0,0,detected_uncorrectable
SUPP-NEG-V1-001,secded_double_bit,P1,stage1_word_pos0,18+30,codeword_bits,,0,1,0,0,detected_uncorrectable
SUPP-NEG-V1-001,secded_double_bit,P1,stage1_word_pos0,18+31,codeword_bits,,0,1,0,0,detected_uncorrectable
SUPP-NEG-V1-001,secded_double_bit,P1,stage1_word_pos0,18+32,codeword_bits,,0,1,0,0,detected_uncorrectable
SUPP-NEG-V1-001,secded_double_bit,P1,stage1_word_pos0,18+33,codeword_bits,,0,1,0,0,detected_uncorrectable
SUPP-NEG-V1-001,secded_double_bit,P1,stage1_word_pos0,18+34,codeword_bits,,0,1,0,0,detected_uncorrectable
SUPP-NEG-V1-001,secded_double_bit,P1,stage1_word_pos0,18+35,codeword_bits,,0,1,0,0,detected_uncorrectable
SUPP-NEG-V1-001,secded_double_bit,P1,stage1_word_pos0,18+36,codeword_bits,,0,1,0,0,detected_uncorrectable
SUPP-NEG-V1-001,secded_double_bit,P1,stage1_word_pos0,18+37,codeword_bits,,0,1,0,0,detected_uncorrectable
SUPP-NEG-V1-001,secded_double_bit,P1,stage1_word_pos0,18+38,codeword_bits,,0,1,0,0,detected_uncorrectable
SUPP-NEG-V1-001,secded_double_bit,P1,stage1_word_pos0,18+39,codeword_bits,,0,1,0,0,detected_uncorrectable
SUPP-NEG-V1-001,secded_double_bit,P1,stage1_word_pos0,18+40,codeword_bits,,0,1,0,0,detected_uncorrectable
SUPP-NEG-V1-001,secded_double_bit,P1,stage1_word_pos0,18+41,codeword_bits,,0,1,0,0,detected_uncorrectable
SUPP-NEG-V1-001,secded_double_bit,P1,stage1_word_pos0,18+42,codeword_bits,,0,1,0,0,detected_uncorrectable
SUPP-NEG-V1-001,secded_double_bit,P1,stage1_word_pos0,18+43,codeword_bits,,0,1,0,0,detected_uncorrectable
SUPP-NEG-V1-001,secded_double_bit,P1,stage1_word_pos0,18+44,codeword_bits,,0,1,0,0,detected_uncorrectable
SUPP-NEG-V1-001,secded_double_bit,P1,stage1_word_pos0,18+45,codeword_bits,,0,1,0,0,detected_uncorrectable
SUPP-NEG-V1-001,secded_double_bit,P1,stage1_word_pos0,18+46,codeword_bits,,0,1,0,0,detected_uncorrectable
SUPP-NEG-V1-001,secded_double_bit,P1,stage1_word_pos0,18+47,codeword_bits,,0,1,0,0,detected_uncorrectable
SUPP-NEG-V1-001,secded_double_bit,P1,stage1_word_pos0,18+48,codeword_bits,,0,1,0,0,detected_uncorrectable
SUPP-NEG-V1-001,secded_double_bit,P1,stage1_word_pos0,18+49,codeword_bits,,0,1,0,0,detected_uncorrectable
SUPP-NEG-V1-001,secded_double_bit,P1,stage1_word_pos0,18+50,codeword_bits,,0,1,0,0,detected_uncorrectable
SUPP-NEG-V1-001,secded_double_bit,P1,stage1_word_pos0,18+51,codeword_bits,,0,1,0,0,detected_uncorrectable
SUPP-NEG-V1-001,secded_double_bit,P1,stage1_word_pos0,18+52,codeword_bits,,0,1,0,0,detected_uncorrectable
SUPP-NEG-V1-001,secded_double_bit,P1,stage1_word_pos0,18+53,codeword_bits,,0,1,0,0,detected_uncorrectable
SUPP-NEG-V1-001,secded_double_bit,P1,stage1_word_pos0,18+54,codeword_bits,,0,1,0,0,detected_uncorrectable
SUPP-NEG-V1-001,secded_double_bit,P1,stage1_word_pos0,18+55,codeword_bits,,0,1,0,0,detected_uncorrectable
SUPP-NEG-V1-001,secded_double_bit,P1,stage1_word_pos0,18+56,codeword_bits,,0,1,0,0,detected_uncorrectable
SUPP-NEG-V1-001,secded_double_bit,P1,stage1_word_pos0,18+57,codeword_bits,,0,1,0,0,detected_uncorrectable
SUPP-NEG-V1-001,secded_double_bit,P1,stage1_word_pos0,18+58,codeword_bits,,0,1,0,0,detected_uncorrectable
SUPP-NEG-V1-001,secded_double_bit,P1,stage1_word_pos0,18+59,codeword_bits,,0,1,0,0,detected_uncorrectable
SUPP-NEG-V1-001,secded_double_bit,P1,stage1_word_pos0,18+60,codeword_bits,,0,1,0,0,detected_uncorrectable
SUPP-NEG-V1-001,secded_double_bit,P1,stage1_word_pos0,18+61,codeword_bits,,0,1,0,0,detected_uncorrectable
SUPP-NEG-V1-001,secded_double_bit,P1,stage1_word_pos0,18+62,codeword_bits,,0,1,0,0,detected_uncorrectable
SUPP-NEG-V1-001,secded_double_bit,P1,stage1_word_pos0,18+63,codeword_bits,,0,1,0,0,detected_uncorrectable
SUPP-NEG-V1-001,secded_double_bit,P1,stage1_word_pos0,18+64,codeword_bits,,0,1,0,0,detected_uncorrectable
SUPP-NEG-V1-001,secded_double_bit,P1,stage1_word_pos0,18+65,codeword_bits,,0,1,0,0,detected_uncorrectable
SUPP-NEG-V1-001,secded_double_bit,P1,stage1_word_pos0,18+66,codeword_bits,,0,1,0,0,detected_uncorrectable
SUPP-NEG-V1-001,secded_double_bit,P1,stage1_word_pos0,18+67,codeword_bits,,0,1,0,0,detected_uncorrectable
SUPP-NEG-V1-001,secded_double_bit,P1,stage1_word_pos0,18+68,codeword_bits,,0,1,0,0,detected_uncorrectable
SUPP-NEG-V1-001,secded_double_bit,P1,stage1_word_pos0,18+69,codeword_bits,,0,1,0,0,detected_uncorrectable
SUPP-NEG-V1-001,secded_double_bit,P1,stage1_word_pos0,18+70,codeword_bits,,0,1,0,0,detected_uncorrectable
SUPP-NEG-V1-001,secded_double_bit,P1,stage1_word_pos0,18+71,codeword_bits,,0,1,0,0,detected_uncorrectable
SUPP-NEG-V1-001,secded_double_bit,P1,stage1_word_pos0,18+72,codeword_bits,,0,1,0,0,detected_uncorrectable
SUPP-NEG-V1-001,secded_double_bit,P1,stage1_word_pos0,18+73,codeword_bits,,0,1,0,0,detected_uncorrectable
SUPP-NEG-V1-001,secded_double_bit,P1,stage1_word_pos0,18+74,codeword_bits,,0,1,0,0,detected_uncorrectable
SUPP-NEG-V1-001,secded_double_bit,P1,stage1_word_pos0,18+75,codeword_bits,,0,1,0,0,detected_uncorrectable
SUPP-NEG-V1-001,secded_double_bit,P1,stage1_word_pos0,18+76,codeword_bits,,0,1,0,0,detected_uncorrectable
SUPP-NEG-V1-001,secded_double_bit,P1,stage1_word_pos0,18+77,codeword_bits,,0,1,0,0,detected_uncorrectable
SUPP-NEG-V1-001,secded_double_bit,P1,stage1_word_pos0,19+20,codeword_bits,,0,1,0,0,detected_uncorrectable
SUPP-NEG-V1-001,secded_double_bit,P1,stage1_word_pos0,19+21,codeword_bits,,0,1,0,0,detected_uncorrectable
SUPP-NEG-V1-001,secded_double_bit,P1,stage1_word_pos0,19+22,codeword_bits,,0,1,0,0,detected_uncorrectable
SUPP-NEG-V1-001,secded_double_bit,P1,stage1_word_pos0,19+23,codeword_bits,,0,1,0,0,detected_uncorrectable
SUPP-NEG-V1-001,secded_double_bit,P1,stage1_word_pos0,19+24,codeword_bits,,0,1,0,0,detected_uncorrectable
SUPP-NEG-V1-001,secded_double_bit,P1,stage1_word_pos0,19+25,codeword_bits,,0,1,0,0,detected_uncorrectable
SUPP-NEG-V1-001,secded_double_bit,P1,stage1_word_pos0,19+26,codeword_bits,,0,1,0,0,detected_uncorrectable
SUPP-NEG-V1-001,secded_double_bit,P1,stage1_word_pos0,19+27,codeword_bits,,0,1,0,0,detected_uncorrectable
SUPP-NEG-V1-001,secded_double_bit,P1,stage1_word_pos0,19+28,codeword_bits,,0,1,0,0,detected_uncorrectable
SUPP-NEG-V1-001,secded_double_bit,P1,stage1_word_pos0,19+29,codeword_bits,,0,1,0,0,detected_uncorrectable
SUPP-NEG-V1-001,secded_double_bit,P1,stage1_word_pos0,19+30,codeword_bits,,0,1,0,0,detected_uncorrectable
SUPP-NEG-V1-001,secded_double_bit,P1,stage1_word_pos0,19+31,codeword_bits,,0,1,0,0,detected_uncorrectable
SUPP-NEG-V1-001,secded_double_bit,P1,stage1_word_pos0,19+32,codeword_bits,,0,1,0,0,detected_uncorrectable
SUPP-NEG-V1-001,secded_double_bit,P1,stage1_word_pos0,19+33,codeword_bits,,0,1,0,0,detected_uncorrectable
SUPP-NEG-V1-001,secded_double_bit,P1,stage1_word_pos0,19+34,codeword_bits,,0,1,0,0,detected_uncorrectable
SUPP-NEG-V1-001,secded_double_bit,P1,stage1_word_pos0,19+35,codeword_bits,,0,1,0,0,detected_uncorrectable
SUPP-NEG-V1-001,secded_double_bit,P1,stage1_word_pos0,19+36,codeword_bits,,0,1,0,0,detected_uncorrectable
SUPP-NEG-V1-001,secded_double_bit,P1,stage1_word_pos0,19+37,codeword_bits,,0,1,0,0,detected_uncorrectable
SUPP-NEG-V1-001,secded_double_bit,P1,stage1_word_pos0,19+38,codeword_bits,,0,1,0,0,detected_uncorrectable
SUPP-NEG-V1-001,secded_double_bit,P1,stage1_word_pos0,19+39,codeword_bits,,0,1,0,0,detected_uncorrectable
SUPP-NEG-V1-001,secded_double_bit,P1,stage1_word_pos0,19+40,codeword_bits,,0,1,0,0,detected_uncorrectable
SUPP-NEG-V1-001,secded_double_bit,P1,stage1_word_pos0,19+41,codeword_bits,,0,1,0,0,detected_uncorrectable
SUPP-NEG-V1-001,secded_double_bit,P1,stage1_word_pos0,19+42,codeword_bits,,0,1,0,0,detected_uncorrectable
SUPP-NEG-V1-001,secded_double_bit,P1,stage1_word_pos0,19+43,codeword_bits,,0,1,0,0,detected_uncorrectable
SUPP-NEG-V1-001,secded_double_bit,P1,stage1_word_pos0,19+44,codeword_bits,,0,1,0,0,detected_uncorrectable
SUPP-NEG-V1-001,secded_double_bit,P1,stage1_word_pos0,19+45,codeword_bits,,0,1,0,0,detected_uncorrectable
SUPP-NEG-V1-001,secded_double_bit,P1,stage1_word_pos0,19+46,codeword_bits,,0,1,0,0,detected_uncorrectable
SUPP-NEG-V1-001,secded_double_bit,P1,stage1_word_pos0,19+47,codeword_bits,,0,1,0,0,detected_uncorrectable
SUPP-NEG-V1-001,secded_double_bit,P1,stage1_word_pos0,19+48,codeword_bits,,0,1,0,0,detected_uncorrectable
SUPP-NEG-V1-001,secded_double_bit,P1,stage1_word_pos0,19+49,codeword_bits,,0,1,0,0,detected_uncorrectable
SUPP-NEG-V1-001,secded_double_bit,P1,stage1_word_pos0,19+50,codeword_bits,,0,1,0,0,detected_uncorrectable
SUPP-NEG-V1-001,secded_double_bit,P1,stage1_word_pos0,19+51,codeword_bits,,0,1,0,0,detected_uncorrectable
SUPP-NEG-V1-001,secded_double_bit,P1,stage1_word_pos0,19+52,codeword_bits,,0,1,0,0,detected_uncorrectable
SUPP-NEG-V1-001,secded_double_bit,P1,stage1_word_pos0,19+53,codeword_bits,,0,1,0,0,detected_uncorrectable
SUPP-NEG-V1-001,secded_double_bit,P1,stage1_word_pos0,19+54,codeword_bits,,0,1,0,0,detected_uncorrectable
SUPP-NEG-V1-001,secded_double_bit,P1,stage1_word_pos0,19+55,codeword_bits,,0,1,0,0,detected_uncorrectable
SUPP-NEG-V1-001,secded_double_bit,P1,stage1_word_pos0,19+56,codeword_bits,,0,1,0,0,detected_uncorrectable
SUPP-NEG-V1-001,secded_double_bit,P1,stage1_word_pos0,19+57,codeword_bits,,0,1,0,0,detected_uncorrectable
SUPP-NEG-V1-001,secded_double_bit,P1,stage1_word_pos0,19+58,codeword_bits,,0,1,0,0,detected_uncorrectable
SUPP-NEG-V1-001,secded_double_bit,P1,stage1_word_pos0,19+59,codeword_bits,,0,1,0,0,detected_uncorrectable
SUPP-NEG-V1-001,secded_double_bit,P1,stage1_word_pos0,19+60,codeword_bits,,0,1,0,0,detected_uncorrectable
SUPP-NEG-V1-001,secded_double_bit,P1,stage1_word_pos0,19+61,codeword_bits,,0,1,0,0,detected_uncorrectable
SUPP-NEG-V1-001,secded_double_bit,P1,stage1_word_pos0,19+62,codeword_bits,,0,1,0,0,detected_uncorrectable
SUPP-NEG-V1-001,secded_double_bit,P1,stage1_word_pos0,19+63,codeword_bits,,0,1,0,0,detected_uncorrectable
SUPP-NEG-V1-001,secded_double_bit,P1,stage1_word_pos0,19+64,codeword_bits,,0,1,0,0,detected_uncorrectable
SUPP-NEG-V1-001,secded_double_bit,P1,stage1_word_pos0,19+65,codeword_bits,,0,1,0,0,detected_uncorrectable
SUPP-NEG-V1-001,secded_double_bit,P1,stage1_word_pos0,19+66,codeword_bits,,0,1,0,0,detected_uncorrectable
SUPP-NEG-V1-001,secded_double_bit,P1,stage1_word_pos0,19+67,codeword_bits,,0,1,0,0,detected_uncorrectable
SUPP-NEG-V1-001,secded_double_bit,P1,stage1_word_pos0,19+68,codeword_bits,,0,1,0,0,detected_uncorrectable
SUPP-NEG-V1-001,secded_double_bit,P1,stage1_word_pos0,19+69,codeword_bits,,0,1,0,0,detected_uncorrectable
SUPP-NEG-V1-001,secded_double_bit,P1,stage1_word_pos0,19+70,codeword_bits,,0,1,0,0,detected_uncorrectable
SUPP-NEG-V1-001,secded_double_bit,P1,stage1_word_pos0,19+71,codeword_bits,,0,1,0,0,detected_uncorrectable
SUPP-NEG-V1-001,secded_double_bit,P1,stage1_word_pos0,19+72,codeword_bits,,0,1,0,0,detected_uncorrectable
SUPP-NEG-V1-001,secded_double_bit,P1,stage1_word_pos0,19+73,codeword_bits,,0,1,0,0,detected_uncorrectable
SUPP-NEG-V1-001,secded_double_bit,P1,stage1_word_pos0,19+74,codeword_bits,,0,1,0,0,detected_uncorrectable
SUPP-NEG-V1-001,secded_double_bit,P1,stage1_word_pos0,19+75,codeword_bits,,0,1,0,0,detected_uncorrectable
SUPP-NEG-V1-001,secded_double_bit,P1,stage1_word_pos0,19+76,codeword_bits,,0,1,0,0,detected_uncorrectable
SUPP-NEG-V1-001,secded_double_bit,P1,stage1_word_pos0,19+77,codeword_bits,,0,1,0,0,detected_uncorrectable
SUPP-NEG-V1-001,secded_double_bit,P1,stage1_word_pos0,20+21,codeword_bits,,0,1,0,0,detected_uncorrectable
SUPP-NEG-V1-001,secded_double_bit,P1,stage1_word_pos0,20+22,codeword_bits,,0,1,0,0,detected_uncorrectable
SUPP-NEG-V1-001,secded_double_bit,P1,stage1_word_pos0,20+23,codeword_bits,,0,1,0,0,detected_uncorrectable
SUPP-NEG-V1-001,secded_double_bit,P1,stage1_word_pos0,20+24,codeword_bits,,0,1,0,0,detected_uncorrectable
SUPP-NEG-V1-001,secded_double_bit,P1,stage1_word_pos0,20+25,codeword_bits,,0,1,0,0,detected_uncorrectable
SUPP-NEG-V1-001,secded_double_bit,P1,stage1_word_pos0,20+26,codeword_bits,,0,1,0,0,detected_uncorrectable
SUPP-NEG-V1-001,secded_double_bit,P1,stage1_word_pos0,20+27,codeword_bits,,0,1,0,0,detected_uncorrectable
SUPP-NEG-V1-001,secded_double_bit,P1,stage1_word_pos0,20+28,codeword_bits,,0,1,0,0,detected_uncorrectable
SUPP-NEG-V1-001,secded_double_bit,P1,stage1_word_pos0,20+29,codeword_bits,,0,1,0,0,detected_uncorrectable
SUPP-NEG-V1-001,secded_double_bit,P1,stage1_word_pos0,20+30,codeword_bits,,0,1,0,0,detected_uncorrectable
SUPP-NEG-V1-001,secded_double_bit,P1,stage1_word_pos0,20+31,codeword_bits,,0,1,0,0,detected_uncorrectable
SUPP-NEG-V1-001,secded_double_bit,P1,stage1_word_pos0,20+32,codeword_bits,,0,1,0,0,detected_uncorrectable
SUPP-NEG-V1-001,secded_double_bit,P1,stage1_word_pos0,20+33,codeword_bits,,0,1,0,0,detected_uncorrectable
SUPP-NEG-V1-001,secded_double_bit,P1,stage1_word_pos0,20+34,codeword_bits,,0,1,0,0,detected_uncorrectable
SUPP-NEG-V1-001,secded_double_bit,P1,stage1_word_pos0,20+35,codeword_bits,,0,1,0,0,detected_uncorrectable
SUPP-NEG-V1-001,secded_double_bit,P1,stage1_word_pos0,20+36,codeword_bits,,0,1,0,0,detected_uncorrectable
SUPP-NEG-V1-001,secded_double_bit,P1,stage1_word_pos0,20+37,codeword_bits,,0,1,0,0,detected_uncorrectable
SUPP-NEG-V1-001,secded_double_bit,P1,stage1_word_pos0,20+38,codeword_bits,,0,1,0,0,detected_uncorrectable
SUPP-NEG-V1-001,secded_double_bit,P1,stage1_word_pos0,20+39,codeword_bits,,0,1,0,0,detected_uncorrectable
SUPP-NEG-V1-001,secded_double_bit,P1,stage1_word_pos0,20+40,codeword_bits,,0,1,0,0,detected_uncorrectable
SUPP-NEG-V1-001,secded_double_bit,P1,stage1_word_pos0,20+41,codeword_bits,,0,1,0,0,detected_uncorrectable
SUPP-NEG-V1-001,secded_double_bit,P1,stage1_word_pos0,20+42,codeword_bits,,0,1,0,0,detected_uncorrectable
SUPP-NEG-V1-001,secded_double_bit,P1,stage1_word_pos0,20+43,codeword_bits,,0,1,0,0,detected_uncorrectable
SUPP-NEG-V1-001,secded_double_bit,P1,stage1_word_pos0,20+44,codeword_bits,,0,1,0,0,detected_uncorrectable
SUPP-NEG-V1-001,secded_double_bit,P1,stage1_word_pos0,20+45,codeword_bits,,0,1,0,0,detected_uncorrectable
SUPP-NEG-V1-001,secded_double_bit,P1,stage1_word_pos0,20+46,codeword_bits,,0,1,0,0,detected_uncorrectable
SUPP-NEG-V1-001,secded_double_bit,P1,stage1_word_pos0,20+47,codeword_bits,,0,1,0,0,detected_uncorrectable
SUPP-NEG-V1-001,secded_double_bit,P1,stage1_word_pos0,20+48,codeword_bits,,0,1,0,0,detected_uncorrectable
SUPP-NEG-V1-001,secded_double_bit,P1,stage1_word_pos0,20+49,codeword_bits,,0,1,0,0,detected_uncorrectable
SUPP-NEG-V1-001,secded_double_bit,P1,stage1_word_pos0,20+50,codeword_bits,,0,1,0,0,detected_uncorrectable
SUPP-NEG-V1-001,secded_double_bit,P1,stage1_word_pos0,20+51,codeword_bits,,0,1,0,0,detected_uncorrectable
SUPP-NEG-V1-001,secded_double_bit,P1,stage1_word_pos0,20+52,codeword_bits,,0,1,0,0,detected_uncorrectable
SUPP-NEG-V1-001,secded_double_bit,P1,stage1_word_pos0,20+53,codeword_bits,,0,1,0,0,detected_uncorrectable
SUPP-NEG-V1-001,secded_double_bit,P1,stage1_word_pos0,20+54,codeword_bits,,0,1,0,0,detected_uncorrectable
SUPP-NEG-V1-001,secded_double_bit,P1,stage1_word_pos0,20+55,codeword_bits,,0,1,0,0,detected_uncorrectable
SUPP-NEG-V1-001,secded_double_bit,P1,stage1_word_pos0,20+56,codeword_bits,,0,1,0,0,detected_uncorrectable
SUPP-NEG-V1-001,secded_double_bit,P1,stage1_word_pos0,20+57,codeword_bits,,0,1,0,0,detected_uncorrectable
SUPP-NEG-V1-001,secded_double_bit,P1,stage1_word_pos0,20+58,codeword_bits,,0,1,0,0,detected_uncorrectable
SUPP-NEG-V1-001,secded_double_bit,P1,stage1_word_pos0,20+59,codeword_bits,,0,1,0,0,detected_uncorrectable
SUPP-NEG-V1-001,secded_double_bit,P1,stage1_word_pos0,20+60,codeword_bits,,0,1,0,0,detected_uncorrectable
SUPP-NEG-V1-001,secded_double_bit,P1,stage1_word_pos0,20+61,codeword_bits,,0,1,0,0,detected_uncorrectable
SUPP-NEG-V1-001,secded_double_bit,P1,stage1_word_pos0,20+62,codeword_bits,,0,1,0,0,detected_uncorrectable
SUPP-NEG-V1-001,secded_double_bit,P1,stage1_word_pos0,20+63,codeword_bits,,0,1,0,0,detected_uncorrectable
SUPP-NEG-V1-001,secded_double_bit,P1,stage1_word_pos0,20+64,codeword_bits,,0,1,0,0,detected_uncorrectable
SUPP-NEG-V1-001,secded_double_bit,P1,stage1_word_pos0,20+65,codeword_bits,,0,1,0,0,detected_uncorrectable
SUPP-NEG-V1-001,secded_double_bit,P1,stage1_word_pos0,20+66,codeword_bits,,0,1,0,0,detected_uncorrectable
SUPP-NEG-V1-001,secded_double_bit,P1,stage1_word_pos0,20+67,codeword_bits,,0,1,0,0,detected_uncorrectable
SUPP-NEG-V1-001,secded_double_bit,P1,stage1_word_pos0,20+68,codeword_bits,,0,1,0,0,detected_uncorrectable
SUPP-NEG-V1-001,secded_double_bit,P1,stage1_word_pos0,20+69,codeword_bits,,0,1,0,0,detected_uncorrectable
SUPP-NEG-V1-001,secded_double_bit,P1,stage1_word_pos0,20+70,codeword_bits,,0,1,0,0,detected_uncorrectable
SUPP-NEG-V1-001,secded_double_bit,P1,stage1_word_pos0,20+71,codeword_bits,,0,1,0,0,detected_uncorrectable
SUPP-NEG-V1-001,secded_double_bit,P1,stage1_word_pos0,20+72,codeword_bits,,0,1,0,0,detected_uncorrectable
SUPP-NEG-V1-001,secded_double_bit,P1,stage1_word_pos0,20+73,codeword_bits,,0,1,0,0,detected_uncorrectable
SUPP-NEG-V1-001,secded_double_bit,P1,stage1_word_pos0,20+74,codeword_bits,,0,1,0,0,detected_uncorrectable
SUPP-NEG-V1-001,secded_double_bit,P1,stage1_word_pos0,20+75,codeword_bits,,0,1,0,0,detected_uncorrectable
SUPP-NEG-V1-001,secded_double_bit,P1,stage1_word_pos0,20+76,codeword_bits,,0,1,0,0,detected_uncorrectable
SUPP-NEG-V1-001,secded_double_bit,P1,stage1_word_pos0,20+77,codeword_bits,,0,1,0,0,detected_uncorrectable
SUPP-NEG-V1-001,secded_double_bit,P1,stage1_word_pos0,21+22,codeword_bits,,0,1,0,0,detected_uncorrectable
SUPP-NEG-V1-001,secded_double_bit,P1,stage1_word_pos0,21+23,codeword_bits,,0,1,0,0,detected_uncorrectable
SUPP-NEG-V1-001,secded_double_bit,P1,stage1_word_pos0,21+24,codeword_bits,,0,1,0,0,detected_uncorrectable
SUPP-NEG-V1-001,secded_double_bit,P1,stage1_word_pos0,21+25,codeword_bits,,0,1,0,0,detected_uncorrectable
SUPP-NEG-V1-001,secded_double_bit,P1,stage1_word_pos0,21+26,codeword_bits,,0,1,0,0,detected_uncorrectable
SUPP-NEG-V1-001,secded_double_bit,P1,stage1_word_pos0,21+27,codeword_bits,,0,1,0,0,detected_uncorrectable
SUPP-NEG-V1-001,secded_double_bit,P1,stage1_word_pos0,21+28,codeword_bits,,0,1,0,0,detected_uncorrectable
SUPP-NEG-V1-001,secded_double_bit,P1,stage1_word_pos0,21+29,codeword_bits,,0,1,0,0,detected_uncorrectable
SUPP-NEG-V1-001,secded_double_bit,P1,stage1_word_pos0,21+30,codeword_bits,,0,1,0,0,detected_uncorrectable
SUPP-NEG-V1-001,secded_double_bit,P1,stage1_word_pos0,21+31,codeword_bits,,0,1,0,0,detected_uncorrectable
SUPP-NEG-V1-001,secded_double_bit,P1,stage1_word_pos0,21+32,codeword_bits,,0,1,0,0,detected_uncorrectable
SUPP-NEG-V1-001,secded_double_bit,P1,stage1_word_pos0,21+33,codeword_bits,,0,1,0,0,detected_uncorrectable
SUPP-NEG-V1-001,secded_double_bit,P1,stage1_word_pos0,21+34,codeword_bits,,0,1,0,0,detected_uncorrectable
SUPP-NEG-V1-001,secded_double_bit,P1,stage1_word_pos0,21+35,codeword_bits,,0,1,0,0,detected_uncorrectable
SUPP-NEG-V1-001,secded_double_bit,P1,stage1_word_pos0,21+36,codeword_bits,,0,1,0,0,detected_uncorrectable
SUPP-NEG-V1-001,secded_double_bit,P1,stage1_word_pos0,21+37,codeword_bits,,0,1,0,0,detected_uncorrectable
SUPP-NEG-V1-001,secded_double_bit,P1,stage1_word_pos0,21+38,codeword_bits,,0,1,0,0,detected_uncorrectable
SUPP-NEG-V1-001,secded_double_bit,P1,stage1_word_pos0,21+39,codeword_bits,,0,1,0,0,detected_uncorrectable
SUPP-NEG-V1-001,secded_double_bit,P1,stage1_word_pos0,21+40,codeword_bits,,0,1,0,0,detected_uncorrectable
SUPP-NEG-V1-001,secded_double_bit,P1,stage1_word_pos0,21+41,codeword_bits,,0,1,0,0,detected_uncorrectable
SUPP-NEG-V1-001,secded_double_bit,P1,stage1_word_pos0,21+42,codeword_bits,,0,1,0,0,detected_uncorrectable
SUPP-NEG-V1-001,secded_double_bit,P1,stage1_word_pos0,21+43,codeword_bits,,0,1,0,0,detected_uncorrectable
SUPP-NEG-V1-001,secded_double_bit,P1,stage1_word_pos0,21+44,codeword_bits,,0,1,0,0,detected_uncorrectable
SUPP-NEG-V1-001,secded_double_bit,P1,stage1_word_pos0,21+45,codeword_bits,,0,1,0,0,detected_uncorrectable
SUPP-NEG-V1-001,secded_double_bit,P1,stage1_word_pos0,21+46,codeword_bits,,0,1,0,0,detected_uncorrectable
SUPP-NEG-V1-001,secded_double_bit,P1,stage1_word_pos0,21+47,codeword_bits,,0,1,0,0,detected_uncorrectable
SUPP-NEG-V1-001,secded_double_bit,P1,stage1_word_pos0,21+48,codeword_bits,,0,1,0,0,detected_uncorrectable
SUPP-NEG-V1-001,secded_double_bit,P1,stage1_word_pos0,21+49,codeword_bits,,0,1,0,0,detected_uncorrectable
SUPP-NEG-V1-001,secded_double_bit,P1,stage1_word_pos0,21+50,codeword_bits,,0,1,0,0,detected_uncorrectable
SUPP-NEG-V1-001,secded_double_bit,P1,stage1_word_pos0,21+51,codeword_bits,,0,1,0,0,detected_uncorrectable
SUPP-NEG-V1-001,secded_double_bit,P1,stage1_word_pos0,21+52,codeword_bits,,0,1,0,0,detected_uncorrectable
SUPP-NEG-V1-001,secded_double_bit,P1,stage1_word_pos0,21+53,codeword_bits,,0,1,0,0,detected_uncorrectable
SUPP-NEG-V1-001,secded_double_bit,P1,stage1_word_pos0,21+54,codeword_bits,,0,1,0,0,detected_uncorrectable
SUPP-NEG-V1-001,secded_double_bit,P1,stage1_word_pos0,21+55,codeword_bits,,0,1,0,0,detected_uncorrectable
SUPP-NEG-V1-001,secded_double_bit,P1,stage1_word_pos0,21+56,codeword_bits,,0,1,0,0,detected_uncorrectable
SUPP-NEG-V1-001,secded_double_bit,P1,stage1_word_pos0,21+57,codeword_bits,,0,1,0,0,detected_uncorrectable
SUPP-NEG-V1-001,secded_double_bit,P1,stage1_word_pos0,21+58,codeword_bits,,0,1,0,0,detected_uncorrectable
SUPP-NEG-V1-001,secded_double_bit,P1,stage1_word_pos0,21+59,codeword_bits,,0,1,0,0,detected_uncorrectable
SUPP-NEG-V1-001,secded_double_bit,P1,stage1_word_pos0,21+60,codeword_bits,,0,1,0,0,detected_uncorrectable
SUPP-NEG-V1-001,secded_double_bit,P1,stage1_word_pos0,21+61,codeword_bits,,0,1,0,0,detected_uncorrectable
SUPP-NEG-V1-001,secded_double_bit,P1,stage1_word_pos0,21+62,codeword_bits,,0,1,0,0,detected_uncorrectable
SUPP-NEG-V1-001,secded_double_bit,P1,stage1_word_pos0,21+63,codeword_bits,,0,1,0,0,detected_uncorrectable
SUPP-NEG-V1-001,secded_double_bit,P1,stage1_word_pos0,21+64,codeword_bits,,0,1,0,0,detected_uncorrectable
SUPP-NEG-V1-001,secded_double_bit,P1,stage1_word_pos0,21+65,codeword_bits,,0,1,0,0,detected_uncorrectable
SUPP-NEG-V1-001,secded_double_bit,P1,stage1_word_pos0,21+66,codeword_bits,,0,1,0,0,detected_uncorrectable
SUPP-NEG-V1-001,secded_double_bit,P1,stage1_word_pos0,21+67,codeword_bits,,0,1,0,0,detected_uncorrectable
SUPP-NEG-V1-001,secded_double_bit,P1,stage1_word_pos0,21+68,codeword_bits,,0,1,0,0,detected_uncorrectable
SUPP-NEG-V1-001,secded_double_bit,P1,stage1_word_pos0,21+69,codeword_bits,,0,1,0,0,detected_uncorrectable
SUPP-NEG-V1-001,secded_double_bit,P1,stage1_word_pos0,21+70,codeword_bits,,0,1,0,0,detected_uncorrectable
SUPP-NEG-V1-001,secded_double_bit,P1,stage1_word_pos0,21+71,codeword_bits,,0,1,0,0,detected_uncorrectable
SUPP-NEG-V1-001,secded_double_bit,P1,stage1_word_pos0,21+72,codeword_bits,,0,1,0,0,detected_uncorrectable
SUPP-NEG-V1-001,secded_double_bit,P1,stage1_word_pos0,21+73,codeword_bits,,0,1,0,0,detected_uncorrectable
SUPP-NEG-V1-001,secded_double_bit,P1,stage1_word_pos0,21+74,codeword_bits,,0,1,0,0,detected_uncorrectable
SUPP-NEG-V1-001,secded_double_bit,P1,stage1_word_pos0,21+75,codeword_bits,,0,1,0,0,detected_uncorrectable
SUPP-NEG-V1-001,secded_double_bit,P1,stage1_word_pos0,21+76,codeword_bits,,0,1,0,0,detected_uncorrectable
SUPP-NEG-V1-001,secded_double_bit,P1,stage1_word_pos0,21+77,codeword_bits,,0,1,0,0,detected_uncorrectable
SUPP-NEG-V1-001,secded_double_bit,P1,stage1_word_pos0,22+23,codeword_bits,,0,1,0,0,detected_uncorrectable
SUPP-NEG-V1-001,secded_double_bit,P1,stage1_word_pos0,22+24,codeword_bits,,0,1,0,0,detected_uncorrectable
SUPP-NEG-V1-001,secded_double_bit,P1,stage1_word_pos0,22+25,codeword_bits,,0,1,0,0,detected_uncorrectable
SUPP-NEG-V1-001,secded_double_bit,P1,stage1_word_pos0,22+26,codeword_bits,,0,1,0,0,detected_uncorrectable
SUPP-NEG-V1-001,secded_double_bit,P1,stage1_word_pos0,22+27,codeword_bits,,0,1,0,0,detected_uncorrectable
SUPP-NEG-V1-001,secded_double_bit,P1,stage1_word_pos0,22+28,codeword_bits,,0,1,0,0,detected_uncorrectable
SUPP-NEG-V1-001,secded_double_bit,P1,stage1_word_pos0,22+29,codeword_bits,,0,1,0,0,detected_uncorrectable
SUPP-NEG-V1-001,secded_double_bit,P1,stage1_word_pos0,22+30,codeword_bits,,0,1,0,0,detected_uncorrectable
SUPP-NEG-V1-001,secded_double_bit,P1,stage1_word_pos0,22+31,codeword_bits,,0,1,0,0,detected_uncorrectable
SUPP-NEG-V1-001,secded_double_bit,P1,stage1_word_pos0,22+32,codeword_bits,,0,1,0,0,detected_uncorrectable
SUPP-NEG-V1-001,secded_double_bit,P1,stage1_word_pos0,22+33,codeword_bits,,0,1,0,0,detected_uncorrectable
SUPP-NEG-V1-001,secded_double_bit,P1,stage1_word_pos0,22+34,codeword_bits,,0,1,0,0,detected_uncorrectable
SUPP-NEG-V1-001,secded_double_bit,P1,stage1_word_pos0,22+35,codeword_bits,,0,1,0,0,detected_uncorrectable
SUPP-NEG-V1-001,secded_double_bit,P1,stage1_word_pos0,22+36,codeword_bits,,0,1,0,0,detected_uncorrectable
SUPP-NEG-V1-001,secded_double_bit,P1,stage1_word_pos0,22+37,codeword_bits,,0,1,0,0,detected_uncorrectable
SUPP-NEG-V1-001,secded_double_bit,P1,stage1_word_pos0,22+38,codeword_bits,,0,1,0,0,detected_uncorrectable
SUPP-NEG-V1-001,secded_double_bit,P1,stage1_word_pos0,22+39,codeword_bits,,0,1,0,0,detected_uncorrectable
SUPP-NEG-V1-001,secded_double_bit,P1,stage1_word_pos0,22+40,codeword_bits,,0,1,0,0,detected_uncorrectable
SUPP-NEG-V1-001,secded_double_bit,P1,stage1_word_pos0,22+41,codeword_bits,,0,1,0,0,detected_uncorrectable
SUPP-NEG-V1-001,secded_double_bit,P1,stage1_word_pos0,22+42,codeword_bits,,0,1,0,0,detected_uncorrectable
SUPP-NEG-V1-001,secded_double_bit,P1,stage1_word_pos0,22+43,codeword_bits,,0,1,0,0,detected_uncorrectable
SUPP-NEG-V1-001,secded_double_bit,P1,stage1_word_pos0,22+44,codeword_bits,,0,1,0,0,detected_uncorrectable
SUPP-NEG-V1-001,secded_double_bit,P1,stage1_word_pos0,22+45,codeword_bits,,0,1,0,0,detected_uncorrectable
SUPP-NEG-V1-001,secded_double_bit,P1,stage1_word_pos0,22+46,codeword_bits,,0,1,0,0,detected_uncorrectable
SUPP-NEG-V1-001,secded_double_bit,P1,stage1_word_pos0,22+47,codeword_bits,,0,1,0,0,detected_uncorrectable
SUPP-NEG-V1-001,secded_double_bit,P1,stage1_word_pos0,22+48,codeword_bits,,0,1,0,0,detected_uncorrectable
SUPP-NEG-V1-001,secded_double_bit,P1,stage1_word_pos0,22+49,codeword_bits,,0,1,0,0,detected_uncorrectable
SUPP-NEG-V1-001,secded_double_bit,P1,stage1_word_pos0,22+50,codeword_bits,,0,1,0,0,detected_uncorrectable
SUPP-NEG-V1-001,secded_double_bit,P1,stage1_word_pos0,22+51,codeword_bits,,0,1,0,0,detected_uncorrectable
SUPP-NEG-V1-001,secded_double_bit,P1,stage1_word_pos0,22+52,codeword_bits,,0,1,0,0,detected_uncorrectable
SUPP-NEG-V1-001,secded_double_bit,P1,stage1_word_pos0,22+53,codeword_bits,,0,1,0,0,detected_uncorrectable
SUPP-NEG-V1-001,secded_double_bit,P1,stage1_word_pos0,22+54,codeword_bits,,0,1,0,0,detected_uncorrectable
SUPP-NEG-V1-001,secded_double_bit,P1,stage1_word_pos0,22+55,codeword_bits,,0,1,0,0,detected_uncorrectable
SUPP-NEG-V1-001,secded_double_bit,P1,stage1_word_pos0,22+56,codeword_bits,,0,1,0,0,detected_uncorrectable
SUPP-NEG-V1-001,secded_double_bit,P1,stage1_word_pos0,22+57,codeword_bits,,0,1,0,0,detected_uncorrectable
SUPP-NEG-V1-001,secded_double_bit,P1,stage1_word_pos0,22+58,codeword_bits,,0,1,0,0,detected_uncorrectable
SUPP-NEG-V1-001,secded_double_bit,P1,stage1_word_pos0,22+59,codeword_bits,,0,1,0,0,detected_uncorrectable
SUPP-NEG-V1-001,secded_double_bit,P1,stage1_word_pos0,22+60,codeword_bits,,0,1,0,0,detected_uncorrectable
SUPP-NEG-V1-001,secded_double_bit,P1,stage1_word_pos0,22+61,codeword_bits,,0,1,0,0,detected_uncorrectable
SUPP-NEG-V1-001,secded_double_bit,P1,stage1_word_pos0,22+62,codeword_bits,,0,1,0,0,detected_uncorrectable
SUPP-NEG-V1-001,secded_double_bit,P1,stage1_word_pos0,22+63,codeword_bits,,0,1,0,0,detected_uncorrectable
SUPP-NEG-V1-001,secded_double_bit,P1,stage1_word_pos0,22+64,codeword_bits,,0,1,0,0,detected_uncorrectable
SUPP-NEG-V1-001,secded_double_bit,P1,stage1_word_pos0,22+65,codeword_bits,,0,1,0,0,detected_uncorrectable
SUPP-NEG-V1-001,secded_double_bit,P1,stage1_word_pos0,22+66,codeword_bits,,0,1,0,0,detected_uncorrectable
SUPP-NEG-V1-001,secded_double_bit,P1,stage1_word_pos0,22+67,codeword_bits,,0,1,0,0,detected_uncorrectable
SUPP-NEG-V1-001,secded_double_bit,P1,stage1_word_pos0,22+68,codeword_bits,,0,1,0,0,detected_uncorrectable
SUPP-NEG-V1-001,secded_double_bit,P1,stage1_word_pos0,22+69,codeword_bits,,0,1,0,0,detected_uncorrectable
SUPP-NEG-V1-001,secded_double_bit,P1,stage1_word_pos0,22+70,codeword_bits,,0,1,0,0,detected_uncorrectable
SUPP-NEG-V1-001,secded_double_bit,P1,stage1_word_pos0,22+71,codeword_bits,,0,1,0,0,detected_uncorrectable
SUPP-NEG-V1-001,secded_double_bit,P1,stage1_word_pos0,22+72,codeword_bits,,0,1,0,0,detected_uncorrectable
SUPP-NEG-V1-001,secded_double_bit,P1,stage1_word_pos0,22+73,codeword_bits,,0,1,0,0,detected_uncorrectable
SUPP-NEG-V1-001,secded_double_bit,P1,stage1_word_pos0,22+74,codeword_bits,,0,1,0,0,detected_uncorrectable
SUPP-NEG-V1-001,secded_double_bit,P1,stage1_word_pos0,22+75,codeword_bits,,0,1,0,0,detected_uncorrectable
SUPP-NEG-V1-001,secded_double_bit,P1,stage1_word_pos0,22+76,codeword_bits,,0,1,0,0,detected_uncorrectable
SUPP-NEG-V1-001,secded_double_bit,P1,stage1_word_pos0,22+77,codeword_bits,,0,1,0,0,detected_uncorrectable
SUPP-NEG-V1-001,secded_double_bit,P1,stage1_word_pos0,23+24,codeword_bits,,0,1,0,0,detected_uncorrectable
SUPP-NEG-V1-001,secded_double_bit,P1,stage1_word_pos0,23+25,codeword_bits,,0,1,0,0,detected_uncorrectable
SUPP-NEG-V1-001,secded_double_bit,P1,stage1_word_pos0,23+26,codeword_bits,,0,1,0,0,detected_uncorrectable
SUPP-NEG-V1-001,secded_double_bit,P1,stage1_word_pos0,23+27,codeword_bits,,0,1,0,0,detected_uncorrectable
SUPP-NEG-V1-001,secded_double_bit,P1,stage1_word_pos0,23+28,codeword_bits,,0,1,0,0,detected_uncorrectable
SUPP-NEG-V1-001,secded_double_bit,P1,stage1_word_pos0,23+29,codeword_bits,,0,1,0,0,detected_uncorrectable
SUPP-NEG-V1-001,secded_double_bit,P1,stage1_word_pos0,23+30,codeword_bits,,0,1,0,0,detected_uncorrectable
SUPP-NEG-V1-001,secded_double_bit,P1,stage1_word_pos0,23+31,codeword_bits,,0,1,0,0,detected_uncorrectable
SUPP-NEG-V1-001,secded_double_bit,P1,stage1_word_pos0,23+32,codeword_bits,,0,1,0,0,detected_uncorrectable
SUPP-NEG-V1-001,secded_double_bit,P1,stage1_word_pos0,23+33,codeword_bits,,0,1,0,0,detected_uncorrectable
SUPP-NEG-V1-001,secded_double_bit,P1,stage1_word_pos0,23+34,codeword_bits,,0,1,0,0,detected_uncorrectable
SUPP-NEG-V1-001,secded_double_bit,P1,stage1_word_pos0,23+35,codeword_bits,,0,1,0,0,detected_uncorrectable
SUPP-NEG-V1-001,secded_double_bit,P1,stage1_word_pos0,23+36,codeword_bits,,0,1,0,0,detected_uncorrectable
SUPP-NEG-V1-001,secded_double_bit,P1,stage1_word_pos0,23+37,codeword_bits,,0,1,0,0,detected_uncorrectable
SUPP-NEG-V1-001,secded_double_bit,P1,stage1_word_pos0,23+38,codeword_bits,,0,1,0,0,detected_uncorrectable
SUPP-NEG-V1-001,secded_double_bit,P1,stage1_word_pos0,23+39,codeword_bits,,0,1,0,0,detected_uncorrectable
SUPP-NEG-V1-001,secded_double_bit,P1,stage1_word_pos0,23+40,codeword_bits,,0,1,0,0,detected_uncorrectable
SUPP-NEG-V1-001,secded_double_bit,P1,stage1_word_pos0,23+41,codeword_bits,,0,1,0,0,detected_uncorrectable
SUPP-NEG-V1-001,secded_double_bit,P1,stage1_word_pos0,23+42,codeword_bits,,0,1,0,0,detected_uncorrectable
SUPP-NEG-V1-001,secded_double_bit,P1,stage1_word_pos0,23+43,codeword_bits,,0,1,0,0,detected_uncorrectable
SUPP-NEG-V1-001,secded_double_bit,P1,stage1_word_pos0,23+44,codeword_bits,,0,1,0,0,detected_uncorrectable
SUPP-NEG-V1-001,secded_double_bit,P1,stage1_word_pos0,23+45,codeword_bits,,0,1,0,0,detected_uncorrectable
SUPP-NEG-V1-001,secded_double_bit,P1,stage1_word_pos0,23+46,codeword_bits,,0,1,0,0,detected_uncorrectable
SUPP-NEG-V1-001,secded_double_bit,P1,stage1_word_pos0,23+47,codeword_bits,,0,1,0,0,detected_uncorrectable
SUPP-NEG-V1-001,secded_double_bit,P1,stage1_word_pos0,23+48,codeword_bits,,0,1,0,0,detected_uncorrectable
SUPP-NEG-V1-001,secded_double_bit,P1,stage1_word_pos0,23+49,codeword_bits,,0,1,0,0,detected_uncorrectable
SUPP-NEG-V1-001,secded_double_bit,P1,stage1_word_pos0,23+50,codeword_bits,,0,1,0,0,detected_uncorrectable
SUPP-NEG-V1-001,secded_double_bit,P1,stage1_word_pos0,23+51,codeword_bits,,0,1,0,0,detected_uncorrectable
SUPP-NEG-V1-001,secded_double_bit,P1,stage1_word_pos0,23+52,codeword_bits,,0,1,0,0,detected_uncorrectable
SUPP-NEG-V1-001,secded_double_bit,P1,stage1_word_pos0,23+53,codeword_bits,,0,1,0,0,detected_uncorrectable
SUPP-NEG-V1-001,secded_double_bit,P1,stage1_word_pos0,23+54,codeword_bits,,0,1,0,0,detected_uncorrectable
SUPP-NEG-V1-001,secded_double_bit,P1,stage1_word_pos0,23+55,codeword_bits,,0,1,0,0,detected_uncorrectable
SUPP-NEG-V1-001,secded_double_bit,P1,stage1_word_pos0,23+56,codeword_bits,,0,1,0,0,detected_uncorrectable
SUPP-NEG-V1-001,secded_double_bit,P1,stage1_word_pos0,23+57,codeword_bits,,0,1,0,0,detected_uncorrectable
SUPP-NEG-V1-001,secded_double_bit,P1,stage1_word_pos0,23+58,codeword_bits,,0,1,0,0,detected_uncorrectable
SUPP-NEG-V1-001,secded_double_bit,P1,stage1_word_pos0,23+59,codeword_bits,,0,1,0,0,detected_uncorrectable
SUPP-NEG-V1-001,secded_double_bit,P1,stage1_word_pos0,23+60,codeword_bits,,0,1,0,0,detected_uncorrectable
SUPP-NEG-V1-001,secded_double_bit,P1,stage1_word_pos0,23+61,codeword_bits,,0,1,0,0,detected_uncorrectable
SUPP-NEG-V1-001,secded_double_bit,P1,stage1_word_pos0,23+62,codeword_bits,,0,1,0,0,detected_uncorrectable
SUPP-NEG-V1-001,secded_double_bit,P1,stage1_word_pos0,23+63,codeword_bits,,0,1,0,0,detected_uncorrectable
SUPP-NEG-V1-001,secded_double_bit,P1,stage1_word_pos0,23+64,codeword_bits,,0,1,0,0,detected_uncorrectable
SUPP-NEG-V1-001,secded_double_bit,P1,stage1_word_pos0,23+65,codeword_bits,,0,1,0,0,detected_uncorrectable
SUPP-NEG-V1-001,secded_double_bit,P1,stage1_word_pos0,23+66,codeword_bits,,0,1,0,0,detected_uncorrectable
SUPP-NEG-V1-001,secded_double_bit,P1,stage1_word_pos0,23+67,codeword_bits,,0,1,0,0,detected_uncorrectable
SUPP-NEG-V1-001,secded_double_bit,P1,stage1_word_pos0,23+68,codeword_bits,,0,1,0,0,detected_uncorrectable
SUPP-NEG-V1-001,secded_double_bit,P1,stage1_word_pos0,23+69,codeword_bits,,0,1,0,0,detected_uncorrectable
SUPP-NEG-V1-001,secded_double_bit,P1,stage1_word_pos0,23+70,codeword_bits,,0,1,0,0,detected_uncorrectable
SUPP-NEG-V1-001,secded_double_bit,P1,stage1_word_pos0,23+71,codeword_bits,,0,1,0,0,detected_uncorrectable
SUPP-NEG-V1-001,secded_double_bit,P1,stage1_word_pos0,23+72,codeword_bits,,0,1,0,0,detected_uncorrectable
SUPP-NEG-V1-001,secded_double_bit,P1,stage1_word_pos0,23+73,codeword_bits,,0,1,0,0,detected_uncorrectable
SUPP-NEG-V1-001,secded_double_bit,P1,stage1_word_pos0,23+74,codeword_bits,,0,1,0,0,detected_uncorrectable
SUPP-NEG-V1-001,secded_double_bit,P1,stage1_word_pos0,23+75,codeword_bits,,0,1,0,0,detected_uncorrectable
SUPP-NEG-V1-001,secded_double_bit,P1,stage1_word_pos0,23+76,codeword_bits,,0,1,0,0,detected_uncorrectable
SUPP-NEG-V1-001,secded_double_bit,P1,stage1_word_pos0,23+77,codeword_bits,,0,1,0,0,detected_uncorrectable
SUPP-NEG-V1-001,secded_double_bit,P1,stage1_word_pos0,24+25,codeword_bits,,0,1,0,0,detected_uncorrectable
SUPP-NEG-V1-001,secded_double_bit,P1,stage1_word_pos0,24+26,codeword_bits,,0,1,0,0,detected_uncorrectable
SUPP-NEG-V1-001,secded_double_bit,P1,stage1_word_pos0,24+27,codeword_bits,,0,1,0,0,detected_uncorrectable
SUPP-NEG-V1-001,secded_double_bit,P1,stage1_word_pos0,24+28,codeword_bits,,0,1,0,0,detected_uncorrectable
SUPP-NEG-V1-001,secded_double_bit,P1,stage1_word_pos0,24+29,codeword_bits,,0,1,0,0,detected_uncorrectable
SUPP-NEG-V1-001,secded_double_bit,P1,stage1_word_pos0,24+30,codeword_bits,,0,1,0,0,detected_uncorrectable
SUPP-NEG-V1-001,secded_double_bit,P1,stage1_word_pos0,24+31,codeword_bits,,0,1,0,0,detected_uncorrectable
SUPP-NEG-V1-001,secded_double_bit,P1,stage1_word_pos0,24+32,codeword_bits,,0,1,0,0,detected_uncorrectable
SUPP-NEG-V1-001,secded_double_bit,P1,stage1_word_pos0,24+33,codeword_bits,,0,1,0,0,detected_uncorrectable
SUPP-NEG-V1-001,secded_double_bit,P1,stage1_word_pos0,24+34,codeword_bits,,0,1,0,0,detected_uncorrectable
SUPP-NEG-V1-001,secded_double_bit,P1,stage1_word_pos0,24+35,codeword_bits,,0,1,0,0,detected_uncorrectable
SUPP-NEG-V1-001,secded_double_bit,P1,stage1_word_pos0,24+36,codeword_bits,,0,1,0,0,detected_uncorrectable
SUPP-NEG-V1-001,secded_double_bit,P1,stage1_word_pos0,24+37,codeword_bits,,0,1,0,0,detected_uncorrectable
SUPP-NEG-V1-001,secded_double_bit,P1,stage1_word_pos0,24+38,codeword_bits,,0,1,0,0,detected_uncorrectable
SUPP-NEG-V1-001,secded_double_bit,P1,stage1_word_pos0,24+39,codeword_bits,,0,1,0,0,detected_uncorrectable
SUPP-NEG-V1-001,secded_double_bit,P1,stage1_word_pos0,24+40,codeword_bits,,0,1,0,0,detected_uncorrectable
SUPP-NEG-V1-001,secded_double_bit,P1,stage1_word_pos0,24+41,codeword_bits,,0,1,0,0,detected_uncorrectable
SUPP-NEG-V1-001,secded_double_bit,P1,stage1_word_pos0,24+42,codeword_bits,,0,1,0,0,detected_uncorrectable
SUPP-NEG-V1-001,secded_double_bit,P1,stage1_word_pos0,24+43,codeword_bits,,0,1,0,0,detected_uncorrectable
SUPP-NEG-V1-001,secded_double_bit,P1,stage1_word_pos0,24+44,codeword_bits,,0,1,0,0,detected_uncorrectable
SUPP-NEG-V1-001,secded_double_bit,P1,stage1_word_pos0,24+45,codeword_bits,,0,1,0,0,detected_uncorrectable
SUPP-NEG-V1-001,secded_double_bit,P1,stage1_word_pos0,24+46,codeword_bits,,0,1,0,0,detected_uncorrectable
SUPP-NEG-V1-001,secded_double_bit,P1,stage1_word_pos0,24+47,codeword_bits,,0,1,0,0,detected_uncorrectable
SUPP-NEG-V1-001,secded_double_bit,P1,stage1_word_pos0,24+48,codeword_bits,,0,1,0,0,detected_uncorrectable
SUPP-NEG-V1-001,secded_double_bit,P1,stage1_word_pos0,24+49,codeword_bits,,0,1,0,0,detected_uncorrectable
SUPP-NEG-V1-001,secded_double_bit,P1,stage1_word_pos0,24+50,codeword_bits,,0,1,0,0,detected_uncorrectable
SUPP-NEG-V1-001,secded_double_bit,P1,stage1_word_pos0,24+51,codeword_bits,,0,1,0,0,detected_uncorrectable
SUPP-NEG-V1-001,secded_double_bit,P1,stage1_word_pos0,24+52,codeword_bits,,0,1,0,0,detected_uncorrectable
SUPP-NEG-V1-001,secded_double_bit,P1,stage1_word_pos0,24+53,codeword_bits,,0,1,0,0,detected_uncorrectable
SUPP-NEG-V1-001,secded_double_bit,P1,stage1_word_pos0,24+54,codeword_bits,,0,1,0,0,detected_uncorrectable
SUPP-NEG-V1-001,secded_double_bit,P1,stage1_word_pos0,24+55,codeword_bits,,0,1,0,0,detected_uncorrectable
SUPP-NEG-V1-001,secded_double_bit,P1,stage1_word_pos0,24+56,codeword_bits,,0,1,0,0,detected_uncorrectable
SUPP-NEG-V1-001,secded_double_bit,P1,stage1_word_pos0,24+57,codeword_bits,,0,1,0,0,detected_uncorrectable
SUPP-NEG-V1-001,secded_double_bit,P1,stage1_word_pos0,24+58,codeword_bits,,0,1,0,0,detected_uncorrectable
SUPP-NEG-V1-001,secded_double_bit,P1,stage1_word_pos0,24+59,codeword_bits,,0,1,0,0,detected_uncorrectable
SUPP-NEG-V1-001,secded_double_bit,P1,stage1_word_pos0,24+60,codeword_bits,,0,1,0,0,detected_uncorrectable
SUPP-NEG-V1-001,secded_double_bit,P1,stage1_word_pos0,24+61,codeword_bits,,0,1,0,0,detected_uncorrectable
SUPP-NEG-V1-001,secded_double_bit,P1,stage1_word_pos0,24+62,codeword_bits,,0,1,0,0,detected_uncorrectable
SUPP-NEG-V1-001,secded_double_bit,P1,stage1_word_pos0,24+63,codeword_bits,,0,1,0,0,detected_uncorrectable
SUPP-NEG-V1-001,secded_double_bit,P1,stage1_word_pos0,24+64,codeword_bits,,0,1,0,0,detected_uncorrectable
SUPP-NEG-V1-001,secded_double_bit,P1,stage1_word_pos0,24+65,codeword_bits,,0,1,0,0,detected_uncorrectable
SUPP-NEG-V1-001,secded_double_bit,P1,stage1_word_pos0,24+66,codeword_bits,,0,1,0,0,detected_uncorrectable
SUPP-NEG-V1-001,secded_double_bit,P1,stage1_word_pos0,24+67,codeword_bits,,0,1,0,0,detected_uncorrectable
SUPP-NEG-V1-001,secded_double_bit,P1,stage1_word_pos0,24+68,codeword_bits,,0,1,0,0,detected_uncorrectable
SUPP-NEG-V1-001,secded_double_bit,P1,stage1_word_pos0,24+69,codeword_bits,,0,1,0,0,detected_uncorrectable
SUPP-NEG-V1-001,secded_double_bit,P1,stage1_word_pos0,24+70,codeword_bits,,0,1,0,0,detected_uncorrectable
SUPP-NEG-V1-001,secded_double_bit,P1,stage1_word_pos0,24+71,codeword_bits,,0,1,0,0,detected_uncorrectable
SUPP-NEG-V1-001,secded_double_bit,P1,stage1_word_pos0,24+72,codeword_bits,,0,1,0,0,detected_uncorrectable
SUPP-NEG-V1-001,secded_double_bit,P1,stage1_word_pos0,24+73,codeword_bits,,0,1,0,0,detected_uncorrectable
SUPP-NEG-V1-001,secded_double_bit,P1,stage1_word_pos0,24+74,codeword_bits,,0,1,0,0,detected_uncorrectable
SUPP-NEG-V1-001,secded_double_bit,P1,stage1_word_pos0,24+75,codeword_bits,,0,1,0,0,detected_uncorrectable
SUPP-NEG-V1-001,secded_double_bit,P1,stage1_word_pos0,24+76,codeword_bits,,0,1,0,0,detected_uncorrectable
SUPP-NEG-V1-001,secded_double_bit,P1,stage1_word_pos0,24+77,codeword_bits,,0,1,0,0,detected_uncorrectable
SUPP-NEG-V1-001,secded_double_bit,P1,stage1_word_pos0,25+26,codeword_bits,,0,1,0,0,detected_uncorrectable
SUPP-NEG-V1-001,secded_double_bit,P1,stage1_word_pos0,25+27,codeword_bits,,0,1,0,0,detected_uncorrectable
SUPP-NEG-V1-001,secded_double_bit,P1,stage1_word_pos0,25+28,codeword_bits,,0,1,0,0,detected_uncorrectable
SUPP-NEG-V1-001,secded_double_bit,P1,stage1_word_pos0,25+29,codeword_bits,,0,1,0,0,detected_uncorrectable
SUPP-NEG-V1-001,secded_double_bit,P1,stage1_word_pos0,25+30,codeword_bits,,0,1,0,0,detected_uncorrectable
SUPP-NEG-V1-001,secded_double_bit,P1,stage1_word_pos0,25+31,codeword_bits,,0,1,0,0,detected_uncorrectable
SUPP-NEG-V1-001,secded_double_bit,P1,stage1_word_pos0,25+32,codeword_bits,,0,1,0,0,detected_uncorrectable
SUPP-NEG-V1-001,secded_double_bit,P1,stage1_word_pos0,25+33,codeword_bits,,0,1,0,0,detected_uncorrectable
SUPP-NEG-V1-001,secded_double_bit,P1,stage1_word_pos0,25+34,codeword_bits,,0,1,0,0,detected_uncorrectable
SUPP-NEG-V1-001,secded_double_bit,P1,stage1_word_pos0,25+35,codeword_bits,,0,1,0,0,detected_uncorrectable
SUPP-NEG-V1-001,secded_double_bit,P1,stage1_word_pos0,25+36,codeword_bits,,0,1,0,0,detected_uncorrectable
SUPP-NEG-V1-001,secded_double_bit,P1,stage1_word_pos0,25+37,codeword_bits,,0,1,0,0,detected_uncorrectable
SUPP-NEG-V1-001,secded_double_bit,P1,stage1_word_pos0,25+38,codeword_bits,,0,1,0,0,detected_uncorrectable
SUPP-NEG-V1-001,secded_double_bit,P1,stage1_word_pos0,25+39,codeword_bits,,0,1,0,0,detected_uncorrectable
SUPP-NEG-V1-001,secded_double_bit,P1,stage1_word_pos0,25+40,codeword_bits,,0,1,0,0,detected_uncorrectable
SUPP-NEG-V1-001,secded_double_bit,P1,stage1_word_pos0,25+41,codeword_bits,,0,1,0,0,detected_uncorrectable
SUPP-NEG-V1-001,secded_double_bit,P1,stage1_word_pos0,25+42,codeword_bits,,0,1,0,0,detected_uncorrectable
SUPP-NEG-V1-001,secded_double_bit,P1,stage1_word_pos0,25+43,codeword_bits,,0,1,0,0,detected_uncorrectable
SUPP-NEG-V1-001,secded_double_bit,P1,stage1_word_pos0,25+44,codeword_bits,,0,1,0,0,detected_uncorrectable
SUPP-NEG-V1-001,secded_double_bit,P1,stage1_word_pos0,25+45,codeword_bits,,0,1,0,0,detected_uncorrectable
SUPP-NEG-V1-001,secded_double_bit,P1,stage1_word_pos0,25+46,codeword_bits,,0,1,0,0,detected_uncorrectable
SUPP-NEG-V1-001,secded_double_bit,P1,stage1_word_pos0,25+47,codeword_bits,,0,1,0,0,detected_uncorrectable
SUPP-NEG-V1-001,secded_double_bit,P1,stage1_word_pos0,25+48,codeword_bits,,0,1,0,0,detected_uncorrectable
SUPP-NEG-V1-001,secded_double_bit,P1,stage1_word_pos0,25+49,codeword_bits,,0,1,0,0,detected_uncorrectable
SUPP-NEG-V1-001,secded_double_bit,P1,stage1_word_pos0,25+50,codeword_bits,,0,1,0,0,detected_uncorrectable
SUPP-NEG-V1-001,secded_double_bit,P1,stage1_word_pos0,25+51,codeword_bits,,0,1,0,0,detected_uncorrectable
SUPP-NEG-V1-001,secded_double_bit,P1,stage1_word_pos0,25+52,codeword_bits,,0,1,0,0,detected_uncorrectable
SUPP-NEG-V1-001,secded_double_bit,P1,stage1_word_pos0,25+53,codeword_bits,,0,1,0,0,detected_uncorrectable
SUPP-NEG-V1-001,secded_double_bit,P1,stage1_word_pos0,25+54,codeword_bits,,0,1,0,0,detected_uncorrectable
SUPP-NEG-V1-001,secded_double_bit,P1,stage1_word_pos0,25+55,codeword_bits,,0,1,0,0,detected_uncorrectable
SUPP-NEG-V1-001,secded_double_bit,P1,stage1_word_pos0,25+56,codeword_bits,,0,1,0,0,detected_uncorrectable
SUPP-NEG-V1-001,secded_double_bit,P1,stage1_word_pos0,25+57,codeword_bits,,0,1,0,0,detected_uncorrectable
SUPP-NEG-V1-001,secded_double_bit,P1,stage1_word_pos0,25+58,codeword_bits,,0,1,0,0,detected_uncorrectable
SUPP-NEG-V1-001,secded_double_bit,P1,stage1_word_pos0,25+59,codeword_bits,,0,1,0,0,detected_uncorrectable
SUPP-NEG-V1-001,secded_double_bit,P1,stage1_word_pos0,25+60,codeword_bits,,0,1,0,0,detected_uncorrectable
SUPP-NEG-V1-001,secded_double_bit,P1,stage1_word_pos0,25+61,codeword_bits,,0,1,0,0,detected_uncorrectable
SUPP-NEG-V1-001,secded_double_bit,P1,stage1_word_pos0,25+62,codeword_bits,,0,1,0,0,detected_uncorrectable
SUPP-NEG-V1-001,secded_double_bit,P1,stage1_word_pos0,25+63,codeword_bits,,0,1,0,0,detected_uncorrectable
SUPP-NEG-V1-001,secded_double_bit,P1,stage1_word_pos0,25+64,codeword_bits,,0,1,0,0,detected_uncorrectable
SUPP-NEG-V1-001,secded_double_bit,P1,stage1_word_pos0,25+65,codeword_bits,,0,1,0,0,detected_uncorrectable
SUPP-NEG-V1-001,secded_double_bit,P1,stage1_word_pos0,25+66,codeword_bits,,0,1,0,0,detected_uncorrectable
SUPP-NEG-V1-001,secded_double_bit,P1,stage1_word_pos0,25+67,codeword_bits,,0,1,0,0,detected_uncorrectable
SUPP-NEG-V1-001,secded_double_bit,P1,stage1_word_pos0,25+68,codeword_bits,,0,1,0,0,detected_uncorrectable
SUPP-NEG-V1-001,secded_double_bit,P1,stage1_word_pos0,25+69,codeword_bits,,0,1,0,0,detected_uncorrectable
SUPP-NEG-V1-001,secded_double_bit,P1,stage1_word_pos0,25+70,codeword_bits,,0,1,0,0,detected_uncorrectable
SUPP-NEG-V1-001,secded_double_bit,P1,stage1_word_pos0,25+71,codeword_bits,,0,1,0,0,detected_uncorrectable
SUPP-NEG-V1-001,secded_double_bit,P1,stage1_word_pos0,25+72,codeword_bits,,0,1,0,0,detected_uncorrectable
SUPP-NEG-V1-001,secded_double_bit,P1,stage1_word_pos0,25+73,codeword_bits,,0,1,0,0,detected_uncorrectable
SUPP-NEG-V1-001,secded_double_bit,P1,stage1_word_pos0,25+74,codeword_bits,,0,1,0,0,detected_uncorrectable
SUPP-NEG-V1-001,secded_double_bit,P1,stage1_word_pos0,25+75,codeword_bits,,0,1,0,0,detected_uncorrectable
SUPP-NEG-V1-001,secded_double_bit,P1,stage1_word_pos0,25+76,codeword_bits,,0,1,0,0,detected_uncorrectable
SUPP-NEG-V1-001,secded_double_bit,P1,stage1_word_pos0,25+77,codeword_bits,,0,1,0,0,detected_uncorrectable
SUPP-NEG-V1-001,secded_double_bit,P1,stage1_word_pos0,26+27,codeword_bits,,0,1,0,0,detected_uncorrectable
SUPP-NEG-V1-001,secded_double_bit,P1,stage1_word_pos0,26+28,codeword_bits,,0,1,0,0,detected_uncorrectable
SUPP-NEG-V1-001,secded_double_bit,P1,stage1_word_pos0,26+29,codeword_bits,,0,1,0,0,detected_uncorrectable
SUPP-NEG-V1-001,secded_double_bit,P1,stage1_word_pos0,26+30,codeword_bits,,0,1,0,0,detected_uncorrectable
SUPP-NEG-V1-001,secded_double_bit,P1,stage1_word_pos0,26+31,codeword_bits,,0,1,0,0,detected_uncorrectable
SUPP-NEG-V1-001,secded_double_bit,P1,stage1_word_pos0,26+32,codeword_bits,,0,1,0,0,detected_uncorrectable
SUPP-NEG-V1-001,secded_double_bit,P1,stage1_word_pos0,26+33,codeword_bits,,0,1,0,0,detected_uncorrectable
SUPP-NEG-V1-001,secded_double_bit,P1,stage1_word_pos0,26+34,codeword_bits,,0,1,0,0,detected_uncorrectable
SUPP-NEG-V1-001,secded_double_bit,P1,stage1_word_pos0,26+35,codeword_bits,,0,1,0,0,detected_uncorrectable
SUPP-NEG-V1-001,secded_double_bit,P1,stage1_word_pos0,26+36,codeword_bits,,0,1,0,0,detected_uncorrectable
SUPP-NEG-V1-001,secded_double_bit,P1,stage1_word_pos0,26+37,codeword_bits,,0,1,0,0,detected_uncorrectable
SUPP-NEG-V1-001,secded_double_bit,P1,stage1_word_pos0,26+38,codeword_bits,,0,1,0,0,detected_uncorrectable
SUPP-NEG-V1-001,secded_double_bit,P1,stage1_word_pos0,26+39,codeword_bits,,0,1,0,0,detected_uncorrectable
SUPP-NEG-V1-001,secded_double_bit,P1,stage1_word_pos0,26+40,codeword_bits,,0,1,0,0,detected_uncorrectable
SUPP-NEG-V1-001,secded_double_bit,P1,stage1_word_pos0,26+41,codeword_bits,,0,1,0,0,detected_uncorrectable
SUPP-NEG-V1-001,secded_double_bit,P1,stage1_word_pos0,26+42,codeword_bits,,0,1,0,0,detected_uncorrectable
SUPP-NEG-V1-001,secded_double_bit,P1,stage1_word_pos0,26+43,codeword_bits,,0,1,0,0,detected_uncorrectable
SUPP-NEG-V1-001,secded_double_bit,P1,stage1_word_pos0,26+44,codeword_bits,,0,1,0,0,detected_uncorrectable
SUPP-NEG-V1-001,secded_double_bit,P1,stage1_word_pos0,26+45,codeword_bits,,0,1,0,0,detected_uncorrectable
SUPP-NEG-V1-001,secded_double_bit,P1,stage1_word_pos0,26+46,codeword_bits,,0,1,0,0,detected_uncorrectable
SUPP-NEG-V1-001,secded_double_bit,P1,stage1_word_pos0,26+47,codeword_bits,,0,1,0,0,detected_uncorrectable
SUPP-NEG-V1-001,secded_double_bit,P1,stage1_word_pos0,26+48,codeword_bits,,0,1,0,0,detected_uncorrectable
SUPP-NEG-V1-001,secded_double_bit,P1,stage1_word_pos0,26+49,codeword_bits,,0,1,0,0,detected_uncorrectable
SUPP-NEG-V1-001,secded_double_bit,P1,stage1_word_pos0,26+50,codeword_bits,,0,1,0,0,detected_uncorrectable
SUPP-NEG-V1-001,secded_double_bit,P1,stage1_word_pos0,26+51,codeword_bits,,0,1,0,0,detected_uncorrectable
SUPP-NEG-V1-001,secded_double_bit,P1,stage1_word_pos0,26+52,codeword_bits,,0,1,0,0,detected_uncorrectable
SUPP-NEG-V1-001,secded_double_bit,P1,stage1_word_pos0,26+53,codeword_bits,,0,1,0,0,detected_uncorrectable
SUPP-NEG-V1-001,secded_double_bit,P1,stage1_word_pos0,26+54,codeword_bits,,0,1,0,0,detected_uncorrectable
SUPP-NEG-V1-001,secded_double_bit,P1,stage1_word_pos0,26+55,codeword_bits,,0,1,0,0,detected_uncorrectable
SUPP-NEG-V1-001,secded_double_bit,P1,stage1_word_pos0,26+56,codeword_bits,,0,1,0,0,detected_uncorrectable
SUPP-NEG-V1-001,secded_double_bit,P1,stage1_word_pos0,26+57,codeword_bits,,0,1,0,0,detected_uncorrectable
SUPP-NEG-V1-001,secded_double_bit,P1,stage1_word_pos0,26+58,codeword_bits,,0,1,0,0,detected_uncorrectable
SUPP-NEG-V1-001,secded_double_bit,P1,stage1_word_pos0,26+59,codeword_bits,,0,1,0,0,detected_uncorrectable
SUPP-NEG-V1-001,secded_double_bit,P1,stage1_word_pos0,26+60,codeword_bits,,0,1,0,0,detected_uncorrectable
SUPP-NEG-V1-001,secded_double_bit,P1,stage1_word_pos0,26+61,codeword_bits,,0,1,0,0,detected_uncorrectable
SUPP-NEG-V1-001,secded_double_bit,P1,stage1_word_pos0,26+62,codeword_bits,,0,1,0,0,detected_uncorrectable
SUPP-NEG-V1-001,secded_double_bit,P1,stage1_word_pos0,26+63,codeword_bits,,0,1,0,0,detected_uncorrectable
SUPP-NEG-V1-001,secded_double_bit,P1,stage1_word_pos0,26+64,codeword_bits,,0,1,0,0,detected_uncorrectable
SUPP-NEG-V1-001,secded_double_bit,P1,stage1_word_pos0,26+65,codeword_bits,,0,1,0,0,detected_uncorrectable
SUPP-NEG-V1-001,secded_double_bit,P1,stage1_word_pos0,26+66,codeword_bits,,0,1,0,0,detected_uncorrectable
SUPP-NEG-V1-001,secded_double_bit,P1,stage1_word_pos0,26+67,codeword_bits,,0,1,0,0,detected_uncorrectable
SUPP-NEG-V1-001,secded_double_bit,P1,stage1_word_pos0,26+68,codeword_bits,,0,1,0,0,detected_uncorrectable
SUPP-NEG-V1-001,secded_double_bit,P1,stage1_word_pos0,26+69,codeword_bits,,0,1,0,0,detected_uncorrectable
SUPP-NEG-V1-001,secded_double_bit,P1,stage1_word_pos0,26+70,codeword_bits,,0,1,0,0,detected_uncorrectable
SUPP-NEG-V1-001,secded_double_bit,P1,stage1_word_pos0,26+71,codeword_bits,,0,1,0,0,detected_uncorrectable
SUPP-NEG-V1-001,secded_double_bit,P1,stage1_word_pos0,26+72,codeword_bits,,0,1,0,0,detected_uncorrectable
SUPP-NEG-V1-001,secded_double_bit,P1,stage1_word_pos0,26+73,codeword_bits,,0,1,0,0,detected_uncorrectable
SUPP-NEG-V1-001,secded_double_bit,P1,stage1_word_pos0,26+74,codeword_bits,,0,1,0,0,detected_uncorrectable
SUPP-NEG-V1-001,secded_double_bit,P1,stage1_word_pos0,26+75,codeword_bits,,0,1,0,0,detected_uncorrectable
SUPP-NEG-V1-001,secded_double_bit,P1,stage1_word_pos0,26+76,codeword_bits,,0,1,0,0,detected_uncorrectable
SUPP-NEG-V1-001,secded_double_bit,P1,stage1_word_pos0,26+77,codeword_bits,,0,1,0,0,detected_uncorrectable
SUPP-NEG-V1-001,secded_double_bit,P1,stage1_word_pos0,27+28,codeword_bits,,0,1,0,0,detected_uncorrectable
SUPP-NEG-V1-001,secded_double_bit,P1,stage1_word_pos0,27+29,codeword_bits,,0,1,0,0,detected_uncorrectable
SUPP-NEG-V1-001,secded_double_bit,P1,stage1_word_pos0,27+30,codeword_bits,,0,1,0,0,detected_uncorrectable
SUPP-NEG-V1-001,secded_double_bit,P1,stage1_word_pos0,27+31,codeword_bits,,0,1,0,0,detected_uncorrectable
SUPP-NEG-V1-001,secded_double_bit,P1,stage1_word_pos0,27+32,codeword_bits,,0,1,0,0,detected_uncorrectable
SUPP-NEG-V1-001,secded_double_bit,P1,stage1_word_pos0,27+33,codeword_bits,,0,1,0,0,detected_uncorrectable
SUPP-NEG-V1-001,secded_double_bit,P1,stage1_word_pos0,27+34,codeword_bits,,0,1,0,0,detected_uncorrectable
SUPP-NEG-V1-001,secded_double_bit,P1,stage1_word_pos0,27+35,codeword_bits,,0,1,0,0,detected_uncorrectable
SUPP-NEG-V1-001,secded_double_bit,P1,stage1_word_pos0,27+36,codeword_bits,,0,1,0,0,detected_uncorrectable
SUPP-NEG-V1-001,secded_double_bit,P1,stage1_word_pos0,27+37,codeword_bits,,0,1,0,0,detected_uncorrectable
SUPP-NEG-V1-001,secded_double_bit,P1,stage1_word_pos0,27+38,codeword_bits,,0,1,0,0,detected_uncorrectable
SUPP-NEG-V1-001,secded_double_bit,P1,stage1_word_pos0,27+39,codeword_bits,,0,1,0,0,detected_uncorrectable
SUPP-NEG-V1-001,secded_double_bit,P1,stage1_word_pos0,27+40,codeword_bits,,0,1,0,0,detected_uncorrectable
SUPP-NEG-V1-001,secded_double_bit,P1,stage1_word_pos0,27+41,codeword_bits,,0,1,0,0,detected_uncorrectable
SUPP-NEG-V1-001,secded_double_bit,P1,stage1_word_pos0,27+42,codeword_bits,,0,1,0,0,detected_uncorrectable
SUPP-NEG-V1-001,secded_double_bit,P1,stage1_word_pos0,27+43,codeword_bits,,0,1,0,0,detected_uncorrectable
SUPP-NEG-V1-001,secded_double_bit,P1,stage1_word_pos0,27+44,codeword_bits,,0,1,0,0,detected_uncorrectable
SUPP-NEG-V1-001,secded_double_bit,P1,stage1_word_pos0,27+45,codeword_bits,,0,1,0,0,detected_uncorrectable
SUPP-NEG-V1-001,secded_double_bit,P1,stage1_word_pos0,27+46,codeword_bits,,0,1,0,0,detected_uncorrectable
SUPP-NEG-V1-001,secded_double_bit,P1,stage1_word_pos0,27+47,codeword_bits,,0,1,0,0,detected_uncorrectable
SUPP-NEG-V1-001,secded_double_bit,P1,stage1_word_pos0,27+48,codeword_bits,,0,1,0,0,detected_uncorrectable
SUPP-NEG-V1-001,secded_double_bit,P1,stage1_word_pos0,27+49,codeword_bits,,0,1,0,0,detected_uncorrectable
SUPP-NEG-V1-001,secded_double_bit,P1,stage1_word_pos0,27+50,codeword_bits,,0,1,0,0,detected_uncorrectable
SUPP-NEG-V1-001,secded_double_bit,P1,stage1_word_pos0,27+51,codeword_bits,,0,1,0,0,detected_uncorrectable
SUPP-NEG-V1-001,secded_double_bit,P1,stage1_word_pos0,27+52,codeword_bits,,0,1,0,0,detected_uncorrectable
SUPP-NEG-V1-001,secded_double_bit,P1,stage1_word_pos0,27+53,codeword_bits,,0,1,0,0,detected_uncorrectable
SUPP-NEG-V1-001,secded_double_bit,P1,stage1_word_pos0,27+54,codeword_bits,,0,1,0,0,detected_uncorrectable
SUPP-NEG-V1-001,secded_double_bit,P1,stage1_word_pos0,27+55,codeword_bits,,0,1,0,0,detected_uncorrectable
SUPP-NEG-V1-001,secded_double_bit,P1,stage1_word_pos0,27+56,codeword_bits,,0,1,0,0,detected_uncorrectable
SUPP-NEG-V1-001,secded_double_bit,P1,stage1_word_pos0,27+57,codeword_bits,,0,1,0,0,detected_uncorrectable
SUPP-NEG-V1-001,secded_double_bit,P1,stage1_word_pos0,27+58,codeword_bits,,0,1,0,0,detected_uncorrectable
SUPP-NEG-V1-001,secded_double_bit,P1,stage1_word_pos0,27+59,codeword_bits,,0,1,0,0,detected_uncorrectable
SUPP-NEG-V1-001,secded_double_bit,P1,stage1_word_pos0,27+60,codeword_bits,,0,1,0,0,detected_uncorrectable
SUPP-NEG-V1-001,secded_double_bit,P1,stage1_word_pos0,27+61,codeword_bits,,0,1,0,0,detected_uncorrectable
SUPP-NEG-V1-001,secded_double_bit,P1,stage1_word_pos0,27+62,codeword_bits,,0,1,0,0,detected_uncorrectable
SUPP-NEG-V1-001,secded_double_bit,P1,stage1_word_pos0,27+63,codeword_bits,,0,1,0,0,detected_uncorrectable
SUPP-NEG-V1-001,secded_double_bit,P1,stage1_word_pos0,27+64,codeword_bits,,0,1,0,0,detected_uncorrectable
SUPP-NEG-V1-001,secded_double_bit,P1,stage1_word_pos0,27+65,codeword_bits,,0,1,0,0,detected_uncorrectable
SUPP-NEG-V1-001,secded_double_bit,P1,stage1_word_pos0,27+66,codeword_bits,,0,1,0,0,detected_uncorrectable
SUPP-NEG-V1-001,secded_double_bit,P1,stage1_word_pos0,27+67,codeword_bits,,0,1,0,0,detected_uncorrectable
SUPP-NEG-V1-001,secded_double_bit,P1,stage1_word_pos0,27+68,codeword_bits,,0,1,0,0,detected_uncorrectable
SUPP-NEG-V1-001,secded_double_bit,P1,stage1_word_pos0,27+69,codeword_bits,,0,1,0,0,detected_uncorrectable
SUPP-NEG-V1-001,secded_double_bit,P1,stage1_word_pos0,27+70,codeword_bits,,0,1,0,0,detected_uncorrectable
SUPP-NEG-V1-001,secded_double_bit,P1,stage1_word_pos0,27+71,codeword_bits,,0,1,0,0,detected_uncorrectable
SUPP-NEG-V1-001,secded_double_bit,P1,stage1_word_pos0,27+72,codeword_bits,,0,1,0,0,detected_uncorrectable
SUPP-NEG-V1-001,secded_double_bit,P1,stage1_word_pos0,27+73,codeword_bits,,0,1,0,0,detected_uncorrectable
SUPP-NEG-V1-001,secded_double_bit,P1,stage1_word_pos0,27+74,codeword_bits,,0,1,0,0,detected_uncorrectable
SUPP-NEG-V1-001,secded_double_bit,P1,stage1_word_pos0,27+75,codeword_bits,,0,1,0,0,detected_uncorrectable
SUPP-NEG-V1-001,secded_double_bit,P1,stage1_word_pos0,27+76,codeword_bits,,0,1,0,0,detected_uncorrectable
SUPP-NEG-V1-001,secded_double_bit,P1,stage1_word_pos0,27+77,codeword_bits,,0,1,0,0,detected_uncorrectable
SUPP-NEG-V1-001,secded_double_bit,P1,stage1_word_pos0,28+29,codeword_bits,,0,1,0,0,detected_uncorrectable
SUPP-NEG-V1-001,secded_double_bit,P1,stage1_word_pos0,28+30,codeword_bits,,0,1,0,0,detected_uncorrectable
SUPP-NEG-V1-001,secded_double_bit,P1,stage1_word_pos0,28+31,codeword_bits,,0,1,0,0,detected_uncorrectable
SUPP-NEG-V1-001,secded_double_bit,P1,stage1_word_pos0,28+32,codeword_bits,,0,1,0,0,detected_uncorrectable
SUPP-NEG-V1-001,secded_double_bit,P1,stage1_word_pos0,28+33,codeword_bits,,0,1,0,0,detected_uncorrectable
SUPP-NEG-V1-001,secded_double_bit,P1,stage1_word_pos0,28+34,codeword_bits,,0,1,0,0,detected_uncorrectable
SUPP-NEG-V1-001,secded_double_bit,P1,stage1_word_pos0,28+35,codeword_bits,,0,1,0,0,detected_uncorrectable
SUPP-NEG-V1-001,secded_double_bit,P1,stage1_word_pos0,28+36,codeword_bits,,0,1,0,0,detected_uncorrectable
SUPP-NEG-V1-001,secded_double_bit,P1,stage1_word_pos0,28+37,codeword_bits,,0,1,0,0,detected_uncorrectable
SUPP-NEG-V1-001,secded_double_bit,P1,stage1_word_pos0,28+38,codeword_bits,,0,1,0,0,detected_uncorrectable
SUPP-NEG-V1-001,secded_double_bit,P1,stage1_word_pos0,28+39,codeword_bits,,0,1,0,0,detected_uncorrectable
SUPP-NEG-V1-001,secded_double_bit,P1,stage1_word_pos0,28+40,codeword_bits,,0,1,0,0,detected_uncorrectable
SUPP-NEG-V1-001,secded_double_bit,P1,stage1_word_pos0,28+41,codeword_bits,,0,1,0,0,detected_uncorrectable
SUPP-NEG-V1-001,secded_double_bit,P1,stage1_word_pos0,28+42,codeword_bits,,0,1,0,0,detected_uncorrectable
SUPP-NEG-V1-001,secded_double_bit,P1,stage1_word_pos0,28+43,codeword_bits,,0,1,0,0,detected_uncorrectable
SUPP-NEG-V1-001,secded_double_bit,P1,stage1_word_pos0,28+44,codeword_bits,,0,1,0,0,detected_uncorrectable
SUPP-NEG-V1-001,secded_double_bit,P1,stage1_word_pos0,28+45,codeword_bits,,0,1,0,0,detected_uncorrectable
SUPP-NEG-V1-001,secded_double_bit,P1,stage1_word_pos0,28+46,codeword_bits,,0,1,0,0,detected_uncorrectable
SUPP-NEG-V1-001,secded_double_bit,P1,stage1_word_pos0,28+47,codeword_bits,,0,1,0,0,detected_uncorrectable
SUPP-NEG-V1-001,secded_double_bit,P1,stage1_word_pos0,28+48,codeword_bits,,0,1,0,0,detected_uncorrectable
SUPP-NEG-V1-001,secded_double_bit,P1,stage1_word_pos0,28+49,codeword_bits,,0,1,0,0,detected_uncorrectable
SUPP-NEG-V1-001,secded_double_bit,P1,stage1_word_pos0,28+50,codeword_bits,,0,1,0,0,detected_uncorrectable
SUPP-NEG-V1-001,secded_double_bit,P1,stage1_word_pos0,28+51,codeword_bits,,0,1,0,0,detected_uncorrectable
SUPP-NEG-V1-001,secded_double_bit,P1,stage1_word_pos0,28+52,codeword_bits,,0,1,0,0,detected_uncorrectable
SUPP-NEG-V1-001,secded_double_bit,P1,stage1_word_pos0,28+53,codeword_bits,,0,1,0,0,detected_uncorrectable
SUPP-NEG-V1-001,secded_double_bit,P1,stage1_word_pos0,28+54,codeword_bits,,0,1,0,0,detected_uncorrectable
SUPP-NEG-V1-001,secded_double_bit,P1,stage1_word_pos0,28+55,codeword_bits,,0,1,0,0,detected_uncorrectable
SUPP-NEG-V1-001,secded_double_bit,P1,stage1_word_pos0,28+56,codeword_bits,,0,1,0,0,detected_uncorrectable
SUPP-NEG-V1-001,secded_double_bit,P1,stage1_word_pos0,28+57,codeword_bits,,0,1,0,0,detected_uncorrectable
SUPP-NEG-V1-001,secded_double_bit,P1,stage1_word_pos0,28+58,codeword_bits,,0,1,0,0,detected_uncorrectable
SUPP-NEG-V1-001,secded_double_bit,P1,stage1_word_pos0,28+59,codeword_bits,,0,1,0,0,detected_uncorrectable
SUPP-NEG-V1-001,secded_double_bit,P1,stage1_word_pos0,28+60,codeword_bits,,0,1,0,0,detected_uncorrectable
SUPP-NEG-V1-001,secded_double_bit,P1,stage1_word_pos0,28+61,codeword_bits,,0,1,0,0,detected_uncorrectable
SUPP-NEG-V1-001,secded_double_bit,P1,stage1_word_pos0,28+62,codeword_bits,,0,1,0,0,detected_uncorrectable
SUPP-NEG-V1-001,secded_double_bit,P1,stage1_word_pos0,28+63,codeword_bits,,0,1,0,0,detected_uncorrectable
SUPP-NEG-V1-001,secded_double_bit,P1,stage1_word_pos0,28+64,codeword_bits,,0,1,0,0,detected_uncorrectable
SUPP-NEG-V1-001,secded_double_bit,P1,stage1_word_pos0,28+65,codeword_bits,,0,1,0,0,detected_uncorrectable
SUPP-NEG-V1-001,secded_double_bit,P1,stage1_word_pos0,28+66,codeword_bits,,0,1,0,0,detected_uncorrectable
SUPP-NEG-V1-001,secded_double_bit,P1,stage1_word_pos0,28+67,codeword_bits,,0,1,0,0,detected_uncorrectable
SUPP-NEG-V1-001,secded_double_bit,P1,stage1_word_pos0,28+68,codeword_bits,,0,1,0,0,detected_uncorrectable
SUPP-NEG-V1-001,secded_double_bit,P1,stage1_word_pos0,28+69,codeword_bits,,0,1,0,0,detected_uncorrectable
SUPP-NEG-V1-001,secded_double_bit,P1,stage1_word_pos0,28+70,codeword_bits,,0,1,0,0,detected_uncorrectable
SUPP-NEG-V1-001,secded_double_bit,P1,stage1_word_pos0,28+71,codeword_bits,,0,1,0,0,detected_uncorrectable
SUPP-NEG-V1-001,secded_double_bit,P1,stage1_word_pos0,28+72,codeword_bits,,0,1,0,0,detected_uncorrectable
SUPP-NEG-V1-001,secded_double_bit,P1,stage1_word_pos0,28+73,codeword_bits,,0,1,0,0,detected_uncorrectable
SUPP-NEG-V1-001,secded_double_bit,P1,stage1_word_pos0,28+74,codeword_bits,,0,1,0,0,detected_uncorrectable
SUPP-NEG-V1-001,secded_double_bit,P1,stage1_word_pos0,28+75,codeword_bits,,0,1,0,0,detected_uncorrectable
SUPP-NEG-V1-001,secded_double_bit,P1,stage1_word_pos0,28+76,codeword_bits,,0,1,0,0,detected_uncorrectable
SUPP-NEG-V1-001,secded_double_bit,P1,stage1_word_pos0,28+77,codeword_bits,,0,1,0,0,detected_uncorrectable
SUPP-NEG-V1-001,secded_double_bit,P1,stage1_word_pos0,29+30,codeword_bits,,0,1,0,0,detected_uncorrectable
SUPP-NEG-V1-001,secded_double_bit,P1,stage1_word_pos0,29+31,codeword_bits,,0,1,0,0,detected_uncorrectable
SUPP-NEG-V1-001,secded_double_bit,P1,stage1_word_pos0,29+32,codeword_bits,,0,1,0,0,detected_uncorrectable
SUPP-NEG-V1-001,secded_double_bit,P1,stage1_word_pos0,29+33,codeword_bits,,0,1,0,0,detected_uncorrectable
SUPP-NEG-V1-001,secded_double_bit,P1,stage1_word_pos0,29+34,codeword_bits,,0,1,0,0,detected_uncorrectable
SUPP-NEG-V1-001,secded_double_bit,P1,stage1_word_pos0,29+35,codeword_bits,,0,1,0,0,detected_uncorrectable
SUPP-NEG-V1-001,secded_double_bit,P1,stage1_word_pos0,29+36,codeword_bits,,0,1,0,0,detected_uncorrectable
SUPP-NEG-V1-001,secded_double_bit,P1,stage1_word_pos0,29+37,codeword_bits,,0,1,0,0,detected_uncorrectable
SUPP-NEG-V1-001,secded_double_bit,P1,stage1_word_pos0,29+38,codeword_bits,,0,1,0,0,detected_uncorrectable
SUPP-NEG-V1-001,secded_double_bit,P1,stage1_word_pos0,29+39,codeword_bits,,0,1,0,0,detected_uncorrectable
SUPP-NEG-V1-001,secded_double_bit,P1,stage1_word_pos0,29+40,codeword_bits,,0,1,0,0,detected_uncorrectable
SUPP-NEG-V1-001,secded_double_bit,P1,stage1_word_pos0,29+41,codeword_bits,,0,1,0,0,detected_uncorrectable
SUPP-NEG-V1-001,secded_double_bit,P1,stage1_word_pos0,29+42,codeword_bits,,0,1,0,0,detected_uncorrectable
SUPP-NEG-V1-001,secded_double_bit,P1,stage1_word_pos0,29+43,codeword_bits,,0,1,0,0,detected_uncorrectable
SUPP-NEG-V1-001,secded_double_bit,P1,stage1_word_pos0,29+44,codeword_bits,,0,1,0,0,detected_uncorrectable
SUPP-NEG-V1-001,secded_double_bit,P1,stage1_word_pos0,29+45,codeword_bits,,0,1,0,0,detected_uncorrectable
SUPP-NEG-V1-001,secded_double_bit,P1,stage1_word_pos0,29+46,codeword_bits,,0,1,0,0,detected_uncorrectable
SUPP-NEG-V1-001,secded_double_bit,P1,stage1_word_pos0,29+47,codeword_bits,,0,1,0,0,detected_uncorrectable
SUPP-NEG-V1-001,secded_double_bit,P1,stage1_word_pos0,29+48,codeword_bits,,0,1,0,0,detected_uncorrectable
SUPP-NEG-V1-001,secded_double_bit,P1,stage1_word_pos0,29+49,codeword_bits,,0,1,0,0,detected_uncorrectable
SUPP-NEG-V1-001,secded_double_bit,P1,stage1_word_pos0,29+50,codeword_bits,,0,1,0,0,detected_uncorrectable
SUPP-NEG-V1-001,secded_double_bit,P1,stage1_word_pos0,29+51,codeword_bits,,0,1,0,0,detected_uncorrectable
SUPP-NEG-V1-001,secded_double_bit,P1,stage1_word_pos0,29+52,codeword_bits,,0,1,0,0,detected_uncorrectable
SUPP-NEG-V1-001,secded_double_bit,P1,stage1_word_pos0,29+53,codeword_bits,,0,1,0,0,detected_uncorrectable
SUPP-NEG-V1-001,secded_double_bit,P1,stage1_word_pos0,29+54,codeword_bits,,0,1,0,0,detected_uncorrectable
SUPP-NEG-V1-001,secded_double_bit,P1,stage1_word_pos0,29+55,codeword_bits,,0,1,0,0,detected_uncorrectable
SUPP-NEG-V1-001,secded_double_bit,P1,stage1_word_pos0,29+56,codeword_bits,,0,1,0,0,detected_uncorrectable
SUPP-NEG-V1-001,secded_double_bit,P1,stage1_word_pos0,29+57,codeword_bits,,0,1,0,0,detected_uncorrectable
SUPP-NEG-V1-001,secded_double_bit,P1,stage1_word_pos0,29+58,codeword_bits,,0,1,0,0,detected_uncorrectable
SUPP-NEG-V1-001,secded_double_bit,P1,stage1_word_pos0,29+59,codeword_bits,,0,1,0,0,detected_uncorrectable
SUPP-NEG-V1-001,secded_double_bit,P1,stage1_word_pos0,29+60,codeword_bits,,0,1,0,0,detected_uncorrectable
SUPP-NEG-V1-001,secded_double_bit,P1,stage1_word_pos0,29+61,codeword_bits,,0,1,0,0,detected_uncorrectable
SUPP-NEG-V1-001,secded_double_bit,P1,stage1_word_pos0,29+62,codeword_bits,,0,1,0,0,detected_uncorrectable
SUPP-NEG-V1-001,secded_double_bit,P1,stage1_word_pos0,29+63,codeword_bits,,0,1,0,0,detected_uncorrectable
SUPP-NEG-V1-001,secded_double_bit,P1,stage1_word_pos0,29+64,codeword_bits,,0,1,0,0,detected_uncorrectable
SUPP-NEG-V1-001,secded_double_bit,P1,stage1_word_pos0,29+65,codeword_bits,,0,1,0,0,detected_uncorrectable
SUPP-NEG-V1-001,secded_double_bit,P1,stage1_word_pos0,29+66,codeword_bits,,0,1,0,0,detected_uncorrectable
SUPP-NEG-V1-001,secded_double_bit,P1,stage1_word_pos0,29+67,codeword_bits,,0,1,0,0,detected_uncorrectable
SUPP-NEG-V1-001,secded_double_bit,P1,stage1_word_pos0,29+68,codeword_bits,,0,1,0,0,detected_uncorrectable
SUPP-NEG-V1-001,secded_double_bit,P1,stage1_word_pos0,29+69,codeword_bits,,0,1,0,0,detected_uncorrectable
SUPP-NEG-V1-001,secded_double_bit,P1,stage1_word_pos0,29+70,codeword_bits,,0,1,0,0,detected_uncorrectable
SUPP-NEG-V1-001,secded_double_bit,P1,stage1_word_pos0,29+71,codeword_bits,,0,1,0,0,detected_uncorrectable
SUPP-NEG-V1-001,secded_double_bit,P1,stage1_word_pos0,29+72,codeword_bits,,0,1,0,0,detected_uncorrectable
SUPP-NEG-V1-001,secded_double_bit,P1,stage1_word_pos0,29+73,codeword_bits,,0,1,0,0,detected_uncorrectable
SUPP-NEG-V1-001,secded_double_bit,P1,stage1_word_pos0,29+74,codeword_bits,,0,1,0,0,detected_uncorrectable
SUPP-NEG-V1-001,secded_double_bit,P1,stage1_word_pos0,29+75,codeword_bits,,0,1,0,0,detected_uncorrectable
SUPP-NEG-V1-001,secded_double_bit,P1,stage1_word_pos0,29+76,codeword_bits,,0,1,0,0,detected_uncorrectable
SUPP-NEG-V1-001,secded_double_bit,P1,stage1_word_pos0,29+77,codeword_bits,,0,1,0,0,detected_uncorrectable
SUPP-NEG-V1-001,secded_double_bit,P1,stage1_word_pos0,30+31,codeword_bits,,0,1,0,0,detected_uncorrectable
SUPP-NEG-V1-001,secded_double_bit,P1,stage1_word_pos0,30+32,codeword_bits,,0,1,0,0,detected_uncorrectable
SUPP-NEG-V1-001,secded_double_bit,P1,stage1_word_pos0,30+33,codeword_bits,,0,1,0,0,detected_uncorrectable
SUPP-NEG-V1-001,secded_double_bit,P1,stage1_word_pos0,30+34,codeword_bits,,0,1,0,0,detected_uncorrectable
SUPP-NEG-V1-001,secded_double_bit,P1,stage1_word_pos0,30+35,codeword_bits,,0,1,0,0,detected_uncorrectable
SUPP-NEG-V1-001,secded_double_bit,P1,stage1_word_pos0,30+36,codeword_bits,,0,1,0,0,detected_uncorrectable
SUPP-NEG-V1-001,secded_double_bit,P1,stage1_word_pos0,30+37,codeword_bits,,0,1,0,0,detected_uncorrectable
SUPP-NEG-V1-001,secded_double_bit,P1,stage1_word_pos0,30+38,codeword_bits,,0,1,0,0,detected_uncorrectable
SUPP-NEG-V1-001,secded_double_bit,P1,stage1_word_pos0,30+39,codeword_bits,,0,1,0,0,detected_uncorrectable
SUPP-NEG-V1-001,secded_double_bit,P1,stage1_word_pos0,30+40,codeword_bits,,0,1,0,0,detected_uncorrectable
SUPP-NEG-V1-001,secded_double_bit,P1,stage1_word_pos0,30+41,codeword_bits,,0,1,0,0,detected_uncorrectable
SUPP-NEG-V1-001,secded_double_bit,P1,stage1_word_pos0,30+42,codeword_bits,,0,1,0,0,detected_uncorrectable
SUPP-NEG-V1-001,secded_double_bit,P1,stage1_word_pos0,30+43,codeword_bits,,0,1,0,0,detected_uncorrectable
SUPP-NEG-V1-001,secded_double_bit,P1,stage1_word_pos0,30+44,codeword_bits,,0,1,0,0,detected_uncorrectable
SUPP-NEG-V1-001,secded_double_bit,P1,stage1_word_pos0,30+45,codeword_bits,,0,1,0,0,detected_uncorrectable
SUPP-NEG-V1-001,secded_double_bit,P1,stage1_word_pos0,30+46,codeword_bits,,0,1,0,0,detected_uncorrectable
SUPP-NEG-V1-001,secded_double_bit,P1,stage1_word_pos0,30+47,codeword_bits,,0,1,0,0,detected_uncorrectable
SUPP-NEG-V1-001,secded_double_bit,P1,stage1_word_pos0,30+48,codeword_bits,,0,1,0,0,detected_uncorrectable
SUPP-NEG-V1-001,secded_double_bit,P1,stage1_word_pos0,30+49,codeword_bits,,0,1,0,0,detected_uncorrectable
SUPP-NEG-V1-001,secded_double_bit,P1,stage1_word_pos0,30+50,codeword_bits,,0,1,0,0,detected_uncorrectable
SUPP-NEG-V1-001,secded_double_bit,P1,stage1_word_pos0,30+51,codeword_bits,,0,1,0,0,detected_uncorrectable
SUPP-NEG-V1-001,secded_double_bit,P1,stage1_word_pos0,30+52,codeword_bits,,0,1,0,0,detected_uncorrectable
SUPP-NEG-V1-001,secded_double_bit,P1,stage1_word_pos0,30+53,codeword_bits,,0,1,0,0,detected_uncorrectable
SUPP-NEG-V1-001,secded_double_bit,P1,stage1_word_pos0,30+54,codeword_bits,,0,1,0,0,detected_uncorrectable
SUPP-NEG-V1-001,secded_double_bit,P1,stage1_word_pos0,30+55,codeword_bits,,0,1,0,0,detected_uncorrectable
SUPP-NEG-V1-001,secded_double_bit,P1,stage1_word_pos0,30+56,codeword_bits,,0,1,0,0,detected_uncorrectable
SUPP-NEG-V1-001,secded_double_bit,P1,stage1_word_pos0,30+57,codeword_bits,,0,1,0,0,detected_uncorrectable
SUPP-NEG-V1-001,secded_double_bit,P1,stage1_word_pos0,30+58,codeword_bits,,0,1,0,0,detected_uncorrectable
SUPP-NEG-V1-001,secded_double_bit,P1,stage1_word_pos0,30+59,codeword_bits,,0,1,0,0,detected_uncorrectable
SUPP-NEG-V1-001,secded_double_bit,P1,stage1_word_pos0,30+60,codeword_bits,,0,1,0,0,detected_uncorrectable
SUPP-NEG-V1-001,secded_double_bit,P1,stage1_word_pos0,30+61,codeword_bits,,0,1,0,0,detected_uncorrectable
SUPP-NEG-V1-001,secded_double_bit,P1,stage1_word_pos0,30+62,codeword_bits,,0,1,0,0,detected_uncorrectable
SUPP-NEG-V1-001,secded_double_bit,P1,stage1_word_pos0,30+63,codeword_bits,,0,1,0,0,detected_uncorrectable
SUPP-NEG-V1-001,secded_double_bit,P1,stage1_word_pos0,30+64,codeword_bits,,0,1,0,0,detected_uncorrectable
SUPP-NEG-V1-001,secded_double_bit,P1,stage1_word_pos0,30+65,codeword_bits,,0,1,0,0,detected_uncorrectable
SUPP-NEG-V1-001,secded_double_bit,P1,stage1_word_pos0,30+66,codeword_bits,,0,1,0,0,detected_uncorrectable
SUPP-NEG-V1-001,secded_double_bit,P1,stage1_word_pos0,30+67,codeword_bits,,0,1,0,0,detected_uncorrectable
SUPP-NEG-V1-001,secded_double_bit,P1,stage1_word_pos0,30+68,codeword_bits,,0,1,0,0,detected_uncorrectable
SUPP-NEG-V1-001,secded_double_bit,P1,stage1_word_pos0,30+69,codeword_bits,,0,1,0,0,detected_uncorrectable
SUPP-NEG-V1-001,secded_double_bit,P1,stage1_word_pos0,30+70,codeword_bits,,0,1,0,0,detected_uncorrectable
SUPP-NEG-V1-001,secded_double_bit,P1,stage1_word_pos0,30+71,codeword_bits,,0,1,0,0,detected_uncorrectable
SUPP-NEG-V1-001,secded_double_bit,P1,stage1_word_pos0,30+72,codeword_bits,,0,1,0,0,detected_uncorrectable
SUPP-NEG-V1-001,secded_double_bit,P1,stage1_word_pos0,30+73,codeword_bits,,0,1,0,0,detected_uncorrectable
SUPP-NEG-V1-001,secded_double_bit,P1,stage1_word_pos0,30+74,codeword_bits,,0,1,0,0,detected_uncorrectable
SUPP-NEG-V1-001,secded_double_bit,P1,stage1_word_pos0,30+75,codeword_bits,,0,1,0,0,detected_uncorrectable
SUPP-NEG-V1-001,secded_double_bit,P1,stage1_word_pos0,30+76,codeword_bits,,0,1,0,0,detected_uncorrectable
SUPP-NEG-V1-001,secded_double_bit,P1,stage1_word_pos0,30+77,codeword_bits,,0,1,0,0,detected_uncorrectable
SUPP-NEG-V1-001,secded_double_bit,P1,stage1_word_pos0,31+32,codeword_bits,,0,1,0,0,detected_uncorrectable
SUPP-NEG-V1-001,secded_double_bit,P1,stage1_word_pos0,31+33,codeword_bits,,0,1,0,0,detected_uncorrectable
SUPP-NEG-V1-001,secded_double_bit,P1,stage1_word_pos0,31+34,codeword_bits,,0,1,0,0,detected_uncorrectable
SUPP-NEG-V1-001,secded_double_bit,P1,stage1_word_pos0,31+35,codeword_bits,,0,1,0,0,detected_uncorrectable
SUPP-NEG-V1-001,secded_double_bit,P1,stage1_word_pos0,31+36,codeword_bits,,0,1,0,0,detected_uncorrectable
SUPP-NEG-V1-001,secded_double_bit,P1,stage1_word_pos0,31+37,codeword_bits,,0,1,0,0,detected_uncorrectable
SUPP-NEG-V1-001,secded_double_bit,P1,stage1_word_pos0,31+38,codeword_bits,,0,1,0,0,detected_uncorrectable
SUPP-NEG-V1-001,secded_double_bit,P1,stage1_word_pos0,31+39,codeword_bits,,0,1,0,0,detected_uncorrectable
SUPP-NEG-V1-001,secded_double_bit,P1,stage1_word_pos0,31+40,codeword_bits,,0,1,0,0,detected_uncorrectable
SUPP-NEG-V1-001,secded_double_bit,P1,stage1_word_pos0,31+41,codeword_bits,,0,1,0,0,detected_uncorrectable
SUPP-NEG-V1-001,secded_double_bit,P1,stage1_word_pos0,31+42,codeword_bits,,0,1,0,0,detected_uncorrectable
SUPP-NEG-V1-001,secded_double_bit,P1,stage1_word_pos0,31+43,codeword_bits,,0,1,0,0,detected_uncorrectable
SUPP-NEG-V1-001,secded_double_bit,P1,stage1_word_pos0,31+44,codeword_bits,,0,1,0,0,detected_uncorrectable
SUPP-NEG-V1-001,secded_double_bit,P1,stage1_word_pos0,31+45,codeword_bits,,0,1,0,0,detected_uncorrectable
SUPP-NEG-V1-001,secded_double_bit,P1,stage1_word_pos0,31+46,codeword_bits,,0,1,0,0,detected_uncorrectable
SUPP-NEG-V1-001,secded_double_bit,P1,stage1_word_pos0,31+47,codeword_bits,,0,1,0,0,detected_uncorrectable
SUPP-NEG-V1-001,secded_double_bit,P1,stage1_word_pos0,31+48,codeword_bits,,0,1,0,0,detected_uncorrectable
SUPP-NEG-V1-001,secded_double_bit,P1,stage1_word_pos0,31+49,codeword_bits,,0,1,0,0,detected_uncorrectable
SUPP-NEG-V1-001,secded_double_bit,P1,stage1_word_pos0,31+50,codeword_bits,,0,1,0,0,detected_uncorrectable
SUPP-NEG-V1-001,secded_double_bit,P1,stage1_word_pos0,31+51,codeword_bits,,0,1,0,0,detected_uncorrectable
SUPP-NEG-V1-001,secded_double_bit,P1,stage1_word_pos0,31+52,codeword_bits,,0,1,0,0,detected_uncorrectable
SUPP-NEG-V1-001,secded_double_bit,P1,stage1_word_pos0,31+53,codeword_bits,,0,1,0,0,detected_uncorrectable
SUPP-NEG-V1-001,secded_double_bit,P1,stage1_word_pos0,31+54,codeword_bits,,0,1,0,0,detected_uncorrectable
SUPP-NEG-V1-001,secded_double_bit,P1,stage1_word_pos0,31+55,codeword_bits,,0,1,0,0,detected_uncorrectable
SUPP-NEG-V1-001,secded_double_bit,P1,stage1_word_pos0,31+56,codeword_bits,,0,1,0,0,detected_uncorrectable
SUPP-NEG-V1-001,secded_double_bit,P1,stage1_word_pos0,31+57,codeword_bits,,0,1,0,0,detected_uncorrectable
SUPP-NEG-V1-001,secded_double_bit,P1,stage1_word_pos0,31+58,codeword_bits,,0,1,0,0,detected_uncorrectable
SUPP-NEG-V1-001,secded_double_bit,P1,stage1_word_pos0,31+59,codeword_bits,,0,1,0,0,detected_uncorrectable
SUPP-NEG-V1-001,secded_double_bit,P1,stage1_word_pos0,31+60,codeword_bits,,0,1,0,0,detected_uncorrectable
SUPP-NEG-V1-001,secded_double_bit,P1,stage1_word_pos0,31+61,codeword_bits,,0,1,0,0,detected_uncorrectable
SUPP-NEG-V1-001,secded_double_bit,P1,stage1_word_pos0,31+62,codeword_bits,,0,1,0,0,detected_uncorrectable
SUPP-NEG-V1-001,secded_double_bit,P1,stage1_word_pos0,31+63,codeword_bits,,0,1,0,1,detected_uncorrectable
SUPP-NEG-V1-001,secded_double_bit,P1,stage1_word_pos0,31+64,codeword_bits,,0,1,0,0,detected_uncorrectable
SUPP-NEG-V1-001,secded_double_bit,P1,stage1_word_pos0,31+65,codeword_bits,,0,1,0,0,detected_uncorrectable
SUPP-NEG-V1-001,secded_double_bit,P1,stage1_word_pos0,31+66,codeword_bits,,0,1,0,0,detected_uncorrectable
SUPP-NEG-V1-001,secded_double_bit,P1,stage1_word_pos0,31+67,codeword_bits,,0,1,0,0,detected_uncorrectable
SUPP-NEG-V1-001,secded_double_bit,P1,stage1_word_pos0,31+68,codeword_bits,,0,1,0,0,detected_uncorrectable
SUPP-NEG-V1-001,secded_double_bit,P1,stage1_word_pos0,31+69,codeword_bits,,0,1,0,0,detected_uncorrectable
SUPP-NEG-V1-001,secded_double_bit,P1,stage1_word_pos0,31+70,codeword_bits,,0,1,0,0,detected_uncorrectable
SUPP-NEG-V1-001,secded_double_bit,P1,stage1_word_pos0,31+71,codeword_bits,,0,1,0,0,detected_uncorrectable
SUPP-NEG-V1-001,secded_double_bit,P1,stage1_word_pos0,31+72,codeword_bits,,0,1,0,0,detected_uncorrectable
SUPP-NEG-V1-001,secded_double_bit,P1,stage1_word_pos0,31+73,codeword_bits,,0,1,0,0,detected_uncorrectable
SUPP-NEG-V1-001,secded_double_bit,P1,stage1_word_pos0,31+74,codeword_bits,,0,1,0,0,detected_uncorrectable
SUPP-NEG-V1-001,secded_double_bit,P1,stage1_word_pos0,31+75,codeword_bits,,0,1,0,0,detected_uncorrectable
SUPP-NEG-V1-001,secded_double_bit,P1,stage1_word_pos0,31+76,codeword_bits,,0,1,0,0,detected_uncorrectable
SUPP-NEG-V1-001,secded_double_bit,P1,stage1_word_pos0,31+77,codeword_bits,,0,1,0,1,detected_uncorrectable
SUPP-NEG-V1-001,secded_double_bit,P1,stage1_word_pos0,32+33,codeword_bits,,0,1,0,0,detected_uncorrectable
SUPP-NEG-V1-001,secded_double_bit,P1,stage1_word_pos0,32+34,codeword_bits,,0,1,0,0,detected_uncorrectable
SUPP-NEG-V1-001,secded_double_bit,P1,stage1_word_pos0,32+35,codeword_bits,,0,1,0,0,detected_uncorrectable
SUPP-NEG-V1-001,secded_double_bit,P1,stage1_word_pos0,32+36,codeword_bits,,0,1,0,0,detected_uncorrectable
SUPP-NEG-V1-001,secded_double_bit,P1,stage1_word_pos0,32+37,codeword_bits,,0,1,0,0,detected_uncorrectable
SUPP-NEG-V1-001,secded_double_bit,P1,stage1_word_pos0,32+38,codeword_bits,,0,1,0,0,detected_uncorrectable
SUPP-NEG-V1-001,secded_double_bit,P1,stage1_word_pos0,32+39,codeword_bits,,0,1,0,0,detected_uncorrectable
SUPP-NEG-V1-001,secded_double_bit,P1,stage1_word_pos0,32+40,codeword_bits,,0,1,0,0,detected_uncorrectable
SUPP-NEG-V1-001,secded_double_bit,P1,stage1_word_pos0,32+41,codeword_bits,,0,1,0,0,detected_uncorrectable
SUPP-NEG-V1-001,secded_double_bit,P1,stage1_word_pos0,32+42,codeword_bits,,0,1,0,0,detected_uncorrectable
SUPP-NEG-V1-001,secded_double_bit,P1,stage1_word_pos0,32+43,codeword_bits,,0,1,0,0,detected_uncorrectable
SUPP-NEG-V1-001,secded_double_bit,P1,stage1_word_pos0,32+44,codeword_bits,,0,1,0,0,detected_uncorrectable
SUPP-NEG-V1-001,secded_double_bit,P1,stage1_word_pos0,32+45,codeword_bits,,0,1,0,0,detected_uncorrectable
SUPP-NEG-V1-001,secded_double_bit,P1,stage1_word_pos0,32+46,codeword_bits,,0,1,0,0,detected_uncorrectable
SUPP-NEG-V1-001,secded_double_bit,P1,stage1_word_pos0,32+47,codeword_bits,,0,1,0,0,detected_uncorrectable
SUPP-NEG-V1-001,secded_double_bit,P1,stage1_word_pos0,32+48,codeword_bits,,0,1,0,0,detected_uncorrectable
SUPP-NEG-V1-001,secded_double_bit,P1,stage1_word_pos0,32+49,codeword_bits,,0,1,0,0,detected_uncorrectable
SUPP-NEG-V1-001,secded_double_bit,P1,stage1_word_pos0,32+50,codeword_bits,,0,1,0,0,detected_uncorrectable
SUPP-NEG-V1-001,secded_double_bit,P1,stage1_word_pos0,32+51,codeword_bits,,0,1,0,0,detected_uncorrectable
SUPP-NEG-V1-001,secded_double_bit,P1,stage1_word_pos0,32+52,codeword_bits,,0,1,0,0,detected_uncorrectable
SUPP-NEG-V1-001,secded_double_bit,P1,stage1_word_pos0,32+53,codeword_bits,,0,1,0,0,detected_uncorrectable
SUPP-NEG-V1-001,secded_double_bit,P1,stage1_word_pos0,32+54,codeword_bits,,0,1,0,0,detected_uncorrectable
SUPP-NEG-V1-001,secded_double_bit,P1,stage1_word_pos0,32+55,codeword_bits,,0,1,0,0,detected_uncorrectable
SUPP-NEG-V1-001,secded_double_bit,P1,stage1_word_pos0,32+56,codeword_bits,,0,1,0,0,detected_uncorrectable
SUPP-NEG-V1-001,secded_double_bit,P1,stage1_word_pos0,32+57,codeword_bits,,0,1,0,0,detected_uncorrectable
SUPP-NEG-V1-001,secded_double_bit,P1,stage1_word_pos0,32+58,codeword_bits,,0,1,0,0,detected_uncorrectable
SUPP-NEG-V1-001,secded_double_bit,P1,stage1_word_pos0,32+59,codeword_bits,,0,1,0,0,detected_uncorrectable
SUPP-NEG-V1-001,secded_double_bit,P1,stage1_word_pos0,32+60,codeword_bits,,0,1,0,0,detected_uncorrectable
SUPP-NEG-V1-001,secded_double_bit,P1,stage1_word_pos0,32+61,codeword_bits,,0,1,0,0,detected_uncorrectable
SUPP-NEG-V1-001,secded_double_bit,P1,stage1_word_pos0,32+62,codeword_bits,,0,1,0,0,detected_uncorrectable
SUPP-NEG-V1-001,secded_double_bit,P1,stage1_word_pos0,32+63,codeword_bits,,0,1,0,0,detected_uncorrectable
SUPP-NEG-V1-001,secded_double_bit,P1,stage1_word_pos0,32+64,codeword_bits,,0,1,0,0,detected_uncorrectable
SUPP-NEG-V1-001,secded_double_bit,P1,stage1_word_pos0,32+65,codeword_bits,,0,1,0,0,detected_uncorrectable
SUPP-NEG-V1-001,secded_double_bit,P1,stage1_word_pos0,32+66,codeword_bits,,0,1,0,0,detected_uncorrectable
SUPP-NEG-V1-001,secded_double_bit,P1,stage1_word_pos0,32+67,codeword_bits,,0,1,0,0,detected_uncorrectable
SUPP-NEG-V1-001,secded_double_bit,P1,stage1_word_pos0,32+68,codeword_bits,,0,1,0,0,detected_uncorrectable
SUPP-NEG-V1-001,secded_double_bit,P1,stage1_word_pos0,32+69,codeword_bits,,0,1,0,0,detected_uncorrectable
SUPP-NEG-V1-001,secded_double_bit,P1,stage1_word_pos0,32+70,codeword_bits,,0,1,0,0,detected_uncorrectable
SUPP-NEG-V1-001,secded_double_bit,P1,stage1_word_pos0,32+71,codeword_bits,,0,1,0,0,detected_uncorrectable
SUPP-NEG-V1-001,secded_double_bit,P1,stage1_word_pos0,32+72,codeword_bits,,0,1,0,0,detected_uncorrectable
SUPP-NEG-V1-001,secded_double_bit,P1,stage1_word_pos0,32+73,codeword_bits,,0,1,0,0,detected_uncorrectable
SUPP-NEG-V1-001,secded_double_bit,P1,stage1_word_pos0,32+74,codeword_bits,,0,1,0,0,detected_uncorrectable
SUPP-NEG-V1-001,secded_double_bit,P1,stage1_word_pos0,32+75,codeword_bits,,0,1,0,0,detected_uncorrectable
SUPP-NEG-V1-001,secded_double_bit,P1,stage1_word_pos0,32+76,codeword_bits,,0,1,0,0,detected_uncorrectable
SUPP-NEG-V1-001,secded_double_bit,P1,stage1_word_pos0,32+77,codeword_bits,,0,1,0,0,detected_uncorrectable
SUPP-NEG-V1-001,secded_double_bit,P1,stage1_word_pos0,33+34,codeword_bits,,0,1,0,0,detected_uncorrectable
SUPP-NEG-V1-001,secded_double_bit,P1,stage1_word_pos0,33+35,codeword_bits,,0,1,0,0,detected_uncorrectable
SUPP-NEG-V1-001,secded_double_bit,P1,stage1_word_pos0,33+36,codeword_bits,,0,1,0,0,detected_uncorrectable
SUPP-NEG-V1-001,secded_double_bit,P1,stage1_word_pos0,33+37,codeword_bits,,0,1,0,0,detected_uncorrectable
SUPP-NEG-V1-001,secded_double_bit,P1,stage1_word_pos0,33+38,codeword_bits,,0,1,0,0,detected_uncorrectable
SUPP-NEG-V1-001,secded_double_bit,P1,stage1_word_pos0,33+39,codeword_bits,,0,1,0,0,detected_uncorrectable
SUPP-NEG-V1-001,secded_double_bit,P1,stage1_word_pos0,33+40,codeword_bits,,0,1,0,0,detected_uncorrectable
SUPP-NEG-V1-001,secded_double_bit,P1,stage1_word_pos0,33+41,codeword_bits,,0,1,0,0,detected_uncorrectable
SUPP-NEG-V1-001,secded_double_bit,P1,stage1_word_pos0,33+42,codeword_bits,,0,1,0,0,detected_uncorrectable
SUPP-NEG-V1-001,secded_double_bit,P1,stage1_word_pos0,33+43,codeword_bits,,0,1,0,0,detected_uncorrectable
SUPP-NEG-V1-001,secded_double_bit,P1,stage1_word_pos0,33+44,codeword_bits,,0,1,0,0,detected_uncorrectable
SUPP-NEG-V1-001,secded_double_bit,P1,stage1_word_pos0,33+45,codeword_bits,,0,1,0,0,detected_uncorrectable
SUPP-NEG-V1-001,secded_double_bit,P1,stage1_word_pos0,33+46,codeword_bits,,0,1,0,0,detected_uncorrectable
SUPP-NEG-V1-001,secded_double_bit,P1,stage1_word_pos0,33+47,codeword_bits,,0,1,0,0,detected_uncorrectable
SUPP-NEG-V1-001,secded_double_bit,P1,stage1_word_pos0,33+48,codeword_bits,,0,1,0,0,detected_uncorrectable
SUPP-NEG-V1-001,secded_double_bit,P1,stage1_word_pos0,33+49,codeword_bits,,0,1,0,0,detected_uncorrectable
SUPP-NEG-V1-001,secded_double_bit,P1,stage1_word_pos0,33+50,codeword_bits,,0,1,0,0,detected_uncorrectable
SUPP-NEG-V1-001,secded_double_bit,P1,stage1_word_pos0,33+51,codeword_bits,,0,1,0,0,detected_uncorrectable
SUPP-NEG-V1-001,secded_double_bit,P1,stage1_word_pos0,33+52,codeword_bits,,0,1,0,0,detected_uncorrectable
SUPP-NEG-V1-001,secded_double_bit,P1,stage1_word_pos0,33+53,codeword_bits,,0,1,0,0,detected_uncorrectable
SUPP-NEG-V1-001,secded_double_bit,P1,stage1_word_pos0,33+54,codeword_bits,,0,1,0,0,detected_uncorrectable
SUPP-NEG-V1-001,secded_double_bit,P1,stage1_word_pos0,33+55,codeword_bits,,0,1,0,0,detected_uncorrectable
SUPP-NEG-V1-001,secded_double_bit,P1,stage1_word_pos0,33+56,codeword_bits,,0,1,0,0,detected_uncorrectable
SUPP-NEG-V1-001,secded_double_bit,P1,stage1_word_pos0,33+57,codeword_bits,,0,1,0,0,detected_uncorrectable
SUPP-NEG-V1-001,secded_double_bit,P1,stage1_word_pos0,33+58,codeword_bits,,0,1,0,0,detected_uncorrectable
SUPP-NEG-V1-001,secded_double_bit,P1,stage1_word_pos0,33+59,codeword_bits,,0,1,0,0,detected_uncorrectable
SUPP-NEG-V1-001,secded_double_bit,P1,stage1_word_pos0,33+60,codeword_bits,,0,1,0,0,detected_uncorrectable
SUPP-NEG-V1-001,secded_double_bit,P1,stage1_word_pos0,33+61,codeword_bits,,0,1,0,0,detected_uncorrectable
SUPP-NEG-V1-001,secded_double_bit,P1,stage1_word_pos0,33+62,codeword_bits,,0,1,0,0,detected_uncorrectable
SUPP-NEG-V1-001,secded_double_bit,P1,stage1_word_pos0,33+63,codeword_bits,,0,1,0,0,detected_uncorrectable
SUPP-NEG-V1-001,secded_double_bit,P1,stage1_word_pos0,33+64,codeword_bits,,0,1,0,0,detected_uncorrectable
SUPP-NEG-V1-001,secded_double_bit,P1,stage1_word_pos0,33+65,codeword_bits,,0,1,0,0,detected_uncorrectable
SUPP-NEG-V1-001,secded_double_bit,P1,stage1_word_pos0,33+66,codeword_bits,,0,1,0,0,detected_uncorrectable
SUPP-NEG-V1-001,secded_double_bit,P1,stage1_word_pos0,33+67,codeword_bits,,0,1,0,0,detected_uncorrectable
SUPP-NEG-V1-001,secded_double_bit,P1,stage1_word_pos0,33+68,codeword_bits,,0,1,0,0,detected_uncorrectable
SUPP-NEG-V1-001,secded_double_bit,P1,stage1_word_pos0,33+69,codeword_bits,,0,1,0,0,detected_uncorrectable
SUPP-NEG-V1-001,secded_double_bit,P1,stage1_word_pos0,33+70,codeword_bits,,0,1,0,0,detected_uncorrectable
SUPP-NEG-V1-001,secded_double_bit,P1,stage1_word_pos0,33+71,codeword_bits,,0,1,0,0,detected_uncorrectable
SUPP-NEG-V1-001,secded_double_bit,P1,stage1_word_pos0,33+72,codeword_bits,,0,1,0,0,detected_uncorrectable
SUPP-NEG-V1-001,secded_double_bit,P1,stage1_word_pos0,33+73,codeword_bits,,0,1,0,0,detected_uncorrectable
SUPP-NEG-V1-001,secded_double_bit,P1,stage1_word_pos0,33+74,codeword_bits,,0,1,0,0,detected_uncorrectable
SUPP-NEG-V1-001,secded_double_bit,P1,stage1_word_pos0,33+75,codeword_bits,,0,1,0,0,detected_uncorrectable
SUPP-NEG-V1-001,secded_double_bit,P1,stage1_word_pos0,33+76,codeword_bits,,0,1,0,0,detected_uncorrectable
SUPP-NEG-V1-001,secded_double_bit,P1,stage1_word_pos0,33+77,codeword_bits,,0,1,0,0,detected_uncorrectable
SUPP-NEG-V1-001,secded_double_bit,P1,stage1_word_pos0,34+35,codeword_bits,,0,1,0,0,detected_uncorrectable
SUPP-NEG-V1-001,secded_double_bit,P1,stage1_word_pos0,34+36,codeword_bits,,0,1,0,0,detected_uncorrectable
SUPP-NEG-V1-001,secded_double_bit,P1,stage1_word_pos0,34+37,codeword_bits,,0,1,0,0,detected_uncorrectable
SUPP-NEG-V1-001,secded_double_bit,P1,stage1_word_pos0,34+38,codeword_bits,,0,1,0,0,detected_uncorrectable
SUPP-NEG-V1-001,secded_double_bit,P1,stage1_word_pos0,34+39,codeword_bits,,0,1,0,0,detected_uncorrectable
SUPP-NEG-V1-001,secded_double_bit,P1,stage1_word_pos0,34+40,codeword_bits,,0,1,0,0,detected_uncorrectable
SUPP-NEG-V1-001,secded_double_bit,P1,stage1_word_pos0,34+41,codeword_bits,,0,1,0,0,detected_uncorrectable
SUPP-NEG-V1-001,secded_double_bit,P1,stage1_word_pos0,34+42,codeword_bits,,0,1,0,0,detected_uncorrectable
SUPP-NEG-V1-001,secded_double_bit,P1,stage1_word_pos0,34+43,codeword_bits,,0,1,0,0,detected_uncorrectable
SUPP-NEG-V1-001,secded_double_bit,P1,stage1_word_pos0,34+44,codeword_bits,,0,1,0,0,detected_uncorrectable
SUPP-NEG-V1-001,secded_double_bit,P1,stage1_word_pos0,34+45,codeword_bits,,0,1,0,0,detected_uncorrectable
SUPP-NEG-V1-001,secded_double_bit,P1,stage1_word_pos0,34+46,codeword_bits,,0,1,0,0,detected_uncorrectable
SUPP-NEG-V1-001,secded_double_bit,P1,stage1_word_pos0,34+47,codeword_bits,,0,1,0,0,detected_uncorrectable
SUPP-NEG-V1-001,secded_double_bit,P1,stage1_word_pos0,34+48,codeword_bits,,0,1,0,0,detected_uncorrectable
SUPP-NEG-V1-001,secded_double_bit,P1,stage1_word_pos0,34+49,codeword_bits,,0,1,0,0,detected_uncorrectable
SUPP-NEG-V1-001,secded_double_bit,P1,stage1_word_pos0,34+50,codeword_bits,,0,1,0,0,detected_uncorrectable
SUPP-NEG-V1-001,secded_double_bit,P1,stage1_word_pos0,34+51,codeword_bits,,0,1,0,0,detected_uncorrectable
SUPP-NEG-V1-001,secded_double_bit,P1,stage1_word_pos0,34+52,codeword_bits,,0,1,0,0,detected_uncorrectable
SUPP-NEG-V1-001,secded_double_bit,P1,stage1_word_pos0,34+53,codeword_bits,,0,1,0,0,detected_uncorrectable
SUPP-NEG-V1-001,secded_double_bit,P1,stage1_word_pos0,34+54,codeword_bits,,0,1,0,0,detected_uncorrectable
SUPP-NEG-V1-001,secded_double_bit,P1,stage1_word_pos0,34+55,codeword_bits,,0,1,0,0,detected_uncorrectable
SUPP-NEG-V1-001,secded_double_bit,P1,stage1_word_pos0,34+56,codeword_bits,,0,1,0,0,detected_uncorrectable
SUPP-NEG-V1-001,secded_double_bit,P1,stage1_word_pos0,34+57,codeword_bits,,0,1,0,0,detected_uncorrectable
SUPP-NEG-V1-001,secded_double_bit,P1,stage1_word_pos0,34+58,codeword_bits,,0,1,0,0,detected_uncorrectable
SUPP-NEG-V1-001,secded_double_bit,P1,stage1_word_pos0,34+59,codeword_bits,,0,1,0,0,detected_uncorrectable
SUPP-NEG-V1-001,secded_double_bit,P1,stage1_word_pos0,34+60,codeword_bits,,0,1,0,0,detected_uncorrectable
SUPP-NEG-V1-001,secded_double_bit,P1,stage1_word_pos0,34+61,codeword_bits,,0,1,0,0,detected_uncorrectable
SUPP-NEG-V1-001,secded_double_bit,P1,stage1_word_pos0,34+62,codeword_bits,,0,1,0,0,detected_uncorrectable
SUPP-NEG-V1-001,secded_double_bit,P1,stage1_word_pos0,34+63,codeword_bits,,0,1,0,0,detected_uncorrectable
SUPP-NEG-V1-001,secded_double_bit,P1,stage1_word_pos0,34+64,codeword_bits,,0,1,0,0,detected_uncorrectable
SUPP-NEG-V1-001,secded_double_bit,P1,stage1_word_pos0,34+65,codeword_bits,,0,1,0,0,detected_uncorrectable
SUPP-NEG-V1-001,secded_double_bit,P1,stage1_word_pos0,34+66,codeword_bits,,0,1,0,0,detected_uncorrectable
SUPP-NEG-V1-001,secded_double_bit,P1,stage1_word_pos0,34+67,codeword_bits,,0,1,0,0,detected_uncorrectable
SUPP-NEG-V1-001,secded_double_bit,P1,stage1_word_pos0,34+68,codeword_bits,,0,1,0,0,detected_uncorrectable
SUPP-NEG-V1-001,secded_double_bit,P1,stage1_word_pos0,34+69,codeword_bits,,0,1,0,0,detected_uncorrectable
SUPP-NEG-V1-001,secded_double_bit,P1,stage1_word_pos0,34+70,codeword_bits,,0,1,0,0,detected_uncorrectable
SUPP-NEG-V1-001,secded_double_bit,P1,stage1_word_pos0,34+71,codeword_bits,,0,1,0,0,detected_uncorrectable
SUPP-NEG-V1-001,secded_double_bit,P1,stage1_word_pos0,34+72,codeword_bits,,0,1,0,0,detected_uncorrectable
SUPP-NEG-V1-001,secded_double_bit,P1,stage1_word_pos0,34+73,codeword_bits,,0,1,0,0,detected_uncorrectable
SUPP-NEG-V1-001,secded_double_bit,P1,stage1_word_pos0,34+74,codeword_bits,,0,1,0,0,detected_uncorrectable
SUPP-NEG-V1-001,secded_double_bit,P1,stage1_word_pos0,34+75,codeword_bits,,0,1,0,0,detected_uncorrectable
SUPP-NEG-V1-001,secded_double_bit,P1,stage1_word_pos0,34+76,codeword_bits,,0,1,0,0,detected_uncorrectable
SUPP-NEG-V1-001,secded_double_bit,P1,stage1_word_pos0,34+77,codeword_bits,,0,1,0,0,detected_uncorrectable
SUPP-NEG-V1-001,secded_double_bit,P1,stage1_word_pos0,35+36,codeword_bits,,0,1,0,0,detected_uncorrectable
SUPP-NEG-V1-001,secded_double_bit,P1,stage1_word_pos0,35+37,codeword_bits,,0,1,0,0,detected_uncorrectable
SUPP-NEG-V1-001,secded_double_bit,P1,stage1_word_pos0,35+38,codeword_bits,,0,1,0,0,detected_uncorrectable
SUPP-NEG-V1-001,secded_double_bit,P1,stage1_word_pos0,35+39,codeword_bits,,0,1,0,0,detected_uncorrectable
SUPP-NEG-V1-001,secded_double_bit,P1,stage1_word_pos0,35+40,codeword_bits,,0,1,0,0,detected_uncorrectable
SUPP-NEG-V1-001,secded_double_bit,P1,stage1_word_pos0,35+41,codeword_bits,,0,1,0,0,detected_uncorrectable
SUPP-NEG-V1-001,secded_double_bit,P1,stage1_word_pos0,35+42,codeword_bits,,0,1,0,0,detected_uncorrectable
SUPP-NEG-V1-001,secded_double_bit,P1,stage1_word_pos0,35+43,codeword_bits,,0,1,0,0,detected_uncorrectable
SUPP-NEG-V1-001,secded_double_bit,P1,stage1_word_pos0,35+44,codeword_bits,,0,1,0,0,detected_uncorrectable
SUPP-NEG-V1-001,secded_double_bit,P1,stage1_word_pos0,35+45,codeword_bits,,0,1,0,0,detected_uncorrectable
SUPP-NEG-V1-001,secded_double_bit,P1,stage1_word_pos0,35+46,codeword_bits,,0,1,0,0,detected_uncorrectable
SUPP-NEG-V1-001,secded_double_bit,P1,stage1_word_pos0,35+47,codeword_bits,,0,1,0,0,detected_uncorrectable
SUPP-NEG-V1-001,secded_double_bit,P1,stage1_word_pos0,35+48,codeword_bits,,0,1,0,0,detected_uncorrectable
SUPP-NEG-V1-001,secded_double_bit,P1,stage1_word_pos0,35+49,codeword_bits,,0,1,0,0,detected_uncorrectable
SUPP-NEG-V1-001,secded_double_bit,P1,stage1_word_pos0,35+50,codeword_bits,,0,1,0,0,detected_uncorrectable
SUPP-NEG-V1-001,secded_double_bit,P1,stage1_word_pos0,35+51,codeword_bits,,0,1,0,0,detected_uncorrectable
SUPP-NEG-V1-001,secded_double_bit,P1,stage1_word_pos0,35+52,codeword_bits,,0,1,0,0,detected_uncorrectable
SUPP-NEG-V1-001,secded_double_bit,P1,stage1_word_pos0,35+53,codeword_bits,,0,1,0,0,detected_uncorrectable
SUPP-NEG-V1-001,secded_double_bit,P1,stage1_word_pos0,35+54,codeword_bits,,0,1,0,0,detected_uncorrectable
SUPP-NEG-V1-001,secded_double_bit,P1,stage1_word_pos0,35+55,codeword_bits,,0,1,0,0,detected_uncorrectable
SUPP-NEG-V1-001,secded_double_bit,P1,stage1_word_pos0,35+56,codeword_bits,,0,1,0,0,detected_uncorrectable
SUPP-NEG-V1-001,secded_double_bit,P1,stage1_word_pos0,35+57,codeword_bits,,0,1,0,0,detected_uncorrectable
SUPP-NEG-V1-001,secded_double_bit,P1,stage1_word_pos0,35+58,codeword_bits,,0,1,0,0,detected_uncorrectable
SUPP-NEG-V1-001,secded_double_bit,P1,stage1_word_pos0,35+59,codeword_bits,,0,1,0,0,detected_uncorrectable
SUPP-NEG-V1-001,secded_double_bit,P1,stage1_word_pos0,35+60,codeword_bits,,0,1,0,0,detected_uncorrectable
SUPP-NEG-V1-001,secded_double_bit,P1,stage1_word_pos0,35+61,codeword_bits,,0,1,0,0,detected_uncorrectable
SUPP-NEG-V1-001,secded_double_bit,P1,stage1_word_pos0,35+62,codeword_bits,,0,1,0,0,detected_uncorrectable
SUPP-NEG-V1-001,secded_double_bit,P1,stage1_word_pos0,35+63,codeword_bits,,0,1,0,0,detected_uncorrectable
SUPP-NEG-V1-001,secded_double_bit,P1,stage1_word_pos0,35+64,codeword_bits,,0,1,0,0,detected_uncorrectable
SUPP-NEG-V1-001,secded_double_bit,P1,stage1_word_pos0,35+65,codeword_bits,,0,1,0,0,detected_uncorrectable
SUPP-NEG-V1-001,secded_double_bit,P1,stage1_word_pos0,35+66,codeword_bits,,0,1,0,0,detected_uncorrectable
SUPP-NEG-V1-001,secded_double_bit,P1,stage1_word_pos0,35+67,codeword_bits,,0,1,0,0,detected_uncorrectable
SUPP-NEG-V1-001,secded_double_bit,P1,stage1_word_pos0,35+68,codeword_bits,,0,1,0,0,detected_uncorrectable
SUPP-NEG-V1-001,secded_double_bit,P1,stage1_word_pos0,35+69,codeword_bits,,0,1,0,0,detected_uncorrectable
SUPP-NEG-V1-001,secded_double_bit,P1,stage1_word_pos0,35+70,codeword_bits,,0,1,0,0,detected_uncorrectable
SUPP-NEG-V1-001,secded_double_bit,P1,stage1_word_pos0,35+71,codeword_bits,,0,1,0,0,detected_uncorrectable
SUPP-NEG-V1-001,secded_double_bit,P1,stage1_word_pos0,35+72,codeword_bits,,0,1,0,0,detected_uncorrectable
SUPP-NEG-V1-001,secded_double_bit,P1,stage1_word_pos0,35+73,codeword_bits,,0,1,0,0,detected_uncorrectable
SUPP-NEG-V1-001,secded_double_bit,P1,stage1_word_pos0,35+74,codeword_bits,,0,1,0,0,detected_uncorrectable
SUPP-NEG-V1-001,secded_double_bit,P1,stage1_word_pos0,35+75,codeword_bits,,0,1,0,0,detected_uncorrectable
SUPP-NEG-V1-001,secded_double_bit,P1,stage1_word_pos0,35+76,codeword_bits,,0,1,0,0,detected_uncorrectable
SUPP-NEG-V1-001,secded_double_bit,P1,stage1_word_pos0,35+77,codeword_bits,,0,1,0,0,detected_uncorrectable
SUPP-NEG-V1-001,secded_double_bit,P1,stage1_word_pos0,36+37,codeword_bits,,0,1,0,0,detected_uncorrectable
SUPP-NEG-V1-001,secded_double_bit,P1,stage1_word_pos0,36+38,codeword_bits,,0,1,0,0,detected_uncorrectable
SUPP-NEG-V1-001,secded_double_bit,P1,stage1_word_pos0,36+39,codeword_bits,,0,1,0,0,detected_uncorrectable
SUPP-NEG-V1-001,secded_double_bit,P1,stage1_word_pos0,36+40,codeword_bits,,0,1,0,0,detected_uncorrectable
SUPP-NEG-V1-001,secded_double_bit,P1,stage1_word_pos0,36+41,codeword_bits,,0,1,0,0,detected_uncorrectable
SUPP-NEG-V1-001,secded_double_bit,P1,stage1_word_pos0,36+42,codeword_bits,,0,1,0,0,detected_uncorrectable
SUPP-NEG-V1-001,secded_double_bit,P1,stage1_word_pos0,36+43,codeword_bits,,0,1,0,0,detected_uncorrectable
SUPP-NEG-V1-001,secded_double_bit,P1,stage1_word_pos0,36+44,codeword_bits,,0,1,0,0,detected_uncorrectable
SUPP-NEG-V1-001,secded_double_bit,P1,stage1_word_pos0,36+45,codeword_bits,,0,1,0,0,detected_uncorrectable
SUPP-NEG-V1-001,secded_double_bit,P1,stage1_word_pos0,36+46,codeword_bits,,0,1,0,0,detected_uncorrectable
SUPP-NEG-V1-001,secded_double_bit,P1,stage1_word_pos0,36+47,codeword_bits,,0,1,0,0,detected_uncorrectable
SUPP-NEG-V1-001,secded_double_bit,P1,stage1_word_pos0,36+48,codeword_bits,,0,1,0,0,detected_uncorrectable
SUPP-NEG-V1-001,secded_double_bit,P1,stage1_word_pos0,36+49,codeword_bits,,0,1,0,0,detected_uncorrectable
SUPP-NEG-V1-001,secded_double_bit,P1,stage1_word_pos0,36+50,codeword_bits,,0,1,0,0,detected_uncorrectable
SUPP-NEG-V1-001,secded_double_bit,P1,stage1_word_pos0,36+51,codeword_bits,,0,1,0,0,detected_uncorrectable
SUPP-NEG-V1-001,secded_double_bit,P1,stage1_word_pos0,36+52,codeword_bits,,0,1,0,0,detected_uncorrectable
SUPP-NEG-V1-001,secded_double_bit,P1,stage1_word_pos0,36+53,codeword_bits,,0,1,0,0,detected_uncorrectable
SUPP-NEG-V1-001,secded_double_bit,P1,stage1_word_pos0,36+54,codeword_bits,,0,1,0,0,detected_uncorrectable
SUPP-NEG-V1-001,secded_double_bit,P1,stage1_word_pos0,36+55,codeword_bits,,0,1,0,0,detected_uncorrectable
SUPP-NEG-V1-001,secded_double_bit,P1,stage1_word_pos0,36+56,codeword_bits,,0,1,0,0,detected_uncorrectable
SUPP-NEG-V1-001,secded_double_bit,P1,stage1_word_pos0,36+57,codeword_bits,,0,1,0,0,detected_uncorrectable
SUPP-NEG-V1-001,secded_double_bit,P1,stage1_word_pos0,36+58,codeword_bits,,0,1,0,0,detected_uncorrectable
SUPP-NEG-V1-001,secded_double_bit,P1,stage1_word_pos0,36+59,codeword_bits,,0,1,0,0,detected_uncorrectable
SUPP-NEG-V1-001,secded_double_bit,P1,stage1_word_pos0,36+60,codeword_bits,,0,1,0,0,detected_uncorrectable
SUPP-NEG-V1-001,secded_double_bit,P1,stage1_word_pos0,36+61,codeword_bits,,0,1,0,0,detected_uncorrectable
SUPP-NEG-V1-001,secded_double_bit,P1,stage1_word_pos0,36+62,codeword_bits,,0,1,0,0,detected_uncorrectable
SUPP-NEG-V1-001,secded_double_bit,P1,stage1_word_pos0,36+63,codeword_bits,,0,1,0,0,detected_uncorrectable
SUPP-NEG-V1-001,secded_double_bit,P1,stage1_word_pos0,36+64,codeword_bits,,0,1,0,0,detected_uncorrectable
SUPP-NEG-V1-001,secded_double_bit,P1,stage1_word_pos0,36+65,codeword_bits,,0,1,0,0,detected_uncorrectable
SUPP-NEG-V1-001,secded_double_bit,P1,stage1_word_pos0,36+66,codeword_bits,,0,1,0,0,detected_uncorrectable
SUPP-NEG-V1-001,secded_double_bit,P1,stage1_word_pos0,36+67,codeword_bits,,0,1,0,0,detected_uncorrectable
SUPP-NEG-V1-001,secded_double_bit,P1,stage1_word_pos0,36+68,codeword_bits,,0,1,0,0,detected_uncorrectable
SUPP-NEG-V1-001,secded_double_bit,P1,stage1_word_pos0,36+69,codeword_bits,,0,1,0,0,detected_uncorrectable
SUPP-NEG-V1-001,secded_double_bit,P1,stage1_word_pos0,36+70,codeword_bits,,0,1,0,0,detected_uncorrectable
SUPP-NEG-V1-001,secded_double_bit,P1,stage1_word_pos0,36+71,codeword_bits,,0,1,0,0,detected_uncorrectable
SUPP-NEG-V1-001,secded_double_bit,P1,stage1_word_pos0,36+72,codeword_bits,,0,1,0,0,detected_uncorrectable
SUPP-NEG-V1-001,secded_double_bit,P1,stage1_word_pos0,36+73,codeword_bits,,0,1,0,0,detected_uncorrectable
SUPP-NEG-V1-001,secded_double_bit,P1,stage1_word_pos0,36+74,codeword_bits,,0,1,0,0,detected_uncorrectable
SUPP-NEG-V1-001,secded_double_bit,P1,stage1_word_pos0,36+75,codeword_bits,,0,1,0,0,detected_uncorrectable
SUPP-NEG-V1-001,secded_double_bit,P1,stage1_word_pos0,36+76,codeword_bits,,0,1,0,0,detected_uncorrectable
SUPP-NEG-V1-001,secded_double_bit,P1,stage1_word_pos0,36+77,codeword_bits,,0,1,0,0,detected_uncorrectable
SUPP-NEG-V1-001,secded_double_bit,P1,stage1_word_pos0,37+38,codeword_bits,,0,1,0,0,detected_uncorrectable
SUPP-NEG-V1-001,secded_double_bit,P1,stage1_word_pos0,37+39,codeword_bits,,0,1,0,0,detected_uncorrectable
SUPP-NEG-V1-001,secded_double_bit,P1,stage1_word_pos0,37+40,codeword_bits,,0,1,0,0,detected_uncorrectable
SUPP-NEG-V1-001,secded_double_bit,P1,stage1_word_pos0,37+41,codeword_bits,,0,1,0,0,detected_uncorrectable
SUPP-NEG-V1-001,secded_double_bit,P1,stage1_word_pos0,37+42,codeword_bits,,0,1,0,0,detected_uncorrectable
SUPP-NEG-V1-001,secded_double_bit,P1,stage1_word_pos0,37+43,codeword_bits,,0,1,0,0,detected_uncorrectable
SUPP-NEG-V1-001,secded_double_bit,P1,stage1_word_pos0,37+44,codeword_bits,,0,1,0,0,detected_uncorrectable
SUPP-NEG-V1-001,secded_double_bit,P1,stage1_word_pos0,37+45,codeword_bits,,0,1,0,0,detected_uncorrectable
SUPP-NEG-V1-001,secded_double_bit,P1,stage1_word_pos0,37+46,codeword_bits,,0,1,0,0,detected_uncorrectable
SUPP-NEG-V1-001,secded_double_bit,P1,stage1_word_pos0,37+47,codeword_bits,,0,1,0,0,detected_uncorrectable
SUPP-NEG-V1-001,secded_double_bit,P1,stage1_word_pos0,37+48,codeword_bits,,0,1,0,0,detected_uncorrectable
SUPP-NEG-V1-001,secded_double_bit,P1,stage1_word_pos0,37+49,codeword_bits,,0,1,0,0,detected_uncorrectable
SUPP-NEG-V1-001,secded_double_bit,P1,stage1_word_pos0,37+50,codeword_bits,,0,1,0,0,detected_uncorrectable
SUPP-NEG-V1-001,secded_double_bit,P1,stage1_word_pos0,37+51,codeword_bits,,0,1,0,0,detected_uncorrectable
SUPP-NEG-V1-001,secded_double_bit,P1,stage1_word_pos0,37+52,codeword_bits,,0,1,0,0,detected_uncorrectable
SUPP-NEG-V1-001,secded_double_bit,P1,stage1_word_pos0,37+53,codeword_bits,,0,1,0,0,detected_uncorrectable
SUPP-NEG-V1-001,secded_double_bit,P1,stage1_word_pos0,37+54,codeword_bits,,0,1,0,0,detected_uncorrectable
SUPP-NEG-V1-001,secded_double_bit,P1,stage1_word_pos0,37+55,codeword_bits,,0,1,0,0,detected_uncorrectable
SUPP-NEG-V1-001,secded_double_bit,P1,stage1_word_pos0,37+56,codeword_bits,,0,1,0,0,detected_uncorrectable
SUPP-NEG-V1-001,secded_double_bit,P1,stage1_word_pos0,37+57,codeword_bits,,0,1,0,0,detected_uncorrectable
SUPP-NEG-V1-001,secded_double_bit,P1,stage1_word_pos0,37+58,codeword_bits,,0,1,0,0,detected_uncorrectable
SUPP-NEG-V1-001,secded_double_bit,P1,stage1_word_pos0,37+59,codeword_bits,,0,1,0,0,detected_uncorrectable
SUPP-NEG-V1-001,secded_double_bit,P1,stage1_word_pos0,37+60,codeword_bits,,0,1,0,0,detected_uncorrectable
SUPP-NEG-V1-001,secded_double_bit,P1,stage1_word_pos0,37+61,codeword_bits,,0,1,0,0,detected_uncorrectable
SUPP-NEG-V1-001,secded_double_bit,P1,stage1_word_pos0,37+62,codeword_bits,,0,1,0,0,detected_uncorrectable
SUPP-NEG-V1-001,secded_double_bit,P1,stage1_word_pos0,37+63,codeword_bits,,0,1,0,0,detected_uncorrectable
SUPP-NEG-V1-001,secded_double_bit,P1,stage1_word_pos0,37+64,codeword_bits,,0,1,0,0,detected_uncorrectable
SUPP-NEG-V1-001,secded_double_bit,P1,stage1_word_pos0,37+65,codeword_bits,,0,1,0,0,detected_uncorrectable
SUPP-NEG-V1-001,secded_double_bit,P1,stage1_word_pos0,37+66,codeword_bits,,0,1,0,0,detected_uncorrectable
SUPP-NEG-V1-001,secded_double_bit,P1,stage1_word_pos0,37+67,codeword_bits,,0,1,0,0,detected_uncorrectable
SUPP-NEG-V1-001,secded_double_bit,P1,stage1_word_pos0,37+68,codeword_bits,,0,1,0,0,detected_uncorrectable
SUPP-NEG-V1-001,secded_double_bit,P1,stage1_word_pos0,37+69,codeword_bits,,0,1,0,0,detected_uncorrectable
SUPP-NEG-V1-001,secded_double_bit,P1,stage1_word_pos0,37+70,codeword_bits,,0,1,0,0,detected_uncorrectable
SUPP-NEG-V1-001,secded_double_bit,P1,stage1_word_pos0,37+71,codeword_bits,,0,1,0,0,detected_uncorrectable
SUPP-NEG-V1-001,secded_double_bit,P1,stage1_word_pos0,37+72,codeword_bits,,0,1,0,0,detected_uncorrectable
SUPP-NEG-V1-001,secded_double_bit,P1,stage1_word_pos0,37+73,codeword_bits,,0,1,0,0,detected_uncorrectable
SUPP-NEG-V1-001,secded_double_bit,P1,stage1_word_pos0,37+74,codeword_bits,,0,1,0,0,detected_uncorrectable
SUPP-NEG-V1-001,secded_double_bit,P1,stage1_word_pos0,37+75,codeword_bits,,0,1,0,0,detected_uncorrectable
SUPP-NEG-V1-001,secded_double_bit,P1,stage1_word_pos0,37+76,codeword_bits,,0,1,0,0,detected_uncorrectable
SUPP-NEG-V1-001,secded_double_bit,P1,stage1_word_pos0,37+77,codeword_bits,,0,1,0,0,detected_uncorrectable
SUPP-NEG-V1-001,secded_double_bit,P1,stage1_word_pos0,38+39,codeword_bits,,0,1,0,0,detected_uncorrectable
SUPP-NEG-V1-001,secded_double_bit,P1,stage1_word_pos0,38+40,codeword_bits,,0,1,0,0,detected_uncorrectable
SUPP-NEG-V1-001,secded_double_bit,P1,stage1_word_pos0,38+41,codeword_bits,,0,1,0,0,detected_uncorrectable
SUPP-NEG-V1-001,secded_double_bit,P1,stage1_word_pos0,38+42,codeword_bits,,0,1,0,0,detected_uncorrectable
SUPP-NEG-V1-001,secded_double_bit,P1,stage1_word_pos0,38+43,codeword_bits,,0,1,0,0,detected_uncorrectable
SUPP-NEG-V1-001,secded_double_bit,P1,stage1_word_pos0,38+44,codeword_bits,,0,1,0,0,detected_uncorrectable
SUPP-NEG-V1-001,secded_double_bit,P1,stage1_word_pos0,38+45,codeword_bits,,0,1,0,0,detected_uncorrectable
SUPP-NEG-V1-001,secded_double_bit,P1,stage1_word_pos0,38+46,codeword_bits,,0,1,0,0,detected_uncorrectable
SUPP-NEG-V1-001,secded_double_bit,P1,stage1_word_pos0,38+47,codeword_bits,,0,1,0,0,detected_uncorrectable
SUPP-NEG-V1-001,secded_double_bit,P1,stage1_word_pos0,38+48,codeword_bits,,0,1,0,0,detected_uncorrectable
SUPP-NEG-V1-001,secded_double_bit,P1,stage1_word_pos0,38+49,codeword_bits,,0,1,0,0,detected_uncorrectable
SUPP-NEG-V1-001,secded_double_bit,P1,stage1_word_pos0,38+50,codeword_bits,,0,1,0,0,detected_uncorrectable
SUPP-NEG-V1-001,secded_double_bit,P1,stage1_word_pos0,38+51,codeword_bits,,0,1,0,0,detected_uncorrectable
SUPP-NEG-V1-001,secded_double_bit,P1,stage1_word_pos0,38+52,codeword_bits,,0,1,0,0,detected_uncorrectable
SUPP-NEG-V1-001,secded_double_bit,P1,stage1_word_pos0,38+53,codeword_bits,,0,1,0,0,detected_uncorrectable
SUPP-NEG-V1-001,secded_double_bit,P1,stage1_word_pos0,38+54,codeword_bits,,0,1,0,0,detected_uncorrectable
SUPP-NEG-V1-001,secded_double_bit,P1,stage1_word_pos0,38+55,codeword_bits,,0,1,0,0,detected_uncorrectable
SUPP-NEG-V1-001,secded_double_bit,P1,stage1_word_pos0,38+56,codeword_bits,,0,1,0,0,detected_uncorrectable
SUPP-NEG-V1-001,secded_double_bit,P1,stage1_word_pos0,38+57,codeword_bits,,0,1,0,0,detected_uncorrectable
SUPP-NEG-V1-001,secded_double_bit,P1,stage1_word_pos0,38+58,codeword_bits,,0,1,0,0,detected_uncorrectable
SUPP-NEG-V1-001,secded_double_bit,P1,stage1_word_pos0,38+59,codeword_bits,,0,1,0,0,detected_uncorrectable
SUPP-NEG-V1-001,secded_double_bit,P1,stage1_word_pos0,38+60,codeword_bits,,0,1,0,0,detected_uncorrectable
SUPP-NEG-V1-001,secded_double_bit,P1,stage1_word_pos0,38+61,codeword_bits,,0,1,0,0,detected_uncorrectable
SUPP-NEG-V1-001,secded_double_bit,P1,stage1_word_pos0,38+62,codeword_bits,,0,1,0,0,detected_uncorrectable
SUPP-NEG-V1-001,secded_double_bit,P1,stage1_word_pos0,38+63,codeword_bits,,0,1,0,0,detected_uncorrectable
SUPP-NEG-V1-001,secded_double_bit,P1,stage1_word_pos0,38+64,codeword_bits,,0,1,0,0,detected_uncorrectable
SUPP-NEG-V1-001,secded_double_bit,P1,stage1_word_pos0,38+65,codeword_bits,,0,1,0,0,detected_uncorrectable
SUPP-NEG-V1-001,secded_double_bit,P1,stage1_word_pos0,38+66,codeword_bits,,0,1,0,0,detected_uncorrectable
SUPP-NEG-V1-001,secded_double_bit,P1,stage1_word_pos0,38+67,codeword_bits,,0,1,0,0,detected_uncorrectable
SUPP-NEG-V1-001,secded_double_bit,P1,stage1_word_pos0,38+68,codeword_bits,,0,1,0,0,detected_uncorrectable
SUPP-NEG-V1-001,secded_double_bit,P1,stage1_word_pos0,38+69,codeword_bits,,0,1,0,0,detected_uncorrectable
SUPP-NEG-V1-001,secded_double_bit,P1,stage1_word_pos0,38+70,codeword_bits,,0,1,0,0,detected_uncorrectable
SUPP-NEG-V1-001,secded_double_bit,P1,stage1_word_pos0,38+71,codeword_bits,,0,1,0,0,detected_uncorrectable
SUPP-NEG-V1-001,secded_double_bit,P1,stage1_word_pos0,38+72,codeword_bits,,0,1,0,0,detected_uncorrectable
SUPP-NEG-V1-001,secded_double_bit,P1,stage1_word_pos0,38+73,codeword_bits,,0,1,0,0,detected_uncorrectable
SUPP-NEG-V1-001,secded_double_bit,P1,stage1_word_pos0,38+74,codeword_bits,,0,1,0,0,detected_uncorrectable
SUPP-NEG-V1-001,secded_double_bit,P1,stage1_word_pos0,38+75,codeword_bits,,0,1,0,0,detected_uncorrectable
SUPP-NEG-V1-001,secded_double_bit,P1,stage1_word_pos0,38+76,codeword_bits,,0,1,0,0,detected_uncorrectable
SUPP-NEG-V1-001,secded_double_bit,P1,stage1_word_pos0,38+77,codeword_bits,,0,1,0,0,detected_uncorrectable
SUPP-NEG-V1-001,secded_double_bit,P1,stage1_word_pos0,39+40,codeword_bits,,0,1,0,0,detected_uncorrectable
SUPP-NEG-V1-001,secded_double_bit,P1,stage1_word_pos0,39+41,codeword_bits,,0,1,0,0,detected_uncorrectable
SUPP-NEG-V1-001,secded_double_bit,P1,stage1_word_pos0,39+42,codeword_bits,,0,1,0,0,detected_uncorrectable
SUPP-NEG-V1-001,secded_double_bit,P1,stage1_word_pos0,39+43,codeword_bits,,0,1,0,0,detected_uncorrectable
SUPP-NEG-V1-001,secded_double_bit,P1,stage1_word_pos0,39+44,codeword_bits,,0,1,0,0,detected_uncorrectable
SUPP-NEG-V1-001,secded_double_bit,P1,stage1_word_pos0,39+45,codeword_bits,,0,1,0,0,detected_uncorrectable
SUPP-NEG-V1-001,secded_double_bit,P1,stage1_word_pos0,39+46,codeword_bits,,0,1,0,0,detected_uncorrectable
SUPP-NEG-V1-001,secded_double_bit,P1,stage1_word_pos0,39+47,codeword_bits,,0,1,0,0,detected_uncorrectable
SUPP-NEG-V1-001,secded_double_bit,P1,stage1_word_pos0,39+48,codeword_bits,,0,1,0,0,detected_uncorrectable
SUPP-NEG-V1-001,secded_double_bit,P1,stage1_word_pos0,39+49,codeword_bits,,0,1,0,0,detected_uncorrectable
SUPP-NEG-V1-001,secded_double_bit,P1,stage1_word_pos0,39+50,codeword_bits,,0,1,0,0,detected_uncorrectable
SUPP-NEG-V1-001,secded_double_bit,P1,stage1_word_pos0,39+51,codeword_bits,,0,1,0,0,detected_uncorrectable
SUPP-NEG-V1-001,secded_double_bit,P1,stage1_word_pos0,39+52,codeword_bits,,0,1,0,0,detected_uncorrectable
SUPP-NEG-V1-001,secded_double_bit,P1,stage1_word_pos0,39+53,codeword_bits,,0,1,0,0,detected_uncorrectable
SUPP-NEG-V1-001,secded_double_bit,P1,stage1_word_pos0,39+54,codeword_bits,,0,1,0,0,detected_uncorrectable
SUPP-NEG-V1-001,secded_double_bit,P1,stage1_word_pos0,39+55,codeword_bits,,0,1,0,0,detected_uncorrectable
SUPP-NEG-V1-001,secded_double_bit,P1,stage1_word_pos0,39+56,codeword_bits,,0,1,0,0,detected_uncorrectable
SUPP-NEG-V1-001,secded_double_bit,P1,stage1_word_pos0,39+57,codeword_bits,,0,1,0,0,detected_uncorrectable
SUPP-NEG-V1-001,secded_double_bit,P1,stage1_word_pos0,39+58,codeword_bits,,0,1,0,0,detected_uncorrectable
SUPP-NEG-V1-001,secded_double_bit,P1,stage1_word_pos0,39+59,codeword_bits,,0,1,0,0,detected_uncorrectable
SUPP-NEG-V1-001,secded_double_bit,P1,stage1_word_pos0,39+60,codeword_bits,,0,1,0,0,detected_uncorrectable
SUPP-NEG-V1-001,secded_double_bit,P1,stage1_word_pos0,39+61,codeword_bits,,0,1,0,0,detected_uncorrectable
SUPP-NEG-V1-001,secded_double_bit,P1,stage1_word_pos0,39+62,codeword_bits,,0,1,0,0,detected_uncorrectable
SUPP-NEG-V1-001,secded_double_bit,P1,stage1_word_pos0,39+63,codeword_bits,,0,1,0,0,detected_uncorrectable
SUPP-NEG-V1-001,secded_double_bit,P1,stage1_word_pos0,39+64,codeword_bits,,0,1,0,0,detected_uncorrectable
SUPP-NEG-V1-001,secded_double_bit,P1,stage1_word_pos0,39+65,codeword_bits,,0,1,0,0,detected_uncorrectable
SUPP-NEG-V1-001,secded_double_bit,P1,stage1_word_pos0,39+66,codeword_bits,,0,1,0,0,detected_uncorrectable
SUPP-NEG-V1-001,secded_double_bit,P1,stage1_word_pos0,39+67,codeword_bits,,0,1,0,0,detected_uncorrectable
SUPP-NEG-V1-001,secded_double_bit,P1,stage1_word_pos0,39+68,codeword_bits,,0,1,0,0,detected_uncorrectable
SUPP-NEG-V1-001,secded_double_bit,P1,stage1_word_pos0,39+69,codeword_bits,,0,1,0,0,detected_uncorrectable
SUPP-NEG-V1-001,secded_double_bit,P1,stage1_word_pos0,39+70,codeword_bits,,0,1,0,0,detected_uncorrectable
SUPP-NEG-V1-001,secded_double_bit,P1,stage1_word_pos0,39+71,codeword_bits,,0,1,0,0,detected_uncorrectable
SUPP-NEG-V1-001,secded_double_bit,P1,stage1_word_pos0,39+72,codeword_bits,,0,1,0,0,detected_uncorrectable
SUPP-NEG-V1-001,secded_double_bit,P1,stage1_word_pos0,39+73,codeword_bits,,0,1,0,0,detected_uncorrectable
SUPP-NEG-V1-001,secded_double_bit,P1,stage1_word_pos0,39+74,codeword_bits,,0,1,0,0,detected_uncorrectable
SUPP-NEG-V1-001,secded_double_bit,P1,stage1_word_pos0,39+75,codeword_bits,,0,1,0,0,detected_uncorrectable
SUPP-NEG-V1-001,secded_double_bit,P1,stage1_word_pos0,39+76,codeword_bits,,0,1,0,0,detected_uncorrectable
SUPP-NEG-V1-001,secded_double_bit,P1,stage1_word_pos0,39+77,codeword_bits,,0,1,0,0,detected_uncorrectable
SUPP-NEG-V1-001,secded_double_bit,P1,stage1_word_pos0,40+41,codeword_bits,,0,1,0,0,detected_uncorrectable
SUPP-NEG-V1-001,secded_double_bit,P1,stage1_word_pos0,40+42,codeword_bits,,0,1,0,0,detected_uncorrectable
SUPP-NEG-V1-001,secded_double_bit,P1,stage1_word_pos0,40+43,codeword_bits,,0,1,0,0,detected_uncorrectable
SUPP-NEG-V1-001,secded_double_bit,P1,stage1_word_pos0,40+44,codeword_bits,,0,1,0,0,detected_uncorrectable
SUPP-NEG-V1-001,secded_double_bit,P1,stage1_word_pos0,40+45,codeword_bits,,0,1,0,0,detected_uncorrectable
SUPP-NEG-V1-001,secded_double_bit,P1,stage1_word_pos0,40+46,codeword_bits,,0,1,0,0,detected_uncorrectable
SUPP-NEG-V1-001,secded_double_bit,P1,stage1_word_pos0,40+47,codeword_bits,,0,1,0,0,detected_uncorrectable
SUPP-NEG-V1-001,secded_double_bit,P1,stage1_word_pos0,40+48,codeword_bits,,0,1,0,0,detected_uncorrectable
SUPP-NEG-V1-001,secded_double_bit,P1,stage1_word_pos0,40+49,codeword_bits,,0,1,0,0,detected_uncorrectable
SUPP-NEG-V1-001,secded_double_bit,P1,stage1_word_pos0,40+50,codeword_bits,,0,1,0,0,detected_uncorrectable
SUPP-NEG-V1-001,secded_double_bit,P1,stage1_word_pos0,40+51,codeword_bits,,0,1,0,0,detected_uncorrectable
SUPP-NEG-V1-001,secded_double_bit,P1,stage1_word_pos0,40+52,codeword_bits,,0,1,0,0,detected_uncorrectable
SUPP-NEG-V1-001,secded_double_bit,P1,stage1_word_pos0,40+53,codeword_bits,,0,1,0,0,detected_uncorrectable
SUPP-NEG-V1-001,secded_double_bit,P1,stage1_word_pos0,40+54,codeword_bits,,0,1,0,0,detected_uncorrectable
SUPP-NEG-V1-001,secded_double_bit,P1,stage1_word_pos0,40+55,codeword_bits,,0,1,0,0,detected_uncorrectable
SUPP-NEG-V1-001,secded_double_bit,P1,stage1_word_pos0,40+56,codeword_bits,,0,1,0,0,detected_uncorrectable
SUPP-NEG-V1-001,secded_double_bit,P1,stage1_word_pos0,40+57,codeword_bits,,0,1,0,0,detected_uncorrectable
SUPP-NEG-V1-001,secded_double_bit,P1,stage1_word_pos0,40+58,codeword_bits,,0,1,0,0,detected_uncorrectable
SUPP-NEG-V1-001,secded_double_bit,P1,stage1_word_pos0,40+59,codeword_bits,,0,1,0,0,detected_uncorrectable
SUPP-NEG-V1-001,secded_double_bit,P1,stage1_word_pos0,40+60,codeword_bits,,0,1,0,0,detected_uncorrectable
SUPP-NEG-V1-001,secded_double_bit,P1,stage1_word_pos0,40+61,codeword_bits,,0,1,0,0,detected_uncorrectable
SUPP-NEG-V1-001,secded_double_bit,P1,stage1_word_pos0,40+62,codeword_bits,,0,1,0,0,detected_uncorrectable
SUPP-NEG-V1-001,secded_double_bit,P1,stage1_word_pos0,40+63,codeword_bits,,0,1,0,0,detected_uncorrectable
SUPP-NEG-V1-001,secded_double_bit,P1,stage1_word_pos0,40+64,codeword_bits,,0,1,0,0,detected_uncorrectable
SUPP-NEG-V1-001,secded_double_bit,P1,stage1_word_pos0,40+65,codeword_bits,,0,1,0,0,detected_uncorrectable
SUPP-NEG-V1-001,secded_double_bit,P1,stage1_word_pos0,40+66,codeword_bits,,0,1,0,0,detected_uncorrectable
SUPP-NEG-V1-001,secded_double_bit,P1,stage1_word_pos0,40+67,codeword_bits,,0,1,0,0,detected_uncorrectable
SUPP-NEG-V1-001,secded_double_bit,P1,stage1_word_pos0,40+68,codeword_bits,,0,1,0,0,detected_uncorrectable
SUPP-NEG-V1-001,secded_double_bit,P1,stage1_word_pos0,40+69,codeword_bits,,0,1,0,0,detected_uncorrectable
SUPP-NEG-V1-001,secded_double_bit,P1,stage1_word_pos0,40+70,codeword_bits,,0,1,0,0,detected_uncorrectable
SUPP-NEG-V1-001,secded_double_bit,P1,stage1_word_pos0,40+71,codeword_bits,,0,1,0,0,detected_uncorrectable
SUPP-NEG-V1-001,secded_double_bit,P1,stage1_word_pos0,40+72,codeword_bits,,0,1,0,0,detected_uncorrectable
SUPP-NEG-V1-001,secded_double_bit,P1,stage1_word_pos0,40+73,codeword_bits,,0,1,0,0,detected_uncorrectable
SUPP-NEG-V1-001,secded_double_bit,P1,stage1_word_pos0,40+74,codeword_bits,,0,1,0,0,detected_uncorrectable
SUPP-NEG-V1-001,secded_double_bit,P1,stage1_word_pos0,40+75,codeword_bits,,0,1,0,0,detected_uncorrectable
SUPP-NEG-V1-001,secded_double_bit,P1,stage1_word_pos0,40+76,codeword_bits,,0,1,0,0,detected_uncorrectable
SUPP-NEG-V1-001,secded_double_bit,P1,stage1_word_pos0,40+77,codeword_bits,,0,1,0,0,detected_uncorrectable
SUPP-NEG-V1-001,secded_double_bit,P1,stage1_word_pos0,41+42,codeword_bits,,0,1,0,0,detected_uncorrectable
SUPP-NEG-V1-001,secded_double_bit,P1,stage1_word_pos0,41+43,codeword_bits,,0,1,0,0,detected_uncorrectable
SUPP-NEG-V1-001,secded_double_bit,P1,stage1_word_pos0,41+44,codeword_bits,,0,1,0,0,detected_uncorrectable
SUPP-NEG-V1-001,secded_double_bit,P1,stage1_word_pos0,41+45,codeword_bits,,0,1,0,0,detected_uncorrectable
SUPP-NEG-V1-001,secded_double_bit,P1,stage1_word_pos0,41+46,codeword_bits,,0,1,0,0,detected_uncorrectable
SUPP-NEG-V1-001,secded_double_bit,P1,stage1_word_pos0,41+47,codeword_bits,,0,1,0,0,detected_uncorrectable
SUPP-NEG-V1-001,secded_double_bit,P1,stage1_word_pos0,41+48,codeword_bits,,0,1,0,0,detected_uncorrectable
SUPP-NEG-V1-001,secded_double_bit,P1,stage1_word_pos0,41+49,codeword_bits,,0,1,0,0,detected_uncorrectable
SUPP-NEG-V1-001,secded_double_bit,P1,stage1_word_pos0,41+50,codeword_bits,,0,1,0,0,detected_uncorrectable
SUPP-NEG-V1-001,secded_double_bit,P1,stage1_word_pos0,41+51,codeword_bits,,0,1,0,0,detected_uncorrectable
SUPP-NEG-V1-001,secded_double_bit,P1,stage1_word_pos0,41+52,codeword_bits,,0,1,0,0,detected_uncorrectable
SUPP-NEG-V1-001,secded_double_bit,P1,stage1_word_pos0,41+53,codeword_bits,,0,1,0,0,detected_uncorrectable
SUPP-NEG-V1-001,secded_double_bit,P1,stage1_word_pos0,41+54,codeword_bits,,0,1,0,0,detected_uncorrectable
SUPP-NEG-V1-001,secded_double_bit,P1,stage1_word_pos0,41+55,codeword_bits,,0,1,0,0,detected_uncorrectable
SUPP-NEG-V1-001,secded_double_bit,P1,stage1_word_pos0,41+56,codeword_bits,,0,1,0,0,detected_uncorrectable
SUPP-NEG-V1-001,secded_double_bit,P1,stage1_word_pos0,41+57,codeword_bits,,0,1,0,0,detected_uncorrectable
SUPP-NEG-V1-001,secded_double_bit,P1,stage1_word_pos0,41+58,codeword_bits,,0,1,0,0,detected_uncorrectable
SUPP-NEG-V1-001,secded_double_bit,P1,stage1_word_pos0,41+59,codeword_bits,,0,1,0,0,detected_uncorrectable
SUPP-NEG-V1-001,secded_double_bit,P1,stage1_word_pos0,41+60,codeword_bits,,0,1,0,0,detected_uncorrectable
SUPP-NEG-V1-001,secded_double_bit,P1,stage1_word_pos0,41+61,codeword_bits,,0,1,0,0,detected_uncorrectable
SUPP-NEG-V1-001,secded_double_bit,P1,stage1_word_pos0,41+62,codeword_bits,,0,1,0,0,detected_uncorrectable
SUPP-NEG-V1-001,secded_double_bit,P1,stage1_word_pos0,41+63,codeword_bits,,0,1,0,0,detected_uncorrectable
SUPP-NEG-V1-001,secded_double_bit,P1,stage1_word_pos0,41+64,codeword_bits,,0,1,0,0,detected_uncorrectable
SUPP-NEG-V1-001,secded_double_bit,P1,stage1_word_pos0,41+65,codeword_bits,,0,1,0,0,detected_uncorrectable
SUPP-NEG-V1-001,secded_double_bit,P1,stage1_word_pos0,41+66,codeword_bits,,0,1,0,0,detected_uncorrectable
SUPP-NEG-V1-001,secded_double_bit,P1,stage1_word_pos0,41+67,codeword_bits,,0,1,0,0,detected_uncorrectable
SUPP-NEG-V1-001,secded_double_bit,P1,stage1_word_pos0,41+68,codeword_bits,,0,1,0,0,detected_uncorrectable
SUPP-NEG-V1-001,secded_double_bit,P1,stage1_word_pos0,41+69,codeword_bits,,0,1,0,0,detected_uncorrectable
SUPP-NEG-V1-001,secded_double_bit,P1,stage1_word_pos0,41+70,codeword_bits,,0,1,0,0,detected_uncorrectable
SUPP-NEG-V1-001,secded_double_bit,P1,stage1_word_pos0,41+71,codeword_bits,,0,1,0,0,detected_uncorrectable
SUPP-NEG-V1-001,secded_double_bit,P1,stage1_word_pos0,41+72,codeword_bits,,0,1,0,0,detected_uncorrectable
SUPP-NEG-V1-001,secded_double_bit,P1,stage1_word_pos0,41+73,codeword_bits,,0,1,0,0,detected_uncorrectable
SUPP-NEG-V1-001,secded_double_bit,P1,stage1_word_pos0,41+74,codeword_bits,,0,1,0,0,detected_uncorrectable
SUPP-NEG-V1-001,secded_double_bit,P1,stage1_word_pos0,41+75,codeword_bits,,0,1,0,0,detected_uncorrectable
SUPP-NEG-V1-001,secded_double_bit,P1,stage1_word_pos0,41+76,codeword_bits,,0,1,0,0,detected_uncorrectable
SUPP-NEG-V1-001,secded_double_bit,P1,stage1_word_pos0,41+77,codeword_bits,,0,1,0,0,detected_uncorrectable
SUPP-NEG-V1-001,secded_double_bit,P1,stage1_word_pos0,42+43,codeword_bits,,0,1,0,0,detected_uncorrectable
SUPP-NEG-V1-001,secded_double_bit,P1,stage1_word_pos0,42+44,codeword_bits,,0,1,0,0,detected_uncorrectable
SUPP-NEG-V1-001,secded_double_bit,P1,stage1_word_pos0,42+45,codeword_bits,,0,1,0,0,detected_uncorrectable
SUPP-NEG-V1-001,secded_double_bit,P1,stage1_word_pos0,42+46,codeword_bits,,0,1,0,0,detected_uncorrectable
SUPP-NEG-V1-001,secded_double_bit,P1,stage1_word_pos0,42+47,codeword_bits,,0,1,0,0,detected_uncorrectable
SUPP-NEG-V1-001,secded_double_bit,P1,stage1_word_pos0,42+48,codeword_bits,,0,1,0,0,detected_uncorrectable
SUPP-NEG-V1-001,secded_double_bit,P1,stage1_word_pos0,42+49,codeword_bits,,0,1,0,0,detected_uncorrectable
SUPP-NEG-V1-001,secded_double_bit,P1,stage1_word_pos0,42+50,codeword_bits,,0,1,0,0,detected_uncorrectable
SUPP-NEG-V1-001,secded_double_bit,P1,stage1_word_pos0,42+51,codeword_bits,,0,1,0,0,detected_uncorrectable
SUPP-NEG-V1-001,secded_double_bit,P1,stage1_word_pos0,42+52,codeword_bits,,0,1,0,0,detected_uncorrectable
SUPP-NEG-V1-001,secded_double_bit,P1,stage1_word_pos0,42+53,codeword_bits,,0,1,0,0,detected_uncorrectable
SUPP-NEG-V1-001,secded_double_bit,P1,stage1_word_pos0,42+54,codeword_bits,,0,1,0,0,detected_uncorrectable
SUPP-NEG-V1-001,secded_double_bit,P1,stage1_word_pos0,42+55,codeword_bits,,0,1,0,0,detected_uncorrectable
SUPP-NEG-V1-001,secded_double_bit,P1,stage1_word_pos0,42+56,codeword_bits,,0,1,0,0,detected_uncorrectable
SUPP-NEG-V1-001,secded_double_bit,P1,stage1_word_pos0,42+57,codeword_bits,,0,1,0,0,detected_uncorrectable
SUPP-NEG-V1-001,secded_double_bit,P1,stage1_word_pos0,42+58,codeword_bits,,0,1,0,0,detected_uncorrectable
SUPP-NEG-V1-001,secded_double_bit,P1,stage1_word_pos0,42+59,codeword_bits,,0,1,0,0,detected_uncorrectable
SUPP-NEG-V1-001,secded_double_bit,P1,stage1_word_pos0,42+60,codeword_bits,,0,1,0,0,detected_uncorrectable
SUPP-NEG-V1-001,secded_double_bit,P1,stage1_word_pos0,42+61,codeword_bits,,0,1,0,0,detected_uncorrectable
SUPP-NEG-V1-001,secded_double_bit,P1,stage1_word_pos0,42+62,codeword_bits,,0,1,0,0,detected_uncorrectable
SUPP-NEG-V1-001,secded_double_bit,P1,stage1_word_pos0,42+63,codeword_bits,,0,1,0,0,detected_uncorrectable
SUPP-NEG-V1-001,secded_double_bit,P1,stage1_word_pos0,42+64,codeword_bits,,0,1,0,0,detected_uncorrectable
SUPP-NEG-V1-001,secded_double_bit,P1,stage1_word_pos0,42+65,codeword_bits,,0,1,0,0,detected_uncorrectable
SUPP-NEG-V1-001,secded_double_bit,P1,stage1_word_pos0,42+66,codeword_bits,,0,1,0,0,detected_uncorrectable
SUPP-NEG-V1-001,secded_double_bit,P1,stage1_word_pos0,42+67,codeword_bits,,0,1,0,0,detected_uncorrectable
SUPP-NEG-V1-001,secded_double_bit,P1,stage1_word_pos0,42+68,codeword_bits,,0,1,0,0,detected_uncorrectable
SUPP-NEG-V1-001,secded_double_bit,P1,stage1_word_pos0,42+69,codeword_bits,,0,1,0,0,detected_uncorrectable
SUPP-NEG-V1-001,secded_double_bit,P1,stage1_word_pos0,42+70,codeword_bits,,0,1,0,0,detected_uncorrectable
SUPP-NEG-V1-001,secded_double_bit,P1,stage1_word_pos0,42+71,codeword_bits,,0,1,0,0,detected_uncorrectable
SUPP-NEG-V1-001,secded_double_bit,P1,stage1_word_pos0,42+72,codeword_bits,,0,1,0,0,detected_uncorrectable
SUPP-NEG-V1-001,secded_double_bit,P1,stage1_word_pos0,42+73,codeword_bits,,0,1,0,0,detected_uncorrectable
SUPP-NEG-V1-001,secded_double_bit,P1,stage1_word_pos0,42+74,codeword_bits,,0,1,0,0,detected_uncorrectable
SUPP-NEG-V1-001,secded_double_bit,P1,stage1_word_pos0,42+75,codeword_bits,,0,1,0,0,detected_uncorrectable
SUPP-NEG-V1-001,secded_double_bit,P1,stage1_word_pos0,42+76,codeword_bits,,0,1,0,0,detected_uncorrectable
SUPP-NEG-V1-001,secded_double_bit,P1,stage1_word_pos0,42+77,codeword_bits,,0,1,0,0,detected_uncorrectable
SUPP-NEG-V1-001,secded_double_bit,P1,stage1_word_pos0,43+44,codeword_bits,,0,1,0,0,detected_uncorrectable
SUPP-NEG-V1-001,secded_double_bit,P1,stage1_word_pos0,43+45,codeword_bits,,0,1,0,0,detected_uncorrectable
SUPP-NEG-V1-001,secded_double_bit,P1,stage1_word_pos0,43+46,codeword_bits,,0,1,0,0,detected_uncorrectable
SUPP-NEG-V1-001,secded_double_bit,P1,stage1_word_pos0,43+47,codeword_bits,,0,1,0,0,detected_uncorrectable
SUPP-NEG-V1-001,secded_double_bit,P1,stage1_word_pos0,43+48,codeword_bits,,0,1,0,0,detected_uncorrectable
SUPP-NEG-V1-001,secded_double_bit,P1,stage1_word_pos0,43+49,codeword_bits,,0,1,0,0,detected_uncorrectable
SUPP-NEG-V1-001,secded_double_bit,P1,stage1_word_pos0,43+50,codeword_bits,,0,1,0,0,detected_uncorrectable
SUPP-NEG-V1-001,secded_double_bit,P1,stage1_word_pos0,43+51,codeword_bits,,0,1,0,0,detected_uncorrectable
SUPP-NEG-V1-001,secded_double_bit,P1,stage1_word_pos0,43+52,codeword_bits,,0,1,0,0,detected_uncorrectable
SUPP-NEG-V1-001,secded_double_bit,P1,stage1_word_pos0,43+53,codeword_bits,,0,1,0,0,detected_uncorrectable
SUPP-NEG-V1-001,secded_double_bit,P1,stage1_word_pos0,43+54,codeword_bits,,0,1,0,0,detected_uncorrectable
SUPP-NEG-V1-001,secded_double_bit,P1,stage1_word_pos0,43+55,codeword_bits,,0,1,0,0,detected_uncorrectable
SUPP-NEG-V1-001,secded_double_bit,P1,stage1_word_pos0,43+56,codeword_bits,,0,1,0,0,detected_uncorrectable
SUPP-NEG-V1-001,secded_double_bit,P1,stage1_word_pos0,43+57,codeword_bits,,0,1,0,0,detected_uncorrectable
SUPP-NEG-V1-001,secded_double_bit,P1,stage1_word_pos0,43+58,codeword_bits,,0,1,0,0,detected_uncorrectable
SUPP-NEG-V1-001,secded_double_bit,P1,stage1_word_pos0,43+59,codeword_bits,,0,1,0,0,detected_uncorrectable
SUPP-NEG-V1-001,secded_double_bit,P1,stage1_word_pos0,43+60,codeword_bits,,0,1,0,0,detected_uncorrectable
SUPP-NEG-V1-001,secded_double_bit,P1,stage1_word_pos0,43+61,codeword_bits,,0,1,0,0,detected_uncorrectable
SUPP-NEG-V1-001,secded_double_bit,P1,stage1_word_pos0,43+62,codeword_bits,,0,1,0,0,detected_uncorrectable
SUPP-NEG-V1-001,secded_double_bit,P1,stage1_word_pos0,43+63,codeword_bits,,0,1,0,0,detected_uncorrectable
SUPP-NEG-V1-001,secded_double_bit,P1,stage1_word_pos0,43+64,codeword_bits,,0,1,0,0,detected_uncorrectable
SUPP-NEG-V1-001,secded_double_bit,P1,stage1_word_pos0,43+65,codeword_bits,,0,1,0,0,detected_uncorrectable
SUPP-NEG-V1-001,secded_double_bit,P1,stage1_word_pos0,43+66,codeword_bits,,0,1,0,0,detected_uncorrectable
SUPP-NEG-V1-001,secded_double_bit,P1,stage1_word_pos0,43+67,codeword_bits,,0,1,0,0,detected_uncorrectable
SUPP-NEG-V1-001,secded_double_bit,P1,stage1_word_pos0,43+68,codeword_bits,,0,1,0,0,detected_uncorrectable
SUPP-NEG-V1-001,secded_double_bit,P1,stage1_word_pos0,43+69,codeword_bits,,0,1,0,0,detected_uncorrectable
SUPP-NEG-V1-001,secded_double_bit,P1,stage1_word_pos0,43+70,codeword_bits,,0,1,0,0,detected_uncorrectable
SUPP-NEG-V1-001,secded_double_bit,P1,stage1_word_pos0,43+71,codeword_bits,,0,1,0,0,detected_uncorrectable
SUPP-NEG-V1-001,secded_double_bit,P1,stage1_word_pos0,43+72,codeword_bits,,0,1,0,0,detected_uncorrectable
SUPP-NEG-V1-001,secded_double_bit,P1,stage1_word_pos0,43+73,codeword_bits,,0,1,0,0,detected_uncorrectable
SUPP-NEG-V1-001,secded_double_bit,P1,stage1_word_pos0,43+74,codeword_bits,,0,1,0,0,detected_uncorrectable
SUPP-NEG-V1-001,secded_double_bit,P1,stage1_word_pos0,43+75,codeword_bits,,0,1,0,0,detected_uncorrectable
SUPP-NEG-V1-001,secded_double_bit,P1,stage1_word_pos0,43+76,codeword_bits,,0,1,0,0,detected_uncorrectable
SUPP-NEG-V1-001,secded_double_bit,P1,stage1_word_pos0,43+77,codeword_bits,,0,1,0,0,detected_uncorrectable
SUPP-NEG-V1-001,secded_double_bit,P1,stage1_word_pos0,44+45,codeword_bits,,0,1,0,0,detected_uncorrectable
SUPP-NEG-V1-001,secded_double_bit,P1,stage1_word_pos0,44+46,codeword_bits,,0,1,0,0,detected_uncorrectable
SUPP-NEG-V1-001,secded_double_bit,P1,stage1_word_pos0,44+47,codeword_bits,,0,1,0,0,detected_uncorrectable
SUPP-NEG-V1-001,secded_double_bit,P1,stage1_word_pos0,44+48,codeword_bits,,0,1,0,0,detected_uncorrectable
SUPP-NEG-V1-001,secded_double_bit,P1,stage1_word_pos0,44+49,codeword_bits,,0,1,0,0,detected_uncorrectable
SUPP-NEG-V1-001,secded_double_bit,P1,stage1_word_pos0,44+50,codeword_bits,,0,1,0,0,detected_uncorrectable
SUPP-NEG-V1-001,secded_double_bit,P1,stage1_word_pos0,44+51,codeword_bits,,0,1,0,0,detected_uncorrectable
SUPP-NEG-V1-001,secded_double_bit,P1,stage1_word_pos0,44+52,codeword_bits,,0,1,0,0,detected_uncorrectable
SUPP-NEG-V1-001,secded_double_bit,P1,stage1_word_pos0,44+53,codeword_bits,,0,1,0,0,detected_uncorrectable
SUPP-NEG-V1-001,secded_double_bit,P1,stage1_word_pos0,44+54,codeword_bits,,0,1,0,0,detected_uncorrectable
SUPP-NEG-V1-001,secded_double_bit,P1,stage1_word_pos0,44+55,codeword_bits,,0,1,0,0,detected_uncorrectable
SUPP-NEG-V1-001,secded_double_bit,P1,stage1_word_pos0,44+56,codeword_bits,,0,1,0,0,detected_uncorrectable
SUPP-NEG-V1-001,secded_double_bit,P1,stage1_word_pos0,44+57,codeword_bits,,0,1,0,0,detected_uncorrectable
SUPP-NEG-V1-001,secded_double_bit,P1,stage1_word_pos0,44+58,codeword_bits,,0,1,0,0,detected_uncorrectable
SUPP-NEG-V1-001,secded_double_bit,P1,stage1_word_pos0,44+59,codeword_bits,,0,1,0,0,detected_uncorrectable
SUPP-NEG-V1-001,secded_double_bit,P1,stage1_word_pos0,44+60,codeword_bits,,0,1,0,0,detected_uncorrectable
SUPP-NEG-V1-001,secded_double_bit,P1,stage1_word_pos0,44+61,codeword_bits,,0,1,0,0,detected_uncorrectable
SUPP-NEG-V1-001,secded_double_bit,P1,stage1_word_pos0,44+62,codeword_bits,,0,1,0,0,detected_uncorrectable
SUPP-NEG-V1-001,secded_double_bit,P1,stage1_word_pos0,44+63,codeword_bits,,0,1,0,0,detected_uncorrectable
SUPP-NEG-V1-001,secded_double_bit,P1,stage1_word_pos0,44+64,codeword_bits,,0,1,0,0,detected_uncorrectable
SUPP-NEG-V1-001,secded_double_bit,P1,stage1_word_pos0,44+65,codeword_bits,,0,1,0,0,detected_uncorrectable
SUPP-NEG-V1-001,secded_double_bit,P1,stage1_word_pos0,44+66,codeword_bits,,0,1,0,0,detected_uncorrectable
SUPP-NEG-V1-001,secded_double_bit,P1,stage1_word_pos0,44+67,codeword_bits,,0,1,0,0,detected_uncorrectable
SUPP-NEG-V1-001,secded_double_bit,P1,stage1_word_pos0,44+68,codeword_bits,,0,1,0,0,detected_uncorrectable
SUPP-NEG-V1-001,secded_double_bit,P1,stage1_word_pos0,44+69,codeword_bits,,0,1,0,0,detected_uncorrectable
SUPP-NEG-V1-001,secded_double_bit,P1,stage1_word_pos0,44+70,codeword_bits,,0,1,0,0,detected_uncorrectable
SUPP-NEG-V1-001,secded_double_bit,P1,stage1_word_pos0,44+71,codeword_bits,,0,1,0,0,detected_uncorrectable
SUPP-NEG-V1-001,secded_double_bit,P1,stage1_word_pos0,44+72,codeword_bits,,0,1,0,0,detected_uncorrectable
SUPP-NEG-V1-001,secded_double_bit,P1,stage1_word_pos0,44+73,codeword_bits,,0,1,0,0,detected_uncorrectable
SUPP-NEG-V1-001,secded_double_bit,P1,stage1_word_pos0,44+74,codeword_bits,,0,1,0,0,detected_uncorrectable
SUPP-NEG-V1-001,secded_double_bit,P1,stage1_word_pos0,44+75,codeword_bits,,0,1,0,0,detected_uncorrectable
SUPP-NEG-V1-001,secded_double_bit,P1,stage1_word_pos0,44+76,codeword_bits,,0,1,0,0,detected_uncorrectable
SUPP-NEG-V1-001,secded_double_bit,P1,stage1_word_pos0,44+77,codeword_bits,,0,1,0,0,detected_uncorrectable
SUPP-NEG-V1-001,secded_double_bit,P1,stage1_word_pos0,45+46,codeword_bits,,0,1,0,0,detected_uncorrectable
SUPP-NEG-V1-001,secded_double_bit,P1,stage1_word_pos0,45+47,codeword_bits,,0,1,0,0,detected_uncorrectable
SUPP-NEG-V1-001,secded_double_bit,P1,stage1_word_pos0,45+48,codeword_bits,,0,1,0,0,detected_uncorrectable
SUPP-NEG-V1-001,secded_double_bit,P1,stage1_word_pos0,45+49,codeword_bits,,0,1,0,0,detected_uncorrectable
SUPP-NEG-V1-001,secded_double_bit,P1,stage1_word_pos0,45+50,codeword_bits,,0,1,0,0,detected_uncorrectable
SUPP-NEG-V1-001,secded_double_bit,P1,stage1_word_pos0,45+51,codeword_bits,,0,1,0,0,detected_uncorrectable
SUPP-NEG-V1-001,secded_double_bit,P1,stage1_word_pos0,45+52,codeword_bits,,0,1,0,0,detected_uncorrectable
SUPP-NEG-V1-001,secded_double_bit,P1,stage1_word_pos0,45+53,codeword_bits,,0,1,0,0,detected_uncorrectable
SUPP-NEG-V1-001,secded_double_bit,P1,stage1_word_pos0,45+54,codeword_bits,,0,1,0,0,detected_uncorrectable
SUPP-NEG-V1-001,secded_double_bit,P1,stage1_word_pos0,45+55,codeword_bits,,0,1,0,0,detected_uncorrectable
SUPP-NEG-V1-001,secded_double_bit,P1,stage1_word_pos0,45+56,codeword_bits,,0,1,0,0,detected_uncorrectable
SUPP-NEG-V1-001,secded_double_bit,P1,stage1_word_pos0,45+57,codeword_bits,,0,1,0,0,detected_uncorrectable
SUPP-NEG-V1-001,secded_double_bit,P1,stage1_word_pos0,45+58,codeword_bits,,0,1,0,0,detected_uncorrectable
SUPP-NEG-V1-001,secded_double_bit,P1,stage1_word_pos0,45+59,codeword_bits,,0,1,0,0,detected_uncorrectable
SUPP-NEG-V1-001,secded_double_bit,P1,stage1_word_pos0,45+60,codeword_bits,,0,1,0,0,detected_uncorrectable
SUPP-NEG-V1-001,secded_double_bit,P1,stage1_word_pos0,45+61,codeword_bits,,0,1,0,0,detected_uncorrectable
SUPP-NEG-V1-001,secded_double_bit,P1,stage1_word_pos0,45+62,codeword_bits,,0,1,0,0,detected_uncorrectable
SUPP-NEG-V1-001,secded_double_bit,P1,stage1_word_pos0,45+63,codeword_bits,,0,1,0,0,detected_uncorrectable
SUPP-NEG-V1-001,secded_double_bit,P1,stage1_word_pos0,45+64,codeword_bits,,0,1,0,0,detected_uncorrectable
SUPP-NEG-V1-001,secded_double_bit,P1,stage1_word_pos0,45+65,codeword_bits,,0,1,0,0,detected_uncorrectable
SUPP-NEG-V1-001,secded_double_bit,P1,stage1_word_pos0,45+66,codeword_bits,,0,1,0,0,detected_uncorrectable
SUPP-NEG-V1-001,secded_double_bit,P1,stage1_word_pos0,45+67,codeword_bits,,0,1,0,0,detected_uncorrectable
SUPP-NEG-V1-001,secded_double_bit,P1,stage1_word_pos0,45+68,codeword_bits,,0,1,0,0,detected_uncorrectable
SUPP-NEG-V1-001,secded_double_bit,P1,stage1_word_pos0,45+69,codeword_bits,,0,1,0,0,detected_uncorrectable
SUPP-NEG-V1-001,secded_double_bit,P1,stage1_word_pos0,45+70,codeword_bits,,0,1,0,0,detected_uncorrectable
SUPP-NEG-V1-001,secded_double_bit,P1,stage1_word_pos0,45+71,codeword_bits,,0,1,0,0,detected_uncorrectable
SUPP-NEG-V1-001,secded_double_bit,P1,stage1_word_pos0,45+72,codeword_bits,,0,1,0,0,detected_uncorrectable
SUPP-NEG-V1-001,secded_double_bit,P1,stage1_word_pos0,45+73,codeword_bits,,0,1,0,0,detected_uncorrectable
SUPP-NEG-V1-001,secded_double_bit,P1,stage1_word_pos0,45+74,codeword_bits,,0,1,0,0,detected_uncorrectable
SUPP-NEG-V1-001,secded_double_bit,P1,stage1_word_pos0,45+75,codeword_bits,,0,1,0,0,detected_uncorrectable
SUPP-NEG-V1-001,secded_double_bit,P1,stage1_word_pos0,45+76,codeword_bits,,0,1,0,0,detected_uncorrectable
SUPP-NEG-V1-001,secded_double_bit,P1,stage1_word_pos0,45+77,codeword_bits,,0,1,0,0,detected_uncorrectable
SUPP-NEG-V1-001,secded_double_bit,P1,stage1_word_pos0,46+47,codeword_bits,,0,1,0,0,detected_uncorrectable
SUPP-NEG-V1-001,secded_double_bit,P1,stage1_word_pos0,46+48,codeword_bits,,0,1,0,0,detected_uncorrectable
SUPP-NEG-V1-001,secded_double_bit,P1,stage1_word_pos0,46+49,codeword_bits,,0,1,0,0,detected_uncorrectable
SUPP-NEG-V1-001,secded_double_bit,P1,stage1_word_pos0,46+50,codeword_bits,,0,1,0,0,detected_uncorrectable
SUPP-NEG-V1-001,secded_double_bit,P1,stage1_word_pos0,46+51,codeword_bits,,0,1,0,0,detected_uncorrectable
SUPP-NEG-V1-001,secded_double_bit,P1,stage1_word_pos0,46+52,codeword_bits,,0,1,0,0,detected_uncorrectable
SUPP-NEG-V1-001,secded_double_bit,P1,stage1_word_pos0,46+53,codeword_bits,,0,1,0,0,detected_uncorrectable
SUPP-NEG-V1-001,secded_double_bit,P1,stage1_word_pos0,46+54,codeword_bits,,0,1,0,0,detected_uncorrectable
SUPP-NEG-V1-001,secded_double_bit,P1,stage1_word_pos0,46+55,codeword_bits,,0,1,0,0,detected_uncorrectable
SUPP-NEG-V1-001,secded_double_bit,P1,stage1_word_pos0,46+56,codeword_bits,,0,1,0,0,detected_uncorrectable
SUPP-NEG-V1-001,secded_double_bit,P1,stage1_word_pos0,46+57,codeword_bits,,0,1,0,0,detected_uncorrectable
SUPP-NEG-V1-001,secded_double_bit,P1,stage1_word_pos0,46+58,codeword_bits,,0,1,0,0,detected_uncorrectable
SUPP-NEG-V1-001,secded_double_bit,P1,stage1_word_pos0,46+59,codeword_bits,,0,1,0,0,detected_uncorrectable
SUPP-NEG-V1-001,secded_double_bit,P1,stage1_word_pos0,46+60,codeword_bits,,0,1,0,0,detected_uncorrectable
SUPP-NEG-V1-001,secded_double_bit,P1,stage1_word_pos0,46+61,codeword_bits,,0,1,0,0,detected_uncorrectable
SUPP-NEG-V1-001,secded_double_bit,P1,stage1_word_pos0,46+62,codeword_bits,,0,1,0,0,detected_uncorrectable
SUPP-NEG-V1-001,secded_double_bit,P1,stage1_word_pos0,46+63,codeword_bits,,0,1,0,0,detected_uncorrectable
SUPP-NEG-V1-001,secded_double_bit,P1,stage1_word_pos0,46+64,codeword_bits,,0,1,0,0,detected_uncorrectable
SUPP-NEG-V1-001,secded_double_bit,P1,stage1_word_pos0,46+65,codeword_bits,,0,1,0,0,detected_uncorrectable
SUPP-NEG-V1-001,secded_double_bit,P1,stage1_word_pos0,46+66,codeword_bits,,0,1,0,0,detected_uncorrectable
SUPP-NEG-V1-001,secded_double_bit,P1,stage1_word_pos0,46+67,codeword_bits,,0,1,0,0,detected_uncorrectable
SUPP-NEG-V1-001,secded_double_bit,P1,stage1_word_pos0,46+68,codeword_bits,,0,1,0,0,detected_uncorrectable
SUPP-NEG-V1-001,secded_double_bit,P1,stage1_word_pos0,46+69,codeword_bits,,0,1,0,0,detected_uncorrectable
SUPP-NEG-V1-001,secded_double_bit,P1,stage1_word_pos0,46+70,codeword_bits,,0,1,0,0,detected_uncorrectable
SUPP-NEG-V1-001,secded_double_bit,P1,stage1_word_pos0,46+71,codeword_bits,,0,1,0,0,detected_uncorrectable
SUPP-NEG-V1-001,secded_double_bit,P1,stage1_word_pos0,46+72,codeword_bits,,0,1,0,0,detected_uncorrectable
SUPP-NEG-V1-001,secded_double_bit,P1,stage1_word_pos0,46+73,codeword_bits,,0,1,0,0,detected_uncorrectable
SUPP-NEG-V1-001,secded_double_bit,P1,stage1_word_pos0,46+74,codeword_bits,,0,1,0,0,detected_uncorrectable
SUPP-NEG-V1-001,secded_double_bit,P1,stage1_word_pos0,46+75,codeword_bits,,0,1,0,0,detected_uncorrectable
SUPP-NEG-V1-001,secded_double_bit,P1,stage1_word_pos0,46+76,codeword_bits,,0,1,0,0,detected_uncorrectable
SUPP-NEG-V1-001,secded_double_bit,P1,stage1_word_pos0,46+77,codeword_bits,,0,1,0,0,detected_uncorrectable
SUPP-NEG-V1-001,secded_double_bit,P1,stage1_word_pos0,47+48,codeword_bits,,0,1,0,0,detected_uncorrectable
SUPP-NEG-V1-001,secded_double_bit,P1,stage1_word_pos0,47+49,codeword_bits,,0,1,0,0,detected_uncorrectable
SUPP-NEG-V1-001,secded_double_bit,P1,stage1_word_pos0,47+50,codeword_bits,,0,1,0,0,detected_uncorrectable
SUPP-NEG-V1-001,secded_double_bit,P1,stage1_word_pos0,47+51,codeword_bits,,0,1,0,0,detected_uncorrectable
SUPP-NEG-V1-001,secded_double_bit,P1,stage1_word_pos0,47+52,codeword_bits,,0,1,0,0,detected_uncorrectable
SUPP-NEG-V1-001,secded_double_bit,P1,stage1_word_pos0,47+53,codeword_bits,,0,1,0,0,detected_uncorrectable
SUPP-NEG-V1-001,secded_double_bit,P1,stage1_word_pos0,47+54,codeword_bits,,0,1,0,0,detected_uncorrectable
SUPP-NEG-V1-001,secded_double_bit,P1,stage1_word_pos0,47+55,codeword_bits,,0,1,0,0,detected_uncorrectable
SUPP-NEG-V1-001,secded_double_bit,P1,stage1_word_pos0,47+56,codeword_bits,,0,1,0,0,detected_uncorrectable
SUPP-NEG-V1-001,secded_double_bit,P1,stage1_word_pos0,47+57,codeword_bits,,0,1,0,0,detected_uncorrectable
SUPP-NEG-V1-001,secded_double_bit,P1,stage1_word_pos0,47+58,codeword_bits,,0,1,0,0,detected_uncorrectable
SUPP-NEG-V1-001,secded_double_bit,P1,stage1_word_pos0,47+59,codeword_bits,,0,1,0,0,detected_uncorrectable
SUPP-NEG-V1-001,secded_double_bit,P1,stage1_word_pos0,47+60,codeword_bits,,0,1,0,0,detected_uncorrectable
SUPP-NEG-V1-001,secded_double_bit,P1,stage1_word_pos0,47+61,codeword_bits,,0,1,0,0,detected_uncorrectable
SUPP-NEG-V1-001,secded_double_bit,P1,stage1_word_pos0,47+62,codeword_bits,,0,1,0,0,detected_uncorrectable
SUPP-NEG-V1-001,secded_double_bit,P1,stage1_word_pos0,47+63,codeword_bits,,0,1,0,0,detected_uncorrectable
SUPP-NEG-V1-001,secded_double_bit,P1,stage1_word_pos0,47+64,codeword_bits,,0,1,0,0,detected_uncorrectable
SUPP-NEG-V1-001,secded_double_bit,P1,stage1_word_pos0,47+65,codeword_bits,,0,1,0,0,detected_uncorrectable
SUPP-NEG-V1-001,secded_double_bit,P1,stage1_word_pos0,47+66,codeword_bits,,0,1,0,0,detected_uncorrectable
SUPP-NEG-V1-001,secded_double_bit,P1,stage1_word_pos0,47+67,codeword_bits,,0,1,0,0,detected_uncorrectable
SUPP-NEG-V1-001,secded_double_bit,P1,stage1_word_pos0,47+68,codeword_bits,,0,1,0,0,detected_uncorrectable
SUPP-NEG-V1-001,secded_double_bit,P1,stage1_word_pos0,47+69,codeword_bits,,0,1,0,0,detected_uncorrectable
SUPP-NEG-V1-001,secded_double_bit,P1,stage1_word_pos0,47+70,codeword_bits,,0,1,0,0,detected_uncorrectable
SUPP-NEG-V1-001,secded_double_bit,P1,stage1_word_pos0,47+71,codeword_bits,,0,1,0,0,detected_uncorrectable
SUPP-NEG-V1-001,secded_double_bit,P1,stage1_word_pos0,47+72,codeword_bits,,0,1,0,0,detected_uncorrectable
SUPP-NEG-V1-001,secded_double_bit,P1,stage1_word_pos0,47+73,codeword_bits,,0,1,0,0,detected_uncorrectable
SUPP-NEG-V1-001,secded_double_bit,P1,stage1_word_pos0,47+74,codeword_bits,,0,1,0,0,detected_uncorrectable
SUPP-NEG-V1-001,secded_double_bit,P1,stage1_word_pos0,47+75,codeword_bits,,0,1,0,0,detected_uncorrectable
SUPP-NEG-V1-001,secded_double_bit,P1,stage1_word_pos0,47+76,codeword_bits,,0,1,0,0,detected_uncorrectable
SUPP-NEG-V1-001,secded_double_bit,P1,stage1_word_pos0,47+77,codeword_bits,,0,1,0,0,detected_uncorrectable
SUPP-NEG-V1-001,secded_double_bit,P1,stage1_word_pos0,48+49,codeword_bits,,0,1,0,0,detected_uncorrectable
SUPP-NEG-V1-001,secded_double_bit,P1,stage1_word_pos0,48+50,codeword_bits,,0,1,0,0,detected_uncorrectable
SUPP-NEG-V1-001,secded_double_bit,P1,stage1_word_pos0,48+51,codeword_bits,,0,1,0,0,detected_uncorrectable
SUPP-NEG-V1-001,secded_double_bit,P1,stage1_word_pos0,48+52,codeword_bits,,0,1,0,0,detected_uncorrectable
SUPP-NEG-V1-001,secded_double_bit,P1,stage1_word_pos0,48+53,codeword_bits,,0,1,0,0,detected_uncorrectable
SUPP-NEG-V1-001,secded_double_bit,P1,stage1_word_pos0,48+54,codeword_bits,,0,1,0,0,detected_uncorrectable
SUPP-NEG-V1-001,secded_double_bit,P1,stage1_word_pos0,48+55,codeword_bits,,0,1,0,0,detected_uncorrectable
SUPP-NEG-V1-001,secded_double_bit,P1,stage1_word_pos0,48+56,codeword_bits,,0,1,0,0,detected_uncorrectable
SUPP-NEG-V1-001,secded_double_bit,P1,stage1_word_pos0,48+57,codeword_bits,,0,1,0,0,detected_uncorrectable
SUPP-NEG-V1-001,secded_double_bit,P1,stage1_word_pos0,48+58,codeword_bits,,0,1,0,0,detected_uncorrectable
SUPP-NEG-V1-001,secded_double_bit,P1,stage1_word_pos0,48+59,codeword_bits,,0,1,0,0,detected_uncorrectable
SUPP-NEG-V1-001,secded_double_bit,P1,stage1_word_pos0,48+60,codeword_bits,,0,1,0,0,detected_uncorrectable
SUPP-NEG-V1-001,secded_double_bit,P1,stage1_word_pos0,48+61,codeword_bits,,0,1,0,0,detected_uncorrectable
SUPP-NEG-V1-001,secded_double_bit,P1,stage1_word_pos0,48+62,codeword_bits,,0,1,0,0,detected_uncorrectable
SUPP-NEG-V1-001,secded_double_bit,P1,stage1_word_pos0,48+63,codeword_bits,,0,1,0,0,detected_uncorrectable
SUPP-NEG-V1-001,secded_double_bit,P1,stage1_word_pos0,48+64,codeword_bits,,0,1,0,0,detected_uncorrectable
SUPP-NEG-V1-001,secded_double_bit,P1,stage1_word_pos0,48+65,codeword_bits,,0,1,0,0,detected_uncorrectable
SUPP-NEG-V1-001,secded_double_bit,P1,stage1_word_pos0,48+66,codeword_bits,,0,1,0,0,detected_uncorrectable
SUPP-NEG-V1-001,secded_double_bit,P1,stage1_word_pos0,48+67,codeword_bits,,0,1,0,0,detected_uncorrectable
SUPP-NEG-V1-001,secded_double_bit,P1,stage1_word_pos0,48+68,codeword_bits,,0,1,0,0,detected_uncorrectable
SUPP-NEG-V1-001,secded_double_bit,P1,stage1_word_pos0,48+69,codeword_bits,,0,1,0,0,detected_uncorrectable
SUPP-NEG-V1-001,secded_double_bit,P1,stage1_word_pos0,48+70,codeword_bits,,0,1,0,0,detected_uncorrectable
SUPP-NEG-V1-001,secded_double_bit,P1,stage1_word_pos0,48+71,codeword_bits,,0,1,0,0,detected_uncorrectable
SUPP-NEG-V1-001,secded_double_bit,P1,stage1_word_pos0,48+72,codeword_bits,,0,1,0,0,detected_uncorrectable
SUPP-NEG-V1-001,secded_double_bit,P1,stage1_word_pos0,48+73,codeword_bits,,0,1,0,0,detected_uncorrectable
SUPP-NEG-V1-001,secded_double_bit,P1,stage1_word_pos0,48+74,codeword_bits,,0,1,0,0,detected_uncorrectable
SUPP-NEG-V1-001,secded_double_bit,P1,stage1_word_pos0,48+75,codeword_bits,,0,1,0,0,detected_uncorrectable
SUPP-NEG-V1-001,secded_double_bit,P1,stage1_word_pos0,48+76,codeword_bits,,0,1,0,0,detected_uncorrectable
SUPP-NEG-V1-001,secded_double_bit,P1,stage1_word_pos0,48+77,codeword_bits,,0,1,0,0,detected_uncorrectable
SUPP-NEG-V1-001,secded_double_bit,P1,stage1_word_pos0,49+50,codeword_bits,,0,1,0,0,detected_uncorrectable
SUPP-NEG-V1-001,secded_double_bit,P1,stage1_word_pos0,49+51,codeword_bits,,0,1,0,0,detected_uncorrectable
SUPP-NEG-V1-001,secded_double_bit,P1,stage1_word_pos0,49+52,codeword_bits,,0,1,0,0,detected_uncorrectable
SUPP-NEG-V1-001,secded_double_bit,P1,stage1_word_pos0,49+53,codeword_bits,,0,1,0,0,detected_uncorrectable
SUPP-NEG-V1-001,secded_double_bit,P1,stage1_word_pos0,49+54,codeword_bits,,0,1,0,0,detected_uncorrectable
SUPP-NEG-V1-001,secded_double_bit,P1,stage1_word_pos0,49+55,codeword_bits,,0,1,0,0,detected_uncorrectable
SUPP-NEG-V1-001,secded_double_bit,P1,stage1_word_pos0,49+56,codeword_bits,,0,1,0,0,detected_uncorrectable
SUPP-NEG-V1-001,secded_double_bit,P1,stage1_word_pos0,49+57,codeword_bits,,0,1,0,0,detected_uncorrectable
SUPP-NEG-V1-001,secded_double_bit,P1,stage1_word_pos0,49+58,codeword_bits,,0,1,0,0,detected_uncorrectable
SUPP-NEG-V1-001,secded_double_bit,P1,stage1_word_pos0,49+59,codeword_bits,,0,1,0,0,detected_uncorrectable
SUPP-NEG-V1-001,secded_double_bit,P1,stage1_word_pos0,49+60,codeword_bits,,0,1,0,0,detected_uncorrectable
SUPP-NEG-V1-001,secded_double_bit,P1,stage1_word_pos0,49+61,codeword_bits,,0,1,0,0,detected_uncorrectable
SUPP-NEG-V1-001,secded_double_bit,P1,stage1_word_pos0,49+62,codeword_bits,,0,1,0,0,detected_uncorrectable
SUPP-NEG-V1-001,secded_double_bit,P1,stage1_word_pos0,49+63,codeword_bits,,0,1,0,0,detected_uncorrectable
SUPP-NEG-V1-001,secded_double_bit,P1,stage1_word_pos0,49+64,codeword_bits,,0,1,0,0,detected_uncorrectable
SUPP-NEG-V1-001,secded_double_bit,P1,stage1_word_pos0,49+65,codeword_bits,,0,1,0,0,detected_uncorrectable
SUPP-NEG-V1-001,secded_double_bit,P1,stage1_word_pos0,49+66,codeword_bits,,0,1,0,0,detected_uncorrectable
SUPP-NEG-V1-001,secded_double_bit,P1,stage1_word_pos0,49+67,codeword_bits,,0,1,0,0,detected_uncorrectable
SUPP-NEG-V1-001,secded_double_bit,P1,stage1_word_pos0,49+68,codeword_bits,,0,1,0,0,detected_uncorrectable
SUPP-NEG-V1-001,secded_double_bit,P1,stage1_word_pos0,49+69,codeword_bits,,0,1,0,0,detected_uncorrectable
SUPP-NEG-V1-001,secded_double_bit,P1,stage1_word_pos0,49+70,codeword_bits,,0,1,0,0,detected_uncorrectable
SUPP-NEG-V1-001,secded_double_bit,P1,stage1_word_pos0,49+71,codeword_bits,,0,1,0,0,detected_uncorrectable
SUPP-NEG-V1-001,secded_double_bit,P1,stage1_word_pos0,49+72,codeword_bits,,0,1,0,0,detected_uncorrectable
SUPP-NEG-V1-001,secded_double_bit,P1,stage1_word_pos0,49+73,codeword_bits,,0,1,0,0,detected_uncorrectable
SUPP-NEG-V1-001,secded_double_bit,P1,stage1_word_pos0,49+74,codeword_bits,,0,1,0,0,detected_uncorrectable
SUPP-NEG-V1-001,secded_double_bit,P1,stage1_word_pos0,49+75,codeword_bits,,0,1,0,0,detected_uncorrectable
SUPP-NEG-V1-001,secded_double_bit,P1,stage1_word_pos0,49+76,codeword_bits,,0,1,0,0,detected_uncorrectable
SUPP-NEG-V1-001,secded_double_bit,P1,stage1_word_pos0,49+77,codeword_bits,,0,1,0,0,detected_uncorrectable
SUPP-NEG-V1-001,secded_double_bit,P1,stage1_word_pos0,50+51,codeword_bits,,0,1,0,0,detected_uncorrectable
SUPP-NEG-V1-001,secded_double_bit,P1,stage1_word_pos0,50+52,codeword_bits,,0,1,0,0,detected_uncorrectable
SUPP-NEG-V1-001,secded_double_bit,P1,stage1_word_pos0,50+53,codeword_bits,,0,1,0,0,detected_uncorrectable
SUPP-NEG-V1-001,secded_double_bit,P1,stage1_word_pos0,50+54,codeword_bits,,0,1,0,0,detected_uncorrectable
SUPP-NEG-V1-001,secded_double_bit,P1,stage1_word_pos0,50+55,codeword_bits,,0,1,0,0,detected_uncorrectable
SUPP-NEG-V1-001,secded_double_bit,P1,stage1_word_pos0,50+56,codeword_bits,,0,1,0,0,detected_uncorrectable
SUPP-NEG-V1-001,secded_double_bit,P1,stage1_word_pos0,50+57,codeword_bits,,0,1,0,0,detected_uncorrectable
SUPP-NEG-V1-001,secded_double_bit,P1,stage1_word_pos0,50+58,codeword_bits,,0,1,0,0,detected_uncorrectable
SUPP-NEG-V1-001,secded_double_bit,P1,stage1_word_pos0,50+59,codeword_bits,,0,1,0,0,detected_uncorrectable
SUPP-NEG-V1-001,secded_double_bit,P1,stage1_word_pos0,50+60,codeword_bits,,0,1,0,0,detected_uncorrectable
SUPP-NEG-V1-001,secded_double_bit,P1,stage1_word_pos0,50+61,codeword_bits,,0,1,0,0,detected_uncorrectable
SUPP-NEG-V1-001,secded_double_bit,P1,stage1_word_pos0,50+62,codeword_bits,,0,1,0,0,detected_uncorrectable
SUPP-NEG-V1-001,secded_double_bit,P1,stage1_word_pos0,50+63,codeword_bits,,0,1,0,0,detected_uncorrectable
SUPP-NEG-V1-001,secded_double_bit,P1,stage1_word_pos0,50+64,codeword_bits,,0,1,0,0,detected_uncorrectable
SUPP-NEG-V1-001,secded_double_bit,P1,stage1_word_pos0,50+65,codeword_bits,,0,1,0,0,detected_uncorrectable
SUPP-NEG-V1-001,secded_double_bit,P1,stage1_word_pos0,50+66,codeword_bits,,0,1,0,0,detected_uncorrectable
SUPP-NEG-V1-001,secded_double_bit,P1,stage1_word_pos0,50+67,codeword_bits,,0,1,0,0,detected_uncorrectable
SUPP-NEG-V1-001,secded_double_bit,P1,stage1_word_pos0,50+68,codeword_bits,,0,1,0,0,detected_uncorrectable
SUPP-NEG-V1-001,secded_double_bit,P1,stage1_word_pos0,50+69,codeword_bits,,0,1,0,0,detected_uncorrectable
SUPP-NEG-V1-001,secded_double_bit,P1,stage1_word_pos0,50+70,codeword_bits,,0,1,0,0,detected_uncorrectable
SUPP-NEG-V1-001,secded_double_bit,P1,stage1_word_pos0,50+71,codeword_bits,,0,1,0,0,detected_uncorrectable
SUPP-NEG-V1-001,secded_double_bit,P1,stage1_word_pos0,50+72,codeword_bits,,0,1,0,0,detected_uncorrectable
SUPP-NEG-V1-001,secded_double_bit,P1,stage1_word_pos0,50+73,codeword_bits,,0,1,0,0,detected_uncorrectable
SUPP-NEG-V1-001,secded_double_bit,P1,stage1_word_pos0,50+74,codeword_bits,,0,1,0,0,detected_uncorrectable
SUPP-NEG-V1-001,secded_double_bit,P1,stage1_word_pos0,50+75,codeword_bits,,0,1,0,0,detected_uncorrectable
SUPP-NEG-V1-001,secded_double_bit,P1,stage1_word_pos0,50+76,codeword_bits,,0,1,0,0,detected_uncorrectable
SUPP-NEG-V1-001,secded_double_bit,P1,stage1_word_pos0,50+77,codeword_bits,,0,1,0,0,detected_uncorrectable
SUPP-NEG-V1-001,secded_double_bit,P1,stage1_word_pos0,51+52,codeword_bits,,0,1,0,0,detected_uncorrectable
SUPP-NEG-V1-001,secded_double_bit,P1,stage1_word_pos0,51+53,codeword_bits,,0,1,0,0,detected_uncorrectable
SUPP-NEG-V1-001,secded_double_bit,P1,stage1_word_pos0,51+54,codeword_bits,,0,1,0,0,detected_uncorrectable
SUPP-NEG-V1-001,secded_double_bit,P1,stage1_word_pos0,51+55,codeword_bits,,0,1,0,0,detected_uncorrectable
SUPP-NEG-V1-001,secded_double_bit,P1,stage1_word_pos0,51+56,codeword_bits,,0,1,0,0,detected_uncorrectable
SUPP-NEG-V1-001,secded_double_bit,P1,stage1_word_pos0,51+57,codeword_bits,,0,1,0,0,detected_uncorrectable
SUPP-NEG-V1-001,secded_double_bit,P1,stage1_word_pos0,51+58,codeword_bits,,0,1,0,0,detected_uncorrectable
SUPP-NEG-V1-001,secded_double_bit,P1,stage1_word_pos0,51+59,codeword_bits,,0,1,0,0,detected_uncorrectable
SUPP-NEG-V1-001,secded_double_bit,P1,stage1_word_pos0,51+60,codeword_bits,,0,1,0,0,detected_uncorrectable
SUPP-NEG-V1-001,secded_double_bit,P1,stage1_word_pos0,51+61,codeword_bits,,0,1,0,0,detected_uncorrectable
SUPP-NEG-V1-001,secded_double_bit,P1,stage1_word_pos0,51+62,codeword_bits,,0,1,0,0,detected_uncorrectable
SUPP-NEG-V1-001,secded_double_bit,P1,stage1_word_pos0,51+63,codeword_bits,,0,1,0,0,detected_uncorrectable
SUPP-NEG-V1-001,secded_double_bit,P1,stage1_word_pos0,51+64,codeword_bits,,0,1,0,0,detected_uncorrectable
SUPP-NEG-V1-001,secded_double_bit,P1,stage1_word_pos0,51+65,codeword_bits,,0,1,0,0,detected_uncorrectable
SUPP-NEG-V1-001,secded_double_bit,P1,stage1_word_pos0,51+66,codeword_bits,,0,1,0,0,detected_uncorrectable
SUPP-NEG-V1-001,secded_double_bit,P1,stage1_word_pos0,51+67,codeword_bits,,0,1,0,0,detected_uncorrectable
SUPP-NEG-V1-001,secded_double_bit,P1,stage1_word_pos0,51+68,codeword_bits,,0,1,0,0,detected_uncorrectable
SUPP-NEG-V1-001,secded_double_bit,P1,stage1_word_pos0,51+69,codeword_bits,,0,1,0,0,detected_uncorrectable
SUPP-NEG-V1-001,secded_double_bit,P1,stage1_word_pos0,51+70,codeword_bits,,0,1,0,0,detected_uncorrectable
SUPP-NEG-V1-001,secded_double_bit,P1,stage1_word_pos0,51+71,codeword_bits,,0,1,0,0,detected_uncorrectable
SUPP-NEG-V1-001,secded_double_bit,P1,stage1_word_pos0,51+72,codeword_bits,,0,1,0,0,detected_uncorrectable
SUPP-NEG-V1-001,secded_double_bit,P1,stage1_word_pos0,51+73,codeword_bits,,0,1,0,0,detected_uncorrectable
SUPP-NEG-V1-001,secded_double_bit,P1,stage1_word_pos0,51+74,codeword_bits,,0,1,0,0,detected_uncorrectable
SUPP-NEG-V1-001,secded_double_bit,P1,stage1_word_pos0,51+75,codeword_bits,,0,1,0,0,detected_uncorrectable
SUPP-NEG-V1-001,secded_double_bit,P1,stage1_word_pos0,51+76,codeword_bits,,0,1,0,0,detected_uncorrectable
SUPP-NEG-V1-001,secded_double_bit,P1,stage1_word_pos0,51+77,codeword_bits,,0,1,0,0,detected_uncorrectable
SUPP-NEG-V1-001,secded_double_bit,P1,stage1_word_pos0,52+53,codeword_bits,,0,1,0,0,detected_uncorrectable
SUPP-NEG-V1-001,secded_double_bit,P1,stage1_word_pos0,52+54,codeword_bits,,0,1,0,0,detected_uncorrectable
SUPP-NEG-V1-001,secded_double_bit,P1,stage1_word_pos0,52+55,codeword_bits,,0,1,0,0,detected_uncorrectable
SUPP-NEG-V1-001,secded_double_bit,P1,stage1_word_pos0,52+56,codeword_bits,,0,1,0,0,detected_uncorrectable
SUPP-NEG-V1-001,secded_double_bit,P1,stage1_word_pos0,52+57,codeword_bits,,0,1,0,0,detected_uncorrectable
SUPP-NEG-V1-001,secded_double_bit,P1,stage1_word_pos0,52+58,codeword_bits,,0,1,0,0,detected_uncorrectable
SUPP-NEG-V1-001,secded_double_bit,P1,stage1_word_pos0,52+59,codeword_bits,,0,1,0,0,detected_uncorrectable
SUPP-NEG-V1-001,secded_double_bit,P1,stage1_word_pos0,52+60,codeword_bits,,0,1,0,0,detected_uncorrectable
SUPP-NEG-V1-001,secded_double_bit,P1,stage1_word_pos0,52+61,codeword_bits,,0,1,0,0,detected_uncorrectable
SUPP-NEG-V1-001,secded_double_bit,P1,stage1_word_pos0,52+62,codeword_bits,,0,1,0,0,detected_uncorrectable
SUPP-NEG-V1-001,secded_double_bit,P1,stage1_word_pos0,52+63,codeword_bits,,0,1,0,0,detected_uncorrectable
SUPP-NEG-V1-001,secded_double_bit,P1,stage1_word_pos0,52+64,codeword_bits,,0,1,0,0,detected_uncorrectable
SUPP-NEG-V1-001,secded_double_bit,P1,stage1_word_pos0,52+65,codeword_bits,,0,1,0,0,detected_uncorrectable
SUPP-NEG-V1-001,secded_double_bit,P1,stage1_word_pos0,52+66,codeword_bits,,0,1,0,0,detected_uncorrectable
SUPP-NEG-V1-001,secded_double_bit,P1,stage1_word_pos0,52+67,codeword_bits,,0,1,0,0,detected_uncorrectable
SUPP-NEG-V1-001,secded_double_bit,P1,stage1_word_pos0,52+68,codeword_bits,,0,1,0,0,detected_uncorrectable
SUPP-NEG-V1-001,secded_double_bit,P1,stage1_word_pos0,52+69,codeword_bits,,0,1,0,0,detected_uncorrectable
SUPP-NEG-V1-001,secded_double_bit,P1,stage1_word_pos0,52+70,codeword_bits,,0,1,0,0,detected_uncorrectable
SUPP-NEG-V1-001,secded_double_bit,P1,stage1_word_pos0,52+71,codeword_bits,,0,1,0,0,detected_uncorrectable
SUPP-NEG-V1-001,secded_double_bit,P1,stage1_word_pos0,52+72,codeword_bits,,0,1,0,0,detected_uncorrectable
SUPP-NEG-V1-001,secded_double_bit,P1,stage1_word_pos0,52+73,codeword_bits,,0,1,0,0,detected_uncorrectable
SUPP-NEG-V1-001,secded_double_bit,P1,stage1_word_pos0,52+74,codeword_bits,,0,1,0,0,detected_uncorrectable
SUPP-NEG-V1-001,secded_double_bit,P1,stage1_word_pos0,52+75,codeword_bits,,0,1,0,0,detected_uncorrectable
SUPP-NEG-V1-001,secded_double_bit,P1,stage1_word_pos0,52+76,codeword_bits,,0,1,0,0,detected_uncorrectable
SUPP-NEG-V1-001,secded_double_bit,P1,stage1_word_pos0,52+77,codeword_bits,,0,1,0,0,detected_uncorrectable
SUPP-NEG-V1-001,secded_double_bit,P1,stage1_word_pos0,53+54,codeword_bits,,0,1,0,0,detected_uncorrectable
SUPP-NEG-V1-001,secded_double_bit,P1,stage1_word_pos0,53+55,codeword_bits,,0,1,0,0,detected_uncorrectable
SUPP-NEG-V1-001,secded_double_bit,P1,stage1_word_pos0,53+56,codeword_bits,,0,1,0,0,detected_uncorrectable
SUPP-NEG-V1-001,secded_double_bit,P1,stage1_word_pos0,53+57,codeword_bits,,0,1,0,0,detected_uncorrectable
SUPP-NEG-V1-001,secded_double_bit,P1,stage1_word_pos0,53+58,codeword_bits,,0,1,0,0,detected_uncorrectable
SUPP-NEG-V1-001,secded_double_bit,P1,stage1_word_pos0,53+59,codeword_bits,,0,1,0,0,detected_uncorrectable
SUPP-NEG-V1-001,secded_double_bit,P1,stage1_word_pos0,53+60,codeword_bits,,0,1,0,0,detected_uncorrectable
SUPP-NEG-V1-001,secded_double_bit,P1,stage1_word_pos0,53+61,codeword_bits,,0,1,0,0,detected_uncorrectable
SUPP-NEG-V1-001,secded_double_bit,P1,stage1_word_pos0,53+62,codeword_bits,,0,1,0,0,detected_uncorrectable
SUPP-NEG-V1-001,secded_double_bit,P1,stage1_word_pos0,53+63,codeword_bits,,0,1,0,0,detected_uncorrectable
SUPP-NEG-V1-001,secded_double_bit,P1,stage1_word_pos0,53+64,codeword_bits,,0,1,0,0,detected_uncorrectable
SUPP-NEG-V1-001,secded_double_bit,P1,stage1_word_pos0,53+65,codeword_bits,,0,1,0,0,detected_uncorrectable
SUPP-NEG-V1-001,secded_double_bit,P1,stage1_word_pos0,53+66,codeword_bits,,0,1,0,0,detected_uncorrectable
SUPP-NEG-V1-001,secded_double_bit,P1,stage1_word_pos0,53+67,codeword_bits,,0,1,0,0,detected_uncorrectable
SUPP-NEG-V1-001,secded_double_bit,P1,stage1_word_pos0,53+68,codeword_bits,,0,1,0,0,detected_uncorrectable
SUPP-NEG-V1-001,secded_double_bit,P1,stage1_word_pos0,53+69,codeword_bits,,0,1,0,0,detected_uncorrectable
SUPP-NEG-V1-001,secded_double_bit,P1,stage1_word_pos0,53+70,codeword_bits,,0,1,0,0,detected_uncorrectable
SUPP-NEG-V1-001,secded_double_bit,P1,stage1_word_pos0,53+71,codeword_bits,,0,1,0,0,detected_uncorrectable
SUPP-NEG-V1-001,secded_double_bit,P1,stage1_word_pos0,53+72,codeword_bits,,0,1,0,0,detected_uncorrectable
SUPP-NEG-V1-001,secded_double_bit,P1,stage1_word_pos0,53+73,codeword_bits,,0,1,0,0,detected_uncorrectable
SUPP-NEG-V1-001,secded_double_bit,P1,stage1_word_pos0,53+74,codeword_bits,,0,1,0,0,detected_uncorrectable
SUPP-NEG-V1-001,secded_double_bit,P1,stage1_word_pos0,53+75,codeword_bits,,0,1,0,0,detected_uncorrectable
SUPP-NEG-V1-001,secded_double_bit,P1,stage1_word_pos0,53+76,codeword_bits,,0,1,0,0,detected_uncorrectable
SUPP-NEG-V1-001,secded_double_bit,P1,stage1_word_pos0,53+77,codeword_bits,,0,1,0,0,detected_uncorrectable
SUPP-NEG-V1-001,secded_double_bit,P1,stage1_word_pos0,54+55,codeword_bits,,0,1,0,0,detected_uncorrectable
SUPP-NEG-V1-001,secded_double_bit,P1,stage1_word_pos0,54+56,codeword_bits,,0,1,0,0,detected_uncorrectable
SUPP-NEG-V1-001,secded_double_bit,P1,stage1_word_pos0,54+57,codeword_bits,,0,1,0,0,detected_uncorrectable
SUPP-NEG-V1-001,secded_double_bit,P1,stage1_word_pos0,54+58,codeword_bits,,0,1,0,0,detected_uncorrectable
SUPP-NEG-V1-001,secded_double_bit,P1,stage1_word_pos0,54+59,codeword_bits,,0,1,0,0,detected_uncorrectable
SUPP-NEG-V1-001,secded_double_bit,P1,stage1_word_pos0,54+60,codeword_bits,,0,1,0,0,detected_uncorrectable
SUPP-NEG-V1-001,secded_double_bit,P1,stage1_word_pos0,54+61,codeword_bits,,0,1,0,0,detected_uncorrectable
SUPP-NEG-V1-001,secded_double_bit,P1,stage1_word_pos0,54+62,codeword_bits,,0,1,0,0,detected_uncorrectable
SUPP-NEG-V1-001,secded_double_bit,P1,stage1_word_pos0,54+63,codeword_bits,,0,1,0,0,detected_uncorrectable
SUPP-NEG-V1-001,secded_double_bit,P1,stage1_word_pos0,54+64,codeword_bits,,0,1,0,0,detected_uncorrectable
SUPP-NEG-V1-001,secded_double_bit,P1,stage1_word_pos0,54+65,codeword_bits,,0,1,0,0,detected_uncorrectable
SUPP-NEG-V1-001,secded_double_bit,P1,stage1_word_pos0,54+66,codeword_bits,,0,1,0,0,detected_uncorrectable
SUPP-NEG-V1-001,secded_double_bit,P1,stage1_word_pos0,54+67,codeword_bits,,0,1,0,0,detected_uncorrectable
SUPP-NEG-V1-001,secded_double_bit,P1,stage1_word_pos0,54+68,codeword_bits,,0,1,0,0,detected_uncorrectable
SUPP-NEG-V1-001,secded_double_bit,P1,stage1_word_pos0,54+69,codeword_bits,,0,1,0,0,detected_uncorrectable
SUPP-NEG-V1-001,secded_double_bit,P1,stage1_word_pos0,54+70,codeword_bits,,0,1,0,0,detected_uncorrectable
SUPP-NEG-V1-001,secded_double_bit,P1,stage1_word_pos0,54+71,codeword_bits,,0,1,0,0,detected_uncorrectable
SUPP-NEG-V1-001,secded_double_bit,P1,stage1_word_pos0,54+72,codeword_bits,,0,1,0,0,detected_uncorrectable
SUPP-NEG-V1-001,secded_double_bit,P1,stage1_word_pos0,54+73,codeword_bits,,0,1,0,0,detected_uncorrectable
SUPP-NEG-V1-001,secded_double_bit,P1,stage1_word_pos0,54+74,codeword_bits,,0,1,0,0,detected_uncorrectable
SUPP-NEG-V1-001,secded_double_bit,P1,stage1_word_pos0,54+75,codeword_bits,,0,1,0,0,detected_uncorrectable
SUPP-NEG-V1-001,secded_double_bit,P1,stage1_word_pos0,54+76,codeword_bits,,0,1,0,0,detected_uncorrectable
SUPP-NEG-V1-001,secded_double_bit,P1,stage1_word_pos0,54+77,codeword_bits,,0,1,0,0,detected_uncorrectable
SUPP-NEG-V1-001,secded_double_bit,P1,stage1_word_pos0,55+56,codeword_bits,,0,1,0,0,detected_uncorrectable
SUPP-NEG-V1-001,secded_double_bit,P1,stage1_word_pos0,55+57,codeword_bits,,0,1,0,0,detected_uncorrectable
SUPP-NEG-V1-001,secded_double_bit,P1,stage1_word_pos0,55+58,codeword_bits,,0,1,0,0,detected_uncorrectable
SUPP-NEG-V1-001,secded_double_bit,P1,stage1_word_pos0,55+59,codeword_bits,,0,1,0,0,detected_uncorrectable
SUPP-NEG-V1-001,secded_double_bit,P1,stage1_word_pos0,55+60,codeword_bits,,0,1,0,0,detected_uncorrectable
SUPP-NEG-V1-001,secded_double_bit,P1,stage1_word_pos0,55+61,codeword_bits,,0,1,0,0,detected_uncorrectable
SUPP-NEG-V1-001,secded_double_bit,P1,stage1_word_pos0,55+62,codeword_bits,,0,1,0,0,detected_uncorrectable
SUPP-NEG-V1-001,secded_double_bit,P1,stage1_word_pos0,55+63,codeword_bits,,0,1,0,0,detected_uncorrectable
SUPP-NEG-V1-001,secded_double_bit,P1,stage1_word_pos0,55+64,codeword_bits,,0,1,0,0,detected_uncorrectable
SUPP-NEG-V1-001,secded_double_bit,P1,stage1_word_pos0,55+65,codeword_bits,,0,1,0,0,detected_uncorrectable
SUPP-NEG-V1-001,secded_double_bit,P1,stage1_word_pos0,55+66,codeword_bits,,0,1,0,0,detected_uncorrectable
SUPP-NEG-V1-001,secded_double_bit,P1,stage1_word_pos0,55+67,codeword_bits,,0,1,0,0,detected_uncorrectable
SUPP-NEG-V1-001,secded_double_bit,P1,stage1_word_pos0,55+68,codeword_bits,,0,1,0,0,detected_uncorrectable
SUPP-NEG-V1-001,secded_double_bit,P1,stage1_word_pos0,55+69,codeword_bits,,0,1,0,0,detected_uncorrectable
SUPP-NEG-V1-001,secded_double_bit,P1,stage1_word_pos0,55+70,codeword_bits,,0,1,0,0,detected_uncorrectable
SUPP-NEG-V1-001,secded_double_bit,P1,stage1_word_pos0,55+71,codeword_bits,,0,1,0,0,detected_uncorrectable
SUPP-NEG-V1-001,secded_double_bit,P1,stage1_word_pos0,55+72,codeword_bits,,0,1,0,0,detected_uncorrectable
SUPP-NEG-V1-001,secded_double_bit,P1,stage1_word_pos0,55+73,codeword_bits,,0,1,0,0,detected_uncorrectable
SUPP-NEG-V1-001,secded_double_bit,P1,stage1_word_pos0,55+74,codeword_bits,,0,1,0,0,detected_uncorrectable
SUPP-NEG-V1-001,secded_double_bit,P1,stage1_word_pos0,55+75,codeword_bits,,0,1,0,0,detected_uncorrectable
SUPP-NEG-V1-001,secded_double_bit,P1,stage1_word_pos0,55+76,codeword_bits,,0,1,0,0,detected_uncorrectable
SUPP-NEG-V1-001,secded_double_bit,P1,stage1_word_pos0,55+77,codeword_bits,,0,1,0,0,detected_uncorrectable
SUPP-NEG-V1-001,secded_double_bit,P1,stage1_word_pos0,56+57,codeword_bits,,0,1,0,0,detected_uncorrectable
SUPP-NEG-V1-001,secded_double_bit,P1,stage1_word_pos0,56+58,codeword_bits,,0,1,0,0,detected_uncorrectable
SUPP-NEG-V1-001,secded_double_bit,P1,stage1_word_pos0,56+59,codeword_bits,,0,1,0,0,detected_uncorrectable
SUPP-NEG-V1-001,secded_double_bit,P1,stage1_word_pos0,56+60,codeword_bits,,0,1,0,0,detected_uncorrectable
SUPP-NEG-V1-001,secded_double_bit,P1,stage1_word_pos0,56+61,codeword_bits,,0,1,0,0,detected_uncorrectable
SUPP-NEG-V1-001,secded_double_bit,P1,stage1_word_pos0,56+62,codeword_bits,,0,1,0,0,detected_uncorrectable
SUPP-NEG-V1-001,secded_double_bit,P1,stage1_word_pos0,56+63,codeword_bits,,0,1,0,0,detected_uncorrectable
SUPP-NEG-V1-001,secded_double_bit,P1,stage1_word_pos0,56+64,codeword_bits,,0,1,0,0,detected_uncorrectable
SUPP-NEG-V1-001,secded_double_bit,P1,stage1_word_pos0,56+65,codeword_bits,,0,1,0,0,detected_uncorrectable
SUPP-NEG-V1-001,secded_double_bit,P1,stage1_word_pos0,56+66,codeword_bits,,0,1,0,0,detected_uncorrectable
SUPP-NEG-V1-001,secded_double_bit,P1,stage1_word_pos0,56+67,codeword_bits,,0,1,0,0,detected_uncorrectable
SUPP-NEG-V1-001,secded_double_bit,P1,stage1_word_pos0,56+68,codeword_bits,,0,1,0,0,detected_uncorrectable
SUPP-NEG-V1-001,secded_double_bit,P1,stage1_word_pos0,56+69,codeword_bits,,0,1,0,0,detected_uncorrectable
SUPP-NEG-V1-001,secded_double_bit,P1,stage1_word_pos0,56+70,codeword_bits,,0,1,0,0,detected_uncorrectable
SUPP-NEG-V1-001,secded_double_bit,P1,stage1_word_pos0,56+71,codeword_bits,,0,1,0,0,detected_uncorrectable
SUPP-NEG-V1-001,secded_double_bit,P1,stage1_word_pos0,56+72,codeword_bits,,0,1,0,0,detected_uncorrectable
SUPP-NEG-V1-001,secded_double_bit,P1,stage1_word_pos0,56+73,codeword_bits,,0,1,0,0,detected_uncorrectable
SUPP-NEG-V1-001,secded_double_bit,P1,stage1_word_pos0,56+74,codeword_bits,,0,1,0,0,detected_uncorrectable
SUPP-NEG-V1-001,secded_double_bit,P1,stage1_word_pos0,56+75,codeword_bits,,0,1,0,0,detected_uncorrectable
SUPP-NEG-V1-001,secded_double_bit,P1,stage1_word_pos0,56+76,codeword_bits,,0,1,0,0,detected_uncorrectable
SUPP-NEG-V1-001,secded_double_bit,P1,stage1_word_pos0,56+77,codeword_bits,,0,1,0,0,detected_uncorrectable
SUPP-NEG-V1-001,secded_double_bit,P1,stage1_word_pos0,57+58,codeword_bits,,0,1,0,0,detected_uncorrectable
SUPP-NEG-V1-001,secded_double_bit,P1,stage1_word_pos0,57+59,codeword_bits,,0,1,0,0,detected_uncorrectable
SUPP-NEG-V1-001,secded_double_bit,P1,stage1_word_pos0,57+60,codeword_bits,,0,1,0,0,detected_uncorrectable
SUPP-NEG-V1-001,secded_double_bit,P1,stage1_word_pos0,57+61,codeword_bits,,0,1,0,0,detected_uncorrectable
SUPP-NEG-V1-001,secded_double_bit,P1,stage1_word_pos0,57+62,codeword_bits,,0,1,0,0,detected_uncorrectable
SUPP-NEG-V1-001,secded_double_bit,P1,stage1_word_pos0,57+63,codeword_bits,,0,1,0,0,detected_uncorrectable
SUPP-NEG-V1-001,secded_double_bit,P1,stage1_word_pos0,57+64,codeword_bits,,0,1,0,0,detected_uncorrectable
SUPP-NEG-V1-001,secded_double_bit,P1,stage1_word_pos0,57+65,codeword_bits,,0,1,0,0,detected_uncorrectable
SUPP-NEG-V1-001,secded_double_bit,P1,stage1_word_pos0,57+66,codeword_bits,,0,1,0,0,detected_uncorrectable
SUPP-NEG-V1-001,secded_double_bit,P1,stage1_word_pos0,57+67,codeword_bits,,0,1,0,0,detected_uncorrectable
SUPP-NEG-V1-001,secded_double_bit,P1,stage1_word_pos0,57+68,codeword_bits,,0,1,0,0,detected_uncorrectable
SUPP-NEG-V1-001,secded_double_bit,P1,stage1_word_pos0,57+69,codeword_bits,,0,1,0,0,detected_uncorrectable
SUPP-NEG-V1-001,secded_double_bit,P1,stage1_word_pos0,57+70,codeword_bits,,0,1,0,0,detected_uncorrectable
SUPP-NEG-V1-001,secded_double_bit,P1,stage1_word_pos0,57+71,codeword_bits,,0,1,0,0,detected_uncorrectable
SUPP-NEG-V1-001,secded_double_bit,P1,stage1_word_pos0,57+72,codeword_bits,,0,1,0,0,detected_uncorrectable
SUPP-NEG-V1-001,secded_double_bit,P1,stage1_word_pos0,57+73,codeword_bits,,0,1,0,0,detected_uncorrectable
SUPP-NEG-V1-001,secded_double_bit,P1,stage1_word_pos0,57+74,codeword_bits,,0,1,0,0,detected_uncorrectable
SUPP-NEG-V1-001,secded_double_bit,P1,stage1_word_pos0,57+75,codeword_bits,,0,1,0,0,detected_uncorrectable
SUPP-NEG-V1-001,secded_double_bit,P1,stage1_word_pos0,57+76,codeword_bits,,0,1,0,0,detected_uncorrectable
SUPP-NEG-V1-001,secded_double_bit,P1,stage1_word_pos0,57+77,codeword_bits,,0,1,0,0,detected_uncorrectable
SUPP-NEG-V1-001,secded_double_bit,P1,stage1_word_pos0,58+59,codeword_bits,,0,1,0,0,detected_uncorrectable
SUPP-NEG-V1-001,secded_double_bit,P1,stage1_word_pos0,58+60,codeword_bits,,0,1,0,0,detected_uncorrectable
SUPP-NEG-V1-001,secded_double_bit,P1,stage1_word_pos0,58+61,codeword_bits,,0,1,0,0,detected_uncorrectable
SUPP-NEG-V1-001,secded_double_bit,P1,stage1_word_pos0,58+62,codeword_bits,,0,1,0,0,detected_uncorrectable
SUPP-NEG-V1-001,secded_double_bit,P1,stage1_word_pos0,58+63,codeword_bits,,0,1,0,0,detected_uncorrectable
SUPP-NEG-V1-001,secded_double_bit,P1,stage1_word_pos0,58+64,codeword_bits,,0,1,0,0,detected_uncorrectable
SUPP-NEG-V1-001,secded_double_bit,P1,stage1_word_pos0,58+65,codeword_bits,,0,1,0,0,detected_uncorrectable
SUPP-NEG-V1-001,secded_double_bit,P1,stage1_word_pos0,58+66,codeword_bits,,0,1,0,0,detected_uncorrectable
SUPP-NEG-V1-001,secded_double_bit,P1,stage1_word_pos0,58+67,codeword_bits,,0,1,0,0,detected_uncorrectable
SUPP-NEG-V1-001,secded_double_bit,P1,stage1_word_pos0,58+68,codeword_bits,,0,1,0,0,detected_uncorrectable
SUPP-NEG-V1-001,secded_double_bit,P1,stage1_word_pos0,58+69,codeword_bits,,0,1,0,0,detected_uncorrectable
SUPP-NEG-V1-001,secded_double_bit,P1,stage1_word_pos0,58+70,codeword_bits,,0,1,0,0,detected_uncorrectable
SUPP-NEG-V1-001,secded_double_bit,P1,stage1_word_pos0,58+71,codeword_bits,,0,1,0,0,detected_uncorrectable
SUPP-NEG-V1-001,secded_double_bit,P1,stage1_word_pos0,58+72,codeword_bits,,0,1,0,0,detected_uncorrectable
SUPP-NEG-V1-001,secded_double_bit,P1,stage1_word_pos0,58+73,codeword_bits,,0,1,0,0,detected_uncorrectable
SUPP-NEG-V1-001,secded_double_bit,P1,stage1_word_pos0,58+74,codeword_bits,,0,1,0,0,detected_uncorrectable
SUPP-NEG-V1-001,secded_double_bit,P1,stage1_word_pos0,58+75,codeword_bits,,0,1,0,0,detected_uncorrectable
SUPP-NEG-V1-001,secded_double_bit,P1,stage1_word_pos0,58+76,codeword_bits,,0,1,0,0,detected_uncorrectable
SUPP-NEG-V1-001,secded_double_bit,P1,stage1_word_pos0,58+77,codeword_bits,,0,1,0,0,detected_uncorrectable
SUPP-NEG-V1-001,secded_double_bit,P1,stage1_word_pos0,59+60,codeword_bits,,0,1,0,0,detected_uncorrectable
SUPP-NEG-V1-001,secded_double_bit,P1,stage1_word_pos0,59+61,codeword_bits,,0,1,0,0,detected_uncorrectable
SUPP-NEG-V1-001,secded_double_bit,P1,stage1_word_pos0,59+62,codeword_bits,,0,1,0,0,detected_uncorrectable
SUPP-NEG-V1-001,secded_double_bit,P1,stage1_word_pos0,59+63,codeword_bits,,0,1,0,0,detected_uncorrectable
SUPP-NEG-V1-001,secded_double_bit,P1,stage1_word_pos0,59+64,codeword_bits,,0,1,0,0,detected_uncorrectable
SUPP-NEG-V1-001,secded_double_bit,P1,stage1_word_pos0,59+65,codeword_bits,,0,1,0,0,detected_uncorrectable
SUPP-NEG-V1-001,secded_double_bit,P1,stage1_word_pos0,59+66,codeword_bits,,0,1,0,0,detected_uncorrectable
SUPP-NEG-V1-001,secded_double_bit,P1,stage1_word_pos0,59+67,codeword_bits,,0,1,0,0,detected_uncorrectable
SUPP-NEG-V1-001,secded_double_bit,P1,stage1_word_pos0,59+68,codeword_bits,,0,1,0,0,detected_uncorrectable
SUPP-NEG-V1-001,secded_double_bit,P1,stage1_word_pos0,59+69,codeword_bits,,0,1,0,0,detected_uncorrectable
SUPP-NEG-V1-001,secded_double_bit,P1,stage1_word_pos0,59+70,codeword_bits,,0,1,0,0,detected_uncorrectable
SUPP-NEG-V1-001,secded_double_bit,P1,stage1_word_pos0,59+71,codeword_bits,,0,1,0,0,detected_uncorrectable
SUPP-NEG-V1-001,secded_double_bit,P1,stage1_word_pos0,59+72,codeword_bits,,0,1,0,0,detected_uncorrectable
SUPP-NEG-V1-001,secded_double_bit,P1,stage1_word_pos0,59+73,codeword_bits,,0,1,0,0,detected_uncorrectable
SUPP-NEG-V1-001,secded_double_bit,P1,stage1_word_pos0,59+74,codeword_bits,,0,1,0,0,detected_uncorrectable
SUPP-NEG-V1-001,secded_double_bit,P1,stage1_word_pos0,59+75,codeword_bits,,0,1,0,0,detected_uncorrectable
SUPP-NEG-V1-001,secded_double_bit,P1,stage1_word_pos0,59+76,codeword_bits,,0,1,0,0,detected_uncorrectable
SUPP-NEG-V1-001,secded_double_bit,P1,stage1_word_pos0,59+77,codeword_bits,,0,1,0,0,detected_uncorrectable
SUPP-NEG-V1-001,secded_double_bit,P1,stage1_word_pos0,60+61,codeword_bits,,0,1,0,0,detected_uncorrectable
SUPP-NEG-V1-001,secded_double_bit,P1,stage1_word_pos0,60+62,codeword_bits,,0,1,0,0,detected_uncorrectable
SUPP-NEG-V1-001,secded_double_bit,P1,stage1_word_pos0,60+63,codeword_bits,,0,1,0,0,detected_uncorrectable
SUPP-NEG-V1-001,secded_double_bit,P1,stage1_word_pos0,60+64,codeword_bits,,0,1,0,0,detected_uncorrectable
SUPP-NEG-V1-001,secded_double_bit,P1,stage1_word_pos0,60+65,codeword_bits,,0,1,0,0,detected_uncorrectable
SUPP-NEG-V1-001,secded_double_bit,P1,stage1_word_pos0,60+66,codeword_bits,,0,1,0,0,detected_uncorrectable
SUPP-NEG-V1-001,secded_double_bit,P1,stage1_word_pos0,60+67,codeword_bits,,0,1,0,0,detected_uncorrectable
SUPP-NEG-V1-001,secded_double_bit,P1,stage1_word_pos0,60+68,codeword_bits,,0,1,0,0,detected_uncorrectable
SUPP-NEG-V1-001,secded_double_bit,P1,stage1_word_pos0,60+69,codeword_bits,,0,1,0,0,detected_uncorrectable
SUPP-NEG-V1-001,secded_double_bit,P1,stage1_word_pos0,60+70,codeword_bits,,0,1,0,0,detected_uncorrectable
SUPP-NEG-V1-001,secded_double_bit,P1,stage1_word_pos0,60+71,codeword_bits,,0,1,0,0,detected_uncorrectable
SUPP-NEG-V1-001,secded_double_bit,P1,stage1_word_pos0,60+72,codeword_bits,,0,1,0,0,detected_uncorrectable
SUPP-NEG-V1-001,secded_double_bit,P1,stage1_word_pos0,60+73,codeword_bits,,0,1,0,0,detected_uncorrectable
SUPP-NEG-V1-001,secded_double_bit,P1,stage1_word_pos0,60+74,codeword_bits,,0,1,0,0,detected_uncorrectable
SUPP-NEG-V1-001,secded_double_bit,P1,stage1_word_pos0,60+75,codeword_bits,,0,1,0,0,detected_uncorrectable
SUPP-NEG-V1-001,secded_double_bit,P1,stage1_word_pos0,60+76,codeword_bits,,0,1,0,0,detected_uncorrectable
SUPP-NEG-V1-001,secded_double_bit,P1,stage1_word_pos0,60+77,codeword_bits,,0,1,0,0,detected_uncorrectable
SUPP-NEG-V1-001,secded_double_bit,P1,stage1_word_pos0,61+62,codeword_bits,,0,1,0,0,detected_uncorrectable
SUPP-NEG-V1-001,secded_double_bit,P1,stage1_word_pos0,61+63,codeword_bits,,0,1,0,0,detected_uncorrectable
SUPP-NEG-V1-001,secded_double_bit,P1,stage1_word_pos0,61+64,codeword_bits,,0,1,0,0,detected_uncorrectable
SUPP-NEG-V1-001,secded_double_bit,P1,stage1_word_pos0,61+65,codeword_bits,,0,1,0,0,detected_uncorrectable
SUPP-NEG-V1-001,secded_double_bit,P1,stage1_word_pos0,61+66,codeword_bits,,0,1,0,0,detected_uncorrectable
SUPP-NEG-V1-001,secded_double_bit,P1,stage1_word_pos0,61+67,codeword_bits,,0,1,0,0,detected_uncorrectable
SUPP-NEG-V1-001,secded_double_bit,P1,stage1_word_pos0,61+68,codeword_bits,,0,1,0,0,detected_uncorrectable
SUPP-NEG-V1-001,secded_double_bit,P1,stage1_word_pos0,61+69,codeword_bits,,0,1,0,0,detected_uncorrectable
SUPP-NEG-V1-001,secded_double_bit,P1,stage1_word_pos0,61+70,codeword_bits,,0,1,0,0,detected_uncorrectable
SUPP-NEG-V1-001,secded_double_bit,P1,stage1_word_pos0,61+71,codeword_bits,,0,1,0,0,detected_uncorrectable
SUPP-NEG-V1-001,secded_double_bit,P1,stage1_word_pos0,61+72,codeword_bits,,0,1,0,0,detected_uncorrectable
SUPP-NEG-V1-001,secded_double_bit,P1,stage1_word_pos0,61+73,codeword_bits,,0,1,0,0,detected_uncorrectable
SUPP-NEG-V1-001,secded_double_bit,P1,stage1_word_pos0,61+74,codeword_bits,,0,1,0,0,detected_uncorrectable
SUPP-NEG-V1-001,secded_double_bit,P1,stage1_word_pos0,61+75,codeword_bits,,0,1,0,0,detected_uncorrectable
SUPP-NEG-V1-001,secded_double_bit,P1,stage1_word_pos0,61+76,codeword_bits,,0,1,0,0,detected_uncorrectable
SUPP-NEG-V1-001,secded_double_bit,P1,stage1_word_pos0,61+77,codeword_bits,,0,1,0,0,detected_uncorrectable
SUPP-NEG-V1-001,secded_double_bit,P1,stage1_word_pos0,62+63,codeword_bits,,0,1,0,0,detected_uncorrectable
SUPP-NEG-V1-001,secded_double_bit,P1,stage1_word_pos0,62+64,codeword_bits,,0,1,0,0,detected_uncorrectable
SUPP-NEG-V1-001,secded_double_bit,P1,stage1_word_pos0,62+65,codeword_bits,,0,1,0,0,detected_uncorrectable
SUPP-NEG-V1-001,secded_double_bit,P1,stage1_word_pos0,62+66,codeword_bits,,0,1,0,0,detected_uncorrectable
SUPP-NEG-V1-001,secded_double_bit,P1,stage1_word_pos0,62+67,codeword_bits,,0,1,0,0,detected_uncorrectable
SUPP-NEG-V1-001,secded_double_bit,P1,stage1_word_pos0,62+68,codeword_bits,,0,1,0,0,detected_uncorrectable
SUPP-NEG-V1-001,secded_double_bit,P1,stage1_word_pos0,62+69,codeword_bits,,0,1,0,0,detected_uncorrectable
SUPP-NEG-V1-001,secded_double_bit,P1,stage1_word_pos0,62+70,codeword_bits,,0,1,0,0,detected_uncorrectable
SUPP-NEG-V1-001,secded_double_bit,P1,stage1_word_pos0,62+71,codeword_bits,,0,1,0,0,detected_uncorrectable
SUPP-NEG-V1-001,secded_double_bit,P1,stage1_word_pos0,62+72,codeword_bits,,0,1,0,0,detected_uncorrectable
SUPP-NEG-V1-001,secded_double_bit,P1,stage1_word_pos0,62+73,codeword_bits,,0,1,0,0,detected_uncorrectable
SUPP-NEG-V1-001,secded_double_bit,P1,stage1_word_pos0,62+74,codeword_bits,,0,1,0,0,detected_uncorrectable
SUPP-NEG-V1-001,secded_double_bit,P1,stage1_word_pos0,62+75,codeword_bits,,0,1,0,0,detected_uncorrectable
SUPP-NEG-V1-001,secded_double_bit,P1,stage1_word_pos0,62+76,codeword_bits,,0,1,0,0,detected_uncorrectable
SUPP-NEG-V1-001,secded_double_bit,P1,stage1_word_pos0,62+77,codeword_bits,,0,1,0,0,detected_uncorrectable
SUPP-NEG-V1-001,secded_double_bit,P1,stage1_word_pos0,63+64,codeword_bits,,0,1,0,0,detected_uncorrectable
SUPP-NEG-V1-001,secded_double_bit,P1,stage1_word_pos0,63+65,codeword_bits,,0,1,0,0,detected_uncorrectable
SUPP-NEG-V1-001,secded_double_bit,P1,stage1_word_pos0,63+66,codeword_bits,,0,1,0,0,detected_uncorrectable
SUPP-NEG-V1-001,secded_double_bit,P1,stage1_word_pos0,63+67,codeword_bits,,0,1,0,0,detected_uncorrectable
SUPP-NEG-V1-001,secded_double_bit,P1,stage1_word_pos0,63+68,codeword_bits,,0,1,0,0,detected_uncorrectable
SUPP-NEG-V1-001,secded_double_bit,P1,stage1_word_pos0,63+69,codeword_bits,,0,1,0,0,detected_uncorrectable
SUPP-NEG-V1-001,secded_double_bit,P1,stage1_word_pos0,63+70,codeword_bits,,0,1,0,0,detected_uncorrectable
SUPP-NEG-V1-001,secded_double_bit,P1,stage1_word_pos0,63+71,codeword_bits,,0,1,0,0,detected_uncorrectable
SUPP-NEG-V1-001,secded_double_bit,P1,stage1_word_pos0,63+72,codeword_bits,,0,1,0,0,detected_uncorrectable
SUPP-NEG-V1-001,secded_double_bit,P1,stage1_word_pos0,63+73,codeword_bits,,0,1,0,0,detected_uncorrectable
SUPP-NEG-V1-001,secded_double_bit,P1,stage1_word_pos0,63+74,codeword_bits,,0,1,0,0,detected_uncorrectable
SUPP-NEG-V1-001,secded_double_bit,P1,stage1_word_pos0,63+75,codeword_bits,,0,1,0,0,detected_uncorrectable
SUPP-NEG-V1-001,secded_double_bit,P1,stage1_word_pos0,63+76,codeword_bits,,0,1,0,0,detected_uncorrectable
SUPP-NEG-V1-001,secded_double_bit,P1,stage1_word_pos0,63+77,codeword_bits,,0,1,0,1,detected_uncorrectable
SUPP-NEG-V1-001,secded_double_bit,P1,stage1_word_pos0,64+65,codeword_bits,,0,1,0,0,detected_uncorrectable
SUPP-NEG-V1-001,secded_double_bit,P1,stage1_word_pos0,64+66,codeword_bits,,0,1,0,0,detected_uncorrectable
SUPP-NEG-V1-001,secded_double_bit,P1,stage1_word_pos0,64+67,codeword_bits,,0,1,0,0,detected_uncorrectable
SUPP-NEG-V1-001,secded_double_bit,P1,stage1_word_pos0,64+68,codeword_bits,,0,1,0,0,detected_uncorrectable
SUPP-NEG-V1-001,secded_double_bit,P1,stage1_word_pos0,64+69,codeword_bits,,0,1,0,0,detected_uncorrectable
SUPP-NEG-V1-001,secded_double_bit,P1,stage1_word_pos0,64+70,codeword_bits,,0,1,0,0,detected_uncorrectable
SUPP-NEG-V1-001,secded_double_bit,P1,stage1_word_pos0,64+71,codeword_bits,,0,1,0,0,detected_uncorrectable
SUPP-NEG-V1-001,secded_double_bit,P1,stage1_word_pos0,64+72,codeword_bits,,0,1,0,0,detected_uncorrectable
SUPP-NEG-V1-001,secded_double_bit,P1,stage1_word_pos0,64+73,codeword_bits,,0,1,0,0,detected_uncorrectable
SUPP-NEG-V1-001,secded_double_bit,P1,stage1_word_pos0,64+74,codeword_bits,,0,1,0,0,detected_uncorrectable
SUPP-NEG-V1-001,secded_double_bit,P1,stage1_word_pos0,64+75,codeword_bits,,0,1,0,0,detected_uncorrectable
SUPP-NEG-V1-001,secded_double_bit,P1,stage1_word_pos0,64+76,codeword_bits,,0,1,0,0,detected_uncorrectable
SUPP-NEG-V1-001,secded_double_bit,P1,stage1_word_pos0,64+77,codeword_bits,,0,1,0,0,detected_uncorrectable
SUPP-NEG-V1-001,secded_double_bit,P1,stage1_word_pos0,65+66,codeword_bits,,0,1,0,0,detected_uncorrectable
SUPP-NEG-V1-001,secded_double_bit,P1,stage1_word_pos0,65+67,codeword_bits,,0,1,0,0,detected_uncorrectable
SUPP-NEG-V1-001,secded_double_bit,P1,stage1_word_pos0,65+68,codeword_bits,,0,1,0,0,detected_uncorrectable
SUPP-NEG-V1-001,secded_double_bit,P1,stage1_word_pos0,65+69,codeword_bits,,0,1,0,0,detected_uncorrectable
SUPP-NEG-V1-001,secded_double_bit,P1,stage1_word_pos0,65+70,codeword_bits,,0,1,0,0,detected_uncorrectable
SUPP-NEG-V1-001,secded_double_bit,P1,stage1_word_pos0,65+71,codeword_bits,,0,1,0,0,detected_uncorrectable
SUPP-NEG-V1-001,secded_double_bit,P1,stage1_word_pos0,65+72,codeword_bits,,0,1,0,0,detected_uncorrectable
SUPP-NEG-V1-001,secded_double_bit,P1,stage1_word_pos0,65+73,codeword_bits,,0,1,0,0,detected_uncorrectable
SUPP-NEG-V1-001,secded_double_bit,P1,stage1_word_pos0,65+74,codeword_bits,,0,1,0,0,detected_uncorrectable
SUPP-NEG-V1-001,secded_double_bit,P1,stage1_word_pos0,65+75,codeword_bits,,0,1,0,0,detected_uncorrectable
SUPP-NEG-V1-001,secded_double_bit,P1,stage1_word_pos0,65+76,codeword_bits,,0,1,0,0,detected_uncorrectable
SUPP-NEG-V1-001,secded_double_bit,P1,stage1_word_pos0,65+77,codeword_bits,,0,1,0,0,detected_uncorrectable
SUPP-NEG-V1-001,secded_double_bit,P1,stage1_word_pos0,66+67,codeword_bits,,0,1,0,0,detected_uncorrectable
SUPP-NEG-V1-001,secded_double_bit,P1,stage1_word_pos0,66+68,codeword_bits,,0,1,0,0,detected_uncorrectable
SUPP-NEG-V1-001,secded_double_bit,P1,stage1_word_pos0,66+69,codeword_bits,,0,1,0,0,detected_uncorrectable
SUPP-NEG-V1-001,secded_double_bit,P1,stage1_word_pos0,66+70,codeword_bits,,0,1,0,0,detected_uncorrectable
SUPP-NEG-V1-001,secded_double_bit,P1,stage1_word_pos0,66+71,codeword_bits,,0,1,0,0,detected_uncorrectable
SUPP-NEG-V1-001,secded_double_bit,P1,stage1_word_pos0,66+72,codeword_bits,,0,1,0,0,detected_uncorrectable
SUPP-NEG-V1-001,secded_double_bit,P1,stage1_word_pos0,66+73,codeword_bits,,0,1,0,0,detected_uncorrectable
SUPP-NEG-V1-001,secded_double_bit,P1,stage1_word_pos0,66+74,codeword_bits,,0,1,0,0,detected_uncorrectable
SUPP-NEG-V1-001,secded_double_bit,P1,stage1_word_pos0,66+75,codeword_bits,,0,1,0,0,detected_uncorrectable
SUPP-NEG-V1-001,secded_double_bit,P1,stage1_word_pos0,66+76,codeword_bits,,0,1,0,0,detected_uncorrectable
SUPP-NEG-V1-001,secded_double_bit,P1,stage1_word_pos0,66+77,codeword_bits,,0,1,0,0,detected_uncorrectable
SUPP-NEG-V1-001,secded_double_bit,P1,stage1_word_pos0,67+68,codeword_bits,,0,1,0,0,detected_uncorrectable
SUPP-NEG-V1-001,secded_double_bit,P1,stage1_word_pos0,67+69,codeword_bits,,0,1,0,0,detected_uncorrectable
SUPP-NEG-V1-001,secded_double_bit,P1,stage1_word_pos0,67+70,codeword_bits,,0,1,0,0,detected_uncorrectable
SUPP-NEG-V1-001,secded_double_bit,P1,stage1_word_pos0,67+71,codeword_bits,,0,1,0,0,detected_uncorrectable
SUPP-NEG-V1-001,secded_double_bit,P1,stage1_word_pos0,67+72,codeword_bits,,0,1,0,0,detected_uncorrectable
SUPP-NEG-V1-001,secded_double_bit,P1,stage1_word_pos0,67+73,codeword_bits,,0,1,0,0,detected_uncorrectable
SUPP-NEG-V1-001,secded_double_bit,P1,stage1_word_pos0,67+74,codeword_bits,,0,1,0,0,detected_uncorrectable
SUPP-NEG-V1-001,secded_double_bit,P1,stage1_word_pos0,67+75,codeword_bits,,0,1,0,0,detected_uncorrectable
SUPP-NEG-V1-001,secded_double_bit,P1,stage1_word_pos0,67+76,codeword_bits,,0,1,0,0,detected_uncorrectable
SUPP-NEG-V1-001,secded_double_bit,P1,stage1_word_pos0,67+77,codeword_bits,,0,1,0,0,detected_uncorrectable
SUPP-NEG-V1-001,secded_double_bit,P1,stage1_word_pos0,68+69,codeword_bits,,0,1,0,0,detected_uncorrectable
SUPP-NEG-V1-001,secded_double_bit,P1,stage1_word_pos0,68+70,codeword_bits,,0,1,0,0,detected_uncorrectable
SUPP-NEG-V1-001,secded_double_bit,P1,stage1_word_pos0,68+71,codeword_bits,,0,1,0,0,detected_uncorrectable
SUPP-NEG-V1-001,secded_double_bit,P1,stage1_word_pos0,68+72,codeword_bits,,0,1,0,0,detected_uncorrectable
SUPP-NEG-V1-001,secded_double_bit,P1,stage1_word_pos0,68+73,codeword_bits,,0,1,0,0,detected_uncorrectable
SUPP-NEG-V1-001,secded_double_bit,P1,stage1_word_pos0,68+74,codeword_bits,,0,1,0,0,detected_uncorrectable
SUPP-NEG-V1-001,secded_double_bit,P1,stage1_word_pos0,68+75,codeword_bits,,0,1,0,0,detected_uncorrectable
SUPP-NEG-V1-001,secded_double_bit,P1,stage1_word_pos0,68+76,codeword_bits,,0,1,0,0,detected_uncorrectable
SUPP-NEG-V1-001,secded_double_bit,P1,stage1_word_pos0,68+77,codeword_bits,,0,1,0,0,detected_uncorrectable
SUPP-NEG-V1-001,secded_double_bit,P1,stage1_word_pos0,69+70,codeword_bits,,0,1,0,0,detected_uncorrectable
SUPP-NEG-V1-001,secded_double_bit,P1,stage1_word_pos0,69+71,codeword_bits,,0,1,0,0,detected_uncorrectable
SUPP-NEG-V1-001,secded_double_bit,P1,stage1_word_pos0,69+72,codeword_bits,,0,1,0,0,detected_uncorrectable
SUPP-NEG-V1-001,secded_double_bit,P1,stage1_word_pos0,69+73,codeword_bits,,0,1,0,0,detected_uncorrectable
SUPP-NEG-V1-001,secded_double_bit,P1,stage1_word_pos0,69+74,codeword_bits,,0,1,0,0,detected_uncorrectable
SUPP-NEG-V1-001,secded_double_bit,P1,stage1_word_pos0,69+75,codeword_bits,,0,1,0,0,detected_uncorrectable
SUPP-NEG-V1-001,secded_double_bit,P1,stage1_word_pos0,69+76,codeword_bits,,0,1,0,0,detected_uncorrectable
SUPP-NEG-V1-001,secded_double_bit,P1,stage1_word_pos0,69+77,codeword_bits,,0,1,0,0,detected_uncorrectable
SUPP-NEG-V1-001,secded_double_bit,P1,stage1_word_pos0,70+71,codeword_bits,,0,1,0,0,detected_uncorrectable
SUPP-NEG-V1-001,secded_double_bit,P1,stage1_word_pos0,70+72,codeword_bits,,0,1,0,0,detected_uncorrectable
SUPP-NEG-V1-001,secded_double_bit,P1,stage1_word_pos0,70+73,codeword_bits,,0,1,0,0,detected_uncorrectable
SUPP-NEG-V1-001,secded_double_bit,P1,stage1_word_pos0,70+74,codeword_bits,,0,1,0,0,detected_uncorrectable
SUPP-NEG-V1-001,secded_double_bit,P1,stage1_word_pos0,70+75,codeword_bits,,0,1,0,0,detected_uncorrectable
SUPP-NEG-V1-001,secded_double_bit,P1,stage1_word_pos0,70+76,codeword_bits,,0,1,0,0,detected_uncorrectable
SUPP-NEG-V1-001,secded_double_bit,P1,stage1_word_pos0,70+77,codeword_bits,,0,1,0,0,detected_uncorrectable
SUPP-NEG-V1-001,secded_double_bit,P1,stage1_word_pos0,71+72,codeword_bits,,0,1,0,0,detected_uncorrectable
SUPP-NEG-V1-001,secded_double_bit,P1,stage1_word_pos0,71+73,codeword_bits,,0,1,0,0,detected_uncorrectable
SUPP-NEG-V1-001,secded_double_bit,P1,stage1_word_pos0,71+74,codeword_bits,,0,1,0,0,detected_uncorrectable
SUPP-NEG-V1-001,secded_double_bit,P1,stage1_word_pos0,71+75,codeword_bits,,0,1,0,0,detected_uncorrectable
SUPP-NEG-V1-001,secded_double_bit,P1,stage1_word_pos0,71+76,codeword_bits,,0,1,0,0,detected_uncorrectable
SUPP-NEG-V1-001,secded_double_bit,P1,stage1_word_pos0,71+77,codeword_bits,,0,1,0,0,detected_uncorrectable
SUPP-NEG-V1-001,secded_double_bit,P1,stage1_word_pos0,72+73,codeword_bits,,0,1,0,0,detected_uncorrectable
SUPP-NEG-V1-001,secded_double_bit,P1,stage1_word_pos0,72+74,codeword_bits,,0,1,0,0,detected_uncorrectable
SUPP-NEG-V1-001,secded_double_bit,P1,stage1_word_pos0,72+75,codeword_bits,,0,1,0,0,detected_uncorrectable
SUPP-NEG-V1-001,secded_double_bit,P1,stage1_word_pos0,72+76,codeword_bits,,0,1,0,0,detected_uncorrectable
SUPP-NEG-V1-001,secded_double_bit,P1,stage1_word_pos0,72+77,codeword_bits,,0,1,0,0,detected_uncorrectable
SUPP-NEG-V1-001,secded_double_bit,P1,stage1_word_pos0,73+74,codeword_bits,,0,1,0,0,detected_uncorrectable
SUPP-NEG-V1-001,secded_double_bit,P1,stage1_word_pos0,73+75,codeword_bits,,0,1,0,0,detected_uncorrectable
SUPP-NEG-V1-001,secded_double_bit,P1,stage1_word_pos0,73+76,codeword_bits,,0,1,0,0,detected_uncorrectable
SUPP-NEG-V1-001,secded_double_bit,P1,stage1_word_pos0,73+77,codeword_bits,,0,1,0,0,detected_uncorrectable
SUPP-NEG-V1-001,secded_double_bit,P1,stage1_word_pos0,74+75,codeword_bits,,0,1,0,0,detected_uncorrectable
SUPP-NEG-V1-001,secded_double_bit,P1,stage1_word_pos0,74+76,codeword_bits,,0,1,0,0,detected_uncorrectable
SUPP-NEG-V1-001,secded_double_bit,P1,stage1_word_pos0,74+77,codeword_bits,,0,1,0,0,detected_uncorrectable
SUPP-NEG-V1-001,secded_double_bit,P1,stage1_word_pos0,75+76,codeword_bits,,0,1,0,0,detected_uncorrectable
SUPP-NEG-V1-001,secded_double_bit,P1,stage1_word_pos0,75+77,codeword_bits,,0,1,0,0,detected_uncorrectable
SUPP-NEG-V1-001,secded_double_bit,P1,stage1_word_pos0,76+77,codeword_bits,,0,1,0,0,detected_uncorrectable
SUPP-NEG-V1-001,tmr_double_replica,S2,stage1_pos0,replica0+replica1,0,real,0,1,0,0,wrong_output_disagreement_flag
SUPP-NEG-V1-001,tmr_double_replica,S2,stage1_pos0,replica0+replica1,1,real,0,1,0,0,wrong_output_disagreement_flag
SUPP-NEG-V1-001,tmr_double_replica,S2,stage1_pos0,replica0+replica1,2,real,0,1,0,0,wrong_output_disagreement_flag
SUPP-NEG-V1-001,tmr_double_replica,S2,stage1_pos0,replica0+replica1,3,real,0,1,0,0,wrong_output_disagreement_flag
SUPP-NEG-V1-001,tmr_double_replica,S2,stage1_pos0,replica0+replica1,4,real,0,1,0,0,wrong_output_disagreement_flag
SUPP-NEG-V1-001,tmr_double_replica,S2,stage1_pos0,replica0+replica1,5,real,0,1,0,0,wrong_output_disagreement_flag
SUPP-NEG-V1-001,tmr_double_replica,S2,stage1_pos0,replica0+replica1,6,real,0,1,0,0,wrong_output_disagreement_flag
SUPP-NEG-V1-001,tmr_double_replica,S2,stage1_pos0,replica0+replica1,7,real,0,1,0,0,wrong_output_disagreement_flag
SUPP-NEG-V1-001,tmr_double_replica,S2,stage1_pos0,replica0+replica1,8,real,0,1,0,0,wrong_output_disagreement_flag
SUPP-NEG-V1-001,tmr_double_replica,S2,stage1_pos0,replica0+replica1,9,real,0,1,0,0,wrong_output_disagreement_flag
SUPP-NEG-V1-001,tmr_double_replica,S2,stage1_pos0,replica0+replica1,10,real,0,1,0,0,wrong_output_disagreement_flag
SUPP-NEG-V1-001,tmr_double_replica,S2,stage1_pos0,replica0+replica1,11,real,0,1,0,0,wrong_output_disagreement_flag
SUPP-NEG-V1-001,tmr_double_replica,S2,stage1_pos0,replica0+replica1,12,real,0,1,0,0,wrong_output_disagreement_flag
SUPP-NEG-V1-001,tmr_double_replica,S2,stage1_pos0,replica0+replica1,13,real,0,1,0,0,wrong_output_disagreement_flag
SUPP-NEG-V1-001,tmr_double_replica,S2,stage1_pos0,replica0+replica1,14,real,0,1,0,0,wrong_output_disagreement_flag
SUPP-NEG-V1-001,tmr_double_replica,S2,stage1_pos0,replica0+replica1,15,real,0,1,0,0,wrong_output_disagreement_flag
SUPP-NEG-V1-001,tmr_double_replica,S2,stage1_pos0,replica0+replica1,16,real,0,1,0,0,wrong_output_disagreement_flag
SUPP-NEG-V1-001,tmr_double_replica,S2,stage1_pos0,replica0+replica1,17,real,0,1,0,0,wrong_output_disagreement_flag
SUPP-NEG-V1-001,tmr_double_replica,S2,stage1_pos0,replica0+replica1,18,real,0,1,0,0,wrong_output_disagreement_flag
SUPP-NEG-V1-001,tmr_double_replica,S2,stage1_pos0,replica0+replica1,19,real,0,1,0,0,wrong_output_disagreement_flag
SUPP-NEG-V1-001,tmr_double_replica,S2,stage1_pos0,replica0+replica1,20,real,0,1,0,0,wrong_output_disagreement_flag
SUPP-NEG-V1-001,tmr_double_replica,S2,stage1_pos0,replica0+replica1,21,real,0,1,0,0,wrong_output_disagreement_flag
SUPP-NEG-V1-001,tmr_double_replica,S2,stage1_pos0,replica0+replica1,22,real,0,1,0,0,wrong_output_disagreement_flag
SUPP-NEG-V1-001,tmr_double_replica,S2,stage1_pos0,replica0+replica1,23,real,0,1,0,0,wrong_output_disagreement_flag
SUPP-NEG-V1-001,tmr_double_replica,S2,stage1_pos0,replica0+replica1,24,real,0,1,0,0,wrong_output_disagreement_flag
SUPP-NEG-V1-001,tmr_double_replica,S2,stage1_pos0,replica0+replica1,25,real,0,1,0,0,wrong_output_disagreement_flag
SUPP-NEG-V1-001,tmr_double_replica,S2,stage1_pos0,replica0+replica1,26,real,0,1,0,0,wrong_output_disagreement_flag
SUPP-NEG-V1-001,tmr_double_replica,S2,stage1_pos0,replica0+replica1,27,real,0,1,0,0,wrong_output_disagreement_flag
SUPP-NEG-V1-001,tmr_double_replica,S2,stage1_pos0,replica0+replica1,28,real,0,1,0,0,wrong_output_disagreement_flag
SUPP-NEG-V1-001,tmr_double_replica,S2,stage1_pos0,replica0+replica1,29,real,0,1,0,0,wrong_output_disagreement_flag
SUPP-NEG-V1-001,tmr_double_replica,S2,stage1_pos0,replica0+replica1,30,real,0,1,0,0,wrong_output_disagreement_flag
SUPP-NEG-V1-001,tmr_double_replica,S2,stage1_pos0,replica0+replica1,31,real,0,1,0,0,wrong_output_disagreement_flag
SUPP-NEG-V1-001,tmr_double_replica,S2,stage1_pos0,replica0+replica1,32,real,0,1,0,0,wrong_output_disagreement_flag
SUPP-NEG-V1-001,tmr_double_replica,S2,stage1_pos0,replica0+replica1,33,real,0,1,0,0,wrong_output_disagreement_flag
SUPP-NEG-V1-001,tmr_double_replica,S2,stage1_pos0,replica0+replica1,34,real,0,1,0,0,wrong_output_disagreement_flag
SUPP-NEG-V1-001,tmr_double_replica,S2,stage1_pos0,replica0+replica1,0,imag,0,1,0,0,wrong_output_disagreement_flag
SUPP-NEG-V1-001,tmr_double_replica,S2,stage1_pos0,replica0+replica1,1,imag,0,1,0,0,wrong_output_disagreement_flag
SUPP-NEG-V1-001,tmr_double_replica,S2,stage1_pos0,replica0+replica1,2,imag,0,1,0,0,wrong_output_disagreement_flag
SUPP-NEG-V1-001,tmr_double_replica,S2,stage1_pos0,replica0+replica1,3,imag,0,1,0,0,wrong_output_disagreement_flag
SUPP-NEG-V1-001,tmr_double_replica,S2,stage1_pos0,replica0+replica1,4,imag,0,1,0,0,wrong_output_disagreement_flag
SUPP-NEG-V1-001,tmr_double_replica,S2,stage1_pos0,replica0+replica1,5,imag,0,1,0,0,wrong_output_disagreement_flag
SUPP-NEG-V1-001,tmr_double_replica,S2,stage1_pos0,replica0+replica1,6,imag,0,1,0,0,wrong_output_disagreement_flag
SUPP-NEG-V1-001,tmr_double_replica,S2,stage1_pos0,replica0+replica1,7,imag,0,1,0,0,wrong_output_disagreement_flag
SUPP-NEG-V1-001,tmr_double_replica,S2,stage1_pos0,replica0+replica1,8,imag,0,1,0,0,wrong_output_disagreement_flag
SUPP-NEG-V1-001,tmr_double_replica,S2,stage1_pos0,replica0+replica1,9,imag,0,1,0,0,wrong_output_disagreement_flag
SUPP-NEG-V1-001,tmr_double_replica,S2,stage1_pos0,replica0+replica1,10,imag,0,1,0,0,wrong_output_disagreement_flag
SUPP-NEG-V1-001,tmr_double_replica,S2,stage1_pos0,replica0+replica1,11,imag,0,1,0,0,wrong_output_disagreement_flag
SUPP-NEG-V1-001,tmr_double_replica,S2,stage1_pos0,replica0+replica1,12,imag,0,1,0,0,wrong_output_disagreement_flag
SUPP-NEG-V1-001,tmr_double_replica,S2,stage1_pos0,replica0+replica1,13,imag,0,1,0,0,wrong_output_disagreement_flag
SUPP-NEG-V1-001,tmr_double_replica,S2,stage1_pos0,replica0+replica1,14,imag,0,1,0,0,wrong_output_disagreement_flag
SUPP-NEG-V1-001,tmr_double_replica,S2,stage1_pos0,replica0+replica1,15,imag,0,1,0,0,wrong_output_disagreement_flag
SUPP-NEG-V1-001,tmr_double_replica,S2,stage1_pos0,replica0+replica1,16,imag,0,1,0,0,wrong_output_disagreement_flag
SUPP-NEG-V1-001,tmr_double_replica,S2,stage1_pos0,replica0+replica1,17,imag,0,1,0,0,wrong_output_disagreement_flag
SUPP-NEG-V1-001,tmr_double_replica,S2,stage1_pos0,replica0+replica1,18,imag,0,1,0,0,wrong_output_disagreement_flag
SUPP-NEG-V1-001,tmr_double_replica,S2,stage1_pos0,replica0+replica1,19,imag,0,1,0,0,wrong_output_disagreement_flag
SUPP-NEG-V1-001,tmr_double_replica,S2,stage1_pos0,replica0+replica1,20,imag,0,1,0,0,wrong_output_disagreement_flag
SUPP-NEG-V1-001,tmr_double_replica,S2,stage1_pos0,replica0+replica1,21,imag,0,1,0,0,wrong_output_disagreement_flag
SUPP-NEG-V1-001,tmr_double_replica,S2,stage1_pos0,replica0+replica1,22,imag,0,1,0,0,wrong_output_disagreement_flag
SUPP-NEG-V1-001,tmr_double_replica,S2,stage1_pos0,replica0+replica1,23,imag,0,1,0,0,wrong_output_disagreement_flag
SUPP-NEG-V1-001,tmr_double_replica,S2,stage1_pos0,replica0+replica1,24,imag,0,1,0,0,wrong_output_disagreement_flag
SUPP-NEG-V1-001,tmr_double_replica,S2,stage1_pos0,replica0+replica1,25,imag,0,1,0,0,wrong_output_disagreement_flag
SUPP-NEG-V1-001,tmr_double_replica,S2,stage1_pos0,replica0+replica1,26,imag,0,1,0,0,wrong_output_disagreement_flag
SUPP-NEG-V1-001,tmr_double_replica,S2,stage1_pos0,replica0+replica1,27,imag,0,1,0,0,wrong_output_disagreement_flag
SUPP-NEG-V1-001,tmr_double_replica,S2,stage1_pos0,replica0+replica1,28,imag,0,1,0,0,wrong_output_disagreement_flag
SUPP-NEG-V1-001,tmr_double_replica,S2,stage1_pos0,replica0+replica1,29,imag,0,1,0,0,wrong_output_disagreement_flag
SUPP-NEG-V1-001,tmr_double_replica,S2,stage1_pos0,replica0+replica1,30,imag,0,1,0,0,wrong_output_disagreement_flag
SUPP-NEG-V1-001,tmr_double_replica,S2,stage1_pos0,replica0+replica1,31,imag,0,1,0,0,wrong_output_disagreement_flag
SUPP-NEG-V1-001,tmr_double_replica,S2,stage1_pos0,replica0+replica1,32,imag,0,1,0,0,wrong_output_disagreement_flag
SUPP-NEG-V1-001,tmr_double_replica,S2,stage1_pos0,replica0+replica1,33,imag,0,1,0,0,wrong_output_disagreement_flag
SUPP-NEG-V1-001,tmr_double_replica,S2,stage1_pos0,replica0+replica1,34,imag,0,1,0,0,wrong_output_disagreement_flag
SUPP-NEG-V1-001,tmr_double_replica,S2,stage5_pos0,replica0+replica1,0,real,0,1,0,0,wrong_output_disagreement_flag
SUPP-NEG-V1-001,tmr_double_replica,S2,stage5_pos0,replica0+replica1,1,real,0,1,0,0,wrong_output_disagreement_flag
SUPP-NEG-V1-001,tmr_double_replica,S2,stage5_pos0,replica0+replica1,2,real,0,1,0,0,wrong_output_disagreement_flag
SUPP-NEG-V1-001,tmr_double_replica,S2,stage5_pos0,replica0+replica1,3,real,0,1,0,0,wrong_output_disagreement_flag
SUPP-NEG-V1-001,tmr_double_replica,S2,stage5_pos0,replica0+replica1,4,real,0,1,0,0,wrong_output_disagreement_flag
SUPP-NEG-V1-001,tmr_double_replica,S2,stage5_pos0,replica0+replica1,5,real,0,1,0,0,wrong_output_disagreement_flag
SUPP-NEG-V1-001,tmr_double_replica,S2,stage5_pos0,replica0+replica1,6,real,0,1,0,0,wrong_output_disagreement_flag
SUPP-NEG-V1-001,tmr_double_replica,S2,stage5_pos0,replica0+replica1,7,real,0,1,0,0,wrong_output_disagreement_flag
SUPP-NEG-V1-001,tmr_double_replica,S2,stage5_pos0,replica0+replica1,8,real,0,1,0,0,wrong_output_disagreement_flag
SUPP-NEG-V1-001,tmr_double_replica,S2,stage5_pos0,replica0+replica1,9,real,0,1,0,0,wrong_output_disagreement_flag
SUPP-NEG-V1-001,tmr_double_replica,S2,stage5_pos0,replica0+replica1,10,real,0,1,0,0,wrong_output_disagreement_flag
SUPP-NEG-V1-001,tmr_double_replica,S2,stage5_pos0,replica0+replica1,11,real,0,1,0,0,wrong_output_disagreement_flag
SUPP-NEG-V1-001,tmr_double_replica,S2,stage5_pos0,replica0+replica1,12,real,0,1,0,0,wrong_output_disagreement_flag
SUPP-NEG-V1-001,tmr_double_replica,S2,stage5_pos0,replica0+replica1,13,real,0,1,0,0,wrong_output_disagreement_flag
SUPP-NEG-V1-001,tmr_double_replica,S2,stage5_pos0,replica0+replica1,14,real,0,1,0,0,wrong_output_disagreement_flag
SUPP-NEG-V1-001,tmr_double_replica,S2,stage5_pos0,replica0+replica1,15,real,0,1,0,0,wrong_output_disagreement_flag
SUPP-NEG-V1-001,tmr_double_replica,S2,stage5_pos0,replica0+replica1,16,real,0,1,0,0,wrong_output_disagreement_flag
SUPP-NEG-V1-001,tmr_double_replica,S2,stage5_pos0,replica0+replica1,17,real,0,1,0,0,wrong_output_disagreement_flag
SUPP-NEG-V1-001,tmr_double_replica,S2,stage5_pos0,replica0+replica1,18,real,0,1,0,0,wrong_output_disagreement_flag
SUPP-NEG-V1-001,tmr_double_replica,S2,stage5_pos0,replica0+replica1,19,real,0,1,0,0,wrong_output_disagreement_flag
SUPP-NEG-V1-001,tmr_double_replica,S2,stage5_pos0,replica0+replica1,20,real,0,1,0,0,wrong_output_disagreement_flag
SUPP-NEG-V1-001,tmr_double_replica,S2,stage5_pos0,replica0+replica1,21,real,0,1,0,0,wrong_output_disagreement_flag
SUPP-NEG-V1-001,tmr_double_replica,S2,stage5_pos0,replica0+replica1,22,real,0,1,0,0,wrong_output_disagreement_flag
SUPP-NEG-V1-001,tmr_double_replica,S2,stage5_pos0,replica0+replica1,23,real,0,1,0,0,wrong_output_disagreement_flag
SUPP-NEG-V1-001,tmr_double_replica,S2,stage5_pos0,replica0+replica1,24,real,0,1,0,0,wrong_output_disagreement_flag
SUPP-NEG-V1-001,tmr_double_replica,S2,stage5_pos0,replica0+replica1,25,real,0,1,0,0,wrong_output_disagreement_flag
SUPP-NEG-V1-001,tmr_double_replica,S2,stage5_pos0,replica0+replica1,26,real,0,1,0,0,wrong_output_disagreement_flag
SUPP-NEG-V1-001,tmr_double_replica,S2,stage5_pos0,replica0+replica1,27,real,0,1,0,0,wrong_output_disagreement_flag
SUPP-NEG-V1-001,tmr_double_replica,S2,stage5_pos0,replica0+replica1,28,real,0,1,0,0,wrong_output_disagreement_flag
SUPP-NEG-V1-001,tmr_double_replica,S2,stage5_pos0,replica0+replica1,29,real,0,1,0,0,wrong_output_disagreement_flag
SUPP-NEG-V1-001,tmr_double_replica,S2,stage5_pos0,replica0+replica1,30,real,0,1,0,0,wrong_output_disagreement_flag
SUPP-NEG-V1-001,tmr_double_replica,S2,stage5_pos0,replica0+replica1,31,real,0,1,0,0,wrong_output_disagreement_flag
SUPP-NEG-V1-001,tmr_double_replica,S2,stage5_pos0,replica0+replica1,32,real,0,1,0,0,wrong_output_disagreement_flag
SUPP-NEG-V1-001,tmr_double_replica,S2,stage5_pos0,replica0+replica1,33,real,0,1,0,0,wrong_output_disagreement_flag
SUPP-NEG-V1-001,tmr_double_replica,S2,stage5_pos0,replica0+replica1,34,real,0,1,0,0,wrong_output_disagreement_flag
SUPP-NEG-V1-001,tmr_double_replica,S2,stage5_pos0,replica0+replica1,0,imag,0,1,0,0,wrong_output_disagreement_flag
SUPP-NEG-V1-001,tmr_double_replica,S2,stage5_pos0,replica0+replica1,1,imag,0,1,0,0,wrong_output_disagreement_flag
SUPP-NEG-V1-001,tmr_double_replica,S2,stage5_pos0,replica0+replica1,2,imag,0,1,0,0,wrong_output_disagreement_flag
SUPP-NEG-V1-001,tmr_double_replica,S2,stage5_pos0,replica0+replica1,3,imag,0,1,0,0,wrong_output_disagreement_flag
SUPP-NEG-V1-001,tmr_double_replica,S2,stage5_pos0,replica0+replica1,4,imag,0,1,0,0,wrong_output_disagreement_flag
SUPP-NEG-V1-001,tmr_double_replica,S2,stage5_pos0,replica0+replica1,5,imag,0,1,0,0,wrong_output_disagreement_flag
SUPP-NEG-V1-001,tmr_double_replica,S2,stage5_pos0,replica0+replica1,6,imag,0,1,0,0,wrong_output_disagreement_flag
SUPP-NEG-V1-001,tmr_double_replica,S2,stage5_pos0,replica0+replica1,7,imag,0,1,0,0,wrong_output_disagreement_flag
SUPP-NEG-V1-001,tmr_double_replica,S2,stage5_pos0,replica0+replica1,8,imag,0,1,0,0,wrong_output_disagreement_flag
SUPP-NEG-V1-001,tmr_double_replica,S2,stage5_pos0,replica0+replica1,9,imag,0,1,0,0,wrong_output_disagreement_flag
SUPP-NEG-V1-001,tmr_double_replica,S2,stage5_pos0,replica0+replica1,10,imag,0,1,0,0,wrong_output_disagreement_flag
SUPP-NEG-V1-001,tmr_double_replica,S2,stage5_pos0,replica0+replica1,11,imag,0,1,0,0,wrong_output_disagreement_flag
SUPP-NEG-V1-001,tmr_double_replica,S2,stage5_pos0,replica0+replica1,12,imag,0,1,0,0,wrong_output_disagreement_flag
SUPP-NEG-V1-001,tmr_double_replica,S2,stage5_pos0,replica0+replica1,13,imag,0,1,0,0,wrong_output_disagreement_flag
SUPP-NEG-V1-001,tmr_double_replica,S2,stage5_pos0,replica0+replica1,14,imag,0,1,0,0,wrong_output_disagreement_flag
SUPP-NEG-V1-001,tmr_double_replica,S2,stage5_pos0,replica0+replica1,15,imag,0,1,0,0,wrong_output_disagreement_flag
SUPP-NEG-V1-001,tmr_double_replica,S2,stage5_pos0,replica0+replica1,16,imag,0,1,0,0,wrong_output_disagreement_flag
SUPP-NEG-V1-001,tmr_double_replica,S2,stage5_pos0,replica0+replica1,17,imag,0,1,0,0,wrong_output_disagreement_flag
SUPP-NEG-V1-001,tmr_double_replica,S2,stage5_pos0,replica0+replica1,18,imag,0,1,0,0,wrong_output_disagreement_flag
SUPP-NEG-V1-001,tmr_double_replica,S2,stage5_pos0,replica0+replica1,19,imag,0,1,0,0,wrong_output_disagreement_flag
SUPP-NEG-V1-001,tmr_double_replica,S2,stage5_pos0,replica0+replica1,20,imag,0,1,0,0,wrong_output_disagreement_flag
SUPP-NEG-V1-001,tmr_double_replica,S2,stage5_pos0,replica0+replica1,21,imag,0,1,0,0,wrong_output_disagreement_flag
SUPP-NEG-V1-001,tmr_double_replica,S2,stage5_pos0,replica0+replica1,22,imag,0,1,0,0,wrong_output_disagreement_flag
SUPP-NEG-V1-001,tmr_double_replica,S2,stage5_pos0,replica0+replica1,23,imag,0,1,0,0,wrong_output_disagreement_flag
SUPP-NEG-V1-001,tmr_double_replica,S2,stage5_pos0,replica0+replica1,24,imag,0,1,0,0,wrong_output_disagreement_flag
SUPP-NEG-V1-001,tmr_double_replica,S2,stage5_pos0,replica0+replica1,25,imag,0,1,0,0,wrong_output_disagreement_flag
SUPP-NEG-V1-001,tmr_double_replica,S2,stage5_pos0,replica0+replica1,26,imag,0,1,0,0,wrong_output_disagreement_flag
SUPP-NEG-V1-001,tmr_double_replica,S2,stage5_pos0,replica0+replica1,27,imag,0,1,0,0,wrong_output_disagreement_flag
SUPP-NEG-V1-001,tmr_double_replica,S2,stage5_pos0,replica0+replica1,28,imag,0,1,0,0,wrong_output_disagreement_flag
SUPP-NEG-V1-001,tmr_double_replica,S2,stage5_pos0,replica0+replica1,29,imag,0,1,0,0,wrong_output_disagreement_flag
SUPP-NEG-V1-001,tmr_double_replica,S2,stage5_pos0,replica0+replica1,30,imag,0,1,0,0,wrong_output_disagreement_flag
SUPP-NEG-V1-001,tmr_double_replica,S2,stage5_pos0,replica0+replica1,31,imag,0,1,0,0,wrong_output_disagreement_flag
SUPP-NEG-V1-001,tmr_double_replica,S2,stage5_pos0,replica0+replica1,32,imag,0,1,0,0,wrong_output_disagreement_flag
SUPP-NEG-V1-001,tmr_double_replica,S2,stage5_pos0,replica0+replica1,33,imag,0,1,0,0,wrong_output_disagreement_flag
SUPP-NEG-V1-001,tmr_double_replica,S2,stage5_pos0,replica0+replica1,34,imag,0,1,0,0,wrong_output_disagreement_flag
SUPP-NEG-V1-001,tmr_double_replica,S2,stage10_pos0,replica0+replica1,0,real,0,1,0,0,wrong_output_disagreement_flag
SUPP-NEG-V1-001,tmr_double_replica,S2,stage10_pos0,replica0+replica1,1,real,0,1,0,0,wrong_output_disagreement_flag
SUPP-NEG-V1-001,tmr_double_replica,S2,stage10_pos0,replica0+replica1,2,real,0,1,0,0,wrong_output_disagreement_flag
SUPP-NEG-V1-001,tmr_double_replica,S2,stage10_pos0,replica0+replica1,3,real,0,1,0,0,wrong_output_disagreement_flag
SUPP-NEG-V1-001,tmr_double_replica,S2,stage10_pos0,replica0+replica1,4,real,0,1,0,0,wrong_output_disagreement_flag
SUPP-NEG-V1-001,tmr_double_replica,S2,stage10_pos0,replica0+replica1,5,real,0,1,0,0,wrong_output_disagreement_flag
SUPP-NEG-V1-001,tmr_double_replica,S2,stage10_pos0,replica0+replica1,6,real,0,1,0,0,wrong_output_disagreement_flag
SUPP-NEG-V1-001,tmr_double_replica,S2,stage10_pos0,replica0+replica1,7,real,0,1,0,0,wrong_output_disagreement_flag
SUPP-NEG-V1-001,tmr_double_replica,S2,stage10_pos0,replica0+replica1,8,real,0,1,0,0,wrong_output_disagreement_flag
SUPP-NEG-V1-001,tmr_double_replica,S2,stage10_pos0,replica0+replica1,9,real,0,1,0,0,wrong_output_disagreement_flag
SUPP-NEG-V1-001,tmr_double_replica,S2,stage10_pos0,replica0+replica1,10,real,0,1,0,0,wrong_output_disagreement_flag
SUPP-NEG-V1-001,tmr_double_replica,S2,stage10_pos0,replica0+replica1,11,real,0,1,0,0,wrong_output_disagreement_flag
SUPP-NEG-V1-001,tmr_double_replica,S2,stage10_pos0,replica0+replica1,12,real,0,1,0,0,wrong_output_disagreement_flag
SUPP-NEG-V1-001,tmr_double_replica,S2,stage10_pos0,replica0+replica1,13,real,0,1,0,0,wrong_output_disagreement_flag
SUPP-NEG-V1-001,tmr_double_replica,S2,stage10_pos0,replica0+replica1,14,real,0,1,0,0,wrong_output_disagreement_flag
SUPP-NEG-V1-001,tmr_double_replica,S2,stage10_pos0,replica0+replica1,15,real,0,1,0,0,wrong_output_disagreement_flag
SUPP-NEG-V1-001,tmr_double_replica,S2,stage10_pos0,replica0+replica1,16,real,0,1,0,0,wrong_output_disagreement_flag
SUPP-NEG-V1-001,tmr_double_replica,S2,stage10_pos0,replica0+replica1,17,real,0,1,0,0,wrong_output_disagreement_flag
SUPP-NEG-V1-001,tmr_double_replica,S2,stage10_pos0,replica0+replica1,18,real,0,1,0,0,wrong_output_disagreement_flag
SUPP-NEG-V1-001,tmr_double_replica,S2,stage10_pos0,replica0+replica1,19,real,0,1,0,0,wrong_output_disagreement_flag
SUPP-NEG-V1-001,tmr_double_replica,S2,stage10_pos0,replica0+replica1,20,real,0,1,0,0,wrong_output_disagreement_flag
SUPP-NEG-V1-001,tmr_double_replica,S2,stage10_pos0,replica0+replica1,21,real,0,1,0,0,wrong_output_disagreement_flag
SUPP-NEG-V1-001,tmr_double_replica,S2,stage10_pos0,replica0+replica1,22,real,0,1,0,0,wrong_output_disagreement_flag
SUPP-NEG-V1-001,tmr_double_replica,S2,stage10_pos0,replica0+replica1,23,real,0,1,0,0,wrong_output_disagreement_flag
SUPP-NEG-V1-001,tmr_double_replica,S2,stage10_pos0,replica0+replica1,24,real,0,1,0,0,wrong_output_disagreement_flag
SUPP-NEG-V1-001,tmr_double_replica,S2,stage10_pos0,replica0+replica1,25,real,0,1,0,0,wrong_output_disagreement_flag
SUPP-NEG-V1-001,tmr_double_replica,S2,stage10_pos0,replica0+replica1,26,real,0,1,0,0,wrong_output_disagreement_flag
SUPP-NEG-V1-001,tmr_double_replica,S2,stage10_pos0,replica0+replica1,27,real,0,1,0,0,wrong_output_disagreement_flag
SUPP-NEG-V1-001,tmr_double_replica,S2,stage10_pos0,replica0+replica1,28,real,0,1,0,0,wrong_output_disagreement_flag
SUPP-NEG-V1-001,tmr_double_replica,S2,stage10_pos0,replica0+replica1,29,real,0,1,0,0,wrong_output_disagreement_flag
SUPP-NEG-V1-001,tmr_double_replica,S2,stage10_pos0,replica0+replica1,30,real,0,1,0,0,wrong_output_disagreement_flag
SUPP-NEG-V1-001,tmr_double_replica,S2,stage10_pos0,replica0+replica1,31,real,0,1,0,0,wrong_output_disagreement_flag
SUPP-NEG-V1-001,tmr_double_replica,S2,stage10_pos0,replica0+replica1,32,real,0,1,0,0,wrong_output_disagreement_flag
SUPP-NEG-V1-001,tmr_double_replica,S2,stage10_pos0,replica0+replica1,33,real,0,1,0,0,wrong_output_disagreement_flag
SUPP-NEG-V1-001,tmr_double_replica,S2,stage10_pos0,replica0+replica1,34,real,0,1,0,0,wrong_output_disagreement_flag
SUPP-NEG-V1-001,tmr_double_replica,S2,stage10_pos0,replica0+replica1,0,imag,0,1,0,0,wrong_output_disagreement_flag
SUPP-NEG-V1-001,tmr_double_replica,S2,stage10_pos0,replica0+replica1,1,imag,0,1,0,0,wrong_output_disagreement_flag
SUPP-NEG-V1-001,tmr_double_replica,S2,stage10_pos0,replica0+replica1,2,imag,0,1,0,0,wrong_output_disagreement_flag
SUPP-NEG-V1-001,tmr_double_replica,S2,stage10_pos0,replica0+replica1,3,imag,0,1,0,0,wrong_output_disagreement_flag
SUPP-NEG-V1-001,tmr_double_replica,S2,stage10_pos0,replica0+replica1,4,imag,0,1,0,0,wrong_output_disagreement_flag
SUPP-NEG-V1-001,tmr_double_replica,S2,stage10_pos0,replica0+replica1,5,imag,0,1,0,0,wrong_output_disagreement_flag
SUPP-NEG-V1-001,tmr_double_replica,S2,stage10_pos0,replica0+replica1,6,imag,0,1,0,0,wrong_output_disagreement_flag
SUPP-NEG-V1-001,tmr_double_replica,S2,stage10_pos0,replica0+replica1,7,imag,0,1,0,0,wrong_output_disagreement_flag
SUPP-NEG-V1-001,tmr_double_replica,S2,stage10_pos0,replica0+replica1,8,imag,0,1,0,0,wrong_output_disagreement_flag
SUPP-NEG-V1-001,tmr_double_replica,S2,stage10_pos0,replica0+replica1,9,imag,0,1,0,0,wrong_output_disagreement_flag
SUPP-NEG-V1-001,tmr_double_replica,S2,stage10_pos0,replica0+replica1,10,imag,0,1,0,0,wrong_output_disagreement_flag
SUPP-NEG-V1-001,tmr_double_replica,S2,stage10_pos0,replica0+replica1,11,imag,0,1,0,0,wrong_output_disagreement_flag
SUPP-NEG-V1-001,tmr_double_replica,S2,stage10_pos0,replica0+replica1,12,imag,0,1,0,0,wrong_output_disagreement_flag
SUPP-NEG-V1-001,tmr_double_replica,S2,stage10_pos0,replica0+replica1,13,imag,0,1,0,0,wrong_output_disagreement_flag
SUPP-NEG-V1-001,tmr_double_replica,S2,stage10_pos0,replica0+replica1,14,imag,0,1,0,0,wrong_output_disagreement_flag
SUPP-NEG-V1-001,tmr_double_replica,S2,stage10_pos0,replica0+replica1,15,imag,0,1,0,0,wrong_output_disagreement_flag
SUPP-NEG-V1-001,tmr_double_replica,S2,stage10_pos0,replica0+replica1,16,imag,0,1,0,0,wrong_output_disagreement_flag
SUPP-NEG-V1-001,tmr_double_replica,S2,stage10_pos0,replica0+replica1,17,imag,0,1,0,0,wrong_output_disagreement_flag
SUPP-NEG-V1-001,tmr_double_replica,S2,stage10_pos0,replica0+replica1,18,imag,0,1,0,0,wrong_output_disagreement_flag
SUPP-NEG-V1-001,tmr_double_replica,S2,stage10_pos0,replica0+replica1,19,imag,0,1,0,0,wrong_output_disagreement_flag
SUPP-NEG-V1-001,tmr_double_replica,S2,stage10_pos0,replica0+replica1,20,imag,0,1,0,0,wrong_output_disagreement_flag
SUPP-NEG-V1-001,tmr_double_replica,S2,stage10_pos0,replica0+replica1,21,imag,0,1,0,0,wrong_output_disagreement_flag
SUPP-NEG-V1-001,tmr_double_replica,S2,stage10_pos0,replica0+replica1,22,imag,0,1,0,0,wrong_output_disagreement_flag
SUPP-NEG-V1-001,tmr_double_replica,S2,stage10_pos0,replica0+replica1,23,imag,0,1,0,0,wrong_output_disagreement_flag
SUPP-NEG-V1-001,tmr_double_replica,S2,stage10_pos0,replica0+replica1,24,imag,0,1,0,0,wrong_output_disagreement_flag
SUPP-NEG-V1-001,tmr_double_replica,S2,stage10_pos0,replica0+replica1,25,imag,0,1,0,0,wrong_output_disagreement_flag
SUPP-NEG-V1-001,tmr_double_replica,S2,stage10_pos0,replica0+replica1,26,imag,0,1,0,0,wrong_output_disagreement_flag
SUPP-NEG-V1-001,tmr_double_replica,S2,stage10_pos0,replica0+replica1,27,imag,0,1,0,0,wrong_output_disagreement_flag
SUPP-NEG-V1-001,tmr_double_replica,S2,stage10_pos0,replica0+replica1,28,imag,0,1,0,0,wrong_output_disagreement_flag
SUPP-NEG-V1-001,tmr_double_replica,S2,stage10_pos0,replica0+replica1,29,imag,0,1,0,0,wrong_output_disagreement_flag
SUPP-NEG-V1-001,tmr_double_replica,S2,stage10_pos0,replica0+replica1,30,imag,0,1,0,0,wrong_output_disagreement_flag
SUPP-NEG-V1-001,tmr_double_replica,S2,stage10_pos0,replica0+replica1,31,imag,0,1,0,0,wrong_output_disagreement_flag
SUPP-NEG-V1-001,tmr_double_replica,S2,stage10_pos0,replica0+replica1,32,imag,0,1,0,0,wrong_output_disagreement_flag
SUPP-NEG-V1-001,tmr_double_replica,S2,stage10_pos0,replica0+replica1,33,imag,0,1,0,0,wrong_output_disagreement_flag
SUPP-NEG-V1-001,tmr_double_replica,S2,stage10_pos0,replica0+replica1,34,imag,0,1,0,0,wrong_output_disagreement_flag
SUPP-NEG-V1-001,tmr_double_replica,P2,stage1_pos0,replica0+replica1,0,real,0,1,0,0,wrong_output_disagreement_flag
SUPP-NEG-V1-001,tmr_double_replica,P2,stage1_pos0,replica0+replica1,1,real,0,1,0,0,wrong_output_disagreement_flag
SUPP-NEG-V1-001,tmr_double_replica,P2,stage1_pos0,replica0+replica1,2,real,0,1,0,0,wrong_output_disagreement_flag
SUPP-NEG-V1-001,tmr_double_replica,P2,stage1_pos0,replica0+replica1,3,real,0,1,0,0,wrong_output_disagreement_flag
SUPP-NEG-V1-001,tmr_double_replica,P2,stage1_pos0,replica0+replica1,4,real,0,1,0,0,wrong_output_disagreement_flag
SUPP-NEG-V1-001,tmr_double_replica,P2,stage1_pos0,replica0+replica1,5,real,0,1,0,0,wrong_output_disagreement_flag
SUPP-NEG-V1-001,tmr_double_replica,P2,stage1_pos0,replica0+replica1,6,real,0,1,0,0,wrong_output_disagreement_flag
SUPP-NEG-V1-001,tmr_double_replica,P2,stage1_pos0,replica0+replica1,7,real,0,1,0,0,wrong_output_disagreement_flag
SUPP-NEG-V1-001,tmr_double_replica,P2,stage1_pos0,replica0+replica1,8,real,0,1,0,0,wrong_output_disagreement_flag
SUPP-NEG-V1-001,tmr_double_replica,P2,stage1_pos0,replica0+replica1,9,real,0,1,0,0,wrong_output_disagreement_flag
SUPP-NEG-V1-001,tmr_double_replica,P2,stage1_pos0,replica0+replica1,10,real,0,1,0,0,wrong_output_disagreement_flag
SUPP-NEG-V1-001,tmr_double_replica,P2,stage1_pos0,replica0+replica1,11,real,0,1,0,0,wrong_output_disagreement_flag
SUPP-NEG-V1-001,tmr_double_replica,P2,stage1_pos0,replica0+replica1,12,real,0,1,0,0,wrong_output_disagreement_flag
SUPP-NEG-V1-001,tmr_double_replica,P2,stage1_pos0,replica0+replica1,13,real,0,1,0,0,wrong_output_disagreement_flag
SUPP-NEG-V1-001,tmr_double_replica,P2,stage1_pos0,replica0+replica1,14,real,0,1,0,0,wrong_output_disagreement_flag
SUPP-NEG-V1-001,tmr_double_replica,P2,stage1_pos0,replica0+replica1,15,real,0,1,0,0,wrong_output_disagreement_flag
SUPP-NEG-V1-001,tmr_double_replica,P2,stage1_pos0,replica0+replica1,16,real,0,1,0,0,wrong_output_disagreement_flag
SUPP-NEG-V1-001,tmr_double_replica,P2,stage1_pos0,replica0+replica1,17,real,0,1,0,0,wrong_output_disagreement_flag
SUPP-NEG-V1-001,tmr_double_replica,P2,stage1_pos0,replica0+replica1,18,real,0,1,0,0,wrong_output_disagreement_flag
SUPP-NEG-V1-001,tmr_double_replica,P2,stage1_pos0,replica0+replica1,19,real,0,1,0,0,wrong_output_disagreement_flag
SUPP-NEG-V1-001,tmr_double_replica,P2,stage1_pos0,replica0+replica1,20,real,0,1,0,0,wrong_output_disagreement_flag
SUPP-NEG-V1-001,tmr_double_replica,P2,stage1_pos0,replica0+replica1,21,real,0,1,0,0,wrong_output_disagreement_flag
SUPP-NEG-V1-001,tmr_double_replica,P2,stage1_pos0,replica0+replica1,22,real,0,1,0,0,wrong_output_disagreement_flag
SUPP-NEG-V1-001,tmr_double_replica,P2,stage1_pos0,replica0+replica1,23,real,0,1,0,0,wrong_output_disagreement_flag
SUPP-NEG-V1-001,tmr_double_replica,P2,stage1_pos0,replica0+replica1,24,real,0,1,0,0,wrong_output_disagreement_flag
SUPP-NEG-V1-001,tmr_double_replica,P2,stage1_pos0,replica0+replica1,25,real,0,1,0,0,wrong_output_disagreement_flag
SUPP-NEG-V1-001,tmr_double_replica,P2,stage1_pos0,replica0+replica1,26,real,0,1,0,0,wrong_output_disagreement_flag
SUPP-NEG-V1-001,tmr_double_replica,P2,stage1_pos0,replica0+replica1,27,real,0,1,0,0,wrong_output_disagreement_flag
SUPP-NEG-V1-001,tmr_double_replica,P2,stage1_pos0,replica0+replica1,28,real,0,1,0,0,wrong_output_disagreement_flag
SUPP-NEG-V1-001,tmr_double_replica,P2,stage1_pos0,replica0+replica1,29,real,0,1,0,0,wrong_output_disagreement_flag
SUPP-NEG-V1-001,tmr_double_replica,P2,stage1_pos0,replica0+replica1,30,real,0,1,0,0,wrong_output_disagreement_flag
SUPP-NEG-V1-001,tmr_double_replica,P2,stage1_pos0,replica0+replica1,31,real,0,1,0,0,wrong_output_disagreement_flag
SUPP-NEG-V1-001,tmr_double_replica,P2,stage1_pos0,replica0+replica1,32,real,0,1,0,0,wrong_output_disagreement_flag
SUPP-NEG-V1-001,tmr_double_replica,P2,stage1_pos0,replica0+replica1,33,real,0,1,0,0,wrong_output_disagreement_flag
SUPP-NEG-V1-001,tmr_double_replica,P2,stage1_pos0,replica0+replica1,34,real,0,1,0,0,wrong_output_disagreement_flag
SUPP-NEG-V1-001,tmr_double_replica,P2,stage1_pos0,replica0+replica1,0,imag,0,1,0,0,wrong_output_disagreement_flag
SUPP-NEG-V1-001,tmr_double_replica,P2,stage1_pos0,replica0+replica1,1,imag,0,1,0,0,wrong_output_disagreement_flag
SUPP-NEG-V1-001,tmr_double_replica,P2,stage1_pos0,replica0+replica1,2,imag,0,1,0,0,wrong_output_disagreement_flag
SUPP-NEG-V1-001,tmr_double_replica,P2,stage1_pos0,replica0+replica1,3,imag,0,1,0,0,wrong_output_disagreement_flag
SUPP-NEG-V1-001,tmr_double_replica,P2,stage1_pos0,replica0+replica1,4,imag,0,1,0,0,wrong_output_disagreement_flag
SUPP-NEG-V1-001,tmr_double_replica,P2,stage1_pos0,replica0+replica1,5,imag,0,1,0,0,wrong_output_disagreement_flag
SUPP-NEG-V1-001,tmr_double_replica,P2,stage1_pos0,replica0+replica1,6,imag,0,1,0,0,wrong_output_disagreement_flag
SUPP-NEG-V1-001,tmr_double_replica,P2,stage1_pos0,replica0+replica1,7,imag,0,1,0,0,wrong_output_disagreement_flag
SUPP-NEG-V1-001,tmr_double_replica,P2,stage1_pos0,replica0+replica1,8,imag,0,1,0,0,wrong_output_disagreement_flag
SUPP-NEG-V1-001,tmr_double_replica,P2,stage1_pos0,replica0+replica1,9,imag,0,1,0,0,wrong_output_disagreement_flag
SUPP-NEG-V1-001,tmr_double_replica,P2,stage1_pos0,replica0+replica1,10,imag,0,1,0,0,wrong_output_disagreement_flag
SUPP-NEG-V1-001,tmr_double_replica,P2,stage1_pos0,replica0+replica1,11,imag,0,1,0,0,wrong_output_disagreement_flag
SUPP-NEG-V1-001,tmr_double_replica,P2,stage1_pos0,replica0+replica1,12,imag,0,1,0,0,wrong_output_disagreement_flag
SUPP-NEG-V1-001,tmr_double_replica,P2,stage1_pos0,replica0+replica1,13,imag,0,1,0,0,wrong_output_disagreement_flag
SUPP-NEG-V1-001,tmr_double_replica,P2,stage1_pos0,replica0+replica1,14,imag,0,1,0,0,wrong_output_disagreement_flag
SUPP-NEG-V1-001,tmr_double_replica,P2,stage1_pos0,replica0+replica1,15,imag,0,1,0,0,wrong_output_disagreement_flag
SUPP-NEG-V1-001,tmr_double_replica,P2,stage1_pos0,replica0+replica1,16,imag,0,1,0,0,wrong_output_disagreement_flag
SUPP-NEG-V1-001,tmr_double_replica,P2,stage1_pos0,replica0+replica1,17,imag,0,1,0,0,wrong_output_disagreement_flag
SUPP-NEG-V1-001,tmr_double_replica,P2,stage1_pos0,replica0+replica1,18,imag,0,1,0,0,wrong_output_disagreement_flag
SUPP-NEG-V1-001,tmr_double_replica,P2,stage1_pos0,replica0+replica1,19,imag,0,1,0,0,wrong_output_disagreement_flag
SUPP-NEG-V1-001,tmr_double_replica,P2,stage1_pos0,replica0+replica1,20,imag,0,1,0,0,wrong_output_disagreement_flag
SUPP-NEG-V1-001,tmr_double_replica,P2,stage1_pos0,replica0+replica1,21,imag,0,1,0,0,wrong_output_disagreement_flag
SUPP-NEG-V1-001,tmr_double_replica,P2,stage1_pos0,replica0+replica1,22,imag,0,1,0,0,wrong_output_disagreement_flag
SUPP-NEG-V1-001,tmr_double_replica,P2,stage1_pos0,replica0+replica1,23,imag,0,1,0,0,wrong_output_disagreement_flag
SUPP-NEG-V1-001,tmr_double_replica,P2,stage1_pos0,replica0+replica1,24,imag,0,1,0,0,wrong_output_disagreement_flag
SUPP-NEG-V1-001,tmr_double_replica,P2,stage1_pos0,replica0+replica1,25,imag,0,1,0,0,wrong_output_disagreement_flag
SUPP-NEG-V1-001,tmr_double_replica,P2,stage1_pos0,replica0+replica1,26,imag,0,1,0,0,wrong_output_disagreement_flag
SUPP-NEG-V1-001,tmr_double_replica,P2,stage1_pos0,replica0+replica1,27,imag,0,1,0,0,wrong_output_disagreement_flag
SUPP-NEG-V1-001,tmr_double_replica,P2,stage1_pos0,replica0+replica1,28,imag,0,1,0,0,wrong_output_disagreement_flag
SUPP-NEG-V1-001,tmr_double_replica,P2,stage1_pos0,replica0+replica1,29,imag,0,1,0,0,wrong_output_disagreement_flag
SUPP-NEG-V1-001,tmr_double_replica,P2,stage1_pos0,replica0+replica1,30,imag,0,1,0,0,wrong_output_disagreement_flag
SUPP-NEG-V1-001,tmr_double_replica,P2,stage1_pos0,replica0+replica1,31,imag,0,1,0,0,wrong_output_disagreement_flag
SUPP-NEG-V1-001,tmr_double_replica,P2,stage1_pos0,replica0+replica1,32,imag,0,1,0,0,wrong_output_disagreement_flag
SUPP-NEG-V1-001,tmr_double_replica,P2,stage1_pos0,replica0+replica1,33,imag,0,1,0,0,wrong_output_disagreement_flag
SUPP-NEG-V1-001,tmr_double_replica,P2,stage1_pos0,replica0+replica1,34,imag,0,1,0,0,wrong_output_disagreement_flag
SUPP-NEG-V1-001,tmr_double_replica,P2,stage5_pos0,replica0+replica1,0,real,0,1,0,0,wrong_output_disagreement_flag
SUPP-NEG-V1-001,tmr_double_replica,P2,stage5_pos0,replica0+replica1,1,real,0,1,0,0,wrong_output_disagreement_flag
SUPP-NEG-V1-001,tmr_double_replica,P2,stage5_pos0,replica0+replica1,2,real,0,1,0,0,wrong_output_disagreement_flag
SUPP-NEG-V1-001,tmr_double_replica,P2,stage5_pos0,replica0+replica1,3,real,0,1,0,0,wrong_output_disagreement_flag
SUPP-NEG-V1-001,tmr_double_replica,P2,stage5_pos0,replica0+replica1,4,real,0,1,0,0,wrong_output_disagreement_flag
SUPP-NEG-V1-001,tmr_double_replica,P2,stage5_pos0,replica0+replica1,5,real,0,1,0,0,wrong_output_disagreement_flag
SUPP-NEG-V1-001,tmr_double_replica,P2,stage5_pos0,replica0+replica1,6,real,0,1,0,0,wrong_output_disagreement_flag
SUPP-NEG-V1-001,tmr_double_replica,P2,stage5_pos0,replica0+replica1,7,real,0,1,0,0,wrong_output_disagreement_flag
SUPP-NEG-V1-001,tmr_double_replica,P2,stage5_pos0,replica0+replica1,8,real,0,1,0,0,wrong_output_disagreement_flag
SUPP-NEG-V1-001,tmr_double_replica,P2,stage5_pos0,replica0+replica1,9,real,0,1,0,0,wrong_output_disagreement_flag
SUPP-NEG-V1-001,tmr_double_replica,P2,stage5_pos0,replica0+replica1,10,real,0,1,0,0,wrong_output_disagreement_flag
SUPP-NEG-V1-001,tmr_double_replica,P2,stage5_pos0,replica0+replica1,11,real,0,1,0,0,wrong_output_disagreement_flag
SUPP-NEG-V1-001,tmr_double_replica,P2,stage5_pos0,replica0+replica1,12,real,0,1,0,0,wrong_output_disagreement_flag
SUPP-NEG-V1-001,tmr_double_replica,P2,stage5_pos0,replica0+replica1,13,real,0,1,0,0,wrong_output_disagreement_flag
SUPP-NEG-V1-001,tmr_double_replica,P2,stage5_pos0,replica0+replica1,14,real,0,1,0,0,wrong_output_disagreement_flag
SUPP-NEG-V1-001,tmr_double_replica,P2,stage5_pos0,replica0+replica1,15,real,0,1,0,0,wrong_output_disagreement_flag
SUPP-NEG-V1-001,tmr_double_replica,P2,stage5_pos0,replica0+replica1,16,real,0,1,0,0,wrong_output_disagreement_flag
SUPP-NEG-V1-001,tmr_double_replica,P2,stage5_pos0,replica0+replica1,17,real,0,1,0,0,wrong_output_disagreement_flag
SUPP-NEG-V1-001,tmr_double_replica,P2,stage5_pos0,replica0+replica1,18,real,0,1,0,0,wrong_output_disagreement_flag
SUPP-NEG-V1-001,tmr_double_replica,P2,stage5_pos0,replica0+replica1,19,real,0,1,0,0,wrong_output_disagreement_flag
SUPP-NEG-V1-001,tmr_double_replica,P2,stage5_pos0,replica0+replica1,20,real,0,1,0,0,wrong_output_disagreement_flag
SUPP-NEG-V1-001,tmr_double_replica,P2,stage5_pos0,replica0+replica1,21,real,0,1,0,0,wrong_output_disagreement_flag
SUPP-NEG-V1-001,tmr_double_replica,P2,stage5_pos0,replica0+replica1,22,real,0,1,0,0,wrong_output_disagreement_flag
SUPP-NEG-V1-001,tmr_double_replica,P2,stage5_pos0,replica0+replica1,23,real,0,1,0,0,wrong_output_disagreement_flag
SUPP-NEG-V1-001,tmr_double_replica,P2,stage5_pos0,replica0+replica1,24,real,0,1,0,0,wrong_output_disagreement_flag
SUPP-NEG-V1-001,tmr_double_replica,P2,stage5_pos0,replica0+replica1,25,real,0,1,0,0,wrong_output_disagreement_flag
SUPP-NEG-V1-001,tmr_double_replica,P2,stage5_pos0,replica0+replica1,26,real,0,1,0,0,wrong_output_disagreement_flag
SUPP-NEG-V1-001,tmr_double_replica,P2,stage5_pos0,replica0+replica1,27,real,0,1,0,0,wrong_output_disagreement_flag
SUPP-NEG-V1-001,tmr_double_replica,P2,stage5_pos0,replica0+replica1,28,real,0,1,0,0,wrong_output_disagreement_flag
SUPP-NEG-V1-001,tmr_double_replica,P2,stage5_pos0,replica0+replica1,29,real,0,1,0,0,wrong_output_disagreement_flag
SUPP-NEG-V1-001,tmr_double_replica,P2,stage5_pos0,replica0+replica1,30,real,0,1,0,0,wrong_output_disagreement_flag
SUPP-NEG-V1-001,tmr_double_replica,P2,stage5_pos0,replica0+replica1,31,real,0,1,0,0,wrong_output_disagreement_flag
SUPP-NEG-V1-001,tmr_double_replica,P2,stage5_pos0,replica0+replica1,32,real,0,1,0,0,wrong_output_disagreement_flag
SUPP-NEG-V1-001,tmr_double_replica,P2,stage5_pos0,replica0+replica1,33,real,0,1,0,0,wrong_output_disagreement_flag
SUPP-NEG-V1-001,tmr_double_replica,P2,stage5_pos0,replica0+replica1,34,real,0,1,0,0,wrong_output_disagreement_flag
SUPP-NEG-V1-001,tmr_double_replica,P2,stage5_pos0,replica0+replica1,0,imag,0,1,0,0,wrong_output_disagreement_flag
SUPP-NEG-V1-001,tmr_double_replica,P2,stage5_pos0,replica0+replica1,1,imag,0,1,0,0,wrong_output_disagreement_flag
SUPP-NEG-V1-001,tmr_double_replica,P2,stage5_pos0,replica0+replica1,2,imag,0,1,0,0,wrong_output_disagreement_flag
SUPP-NEG-V1-001,tmr_double_replica,P2,stage5_pos0,replica0+replica1,3,imag,0,1,0,0,wrong_output_disagreement_flag
SUPP-NEG-V1-001,tmr_double_replica,P2,stage5_pos0,replica0+replica1,4,imag,0,1,0,0,wrong_output_disagreement_flag
SUPP-NEG-V1-001,tmr_double_replica,P2,stage5_pos0,replica0+replica1,5,imag,0,1,0,0,wrong_output_disagreement_flag
SUPP-NEG-V1-001,tmr_double_replica,P2,stage5_pos0,replica0+replica1,6,imag,0,1,0,0,wrong_output_disagreement_flag
SUPP-NEG-V1-001,tmr_double_replica,P2,stage5_pos0,replica0+replica1,7,imag,0,1,0,0,wrong_output_disagreement_flag
SUPP-NEG-V1-001,tmr_double_replica,P2,stage5_pos0,replica0+replica1,8,imag,0,1,0,0,wrong_output_disagreement_flag
SUPP-NEG-V1-001,tmr_double_replica,P2,stage5_pos0,replica0+replica1,9,imag,0,1,0,0,wrong_output_disagreement_flag
SUPP-NEG-V1-001,tmr_double_replica,P2,stage5_pos0,replica0+replica1,10,imag,0,1,0,0,wrong_output_disagreement_flag
SUPP-NEG-V1-001,tmr_double_replica,P2,stage5_pos0,replica0+replica1,11,imag,0,1,0,0,wrong_output_disagreement_flag
SUPP-NEG-V1-001,tmr_double_replica,P2,stage5_pos0,replica0+replica1,12,imag,0,1,0,0,wrong_output_disagreement_flag
SUPP-NEG-V1-001,tmr_double_replica,P2,stage5_pos0,replica0+replica1,13,imag,0,1,0,0,wrong_output_disagreement_flag
SUPP-NEG-V1-001,tmr_double_replica,P2,stage5_pos0,replica0+replica1,14,imag,0,1,0,0,wrong_output_disagreement_flag
SUPP-NEG-V1-001,tmr_double_replica,P2,stage5_pos0,replica0+replica1,15,imag,0,1,0,0,wrong_output_disagreement_flag
SUPP-NEG-V1-001,tmr_double_replica,P2,stage5_pos0,replica0+replica1,16,imag,0,1,0,0,wrong_output_disagreement_flag
SUPP-NEG-V1-001,tmr_double_replica,P2,stage5_pos0,replica0+replica1,17,imag,0,1,0,0,wrong_output_disagreement_flag
SUPP-NEG-V1-001,tmr_double_replica,P2,stage5_pos0,replica0+replica1,18,imag,0,1,0,0,wrong_output_disagreement_flag
SUPP-NEG-V1-001,tmr_double_replica,P2,stage5_pos0,replica0+replica1,19,imag,0,1,0,0,wrong_output_disagreement_flag
SUPP-NEG-V1-001,tmr_double_replica,P2,stage5_pos0,replica0+replica1,20,imag,0,1,0,0,wrong_output_disagreement_flag
SUPP-NEG-V1-001,tmr_double_replica,P2,stage5_pos0,replica0+replica1,21,imag,0,1,0,0,wrong_output_disagreement_flag
SUPP-NEG-V1-001,tmr_double_replica,P2,stage5_pos0,replica0+replica1,22,imag,0,1,0,0,wrong_output_disagreement_flag
SUPP-NEG-V1-001,tmr_double_replica,P2,stage5_pos0,replica0+replica1,23,imag,0,1,0,0,wrong_output_disagreement_flag
SUPP-NEG-V1-001,tmr_double_replica,P2,stage5_pos0,replica0+replica1,24,imag,0,1,0,0,wrong_output_disagreement_flag
SUPP-NEG-V1-001,tmr_double_replica,P2,stage5_pos0,replica0+replica1,25,imag,0,1,0,0,wrong_output_disagreement_flag
SUPP-NEG-V1-001,tmr_double_replica,P2,stage5_pos0,replica0+replica1,26,imag,0,1,0,0,wrong_output_disagreement_flag
SUPP-NEG-V1-001,tmr_double_replica,P2,stage5_pos0,replica0+replica1,27,imag,0,1,0,0,wrong_output_disagreement_flag
SUPP-NEG-V1-001,tmr_double_replica,P2,stage5_pos0,replica0+replica1,28,imag,0,1,0,0,wrong_output_disagreement_flag
SUPP-NEG-V1-001,tmr_double_replica,P2,stage5_pos0,replica0+replica1,29,imag,0,1,0,0,wrong_output_disagreement_flag
SUPP-NEG-V1-001,tmr_double_replica,P2,stage5_pos0,replica0+replica1,30,imag,0,1,0,0,wrong_output_disagreement_flag
SUPP-NEG-V1-001,tmr_double_replica,P2,stage5_pos0,replica0+replica1,31,imag,0,1,0,0,wrong_output_disagreement_flag
SUPP-NEG-V1-001,tmr_double_replica,P2,stage5_pos0,replica0+replica1,32,imag,0,1,0,0,wrong_output_disagreement_flag
SUPP-NEG-V1-001,tmr_double_replica,P2,stage5_pos0,replica0+replica1,33,imag,0,1,0,0,wrong_output_disagreement_flag
SUPP-NEG-V1-001,tmr_double_replica,P2,stage5_pos0,replica0+replica1,34,imag,0,1,0,0,wrong_output_disagreement_flag
SUPP-NEG-V1-001,tmr_double_replica,P2,stage10_pos0,replica0+replica1,0,real,0,1,0,0,wrong_output_disagreement_flag
SUPP-NEG-V1-001,tmr_double_replica,P2,stage10_pos0,replica0+replica1,1,real,0,1,0,0,wrong_output_disagreement_flag
SUPP-NEG-V1-001,tmr_double_replica,P2,stage10_pos0,replica0+replica1,2,real,0,1,0,0,wrong_output_disagreement_flag
SUPP-NEG-V1-001,tmr_double_replica,P2,stage10_pos0,replica0+replica1,3,real,0,1,0,0,wrong_output_disagreement_flag
SUPP-NEG-V1-001,tmr_double_replica,P2,stage10_pos0,replica0+replica1,4,real,0,1,0,0,wrong_output_disagreement_flag
SUPP-NEG-V1-001,tmr_double_replica,P2,stage10_pos0,replica0+replica1,5,real,0,1,0,0,wrong_output_disagreement_flag
SUPP-NEG-V1-001,tmr_double_replica,P2,stage10_pos0,replica0+replica1,6,real,0,1,0,0,wrong_output_disagreement_flag
SUPP-NEG-V1-001,tmr_double_replica,P2,stage10_pos0,replica0+replica1,7,real,0,1,0,0,wrong_output_disagreement_flag
SUPP-NEG-V1-001,tmr_double_replica,P2,stage10_pos0,replica0+replica1,8,real,0,1,0,0,wrong_output_disagreement_flag
SUPP-NEG-V1-001,tmr_double_replica,P2,stage10_pos0,replica0+replica1,9,real,0,1,0,0,wrong_output_disagreement_flag
SUPP-NEG-V1-001,tmr_double_replica,P2,stage10_pos0,replica0+replica1,10,real,0,1,0,0,wrong_output_disagreement_flag
SUPP-NEG-V1-001,tmr_double_replica,P2,stage10_pos0,replica0+replica1,11,real,0,1,0,0,wrong_output_disagreement_flag
SUPP-NEG-V1-001,tmr_double_replica,P2,stage10_pos0,replica0+replica1,12,real,0,1,0,0,wrong_output_disagreement_flag
SUPP-NEG-V1-001,tmr_double_replica,P2,stage10_pos0,replica0+replica1,13,real,0,1,0,0,wrong_output_disagreement_flag
SUPP-NEG-V1-001,tmr_double_replica,P2,stage10_pos0,replica0+replica1,14,real,0,1,0,0,wrong_output_disagreement_flag
SUPP-NEG-V1-001,tmr_double_replica,P2,stage10_pos0,replica0+replica1,15,real,0,1,0,0,wrong_output_disagreement_flag
SUPP-NEG-V1-001,tmr_double_replica,P2,stage10_pos0,replica0+replica1,16,real,0,1,0,0,wrong_output_disagreement_flag
SUPP-NEG-V1-001,tmr_double_replica,P2,stage10_pos0,replica0+replica1,17,real,0,1,0,0,wrong_output_disagreement_flag
SUPP-NEG-V1-001,tmr_double_replica,P2,stage10_pos0,replica0+replica1,18,real,0,1,0,0,wrong_output_disagreement_flag
SUPP-NEG-V1-001,tmr_double_replica,P2,stage10_pos0,replica0+replica1,19,real,0,1,0,0,wrong_output_disagreement_flag
SUPP-NEG-V1-001,tmr_double_replica,P2,stage10_pos0,replica0+replica1,20,real,0,1,0,0,wrong_output_disagreement_flag
SUPP-NEG-V1-001,tmr_double_replica,P2,stage10_pos0,replica0+replica1,21,real,0,1,0,0,wrong_output_disagreement_flag
SUPP-NEG-V1-001,tmr_double_replica,P2,stage10_pos0,replica0+replica1,22,real,0,1,0,0,wrong_output_disagreement_flag
SUPP-NEG-V1-001,tmr_double_replica,P2,stage10_pos0,replica0+replica1,23,real,0,1,0,0,wrong_output_disagreement_flag
SUPP-NEG-V1-001,tmr_double_replica,P2,stage10_pos0,replica0+replica1,24,real,0,1,0,0,wrong_output_disagreement_flag
SUPP-NEG-V1-001,tmr_double_replica,P2,stage10_pos0,replica0+replica1,25,real,0,1,0,0,wrong_output_disagreement_flag
SUPP-NEG-V1-001,tmr_double_replica,P2,stage10_pos0,replica0+replica1,26,real,0,1,0,0,wrong_output_disagreement_flag
SUPP-NEG-V1-001,tmr_double_replica,P2,stage10_pos0,replica0+replica1,27,real,0,1,0,0,wrong_output_disagreement_flag
SUPP-NEG-V1-001,tmr_double_replica,P2,stage10_pos0,replica0+replica1,28,real,0,1,0,0,wrong_output_disagreement_flag
SUPP-NEG-V1-001,tmr_double_replica,P2,stage10_pos0,replica0+replica1,29,real,0,1,0,0,wrong_output_disagreement_flag
SUPP-NEG-V1-001,tmr_double_replica,P2,stage10_pos0,replica0+replica1,30,real,0,1,0,0,wrong_output_disagreement_flag
SUPP-NEG-V1-001,tmr_double_replica,P2,stage10_pos0,replica0+replica1,31,real,0,1,0,0,wrong_output_disagreement_flag
SUPP-NEG-V1-001,tmr_double_replica,P2,stage10_pos0,replica0+replica1,32,real,0,1,0,0,wrong_output_disagreement_flag
SUPP-NEG-V1-001,tmr_double_replica,P2,stage10_pos0,replica0+replica1,33,real,0,1,0,0,wrong_output_disagreement_flag
SUPP-NEG-V1-001,tmr_double_replica,P2,stage10_pos0,replica0+replica1,34,real,0,1,0,0,wrong_output_disagreement_flag
SUPP-NEG-V1-001,tmr_double_replica,P2,stage10_pos0,replica0+replica1,0,imag,0,1,0,0,wrong_output_disagreement_flag
SUPP-NEG-V1-001,tmr_double_replica,P2,stage10_pos0,replica0+replica1,1,imag,0,1,0,0,wrong_output_disagreement_flag
SUPP-NEG-V1-001,tmr_double_replica,P2,stage10_pos0,replica0+replica1,2,imag,0,1,0,0,wrong_output_disagreement_flag
SUPP-NEG-V1-001,tmr_double_replica,P2,stage10_pos0,replica0+replica1,3,imag,0,1,0,0,wrong_output_disagreement_flag
SUPP-NEG-V1-001,tmr_double_replica,P2,stage10_pos0,replica0+replica1,4,imag,0,1,0,0,wrong_output_disagreement_flag
SUPP-NEG-V1-001,tmr_double_replica,P2,stage10_pos0,replica0+replica1,5,imag,0,1,0,0,wrong_output_disagreement_flag
SUPP-NEG-V1-001,tmr_double_replica,P2,stage10_pos0,replica0+replica1,6,imag,0,1,0,0,wrong_output_disagreement_flag
SUPP-NEG-V1-001,tmr_double_replica,P2,stage10_pos0,replica0+replica1,7,imag,0,1,0,0,wrong_output_disagreement_flag
SUPP-NEG-V1-001,tmr_double_replica,P2,stage10_pos0,replica0+replica1,8,imag,0,1,0,0,wrong_output_disagreement_flag
SUPP-NEG-V1-001,tmr_double_replica,P2,stage10_pos0,replica0+replica1,9,imag,0,1,0,0,wrong_output_disagreement_flag
SUPP-NEG-V1-001,tmr_double_replica,P2,stage10_pos0,replica0+replica1,10,imag,0,1,0,0,wrong_output_disagreement_flag
SUPP-NEG-V1-001,tmr_double_replica,P2,stage10_pos0,replica0+replica1,11,imag,0,1,0,0,wrong_output_disagreement_flag
SUPP-NEG-V1-001,tmr_double_replica,P2,stage10_pos0,replica0+replica1,12,imag,0,1,0,0,wrong_output_disagreement_flag
SUPP-NEG-V1-001,tmr_double_replica,P2,stage10_pos0,replica0+replica1,13,imag,0,1,0,0,wrong_output_disagreement_flag
SUPP-NEG-V1-001,tmr_double_replica,P2,stage10_pos0,replica0+replica1,14,imag,0,1,0,0,wrong_output_disagreement_flag
SUPP-NEG-V1-001,tmr_double_replica,P2,stage10_pos0,replica0+replica1,15,imag,0,1,0,0,wrong_output_disagreement_flag
SUPP-NEG-V1-001,tmr_double_replica,P2,stage10_pos0,replica0+replica1,16,imag,0,1,0,0,wrong_output_disagreement_flag
SUPP-NEG-V1-001,tmr_double_replica,P2,stage10_pos0,replica0+replica1,17,imag,0,1,0,0,wrong_output_disagreement_flag
SUPP-NEG-V1-001,tmr_double_replica,P2,stage10_pos0,replica0+replica1,18,imag,0,1,0,0,wrong_output_disagreement_flag
SUPP-NEG-V1-001,tmr_double_replica,P2,stage10_pos0,replica0+replica1,19,imag,0,1,0,0,wrong_output_disagreement_flag
SUPP-NEG-V1-001,tmr_double_replica,P2,stage10_pos0,replica0+replica1,20,imag,0,1,0,0,wrong_output_disagreement_flag
SUPP-NEG-V1-001,tmr_double_replica,P2,stage10_pos0,replica0+replica1,21,imag,0,1,0,0,wrong_output_disagreement_flag
SUPP-NEG-V1-001,tmr_double_replica,P2,stage10_pos0,replica0+replica1,22,imag,0,1,0,0,wrong_output_disagreement_flag
SUPP-NEG-V1-001,tmr_double_replica,P2,stage10_pos0,replica0+replica1,23,imag,0,1,0,0,wrong_output_disagreement_flag
SUPP-NEG-V1-001,tmr_double_replica,P2,stage10_pos0,replica0+replica1,24,imag,0,1,0,0,wrong_output_disagreement_flag
SUPP-NEG-V1-001,tmr_double_replica,P2,stage10_pos0,replica0+replica1,25,imag,0,1,0,0,wrong_output_disagreement_flag
SUPP-NEG-V1-001,tmr_double_replica,P2,stage10_pos0,replica0+replica1,26,imag,0,1,0,0,wrong_output_disagreement_flag
SUPP-NEG-V1-001,tmr_double_replica,P2,stage10_pos0,replica0+replica1,27,imag,0,1,0,0,wrong_output_disagreement_flag
SUPP-NEG-V1-001,tmr_double_replica,P2,stage10_pos0,replica0+replica1,28,imag,0,1,0,0,wrong_output_disagreement_flag
SUPP-NEG-V1-001,tmr_double_replica,P2,stage10_pos0,replica0+replica1,29,imag,0,1,0,0,wrong_output_disagreement_flag
SUPP-NEG-V1-001,tmr_double_replica,P2,stage10_pos0,replica0+replica1,30,imag,0,1,0,0,wrong_output_disagreement_flag
SUPP-NEG-V1-001,tmr_double_replica,P2,stage10_pos0,replica0+replica1,31,imag,0,1,0,0,wrong_output_disagreement_flag
SUPP-NEG-V1-001,tmr_double_replica,P2,stage10_pos0,replica0+replica1,32,imag,0,1,0,0,wrong_output_disagreement_flag
SUPP-NEG-V1-001,tmr_double_replica,P2,stage10_pos0,replica0+replica1,33,imag,0,1,0,0,wrong_output_disagreement_flag
SUPP-NEG-V1-001,tmr_double_replica,P2,stage10_pos0,replica0+replica1,34,imag,0,1,0,0,wrong_output_disagreement_flag
SUPP-NEG-V1-001,tmr_double_replica,S3,stage9_pos0,replica0+replica1,0,real,0,1,0,0,wrong_output_disagreement_flag
SUPP-NEG-V1-001,tmr_double_replica,S3,stage9_pos0,replica0+replica1,1,real,0,1,0,0,wrong_output_disagreement_flag
SUPP-NEG-V1-001,tmr_double_replica,S3,stage9_pos0,replica0+replica1,2,real,0,1,0,0,wrong_output_disagreement_flag
SUPP-NEG-V1-001,tmr_double_replica,S3,stage9_pos0,replica0+replica1,3,real,0,1,0,0,wrong_output_disagreement_flag
SUPP-NEG-V1-001,tmr_double_replica,S3,stage9_pos0,replica0+replica1,4,real,0,1,0,0,wrong_output_disagreement_flag
SUPP-NEG-V1-001,tmr_double_replica,S3,stage9_pos0,replica0+replica1,5,real,0,1,0,0,wrong_output_disagreement_flag
SUPP-NEG-V1-001,tmr_double_replica,S3,stage9_pos0,replica0+replica1,6,real,0,1,0,0,wrong_output_disagreement_flag
SUPP-NEG-V1-001,tmr_double_replica,S3,stage9_pos0,replica0+replica1,7,real,0,1,0,0,wrong_output_disagreement_flag
SUPP-NEG-V1-001,tmr_double_replica,S3,stage9_pos0,replica0+replica1,8,real,0,1,0,0,wrong_output_disagreement_flag
SUPP-NEG-V1-001,tmr_double_replica,S3,stage9_pos0,replica0+replica1,9,real,0,1,0,0,wrong_output_disagreement_flag
SUPP-NEG-V1-001,tmr_double_replica,S3,stage9_pos0,replica0+replica1,10,real,0,1,0,0,wrong_output_disagreement_flag
SUPP-NEG-V1-001,tmr_double_replica,S3,stage9_pos0,replica0+replica1,11,real,0,1,0,0,wrong_output_disagreement_flag
SUPP-NEG-V1-001,tmr_double_replica,S3,stage9_pos0,replica0+replica1,12,real,0,1,0,0,wrong_output_disagreement_flag
SUPP-NEG-V1-001,tmr_double_replica,S3,stage9_pos0,replica0+replica1,13,real,0,1,0,0,wrong_output_disagreement_flag
SUPP-NEG-V1-001,tmr_double_replica,S3,stage9_pos0,replica0+replica1,14,real,0,1,0,0,wrong_output_disagreement_flag
SUPP-NEG-V1-001,tmr_double_replica,S3,stage9_pos0,replica0+replica1,15,real,0,1,0,0,wrong_output_disagreement_flag
SUPP-NEG-V1-001,tmr_double_replica,S3,stage9_pos0,replica0+replica1,16,real,0,1,0,0,wrong_output_disagreement_flag
SUPP-NEG-V1-001,tmr_double_replica,S3,stage9_pos0,replica0+replica1,17,real,0,1,0,0,wrong_output_disagreement_flag
SUPP-NEG-V1-001,tmr_double_replica,S3,stage9_pos0,replica0+replica1,18,real,0,1,0,0,wrong_output_disagreement_flag
SUPP-NEG-V1-001,tmr_double_replica,S3,stage9_pos0,replica0+replica1,19,real,0,1,0,0,wrong_output_disagreement_flag
SUPP-NEG-V1-001,tmr_double_replica,S3,stage9_pos0,replica0+replica1,20,real,0,1,0,0,wrong_output_disagreement_flag
SUPP-NEG-V1-001,tmr_double_replica,S3,stage9_pos0,replica0+replica1,21,real,0,1,0,0,wrong_output_disagreement_flag
SUPP-NEG-V1-001,tmr_double_replica,S3,stage9_pos0,replica0+replica1,22,real,0,1,0,0,wrong_output_disagreement_flag
SUPP-NEG-V1-001,tmr_double_replica,S3,stage9_pos0,replica0+replica1,23,real,0,1,0,0,wrong_output_disagreement_flag
SUPP-NEG-V1-001,tmr_double_replica,S3,stage9_pos0,replica0+replica1,24,real,0,1,0,0,wrong_output_disagreement_flag
SUPP-NEG-V1-001,tmr_double_replica,S3,stage9_pos0,replica0+replica1,25,real,0,1,0,0,wrong_output_disagreement_flag
SUPP-NEG-V1-001,tmr_double_replica,S3,stage9_pos0,replica0+replica1,26,real,0,1,0,0,wrong_output_disagreement_flag
SUPP-NEG-V1-001,tmr_double_replica,S3,stage9_pos0,replica0+replica1,27,real,0,1,0,0,wrong_output_disagreement_flag
SUPP-NEG-V1-001,tmr_double_replica,S3,stage9_pos0,replica0+replica1,28,real,0,1,0,0,wrong_output_disagreement_flag
SUPP-NEG-V1-001,tmr_double_replica,S3,stage9_pos0,replica0+replica1,29,real,0,1,0,0,wrong_output_disagreement_flag
SUPP-NEG-V1-001,tmr_double_replica,S3,stage9_pos0,replica0+replica1,30,real,0,1,0,0,wrong_output_disagreement_flag
SUPP-NEG-V1-001,tmr_double_replica,S3,stage9_pos0,replica0+replica1,31,real,0,1,0,0,wrong_output_disagreement_flag
SUPP-NEG-V1-001,tmr_double_replica,S3,stage9_pos0,replica0+replica1,32,real,0,1,0,0,wrong_output_disagreement_flag
SUPP-NEG-V1-001,tmr_double_replica,S3,stage9_pos0,replica0+replica1,33,real,0,1,0,0,wrong_output_disagreement_flag
SUPP-NEG-V1-001,tmr_double_replica,S3,stage9_pos0,replica0+replica1,34,real,0,1,0,0,wrong_output_disagreement_flag
SUPP-NEG-V1-001,tmr_double_replica,S3,stage9_pos0,replica0+replica1,0,imag,0,1,0,0,wrong_output_disagreement_flag
SUPP-NEG-V1-001,tmr_double_replica,S3,stage9_pos0,replica0+replica1,1,imag,0,1,0,0,wrong_output_disagreement_flag
SUPP-NEG-V1-001,tmr_double_replica,S3,stage9_pos0,replica0+replica1,2,imag,0,1,0,0,wrong_output_disagreement_flag
SUPP-NEG-V1-001,tmr_double_replica,S3,stage9_pos0,replica0+replica1,3,imag,0,1,0,0,wrong_output_disagreement_flag
SUPP-NEG-V1-001,tmr_double_replica,S3,stage9_pos0,replica0+replica1,4,imag,0,1,0,0,wrong_output_disagreement_flag
SUPP-NEG-V1-001,tmr_double_replica,S3,stage9_pos0,replica0+replica1,5,imag,0,1,0,0,wrong_output_disagreement_flag
SUPP-NEG-V1-001,tmr_double_replica,S3,stage9_pos0,replica0+replica1,6,imag,0,1,0,0,wrong_output_disagreement_flag
SUPP-NEG-V1-001,tmr_double_replica,S3,stage9_pos0,replica0+replica1,7,imag,0,1,0,0,wrong_output_disagreement_flag
SUPP-NEG-V1-001,tmr_double_replica,S3,stage9_pos0,replica0+replica1,8,imag,0,1,0,0,wrong_output_disagreement_flag
SUPP-NEG-V1-001,tmr_double_replica,S3,stage9_pos0,replica0+replica1,9,imag,0,1,0,0,wrong_output_disagreement_flag
SUPP-NEG-V1-001,tmr_double_replica,S3,stage9_pos0,replica0+replica1,10,imag,0,1,0,0,wrong_output_disagreement_flag
SUPP-NEG-V1-001,tmr_double_replica,S3,stage9_pos0,replica0+replica1,11,imag,0,1,0,0,wrong_output_disagreement_flag
SUPP-NEG-V1-001,tmr_double_replica,S3,stage9_pos0,replica0+replica1,12,imag,0,1,0,0,wrong_output_disagreement_flag
SUPP-NEG-V1-001,tmr_double_replica,S3,stage9_pos0,replica0+replica1,13,imag,0,1,0,0,wrong_output_disagreement_flag
SUPP-NEG-V1-001,tmr_double_replica,S3,stage9_pos0,replica0+replica1,14,imag,0,1,0,0,wrong_output_disagreement_flag
SUPP-NEG-V1-001,tmr_double_replica,S3,stage9_pos0,replica0+replica1,15,imag,0,1,0,0,wrong_output_disagreement_flag
SUPP-NEG-V1-001,tmr_double_replica,S3,stage9_pos0,replica0+replica1,16,imag,0,1,0,0,wrong_output_disagreement_flag
SUPP-NEG-V1-001,tmr_double_replica,S3,stage9_pos0,replica0+replica1,17,imag,0,1,0,0,wrong_output_disagreement_flag
SUPP-NEG-V1-001,tmr_double_replica,S3,stage9_pos0,replica0+replica1,18,imag,0,1,0,0,wrong_output_disagreement_flag
SUPP-NEG-V1-001,tmr_double_replica,S3,stage9_pos0,replica0+replica1,19,imag,0,1,0,0,wrong_output_disagreement_flag
SUPP-NEG-V1-001,tmr_double_replica,S3,stage9_pos0,replica0+replica1,20,imag,0,1,0,0,wrong_output_disagreement_flag
SUPP-NEG-V1-001,tmr_double_replica,S3,stage9_pos0,replica0+replica1,21,imag,0,1,0,0,wrong_output_disagreement_flag
SUPP-NEG-V1-001,tmr_double_replica,S3,stage9_pos0,replica0+replica1,22,imag,0,1,0,0,wrong_output_disagreement_flag
SUPP-NEG-V1-001,tmr_double_replica,S3,stage9_pos0,replica0+replica1,23,imag,0,1,0,0,wrong_output_disagreement_flag
SUPP-NEG-V1-001,tmr_double_replica,S3,stage9_pos0,replica0+replica1,24,imag,0,1,0,0,wrong_output_disagreement_flag
SUPP-NEG-V1-001,tmr_double_replica,S3,stage9_pos0,replica0+replica1,25,imag,0,1,0,0,wrong_output_disagreement_flag
SUPP-NEG-V1-001,tmr_double_replica,S3,stage9_pos0,replica0+replica1,26,imag,0,1,0,0,wrong_output_disagreement_flag
SUPP-NEG-V1-001,tmr_double_replica,S3,stage9_pos0,replica0+replica1,27,imag,0,1,0,0,wrong_output_disagreement_flag
SUPP-NEG-V1-001,tmr_double_replica,S3,stage9_pos0,replica0+replica1,28,imag,0,1,0,0,wrong_output_disagreement_flag
SUPP-NEG-V1-001,tmr_double_replica,S3,stage9_pos0,replica0+replica1,29,imag,0,1,0,0,wrong_output_disagreement_flag
SUPP-NEG-V1-001,tmr_double_replica,S3,stage9_pos0,replica0+replica1,30,imag,0,1,0,0,wrong_output_disagreement_flag
SUPP-NEG-V1-001,tmr_double_replica,S3,stage9_pos0,replica0+replica1,31,imag,0,1,0,0,wrong_output_disagreement_flag
SUPP-NEG-V1-001,tmr_double_replica,S3,stage9_pos0,replica0+replica1,32,imag,0,1,0,0,wrong_output_disagreement_flag
SUPP-NEG-V1-001,tmr_double_replica,S3,stage9_pos0,replica0+replica1,33,imag,0,1,0,0,wrong_output_disagreement_flag
SUPP-NEG-V1-001,tmr_double_replica,S3,stage9_pos0,replica0+replica1,34,imag,0,1,0,0,wrong_output_disagreement_flag
SUPP-NEG-V1-001,tmr_double_replica,S3,stage10_pos0,replica0+replica1,0,real,0,1,0,0,wrong_output_disagreement_flag
SUPP-NEG-V1-001,tmr_double_replica,S3,stage10_pos0,replica0+replica1,1,real,0,1,0,0,wrong_output_disagreement_flag
SUPP-NEG-V1-001,tmr_double_replica,S3,stage10_pos0,replica0+replica1,2,real,0,1,0,0,wrong_output_disagreement_flag
SUPP-NEG-V1-001,tmr_double_replica,S3,stage10_pos0,replica0+replica1,3,real,0,1,0,0,wrong_output_disagreement_flag
SUPP-NEG-V1-001,tmr_double_replica,S3,stage10_pos0,replica0+replica1,4,real,0,1,0,0,wrong_output_disagreement_flag
SUPP-NEG-V1-001,tmr_double_replica,S3,stage10_pos0,replica0+replica1,5,real,0,1,0,0,wrong_output_disagreement_flag
SUPP-NEG-V1-001,tmr_double_replica,S3,stage10_pos0,replica0+replica1,6,real,0,1,0,0,wrong_output_disagreement_flag
SUPP-NEG-V1-001,tmr_double_replica,S3,stage10_pos0,replica0+replica1,7,real,0,1,0,0,wrong_output_disagreement_flag
SUPP-NEG-V1-001,tmr_double_replica,S3,stage10_pos0,replica0+replica1,8,real,0,1,0,0,wrong_output_disagreement_flag
SUPP-NEG-V1-001,tmr_double_replica,S3,stage10_pos0,replica0+replica1,9,real,0,1,0,0,wrong_output_disagreement_flag
SUPP-NEG-V1-001,tmr_double_replica,S3,stage10_pos0,replica0+replica1,10,real,0,1,0,0,wrong_output_disagreement_flag
SUPP-NEG-V1-001,tmr_double_replica,S3,stage10_pos0,replica0+replica1,11,real,0,1,0,0,wrong_output_disagreement_flag
SUPP-NEG-V1-001,tmr_double_replica,S3,stage10_pos0,replica0+replica1,12,real,0,1,0,0,wrong_output_disagreement_flag
SUPP-NEG-V1-001,tmr_double_replica,S3,stage10_pos0,replica0+replica1,13,real,0,1,0,0,wrong_output_disagreement_flag
SUPP-NEG-V1-001,tmr_double_replica,S3,stage10_pos0,replica0+replica1,14,real,0,1,0,0,wrong_output_disagreement_flag
SUPP-NEG-V1-001,tmr_double_replica,S3,stage10_pos0,replica0+replica1,15,real,0,1,0,0,wrong_output_disagreement_flag
SUPP-NEG-V1-001,tmr_double_replica,S3,stage10_pos0,replica0+replica1,16,real,0,1,0,0,wrong_output_disagreement_flag
SUPP-NEG-V1-001,tmr_double_replica,S3,stage10_pos0,replica0+replica1,17,real,0,1,0,0,wrong_output_disagreement_flag
SUPP-NEG-V1-001,tmr_double_replica,S3,stage10_pos0,replica0+replica1,18,real,0,1,0,0,wrong_output_disagreement_flag
SUPP-NEG-V1-001,tmr_double_replica,S3,stage10_pos0,replica0+replica1,19,real,0,1,0,0,wrong_output_disagreement_flag
SUPP-NEG-V1-001,tmr_double_replica,S3,stage10_pos0,replica0+replica1,20,real,0,1,0,0,wrong_output_disagreement_flag
SUPP-NEG-V1-001,tmr_double_replica,S3,stage10_pos0,replica0+replica1,21,real,0,1,0,0,wrong_output_disagreement_flag
SUPP-NEG-V1-001,tmr_double_replica,S3,stage10_pos0,replica0+replica1,22,real,0,1,0,0,wrong_output_disagreement_flag
SUPP-NEG-V1-001,tmr_double_replica,S3,stage10_pos0,replica0+replica1,23,real,0,1,0,0,wrong_output_disagreement_flag
SUPP-NEG-V1-001,tmr_double_replica,S3,stage10_pos0,replica0+replica1,24,real,0,1,0,0,wrong_output_disagreement_flag
SUPP-NEG-V1-001,tmr_double_replica,S3,stage10_pos0,replica0+replica1,25,real,0,1,0,0,wrong_output_disagreement_flag
SUPP-NEG-V1-001,tmr_double_replica,S3,stage10_pos0,replica0+replica1,26,real,0,1,0,0,wrong_output_disagreement_flag
SUPP-NEG-V1-001,tmr_double_replica,S3,stage10_pos0,replica0+replica1,27,real,0,1,0,0,wrong_output_disagreement_flag
SUPP-NEG-V1-001,tmr_double_replica,S3,stage10_pos0,replica0+replica1,28,real,0,1,0,0,wrong_output_disagreement_flag
SUPP-NEG-V1-001,tmr_double_replica,S3,stage10_pos0,replica0+replica1,29,real,0,1,0,0,wrong_output_disagreement_flag
SUPP-NEG-V1-001,tmr_double_replica,S3,stage10_pos0,replica0+replica1,30,real,0,1,0,0,wrong_output_disagreement_flag
SUPP-NEG-V1-001,tmr_double_replica,S3,stage10_pos0,replica0+replica1,31,real,0,1,0,0,wrong_output_disagreement_flag
SUPP-NEG-V1-001,tmr_double_replica,S3,stage10_pos0,replica0+replica1,32,real,0,1,0,0,wrong_output_disagreement_flag
SUPP-NEG-V1-001,tmr_double_replica,S3,stage10_pos0,replica0+replica1,33,real,0,1,0,0,wrong_output_disagreement_flag
SUPP-NEG-V1-001,tmr_double_replica,S3,stage10_pos0,replica0+replica1,34,real,0,1,0,0,wrong_output_disagreement_flag
SUPP-NEG-V1-001,tmr_double_replica,S3,stage10_pos0,replica0+replica1,0,imag,0,1,0,0,wrong_output_disagreement_flag
SUPP-NEG-V1-001,tmr_double_replica,S3,stage10_pos0,replica0+replica1,1,imag,0,1,0,0,wrong_output_disagreement_flag
SUPP-NEG-V1-001,tmr_double_replica,S3,stage10_pos0,replica0+replica1,2,imag,0,1,0,0,wrong_output_disagreement_flag
SUPP-NEG-V1-001,tmr_double_replica,S3,stage10_pos0,replica0+replica1,3,imag,0,1,0,0,wrong_output_disagreement_flag
SUPP-NEG-V1-001,tmr_double_replica,S3,stage10_pos0,replica0+replica1,4,imag,0,1,0,0,wrong_output_disagreement_flag
SUPP-NEG-V1-001,tmr_double_replica,S3,stage10_pos0,replica0+replica1,5,imag,0,1,0,0,wrong_output_disagreement_flag
SUPP-NEG-V1-001,tmr_double_replica,S3,stage10_pos0,replica0+replica1,6,imag,0,1,0,0,wrong_output_disagreement_flag
SUPP-NEG-V1-001,tmr_double_replica,S3,stage10_pos0,replica0+replica1,7,imag,0,1,0,0,wrong_output_disagreement_flag
SUPP-NEG-V1-001,tmr_double_replica,S3,stage10_pos0,replica0+replica1,8,imag,0,1,0,0,wrong_output_disagreement_flag
SUPP-NEG-V1-001,tmr_double_replica,S3,stage10_pos0,replica0+replica1,9,imag,0,1,0,0,wrong_output_disagreement_flag
SUPP-NEG-V1-001,tmr_double_replica,S3,stage10_pos0,replica0+replica1,10,imag,0,1,0,0,wrong_output_disagreement_flag
SUPP-NEG-V1-001,tmr_double_replica,S3,stage10_pos0,replica0+replica1,11,imag,0,1,0,0,wrong_output_disagreement_flag
SUPP-NEG-V1-001,tmr_double_replica,S3,stage10_pos0,replica0+replica1,12,imag,0,1,0,0,wrong_output_disagreement_flag
SUPP-NEG-V1-001,tmr_double_replica,S3,stage10_pos0,replica0+replica1,13,imag,0,1,0,0,wrong_output_disagreement_flag
SUPP-NEG-V1-001,tmr_double_replica,S3,stage10_pos0,replica0+replica1,14,imag,0,1,0,0,wrong_output_disagreement_flag
SUPP-NEG-V1-001,tmr_double_replica,S3,stage10_pos0,replica0+replica1,15,imag,0,1,0,0,wrong_output_disagreement_flag
SUPP-NEG-V1-001,tmr_double_replica,S3,stage10_pos0,replica0+replica1,16,imag,0,1,0,0,wrong_output_disagreement_flag
SUPP-NEG-V1-001,tmr_double_replica,S3,stage10_pos0,replica0+replica1,17,imag,0,1,0,0,wrong_output_disagreement_flag
SUPP-NEG-V1-001,tmr_double_replica,S3,stage10_pos0,replica0+replica1,18,imag,0,1,0,0,wrong_output_disagreement_flag
SUPP-NEG-V1-001,tmr_double_replica,S3,stage10_pos0,replica0+replica1,19,imag,0,1,0,0,wrong_output_disagreement_flag
SUPP-NEG-V1-001,tmr_double_replica,S3,stage10_pos0,replica0+replica1,20,imag,0,1,0,0,wrong_output_disagreement_flag
SUPP-NEG-V1-001,tmr_double_replica,S3,stage10_pos0,replica0+replica1,21,imag,0,1,0,0,wrong_output_disagreement_flag
SUPP-NEG-V1-001,tmr_double_replica,S3,stage10_pos0,replica0+replica1,22,imag,0,1,0,0,wrong_output_disagreement_flag
SUPP-NEG-V1-001,tmr_double_replica,S3,stage10_pos0,replica0+replica1,23,imag,0,1,0,0,wrong_output_disagreement_flag
SUPP-NEG-V1-001,tmr_double_replica,S3,stage10_pos0,replica0+replica1,24,imag,0,1,0,0,wrong_output_disagreement_flag
SUPP-NEG-V1-001,tmr_double_replica,S3,stage10_pos0,replica0+replica1,25,imag,0,1,0,0,wrong_output_disagreement_flag
SUPP-NEG-V1-001,tmr_double_replica,S3,stage10_pos0,replica0+replica1,26,imag,0,1,0,0,wrong_output_disagreement_flag
SUPP-NEG-V1-001,tmr_double_replica,S3,stage10_pos0,replica0+replica1,27,imag,0,1,0,0,wrong_output_disagreement_flag
SUPP-NEG-V1-001,tmr_double_replica,S3,stage10_pos0,replica0+replica1,28,imag,0,1,0,0,wrong_output_disagreement_flag
SUPP-NEG-V1-001,tmr_double_replica,S3,stage10_pos0,replica0+replica1,29,imag,0,1,0,0,wrong_output_disagreement_flag
SUPP-NEG-V1-001,tmr_double_replica,S3,stage10_pos0,replica0+replica1,30,imag,0,1,0,0,wrong_output_disagreement_flag
SUPP-NEG-V1-001,tmr_double_replica,S3,stage10_pos0,replica0+replica1,31,imag,0,1,0,0,wrong_output_disagreement_flag
SUPP-NEG-V1-001,tmr_double_replica,S3,stage10_pos0,replica0+replica1,32,imag,0,1,0,0,wrong_output_disagreement_flag
SUPP-NEG-V1-001,tmr_double_replica,S3,stage10_pos0,replica0+replica1,33,imag,0,1,0,0,wrong_output_disagreement_flag
SUPP-NEG-V1-001,tmr_double_replica,S3,stage10_pos0,replica0+replica1,34,imag,0,1,0,0,wrong_output_disagreement_flag
SUPP-NEG-V1-001,tmr_double_replica,P1,stage8_pos0,replica0+replica1,0,real,0,1,0,0,wrong_output_disagreement_flag
SUPP-NEG-V1-001,tmr_double_replica,P1,stage8_pos0,replica0+replica1,1,real,0,1,0,0,wrong_output_disagreement_flag
SUPP-NEG-V1-001,tmr_double_replica,P1,stage8_pos0,replica0+replica1,2,real,0,1,0,0,wrong_output_disagreement_flag
SUPP-NEG-V1-001,tmr_double_replica,P1,stage8_pos0,replica0+replica1,3,real,0,1,0,0,wrong_output_disagreement_flag
SUPP-NEG-V1-001,tmr_double_replica,P1,stage8_pos0,replica0+replica1,4,real,0,1,0,0,wrong_output_disagreement_flag
SUPP-NEG-V1-001,tmr_double_replica,P1,stage8_pos0,replica0+replica1,5,real,0,1,0,0,wrong_output_disagreement_flag
SUPP-NEG-V1-001,tmr_double_replica,P1,stage8_pos0,replica0+replica1,6,real,0,1,0,0,wrong_output_disagreement_flag
SUPP-NEG-V1-001,tmr_double_replica,P1,stage8_pos0,replica0+replica1,7,real,0,1,0,0,wrong_output_disagreement_flag
SUPP-NEG-V1-001,tmr_double_replica,P1,stage8_pos0,replica0+replica1,8,real,0,1,0,0,wrong_output_disagreement_flag
SUPP-NEG-V1-001,tmr_double_replica,P1,stage8_pos0,replica0+replica1,9,real,0,1,0,0,wrong_output_disagreement_flag
SUPP-NEG-V1-001,tmr_double_replica,P1,stage8_pos0,replica0+replica1,10,real,0,1,0,0,wrong_output_disagreement_flag
SUPP-NEG-V1-001,tmr_double_replica,P1,stage8_pos0,replica0+replica1,11,real,0,1,0,0,wrong_output_disagreement_flag
SUPP-NEG-V1-001,tmr_double_replica,P1,stage8_pos0,replica0+replica1,12,real,0,1,0,0,wrong_output_disagreement_flag
SUPP-NEG-V1-001,tmr_double_replica,P1,stage8_pos0,replica0+replica1,13,real,0,1,0,0,wrong_output_disagreement_flag
SUPP-NEG-V1-001,tmr_double_replica,P1,stage8_pos0,replica0+replica1,14,real,0,1,0,0,wrong_output_disagreement_flag
SUPP-NEG-V1-001,tmr_double_replica,P1,stage8_pos0,replica0+replica1,15,real,0,1,0,0,wrong_output_disagreement_flag
SUPP-NEG-V1-001,tmr_double_replica,P1,stage8_pos0,replica0+replica1,16,real,0,1,0,0,wrong_output_disagreement_flag
SUPP-NEG-V1-001,tmr_double_replica,P1,stage8_pos0,replica0+replica1,17,real,0,1,0,0,wrong_output_disagreement_flag
SUPP-NEG-V1-001,tmr_double_replica,P1,stage8_pos0,replica0+replica1,18,real,0,1,0,0,wrong_output_disagreement_flag
SUPP-NEG-V1-001,tmr_double_replica,P1,stage8_pos0,replica0+replica1,19,real,0,1,0,0,wrong_output_disagreement_flag
SUPP-NEG-V1-001,tmr_double_replica,P1,stage8_pos0,replica0+replica1,20,real,0,1,0,0,wrong_output_disagreement_flag
SUPP-NEG-V1-001,tmr_double_replica,P1,stage8_pos0,replica0+replica1,21,real,0,1,0,0,wrong_output_disagreement_flag
SUPP-NEG-V1-001,tmr_double_replica,P1,stage8_pos0,replica0+replica1,22,real,0,1,0,0,wrong_output_disagreement_flag
SUPP-NEG-V1-001,tmr_double_replica,P1,stage8_pos0,replica0+replica1,23,real,0,1,0,0,wrong_output_disagreement_flag
SUPP-NEG-V1-001,tmr_double_replica,P1,stage8_pos0,replica0+replica1,24,real,0,1,0,0,wrong_output_disagreement_flag
SUPP-NEG-V1-001,tmr_double_replica,P1,stage8_pos0,replica0+replica1,25,real,0,1,0,0,wrong_output_disagreement_flag
SUPP-NEG-V1-001,tmr_double_replica,P1,stage8_pos0,replica0+replica1,26,real,0,1,0,0,wrong_output_disagreement_flag
SUPP-NEG-V1-001,tmr_double_replica,P1,stage8_pos0,replica0+replica1,27,real,0,1,0,0,wrong_output_disagreement_flag
SUPP-NEG-V1-001,tmr_double_replica,P1,stage8_pos0,replica0+replica1,28,real,0,1,0,0,wrong_output_disagreement_flag
SUPP-NEG-V1-001,tmr_double_replica,P1,stage8_pos0,replica0+replica1,29,real,0,1,0,0,wrong_output_disagreement_flag
SUPP-NEG-V1-001,tmr_double_replica,P1,stage8_pos0,replica0+replica1,30,real,0,1,0,0,wrong_output_disagreement_flag
SUPP-NEG-V1-001,tmr_double_replica,P1,stage8_pos0,replica0+replica1,31,real,0,1,0,0,wrong_output_disagreement_flag
SUPP-NEG-V1-001,tmr_double_replica,P1,stage8_pos0,replica0+replica1,32,real,0,1,0,0,wrong_output_disagreement_flag
SUPP-NEG-V1-001,tmr_double_replica,P1,stage8_pos0,replica0+replica1,33,real,0,1,0,0,wrong_output_disagreement_flag
SUPP-NEG-V1-001,tmr_double_replica,P1,stage8_pos0,replica0+replica1,34,real,0,1,0,0,wrong_output_disagreement_flag
SUPP-NEG-V1-001,tmr_double_replica,P1,stage8_pos0,replica0+replica1,0,imag,0,1,0,0,wrong_output_disagreement_flag
SUPP-NEG-V1-001,tmr_double_replica,P1,stage8_pos0,replica0+replica1,1,imag,0,1,0,0,wrong_output_disagreement_flag
SUPP-NEG-V1-001,tmr_double_replica,P1,stage8_pos0,replica0+replica1,2,imag,0,1,0,0,wrong_output_disagreement_flag
SUPP-NEG-V1-001,tmr_double_replica,P1,stage8_pos0,replica0+replica1,3,imag,0,1,0,0,wrong_output_disagreement_flag
SUPP-NEG-V1-001,tmr_double_replica,P1,stage8_pos0,replica0+replica1,4,imag,0,1,0,0,wrong_output_disagreement_flag
SUPP-NEG-V1-001,tmr_double_replica,P1,stage8_pos0,replica0+replica1,5,imag,0,1,0,0,wrong_output_disagreement_flag
SUPP-NEG-V1-001,tmr_double_replica,P1,stage8_pos0,replica0+replica1,6,imag,0,1,0,0,wrong_output_disagreement_flag
SUPP-NEG-V1-001,tmr_double_replica,P1,stage8_pos0,replica0+replica1,7,imag,0,1,0,0,wrong_output_disagreement_flag
SUPP-NEG-V1-001,tmr_double_replica,P1,stage8_pos0,replica0+replica1,8,imag,0,1,0,0,wrong_output_disagreement_flag
SUPP-NEG-V1-001,tmr_double_replica,P1,stage8_pos0,replica0+replica1,9,imag,0,1,0,0,wrong_output_disagreement_flag
SUPP-NEG-V1-001,tmr_double_replica,P1,stage8_pos0,replica0+replica1,10,imag,0,1,0,0,wrong_output_disagreement_flag
SUPP-NEG-V1-001,tmr_double_replica,P1,stage8_pos0,replica0+replica1,11,imag,0,1,0,0,wrong_output_disagreement_flag
SUPP-NEG-V1-001,tmr_double_replica,P1,stage8_pos0,replica0+replica1,12,imag,0,1,0,0,wrong_output_disagreement_flag
SUPP-NEG-V1-001,tmr_double_replica,P1,stage8_pos0,replica0+replica1,13,imag,0,1,0,0,wrong_output_disagreement_flag
SUPP-NEG-V1-001,tmr_double_replica,P1,stage8_pos0,replica0+replica1,14,imag,0,1,0,0,wrong_output_disagreement_flag
SUPP-NEG-V1-001,tmr_double_replica,P1,stage8_pos0,replica0+replica1,15,imag,0,1,0,0,wrong_output_disagreement_flag
SUPP-NEG-V1-001,tmr_double_replica,P1,stage8_pos0,replica0+replica1,16,imag,0,1,0,0,wrong_output_disagreement_flag
SUPP-NEG-V1-001,tmr_double_replica,P1,stage8_pos0,replica0+replica1,17,imag,0,1,0,0,wrong_output_disagreement_flag
SUPP-NEG-V1-001,tmr_double_replica,P1,stage8_pos0,replica0+replica1,18,imag,0,1,0,0,wrong_output_disagreement_flag
SUPP-NEG-V1-001,tmr_double_replica,P1,stage8_pos0,replica0+replica1,19,imag,0,1,0,0,wrong_output_disagreement_flag
SUPP-NEG-V1-001,tmr_double_replica,P1,stage8_pos0,replica0+replica1,20,imag,0,1,0,0,wrong_output_disagreement_flag
SUPP-NEG-V1-001,tmr_double_replica,P1,stage8_pos0,replica0+replica1,21,imag,0,1,0,0,wrong_output_disagreement_flag
SUPP-NEG-V1-001,tmr_double_replica,P1,stage8_pos0,replica0+replica1,22,imag,0,1,0,0,wrong_output_disagreement_flag
SUPP-NEG-V1-001,tmr_double_replica,P1,stage8_pos0,replica0+replica1,23,imag,0,1,0,0,wrong_output_disagreement_flag
SUPP-NEG-V1-001,tmr_double_replica,P1,stage8_pos0,replica0+replica1,24,imag,0,1,0,0,wrong_output_disagreement_flag
SUPP-NEG-V1-001,tmr_double_replica,P1,stage8_pos0,replica0+replica1,25,imag,0,1,0,0,wrong_output_disagreement_flag
SUPP-NEG-V1-001,tmr_double_replica,P1,stage8_pos0,replica0+replica1,26,imag,0,1,0,0,wrong_output_disagreement_flag
SUPP-NEG-V1-001,tmr_double_replica,P1,stage8_pos0,replica0+replica1,27,imag,0,1,0,0,wrong_output_disagreement_flag
SUPP-NEG-V1-001,tmr_double_replica,P1,stage8_pos0,replica0+replica1,28,imag,0,1,0,0,wrong_output_disagreement_flag
SUPP-NEG-V1-001,tmr_double_replica,P1,stage8_pos0,replica0+replica1,29,imag,0,1,0,0,wrong_output_disagreement_flag
SUPP-NEG-V1-001,tmr_double_replica,P1,stage8_pos0,replica0+replica1,30,imag,0,1,0,0,wrong_output_disagreement_flag
SUPP-NEG-V1-001,tmr_double_replica,P1,stage8_pos0,replica0+replica1,31,imag,0,1,0,0,wrong_output_disagreement_flag
SUPP-NEG-V1-001,tmr_double_replica,P1,stage8_pos0,replica0+replica1,32,imag,0,1,0,0,wrong_output_disagreement_flag
SUPP-NEG-V1-001,tmr_double_replica,P1,stage8_pos0,replica0+replica1,33,imag,0,1,0,0,wrong_output_disagreement_flag
SUPP-NEG-V1-001,tmr_double_replica,P1,stage8_pos0,replica0+replica1,34,imag,0,1,0,0,wrong_output_disagreement_flag
SUPP-NEG-V1-001,tmr_double_replica,P1,stage9_pos0,replica0+replica1,0,real,0,1,0,0,wrong_output_disagreement_flag
SUPP-NEG-V1-001,tmr_double_replica,P1,stage9_pos0,replica0+replica1,1,real,0,1,0,0,wrong_output_disagreement_flag
SUPP-NEG-V1-001,tmr_double_replica,P1,stage9_pos0,replica0+replica1,2,real,0,1,0,0,wrong_output_disagreement_flag
SUPP-NEG-V1-001,tmr_double_replica,P1,stage9_pos0,replica0+replica1,3,real,0,1,0,0,wrong_output_disagreement_flag
SUPP-NEG-V1-001,tmr_double_replica,P1,stage9_pos0,replica0+replica1,4,real,0,1,0,0,wrong_output_disagreement_flag
SUPP-NEG-V1-001,tmr_double_replica,P1,stage9_pos0,replica0+replica1,5,real,0,1,0,0,wrong_output_disagreement_flag
SUPP-NEG-V1-001,tmr_double_replica,P1,stage9_pos0,replica0+replica1,6,real,0,1,0,0,wrong_output_disagreement_flag
SUPP-NEG-V1-001,tmr_double_replica,P1,stage9_pos0,replica0+replica1,7,real,0,1,0,0,wrong_output_disagreement_flag
SUPP-NEG-V1-001,tmr_double_replica,P1,stage9_pos0,replica0+replica1,8,real,0,1,0,0,wrong_output_disagreement_flag
SUPP-NEG-V1-001,tmr_double_replica,P1,stage9_pos0,replica0+replica1,9,real,0,1,0,0,wrong_output_disagreement_flag
SUPP-NEG-V1-001,tmr_double_replica,P1,stage9_pos0,replica0+replica1,10,real,0,1,0,0,wrong_output_disagreement_flag
SUPP-NEG-V1-001,tmr_double_replica,P1,stage9_pos0,replica0+replica1,11,real,0,1,0,0,wrong_output_disagreement_flag
SUPP-NEG-V1-001,tmr_double_replica,P1,stage9_pos0,replica0+replica1,12,real,0,1,0,0,wrong_output_disagreement_flag
SUPP-NEG-V1-001,tmr_double_replica,P1,stage9_pos0,replica0+replica1,13,real,0,1,0,0,wrong_output_disagreement_flag
SUPP-NEG-V1-001,tmr_double_replica,P1,stage9_pos0,replica0+replica1,14,real,0,1,0,0,wrong_output_disagreement_flag
SUPP-NEG-V1-001,tmr_double_replica,P1,stage9_pos0,replica0+replica1,15,real,0,1,0,0,wrong_output_disagreement_flag
SUPP-NEG-V1-001,tmr_double_replica,P1,stage9_pos0,replica0+replica1,16,real,0,1,0,0,wrong_output_disagreement_flag
SUPP-NEG-V1-001,tmr_double_replica,P1,stage9_pos0,replica0+replica1,17,real,0,1,0,0,wrong_output_disagreement_flag
SUPP-NEG-V1-001,tmr_double_replica,P1,stage9_pos0,replica0+replica1,18,real,0,1,0,0,wrong_output_disagreement_flag
SUPP-NEG-V1-001,tmr_double_replica,P1,stage9_pos0,replica0+replica1,19,real,0,1,0,0,wrong_output_disagreement_flag
SUPP-NEG-V1-001,tmr_double_replica,P1,stage9_pos0,replica0+replica1,20,real,0,1,0,0,wrong_output_disagreement_flag
SUPP-NEG-V1-001,tmr_double_replica,P1,stage9_pos0,replica0+replica1,21,real,0,1,0,0,wrong_output_disagreement_flag
SUPP-NEG-V1-001,tmr_double_replica,P1,stage9_pos0,replica0+replica1,22,real,0,1,0,0,wrong_output_disagreement_flag
SUPP-NEG-V1-001,tmr_double_replica,P1,stage9_pos0,replica0+replica1,23,real,0,1,0,0,wrong_output_disagreement_flag
SUPP-NEG-V1-001,tmr_double_replica,P1,stage9_pos0,replica0+replica1,24,real,0,1,0,0,wrong_output_disagreement_flag
SUPP-NEG-V1-001,tmr_double_replica,P1,stage9_pos0,replica0+replica1,25,real,0,1,0,0,wrong_output_disagreement_flag
SUPP-NEG-V1-001,tmr_double_replica,P1,stage9_pos0,replica0+replica1,26,real,0,1,0,0,wrong_output_disagreement_flag
SUPP-NEG-V1-001,tmr_double_replica,P1,stage9_pos0,replica0+replica1,27,real,0,1,0,0,wrong_output_disagreement_flag
SUPP-NEG-V1-001,tmr_double_replica,P1,stage9_pos0,replica0+replica1,28,real,0,1,0,0,wrong_output_disagreement_flag
SUPP-NEG-V1-001,tmr_double_replica,P1,stage9_pos0,replica0+replica1,29,real,0,1,0,0,wrong_output_disagreement_flag
SUPP-NEG-V1-001,tmr_double_replica,P1,stage9_pos0,replica0+replica1,30,real,0,1,0,0,wrong_output_disagreement_flag
SUPP-NEG-V1-001,tmr_double_replica,P1,stage9_pos0,replica0+replica1,31,real,0,1,0,0,wrong_output_disagreement_flag
SUPP-NEG-V1-001,tmr_double_replica,P1,stage9_pos0,replica0+replica1,32,real,0,1,0,0,wrong_output_disagreement_flag
SUPP-NEG-V1-001,tmr_double_replica,P1,stage9_pos0,replica0+replica1,33,real,0,1,0,0,wrong_output_disagreement_flag
SUPP-NEG-V1-001,tmr_double_replica,P1,stage9_pos0,replica0+replica1,34,real,0,1,0,0,wrong_output_disagreement_flag
SUPP-NEG-V1-001,tmr_double_replica,P1,stage9_pos0,replica0+replica1,0,imag,0,1,0,0,wrong_output_disagreement_flag
SUPP-NEG-V1-001,tmr_double_replica,P1,stage9_pos0,replica0+replica1,1,imag,0,1,0,0,wrong_output_disagreement_flag
SUPP-NEG-V1-001,tmr_double_replica,P1,stage9_pos0,replica0+replica1,2,imag,0,1,0,0,wrong_output_disagreement_flag
SUPP-NEG-V1-001,tmr_double_replica,P1,stage9_pos0,replica0+replica1,3,imag,0,1,0,0,wrong_output_disagreement_flag
SUPP-NEG-V1-001,tmr_double_replica,P1,stage9_pos0,replica0+replica1,4,imag,0,1,0,0,wrong_output_disagreement_flag
SUPP-NEG-V1-001,tmr_double_replica,P1,stage9_pos0,replica0+replica1,5,imag,0,1,0,0,wrong_output_disagreement_flag
SUPP-NEG-V1-001,tmr_double_replica,P1,stage9_pos0,replica0+replica1,6,imag,0,1,0,0,wrong_output_disagreement_flag
SUPP-NEG-V1-001,tmr_double_replica,P1,stage9_pos0,replica0+replica1,7,imag,0,1,0,0,wrong_output_disagreement_flag
SUPP-NEG-V1-001,tmr_double_replica,P1,stage9_pos0,replica0+replica1,8,imag,0,1,0,0,wrong_output_disagreement_flag
SUPP-NEG-V1-001,tmr_double_replica,P1,stage9_pos0,replica0+replica1,9,imag,0,1,0,0,wrong_output_disagreement_flag
SUPP-NEG-V1-001,tmr_double_replica,P1,stage9_pos0,replica0+replica1,10,imag,0,1,0,0,wrong_output_disagreement_flag
SUPP-NEG-V1-001,tmr_double_replica,P1,stage9_pos0,replica0+replica1,11,imag,0,1,0,0,wrong_output_disagreement_flag
SUPP-NEG-V1-001,tmr_double_replica,P1,stage9_pos0,replica0+replica1,12,imag,0,1,0,0,wrong_output_disagreement_flag
SUPP-NEG-V1-001,tmr_double_replica,P1,stage9_pos0,replica0+replica1,13,imag,0,1,0,0,wrong_output_disagreement_flag
SUPP-NEG-V1-001,tmr_double_replica,P1,stage9_pos0,replica0+replica1,14,imag,0,1,0,0,wrong_output_disagreement_flag
SUPP-NEG-V1-001,tmr_double_replica,P1,stage9_pos0,replica0+replica1,15,imag,0,1,0,0,wrong_output_disagreement_flag
SUPP-NEG-V1-001,tmr_double_replica,P1,stage9_pos0,replica0+replica1,16,imag,0,1,0,0,wrong_output_disagreement_flag
SUPP-NEG-V1-001,tmr_double_replica,P1,stage9_pos0,replica0+replica1,17,imag,0,1,0,0,wrong_output_disagreement_flag
SUPP-NEG-V1-001,tmr_double_replica,P1,stage9_pos0,replica0+replica1,18,imag,0,1,0,0,wrong_output_disagreement_flag
SUPP-NEG-V1-001,tmr_double_replica,P1,stage9_pos0,replica0+replica1,19,imag,0,1,0,0,wrong_output_disagreement_flag
SUPP-NEG-V1-001,tmr_double_replica,P1,stage9_pos0,replica0+replica1,20,imag,0,1,0,0,wrong_output_disagreement_flag
SUPP-NEG-V1-001,tmr_double_replica,P1,stage9_pos0,replica0+replica1,21,imag,0,1,0,0,wrong_output_disagreement_flag
SUPP-NEG-V1-001,tmr_double_replica,P1,stage9_pos0,replica0+replica1,22,imag,0,1,0,0,wrong_output_disagreement_flag
SUPP-NEG-V1-001,tmr_double_replica,P1,stage9_pos0,replica0+replica1,23,imag,0,1,0,0,wrong_output_disagreement_flag
SUPP-NEG-V1-001,tmr_double_replica,P1,stage9_pos0,replica0+replica1,24,imag,0,1,0,0,wrong_output_disagreement_flag
SUPP-NEG-V1-001,tmr_double_replica,P1,stage9_pos0,replica0+replica1,25,imag,0,1,0,0,wrong_output_disagreement_flag
SUPP-NEG-V1-001,tmr_double_replica,P1,stage9_pos0,replica0+replica1,26,imag,0,1,0,0,wrong_output_disagreement_flag
SUPP-NEG-V1-001,tmr_double_replica,P1,stage9_pos0,replica0+replica1,27,imag,0,1,0,0,wrong_output_disagreement_flag
SUPP-NEG-V1-001,tmr_double_replica,P1,stage9_pos0,replica0+replica1,28,imag,0,1,0,0,wrong_output_disagreement_flag
SUPP-NEG-V1-001,tmr_double_replica,P1,stage9_pos0,replica0+replica1,29,imag,0,1,0,0,wrong_output_disagreement_flag
SUPP-NEG-V1-001,tmr_double_replica,P1,stage9_pos0,replica0+replica1,30,imag,0,1,0,0,wrong_output_disagreement_flag
SUPP-NEG-V1-001,tmr_double_replica,P1,stage9_pos0,replica0+replica1,31,imag,0,1,0,0,wrong_output_disagreement_flag
SUPP-NEG-V1-001,tmr_double_replica,P1,stage9_pos0,replica0+replica1,32,imag,0,1,0,0,wrong_output_disagreement_flag
SUPP-NEG-V1-001,tmr_double_replica,P1,stage9_pos0,replica0+replica1,33,imag,0,1,0,0,wrong_output_disagreement_flag
SUPP-NEG-V1-001,tmr_double_replica,P1,stage9_pos0,replica0+replica1,34,imag,0,1,0,0,wrong_output_disagreement_flag
