0000000000000000000000000000000000000000000000000000000000000000000000
0000000000000000000000000000000000000000000000000000000000000000000000
0000000000000000000000000000000000000000000000000000000000000000000000
0000000000000000000000000000000000000000000000000000000000000000000000
0000000000000000000000000000000000000000000000000000000000000000000000
0000000000000000000000000000000000000000000000000000000000000000000000
0000000000000000000000000000000000000000000000000000000000000000000000
0000000000000000000000000000000000000000000000000000000000000000000000
0000000000000000000000000000000000000000000000000000000000000000000000
0000000000000000000000000000000000000000000000000000000000000000000000
0000000000000000000000000000000000000000000000000000000000000000000000
0000000000000000000000000000000000000000000000000000000000000000000000
0000000000000000000000000000000000000000000000000000000000000000000000
0000000000000000000000000000000000000000000000000000000000000000000000
0000000000000000000000000000000000000000000000000000000000000000000000
0000000000000000000000000000000000000000000000000000000000000000000000
0000000000000000000000000000000000000000000000000000000000000000000000
0000000000000000000000000000000000000000000000000000000000000000000000
0000000000000000000000000000000000000000000000000000000000000000000000
0000000000000000000000000000000000000000000000000000000000000000000000
0000000000000000000000000000000000000000000000000000000000000000000000
0000000000000000000000000000000000000000000000000000000000000000000000
0000000000000000000000000000000000000000000000000000000000000000000000
0000000000000000000000000000000000000000000000000000000000000000000000
0000000000000000000000000000000000000000000000000000000000000000000000
0000000000000000000000000000000000000000000000000000000000000000000000
0000000000000000000000000000000000000000000000000000000000000000000000
0000000000000000000000000000000000000000000000000000000000000000000000
0000000000000000000000000000000000000000000000000000000000000000000000
0000000000000000000000000000000000000000000000000000000000000000000000
0000000000000000000000000000000000000000000000000000000000000000000000
0000000000000000000000000000000000000000000000000000000000000000000000
0000000000000000000000000000000000000000000000000000000000000000000000
0000000000000000000000000000000000000000000000000000000000000000000000
0000000000000000000000000000000000000000000000000000000000000000000000
0000000000000000000000000000000000000000000000000000000000000000000000
0000000000000000000000000000000000000000000000000000000000000000000000
0000000000000000000000000000000000000000000000000000000000000000000000
0000000000000000000000000000000000000000000000000000000000000000000000
0000000000000000000000000000000000000000000000000000000000000000000000
0000000000000000000000000000000000000000000000000000000000000000000000
0000000000000000000000000000000000000000000000000000000000000000000000
0000000000000000000000000000000000000000000000000000000000000000000000
0000000000000000000000000000000000000000000000000000000000000000000000
0000000000000000000000000000000000000000000000000000000000000000000000
0000000000000000000000000000000000000000000000000000000000000000000000
0000000000000000000000000000000000000000000000000000000000000000000000
0000000000000000000000000000000000000000000000000000000000000000000000
0000000000000000000000000000000000000000000000000000000000000000000000
0000000000000000000000000000000000000000000000000000000000000000000000
0000000000000000000000000000000000000000000000000000000000000000000000
0000000000000000000000000000000000000000000000000000000000000000000000
0000000000000000000000000000000000000000000000000000000000000000000000
0000000000000000000000000000000000000000000000000000000000000000000000
0000000000000000000000000000000000000000000000000000000000000000000000
0000000000000000000000000000000000000000000000000000000000000000000000
0000000000000000000000000000000000000000000000000000000000000000000000
0000000000000000000000000000000000000000000000000000000000000000000000
0000000000000000000000000000000000000000000000000000000000000000000000
0000000000000000000000000000000000000000000000000000000000000000000000
0000000000000000000000000000000000000000000000000000000000000000000000
0000000000000000000000000000000000000000000000000000000000000000000000
0000000000000000000000000000000000000000000000000000000000000000000000
0000000000000000000000000000000000000000000000000000000000000000000000
0000000000000000000000000000000000000000000000000000000000000000000000
0000000000000000000000000000000000000000000000000000000000000000000000
0000000000000000000000000000000000000000000000000000000000000000000000
0000000000000000000000000000000000000000000000000000000000000000000000
0000000000000000000000000000000000000000000000000000000000000000000000
0000000000000000000000000000000000000000000000000000000000000000000000
0000000000000000000000000000000000000000000000000000000000000000000000
0000000000000000000000000000000000000000000000000000000000000000000000
0000000000000000000000000000000000000000000000000000000000000000000000
0000000000000000000000000000000000000000000000000000000000000000000000
0000000000000000000000000000000000000000000000000000000000000000000000
0000000000000000000000000000000000000000000000000000000000000000000000
0000000000000000000000000000000000000000000000000000000000000000000000
0000000000000000000000000000000000000000000000000000000000000000000000
0000000000000000000000000000000000000000000000000000000000000000000000
0000000000000000000000000000000000000000000000000000000000000000000000
0000000000000000000000000000000000000000000000000000000000000000000000
0000000000000000000000000000000000000000000000000000000000000000000000
0000000000000000000000000000000000000000000000000000000000000000000000
0000000000000000000000000000000000000000000000000000000000000000000000
0000000000000000000000000000000000000000000000000000000000000000000000
0000000000000000000000000000000000000000000000000000000000000000000000
0000000000000000000000000000000000000000000000000000000000000000000000
0000000000000000000000000000000000000000000000000000000000000000000000
0000000000000000000000000000000000000000000000000000000000000000000000
0000000000000000000000000000000000000000000000000000000000000000000000
0000000000000000000000000000000000000000000000000000000000000000000000
0000000000000000000000000000000000000000000000000000000000000000000000
0000000000000000000000000000000000000000000000000000000000000000000000
0000000000000000000000000000000000000000000000000000000000000000000000
0000000000000000000000000000000000000000000000000000000000000000000000
0000000000000000000000000000000000000000000000000000000000000000000000
0000000000000000000000000000000000000000000000000000000000000000000000
0000000000000000000000000000000000000000000000000000000000000000000000
0000000000000000000000000000000000000000000000000000000000000000000000
0000000000000000000000000000000000000000000000000000000000000000000000
0000000000000000000000000000000000000000000000000000000000000000000000
0000000000000000000000000000000000000000000000000000000000000000000000
0000000000000000000000000000000000000000000000000000000000000000000000
0000000000000000000000000000000000000000000000000000000000000000000000
0000000000000000000000000000000000000000000000000000000000000000000000
0000000000000000000000000000000000000000000000000000000000000000000000
0000000000000000000000000000000000000000000000000000000000000000000000
0000000000000000000000000000000000000000000000000000000000000000000000
0000000000000000000000000000000000000000000000000000000000000000000000
0000000000000000000000000000000000000000000000000000000000000000000000
0000000000000000000000000000000000000000000000000000000000000000000000
0000000000000000000000000000000000000000000000000000000000000000000000
0000000000000000000000000000000000000000000000000000000000000000000000
0000000000000000000000000000000000000000000000000000000000000000000000
0000000000000000000000000000000000000000000000000000000000000000000000
0000000000000000000000000000000000000000000000000000000000000000000000
0000000000000000000000000000000000000000000000000000000000000000000000
0000000000000000000000000000000000000000000000000000000000000000000000
0000000000000000000000000000000000000000000000000000000000000000000000
0000000000000000000000000000000000000000000000000000000000000000000000
0000000000000000000000000000000000000000000000000000000000000000000000
0000000000000000000000000000000000000000000000000000000000000000000000
0000000000000000000000000000000000000000000000000000000000000000000000
0000000000000000000000000000000000000000000000000000000000000000000000
0000000000000000000000000000000000000000000000000000000000000000000000
0000000000000000000000000000000000000000000000000000000000000000000000
0000000000000000000000000000000000000000000000000000000000000000000000
0000000000000000000000000000000000000000000000000000000000000000000000
0000000000000000000000000000000000000000000000000000000000000000000000
0000000000000000000000000000000000000000000000000000000000000000000000
0000000000000000000000000000000000000000000000000000000000000000000000
0000000000000000000000000000000000000000000000000000000000000000000000
0000000000000000000000000000000000000000000000000000000000000000000000
0000000000000000000000000000000000000000000000000000000000000000000000
0000000000000000000000000000000000000000000000000000000000000000000000
0000000000000000000000000000000000000000000000000000000000000000000000
0000000000000000000000000000000000000000000000000000000000000000000000
0000000000000000000000000000000000000000000000000000000000000000000000
0000000000000000000000000000000000000000000000000000000000000000000000
0000000000000000000000000000000000000000000000000000000000000000000000
0000000000000000000000000000000000000000000000000000000000000000000000
0000000000000000000000000000000000000000000000000000000000000000000000
0000000000000000000000000000000000000000000000000000000000000000000000
0000000000000000000000000000000000000000000000000000000000000000000000
0000000000000000000000000000000000000000000000000000000000000000000000
0000000000000000000000000000000000000000000000000000000000000000000000
0000000000000000000000000000000000000000000000000000000000000000000000
0000000000000000000000000000000000000000000000000000000000000000000000
0000000000000000000000000000000000000000000000000000000000000000000000
0000000000000000000000000000000000000000000000000000000000000000000000
0000000000000000000000000000000000000000000000000000000000000000000000
0000000000000000000000000000000000000000000000000000000000000000000000
0000000000000000000000000000000000000000000000000000000000000000000000
0000000000000000000000000000000000000000000000000000000000000000000000
0000000000000000000000000000000000000000000000000000000000000000000000
0000000000000000000000000000000000000000000000000000000000000000000000
0000000000000000000000000000000000000000000000000000000000000000000000
0000000000000000000000000000000000000000000000000000000000000000000000
0000000000000000000000000000000000000000000000000000000000000000000000
0000000000000000000000000000000000000000000000000000000000000000000000
0000000000000000000000000000000000000000000000000000000000000000000000
0000000000000000000000000000000000000000000000000000000000000000000000
0000000000000000000000000000000000000000000000000000000000000000000000
0000000000000000000000000000000000000000000000000000000000000000000000
0000000000000000000000000000000000000000000000000000000000000000000000
0000000000000000000000000000000000000000000000000000000000000000000000
0000000000000000000000000000000000000000000000000000000000000000000000
0000000000000000000000000000000000000000000000000000000000000000000000
0000000000000000000000000000000000000000000000000000000000000000000000
0000000000000000000000000000000000000000000000000000000000000000000000
0000000000000000000000000000000000000000000000000000000000000000000000
0000000000000000000000000000000000000000000000000000000000000000000000
0000000000000000000000000000000000000000000000000000000000000000000000
0000000000000000000000000000000000000000000000000000000000000000000000
0000000000000000000000000000000000000000000000000000000000000000000000
0000000000000000000000000000000000000000000000000000000000000000000000
0000000000000000000000000000000000000000000000000000000000000000000000
0000000000000000000000000000000000000000000000000000000000000000000000
0000000000000000000000000000000000000000000000000000000000000000000000
0000000000000000000000000000000000000000000000000000000000000000000000
0000000000000000000000000000000000000000000000000000000000000000000000
0000000000000000000000000000000000000000000000000000000000000000000000
0000000000000000000000000000000000000000000000000000000000000000000000
0000000000000000000000000000000000000000000000000000000000000000000000
0000000000000000000000000000000000000000000000000000000000000000000000
0000000000000000000000000000000000000000000000000000000000000000000000
0000000000000000000000000000000000000000000000000000000000000000000000
0000000000000000000000000000000000000000000000000000000000000000000000
0000000000000000000000000000000000000000000000000000000000000000000000
0000000000000000000000000000000000000000000000000000000000000000000000
0000000000000000000000000000000000000000000000000000000000000000000000
0000000000000000000000000000000000000000000000000000000000000000000000
0000000000000000000000000000000000000000000000000000000000000000000000
0000000000000000000000000000000000000000000000000000000000000000000000
0000000000000000000000000000000000000000000000000000000000000000000000
0000000000000000000000000000000000000000000000000000000000000000000000
0000000000000000000000000000000000000000000000000000000000000000000000
0000000000000000000000000000000000000000000000000000000000000000000000
0000000000000000000000000000000000000000000000000000000000000000000000
0000000000000000000000000000000000000000000000000000000000000000000000
0000000000000000000000000000000000000000000000000000000000000000000000
0000000000000000000000000000000000000000000000000000000000000000000000
0000000000000000000000000000000000000000000000000000000000000000000000
0000000000000000000000000000000000000000000000000000000000000000000000
0000000000000000000000000000000000000000000000000000000000000000000000
0000000000000000000000000000000000000000000000000000000000000000000000
0000000000000000000000000000000000000000000000000000000000000000000000
0000000000000000000000000000000000000000000000000000000000000000000000
0000000000000000000000000000000000000000000000000000000000000000000000
0000000000000000000000000000000000000000000000000000000000000000000000
0000000000000000000000000000000000000000000000000000000000000000000000
0000000000000000000000000000000000000000000000000000000000000000000000
0000000000000000000000000000000000000000000000000000000000000000000000
0000000000000000000000000000000000000000000000000000000000000000000000
0000000000000000000000000000000000000000000000000000000000000000000000
0000000000000000000000000000000000000000000000000000000000000000000000
0000000000000000000000000000000000000000000000000000000000000000000000
0000000000000000000000000000000000000000000000000000000000000000000000
0000000000000000000000000000000000000000000000000000000000000000000000
0000000000000000000000000000000000000000000000000000000000000000000000
0000000000000000000000000000000000000000000000000000000000000000000000
0000000000000000000000000000000000000000000000000000000000000000000000
0000000000000000000000000000000000000000000000000000000000000000000000
0000000000000000000000000000000000000000000000000000000000000000000000
0000000000000000000000000000000000000000000000000000000000000000000000
0000000000000000000000000000000000000000000000000000000000000000000000
0000000000000000000000000000000000000000000000000000000000000000000000
0000000000000000000000000000000000000000000000000000000000000000000000
0000000000000000000000000000000000000000000000000000000000000000000000
0000000000000000000000000000000000000000000000000000000000000000000000
0000000000000000000000000000000000000000000000000000000000000000000000
0000000000000000000000000000000000000000000000000000000000000000000000
0000000000000000000000000000000000000000000000000000000000000000000000
0000000000000000000000000000000000000000000000000000000000000000000000
0000000000000000000000000000000000000000000000000000000000000000000000
0000000000000000000000000000000000000000000000000000000000000000000000
0000000000000000000000000000000000000000000000000000000000000000000000
0000000000000000000000000000000000000000000000000000000000000000000000
0000000000000000000000000000000000000000000000000000000000000000000000
0000000000000000000000000000000000000000000000000000000000000000000000
0000000000000000000000000000000000000000000000000000000000000000000000
0000000000000000000000000000000000000000000000000000000000000000000000
0000000000000000000000000000000000000000000000000000000000000000000000
0000000000000000000000000000000000000000000000000000000000000000000000
0000000000000000000000000000000000000000000000000000000000000000000000
0000000000000000000000000000000000000000000000000000000000000000000000
0000000000000000000000000000000000000000000000000000000000000000000000
0000000000000000000000000000000000000000000000000000000000000000000000
0000000000000000000000000000000000000000000000000000000000000000000000
0000000000000000000000000000000000000000000000000000000000000000000000
0000000000000000000000000000000000000000000000000000000000000000000000
0000000000000000000000000000000000000000000000000000000000000000000000
0000000000000000000000000000000000000000000000000000000000000000000000
0000000000000000000000000000000000000000000000000000000000000000000000
0000000000000000000000000000000000000000000000000000000000000000000000
0000000000000000000000000000000000000000000000000000000000000000000000
000000801ffffff800000002007fffffe00000000801ffffff800000002007fffffe00
000000801ffffff800000002007fffffe00000000801ffffff800000002007fffffe00
000000801ffffff800000002007fffffe00000000801ffffff800000002007fffffe00
000000801ffffff800000002007fffffe00000000801ffffff800000002007fffffe00
000000801ffffff800000002007fffffe00000000801ffffff800000002007fffffe00
000000801ffffff800000002007fffffe00000000801ffffff800000002007fffffe00
000000801ffffff800000002007fffffe00000000801ffffff800000002007fffffe00
000000801ffffff800000002007fffffe00000000801ffffff800000002007fffffe00
000000801ffffff800000002007fffffe00000000801ffffff800000002007fffffe00
000000801ffffff800000002007fffffe00000000801ffffff800000002007fffffe00
000000801ffffff800000002007fffffe00000000801ffffff800000002007fffffe00
000000801ffffff800000002007fffffe00000000801ffffff800000002007fffffe00
000000801ffffff800000002007fffffe00000000801ffffff800000002007fffffe00
000000801ffffff800000002007fffffe00000000801ffffff800000002007fffffe00
000000801ffffff800000002007fffffe00000000801ffffff800000002007fffffe00
000000801ffffff800000002007fffffe00000000801ffffff800000002007fffffe00
000000801ffffff800000002007fffffe00000000801ffffff800000002007fffffe00
000000801ffffff800000002007fffffe00000000801ffffff800000002007fffffe00
000000801ffffff800000002007fffffe00000000801ffffff800000002007fffffe00
000000801ffffff800000002007fffffe00000000801ffffff800000002007fffffe00
000000801ffffff800000002007fffffe00000000801ffffff800000002007fffffe00
000000801ffffff800000002007fffffe00000000801ffffff800000002007fffffe00
000000801ffffff800000002007fffffe00000000801ffffff800000002007fffffe00
000000801ffffff800000002007fffffe00000000801ffffff800000002007fffffe00
000000801ffffff800000002007fffffe00000000801ffffff800000002007fffffe00
000000801ffffff800000002007fffffe00000000801ffffff800000002007fffffe00
000000801ffffff800000002007fffffe00000000801ffffff800000002007fffffe00
000000801ffffff800000002007fffffe00000000801ffffff800000002007fffffe00
000000801ffffff800000002007fffffe00000000801ffffff800000002007fffffe00
000000801ffffff800000002007fffffe00000000801ffffff800000002007fffffe00
000000801ffffff800000002007fffffe00000000801ffffff800000002007fffffe00
000000801ffffff800000002007fffffe00000000801ffffff800000002007fffffe00
000000801ffffff800000002007fffffe00000000801ffffff800000002007fffffe00
000000801ffffff800000002007fffffe00000000801ffffff800000002007fffffe00
000000801ffffff800000002007fffffe00000000801ffffff800000002007fffffe00
000000801ffffff800000002007fffffe00000000801ffffff800000002007fffffe00
000000801ffffff800000002007fffffe00000000801ffffff800000002007fffffe00
000000801ffffff800000002007fffffe00000000801ffffff800000002007fffffe00
000000801ffffff800000002007fffffe00000000801ffffff800000002007fffffe00
000000801ffffff800000002007fffffe00000000801ffffff800000002007fffffe00
000000801ffffff800000002007fffffe00000000801ffffff800000002007fffffe00
000000801ffffff800000002007fffffe00000000801ffffff800000002007fffffe00
000000801ffffff800000002007fffffe00000000801ffffff800000002007fffffe00
000000801ffffff800000002007fffffe00000000801ffffff800000002007fffffe00
000000801ffffff800000002007fffffe00000000801ffffff800000002007fffffe00
000000801ffffff800000002007fffffe00000000801ffffff800000002007fffffe00
000000801ffffff800000002007fffffe00000000801ffffff800000002007fffffe00
000000801ffffff800000002007fffffe00000000801ffffff800000002007fffffe00
000000801ffffff800000002007fffffe00000000801ffffff800000002007fffffe00
000000801ffffff800000002007fffffe00000000801ffffff800000002007fffffe00
000000801ffffff800000002007fffffe00000000801ffffff800000002007fffffe00
000000801ffffff800000002007fffffe00000000801ffffff800000002007fffffe00
000000801ffffff800000002007fffffe00000000801ffffff800000002007fffffe00
000000801ffffff800000002007fffffe00000000801ffffff800000002007fffffe00
000000801ffffff800000002007fffffe00000000801ffffff800000002007fffffe00
000000801ffffff800000002007fffffe00000000801ffffff800000002007fffffe00
000000801ffffff800000002007fffffe00000000801ffffff800000002007fffffe00
000000801ffffff800000002007fffffe00000000801ffffff800000002007fffffe00
000000801ffffff800000002007fffffe00000000801ffffff800000002007fffffe00
000000801ffffff800000002007fffffe00000000801ffffff800000002007fffffe00
000000801ffffff800000002007fffffe00000000801ffffff800000002007fffffe00
000000801ffffff800000002007fffffe00000000801ffffff800000002007fffffe00
000000801ffffff800000002007fffffe00000000801ffffff800000002007fffffe00
000000801ffffff800000002007fffffe00000000801ffffff800000002007fffffe00
000000801ffffff800000002007fffffe00000000801ffffff800000002007fffffe00
000000801ffffff800000002007fffffe00000000801ffffff800000002007fffffe00
000000801ffffff800000002007fffffe00000000801ffffff800000002007fffffe00
000000801ffffff800000002007fffffe00000000801ffffff800000002007fffffe00
000000801ffffff800000002007fffffe00000000801ffffff800000002007fffffe00
000000801ffffff800000002007fffffe00000000801ffffff800000002007fffffe00
000000801ffffff800000002007fffffe00000000801ffffff800000002007fffffe00
000000801ffffff800000002007fffffe00000000801ffffff800000002007fffffe00
000000801ffffff800000002007fffffe00000000801ffffff800000002007fffffe00
000000801ffffff800000002007fffffe00000000801ffffff800000002007fffffe00
000000801ffffff800000002007fffffe00000000801ffffff800000002007fffffe00
000000801ffffff800000002007fffffe00000000801ffffff800000002007fffffe00
000000801ffffff800000002007fffffe00000000801ffffff800000002007fffffe00
000000801ffffff800000002007fffffe00000000801ffffff800000002007fffffe00
000000801ffffff800000002007fffffe00000000801ffffff800000002007fffffe00
000000801ffffff800000002007fffffe00000000801ffffff800000002007fffffe00
000000801ffffff800000002007fffffe00000000801ffffff800000002007fffffe00
000000801ffffff800000002007fffffe00000000801ffffff800000002007fffffe00
000000801ffffff800000002007fffffe00000000801ffffff800000002007fffffe00
000000801ffffff800000002007fffffe00000000801ffffff800000002007fffffe00
000000801ffffff800000002007fffffe00000000801ffffff800000002007fffffe00
000000801ffffff800000002007fffffe00000000801ffffff800000002007fffffe00
000000801ffffff800000002007fffffe00000000801ffffff800000002007fffffe00
000000801ffffff800000002007fffffe00000000801ffffff800000002007fffffe00
000000801ffffff800000002007fffffe00000000801ffffff800000002007fffffe00
000000801ffffff800000002007fffffe00000000801ffffff800000002007fffffe00
000000801ffffff800000002007fffffe00000000801ffffff800000002007fffffe00
000000801ffffff800000002007fffffe00000000801ffffff800000002007fffffe00
000000801ffffff800000002007fffffe00000000801ffffff800000002007fffffe00
000000801ffffff800000002007fffffe00000000801ffffff800000002007fffffe00
000000801ffffff800000002007fffffe00000000801ffffff800000002007fffffe00
000000801ffffff800000002007fffffe00000000801ffffff800000002007fffffe00
000000801ffffff800000002007fffffe00000000801ffffff800000002007fffffe00
000000801ffffff800000002007fffffe00000000801ffffff800000002007fffffe00
000000801ffffff800000002007fffffe00000000801ffffff800000002007fffffe00
000000801ffffff800000002007fffffe00000000801ffffff800000002007fffffe00
000000801ffffff800000002007fffffe00000000801ffffff800000002007fffffe00
000000801ffffff800000002007fffffe00000000801ffffff800000002007fffffe00
000000801ffffff800000002007fffffe00000000801ffffff800000002007fffffe00
000000801ffffff800000002007fffffe00000000801ffffff800000002007fffffe00
000000801ffffff800000002007fffffe00000000801ffffff800000002007fffffe00
000000801ffffff800000002007fffffe00000000801ffffff800000002007fffffe00
000000801ffffff800000002007fffffe00000000801ffffff800000002007fffffe00
000000801ffffff800000002007fffffe00000000801ffffff800000002007fffffe00
000000801ffffff800000002007fffffe00000000801ffffff800000002007fffffe00
000000801ffffff800000002007fffffe00000000801ffffff800000002007fffffe00
000000801ffffff800000002007fffffe00000000801ffffff800000002007fffffe00
000000801ffffff800000002007fffffe00000000801ffffff800000002007fffffe00
000000801ffffff800000002007fffffe00000000801ffffff800000002007fffffe00
000000801ffffff800000002007fffffe00000000801ffffff800000002007fffffe00
000000801ffffff800000002007fffffe00000000801ffffff800000002007fffffe00
000000801ffffff800000002007fffffe00000000801ffffff800000002007fffffe00
000000801ffffff800000002007fffffe00000000801ffffff800000002007fffffe00
000000801ffffff800000002007fffffe00000000801ffffff800000002007fffffe00
000000801ffffff800000002007fffffe00000000801ffffff800000002007fffffe00
000000801ffffff800000002007fffffe00000000801ffffff800000002007fffffe00
000000801ffffff800000002007fffffe00000000801ffffff800000002007fffffe00
000000801ffffff800000002007fffffe00000000801ffffff800000002007fffffe00
000000801ffffff800000002007fffffe00000000801ffffff800000002007fffffe00
000000801ffffff800000002007fffffe00000000801ffffff800000002007fffffe00
000000801ffffff800000002007fffffe00000000801ffffff800000002007fffffe00
000000801ffffff800000002007fffffe00000000801ffffff800000002007fffffe00
000000801ffffff800000002007fffffe00000000801ffffff800000002007fffffe00
000000801ffffff800000002007fffffe00000000801ffffff800000002007fffffe00
000000801ffffff800000002007fffffe00000000801ffffff800000002007fffffe00
000000801ffffff800000002007fffffe00000000801ffffff800000002007fffffe00
000000801ffffff800000002007fffffe00000000801ffffff800000002007fffffe00
000000801ffffff800000002007fffffe00000000801ffffff800000002007fffffe00
000000801ffffff800000002007fffffe00000000801ffffff800000002007fffffe00
000000801ffffff800000002007fffffe00000000801ffffff800000002007fffffe00
000000801ffffff800000002007fffffe00000000801ffffff800000002007fffffe00
000000801ffffff800000002007fffffe00000000801ffffff800000002007fffffe00
000000801ffffff800000002007fffffe00000000801ffffff800000002007fffffe00
000000801ffffff800000002007fffffe00000000801ffffff800000002007fffffe00
000000801ffffff800000002007fffffe00000000801ffffff800000002007fffffe00
000000801ffffff800000002007fffffe00000000801ffffff800000002007fffffe00
000000801ffffff800000002007fffffe00000000801ffffff800000002007fffffe00
000000801ffffff800000002007fffffe00000000801ffffff800000002007fffffe00
000000801ffffff800000002007fffffe00000000801ffffff800000002007fffffe00
000000801ffffff800000002007fffffe00000000801ffffff800000002007fffffe00
000000801ffffff800000002007fffffe00000000801ffffff800000002007fffffe00
000000801ffffff800000002007fffffe00000000801ffffff800000002007fffffe00
000000801ffffff800000002007fffffe00000000801ffffff800000002007fffffe00
000000801ffffff800000002007fffffe00000000801ffffff800000002007fffffe00
000000801ffffff800000002007fffffe00000000801ffffff800000002007fffffe00
000000801ffffff800000002007fffffe00000000801ffffff800000002007fffffe00
000000801ffffff800000002007fffffe00000000801ffffff800000002007fffffe00
000000801ffffff800000002007fffffe00000000801ffffff800000002007fffffe00
000000801ffffff800000002007fffffe00000000801ffffff800000002007fffffe00
000000801ffffff800000002007fffffe00000000801ffffff800000002007fffffe00
000000801ffffff800000002007fffffe00000000801ffffff800000002007fffffe00
000000801ffffff800000002007fffffe00000000801ffffff800000002007fffffe00
000000801ffffff800000002007fffffe00000000801ffffff800000002007fffffe00
000000801ffffff800000002007fffffe00000000801ffffff800000002007fffffe00
000000801ffffff800000002007fffffe00000000801ffffff800000002007fffffe00
000000801ffffff800000002007fffffe00000000801ffffff800000002007fffffe00
000000801ffffff800000002007fffffe00000000801ffffff800000002007fffffe00
000000801ffffff800000002007fffffe00000000801ffffff800000002007fffffe00
000000801ffffff800000002007fffffe00000000801ffffff800000002007fffffe00
000000801ffffff800000002007fffffe00000000801ffffff800000002007fffffe00
000000801ffffff800000002007fffffe00000000801ffffff800000002007fffffe00
000000801ffffff800000002007fffffe00000000801ffffff800000002007fffffe00
000000801ffffff800000002007fffffe00000000801ffffff800000002007fffffe00
000000801ffffff800000002007fffffe00000000801ffffff800000002007fffffe00
000000801ffffff800000002007fffffe00000000801ffffff800000002007fffffe00
000000801ffffff800000002007fffffe00000000801ffffff800000002007fffffe00
000000801ffffff800000002007fffffe00000000801ffffff800000002007fffffe00
000000801ffffff800000002007fffffe00000000801ffffff800000002007fffffe00
000000801ffffff800000002007fffffe00000000801ffffff800000002007fffffe00
000000801ffffff800000002007fffffe00000000801ffffff800000002007fffffe00
000000801ffffff800000002007fffffe00000000801ffffff800000002007fffffe00
000000801ffffff800000002007fffffe00000000801ffffff800000002007fffffe00
000000801ffffff800000002007fffffe00000000801ffffff800000002007fffffe00
000000801ffffff800000002007fffffe00000000801ffffff800000002007fffffe00
000000801ffffff800000002007fffffe00000000801ffffff800000002007fffffe00
000000801ffffff800000002007fffffe00000000801ffffff800000002007fffffe00
000000801ffffff800000002007fffffe00000000801ffffff800000002007fffffe00
000000801ffffff800000002007fffffe00000000801ffffff800000002007fffffe00
000000801ffffff800000002007fffffe00000000801ffffff800000002007fffffe00
000000801ffffff800000002007fffffe00000000801ffffff800000002007fffffe00
000000801ffffff800000002007fffffe00000000801ffffff800000002007fffffe00
000000801ffffff800000002007fffffe00000000801ffffff800000002007fffffe00
000000801ffffff800000002007fffffe00000000801ffffff800000002007fffffe00
000000801ffffff800000002007fffffe00000000801ffffff800000002007fffffe00
000000801ffffff800000002007fffffe00000000801ffffff800000002007fffffe00
000000801ffffff800000002007fffffe00000000801ffffff800000002007fffffe00
000000801ffffff800000002007fffffe00000000801ffffff800000002007fffffe00
000000801ffffff800000002007fffffe00000000801ffffff800000002007fffffe00
000000801ffffff800000002007fffffe00000000801ffffff800000002007fffffe00
000000801ffffff800000002007fffffe00000000801ffffff800000002007fffffe00
000000801ffffff800000002007fffffe00000000801ffffff800000002007fffffe00
000000801ffffff800000002007fffffe00000000801ffffff800000002007fffffe00
000000801ffffff800000002007fffffe00000000801ffffff800000002007fffffe00
000000801ffffff800000002007fffffe00000000801ffffff800000002007fffffe00
000000801ffffff800000002007fffffe00000000801ffffff800000002007fffffe00
000000801ffffff800000002007fffffe00000000801ffffff800000002007fffffe00
000000801ffffff800000002007fffffe00000000801ffffff800000002007fffffe00
000000801ffffff800000002007fffffe00000000801ffffff800000002007fffffe00
000000801ffffff800000002007fffffe00000000801ffffff800000002007fffffe00
000000801ffffff800000002007fffffe00000000801ffffff800000002007fffffe00
000000801ffffff800000002007fffffe00000000801ffffff800000002007fffffe00
000000801ffffff800000002007fffffe00000000801ffffff800000002007fffffe00
000000801ffffff800000002007fffffe00000000801ffffff800000002007fffffe00
000000801ffffff800000002007fffffe00000000801ffffff800000002007fffffe00
000000801ffffff800000002007fffffe00000000801ffffff800000002007fffffe00
000000801ffffff800000002007fffffe00000000801ffffff800000002007fffffe00
000000801ffffff800000002007fffffe00000000801ffffff800000002007fffffe00
000000801ffffff800000002007fffffe00000000801ffffff800000002007fffffe00
000000801ffffff800000002007fffffe00000000801ffffff800000002007fffffe00
000000801ffffff800000002007fffffe00000000801ffffff800000002007fffffe00
000000801ffffff800000002007fffffe00000000801ffffff800000002007fffffe00
000000801ffffff800000002007fffffe00000000801ffffff800000002007fffffe00
000000801ffffff800000002007fffffe00000000801ffffff800000002007fffffe00
000000801ffffff800000002007fffffe00000000801ffffff800000002007fffffe00
000000801ffffff800000002007fffffe00000000801ffffff800000002007fffffe00
000000801ffffff800000002007fffffe00000000801ffffff800000002007fffffe00
000000801ffffff800000002007fffffe00000000801ffffff800000002007fffffe00
000000801ffffff800000002007fffffe00000000801ffffff800000002007fffffe00
000000801ffffff800000002007fffffe00000000801ffffff800000002007fffffe00
000000801ffffff800000002007fffffe00000000801ffffff800000002007fffffe00
000000801ffffff800000002007fffffe00000000801ffffff800000002007fffffe00
000000801ffffff800000002007fffffe00000000801ffffff800000002007fffffe00
000000801ffffff800000002007fffffe00000000801ffffff800000002007fffffe00
000000801ffffff800000002007fffffe00000000801ffffff800000002007fffffe00
000000801ffffff800000002007fffffe00000000801ffffff800000002007fffffe00
000000801ffffff800000002007fffffe00000000801ffffff800000002007fffffe00
000000801ffffff800000002007fffffe00000000801ffffff800000002007fffffe00
000000801ffffff800000002007fffffe00000000801ffffff800000002007fffffe00
000000801ffffff800000002007fffffe00000000801ffffff800000002007fffffe00
000000801ffffff800000002007fffffe00000000801ffffff800000002007fffffe00
000000801ffffff800000002007fffffe00000000801ffffff800000002007fffffe00
000000801ffffff800000002007fffffe00000000801ffffff800000002007fffffe00
000000801ffffff800000002007fffffe00000000801ffffff800000002007fffffe00
000000801ffffff800000002007fffffe00000000801ffffff800000002007fffffe00
000000801ffffff800000002007fffffe00000000801ffffff800000002007fffffe00
000000801ffffff800000002007fffffe00000000801ffffff800000002007fffffe00
000000801ffffff800000002007fffffe00000000801ffffff800000002007fffffe00
000000801ffffff800000002007fffffe00000000801ffffff800000002007fffffe00
000000801ffffff800000002007fffffe00000000801ffffff800000002007fffffe00
000000801ffffff800000002007fffffe00000000801ffffff800000002007fffffe00
000000801ffffff800000002007fffffe00000000801ffffff800000002007fffffe00
000000801ffffff800000002007fffffe00000000801ffffff800000002007fffffe00
000000801ffffff800000002007fffffe00000000801ffffff800000002007fffffe00
000000801ffffff800000002007fffffe00000000801ffffff800000002007fffffe00
000000801ffffff800000002007fffffe00000000801ffffff800000002007fffffe00
000000801ffffff800000002007fffffe00000000801ffffff800000002007fffffe00
000000801ffffff800000002007fffffe00000000801ffffff800000002007fffffe00
000000801ffffff800000002007fffffe00000000801ffffff800000002007fffffe00
000000801ffffff800000002007fffffe00000000801ffffff800000002007fffffe00
000000801ffffff800000002007fffffe00000000801ffffff800000002007fffffe00
000000801ffffff800000002007fffffe00000000801ffffff800000002007fffffe00
000000801ffffff800000002007fffffe00000000801ffffff800000002007fffffe00
ffffff800000000800000002007fffffe00ffffffc01ffffff00000000100000000400
ffffff783ffffffa540000021f00000016a0000002d5fffffef07ffffff4b00000043e
ffffff7120000001400000023bfffffffaffffffff5dfffffee2800000028800000476
ffffff93dffffff444000001b08000002ee0000005ddffffff27ffffffe89000000361
ffffff75e0000004b800000228ffffffed2ffffffda3fffffeebc00000097000000450
ffffff83bffffff724000001f180000023700000046fffffff077fffffee48000003e3
ffffff71fffffffdc00000023880000008f00000011ffffffee43ffffffb8800000470
ffffffa83ffffff1dc0000015f000000388000000711ffffff507fffffe3c0000002be
ffffff7a4000000660000002177fffffe67ffffffccdfffffef48000000cc80000042e
ffffff7d5ffffff8b40000020b0000001d30000003a7fffffefabffffff16800000415
ffffff70ffffffff800000023c80000001f00000003ffffffee1ffffffff0800000478
ffffff9d9ffffff3040000018a00000033f00000067fffffff3b3fffffe60800000313
ffffff72c00000030000000234fffffff3fffffffe7ffffffee5c00000060800000469
ffffff8b3ffffff5a8000001d300000029600000052bffffff167fffffeb50000003a6
ffffff747ffffffc080000022e8000000fe0000001fbfffffee8fffffff8100000045c
ffffffb3bffffff0dc000001318000003c9000000791ffffff67bfffffe1b800000262
ffffff7ce0000007340000020cffffffe33ffffffc67fffffef9c000000e6800000418
ffffff7a9ffffff9840000021580000019f00000033dfffffef53ffffff3080000042b
ffffff70c0000000640000023cfffffffe7fffffffcdfffffee1c0000000c800000479
ffffff989ffffff3a00000019d80000031700000062fffffff313fffffe7400000033b
ffffff7420000003dc0000022f7ffffff08ffffffe0ffffffee840000007c00000045e
ffffff873ffffff660000001e30000002670000004cdffffff0ebfffffecc8000003c6
ffffff731ffffffce4000002340000000c700000018dfffffee63ffffff9c800000468
ffffffaddffffff158000001488000003aa000000753ffffff5bffffffe2b000000290
ffffff77e00000059000000220ffffffe9cffffffd37fffffeefc000000b2000000440
ffffff805ffffff7e8000001ff00000020600000040bffffff00bfffffefd0000003fd
ffffff715ffffffea00000023b0000000570000000adfffffee2bffffffd4800000476
ffffffa2dffffff26c000001750000003650000006c9ffffff45bfffffe4d8000002e9
ffffff71c00000022400000238fffffff77ffffffeedfffffee3c00000044800000471
ffffff8f7ffffff4f4000001c28000002c3000000585ffffff1effffffe9e800000385
ffffff763ffffffb2c00000227800000134000000267fffffeec7ffffff6600000044e
ffffffb9dffffff068000001190000003e50000007cbffffff73bfffffe0d000000232
ffffff7e600000079800000206ffffffe1affffffc33fffffefcc000000f380000040c
ffffff795ffffff9e80000021a800000185000000309fffffef2fffffff3d800000435
ffffff70e0000000d40000023c7ffffffcbfffffff95fffffee1c0000001a800000478
ffffff963ffffff3f4000001a7800000303000000607ffffff2c7fffffe7e80000034e
ffffff7500000004480000022c7fffffeedffffffdd9fffffeea000000089800000458
ffffff857ffffff6c0000001ea80000024f00000049fffffff0affffffed88000003d4
ffffff727ffffffd50000002368000000ab000000155fffffee53ffffffaa80000046c
ffffffaafffffff19800000154000000399000000733ffffff563fffffe338000002a8
ffffff7900000005f80000021c7fffffe81ffffffd03fffffef20000000bf800000437
ffffff7edffffff84c000002050000001ec0000003d9fffffefdbffffff0a00000040a
ffffff711fffffff140000023c00000003b000000077fffffee23ffffffe2800000477
ffffffa03ffffff2b40000017f8000003520000006a5ffffff407fffffe570000002fe
ffffff72400000029000000236fffffff5bffffffeb5fffffee4c0000005280000046d
ffffff8d3ffffff54c000001cb0000002ac000000559ffffff1abfffffeaa000000396
ffffff753ffffffb980000022b000000119000000233fffffeea7ffffff73800000456
ffffffb6bffffff0a0000001250000003d70000007afffffff6d7fffffe1400000024a
ffffff7b80000006cc00000211ffffffe4dffffffc99fffffef70000000d9800000423
ffffff7bdffffff918000002108000001b9000000373fffffef7bffffff23800000421
ffffff70dffffffff40000023d000000003000000005fffffee1bfffffffe800000479
ffffff9b1ffffff3500000019400000032b000000657ffffff363fffffe6a000000327
ffffff738000000370000002327ffffff24ffffffe47fffffee700000006e800000464
ffffff893ffffff604000001db80000027f0000004fdffffff127fffffec08000003b6
ffffff73bffffffc74000002310000000e20000001c5fffffee77ffffff8f000000462
ffffffb0dffffff1180000013d0000003b9000000773ffffff61bfffffe2300000027a
ffffff76e00000052000000224ffffffeb7ffffffd6dfffffeedc000000a4800000449
ffffff81fffffff784000001f880000021e00000043dffffff03ffffffef10000003f0
ffffff719ffffffe30000002398000000730000000e5fffffee33ffffffc6800000473
ffffffa57ffffff2240000016a0000003770000006efffffff4affffffe448000002d4
ffffff7160000001b40000023a7ffffff93fffffff27fffffee3000000036800000474
ffffff919ffffff49c000001ba0000002d90000005b1ffffff233fffffe94000000373
ffffff771ffffffac00000022380000014f00000029ffffffeee7ffffff58800000446
ffffffbcfffffff0340000010c8000003f30000007e7ffffff79ffffffe06800000219
ffffff7f20000007c800000203ffffffe0dffffffc19fffffefe4000000f9800000406
ffffff78dffffffa200000021d0000001770000002effffffef1bffffff4400000043a
ffffff7100000001080000023c7ffffffbdfffffff79fffffee2400000021800000477
ffffff951ffffff41c000001ac0000002f90000005f3ffffff2a3fffffe83800000358
ffffff7560000004800000022a7fffffedfffffffdbffffffeeac00000090800000454
ffffff847ffffff6f0000001ee000000243000000487ffffff093fffffede8000003dc
ffffff723ffffffd880000023700000009d000000139fffffee47ffffffb180000046e
ffffffa99ffffff1bc00000159800000391000000721ffffff537fffffe378000002b3
ffffff79a00000062c000002197fffffe74ffffffce9fffffef34000000c6000000432
ffffff7e1ffffff880000002080000001df0000003bffffffefc3ffffff10000000410
ffffff70ffffffff480000023c80000002d000000059fffffee23ffffffe9800000478
ffffff9edffffff2dc00000185000000349000000693ffffff3dffffffe5b800000309
ffffff7280000002cc00000235fffffff4dffffffe9bfffffee540000005980000046b
ffffff8c3ffffff57c000001cf8000002a1000000543ffffff187fffffeaf80000039e
ffffff74dffffffbd00000022d00000010b000000217fffffee9bffffff7a80000045a
ffffffb55ffffff0c00000012b0000003d00000007a1ffffff6abfffffe18000000256
ffffff7c20000006fc0000020f7fffffe40ffffffc81fffffef84000000e000000041e
ffffff7b3ffffff94c000002130000001ac000000359fffffef67ffffff29800000426
ffffff70c0000000280000023cffffffff5fffffffebfffffee1800000005800000479
ffffff99dffffff37800000199000000322000000643ffffff33bfffffe6f000000332
ffffff73c0000003a800000230fffffff16ffffffe2dfffffee7c00000075000000461
ffffff883ffffff634000001df0000002730000004e5ffffff107fffffec68000003be
ffffff735ffffffcac000002328000000d40000001a9fffffee6fffffff95800000465
ffffffaf5ffffff138000001428000003b1000000763ffffff5ebfffffe27800000285
ffffff77600000055800000222ffffffea9ffffffd53fffffeeec000000ab800000444
ffffff813ffffff7b8000001fb800000212000000423ffffff027fffffef70000003f7
ffffff715ffffffe6c0000023a8000000650000000cbfffffee2fffffffcd800000475
ffffffa41ffffff2480000016f80000036e0000006ddffffff487fffffe490000002df
ffffff71a0000001ec000002397ffffff85fffffff09fffffee340000003d800000472
ffffff907ffffff4c8000001be0000002ce00000059bffffff20ffffffe9900000037c
ffffff769ffffffaf800000225800000142000000283fffffeed7ffffff5f00000044b
ffffffbb5ffffff04c000001128000003ec0000007d9ffffff76bfffffe0a000000225
ffffff7da00000076400000209ffffffe26ffffffc4dfffffefb4000000ed000000412
ffffff79fffffff9b400000218800000192000000323fffffef3fffffff37000000430
ffffff70e0000000980000023cfffffffd9fffffffb1fffffee1c00000013800000478
ffffff975ffffff3c8000001a280000030e00000061bffffff2effffffe79800000345
ffffff7480000004140000022dffffffefbffffffdf5fffffee940000008300000045b
ffffff865ffffff690000001e680000025b0000004b7ffffff0cbfffffed28000003cd
ffffff72dffffffd1c000002350000000b9000000171fffffee5bffffffa380000046a
ffffffac7ffffff1780000014e0000003a1000000743ffffff58ffffffe2f80000029c
ffffff7860000005c40000021e7fffffe8fffffffd1dfffffef10000000b880000043c
ffffff7f7ffffff818000002020000001f90000003f1fffffeff3ffffff03800000404
ffffff713ffffffed80000023b800000049000000093fffffee27ffffffdb800000477
ffffffa17ffffff2900000017a00000035c0000006b7ffffff433fffffe520000002f4
ffffff72000000025c000002387ffffff69ffffffed3fffffee400000004b80000046f
ffffff8e5ffffff520000001c70000002b700000056fffffff1cbfffffea480000038d
ffffff75bffffffb640000022980000012600000024dfffffeeb7ffffff6c800000452
ffffffb83ffffff0840000011f0000003df0000007bdffffff70bfffffe1080000023e
ffffff7ae00000069400000214ffffffe5affffffcb3fffffef5c000000d3000000429
ffffff7c9ffffff8e40000020e0000001c600000038bfffffef93ffffff1d00000041b
ffffff70dfffffffb80000023c800000011000000023fffffee1bfffffff7800000479
ffffff9c5ffffff3280000018f00000033500000066bffffff38bfffffe6580000031d
ffffff73200000033800000233fffffff32ffffffe63fffffee6800000067800000466
ffffff8a3ffffff5d4000001d780000028a000000513ffffff147fffffebb0000003ae
ffffff741ffffffc40000002300000000f00000001e1fffffee83ffffff88000000460
ffffffb23ffffff0fc000001370000003c1000000783ffffff64bfffffe1f80000026e
ffffff7660000004ec00000226ffffffec4ffffffd87fffffeecc0000009e00000044d
ffffff82dffffff754000001f500000022b000000455ffffff05bfffffeea8000003ea
ffffff71dffffffdfc00000239000000081000000101fffffee3bffffffbf800000472
ffffffa6dffffff200000001648000003800000006ffffffff4dffffffe400000002c9
ffffff71400000017c0000023afffffffa1fffffff41fffffee280000002f800000475
ffffff92bffffff470000001b50000002e30000005c7ffffff257fffffe8e00000036a
ffffff77bffffffa8c0000022180000015c0000002b9fffffeef7ffffff51800000442
ffffffbe7ffffff018000001068000003fa0000007f3ffffff7cffffffe0300000020d
ffffff7f80000007e400000201ffffffe07ffffffc0dfffffeff0000000fc800000403
ffffff787ffffffa3c0000021e0000001710000002e1fffffef13ffffff4780000043b
ffffff7120000001280000023bfffffffb6fffffff6bfffffee2400000025000000477
ffffff947ffffff430000001ae8000002f30000005e7ffffff28ffffffe8600000035c
ffffff75a00000049c00000229ffffffed8ffffffdb1fffffeeb400000093800000452
ffffff841ffffff708000001f000000023d00000047bffffff083fffffee18000003df
ffffff721ffffffda40000023780000009600000012dfffffee47ffffffb500000046f
ffffffa8fffffff1cc0000015c80000038d00000071bffffff51ffffffe398000002b8
ffffff79e000000648000002187fffffe6effffffcdbfffffef40000000c9800000430
ffffff7dbffffff898000002098000001d90000003b3fffffefb7ffffff13000000412
ffffff70ffffffff640000023c80000002600000004bfffffee1fffffffed000000479
ffffff9e3ffffff2ec00000187800000344000000689ffffff3c7fffffe5e00000030f
ffffff72a0000002e4000002357ffffff46ffffffe8bfffffee540000005d00000046a
ffffff8bbffffff590000001d180000029c000000537ffffff177fffffeb28000003a2
ffffff74bffffffbec0000022d800000105000000209fffffee97ffffff7d80000045b
ffffffb47ffffff0cc0000012e0000003cc000000799ffffff68ffffffe1980000025c
ffffff7c80000007180000020dffffffe3affffffc73fffffef90000000e380000041b
ffffff7adffffff968000002148000001a500000034bfffffef5fffffff2d000000429
ffffff70c0000000440000023cfffffffeefffffffdbfffffee1800000009000000479
ffffff993ffffff38c0000019b80000031c000000639ffffff327fffffe71800000336
ffffff7400000003c0000002307ffffff0fffffffe1dfffffee8000000078800000460
ffffff87bffffff648000001e100000026d0000004d9ffffff0fbfffffec98000003c2
ffffff733ffffffcc8000002338000000cd00000019bfffffee67ffffff99000000466
ffffffae9ffffff148000001460000003ae00000075bffffff5d7fffffe2900000028b
ffffff77a00000057400000221ffffffea3ffffffd45fffffeef4000000ae800000442
ffffff80bffffff7cc000001fd80000020c000000417ffffff017fffffefa0000003fa
ffffff715ffffffe840000023b00000005e0000000bbfffffee2bffffffd1000000475
ffffffa37ffffff258000001728000003690000006d3ffffff46ffffffe4b8000002e4
ffffff71c000000208000002397ffffff7effffffefbfffffee3800000041000000472
ffffff8ffffffff4dc000001c08000002c8000000591ffffff1fffffffe9c000000380
ffffff767ffffffb100000022680000013b000000275fffffeecfffffff6280000044c
ffffffba9ffffff05c000001160000003e90000007d1ffffff753fffffe0b80000022c
ffffff7e000000077c000002087fffffe20ffffffc3ffffffefc0000000f0000000410
ffffff799ffffff9d00000021980000018b000000317fffffef37ffffff3a800000432
ffffff70e0000000b80000023cfffffffd2fffffffa3fffffee1c00000017000000478
ffffff96dffffff3dc000001a5000000308000000611ffffff2dbfffffe7c00000034a
ffffff74c0000004300000022d7fffffef4ffffffde7fffffee9800000086000000459
ffffff85dffffff6ac000001e88000002550000004abffffff0bffffffed58000003d1
ffffff729ffffffd34000002358000000b2000000165fffffee53ffffffa700000046b
ffffffabbffffff1880000015100000039d00000073bffffff577fffffe310000002a2
ffffff78c0000005e00000021d7fffffe88ffffffd0ffffffef18000000bc00000043a
ffffff7f1ffffff834000002038000001f20000003e5fffffefe7ffffff06800000407
ffffff711ffffffef40000023b800000042000000085fffffee23ffffffdf000000477
ffffffa0dffffff2a40000017c8000003570000006afffffff41bfffffe548000002f9
ffffff72200000027400000237fffffff62ffffffec3fffffee480000004f00000046e
ffffff8ddffffff534000001c90000002b2000000565ffffff1bbfffffea7000000392
ffffff757ffffffb800000022a00000012000000023ffffffeeafffffff70000000454
ffffffb77ffffff094000001220000003db0000007b7ffffff6f3fffffe12800000244
ffffff7b20000006b0000002137fffffe53ffffffca7fffffef68000000d6000000426
ffffff7c3ffffff9000000020f0000001bf00000037ffffffef87ffffff2080000041e
ffffff70ffffffffd40000023c80000000a000000015fffffee1ffffffffb000000479
ffffff9bbffffff33c00000191800000330000000661ffffff377fffffe67800000323
ffffff73400000035400000232fffffff2bffffffe55fffffee6c0000006b000000465
ffffff89bffffff5ec000001d9800000284000000509ffffff137fffffebe0000003b3
ffffff73dffffffc5c000002308000000e90000001d3fffffee7bffffff8b800000461
ffffffb19ffffff1080000013a0000003be00000077bffffff633fffffe21000000274
ffffff76a00000050800000225ffffffebdffffffd7bfffffeed4000000a180000044b
ffffff825ffffff76c000001f6800000224000000449ffffff04bfffffeee0000003ed
ffffff71bffffffe140000023980000007a0000000f3fffffee37ffffffc3000000472
ffffffa63ffffff2100000016780000037b0000006f7ffffff4c7fffffe428000002cf
ffffff7160000001980000023afffffff9afffffff33fffffee2c00000033000000475
ffffff923ffffff488000001b78000002de0000005bbffffff247fffffe9100000036e
ffffff777ffffffaa8000002228000001560000002abfffffeeefffffff55000000445
ffffffbdbffffff028000001098000003f60000007edffffff7b7fffffe05000000213
ffffff7ea0000007b0000002057fffffe13ffffffc27fffffefd8000000f680000040a
ffffff791ffffffa040000021c00000017e0000002fdfffffef23ffffff41000000438
ffffff7100000000f00000023c7ffffffc4fffffff89fffffee200000001e000000477
ffffff959ffffff408000001a98000002fe0000005fdffffff2b7fffffe81000000353
ffffff7540000004680000022b7fffffee6ffffffdcbfffffeea80000008d000000456
ffffff84fffffff6dc000001ec000000249000000493ffffff09ffffffedb8000003d8
ffffff725ffffffd70000002368000000a4000000147fffffee4bffffffae00000046d
ffffffaa5ffffff1a80000015680000039500000072bffffff54bfffffe358000002ad
ffffff7940000006100000021affffffe7bffffffcf5fffffef28000000c2800000435
ffffff7e5ffffff868000002068000001e60000003cbfffffefcfffffff0d00000040d
ffffff70ffffffff2c0000023c000000034000000069fffffee23ffffffe6000000478
ffffff9f7ffffff2c80000018200000034e00000069bffffff3f3fffffe59800000304
ffffff7260000002ac000002367ffffff54ffffffea9fffffee4c0000005600000046c
ffffff8cbffffff564000001cd0000002a700000054dffffff197fffffeac80000039a
ffffff751ffffffbb40000022c000000112000000225fffffeea3ffffff77000000458
ffffffb5fffffff0b0000001280000003d40000007a7ffffff6bffffffe16000000250
ffffff7be0000006e400000210ffffffe47ffffffc8dfffffef7c000000dd000000421
ffffff7b9ffffff934000002120000001b3000000365fffffef73ffffff27000000423
ffffff70c0000000100000023cffffffffcffffffff7fffffee1800000002000000479
ffffff9a7ffffff3640000019680000032700000064dffffff34ffffffe6c80000032c
ffffff73a00000038c00000231fffffff1dffffffe39fffffee7400000072000000462
ffffff88bffffff61c000001dd0000002790000004f1ffffff117fffffec38000003ba
ffffff737ffffffc90000002320000000db0000001b7fffffee73ffffff92800000463
ffffffb01ffffff128000001400000003b600000076bffffff603fffffe2500000027f
ffffff77000000053c00000223ffffffeb0ffffffd5ffffffeee4000000a8000000447
ffffff817ffffff79c000001fa000000218000000431ffffff033fffffef40000003f4
ffffff717ffffffe4c0000023a80000006c0000000d9fffffee33ffffffca000000474
ffffffa4dffffff2340000016d0000003720000006e5ffffff49bfffffe470000002da
ffffff7180000001d00000023a7ffffff8cfffffff17fffffee300000003a000000473
ffffff911ffffff4b0000001bc0000002d30000005a5ffffff223fffffe96800000377
ffffff76dffffffadc00000224800000148000000291fffffeedfffffff5c000000449
ffffffbc1ffffff0400000010f8000003f00000007dfffffff783fffffe0800000021f
ffffff7d400000074c0000020affffffe2dffffffc59fffffefa8000000e9800000415
ffffff7a5ffffff99c00000217000000198000000331fffffef4bffffff3400000042d
ffffff70e0000000800000023cfffffffe0fffffffbffffffee1c00000010000000479
ffffff97fffffff3b4000001a0000000312000000625ffffff303fffffe76800000340
ffffff7460000003f80000022efffffff02ffffffe03fffffee8c0000007f80000045c
ffffff86dffffff67c000001e50000002610000004c1ffffff0dbfffffecf8000003c9
ffffff72fffffffd00000002348000000c000000017ffffffee5fffffffa0000000469
ffffffad3ffffff1680000014b8000003a500000074bffffff5a7fffffe2d000000297
ffffff7820000005a80000021f7fffffe96ffffffd2bfffffef04000000b580000043e
ffffff7fdffffff800000002008000001ff0000003fffffffefffffffff00800000401
ffffff713ffffffebc0000023b0000000500000000a1fffffee27ffffffd8000000476
ffffffa21ffffff27c000001778000003600000006c1ffffff443fffffe500000002ef
ffffff71e000000240000002387ffffff70ffffffedffffffee4000000048000000470
ffffff8edffffff508000001c50000002bd00000057bffffff1dbfffffea1800000389
ffffff75fffffffb480000022880000012d00000025bfffffeebfffffff69800000450
ffffffb8fffffff0780000011c0000003e20000007c5ffffff723fffffe0f000000238
ffffff7a800000067c00000215ffffffe61ffffffcc1fffffef50000000d000000042b
ffffff7cfffffff8d00000020c8000001cc000000399fffffef9fffffff1a000000418
ffffff70dfffffff9c0000023c80000001800000002ffffffee1ffffffff4000000479
ffffff9cfffffff3140000018c00000033a000000675ffffff39ffffffe62800000318
ffffff73000000031c000002347ffffff38ffffffe71fffffee6000000064000000468
ffffff8abffffff5c0000001d5800000290000000521ffffff157fffffeb80000003aa
ffffff743ffffffc240000022f0000000f70000001edfffffee8bffffff8480000045e
ffffffb31ffffff0ec000001340000003c500000078bffffff663fffffe1d800000268
ffffff7620000004d400000227ffffffecbffffffd95fffffeec40000009a80000044f
ffffff833ffffff73c000001f3000000231000000463ffffff067fffffee78000003e6
ffffff71dffffffddc00000238800000088000000111fffffee3fffffffbc000000471
ffffffa77ffffff1f000000162000000384000000709ffffff4f3fffffe3e0000002c3
ffffff7120000001600000023b7ffffffa8fffffff4ffffffee280000002c800000476
ffffff935ffffff45c000001b30000002e90000005d1ffffff26bfffffe8b800000366
ffffff77fffffffa70000002208000001630000002c7fffffeeffffffff4e800000440
ffffffbf3ffffff00c000001038000003fd0000007f9ffffff7e7fffffe01800000206
000000000000000200000006007fffffd80000000500000000c00000000c07ffffff00
00000054a000000a60000001adffffff967000000ef200000178c000001437fffffe1c
00000022c00000097c00000429ffffff96200000076a00000148400000170fffffff1d
0000005da0000008900000006a7fffffc710000016da000000be000000068ffffffe72
0000000b20000006640000054a7fffffb0600000058a00000102000000126fffffff59
0000005f4000000940000000d2ffffffac00000013560000013a8000000daffffffe04
0000003e4000000ac0000002ddffffff8da000000ab20000017840000017c7fffffe94
000000554000000954000000707fffffdfb000001894000000158000000167ffffff59
000000038000000448000005b5ffffffc2f00000051e000000df0000000f47ffffff42
0000005b80000009d800000132ffffffa0100000113000000161c00000112ffffffe00
00000030a000000a5800000384ffffff8f90000008e400000164c0000017f7fffffedc
00000059c0000008b8000000617fffffd410000017fc0000006d8000000397fffffed9
00000015e000000824000004c3ffffffa1400000064a00000126400000151fffffff4a
0000005fc0000008c80000008fffffffb96000001544000001034000000a07fffffe2a
0000004aa000000ab80000023e7fffff901000000cbe0000017fc00000167ffffffe51
000000516000000a7000000091ffffffe92000001897ffffffba000000002fffffffe9
000000014000000328000005df7fffffcd3000000506000000cec000000d9fffffff26
000000588000000a200000016d7fffff9af0000010120000016f40000012cffffffe0b
00000029a0000009f8000003d7ffffff92500000081c0000015740000017a7fffffefe
0000005bc00000089800000062ffffffcdb00000177a0000009700000004fffffffea2
00000010200000075000000509ffffffa850000005de0000011400000013d7ffffff55
0000005fe000000900000000ad7fffffb2a00000145600000120c000000bd7fffffe13
00000044c000000ac80000028cffffff8e5000000bb20000017dc000001747fffffe71
0000005320000009d00000007effffffe4b0000018a9ffffffe7c0000000afffffff9f
00000006e00000056000000583ffffffb9400000054a000000f000000010e7ffffff52
0000005dc000000988000000feffffffa5d000001248000001504000000f7ffffffdfe
00000037a000000a9800000330ffffff8e10000009c20000016fc000001807fffffeb8
0000005760000008f8000000667fffffda200000185800000042400000025fffffff16
0000001c20000008dc00000478ffffff9b20000006ce00000137c000001637ffffff36
0000005ee0000008a4000000797fffffc0400000161c000000e2400000083ffffffe4a
0000004fe000000a94000001f37fffff92d000000dd40000017e0000001577fffffe34
000000504000000b28000000a7ffffffece00000185dffffff8cbffffffff000000034
000000006000000290000005f17fffffd29000000500000000c74000000ccfffffff15
00000056a000000a400000018cffffff989000000f82000001748000001387fffffe13
0000002640000009bc000004017fffff9410000007c000000150000000175fffffff0e
0000005cc00000089000000065ffffffca600000172e000000aac0000005bffffffe88
0000000d80000006dc0000052affffffac30000005b00000010b0000001327ffffff58
0000005fa000000920000000beffffffaf50000013d80000012e0000000cc7fffffe0a
000000418000000ac4000002b4ffffff8dd000000b300000017b800000178ffffffe83
000000542000000990000000777fffffe240000018a3fffffffec0000000ffffffff7c
0000000500000004d80000059dffffffbe0000000532000000e74000001017ffffff4b
0000005cc0000009b000000117ffffffa2e0000011bc000001598000001057fffffdfe
000000342000000a7c0000035affffff8eb0000009500000016ac000001807fffffecb
0000005880000008d400000062ffffffd7200000182e0000005800000002f7fffffef6
0000001900000008840000049effffff9e100000068a0000012f00000015b7ffffff41
0000005f60000008b400000083ffffffbcd0000015b4000000f3000000091ffffffe38
0000004d4000000aa8000002187fffff915000000d480000017f80000015fffffffe42
00000050c000000ac80000009c7fffffeb100000187fffffffa340000000080000000f
0000000240000003b8000005cbffffffc80000000510000000d6c000000e6fffffff35
0000005a20000009fc0000014f7fffff9d70000010a2000001690000001207fffffe05
0000002d2000000a2c000003ae7fffff90d00000087e0000015e40000017d7fffffeed
0000005ac0000008a8000000617fffffd0f0000017be00000082800000043ffffffebd
0000001300000007bc000004e7ffffffa4a0000006120000011d4000001487ffffff51
0000005fe0000008e00000009dffffffb600000014d0000001128000000aeffffffe1d
00000047c000000ac0000002657fffff8f1000000c360000017f40000016e7fffffe60
000000524000000a1c000000887fffffe6f0000018a5ffffffd0c00000005fffffffc4
00000008e0000005e400000567ffffffb4b000000566000000f900000011a7ffffff57
0000005e8000000964000000e7ffffffa8e0000012d000000145c000000e97fffffe00
0000003b0000000ab0000003077fffff8db000000a380000017480000017effffffea6
0000005640000009240000006a7fffffdd000000187c0000002bc0000001dfffffff37
0000001f6000000930000004517fffff98800000071a0000014000000016a7ffffff2a
0000005e400000089800000070ffffffc3b00000167e000000d08000000767fffffe5d
000000524000000a7c000001cfffffff948000000e620000017c00000014dffffffe28
000000500000000b90000000b3ffffffee8000001833ffffff763ffffffff00000005a
000000002000000248000005f97fffffd54000000500000000c38000000c6fffffff0a
00000055a000000a500000019cffffff978000000f3a00000176c0000013dffffffe18
00000024800000099c000004157fffff9510000007940000014c4000001737ffffff16
0000005d200000089000000067ffffffc8c000001704000000b48000000627fffffe7d
0000000c40000006a00000053affffffae400000059c0000010680000012cfffffff58
0000005f6000000930000000c87fffffadb000001398000001344000000d37fffffe07
000000400000000ac0000002c97fffff8db000000af00000017a00000017affffffe8c
00000054a00000097400000073ffffffe1000000189c0000000a400000012fffffff6a
000000044000000490000005aa7fffffc07000000528000000e34000000fafffffff47
0000005c40000009c4000001257fffffa170000011760000015dc0000010c7fffffdff
000000326000000a680000036fffffff8f100000091a00000167c0000017fffffffed4
0000005920000008c400000061ffffffd5a00000181600000062c000000347fffffee7
000000176000000854000004b17fffff9fa00000066a0000012a800000156fffffff45
0000005f80000008bc000000897fffffbb100000157c000000fb400000098ffffffe30
0000004c0000000ab00000022b7fffff90b000000d020000017fc00000163ffffffe49
000000510000000a9c000000977fffffea200000188dffffffaec000000017fffffffc
00000001c000000370000005d5ffffffca900000050a000000d28000000e07ffffff2e
000000594000000a0c0000015dffffff9c20000010580000016c8000001267fffffe08
0000002b6000000a10000003c37fffff91800000084c0000015b00000017bffffffef6
0000005b400000089c000000617fffffcf500000179e0000008cc00000049ffffffeaf
000000118000000788000004f8ffffffa670000005f800000118800000142fffffff53
0000005fe0000008f0000000a57fffffb4500000149400000119c000000b67fffffe18
000000464000000ac400000278ffffff8ea000000bf40000017e8000001717fffffe69
00000052a0000009f8000000837fffffe5e0000018a7ffffffdc800000007fffffffb2
00000007e0000005a0000005767fffffb6f000000558000000f48000001147ffffff55
0000005e4000000978000000f37fffffa7500000128c0000014b4000000f07fffffdff
000000396000000aa40000031c7fffff8dd0000009fc0000017240000017fffffffeb0
00000056e00000090c000000687fffffdb800000186c00000037000000021fffffff26
0000001dc000000908000004657fffff99d0000006f20000013c000000166fffffff30
0000005ea00000089c00000074ffffffc1f00000164e000000d980000007cffffffe53
000000512000000a8c000001e1ffffff93a000000e1c0000017d400000152ffffffe2e
000000502000000b5c000000adffffffedc00000184bffffff817ffffffff000000047
00000000c0000002dc000005e87fffffcfe000000502000000cb0000000d37ffffff1e
000000578000000a300000017cffffff99b000000fca000001724000001327fffffe0f
00000027e0000009dc000003ecffffff9330000007ee00000153c000001787ffffff06
0000005c400000089400000063ffffffcc1000001756000000a1000000055ffffffe95
0000000ee0000007180000051affffffaa40000005c80000010f8000001387ffffff57
0000005fc00000090c000000b5ffffffb0f000001418000001278000000c4ffffffe0e
000000432000000ac8000002a0ffffff8e1000000b700000017cc00000176ffffffe7a
00000053a0000009b00000007affffffe370000018a7fffffff340000000cfffffff8d
000000060000000518000005917fffffbba00000053e000000ebc00000107fffffff50
0000005d400000099c0000010b7fffffa45000001204000001550000000feffffffdfe
00000035e000000a8c00000345ffffff8e50000009880000016d4000001807fffffec1
0000005800000008e4000000647fffffd8a0000018440000004d00000002a7ffffff06
0000001a80000008b00000048bffffff9c90000006ac0000013380000015f7ffffff3c
0000005f20000008a80000007e7fffffbe80000015e8000000eac0000008affffffe40
0000004ea000000aa000000205ffffff921000000d8e0000017f00000015bffffffe3b
000000508000000af8000000a27fffffec0000001871ffffff97fffffffff800000021
00000002e000000404000005c17fffffc57000000518000000dac000000edfffffff3c
0000005ae0000009e800000140ffffff9eb0000010ea00000165800000119ffffffe02
0000002ee000000a4000000399ffffff9020000008b000000161c0000017e7fffffee5
0000005a40000008ac00000060ffffffd280000017de0000007800000003e7fffffeca
0000001460000007f0000004d5ffffffa2e00000062e0000012180000014d7ffffff4d
0000005fe0000008d4000000967fffffb7b00000150a0000010b0000000a77fffffe23
000000492000000abc000002517fffff8f8000000c7a0000017f80000016b7fffffe59
00000051c000000a440000008cffffffe8100000189fffffffc58000000047ffffffd6
0000000a0000000624000005597fffffb28000000578000000fd800000120fffffff58
0000005ee000000954000000dcffffffaa7000001314000001404000000e27fffffe02
0000003ca000000ab4000002f27fffff8da000000a740000017680000017dffffffe9e
00000055c00000093c0000006d7fffffde500000188800000020c00000019fffffff48
0000002100000009580000043dffffff9750000007400000014440000016d7ffffff24
0000005e00000008940000006d7fffffc560000016ac000000c740000006f7fffffe67
000000536000000a6c000001beffffff957000000eaa0000017a800000148ffffffe22
0000004fe000000bc8000000b9ffffffef400000181bffffff6afffffffff80000006d
000000000000000220000005fcffffffd6a0000004fe000000c1c000000c37ffffff06
000000552000000a58000001a57fffff970000000f1600000178000000140ffffffe1a
00000023a00000098c0000041f7fffff95a00000077e0000014a400000171fffffff19
0000005d6000000890000000697fffffc7e0000016f0000000b94000000657fffffe77
0000000bc00000068000000542ffffffaf500000059200000104400000129fffffff59
0000005f4000000938000000cd7fffffacd000001378000001374000000d77fffffe05
0000003f2000000ac0000002d3ffffff8db000000ad00000017900000017bffffffe90
00000054e00000096400000071ffffffe050000018980000000fc00000014fffffff61
00000003e00000046c000005afffffffc1b000000522000000e10000000f77ffffff45
0000005be0000009cc0000012c7fffffa0c0000011540000016000000010fffffffe00
000000318000000a600000037a7fffff8f60000009000000016640000017fffffffed8
0000005960000008c000000061ffffffd4e00000180800000068400000036ffffffee0
00000016a00000083c000004baffffffa0600000065a000001284000001547ffffff48
0000005fa0000008c40000008c7fffffba4000001560000000ff40000009cffffffe2d
0000004b6000000ab400000234ffffff906000000ce00000017fc000001667fffffe4d
000000514000000a8400000094ffffffe9a000001891ffffffb4400000001ffffffff2
00000001800000034c000005daffffffcbe00000050a000000d0c000000dd7ffffff2b
00000058e000000a14000001657fffff9b80000010360000016dc00000129ffffffe09
0000002aa000000a04000003cdffffff91e0000008340000015900000017affffffefa
0000005b8000000898000000627fffffce800000178c00000091c0000004cffffffea8
00000010e00000076c000005017fffffa760000005ea000001164000001407ffffff54
0000005fe0000008f4000000a97fffffb370000014740000011d4000000b9ffffffe15
000000458000000ac400000282ffffff8e7000000bd20000017e400000172ffffffe6d
00000052e0000009e4000000817fffffe540000018a9ffffffe20000000097ffffffa8
0000000760000005800000057cffffffb82000000550000000f2400000110fffffff54
0000005e0000000980000000f97fffffa6900000126a0000014dc000000f47fffffdff
000000388000000aa000000326ffffff8df0000009de0000017140000017fffffffeb4
00000057200000090400000066ffffffdad0000018620000003c800000023fffffff1e
0000001ce0000008f40000046effffff9a70000006e000000139c00000164fffffff33
0000005ec0000008a000000076ffffffc12000001634000000de0000000807fffffe4e
000000508000000a8c000001ea7fffff933000000df80000017dc00000154ffffffe31
000000502000000b40000000aaffffffed5000001855ffffff873ffffffff00000003e
0000000080000002b8000005ecffffffd13000000502000000c90000000d07ffffff19
000000572000000a3800000184ffffff992000000fa6000001734000001357fffffe11
0000002700000009cc000003f6ffffff93a0000007d600000151c000001777ffffff0a
0000005c800000089400000064ffffffcb4000001742000000a6000000058ffffffe8f
0000000e40000006f800000522ffffffab30000005bc0000010d4000001357ffffff58
0000005fa000000914000000ba7fffffb020000013f80000012ac000000c87fffffe0c
000000424000000ac8000002aaffffff8df000000b500000017c000000177ffffffe7e
00000053e0000009a000000078ffffffe2e0000018a5fffffff900000000e7ffffff85
0000000580000004f8000005977fffffbcd000000536000000e98000001047ffffff4d
0000005d00000009a800000111ffffffa3a0000011e000000157400000101ffffffdfe
000000350000000a84000003507fffff8e800000096c0000016c0000001807fffffec6
0000005840000008dc000000637fffffd7e00000183a0000005280000002cffffffefe
00000019c00000089c000004957fffff9d500000069a0000013140000015d7ffffff3f
0000005f40000008b000000080ffffffbdb0000015ce000000ef00000008e7fffffe3c
0000004e0000000aa40000020f7fffff91a000000d6c0000017f40000015dffffffe3e
00000050a000000ae00000009f7fffffeb9000001879ffffff9d800000000000000018
0000000280000003dc000005c67fffffc6b000000514000000d8c000000ea7ffffff39
0000005a80000009f400000147ffffff9e10000010c40000016740000011cffffffe04
0000002e0000000a38000003a47fffff9080000008960000016000000017dffffffee9
0000005a80000008ac00000060ffffffd1c0000017ce0000007d4000000417fffffec4
00000013a0000007d8000004deffffffa3c0000006200000011f80000014afffffff4f
0000005fe0000008d800000099ffffffb6d0000014ee0000010ec000000ab7fffffe20
000000488000000ac00000025b7fffff8f5000000c580000017f40000016cffffffe5d
000000520000000a300000008a7fffffe780000018a1ffffffcb4000000057ffffffcd
00000009800000060400000560ffffffb3a00000056e000000fb40000011dfffffff58
0000005ec00000095c000000e2ffffffa9a0000012f2000001430000000e5ffffffe00
0000003bc000000ab0000002fcffffff8da000000a540000017580000017e7fffffea2
0000005600000009300000006bffffffdda0000018820000002640000001bfffffff3f
00000020400000094400000447ffffff97e00000072c0000014240000016bfffffff27
0000005e20000008940000006effffffc48000001696000000cc000000072ffffffe62
00000052e000000a74000001c77fffff950000000e860000017b40000014b7fffffe24
0000004fe000000bac000000b6ffffffeee000001827ffffff70bffffffff000000064
00000000400000026c000005f4ffffffd3e000000500000000c54000000ca7ffffff10
000000562000000a4800000194ffffff981000000f5e00000175c0000013b7fffffe15
0000002540000009ac0000040b7fffff9490000007aa0000014e4000001747ffffff12
0000005d000000089000000066ffffffc9900000171a000000af80000005f7fffffe83
0000000ce0000006c000000532ffffffad40000005a600000108c0000012f7ffffff58
0000005fa000000928000000c3ffffffae80000013b8000001314000000cfffffffe09
00000040c000000ac4000002beffffff8dc000000b100000017ac00000179ffffffe87
000000546000000980000000757fffffe1a0000018a0000000048000000117ffffff73
00000004a0000004b4000005a3ffffffbf400000052c000000e54000000fdfffffff49
0000005c80000009bc0000011effffffa2300000119a0000015bc00000108ffffffdff
000000334000000a74000003657fffff8ee000000936000001694000001807fffffecf
00000058e0000008cc000000627fffffd660000018220000005d400000031ffffffeef
00000018200000086c000004a7ffffff9ed00000067a0000012cc00000158fffffff43
0000005f80000008b800000086ffffffbbf000001598000000f7400000095ffffffe35
0000004cc000000aac00000221ffffff910000000d260000017f8000001627fffffe45
00000050e000000ab000000099ffffffea9000001887ffffffa8c00000000800000005
00000001e000000394000005d0ffffffc9400000050e000000d4c000000e3fffffff32
00000059a000000a04000001567fffff9cc00000107e0000016ac000001237fffffe07
0000002c4000000a20000003b8ffffff9130000008640000015cc0000017c7fffffef2
0000005b00000008a0000000617fffffd020000017ae00000087c00000046ffffffeb6
0000001240000007a4000004f07fffffa590000006040000011ac00000145fffffff52
0000005fe0000008e8000000a1ffffffb520000014b2000001164000000b27fffffe1a
000000470000000ac40000026effffff8ee000000c160000017f00000016fffffffe65
000000528000000a0c00000085ffffffe670000018a7ffffffd68000000077ffffffbb
0000000860000005c00000056f7fffffb5d00000055e000000f6c000001177ffffff56
0000005e6000000970000000ed7fffffa820000012ae000001488000000ecffffffdff
0000003a2000000aac00000311ffffff8dc000000a1a0000017380000017f7fffffeab
00000056a000000918000000697fffffdc40000018740000003180000001ffffffff2e
0000001e800000091c0000045b7fffff9920000007060000013e000000168fffffff2e
0000005e800000089800000072ffffffc2d000001666000000d50000000797fffffe57
00000051c000000a80000001d8ffffff941000000e400000017c8000001507fffffe2a
000000500000000b78000000b0ffffffee200000183fffffff7bbfffffffe800000051
000000010000000304000005e47fffffce9000000504000000ccc000000d6fffffff22
000000580000000a2800000174ffffff9a5000000fee00000170c0000012f7fffffe0d
00000028c0000009e8000003e27fffff92b00000080400000155800000178fffffff02
0000005c000000089400000062ffffffcce0000017680000009c000000052ffffffe9c
0000000f800000073000000512ffffffa940000005d200000111c0000013afffffff56
0000005fc000000908000000b17fffffb1c000001438000001244000000c17fffffe10
00000043e000000ac800000296ffffff8e3000000b900000017d4000001757fffffe76
0000005360000009c00000007cffffffe410000018a7ffffffed80000000bfffffff96
0000000660000005400000058a7fffffba7000000542000000ee00000010afffffff51
0000005da000000994000001057fffffa51000001226000001528000000fb7fffffdfe
00000036c000000a940000033b7fffff8e30000009a60000016ec000001807fffffebd
00000057c0000008f0000000657fffffd96000001850000000478000000287ffffff0e
0000001b40000008c8000004827fffff9be0000006bc000001358000001617ffffff39
0000005f00000008a80000007bffffffbf6000001602000000e6c000000877fffffe45
0000004f4000000a98000001fcffffff926000000db20000017e800000159ffffffe37
000000506000000b10000000a4ffffffec7000001867ffffff923ffffffff00000002b
000000034000000428000005bb7fffffc4300000051a000000dcc000000f0fffffff3f
0000005b20000009e000000139ffffff9f700000110c00000163c000001167fffffe01
0000002fc000000a4c0000038f7fffff8fd0000008ca0000016340000017effffffee1
00000059e0000008b400000060ffffffd350000017ec00000072c0000003bffffffed2
000000152000000808000004ccffffffa2100000063c0000012400000014ffffffff4c
0000005fc0000008d0000000937fffffb88000001528000001074000000a47fffffe26
00000049e000000abc00000247ffffff8fd000000c9c0000017fc00000169ffffffe55
00000051a000000a580000008fffffffe8900000189bffffffbfc000000037ffffffdf
0000000a800000064000000551ffffffb17000000580000000ffc00000123fffffff59
0000005f000000094c000000d7ffffffab40000013360000013d8000000deffffffe03
0000003d8000000abc000002e87fffff8da000000a920000017780000017cffffffe99
0000005580000009480000006effffffdf000000188e0000001b000000017fffffff50
00000021e00000096800000433ffffff96b0000007560000014640000016f7ffffff20
0000005dc0000008900000006bffffffc630000016c4000000c280000006c7fffffe6c
000000540000000a68000001b5ffffff95f000000ece000001798000001467fffffe1f
0000004fe000000be0000000bd7fffffefa00000180dffffff65bffffffff800000077
00000000000000000000020000000000000ffffc0001ffff80000000100007fffe0000
0000000000000000000000000000000000000000000000000000000000000000000000
0000000000000000000000000000000000000000000000000000000000000000000000
0000000000000000000000000000000000000000000000000000000000000000000000
0000000000000000000000000000000000000000000000000000000000000000000000
0000000000000000000000000000000000000000000000000000000000000000000000
0000000000000000000000000000000000000000000000000000000000000000000000
0000000000000000000000000000000000000000000000000000000000000000000000
0000000000000000000000000000000000000000000000000000000000000000000000
0000000000000000000000000000000000000000000000000000000000000000000000
0000000000000000000000000000000000000000000000000000000000000000000000
0000000000000000000000000000000000000000000000000000000000000000000000
0000000000000000000000000000000000000000000000000000000000000000000000
0000000000000000000000000000000000000000000000000000000000000000000000
0000000000000000000000000000000000000000000000000000000000000000000000
0000000000000000000000000000000000000000000000000000000000000000000000
0000000000000000000000000000000000000000000000000000000000000000000000
0000000000000000000000000000000000000000000000000000000000000000000000
0000000000000000000000000000000000000000000000000000000000000000000000
0000000000000000000000000000000000000000000000000000000000000000000000
0000000000000000000000000000000000000000000000000000000000000000000000
0000000000000000000000000000000000000000000000000000000000000000000000
0000000000000000000000000000000000000000000000000000000000000000000000
0000000000000000000000000000000000000000000000000000000000000000000000
0000000000000000000000000000000000000000000000000000000000000000000000
0000000000000000000000000000000000000000000000000000000000000000000000
0000000000000000000000000000000000000000000000000000000000000000000000
0000000000000000000000000000000000000000000000000000000000000000000000
0000000000000000000000000000000000000000000000000000000000000000000000
0000000000000000000000000000000000000000000000000000000000000000000000
0000000000000000000000000000000000000000000000000000000000000000000000
0000000000000000000000000000000000000000000000000000000000000000000000
0000000000000000000000000000000000000000000000000000000000000000000000
0000000000000000000000000000000000000000000000000000000000000000000000
0000000000000000000000000000000000000000000000000000000000000000000000
0000000000000000000000000000000000000000000000000000000000000000000000
0000000000000000000000000000000000000000000000000000000000000000000000
0000000000000000000000000000000000000000000000000000000000000000000000
0000000000000000000000000000000000000000000000000000000000000000000000
0000000000000000000000000000000000000000000000000000000000000000000000
0000000000000000000000000000000000000000000000000000000000000000000000
0000000000000000000000000000000000000000000000000000000000000000000000
0000000000000000000000000000000000000000000000000000000000000000000000
0000000000000000000000000000000000000000000000000000000000000000000000
0000000000000000000000000000000000000000000000000000000000000000000000
0000000000000000000000000000000000000000000000000000000000000000000000
0000000000000000000000000000000000000000000000000000000000000000000000
0000000000000000000000000000000000000000000000000000000000000000000000
0000000000000000000000000000000000000000000000000000000000000000000000
0000000000000000000000000000000000000000000000000000000000000000000000
0000000000000000000000000000000000000000000000000000000000000000000000
0000000000000000000000000000000000000000000000000000000000000000000000
0000000000000000000000000000000000000000000000000000000000000000000000
0000000000000000000000000000000000000000000000000000000000000000000000
0000000000000000000000000000000000000000000000000000000000000000000000
0000000000000000000000000000000000000000000000000000000000000000000000
0000000000000000000000000000000000000000000000000000000000000000000000
0000000000000000000000000000000000000000000000000000000000000000000000
0000000000000000000000000000000000000000000000000000000000000000000000
0000000000000000000000000000000000000000000000000000000000000000000000
0000000000000000000000000000000000000000000000000000000000000000000000
0000000000000000000000000000000000000000000000000000000000000000000000
0000000000000000000000000000000000000000000000000000000000000000000000
0000000000000000000000000000000000000000000000000000000000000000000000
0000000000000000000000000000000000000000000000000000000000000000000000
0000000000000000000000000000000000000000000000000000000000000000000000
0000000000000000000000000000000000000000000000000000000000000000000000
0000000000000000000000000000000000000000000000000000000000000000000000
0000000000000000000000000000000000000000000000000000000000000000000000
0000000000000000000000000000000000000000000000000000000000000000000000
0000000000000000000000000000000000000000000000000000000000000000000000
0000000000000000000000000000000000000000000000000000000000000000000000
0000000000000000000000000000000000000000000000000000000000000000000000
0000000000000000000000000000000000000000000000000000000000000000000000
0000000000000000000000000000000000000000000000000000000000000000000000
0000000000000000000000000000000000000000000000000000000000000000000000
0000000000000000000000000000000000000000000000000000000000000000000000
0000000000000000000000000000000000000000000000000000000000000000000000
0000000000000000000000000000000000000000000000000000000000000000000000
0000000000000000000000000000000000000000000000000000000000000000000000
0000000000000000000000000000000000000000000000000000000000000000000000
0000000000000000000000000000000000000000000000000000000000000000000000
0000000000000000000000000000000000000000000000000000000000000000000000
0000000000000000000000000000000000000000000000000000000000000000000000
0000000000000000000000000000000000000000000000000000000000000000000000
0000000000000000000000000000000000000000000000000000000000000000000000
0000000000000000000000000000000000000000000000000000000000000000000000
0000000000000000000000000000000000000000000000000000000000000000000000
0000000000000000000000000000000000000000000000000000000000000000000000
0000000000000000000000000000000000000000000000000000000000000000000000
0000000000000000000000000000000000000000000000000000000000000000000000
0000000000000000000000000000000000000000000000000000000000000000000000
0000000000000000000000000000000000000000000000000000000000000000000000
0000000000000000000000000000000000000000000000000000000000000000000000
0000000000000000000000000000000000000000000000000000000000000000000000
0000000000000000000000000000000000000000000000000000000000000000000000
0000000000000000000000000000000000000000000000000000000000000000000000
0000000000000000000000000000000000000000000000000000000000000000000000
0000000000000000000000000000000000000000000000000000000000000000000000
0000000000000000000000000000000000000000000000000000000000000000000000
0000000000000000000000000000000000000000000000000000000000000000000000
0000000000000000000000000000000000000000000000000000000000000000000000
0000000000000000000000000000000000000000000000000000000000000000000000
0000000000000000000000000000000000000000000000000000000000000000000000
0000000000000000000000000000000000000000000000000000000000000000000000
0000000000000000000000000000000000000000000000000000000000000000000000
0000000000000000000000000000000000000000000000000000000000000000000000
0000000000000000000000000000000000000000000000000000000000000000000000
0000000000000000000000000000000000000000000000000000000000000000000000
0000000000000000000000000000000000000000000000000000000000000000000000
0000000000000000000000000000000000000000000000000000000000000000000000
0000000000000000000000000000000000000000000000000000000000000000000000
0000000000000000000000000000000000000000000000000000000000000000000000
0000000000000000000000000000000000000000000000000000000000000000000000
0000000000000000000000000000000000000000000000000000000000000000000000
0000000000000000000000000000000000000000000000000000000000000000000000
0000000000000000000000000000000000000000000000000000000000000000000000
0000000000000000000000000000000000000000000000000000000000000000000000
0000000000000000000000000000000000000000000000000000000000000000000000
0000000000000000000000000000000000000000000000000000000000000000000000
0000000000000000000000000000000000000000000000000000000000000000000000
0000000000000000000000000000000000000000000000000000000000000000000000
0000000000000000000000000000000000000000000000000000000000000000000000
0000000000000000000000000000000000000000000000000000000000000000000000
0000000000000000000000000000000000000000000000000000000000000000000000
0000000000000000000000000000000000000000000000000000000000000000000000
0000000000000000000000000000000000000000000000000000000000000000000000
0000000000000000000000000000000000000000000000000000000000000000000000
0000000000000000000000000000000000000000000000000000000000000000000000
0000000000000000000000000000000000000000000000000000000000000000000000
0000000000000000000000000000000000000000000000000000000000000000000000
0000000000000000000000000000000000000000000000000000000000000000000000
0000000000000000000000000000000000000000000000000000000000000000000000
0000000000000000000000000000000000000000000000000000000000000000000000
0000000000000000000000000000000000000000000000000000000000000000000000
0000000000000000000000000000000000000000000000000000000000000000000000
0000000000000000000000000000000000000000000000000000000000000000000000
0000000000000000000000000000000000000000000000000000000000000000000000
0000000000000000000000000000000000000000000000000000000000000000000000
0000000000000000000000000000000000000000000000000000000000000000000000
0000000000000000000000000000000000000000000000000000000000000000000000
0000000000000000000000000000000000000000000000000000000000000000000000
0000000000000000000000000000000000000000000000000000000000000000000000
0000000000000000000000000000000000000000000000000000000000000000000000
0000000000000000000000000000000000000000000000000000000000000000000000
0000000000000000000000000000000000000000000000000000000000000000000000
0000000000000000000000000000000000000000000000000000000000000000000000
0000000000000000000000000000000000000000000000000000000000000000000000
0000000000000000000000000000000000000000000000000000000000000000000000
0000000000000000000000000000000000000000000000000000000000000000000000
0000000000000000000000000000000000000000000000000000000000000000000000
0000000000000000000000000000000000000000000000000000000000000000000000
0000000000000000000000000000000000000000000000000000000000000000000000
0000000000000000000000000000000000000000000000000000000000000000000000
0000000000000000000000000000000000000000000000000000000000000000000000
0000000000000000000000000000000000000000000000000000000000000000000000
0000000000000000000000000000000000000000000000000000000000000000000000
0000000000000000000000000000000000000000000000000000000000000000000000
0000000000000000000000000000000000000000000000000000000000000000000000
0000000000000000000000000000000000000000000000000000000000000000000000
0000000000000000000000000000000000000000000000000000000000000000000000
0000000000000000000000000000000000000000000000000000000000000000000000
0000000000000000000000000000000000000000000000000000000000000000000000
0000000000000000000000000000000000000000000000000000000000000000000000
0000000000000000000000000000000000000000000000000000000000000000000000
0000000000000000000000000000000000000000000000000000000000000000000000
0000000000000000000000000000000000000000000000000000000000000000000000
0000000000000000000000000000000000000000000000000000000000000000000000
0000000000000000000000000000000000000000000000000000000000000000000000
0000000000000000000000000000000000000000000000000000000000000000000000
0000000000000000000000000000000000000000000000000000000000000000000000
0000000000000000000000000000000000000000000000000000000000000000000000
0000000000000000000000000000000000000000000000000000000000000000000000
0000000000000000000000000000000000000000000000000000000000000000000000
0000000000000000000000000000000000000000000000000000000000000000000000
0000000000000000000000000000000000000000000000000000000000000000000000
0000000000000000000000000000000000000000000000000000000000000000000000
0000000000000000000000000000000000000000000000000000000000000000000000
0000000000000000000000000000000000000000000000000000000000000000000000
0000000000000000000000000000000000000000000000000000000000000000000000
0000000000000000000000000000000000000000000000000000000000000000000000
0000000000000000000000000000000000000000000000000000000000000000000000
0000000000000000000000000000000000000000000000000000000000000000000000
0000000000000000000000000000000000000000000000000000000000000000000000
0000000000000000000000000000000000000000000000000000000000000000000000
0000000000000000000000000000000000000000000000000000000000000000000000
0000000000000000000000000000000000000000000000000000000000000000000000
0000000000000000000000000000000000000000000000000000000000000000000000
0000000000000000000000000000000000000000000000000000000000000000000000
0000000000000000000000000000000000000000000000000000000000000000000000
0000000000000000000000000000000000000000000000000000000000000000000000
0000000000000000000000000000000000000000000000000000000000000000000000
0000000000000000000000000000000000000000000000000000000000000000000000
0000000000000000000000000000000000000000000000000000000000000000000000
0000000000000000000000000000000000000000000000000000000000000000000000
0000000000000000000000000000000000000000000000000000000000000000000000
0000000000000000000000000000000000000000000000000000000000000000000000
0000000000000000000000000000000000000000000000000000000000000000000000
0000000000000000000000000000000000000000000000000000000000000000000000
0000000000000000000000000000000000000000000000000000000000000000000000
0000000000000000000000000000000000000000000000000000000000000000000000
0000000000000000000000000000000000000000000000000000000000000000000000
0000000000000000000000000000000000000000000000000000000000000000000000
0000000000000000000000000000000000000000000000000000000000000000000000
0000000000000000000000000000000000000000000000000000000000000000000000
0000000000000000000000000000000000000000000000000000000000000000000000
0000000000000000000000000000000000000000000000000000000000000000000000
0000000000000000000000000000000000000000000000000000000000000000000000
0000000000000000000000000000000000000000000000000000000000000000000000
0000000000000000000000000000000000000000000000000000000000000000000000
0000000000000000000000000000000000000000000000000000000000000000000000
0000000000000000000000000000000000000000000000000000000000000000000000
0000000000000000000000000000000000000000000000000000000000000000000000
0000000000000000000000000000000000000000000000000000000000000000000000
0000000000000000000000000000000000000000000000000000000000000000000000
0000000000000000000000000000000000000000000000000000000000000000000000
0000000000000000000000000000000000000000000000000000000000000000000000
0000000000000000000000000000000000000000000000000000000000000000000000
0000000000000000000000000000000000000000000000000000000000000000000000
0000000000000000000000000000000000000000000000000000000000000000000000
0000000000000000000000000000000000000000000000000000000000000000000000
0000000000000000000000000000000000000000000000000000000000000000000000
0000000000000000000000000000000000000000000000000000000000000000000000
0000000000000000000000000000000000000000000000000000000000000000000000
0000000000000000000000000000000000000000000000000000000000000000000000
0000000000000000000000000000000000000000000000000000000000000000000000
0000000000000000000000000000000000000000000000000000000000000000000000
0000000000000000000000000000000000000000000000000000000000000000000000
0000000000000000000000000000000000000000000000000000000000000000000000
0000000000000000000000000000000000000000000000000000000000000000000000
0000000000000000000000000000000000000000000000000000000000000000000000
0000000000000000000000000000000000000000000000000000000000000000000000
0000000000000000000000000000000000000000000000000000000000000000000000
0000000000000000000000000000000000000000000000000000000000000000000000
0000000000000000000000000000000000000000000000000000000000000000000000
0000000000000000000000000000000000000000000000000000000000000000000000
0000000000000000000000000000000000000000000000000000000000000000000000
0000000000000000000000000000000000000000000000000000000000000000000000
0000000000000000000000000000000000000000000000000000000000000000000000
0000000000000000000000000000000000000000000000000000000000000000000000
0000000000000000000000000000000000000000000000000000000000000000000000
0000000000000000000000000000000000000000000000000000000000000000000000
0000000000000000000000000000000000000000000000000000000000000000000000
0000000000000000000000000000000000000000000000000000000000000000000000
0000000000000000000000000000000000000000000000000000000000000000000000
0000000000000000000000000000000000000000000000000000000000000000000000
0000000000000000000000000000000000000000000000000000000000000000000000
0000000000000000000000000000000000000000000000000000000000000000000000
0000000000000000000000000000000000000000000000000000000000000000000000
0000000000000000000000000000000000000000000000000000000000000000000000
0000000000000000000000000000000000000000000000000000000000000000000000
0000000000000000000000000000000000000000000000000000000000000000000000
0000000000000000000000000000000000000000000000000000000000000000000000
0000000000000000000000000000000000000000000000000000000000000000000000
0000000000000000000000000000000000000000000000000000000000000000000000
0000000000000000000000000000000000000000000000000000000000000000000000
ffffffc01ffffff803ffffff00000000200000000000000001003fffffe00000000000
0000005a8000001b53fffffe9600000012cffffffda8000000b53fffffc967fffffd2c
00000101a000003037fffffecd00000019affffffeac000000d5bfffffd817ffffff02
0000001fc0000013fbfffffe550000000aaffffffcca000000997fffff9f97fffff7f2
00000249a000005937fffffee70000001cdfffffff46000000e93fffffdc87ffffff90
00000037a0000016f7fffffe770000000eeffffffd36000000a6ffffffbb47fffffb69
00000092e00000225ffffffeb2800000164ffffffe22000000c47fffffd217fffffe42
0000000de0000011bffffffe2e00000005bffffffc640000008cbfffff4d97ffffedb2
000004d6800000aad3fffffef38000001e7fffffff9e000000f43fffffde5fffffffcb
0000004720000018e7fffffe8700000010dffffffd6e000000adbfffffc357fffffc69
000000bf60000027effffffec0000000180ffffffe64000000ccbfffffd557fffffea9
0000001620000012cbfffffe42000000084ffffffc9600000092ffffff8427fffff484
0000016f2000003deffffffeda0000001b4ffffffef6000000deffffffda77ffffff4e
0000002aa00000155bfffffe668000000cdffffffd00000000a03fffffb02ffffffa04
00000072c000001e5bfffffea4800000148ffffffde2000000bc7fffffce37fffffdc5
0000000680000010d3fffffe1800000002fffffffc32000000867ffffeaa57ffffd94a
000009eec000014ddbfffffef98000001f3fffffffce000000f9ffffffdf37ffffffe7
000000504000001a0ffffffe8e80000011dffffffd8a000000b17fffffc68ffffffcd0
000000dcc000002b9ffffffec680000018dffffffe88000000d0ffffffd6c7fffffed7
0000001ac00000135bfffffe4b800000097ffffffcb0000000963fffff93cffffff679
000001c6a0000048d7fffffee08000001c1fffffff1e000000e3ffffffdb87ffffff70
00000030c00000161ffffffe6f0000000ddffffffd1a000000a37fffffb637fffffac6
00000081a000002037fffffeab800000157ffffffe02000000c07fffffd03ffffffe07
0000000a0000001147fffffe23000000046ffffffc4a000000897fffff171fffffe6e3
000003234000007473fffffeed0000001dafffffff72000000ee7fffffdd77ffffffae
0000003f00000017e3fffffe7f0000000feffffffd52000000aa3fffffbf9ffffffbf2
000000a700000024ebfffffeb9000000172ffffffe42000000c8bfffffd3c7fffffe78
00000011e00000123ffffffe38000000070ffffffc7e0000008fffffff6e4ffffff1c8
00000130800000361bfffffed38000001a7ffffffed0000000da3fffffd957ffffff29
0000002500000014a3fffffe5e0000000bcffffffce40000009cbfffffa8c7fffff918
00000065c000001cbbfffffe9d80000013affffffdc4000000b8bfffffcbeffffffd7c
000000032000001067fffffe0c800000018ffffffc18000000833ffffd643fffffb087
0000141ea0000293d7fffffefd0000001fafffffffe6000000fcffffffdf9ffffffff3
000000552000001aa7fffffe92800000124ffffffd98000000b33fffffc7fffffffcff
000000ee2000002dc7fffffeca000000193ffffffe9a000000d33fffffd777fffffeed
0000001d20000013abfffffe508000000a0ffffffcbe00000097ffffff9a1ffffff742
00000200c000005023fffffee38000001c7fffffff32000000e67fffffdc07ffffff80
00000034200000168bfffffe730000000e6ffffffd28000000a53fffffb8dffffffb1a
00000089e00000213ffffffeaf00000015dffffffe12000000c27fffffd137fffffe25
0000000be000001183fffffe28800000051ffffffc580000008b3fffff363fffffeac7
000003d16000008a33fffffef08000001e0fffffff88000000f13fffffddefffffffbd
000000430000001863fffffe83000000106ffffffd60000000ac3fffffc187fffffc30
000000b2800000265bfffffebc800000179ffffffe54000000cabfffffd497fffffe92
000000140000001283fffffe3d00000007affffffc8a000000917fffff7a2ffffff347
0000014d80000039b7fffffed70000001adffffffee2000000dc7fffffd9e7ffffff3b
00000027c0000014fbfffffe628000000c4ffffffcf20000009e7fffffaca7fffff994
0000006c0000001d87fffffea1000000141ffffffdd4000000babfffffcd1ffffffda2
00000004c00000109ffffffe12000000024ffffffc2400000084bffffe3d97ffffcbb3
00000689200000e12ffffffef68000001edfffffffb6000000f6ffffffdecfffffffd8
0000004ba000001977fffffe8b000000115ffffffd7c000000afbfffffc4fffffffc9f
000000cd40000029abfffffec3800000186ffffffe76000000ceffffffd617fffffec1
000000188000001313fffffe4700000008effffffca400000094bfffff8c9ffffff592
0000019700000042e3fffffedd8000001bafffffff0a000000e17fffffdb07ffffff5f
0000002da0000015b7fffffe6b0000000d5ffffffd0c000000a1bfffffb357fffffa69
00000079c000001f3ffffffea800000014fffffffdf2000000be7fffffcf3ffffffde6
00000008400000110ffffffe1d80000003bffffffc3e00000087fffffeeb9fffffe173
000002a6e0000064e7fffffeea0000001d4fffffff5c000000ebbfffffdcffffffff9f
0000003b400000176bfffffe7b0000000f6ffffffd44000000a8bfffffbd87fffffbb0
0000009c8000002393fffffeb600000016bffffffe32000000c67fffffd2f7fffffe5e
0000000fc0000011fffffffe33000000065ffffffc700000008e3fffff5fbfffffeff7
0000011780000032f7fffffed08000001a0ffffffebe000000d7ffffffd8b7ffffff16
00000022200000144bfffffe598000000b2ffffffcd80000009b3fffffa477fffff88d
0000005fc000001c03fffffe99800000133ffffffdb6000000b6ffffffcab7fffffd55
000000018000001033fffffe0600000000cffffffc0c00000081bffffad847ffff5f0a
0000287dc000051fc3fffffefe8000001fdffffffff2000000fe7fffffdfd7fffffff9
00000057c000001afbfffffe94000000128ffffffda0000000b43fffffc8b7fffffd17
000000f78000002ef7fffffecb800000197ffffffea2000000d47fffffd7bffffffef7
0000001e60000013d3fffffe528000000a5ffffffcc400000098bfffff9ce7fffff79d
00000223000000546bfffffee50000001cafffffff3c000000e7bfffffdc47ffffff88
00000035e0000016bffffffe750000000eaffffffd2e000000a5ffffffba17fffffb42
0000008e40000021cbfffffeb1000000161ffffffe1a000000c37fffffd1a7fffffe34
0000000ce0000011a3fffffe2b800000056ffffffc5e0000008bffffff42afffffec55
0000044560000098b7fffffef20000001e4fffffff92000000f2bfffffde27ffffffc4
0000004500000018a7fffffe8500000010affffffd66000000acffffffc26ffffffc4d
000000b8c00000271ffffffebe00000017cffffffe5c000000cbbfffffd4f7fffffe9e
0000001500000012a7fffffe3f80000007fffffffc90000000923fffff7f67fffff3eb
0000015da000003bbbfffffed88000001b1ffffffeec000000ddbfffffda2fffffff45
00000029400000152bfffffe648000000c9ffffffcf80000009f3fffffae77fffff9cd
0000006f4000001deffffffea2800000145ffffffddc000000bbbfffffcda7fffffdb4
00000005a0000010b7fffffe1500000002affffffc2c00000085bffffe7bbfffffd377
000007e4e000010ca7fffffef80000001f0fffffffc2000000f87fffffdf07ffffffdf
0000004de0000019bffffffe8d000000119ffffffd82000000b07fffffc5c7fffffcb8
000000d4e000002a9ffffffec5000000189ffffffe7e000000cfffffffd667fffffecc
00000019a000001337fffffe49800000092ffffffcaa000000957fffff9057fffff60a
000001ada0000045bffffffedf0000001bdfffffff14000000e2bfffffdb47ffffff67
0000002f40000015ebfffffe6d0000000d9ffffffd14000000a27fffffb4d7fffffa98
0000007da000001fb7fffffeaa000000153ffffffdfa000000bf7fffffcfc7fffffdf6
00000009400000112bfffffe20800000041ffffffc4400000088bfffff034fffffe469
000002e04000006c13fffffeeb8000001d7fffffff66000000ed3fffffdd3fffffffa7
0000003d20000017a3fffffe7d8000000faffffffd4a000000a97fffffbe97fffffbd2
000000a1800000243bfffffeb780000016effffffe3a000000c77fffffd367fffffe6a
00000010e00000121ffffffe3580000006bffffffc760000008effffff676ffffff0ec
00000123a00000347ffffffed20000001a4ffffffec6000000d8ffffffd8ffffffff1f
00000023800000147bfffffe5b8000000b7ffffffcde0000009bffffffa6a7fffff8d4
00000062e000001c5ffffffe9b800000137ffffffdbe000000b7ffffffcb57fffffd6a
00000002400000104ffffffe09800000012ffffffc12000000827ffffc8aefffff955d
00000d54000001ba87fffffefb8000001f7fffffffda000000fb7fffffdf6fffffffed
00000052c000001a5bfffffe90800000121ffffffd92000000b27fffffc74ffffffce9
000000e52000002caffffffec8000000190ffffffe90000000d23fffffd717fffffee2
0000001be000001383fffffe4e00000009cffffffcb800000096ffffff9717fffff6e1
000001e22000004c4ffffffee20000001c4fffffff28000000e53fffffdbcfffffff78
000000326000001653fffffe710000000e1ffffffd22000000a47fffffb78ffffffaf1
00000085a0000020b7fffffead00000015affffffe0a000000c17fffffd0bffffffe16
0000000b0000001163fffffe2600000004bffffffc500000008a3fffff27dfffffe8fa
000003726000007e57fffffeee8000001ddfffffff7e000000efffffffddb7ffffffb6
00000040e000001827fffffe81000000102ffffffd58000000ab3fffffc08ffffffc11
000000aca00000259bfffffebb000000175ffffffe4a000000c97fffffd42ffffffe84
00000012e000001263fffffe3b000000075ffffffc8400000090bfffff748ffffff290
0000013e80000037d3fffffed58000001aaffffffeda000000db3fffffd99fffffff32
0000002640000014cffffffe600000000c0ffffffcec0000009dbfffffaac7fffff957
00000068e000001d23fffffe9f00000013effffffdcc000000b9bfffffcc87fffffd90
00000003e000001083fffffe0f80000001effffffc1e00000083fffffde6a7ffffc0d4
00000590a00000c223fffffef50000001eafffffffaa000000f57fffffde97ffffffd2
00000049600000192ffffffe89000000111ffffffd74000000aebfffffc42ffffffc85
000000c600000028c7fffffec1800000183ffffffe6c000000cdbfffffd5b7fffffeb5
0000001740000012effffffe44800000089ffffffc9e00000093bfffff8897fffff511
00000182400000404ffffffedb8000001b7fffffff00000000e03fffffdab7ffffff56
0000002c200000158bfffffe688000000d1ffffffd06000000a0ffffffb1cffffffa38
000000762000001ecffffffea600000014cffffffdea000000bd7fffffcebffffffdd6
0000000760000010effffffe1b000000035ffffffc38000000873ffffece9fffffddd1
000002752000005eabfffffee88000001d1fffffff52000000ea7fffffdcc7ffffff97
00000039600000172ffffffe790000000f2ffffffd3c000000a7bfffffbc67fffffb8c
0000009780000022f7fffffeb4000000168ffffffe2a000000c57fffffd28ffffffe50
0000000ec0000011dffffffe30800000060ffffffc6a0000008d7fffff5737ffffeee4
0000010c200000318bfffffece80000019dffffffeb4000000d6bfffffd867ffffff0b
00000020e000001423fffffe578000000aeffffffcd20000009a7fffffa217fffff842
0000005d2000001ba7fffffe9800000012fffffffdae000000b5ffffffca0ffffffd41
00000000a00000101bfffffe03000000006ffffffc0600000080fffff5c077fffebc0e
0000513c20000a378bfffffeff0000001feffffffffa000000ff3fffffdfeffffffffd
000000590000001b27fffffe9500000012affffffda4000000b4bfffffc90ffffffd21
000000fc6000002f97fffffecc000000198ffffffea6000000d4ffffffd7effffffefc
0000001f00000013e7fffffe540000000a7ffffffcc8000000993fffff9e47fffff7c8
00000235a0000056bffffffee60000001ccfffffff42000000e87fffffdc6fffffff8c
00000036c0000016dbfffffe760000000ecffffffd32000000a67fffffbaaffffffb55
000000906000002213fffffeb1800000162ffffffe1e000000c3ffffffd1e7fffffe3b
0000000d60000011affffffe2c800000059ffffffc600000008c3fffff484fffffed09
00000489a00000a13bfffffef28000001e5fffffff9a000000f37fffffde47ffffffc8
0000004600000018c7fffffe8600000010bffffffd6a000000ad7fffffc2dffffffc5a
000000bbe000002783fffffebf00000017effffffe60000000cc3fffffd527fffffea4
00000015a0000012b7fffffe41000000081ffffffc9400000092bfffff81dffffff43a
000001662000003ccffffffed90000001b2ffffffef2000000de3fffffda57ffffff49
00000029e000001543fffffe658000000caffffffcfc0000009fbfffffaf57fffff9e9
000000710000001e27fffffea3800000147ffffffde0000000bc3fffffcdeffffffdbd
0000000600000010c7fffffe1680000002dffffffc2e00000085fffffe9497ffffd692
000008cce0000129a7fffffef90000001f2fffffffc8000000f93fffffdf1fffffffe3
0000004f00000019e7fffffe8d80000011bffffffd86000000b0ffffffc627fffffcc4
000000d8c000002b1ffffffec580000018bffffffe84000000d0bfffffd697fffffed2
0000001a200000134bfffffe4a800000095ffffffcae00000095ffffff921ffffff643
000001b9e00000473ffffffedf8000001bffffffff1a000000e37fffffdb67ffffff6c
0000002fe000001603fffffe6e0000000dbffffffd16000000a2ffffffb587fffffaaf
0000007f8000001ff7fffffeaa800000155ffffffdfe000000bfffffffd007fffffdfe
00000009a000001137fffffe22000000043ffffffc48000000893fffff0dafffffe5b4
000003008000007017fffffeec8000001d8fffffff6c000000edbfffffdd5fffffffab
0000003e00000017c7fffffe7e0000000fcffffffd4e000000a9ffffffbf17fffffbe2
000000a4600000248ffffffeb8800000170ffffffe3e000000c7ffffffd397fffffe71
00000011600000122ffffffe3700000006dffffffc7a0000008f7fffff6af7fffff15c
0000012a0000003543fffffed30000001a5ffffffecc000000d97fffffd92fffffff24
00000024400000148bfffffe5d0000000b9ffffffce20000009c7fffffa7c7fffff8f7
000000644000001c8bfffffe9c800000138ffffffdc0000000b87fffffcb9ffffffd73
00000002c00000105bfffffe0b000000016ffffffc1600000082bffffd071fffffa4e3
0000100b400002116ffffffefc0000001f8fffffffe0000000fc3fffffdf8ffffffff0
00000053e000001a83fffffe91800000122ffffffd94000000b2bfffffc7a7fffffcf4
000000e9a000002d37fffffec9000000192ffffffe94000000d2bfffffd747fffffee8
0000001c8000001397fffffe4f80000009effffffcba000000977fffff9897fffff712
000001f12000004e27fffffee30000001c5fffffff2e000000e5bfffffdbefffffff7c
00000033400000166ffffffe720000000e4ffffffd24000000a4bfffffb837fffffb06
00000087a0000020fffffffeae00000015cffffffe0e000000c1ffffffd0f7fffffe1d
0000000b8000001173fffffe2780000004effffffc540000008abfffff2f57ffffe9e9
0000039f80000083fffffffeef8000001dffffffff82000000f07fffffddcfffffffb9
000000420000001847fffffe82000000104ffffffd5c000000abbfffffc10ffffffc21
000000afa0000025f7fffffebc000000177ffffffe50000000c9ffffffd467fffffe8b
000000136000001273fffffe3c000000077ffffffc8800000090ffffff7777fffff2ee
00000145e0000038c3fffffed60000001acffffffede000000dbffffffd9c7ffffff37
0000002700000014e7fffffe610000000c2ffffffcee0000009dffffffabbffffff976
0000006a8000001d53fffffea0000000140ffffffdd0000000ba3fffffcccffffffd99
00000004600000108ffffffe10800000021ffffffc22000000847ffffe1627ffffc6c3
00000603600000d07bfffffef60000001ebfffffffb0000000f63fffffdeafffffffd5
0000004a6000001957fffffe89800000113ffffffd78000000af3fffffc48ffffffc91
000000c9a00000293bfffffec2800000184ffffffe72000000ce3fffffd5e7fffffebb
00000017e0000012fffffffe4600000008bffffffca0000000943fffff8a9ffffff552
0000018c6000004193fffffedc8000001b9fffffff04000000e0bfffffdadfffffff5a
0000002ce0000015a3fffffe6a0000000d3ffffffd0a000000a17fffffb28ffffffa51
000000780000001f07fffffea700000014effffffdee000000bdffffffcefffffffdde
00000007c0000010fffffffe1c800000038ffffffc3a000000877ffffeddd7ffffdfba
0000028d40000061abfffffee90000001d2fffffff58000000eb3fffffdce7ffffff9c
0000003a600000174bfffffe7a8000000f4ffffffd40000000a83fffffbcf7fffffb9f
0000009a2000002347fffffeb500000016affffffe2e000000c5ffffffd2bffffffe57
0000000f60000011effffffe32000000063ffffffc6e0000008dffffff5b9fffffef73
00000111c00000323ffffffecf80000019fffffffeb8000000d73fffffd88fffffff10
00000021a000001437fffffe588000000b0ffffffcd40000009abfffffa34ffffff868
0000005e6000001bd7fffffe98800000131ffffffdb2000000b67fffffca5ffffffd4b
000000010000001027fffffe04800000008ffffffc08000000813ffff925afffff28b5
00001ae8c000036d23fffffefd8000001fbfffffffec000000fdbfffffdfb7fffffff6
000000566000001ad3fffffe93800000126ffffffd9c000000b3bfffffc85ffffffd0c
000000f2c000002e5bfffffeca800000195ffffffe9e000000d3bfffffd79ffffffef2
0000001dc0000013bffffffe518000000a3ffffffcc2000000987fffff9b87fffff771
000002116000005233fffffee48000001c9fffffff38000000e6ffffffdc2fffffff84
00000034e0000016a3fffffe740000000e7ffffffd2c000000a5bfffffb97ffffffb2e
0000008c0000002187fffffeaf80000015fffffffe16000000c2ffffffd167fffffe2c
0000000c8000001193fffffe2a000000054ffffffc5a0000008b7fffff3cafffffeb94
000004084000009117fffffef10000001e2fffffff8e000000f1ffffffde0fffffffc0
000000440000001883fffffe84800000108ffffffd62000000ac7fffffc1fffffffc3e
000000b5a0000026bbfffffebd80000017affffffe58000000cb3fffffd4c7fffffe97
00000014a000001297fffffe3e80000007dffffffc8e00000091ffffff7cdffffff39b
000001556000003ab3fffffed78000001afffffffee8000000dd3fffffda0fffffff40
000000288000001513fffffe638000000c6ffffffcf60000009effffffad97fffff9b1
0000006da000001db7fffffea2000000143ffffffdd8000000bb3fffffcd67fffffdab
0000000520000010abfffffe13800000026ffffffc28000000853ffffe5f17ffffcfe2
00000727600000f4f3fffffef78000001effffffffbc000000f7bfffffdee7ffffffdc
0000004cc00000199bfffffe8b800000117ffffffd80000000b03fffffc567fffffcac
000000d10000002a23fffffec4000000188ffffffe7a000000cf7fffffd63ffffffec7
000000190000001323fffffe48000000090ffffffca800000094ffffff8e87fffff5cf
000001a2000000444ffffffede0000001bcfffffff0e000000e23fffffdb1fffffff63
0000002e80000015d3fffffe6c0000000d7ffffffd10000000a23fffffb40ffffffa81
0000007ba000001f7ffffffea9000000151ffffffdf6000000beffffffcf87fffffdee
00000008a00000111bfffffe1f00000003dffffffc40000000887ffffef807ffffe2ff
000002c2800000685bfffffeeb0000001d5fffffff62000000ec7fffffdd27ffffffa3
0000003c200000178bfffffe7c0000000f8ffffffd46000000a8ffffffbe0ffffffbc0
0000009f00000023ebfffffeb680000016dffffffe36000000c6ffffffd327fffffe64
00000010600000120ffffffe34800000068ffffffc740000008ebfffff63b7fffff076
0000011d60000033bbfffffed10000001a2ffffffec2000000d87fffffd8dfffffff1a
00000022e000001463fffffe5a8000000b5ffffffcdc0000009b7fffffa597fffff8b2
000000612000001c2ffffffe9a800000134ffffffdb8000000b77fffffcb07fffffd5f
00000001e00000103ffffffe0780000000fffffffc0e00000081fffffbdd17ffff7fa1
00000b630000017c73fffffefa8000001f5fffffffd4000000fabfffffdf57ffffffea
000000516000001a33fffffe8f80000011fffffffd8e000000b1bfffffc6f7fffffcdd
000000e0e000002c27fffffec780000018effffffe8c000000d1bfffffd6effffffedd
0000001b600000136ffffffe4d000000099ffffffcb400000096bfffff957ffffff6ae
000001d40000004a8bfffffee10000001c2fffffff22000000e4bfffffdba7ffffff74
00000031a000001637fffffe708000000e0ffffffd1e000000a3ffffffb6effffffadc
000000838000002077fffffeac800000158ffffffe06000000c0ffffffd077fffffe0e
0000000a8000001157fffffe24800000049ffffffc4e00000089ffffff1fdfffffe7fa
00000349200000792ffffffeee0000001dcfffffff78000000eeffffffdd9fffffffb2
000000400000001803fffffe80000000100ffffffd54000000aabfffffc017fffffc02
000000a9e000002543fffffeba000000174ffffffe48000000c93fffffd3fffffffe7f
000000128000001253fffffe39800000073ffffffc80000000903fffff717ffffff22f
0000013780000036f3fffffed48000001a9ffffffed4000000dabfffffd977ffffff2d
0000002580000014b7fffffe5f0000000bdffffffce80000009d3fffffa9cffffff937
000000674000001ceffffffe9e00000013cffffffdc8000000b93fffffcc37fffffd86
000000038000001077fffffe0e00000001bffffffc1c00000083bffffdacb7ffffb995
0000052d600000b5b3fffffef40000001e8fffffffa4000000f4bfffffde7fffffffcf
00000048400000190bfffffe8800000010fffffffd70000000ae3fffffc3bffffffc76
000000c2a000002857fffffec1000000181ffffffe68000000cd3fffffd587fffffeaf
00000016c0000012dbfffffe43800000086ffffffc9a000000937fffff8667fffff4cc
000001788000003f17fffffedb0000001b5ffffffefa000000dfbfffffda97ffffff52
0000002b6000001573fffffe678000000cfffffffd02000000a07fffffb0fffffffa1e
000000746000001e93fffffea580000014affffffde8000000bd3fffffce77fffffdce
0000000700000010e3fffffe19800000033ffffffc3400000086bffffebd87ffffdbaf
0000025ea000005bdbfffffee78000001cffffffff4c000000e9bfffffdca7ffffff94
000000388000001713fffffe780000000f0ffffffd3a000000a73fffffbbdffffffb7b
0000009520000022a7fffffeb3800000166ffffffe26000000c4ffffffd257fffffe49
0000000e60000011cffffffe2f00000005effffffc660000008d3fffff5287ffffee50
00000106c0000030dffffffece00000019bffffffeb0000000d63fffffd83fffffff07
00000020400000140ffffffe560000000acffffffcce00000099ffffffa0e7fffff81b
0000005bc000001b7bfffffe9700000012dffffffdaa000000b5bfffffc9b7fffffd36
00000000400000100ffffffe01800000003ffffffc02000000807fffeb90d7fffd761a
00000000000000000020000000000000000fc0000001f80000000100000007e0000000
0000000000000000000000000000000000000000000000000000000000000000000000
0000000000000000000000000000000000000000000000000000000000000000000000
0000000000000000000000000000000000000000000000000000000000000000000000
0000000000000000000000000000000000000000000000000000000000000000000000
0000000000000000000000000000000000000000000000000000000000000000000000
0000000000000000000000000000000000000000000000000000000000000000000000
0000000000000000000000000000000000000000000000000000000000000000000000
0000000000000000000000000000000000000000000000000000000000000000000000
0000000000000000000000000000000000000000000000000000000000000000000000
0000000000000000000000000000000000000000000000000000000000000000000000
0000000000000000000000000000000000000000000000000000000000000000000000
0000000000000000000000000000000000000000000000000000000000000000000000
0000000000000000000000000000000000000000000000000000000000000000000000
0000000000000000000000000000000000000000000000000000000000000000000000
0000000000000000000000000000000000000000000000000000000000000000000000
0000000000000000000000000000000000000000000000000000000000000000000000
0000000000000000000000000000000000000000000000000000000000000000000000
0000000000000000000000000000000000000000000000000000000000000000000000
0000000000000000000000000000000000000000000000000000000000000000000000
0000000000000000000000000000000000000000000000000000000000000000000000
0000000000000000000000000000000000000000000000000000000000000000000000
0000000000000000000000000000000000000000000000000000000000000000000000
0000000000000000000000000000000000000000000000000000000000000000000000
0000000000000000000000000000000000000000000000000000000000000000000000
0000000000000000000000000000000000000000000000000000000000000000000000
0000000000000000000000000000000000000000000000000000000000000000000000
0000000000000000000000000000000000000000000000000000000000000000000000
0000000000000000000000000000000000000000000000000000000000000000000000
0000000000000000000000000000000000000000000000000000000000000000000000
0000000000000000000000000000000000000000000000000000000000000000000000
0000000000000000000000000000000000000000000000000000000000000000000000
0000000000000000000000000000000000000000000000000000000000000000000000
0000000000000000000000000000000000000000000000000000000000000000000000
0000000000000000000000000000000000000000000000000000000000000000000000
0000000000000000000000000000000000000000000000000000000000000000000000
0000000000000000000000000000000000000000000000000000000000000000000000
0000000000000000000000000000000000000000000000000000000000000000000000
0000000000000000000000000000000000000000000000000000000000000000000000
0000000000000000000000000000000000000000000000000000000000000000000000
0000000000000000000000000000000000000000000000000000000000000000000000
0000000000000000000000000000000000000000000000000000000000000000000000
0000000000000000000000000000000000000000000000000000000000000000000000
0000000000000000000000000000000000000000000000000000000000000000000000
0000000000000000000000000000000000000000000000000000000000000000000000
0000000000000000000000000000000000000000000000000000000000000000000000
0000000000000000000000000000000000000000000000000000000000000000000000
0000000000000000000000000000000000000000000000000000000000000000000000
0000000000000000000000000000000000000000000000000000000000000000000000
0000000000000000000000000000000000000000000000000000000000000000000000
0000000000000000000000000000000000000000000000000000000000000000000000
0000000000000000000000000000000000000000000000000000000000000000000000
0000000000000000000000000000000000000000000000000000000000000000000000
0000000000000000000000000000000000000000000000000000000000000000000000
0000000000000000000000000000000000000000000000000000000000000000000000
0000000000000000000000000000000000000000000000000000000000000000000000
0000000000000000000000000000000000000000000000000000000000000000000000
0000000000000000000000000000000000000000000000000000000000000000000000
0000000000000000000000000000000000000000000000000000000000000000000000
0000000000000000000000000000000000000000000000000000000000000000000000
0000000000000000000000000000000000000000000000000000000000000000000000
0000000000000000000000000000000000000000000000000000000000000000000000
0000000000000000000000000000000000000000000000000000000000000000000000
0000000000000000000000000000000000000000000000000000000000000000000000
0000000000000000000000000000000000000000000000000000000000000000000000
0000000000000000000000000000000000000000000000000000000000000000000000
0000000000000000000000000000000000000000000000000000000000000000000000
0000000000000000000000000000000000000000000000000000000000000000000000
0000000000000000000000000000000000000000000000000000000000000000000000
0000000000000000000000000000000000000000000000000000000000000000000000
0000000000000000000000000000000000000000000000000000000000000000000000
0000000000000000000000000000000000000000000000000000000000000000000000
0000000000000000000000000000000000000000000000000000000000000000000000
0000000000000000000000000000000000000000000000000000000000000000000000
0000000000000000000000000000000000000000000000000000000000000000000000
0000000000000000000000000000000000000000000000000000000000000000000000
0000000000000000000000000000000000000000000000000000000000000000000000
0000000000000000000000000000000000000000000000000000000000000000000000
0000000000000000000000000000000000000000000000000000000000000000000000
0000000000000000000000000000000000000000000000000000000000000000000000
0000000000000000000000000000000000000000000000000000000000000000000000
0000000000000000000000000000000000000000000000000000000000000000000000
0000000000000000000000000000000000000000000000000000000000000000000000
0000000000000000000000000000000000000000000000000000000000000000000000
0000000000000000000000000000000000000000000000000000000000000000000000
0000000000000000000000000000000000000000000000000000000000000000000000
0000000000000000000000000000000000000000000000000000000000000000000000
0000000000000000000000000000000000000000000000000000000000000000000000
0000000000000000000000000000000000000000000000000000000000000000000000
0000000000000000000000000000000000000000000000000000000000000000000000
0000000000000000000000000000000000000000000000000000000000000000000000
0000000000000000000000000000000000000000000000000000000000000000000000
0000000000000000000000000000000000000000000000000000000000000000000000
0000000000000000000000000000000000000000000000000000000000000000000000
0000000000000000000000000000000000000000000000000000000000000000000000
0000000000000000000000000000000000000000000000000000000000000000000000
0000000000000000000000000000000000000000000000000000000000000000000000
0000000000000000000000000000000000000000000000000000000000000000000000
0000000000000000000000000000000000000000000000000000000000000000000000
0000000000000000000000000000000000000000000000000000000000000000000000
0000000000000000000000000000000000000000000000000000000000000000000000
0000000000000000000000000000000000000000000000000000000000000000000000
0000000000000000000000000000000000000000000000000000000000000000000000
0000000000000000000000000000000000000000000000000000000000000000000000
0000000000000000000000000000000000000000000000000000000000000000000000
0000000000000000000000000000000000000000000000000000000000000000000000
0000000000000000000000000000000000000000000000000000000000000000000000
0000000000000000000000000000000000000000000000000000000000000000000000
0000000000000000000000000000000000000000000000000000000000000000000000
0000000000000000000000000000000000000000000000000000000000000000000000
0000000000000000000000000000000000000000000000000000000000000000000000
0000000000000000000000000000000000000000000000000000000000000000000000
0000000000000000000000000000000000000000000000000000000000000000000000
0000000000000000000000000000000000000000000000000000000000000000000000
0000000000000000000000000000000000000000000000000000000000000000000000
0000000000000000000000000000000000000000000000000000000000000000000000
0000000000000000000000000000000000000000000000000000000000000000000000
0000000000000000000000000000000000000000000000000000000000000000000000
0000000000000000000000000000000000000000000000000000000000000000000000
0000000000000000000000000000000000000000000000000000000000000000000000
0000000000000000000000000000000000000000000000000000000000000000000000
0000000000000000000000000000000000000000000000000000000000000000000000
0000000000000000000000000000000000000000000000000000000000000000000000
0000000000000000000000000000000000000000000000000000000000000000000000
0000000000000000000000000000000000000000000000000000000000000000000000
0000000000000000000000000000000000000000000000000000000000000000000000
0000000000000000000000000000000000000000000000000000000000000000000000
0000000000000000000000000000000000000000000000000000000000000000000000
0000000000000000000000000000000000000000000000000000000000000000000000
0000000000000000000000000000000000000000000000000000000000000000000000
0000000000000000000000000000000000000000000000000000000000000000000000
0000000000000000000000000000000000000000000000000000000000000000000000
0000000000000000000000000000000000000000000000000000000000000000000000
0000000000000000000000000000000000000000000000000000000000000000000000
0000000000000000000000000000000000000000000000000000000000000000000000
0000000000000000000000000000000000000000000000000000000000000000000000
0000000000000000000000000000000000000000000000000000000000000000000000
0000000000000000000000000000000000000000000000000000000000000000000000
0000000000000000000000000000000000000000000000000000000000000000000000
0000000000000000000000000000000000000000000000000000000000000000000000
0000000000000000000000000000000000000000000000000000000000000000000000
0000000000000000000000000000000000000000000000000000000000000000000000
0000000000000000000000000000000000000000000000000000000000000000000000
0000000000000000000000000000000000000000000000000000000000000000000000
0000000000000000000000000000000000000000000000000000000000000000000000
0000000000000000000000000000000000000000000000000000000000000000000000
0000000000000000000000000000000000000000000000000000000000000000000000
0000000000000000000000000000000000000000000000000000000000000000000000
0000000000000000000000000000000000000000000000000000000000000000000000
0000000000000000000000000000000000000000000000000000000000000000000000
0000000000000000000000000000000000000000000000000000000000000000000000
0000000000000000000000000000000000000000000000000000000000000000000000
0000000000000000000000000000000000000000000000000000000000000000000000
0000000000000000000000000000000000000000000000000000000000000000000000
0000000000000000000000000000000000000000000000000000000000000000000000
0000000000000000000000000000000000000000000000000000000000000000000000
0000000000000000000000000000000000000000000000000000000000000000000000
0000000000000000000000000000000000000000000000000000000000000000000000
0000000000000000000000000000000000000000000000000000000000000000000000
0000000000000000000000000000000000000000000000000000000000000000000000
0000000000000000000000000000000000000000000000000000000000000000000000
0000000000000000000000000000000000000000000000000000000000000000000000
0000000000000000000000000000000000000000000000000000000000000000000000
0000000000000000000000000000000000000000000000000000000000000000000000
0000000000000000000000000000000000000000000000000000000000000000000000
0000000000000000000000000000000000000000000000000000000000000000000000
0000000000000000000000000000000000000000000000000000000000000000000000
0000000000000000000000000000000000000000000000000000000000000000000000
0000000000000000000000000000000000000000000000000000000000000000000000
0000000000000000000000000000000000000000000000000000000000000000000000
0000000000000000000000000000000000000000000000000000000000000000000000
0000000000000000000000000000000000000000000000000000000000000000000000
0000000000000000000000000000000000000000000000000000000000000000000000
0000000000000000000000000000000000000000000000000000000000000000000000
0000000000000000000000000000000000000000000000000000000000000000000000
0000000000000000000000000000000000000000000000000000000000000000000000
0000000000000000000000000000000000000000000000000000000000000000000000
0000000000000000000000000000000000000000000000000000000000000000000000
0000000000000000000000000000000000000000000000000000000000000000000000
0000000000000000000000000000000000000000000000000000000000000000000000
0000000000000000000000000000000000000000000000000000000000000000000000
0000000000000000000000000000000000000000000000000000000000000000000000
0000000000000000000000000000000000000000000000000000000000000000000000
0000000000000000000000000000000000000000000000000000000000000000000000
0000000000000000000000000000000000000000000000000000000000000000000000
0000000000000000000000000000000000000000000000000000000000000000000000
0000000000000000000000000000000000000000000000000000000000000000000000
0000000000000000000000000000000000000000000000000000000000000000000000
0000000000000000000000000000000000000000000000000000000000000000000000
0000000000000000000000000000000000000000000000000000000000000000000000
0000000000000000000000000000000000000000000000000000000000000000000000
0000000000000000000000000000000000000000000000000000000000000000000000
0000000000000000000000000000000000000000000000000000000000000000000000
0000000000000000000000000000000000000000000000000000000000000000000000
0000000000000000000000000000000000000000000000000000000000000000000000
0000000000000000000000000000000000000000000000000000000000000000000000
0000000000000000000000000000000000000000000000000000000000000000000000
0000000000000000000000000000000000000000000000000000000000000000000000
0000000000000000000000000000000000000000000000000000000000000000000000
0000000000000000000000000000000000000000000000000000000000000000000000
0000000000000000000000000000000000000000000000000000000000000000000000
0000000000000000000000000000000000000000000000000000000000000000000000
0000000000000000000000000000000000000000000000000000000000000000000000
0000000000000000000000000000000000000000000000000000000000000000000000
0000000000000000000000000000000000000000000000000000000000000000000000
0000000000000000000000000000000000000000000000000000000000000000000000
0000000000000000000000000000000000000000000000000000000000000000000000
0000000000000000000000000000000000000000000000000000000000000000000000
0000000000000000000000000000000000000000000000000000000000000000000000
0000000000000000000000000000000000000000000000000000000000000000000000
0000000000000000000000000000000000000000000000000000000000000000000000
0000000000000000000000000000000000000000000000000000000000000000000000
0000000000000000000000000000000000000000000000000000000000000000000000
0000000000000000000000000000000000000000000000000000000000000000000000
0000000000000000000000000000000000000000000000000000000000000000000000
0000000000000000000000000000000000000000000000000000000000000000000000
0000000000000000000000000000000000000000000000000000000000000000000000
0000000000000000000000000000000000000000000000000000000000000000000000
0000000000000000000000000000000000000000000000000000000000000000000000
0000000000000000000000000000000000000000000000000000000000000000000000
0000000000000000000000000000000000000000000000000000000000000000000000
0000000000000000000000000000000000000000000000000000000000000000000000
0000000000000000000000000000000000000000000000000000000000000000000000
0000000000000000000000000000000000000000000000000000000000000000000000
0000000000000000000000000000000000000000000000000000000000000000000000
0000000000000000000000000000000000000000000000000000000000000000000000
0000000000000000000000000000000000000000000000000000000000000000000000
0000000000000000000000000000000000000000000000000000000000000000000000
0000000000000000000000000000000000000000000000000000000000000000000000
0000000000000000000000000000000000000000000000000000000000000000000000
0000000000000000000000000000000000000000000000000000000000000000000000
0000000000000000000000000000000000000000000000000000000000000000000000
0000000000000000000000000000000000000000000000000000000000000000000000
0000000000000000000000000000000000000000000000000000000000000000000000
0000000000000000000000000000000000000000000000000000000000000000000000
0000000000000000000000000000000000000000000000000000000000000000000000
0000000000000000000000000000000000000000000000000000000000000000000000
0000000000000000000000000000000000000000000000000000000000000000000000
0000000000000000000000000000000000000000000000000000000000000000000000
0000000000000000000000000000000000000000000000000000000000000000000000
0000000000000000000000000000000000000000000000000000000000000000000000
0000000000000000000000000000000000000000000000000000000000000000000000
0000000000000000000000000000000000000000000000000000000000000000000000
0000000000000000000000000000000000000000000000000000000000000000000000
0000000000000000000000000000000000000000000000000000000000000000000000
0000000000000000000000000000000000000000000000000000000000000000000000
0000000000000000000000000000000000000000000000000000000000000000000000
0000000000000000000000000000000000000000000000000000000000000000000000
0000000000000000000000000000000000000000000000000000000000000000000000
0000000000000000000000000000000000000000000000000000000000000000000000
0000000000000000000000000000000000000000000000000000000000000000000000
0000000000000000000000000000000000000000000000000000000000000000000000
0000000000000000000000000000000000000000000000000000000000000000000000
0000000000000000000000000000000000000000000000000000000000000000000000
0000000000000000000000000000000000000000000000000000000000000000000000
0000000000000000000000000000000000000000000000000000000000000000000000
00000e141fffffb98800002ad27ffff4c0efffff51c8000014ab0000009ff7ffffd9a6
fffffa572000006c5fffffe9adffffff17d00000eb93fffff9e2ffffff395fffffb24f
fffff9ac40000018f40000109cfffff6e05ffffff0360000060f8000006c1000003151
000002d9400000c1c7ffffaa4dfffff9b36fffff58b1fffffa7780000307e800004d88
fffffdbb8000002643fffff67efffffe3e6fffffbcd1fffff9d83ffffd7f700000475e
000007087fffffe698000032a500000469a000004cea00001435c0000308d8000002f4
00000b41a000007d53ffffaf997ffff9bd6000001ee5ffffd429fffffd026fffffa433
fffff68d4000002d80000008b2800008e86000006dafffffdc74fffffd1a4800001d86
fffffde1bfffffec8bffffcd257ffffc39bfffff0cd1ffffe9c28000039147ffffea9d
ffffeae29fffff5ec00000165800000686e000007d82000011744000009dfffffff23d
fffffa04a00000536bffffdbad7ffffae2a00000d13400001900000004ece800000c2b
ffffff751fffff762400002fb10000009b2ffffff38600000881fffffff3500000193d
fffffa2e6000023a07ffffebb7fffff63a5fffffa474000002d57fffff83d000004087
0000004ce00000e0d8000020937fffffa36fffff214fffffea51c000011957ffffbe4e
000006affffffec483ffffe58ffffffaf09000008e580000049f00000277b000001cf6
0000050bc000011e1800000cbb7ffffc79a0000024f40000084d400000cc77fffff3c5
000001c640000076abfffff5498000038c30000052d1fffff8277fffff0cafffff9eeb
fffff9fba00001d70bfffff17a7ffff998afffffe605ffffe8c03ffffeafbfffffd50f
0000116900000012cfffffd8b4000005ef1000002cadffffeacc800000b71fffffb455
0000063b7ffffed70c000009c8fffffff20fffffb46ffffff3c8fffffe74d800002065
fffffb503ffffeba24000032e2fffffd319fffffc73e00001700c000005287ffffd912
00000c6c6000017ab7fffff19700000242afffff9890000013a1c00001daa00000987b
ffffff787fffff2764000006410000058b2000001f2c00001975c00000a1f800000dcb
fffff344600000e96c000001a5fffffcdfd000002098000004458000009ef800003f7c
fffff8d1dffffe4e1800005587fffffde43fffff97ddffffe6d980000036e80000083a
fffff8b09ffffe60cfffffe57dfffffe1bcfffffcdb4000002057ffffdde37ffffec4d
fffffbfc4000015b5fffffff1d0000006e6000007d05ffffdb9ac00005e79000003b90
fffff3869fffffc5e400002abbffffff7c2000003554000008cb0000009d5fffffb292
fffff5bce00001015400000194000006a14ffffff9dbfffff58e400003755800002b5a
fffff8007ffffda977ffffe7c0fffff6ff2fffffb8bc00002d378000025a68000055e9
fffffee6200001218c000004a0fffffef2fffffffb6800000d3680000279bfffff7400
fffffc948000000a8fffffc122fffffe42e00000c703fffff71d4000029777ffffd784
fffff43e5fffffe1cbffffe1177fffff25b000004c31fffff13ac00000f68800001e08
0000034bbfffffefd4000010077ffffecf4000006e61fffff87c8000038e8800004912
fffffc823fffff55b0000004be7ffffdd7a0000001e9fffffcc8800000d6e800000f2a
00000c21e000003a6000001297000009b28fffff3ede00001d287fffffa53800001852
000004fce000005a33fffff35080000317afffff6acc0000038dfffffecb980000303a
00000895ffffff0c0400001ce87ffffc44cfffffef8a0000033b4000027df7ffffda7c
fffff06c400000c1180000223d800000569fffffc093fffffe107ffffe95b7ffffe1d6
000008f0c0000102f3ffffea9500000284d0000106f20000215200000028cfffffd802
00000709600000d9f7ffffcbf08000006a800000d95bffffdba1800002087fffff6f1b
fffffe401fffff1f6c00001ce380000969cfffff9f02000012800000011de800004647
000001f6c000010ef0000000fe00000be30000000aaa00000671c00001fa88000053d5
00000d84a00002d41bffffe97bfffffbd0300000749200002ce33ffffb1c17ffffe87c
ffffed7c2000003bebffffd9ad0000031d5000007c0e00002ab93ffffe1b5fffffa4fa
000006f500000135a8000005e37ffff951f000008f2a0000108bc00001203fffffb745
00001055800001e760000034408000008c100000ca20000004693ffffed26fffff6afb
fffffc8d9fffff70f800000122fffffcb85000008d1800001809c00001b49fffff75e0
000006cebfffff0297ffffdeb17ffffdf33fffffa7920000029bffffff569800001435
000009717fffff2ddc0000052e7ffffa14effffe6b9bfffff7c2c00001c5cfffffad3d
000002a8bfffffd10fffffc3dd800005fdbfffffee5800001373ffffff81afffffbf4d
fffff3143ffffeb1bbfffff962000002c500000022cc000011593ffffcb71000006dba
fffffd40600000d25000001b697fffff921000001445fffffb78fffffd608fffffc239
0000097b800000fdec0000126600000360a00000a5ce000006f5fffffd4290000004c9
00000ae7200001e423ffffdfcdfffff6992fffffb04dfffff3b17fffff914800005cb3
00000b3aa000020cfbffffe61580000143700000eca5ffffe23d7ffffd0de7ffffd0b6
fffffb40600001ab3fffffb0387ffff7bab0000053960000123a800000ca40000062d9
fffffe3ddffffe196c000030978000035460000007d4000004af7fffff0d77ffff580a
fffff8b4c00001ea93fffffa7d7ffffdcd400000670a000008404000014808000010ba
000002509fffff195fffffd8bc7ffffcf02ffffefe40000002a0c00000426800002fb9
fffffc2ea00000a863ffffc82c8000063cafffff892bffffe5fe7ffffef880000059f2
fffffcc8dffffed24800001aa7000004241fffff9046000008bfffffff1317ffffe902
fffffb9f200001c2a8000003357ffffab30000001a94000010ddc000012b60000023bd
00000e92bffffd080fffffc8680000031c300000b789fffff8523ffffe772000007365
fffffdffa000009f9000001fbd000009d3bfffffdc4fffffec0b7fffff924fffffdad1
fffffbe56000018b2fffffcaa3800002066000001c9dffffe5d440000020680000546b
0000039ac00000994fffffcd25fffffd18dfffff218600001fbc4000005a9ffffffca6
00000126a000001f5c000002f87ffffaf67000007ed1fffff0327ffffddbf8000056fe
000001a8bffffe2c5ffffff2017ffffa5cffffff691ffffff48c3ffffdc54fffff94b6
000007217ffffec97bffffc0c9800001464fffffa4c800000195800000309000008ff2
fffff612fffffecf6000003b35fffffb284fffffac2400001be43ffffdc4680000351a
ffffff473fffff193c00001c54800006af700000caa7ffffffa5800003b30000003a0b
00000d2c600000961800001e55ffffffc90ffffff5d2000001c43ffffea82fffffa64a
fffffd08bffffe9403ffffe588800006783fffff54a40000029e7ffffe1f5fffffb3dc
00001364c00001619c000002e27ffff9993ffffee557fffff7d87ffffe35f0000036ed
fffffa80000000bdc8000003f5800005a5800000577400001a53c0000163e800001856
000007596000004eabffffddcf800005aa8ffffff05a000014223ffffdb9a800002e2e
000009a45ffffec2fbffffcb6a800000047000010c5dfffff833c000028d07ffffb8fd
fffffa74400000fd94000007c4fffffc7af0000031340000119b3fffff6f90000001b3
0000009e600001dc98000051dbfffffdc500000060b1fffffd11c0000273f800004533
ffffff606000018443ffffea06000000964fffff65e9ffffe627c000027a18000050fd
fffff350ffffff9bb000000058000006a4c000004063fffff63e7ffffe5e7000000505
0000161f5fffffaef8000039547ffff62d5fffff5909fffff80abffffd852ffffff8d4
000001dc2000023f2fffffd62c7ffff6f20fffff4781fffff36affffff4c2800004cf8
00000d6cdffffd422fffffcf8b800007873000003647ffffe29a3ffffcc987ffffdfbd
000011e1ffffffebb400001b2e000003f4100000c22fffffdca6000001159800004574
00000e330000009c1000002588fffffed8cfffff9561ffffe92f800003c74800009ef6
fffff526c00000e32bffffb551000002e09000010d1bfffff8d94000002cdffffface4
00000ba11fffff18c800001732000000245fffff809600000711800000ebd7ffffc612
fffff99c7fffffc7a000002b3bfffffd176ffffef2a1ffffec438000014557ffffeb31
fffff3f47fffff5a24000024070000041fafffffa7ddffffe97600000060c000000b62
000003494000017a7c00000fa1000001d5f0000066d5fffff2e23ffffedd3ffffffe4a
fffff925c00000478c000004698000019a800000a95bfffff42fc00002ebe7ffffc199
00000352dffffec4e00000272d800003bfcfffffc935fffffeddfffffe7d5800003ad9
0000074fbfffff06abffff95f8000001ebb0000019ee0000153e8000002f0fffffe051
000000c25fffff184c00002fb0fffffa591000003b3dffffeec6800000fa4800003f70
fffff1e140000056d8000003c180000275dfffff8019fffff53cfffffd7640000082c3
000008d9200000dd6c00001ea90000010ea0000027580000021b0000010bf00000057e
fffff413400000555000002151ffffffd85fffffda4e000008153ffffb85cfffffe528
000012fe8000013417ffffec6f800002b3bfffff7908000003a2000000dd4fffff3811
fffffd739fffffd56bffffc731fffffa757fffffef61ffffff29fffffdd2c7ffffd83f
fffff9fa800000ad7fffffdc0880000504f000008dd5fffffbab40000024f800000b38
fffffb79a00001a543ffffd95bfffff778c0000010e6000002844000025258000013bf
fffffec2bfffff1a77ffffd4db800003704fffffdcec00000e87fffffece27ffffb3fe
fffffa3e9fffffde73fffffdd18000008d0fffff93f5ffffe46b00000123780000427c
000008febfffff85abffffe132800009090000002b7bffffedc17ffffcfc2fffffc039
00000478bfffff52dc00001d48fffffe96ffffff2a5dffffe4d9bffffda1bffffff86f
fffff64e3fffff70d400000ef08000000ae00001741e00000d75c000011cd7ffffe870
0000022d600000204c00003485000000d1e0000029860000143d3ffffaf30000005142
00000211200001187fffffd6e6000006c0800000414000000dcf7ffffc6d0800003c14
fffffa19800000d59bfffff73e000004c9bfffffb49200000ca1c00000315fffffe3be
000008b05fffffb0280000170f7ffff9656000000c4a00000f3200000646280000710f
fffffe769ffffe59f800000d1780000344bfffff843600000afb3ffffcf28800003406
000017eb7ffffecca7ffffe0e0fffff493ffffffea05fffff793c0000218cfffffe84e
fffffbc9800000493c00002bdd0000019fcfffffb7e7fffff2450000010e50000000d7
000000c63fffff7717ffffeb8efffffe4e700000e671fffff47d8000057f4000001496
fffffcc42000008ab80000053cfffffd191000002d2a00000928fffffdfb780000118a
00000e88400000508400002d0780000713e0000071d5fffffc96800000aa0000001448
fffffbfadfffff48f3fffff7f2800000f3a0000003b9ffffff307ffffeb09fffff972d
fffff99bbffffee9680000139b7ffffdc5900000b66dfffff0308000018f0fffff846f
000005560000016f1800001b10000005be7fffff45620000143c3fffff451000000958
fffff6da5ffffed057ffffcc93800002accfffff6bdbfffff3faffffff6eb800009e6a
fffff0a82000016953ffffc58bfffffdaa7ffffffd0fffffede1800000f297ffffbde9
fffffafb6000002fd7ffffe4087ffffb7cafffff591a00000913fffffe0407fffffe82
00001595c00000d71400002381fffffdedb000007541fffff1e27fffffc160000014dd
0000019d400000067fffffe850000000ab4fffffce4bfffff469ffffff338000001753
00000d134000003e23ffffc060000002cddfffffebbbfffffeb87fffff83a800003ee8
fffffba2c000002f0bfffff8a7000007df6fffffbb8c00001971fffffdc068000074f3
000011303fffff88abffffd55980000347400000472a0000200280000335f7ffffe592
fffffe753fffff3abc00001690fffffe86ffffff43660000160e7ffffe3478000031b1
ffffe2a81ffffea268000024a2800000eb3000005a7fffffe904c00000c7f7ffffd502
00000121800000ae6bffffdec68000006c5fffffc4dbffffbd4fc00002ce7800001d27
fffff4637fffff267c0000386b000000a88fffff696e00000d028000020d7800000d5a
fffffbd9c000031d5800005a55800003440fffffc8affffff308bffffc6017fffff35d
fffff75e200001421bffffffe800000971cfffffb7e20000039d00000076efffffe089
fffffbc8c0000083a4000006887ffffef82ffffef4b1ffffe586800001b640000023cb
0000065780000200b400001f657ffffb4a9ffffffc83fffffb63fffffe69d7ffff73a8
fffffc2e3fffff404bffffd5f6800000155fffff62a6000002d0bffffe44f800006b7b
fffffd161fffff00bfffffe8430000018f9fffffdfa200000f317fffffcdb800004d8b
000002b81fffffb35400000b5e800003493ffffff44dffffea237ffffee01000004421
fffffed0400000853000000c74800001359fffffa3e7ffffe907fffffe0e1800005315
00000801bfffff1f2bffffde27fffffa4eb000003a2dfffff5b0bffffedffffffff71f
000003c69ffffeba2800004e9c0000060d00000095ae00001663bfffff89e000006e71
00000bcc9fffff80b8000017387ffff8a68000000c8a000026373ffffda62000003fd5
0000087600000107c3fffff21f7fffff07e00000dbd7fffff8a78000005dc7ffffb310
fffff872bfffffe654000035ab7ffffe8b2fffffaa6200000f7e4000018b980000b60d
000000e520000196ffffffe4217ffffba720000064edfffffa7340000298ffffffc697
fffff8b0200000dcb800001e2c800010c01fffff15aa00001c7c400000b26000006c2d
fffff71440000162cbfffff62c800000fa2fffffe003ffffe0a00000041ef000003bb4
00000711dffffe0937ffffd6f9fffffca65fffffe24dffffdb60c00000adc7ffff727c
fffff4029ffffffacffffff3cb7ffffcb7afffff0b47fffff54a400000da1ffffff60c
0000056d9ffffedf0ffffffb3f8000039abfffffcbc2000028d100000274b000002112
00000069400000f027fffff7dd00000234600000c22200000c3c3ffffdcd8ffffffb19
00000080600000c9d7ffffe98a000005a9dfffffa1dc00000b37800001ab68000001c9
00001237000000bbac000000e3fffffc67900000c7edffffee714000040620000028ef
000007e0000001159ffffff2377ffff4c87fffff7cac000012f43ffffdc69800000a04
fffff3cba000003d8fffffd6ac8000023b6fffffc692000006d97ffffca6efffffd144
fffff9cb400000042fffffe86dfffff6951fffff3ae000001db07fffffae0000002168
fffff0d27ffffeaab800001205000008834fffff7c4bfffff810400000a3a800000d7f
0000054aa000011df7fffff7e47ffffc48e0000041a5ffffebb5bffffff6cfffffc191
fffffc732000003f04000009a60000007bffffffe2e80000117780000178b80000a875
ffffeda27fffff2e0c000036ba00000b7e900000bc8a000000db400002471000006a18
fffff00abffffff0e400001cdc00000887afffffaa9200000265000000b6b8000023e5
000004f5e00000feec00000e7c7ffffeef200000008c000001694000030cf0000010af
000000439fffffaef7ffffa9710000011fb00001398e0000022effffffba5000001c47
000000315fffff7203ffffecf8fffffbf35fffff4d9fffffff6e7ffffa9bd7ffffa34c
fffffd51c0000158d7ffffde138000025effffffe7e5fffffcbcbffffdbf200000020d
ffffffa6dffffdee9fffffbe8cfffff86fc0000040b6000016f4000001f3f000000599
00000657a000007b18000002fbfffffc452fffffe57c000000dfc0000158bfffffaf58
0000166b400002a7c0000004837ffff9b6c000014708000003dcc00001b79000002d91
0000100260000097b3ffffe9870000035a4fffff3b860000063dfffffbbdcfffff257d
00000206e00000e107ffffe9d5fffff7f00fffff59b000003841c00000147800004797
fffffe22c00000f4d8000009ad000005b7700000486400000a7a400000bd18000067c0
00000d2d1fffff9abfffffbcd800000202400000ed4600000c193ffffbfd9800008769
0000079ec000003b740000059c7ffffdb9d000002113ffffec5600000228d7ffffa1f0
fffff3090000009db0000034d5fffffbc12fffffbb01ffffeee5bffffe472ffffffb7f
ffffef3460000221fc00002599800001906000009483fffff9028000027b7000002011
fffffea3e0000115bfffffdd127ffffe77a00000162200000681400001558fffffb768
fffffbfddfffff0dcc00001a280000055f3fffff2873ffffd6d5fffffe816800000a50
fffff9e6e000019b6c000001e8000004b2800000ce17ffffec6a000004dd7800005470
0000070ddfffffeef0000009697ffff6e02fffffc13ffffffbcabfffffd370000011bf
fffff7bc7fffffe28400000ffb800005755000008f87ffffff047ffffefb37ffffc919
0000033abffffdd8e800002ab480000549200000001bfffff411c00003a39fffffcb4f
fffff95d9ffffffa20000035270000028b1000001237fffff4880000008a90000026ab
00000502000000d3c000000a217ffffbd6cfffffd214000005ba3fffffd058000000b3
fffffcc09fffffa22c00001c8d7ffff8702fffff39ddfffff7003fffffd3cffffff6ac
00000f87a000014d8bffffe5b0fffffaddcfffff4219fffff002000000b4afffffd26d
fffff3efdffffe4d9c00001514fffffb3a8fffffaf13ffffefdc3ffffd91dfffffc7e3
ffffff28fffffee1640000062c80000d7e7000002b9ffffffd2dc000008d20000039ce
00000ad8200000aa6bffffe14d8000011b10000040f1fffffeab3ffffc4bd000008213
000002ffa00000ddcfffffffea000005aae0000066fe000009d600000002d000002db5
00000505400000dea400002677000005ac0000002c27ffffea2c4000008517ffffeb9d
00000137dfffff3607ffffdeb08000022ec00000b85bffffedc4800004a2c000007350
000003e4e00000f53000001e3080000309afffffdcc5fffff54fc00003d0e7fffff3e4
fffffa44ffffffcbf000005b86000001239fffff295fffffe3a14000038a6fffffc5fb
fffffa022000004e3c00003a6c7fffff522000006ee20000155a400003ac7fffffdcd9
000006fda000004d63fffff943000001430fffffe28a00000e893ffffdd650000078c7
fffffe14dfffffeb77fffff535fffffed7d000002c08000029d54000050fb000000539
fffffd5edffffff89000001f6900000467d000008109ffffe5c14000021b200000258d
000007b57fffff9bdc00006781000005a6b00000ac01ffffda88fffffea18800002cc4
fffffb400000003a1bfffff3e30000008dbfffff32cc00002435800004f7bfffffd04f
fffff954dfffffe39c00001ad5800004327000002f33fffffea9400000c86000002395
000000225fffffd87000003f317fffff6f800000708dffffeda08000005037ffff6129
ffffead97ffffdf9f7ffffd87a800003e9bfffffbde80000121dbffffbff37ffffe324
fffff1587ffffef7abffffb109800000fc5fffff7c95fffff718fffffd8b07ffff9231
fffff8aebfffffd15bffffece9fffffb830000006da6000021ddfffffcb3f800003078
000000d37ffffeebf3ffffeda5fffff9cf600000a97e0000106c40000435b800000b23
00000b117fffffd604000007ac00000068e000005b7ffffffcabbffffff35ffffff423
ffffeb450000006823fffff831000003e07000004f7bffffec173ffffe3d48000010e4
000001b45ffffe5494000042218000005f8ffffff857fffff94bfffffee908000005a1
00000b006000026fb3fffff2af000001c5a000006293ffffe42a0000009db8000030c7
fffffe13dffffd98b000000897fffffbc9efffffc59a0000082cfffffa2b6800009531
fffffccc3fffff3f43ffffece17ffffcbb4fffffbf47fffff4a8bffffb76b800002a7e
fffff52effffffbacfffffb935000000b9bfffff7337fffffa173ffffedc78000089a2
ffffe7e0a000018890000036587ffff6f1dfffff316fffffffed3ffffdc22fffffae5c
fffffccf200000ab60000016d5fffffaac500000a4fa000003a7400001c577ffffbb27
fffffa401ffffef51000004b557ffffcf81ffffff4b1fffff380fffffda73fffffd8e6
ffffeeda8000008daffffff66300000db17fffff8c99fffff9b97ffffe784800002971
fffff72a000000fde7ffff9e947ffffb131fffff1e47fffff83e3ffffdfe77ffffe437
000005fc7ffffff507ffffd444000002cc2fffff7dfa00000edabfffff9f4800005e46
0000041fc0000072cc00002e5bfffff9d65fffffa035ffffeffdbffffe2590000047b5
fffff9d7c0000032c4000005b47fffff46dfffffed4e000009b17ffffd2ce000006b47
000002eb000000f4e3ffffef1d800003051fffffb0edfffff24700000038b800009670
00000731e0000080abffffdcb58000015e0fffff797bfffff0c48000006b57fffffd4d
fffffbe3dfffffc3ffffffe702fffff5688fffff7a85ffffe5c980000054f800001ecf
00000f827ffffe76a40000282c000000cd200000b58c00000607bffffe24a00000aab2
0000020140000093e8000024c77ffffda72fffffe7540000155c000003da1800000b6e
000001529ffffd2a67fffff8b3fffffed7efffff639e000002678000046277fffffc41
fffffd82e00001c3f000000eadfffffd2cf00000b555ffffdd683fffff930ffffffe88
00000cf1c000022ddbffffec16fffffefd6ffffef169ffffff29bffffd619fffffb839
fffff6eb2000007518000030d480000589fffffec6edffffe4afbffffda157fffff347
fffffff0400002623bffffdb15ffffffa35000002b2400000d13bfffffb19000007be1
0000072ee00000688400001f057ffffdfa3000000351ffffd2bd800001c8d800007fcb
000009f69ffffe3c47ffffbf48fffffffbafffffd2f60000094e7fffff1f9000008603
00000a10c00001a567ffffdbc4fffffa53d0000030d5fffff6713ffffef63fffffede9
fffff8263ffffec4e800000c9affffff7f8000006effffffe587800001fd8fffff8e57
000000e04000007f0800001133800000850fffff09d9ffffff17bffffc548fffffb83a
000000393ffffe78f3ffffe46d7ffff7110000000b13ffffee7f000000d6ffffffb83d
ffffe3fa60000005dfffffe03f7ffffb739000009cbdfffffe08fffffed8000000478f
fffffb9da00001972ffffffbc980000795e00000ecd6000003523fffff664fffff6374
fffff5392000003fc800001680000002b13000009465ffffed10000001f0e7ffff88aa
fffffee5200000d593ffffdd00000001493fffffc43c000017697ffffed44800005cc7
000017fcffffff60680000147efffffb4e4fffff9647fffff029000001ccd7ffffb8b8
000000f65fffff3837fffffc0b80000203e00001009800000df6000000edd000002b6d
00000c48bfffff6b0bffffff96ffffffab7fffffe2dc000016610000007c0fffff5e80
fffff4f9fffffdce23fffff738800002b21fffffadf1ffffd905bffffbf0c7ffff6164
fffff54d4000013b70000015cffffffb40800000af23fffffcedc00001b010000076d6
00000ab99ffffe356000001cd30000038b600000ea4ffffff0c0000003ba300000160c
fffff986c000000107ffffdc5f8000027ec0000055d000000b967ffffda6f000001f0a
fffff4ab3ffffea447ffffd1b6fffffd89a000004e2e000003007ffffb665ffffff565
fffff84f0000005aebffffece700000c5780000057ec0000030c800003a60000001218
000007bd7ffffeaecbfffff8e97fffff5f400000c284000002d7c000006d37fffff38a
fffff11edffffef11800001ecb000003bd600000959200000d833fffff49e0000096f3
000005fca000008dabffffd2667ffffd6c9ffffeff7ffffff8d840000032c0000074d3
fffff37affffffbb1800001b37ffffff458ffffec7fbffffd47e000000b91fffffc96b
000001cc5ffffeda940000090d80000391ffffff9317ffffeed7c00001630800000776
