0000000000000000000000000000000000000000000000000000000000000000000000
0000000000000000000000000000000000000000000000000000000000000000000000
0000000000000000000000000000000000000000000000000000000000000000000000
0000000000000000000000000000000000000000000000000000000000000000000000
0000000000000000000000000000000000000000000000000000000000000000000000
0000000000000000000000000000000000000000000000000000000000000000000000
0000000000000000000000000000000000000000000000000000000000000000000000
0000000000000000000000000000000000000000000000000000000000000000000000
0000000000000000000000000000000000000000000000000000000000000000000000
0000000000000000000000000000000000000000000000000000000000000000000000
0000000000000000000000000000000000000000000000000000000000000000000000
0000000000000000000000000000000000000000000000000000000000000000000000
0000000000000000000000000000000000000000000000000000000000000000000000
0000000000000000000000000000000000000000000000000000000000000000000000
0000000000000000000000000000000000000000000000000000000000000000000000
0000000000000000000000000000000000000000000000000000000000000000000000
0000000000000000000000000000000000000000000000000000000000000000000000
0000000000000000000000000000000000000000000000000000000000000000000000
0000000000000000000000000000000000000000000000000000000000000000000000
0000000000000000000000000000000000000000000000000000000000000000000000
0000000000000000000000000000000000000000000000000000000000000000000000
0000000000000000000000000000000000000000000000000000000000000000000000
0000000000000000000000000000000000000000000000000000000000000000000000
0000000000000000000000000000000000000000000000000000000000000000000000
0000000000000000000000000000000000000000000000000000000000000000000000
0000000000000000000000000000000000000000000000000000000000000000000000
0000000000000000000000000000000000000000000000000000000000000000000000
0000000000000000000000000000000000000000000000000000000000000000000000
0000000000000000000000000000000000000000000000000000000000000000000000
0000000000000000000000000000000000000000000000000000000000000000000000
0000000000000000000000000000000000000000000000000000000000000000000000
0000000000000000000000000000000000000000000000000000000000000000000000
0000000000000000000000000000000000000000000000000000000000000000000000
0000000000000000000000000000000000000000000000000000000000000000000000
0000000000000000000000000000000000000000000000000000000000000000000000
0000000000000000000000000000000000000000000000000000000000000000000000
0000000000000000000000000000000000000000000000000000000000000000000000
0000000000000000000000000000000000000000000000000000000000000000000000
0000000000000000000000000000000000000000000000000000000000000000000000
0000000000000000000000000000000000000000000000000000000000000000000000
0000000000000000000000000000000000000000000000000000000000000000000000
0000000000000000000000000000000000000000000000000000000000000000000000
0000000000000000000000000000000000000000000000000000000000000000000000
0000000000000000000000000000000000000000000000000000000000000000000000
0000000000000000000000000000000000000000000000000000000000000000000000
0000000000000000000000000000000000000000000000000000000000000000000000
0000000000000000000000000000000000000000000000000000000000000000000000
0000000000000000000000000000000000000000000000000000000000000000000000
0000000000000000000000000000000000000000000000000000000000000000000000
0000000000000000000000000000000000000000000000000000000000000000000000
0000000000000000000000000000000000000000000000000000000000000000000000
0000000000000000000000000000000000000000000000000000000000000000000000
0000000000000000000000000000000000000000000000000000000000000000000000
0000000000000000000000000000000000000000000000000000000000000000000000
0000000000000000000000000000000000000000000000000000000000000000000000
0000000000000000000000000000000000000000000000000000000000000000000000
0000000000000000000000000000000000000000000000000000000000000000000000
0000000000000000000000000000000000000000000000000000000000000000000000
0000000000000000000000000000000000000000000000000000000000000000000000
0000000000000000000000000000000000000000000000000000000000000000000000
0000000000000000000000000000000000000000000000000000000000000000000000
0000000000000000000000000000000000000000000000000000000000000000000000
0000000000000000000000000000000000000000000000000000000000000000000000
0000000000000000000000000000000000000000000000000000000000000000000000
0000000000000000000000000000000000000000000000000000000000000000000000
0000000000000000000000000000000000000000000000000000000000000000000000
0000000000000000000000000000000000000000000000000000000000000000000000
0000000000000000000000000000000000000000000000000000000000000000000000
0000000000000000000000000000000000000000000000000000000000000000000000
0000000000000000000000000000000000000000000000000000000000000000000000
0000000000000000000000000000000000000000000000000000000000000000000000
0000000000000000000000000000000000000000000000000000000000000000000000
0000000000000000000000000000000000000000000000000000000000000000000000
0000000000000000000000000000000000000000000000000000000000000000000000
0000000000000000000000000000000000000000000000000000000000000000000000
0000000000000000000000000000000000000000000000000000000000000000000000
0000000000000000000000000000000000000000000000000000000000000000000000
0000000000000000000000000000000000000000000000000000000000000000000000
0000000000000000000000000000000000000000000000000000000000000000000000
0000000000000000000000000000000000000000000000000000000000000000000000
0000000000000000000000000000000000000000000000000000000000000000000000
0000000000000000000000000000000000000000000000000000000000000000000000
0000000000000000000000000000000000000000000000000000000000000000000000
0000000000000000000000000000000000000000000000000000000000000000000000
0000000000000000000000000000000000000000000000000000000000000000000000
0000000000000000000000000000000000000000000000000000000000000000000000
0000000000000000000000000000000000000000000000000000000000000000000000
0000000000000000000000000000000000000000000000000000000000000000000000
0000000000000000000000000000000000000000000000000000000000000000000000
0000000000000000000000000000000000000000000000000000000000000000000000
0000000000000000000000000000000000000000000000000000000000000000000000
0000000000000000000000000000000000000000000000000000000000000000000000
0000000000000000000000000000000000000000000000000000000000000000000000
0000000000000000000000000000000000000000000000000000000000000000000000
0000000000000000000000000000000000000000000000000000000000000000000000
0000000000000000000000000000000000000000000000000000000000000000000000
0000000000000000000000000000000000000000000000000000000000000000000000
0000000000000000000000000000000000000000000000000000000000000000000000
0000000000000000000000000000000000000000000000000000000000000000000000
0000000000000000000000000000000000000000000000000000000000000000000000
0000000000000000000000000000000000000000000000000000000000000000000000
0000000000000000000000000000000000000000000000000000000000000000000000
0000000000000000000000000000000000000000000000000000000000000000000000
0000000000000000000000000000000000000000000000000000000000000000000000
0000000000000000000000000000000000000000000000000000000000000000000000
0000000000000000000000000000000000000000000000000000000000000000000000
0000000000000000000000000000000000000000000000000000000000000000000000
0000000000000000000000000000000000000000000000000000000000000000000000
0000000000000000000000000000000000000000000000000000000000000000000000
0000000000000000000000000000000000000000000000000000000000000000000000
0000000000000000000000000000000000000000000000000000000000000000000000
0000000000000000000000000000000000000000000000000000000000000000000000
0000000000000000000000000000000000000000000000000000000000000000000000
0000000000000000000000000000000000000000000000000000000000000000000000
0000000000000000000000000000000000000000000000000000000000000000000000
0000000000000000000000000000000000000000000000000000000000000000000000
0000000000000000000000000000000000000000000000000000000000000000000000
0000000000000000000000000000000000000000000000000000000000000000000000
0000000000000000000000000000000000000000000000000000000000000000000000
0000000000000000000000000000000000000000000000000000000000000000000000
0000000000000000000000000000000000000000000000000000000000000000000000
0000000000000000000000000000000000000000000000000000000000000000000000
0000000000000000000000000000000000000000000000000000000000000000000000
0000000000000000000000000000000000000000000000000000000000000000000000
0000000000000000000000000000000000000000000000000000000000000000000000
0000000000000000000000000000000000000000000000000000000000000000000000
0000000000000000000000000000000000000000000000000000000000000000000000
0000000000000000000000000000000000000000000000000000000000000000000000
0000000000000000000000000000000000000000000000000000000000000000000000
0000000000000000000000000000000000000000000000000000000000000000000000
0000000000000000000000000000000000000000000000000000000000000000000000
0000000000000000000000000000000000000000000000000000000000000000000000
0000000000000000000000000000000000000000000000000000000000000000000000
0000000000000000000000000000000000000000000000000000000000000000000000
0000000000000000000000000000000000000000000000000000000000000000000000
0000000000000000000000000000000000000000000000000000000000000000000000
0000000000000000000000000000000000000000000000000000000000000000000000
0000000000000000000000000000000000000000000000000000000000000000000000
0000000000000000000000000000000000000000000000000000000000000000000000
0000000000000000000000000000000000000000000000000000000000000000000000
0000000000000000000000000000000000000000000000000000000000000000000000
0000000000000000000000000000000000000000000000000000000000000000000000
0000000000000000000000000000000000000000000000000000000000000000000000
0000000000000000000000000000000000000000000000000000000000000000000000
0000000000000000000000000000000000000000000000000000000000000000000000
0000000000000000000000000000000000000000000000000000000000000000000000
0000000000000000000000000000000000000000000000000000000000000000000000
0000000000000000000000000000000000000000000000000000000000000000000000
0000000000000000000000000000000000000000000000000000000000000000000000
0000000000000000000000000000000000000000000000000000000000000000000000
0000000000000000000000000000000000000000000000000000000000000000000000
0000000000000000000000000000000000000000000000000000000000000000000000
0000000000000000000000000000000000000000000000000000000000000000000000
0000000000000000000000000000000000000000000000000000000000000000000000
0000000000000000000000000000000000000000000000000000000000000000000000
0000000000000000000000000000000000000000000000000000000000000000000000
0000000000000000000000000000000000000000000000000000000000000000000000
0000000000000000000000000000000000000000000000000000000000000000000000
0000000000000000000000000000000000000000000000000000000000000000000000
0000000000000000000000000000000000000000000000000000000000000000000000
0000000000000000000000000000000000000000000000000000000000000000000000
0000000000000000000000000000000000000000000000000000000000000000000000
0000000000000000000000000000000000000000000000000000000000000000000000
0000000000000000000000000000000000000000000000000000000000000000000000
0000000000000000000000000000000000000000000000000000000000000000000000
0000000000000000000000000000000000000000000000000000000000000000000000
0000000000000000000000000000000000000000000000000000000000000000000000
0000000000000000000000000000000000000000000000000000000000000000000000
0000000000000000000000000000000000000000000000000000000000000000000000
0000000000000000000000000000000000000000000000000000000000000000000000
0000000000000000000000000000000000000000000000000000000000000000000000
0000000000000000000000000000000000000000000000000000000000000000000000
0000000000000000000000000000000000000000000000000000000000000000000000
0000000000000000000000000000000000000000000000000000000000000000000000
0000000000000000000000000000000000000000000000000000000000000000000000
0000000000000000000000000000000000000000000000000000000000000000000000
0000000000000000000000000000000000000000000000000000000000000000000000
0000000000000000000000000000000000000000000000000000000000000000000000
0000000000000000000000000000000000000000000000000000000000000000000000
0000000000000000000000000000000000000000000000000000000000000000000000
0000000000000000000000000000000000000000000000000000000000000000000000
0000000000000000000000000000000000000000000000000000000000000000000000
0000000000000000000000000000000000000000000000000000000000000000000000
0000000000000000000000000000000000000000000000000000000000000000000000
0000000000000000000000000000000000000000000000000000000000000000000000
0000000000000000000000000000000000000000000000000000000000000000000000
0000000000000000000000000000000000000000000000000000000000000000000000
0000000000000000000000000000000000000000000000000000000000000000000000
0000000000000000000000000000000000000000000000000000000000000000000000
0000000000000000000000000000000000000000000000000000000000000000000000
0000000000000000000000000000000000000000000000000000000000000000000000
0000000000000000000000000000000000000000000000000000000000000000000000
0000000000000000000000000000000000000000000000000000000000000000000000
0000000000000000000000000000000000000000000000000000000000000000000000
0000000000000000000000000000000000000000000000000000000000000000000000
0000000000000000000000000000000000000000000000000000000000000000000000
0000000000000000000000000000000000000000000000000000000000000000000000
0000000000000000000000000000000000000000000000000000000000000000000000
0000000000000000000000000000000000000000000000000000000000000000000000
0000000000000000000000000000000000000000000000000000000000000000000000
0000000000000000000000000000000000000000000000000000000000000000000000
0000000000000000000000000000000000000000000000000000000000000000000000
0000000000000000000000000000000000000000000000000000000000000000000000
0000000000000000000000000000000000000000000000000000000000000000000000
0000000000000000000000000000000000000000000000000000000000000000000000
0000000000000000000000000000000000000000000000000000000000000000000000
0000000000000000000000000000000000000000000000000000000000000000000000
0000000000000000000000000000000000000000000000000000000000000000000000
0000000000000000000000000000000000000000000000000000000000000000000000
0000000000000000000000000000000000000000000000000000000000000000000000
0000000000000000000000000000000000000000000000000000000000000000000000
0000000000000000000000000000000000000000000000000000000000000000000000
0000000000000000000000000000000000000000000000000000000000000000000000
0000000000000000000000000000000000000000000000000000000000000000000000
0000000000000000000000000000000000000000000000000000000000000000000000
0000000000000000000000000000000000000000000000000000000000000000000000
0000000000000000000000000000000000000000000000000000000000000000000000
0000000000000000000000000000000000000000000000000000000000000000000000
0000000000000000000000000000000000000000000000000000000000000000000000
0000000000000000000000000000000000000000000000000000000000000000000000
0000000000000000000000000000000000000000000000000000000000000000000000
0000000000000000000000000000000000000000000000000000000000000000000000
0000000000000000000000000000000000000000000000000000000000000000000000
0000000000000000000000000000000000000000000000000000000000000000000000
0000000000000000000000000000000000000000000000000000000000000000000000
0000000000000000000000000000000000000000000000000000000000000000000000
0000000000000000000000000000000000000000000000000000000000000000000000
0000000000000000000000000000000000000000000000000000000000000000000000
0000000000000000000000000000000000000000000000000000000000000000000000
0000000000000000000000000000000000000000000000000000000000000000000000
0000000000000000000000000000000000000000000000000000000000000000000000
0000000000000000000000000000000000000000000000000000000000000000000000
0000000000000000000000000000000000000000000000000000000000000000000000
0000000000000000000000000000000000000000000000000000000000000000000000
0000000000000000000000000000000000000000000000000000000000000000000000
0000000000000000000000000000000000000000000000000000000000000000000000
0000000000000000000000000000000000000000000000000000000000000000000000
0000000000000000000000000000000000000000000000000000000000000000000000
0000000000000000000000000000000000000000000000000000000000000000000000
0000000000000000000000000000000000000000000000000000000000000000000000
0000000000000000000000000000000000000000000000000000000000000000000000
0000000000000000000000000000000000000000000000000000000000000000000000
0000000000000000000000000000000000000000000000000000000000000000000000
0000000000000000000000000000000000000000000000000000000000000000000000
0000000000000000000000000000000000000000000000000000000000000000000000
0000000000000000000000000000000000000000000000000000000000000000000000
0000000000000000000000000000000000000000000000000000000000000000000000
0000000000000000000000000000000000000000000000000000000000000000000000
0000000000000000000000000000000000000000000000000000000000000000000000
0000000000000000000000000000000000000000000000000000000000000000000000
0000000000000000000000000000000000000000000000000000000000000000000000
0000000000000000000000000000000000000000000000000000000000000000000000
0000000000000000000000000000000000000000000000000000000000000000000000
0000000000000000000000000000000000000000000000000000000000000000000000
0000000000000000000000000000000000000000000000000000000000000000000000
0000000000000000000000000000000000000000000000000000000000000000000000
000200001fffe000000000000000000000000000000000000000000000000000000000
0000000000000000000000000000000000000000000000000000000000000000000000
0000000000000000000000000000000000000000000000000000000000000000000000
0000000000000000000000000000000000000000000000000000000000000000000000
0000000000000000000000000000000000000000000000000000000000000000000000
0000000000000000000000000000000000000000000000000000000000000000000000
0000000000000000000000000000000000000000000000000000000000000000000000
0000000000000000000000000000000000000000000000000000000000000000000000
0000000000000000000000000000000000000000000000000000000000000000000000
0000000000000000000000000000000000000000000000000000000000000000000000
0000000000000000000000000000000000000000000000000000000000000000000000
0000000000000000000000000000000000000000000000000000000000000000000000
0000000000000000000000000000000000000000000000000000000000000000000000
0000000000000000000000000000000000000000000000000000000000000000000000
0000000000000000000000000000000000000000000000000000000000000000000000
0000000000000000000000000000000000000000000000000000000000000000000000
0000000000000000000000000000000000000000000000000000000000000000000000
0000000000000000000000000000000000000000000000000000000000000000000000
0000000000000000000000000000000000000000000000000000000000000000000000
0000000000000000000000000000000000000000000000000000000000000000000000
0000000000000000000000000000000000000000000000000000000000000000000000
0000000000000000000000000000000000000000000000000000000000000000000000
0000000000000000000000000000000000000000000000000000000000000000000000
0000000000000000000000000000000000000000000000000000000000000000000000
0000000000000000000000000000000000000000000000000000000000000000000000
0000000000000000000000000000000000000000000000000000000000000000000000
0000000000000000000000000000000000000000000000000000000000000000000000
0000000000000000000000000000000000000000000000000000000000000000000000
0000000000000000000000000000000000000000000000000000000000000000000000
0000000000000000000000000000000000000000000000000000000000000000000000
0000000000000000000000000000000000000000000000000000000000000000000000
0000000000000000000000000000000000000000000000000000000000000000000000
0000000000000000000000000000000000000000000000000000000000000000000000
0000000000000000000000000000000000000000000000000000000000000000000000
0000000000000000000000000000000000000000000000000000000000000000000000
0000000000000000000000000000000000000000000000000000000000000000000000
0000000000000000000000000000000000000000000000000000000000000000000000
0000000000000000000000000000000000000000000000000000000000000000000000
0000000000000000000000000000000000000000000000000000000000000000000000
0000000000000000000000000000000000000000000000000000000000000000000000
0000000000000000000000000000000000000000000000000000000000000000000000
0000000000000000000000000000000000000000000000000000000000000000000000
0000000000000000000000000000000000000000000000000000000000000000000000
0000000000000000000000000000000000000000000000000000000000000000000000
0000000000000000000000000000000000000000000000000000000000000000000000
0000000000000000000000000000000000000000000000000000000000000000000000
0000000000000000000000000000000000000000000000000000000000000000000000
0000000000000000000000000000000000000000000000000000000000000000000000
0000000000000000000000000000000000000000000000000000000000000000000000
0000000000000000000000000000000000000000000000000000000000000000000000
0000000000000000000000000000000000000000000000000000000000000000000000
0000000000000000000000000000000000000000000000000000000000000000000000
0000000000000000000000000000000000000000000000000000000000000000000000
0000000000000000000000000000000000000000000000000000000000000000000000
0000000000000000000000000000000000000000000000000000000000000000000000
0000000000000000000000000000000000000000000000000000000000000000000000
0000000000000000000000000000000000000000000000000000000000000000000000
0000000000000000000000000000000000000000000000000000000000000000000000
0000000000000000000000000000000000000000000000000000000000000000000000
0000000000000000000000000000000000000000000000000000000000000000000000
0000000000000000000000000000000000000000000000000000000000000000000000
0000000000000000000000000000000000000000000000000000000000000000000000
0000000000000000000000000000000000000000000000000000000000000000000000
0000000000000000000000000000000000000000000000000000000000000000000000
0000000000000000000000000000000000000000000000000000000000000000000000
0000000000000000000000000000000000000000000000000000000000000000000000
0000000000000000000000000000000000000000000000000000000000000000000000
0000000000000000000000000000000000000000000000000000000000000000000000
0000000000000000000000000000000000000000000000000000000000000000000000
0000000000000000000000000000000000000000000000000000000000000000000000
0000000000000000000000000000000000000000000000000000000000000000000000
0000000000000000000000000000000000000000000000000000000000000000000000
0000000000000000000000000000000000000000000000000000000000000000000000
0000000000000000000000000000000000000000000000000000000000000000000000
0000000000000000000000000000000000000000000000000000000000000000000000
0000000000000000000000000000000000000000000000000000000000000000000000
0000000000000000000000000000000000000000000000000000000000000000000000
0000000000000000000000000000000000000000000000000000000000000000000000
0000000000000000000000000000000000000000000000000000000000000000000000
0000000000000000000000000000000000000000000000000000000000000000000000
0000000000000000000000000000000000000000000000000000000000000000000000
0000000000000000000000000000000000000000000000000000000000000000000000
0000000000000000000000000000000000000000000000000000000000000000000000
0000000000000000000000000000000000000000000000000000000000000000000000
0000000000000000000000000000000000000000000000000000000000000000000000
0000000000000000000000000000000000000000000000000000000000000000000000
0000000000000000000000000000000000000000000000000000000000000000000000
0000000000000000000000000000000000000000000000000000000000000000000000
0000000000000000000000000000000000000000000000000000000000000000000000
0000000000000000000000000000000000000000000000000000000000000000000000
0000000000000000000000000000000000000000000000000000000000000000000000
0000000000000000000000000000000000000000000000000000000000000000000000
0000000000000000000000000000000000000000000000000000000000000000000000
0000000000000000000000000000000000000000000000000000000000000000000000
0000000000000000000000000000000000000000000000000000000000000000000000
0000000000000000000000000000000000000000000000000000000000000000000000
0000000000000000000000000000000000000000000000000000000000000000000000
0000000000000000000000000000000000000000000000000000000000000000000000
0000000000000000000000000000000000000000000000000000000000000000000000
0000000000000000000000000000000000000000000000000000000000000000000000
0000000000000000000000000000000000000000000000000000000000000000000000
0000000000000000000000000000000000000000000000000000000000000000000000
0000000000000000000000000000000000000000000000000000000000000000000000
0000000000000000000000000000000000000000000000000000000000000000000000
0000000000000000000000000000000000000000000000000000000000000000000000
0000000000000000000000000000000000000000000000000000000000000000000000
0000000000000000000000000000000000000000000000000000000000000000000000
0000000000000000000000000000000000000000000000000000000000000000000000
0000000000000000000000000000000000000000000000000000000000000000000000
0000000000000000000000000000000000000000000000000000000000000000000000
0000000000000000000000000000000000000000000000000000000000000000000000
0000000000000000000000000000000000000000000000000000000000000000000000
0000000000000000000000000000000000000000000000000000000000000000000000
0000000000000000000000000000000000000000000000000000000000000000000000
0000000000000000000000000000000000000000000000000000000000000000000000
0000000000000000000000000000000000000000000000000000000000000000000000
0000000000000000000000000000000000000000000000000000000000000000000000
0000000000000000000000000000000000000000000000000000000000000000000000
0000000000000000000000000000000000000000000000000000000000000000000000
0000000000000000000000000000000000000000000000000000000000000000000000
0000000000000000000000000000000000000000000000000000000000000000000000
0000000000000000000000000000000000000000000000000000000000000000000000
0000000000000000000000000000000000000000000000000000000000000000000000
0000000000000000000000000000000000000000000000000000000000000000000000
0000000000000000000000000000000000000000000000000000000000000000000000
0000000000000000000000000000000000000000000000000000000000000000000000
0000000000000000000000000000000000000000000000000000000000000000000000
0000000000000000000000000000000000000000000000000000000000000000000000
0000000000000000000000000000000000000000000000000000000000000000000000
0000000000000000000000000000000000000000000000000000000000000000000000
0000000000000000000000000000000000000000000000000000000000000000000000
0000000000000000000000000000000000000000000000000000000000000000000000
0000000000000000000000000000000000000000000000000000000000000000000000
0000000000000000000000000000000000000000000000000000000000000000000000
0000000000000000000000000000000000000000000000000000000000000000000000
0000000000000000000000000000000000000000000000000000000000000000000000
0000000000000000000000000000000000000000000000000000000000000000000000
0000000000000000000000000000000000000000000000000000000000000000000000
0000000000000000000000000000000000000000000000000000000000000000000000
0000000000000000000000000000000000000000000000000000000000000000000000
0000000000000000000000000000000000000000000000000000000000000000000000
0000000000000000000000000000000000000000000000000000000000000000000000
0000000000000000000000000000000000000000000000000000000000000000000000
0000000000000000000000000000000000000000000000000000000000000000000000
0000000000000000000000000000000000000000000000000000000000000000000000
0000000000000000000000000000000000000000000000000000000000000000000000
0000000000000000000000000000000000000000000000000000000000000000000000
0000000000000000000000000000000000000000000000000000000000000000000000
0000000000000000000000000000000000000000000000000000000000000000000000
0000000000000000000000000000000000000000000000000000000000000000000000
0000000000000000000000000000000000000000000000000000000000000000000000
0000000000000000000000000000000000000000000000000000000000000000000000
0000000000000000000000000000000000000000000000000000000000000000000000
0000000000000000000000000000000000000000000000000000000000000000000000
0000000000000000000000000000000000000000000000000000000000000000000000
0000000000000000000000000000000000000000000000000000000000000000000000
0000000000000000000000000000000000000000000000000000000000000000000000
0000000000000000000000000000000000000000000000000000000000000000000000
0000000000000000000000000000000000000000000000000000000000000000000000
0000000000000000000000000000000000000000000000000000000000000000000000
0000000000000000000000000000000000000000000000000000000000000000000000
0000000000000000000000000000000000000000000000000000000000000000000000
0000000000000000000000000000000000000000000000000000000000000000000000
0000000000000000000000000000000000000000000000000000000000000000000000
0000000000000000000000000000000000000000000000000000000000000000000000
0000000000000000000000000000000000000000000000000000000000000000000000
0000000000000000000000000000000000000000000000000000000000000000000000
0000000000000000000000000000000000000000000000000000000000000000000000
0000000000000000000000000000000000000000000000000000000000000000000000
0000000000000000000000000000000000000000000000000000000000000000000000
0000000000000000000000000000000000000000000000000000000000000000000000
0000000000000000000000000000000000000000000000000000000000000000000000
0000000000000000000000000000000000000000000000000000000000000000000000
0000000000000000000000000000000000000000000000000000000000000000000000
0000000000000000000000000000000000000000000000000000000000000000000000
0000000000000000000000000000000000000000000000000000000000000000000000
0000000000000000000000000000000000000000000000000000000000000000000000
0000000000000000000000000000000000000000000000000000000000000000000000
0000000000000000000000000000000000000000000000000000000000000000000000
0000000000000000000000000000000000000000000000000000000000000000000000
0000000000000000000000000000000000000000000000000000000000000000000000
0000000000000000000000000000000000000000000000000000000000000000000000
0000000000000000000000000000000000000000000000000000000000000000000000
0000000000000000000000000000000000000000000000000000000000000000000000
0000000000000000000000000000000000000000000000000000000000000000000000
0000000000000000000000000000000000000000000000000000000000000000000000
0000000000000000000000000000000000000000000000000000000000000000000000
0000000000000000000000000000000000000000000000000000000000000000000000
0000000000000000000000000000000000000000000000000000000000000000000000
0000000000000000000000000000000000000000000000000000000000000000000000
0000000000000000000000000000000000000000000000000000000000000000000000
0000000000000000000000000000000000000000000000000000000000000000000000
0000000000000000000000000000000000000000000000000000000000000000000000
0000000000000000000000000000000000000000000000000000000000000000000000
0000000000000000000000000000000000000000000000000000000000000000000000
0000000000000000000000000000000000000000000000000000000000000000000000
0000000000000000000000000000000000000000000000000000000000000000000000
0000000000000000000000000000000000000000000000000000000000000000000000
0000000000000000000000000000000000000000000000000000000000000000000000
0000000000000000000000000000000000000000000000000000000000000000000000
0000000000000000000000000000000000000000000000000000000000000000000000
0000000000000000000000000000000000000000000000000000000000000000000000
0000000000000000000000000000000000000000000000000000000000000000000000
0000000000000000000000000000000000000000000000000000000000000000000000
0000000000000000000000000000000000000000000000000000000000000000000000
0000000000000000000000000000000000000000000000000000000000000000000000
0000000000000000000000000000000000000000000000000000000000000000000000
0000000000000000000000000000000000000000000000000000000000000000000000
0000000000000000000000000000000000000000000000000000000000000000000000
0000000000000000000000000000000000000000000000000000000000000000000000
0000000000000000000000000000000000000000000000000000000000000000000000
0000000000000000000000000000000000000000000000000000000000000000000000
0000000000000000000000000000000000000000000000000000000000000000000000
0000000000000000000000000000000000000000000000000000000000000000000000
0000000000000000000000000000000000000000000000000000000000000000000000
0000000000000000000000000000000000000000000000000000000000000000000000
0000000000000000000000000000000000000000000000000000000000000000000000
0000000000000000000000000000000000000000000000000000000000000000000000
0000000000000000000000000000000000000000000000000000000000000000000000
0000000000000000000000000000000000000000000000000000000000000000000000
0000000000000000000000000000000000000000000000000000000000000000000000
0000000000000000000000000000000000000000000000000000000000000000000000
0000000000000000000000000000000000000000000000000000000000000000000000
0000000000000000000000000000000000000000000000000000000000000000000000
0000000000000000000000000000000000000000000000000000000000000000000000
0000000000000000000000000000000000000000000000000000000000000000000000
0000000000000000000000000000000000000000000000000000000000000000000000
0000000000000000000000000000000000000000000000000000000000000000000000
0000000000000000000000000000000000000000000000000000000000000000000000
0000000000000000000000000000000000000000000000000000000000000000000000
0000000000000000000000000000000000000000000000000000000000000000000000
0000000000000000000000000000000000000000000000000000000000000000000000
0000000000000000000000000000000000000000000000000000000000000000000000
0000000000000000000000000000000000000000000000000000000000000000000000
0000000000000000000000000000000000000000000000000000000000000000000000
0000000000000000000000000000000000000000000000000000000000000000000000
0000000000000000000000000000000000000000000000000000000000000000000000
0000000000000000000000000000000000000000000000000000000000000000000000
0000000000000000000000000000000000000000000000000000000000000000000000
0000000000000000000000000000000000000000000000000000000000000000000000
0000000000000000000000000000000000000000000000000000000000000000000000
0000000000000000000000000000000000000000000000000000000000000000000000
0000000000000000000000000000000000000000000000000000000000000000000000
0000000000000000000000000000000000000000000000000000000000000000000000
0000000000000000000000000000000000000000000000000000000000000000000000
0000000000000000000000000000000000000000000000000000000000000000000000
0000000000000000000000000000000000000000000000000000000000000000000000
0000000000000000000000000000000000000000000000000000000000000000000000
0000000000000000000000000000000000000000000000000000000000000000000000
0000000000000000000000000000000000000000000000000000000000000000000000
0000000000000000000000000000000000000000000000000000000000000000000000
0000000000000000000000000000000000000000000000000000000000000000000000
0000000000000000000000000000000000000000000000000000000000000000000000
0000000000000000000000000000000000000000000000000000000000000000000000
0000000000000000000000000000000000000000000000000000000000000000000000
0000000000000000000000000000000000000000000000000000000000000000000000
0000000000000000000000000000000000000000000000000000000000000000000000
0000000000000000000000000000000000000000000000000000000000000000000000
0000000000000000000000000000000000000000000000000000000000000000000000
0000000000000000000000000000000000000000000000000000000000000000000000
0000000000000000000000000000000000000000000000000000000000000000000000
0000000000000000000000000000000000000000000000000000000000000000000000
0000000000000000000000000000000000000000000000000000000000000000000000
0000000000000000000000000000000000000000000000000000000000000000000000
0000000000000000000000000000000000000000000000000000000000000000000000
0000000000000000000000000000000000000000000000000000000000000000000000
0000000000000000000000000000000000000000000000000000000000000000000000
0000000000000000000000000000000000000000000000000000000000000000000000
0000000000000000000000000000000000000000000000000000000000000000000000
0000000000000000000000000000000000000000000000000000000000000000000000
0000000000000000000000000000000000000000000000000000000000000000000000
0000000000000000000000000000000000000000000000000000000000000000000000
0000000000000000000000000000000000000000000000000000000000000000000000
0000000000000000000000000000000000000000000000000000000000000000000000
0000000000000000000000000000000000000000000000000000000000000000000000
0000000000000000000000000000000000000000000000000000000000000000000000
0000000000000000000000000000000000000000000000000000000000000000000000
0000000000000000000000000000000000000000000000000000000000000000000000
0000000000000000000000000000000000000000000000000000000000000000000000
0000000000000000000000000000000000000000000000000000000000000000000000
0000000000000000000000000000000000000000000000000000000000000000000000
0000000000000000000000000000000000000000000000000000000000000000000000
0000000000000000000000000000000000000000000000000000000000000000000000
0000000000000000000000000000000000000000000000000000000000000000000000
0000000000000000000000000000000000000000000000000000000000000000000000
0000000000000000000000000000000000000000000000000000000000000000000000
0000000000000000000000000000000000000000000000000000000000000000000000
0000000000000000000000000000000000000000000000000000000000000000000000
0000000000000000000000000000000000000000000000000000000000000000000000
0000000000000000000000000000000000000000000000000000000000000000000000
0000000000000000000000000000000000000000000000000000000000000000000000
0000000000000000000000000000000000000000000000000000000000000000000000
0000000000000000000000000000000000000000000000000000000000000000000000
0000000000000000000000000000000000000000000000000000000000000000000000
0000000000000000000000000000000000000000000000000000000000000000000000
0000000000000000000000000000000000000000000000000000000000000000000000
0000000000000000000000000000000000000000000000000000000000000000000000
0000000000000000000000000000000000000000000000000000000000000000000000
0000000000000000000000000000000000000000000000000000000000000000000000
0000000000000000000000000000000000000000000000000000000000000000000000
0000000000000000000000000000000000000000000000000000000000000000000000
0000000000000000000000000000000000000000000000000000000000000000000000
0000000000000000000000000000000000000000000000000000000000000000000000
0000000000000000000000000000000000000000000000000000000000000000000000
0000000000000000000000000000000000000000000000000000000000000000000000
0000000000000000000000000000000000000000000000000000000000000000000000
0000000000000000000000000000000000000000000000000000000000000000000000
0000000000000000000000000000000000000000000000000000000000000000000000
0000000000000000000000000000000000000000000000000000000000000000000000
0000000000000000000000000000000000000000000000000000000000000000000000
0000000000000000000000000000000000000000000000000000000000000000000000
0000000000000000000000000000000000000000000000000000000000000000000000
0000000000000000000000000000000000000000000000000000000000000000000000
0000000000000000000000000000000000000000000000000000000000000000000000
0000000000000000000000000000000000000000000000000000000000000000000000
0000000000000000000000000000000000000000000000000000000000000000000000
0000000000000000000000000000000000000000000000000000000000000000000000
0000000000000000000000000000000000000000000000000000000000000000000000
0000000000000000000000000000000000000000000000000000000000000000000000
0000000000000000000000000000000000000000000000000000000000000000000000
0000000000000000000000000000000000000000000000000000000000000000000000
0000000000000000000000000000000000000000000000000000000000000000000000
0000000000000000000000000000000000000000000000000000000000000000000000
0000000000000000000000000000000000000000000000000000000000000000000000
0000000000000000000000000000000000000000000000000000000000000000000000
0000000000000000000000000000000000000000000000000000000000000000000000
0000000000000000000000000000000000000000000000000000000000000000000000
0000000000000000000000000000000000000000000000000000000000000000000000
0000000000000000000000000000000000000000000000000000000000000000000000
0000000000000000000000000000000000000000000000000000000000000000000000
0000000000000000000000000000000000000000000000000000000000000000000000
0000000000000000000000000000000000000000000000000000000000000000000000
0000000000000000000000000000000000000000000000000000000000000000000000
0000000000000000000000000000000000000000000000000000000000000000000000
0000000000000000000000000000000000000000000000000000000000000000000000
0000000000000000000000000000000000000000000000000000000000000000000000
0000000000000000000000000000000000000000000000000000000000000000000000
0000000000000000000000000000000000000000000000000000000000000000000000
0000000000000000000000000000000000000000000000000000000000000000000000
0000000000000000000000000000000000000000000000000000000000000000000000
0000000000000000000000000000000000000000000000000000000000000000000000
0000000000000000000000000000000000000000000000000000000000000000000000
0000000000000000000000000000000000000000000000000000000000000000000000
0000000000000000000000000000000000000000000000000000000000000000000000
0000000000000000000000000000000000000000000000000000000000000000000000
0000000000000000000000000000000000000000000000000000000000000000000000
0000000000000000000000000000000000000000000000000000000000000000000000
0000000000000000000000000000000000000000000000000000000000000000000000
0000000000000000000000000000000000000000000000000000000000000000000000
0000000000000000000000000000000000000000000000000000000000000000000000
0000000000000000000000000000000000000000000000000000000000000000000000
0000000000000000000000000000000000000000000000000000000000000000000000
0000000000000000000000000000000000000000000000000000000000000000000000
0000000000000000000000000000000000000000000000000000000000000000000000
0000000000000000000000000000000000000000000000000000000000000000000000
0000000000000000000000000000000000000000000000000000000000000000000000
0000000000000000000000000000000000000000000000000000000000000000000000
0000000000000000000000000000000000000000000000000000000000000000000000
0000000000000000000000000000000000000000000000000000000000000000000000
0000000000000000000000000000000000000000000000000000000000000000000000
0000000000000000000000000000000000000000000000000000000000000000000000
0000000000000000000000000000000000000000000000000000000000000000000000
0000000000000000000000000000000000000000000000000000000000000000000000
0000000000000000000000000000000000000000000000000000000000000000000000
0000000000000000000000000000000000000000000000000000000000000000000000
0000000000000000000000000000000000000000000000000000000000000000000000
0000000000000000000000000000000000000000000000000000000000000000000000
0000000000000000000000000000000000000000000000000000000000000000000000
0000000000000000000000000000000000000000000000000000000000000000000000
0000000000000000000000000000000000000000000000000000000000000000000000
0000000000000000000000000000000000000000000000000000000000000000000000
0000000000000000000000000000000000000000000000000000000000000000000000
0000000000000000000000000000000000000000000000000000000000000000000000
0000000000000000000000000000000000000000000000000000000000000000000000
0000000000000000000000000000000000000000000000000000000000000000000000
0000000000000000000000000000000000000000000000000000000000000000000000
0000000000000000000000000000000000000000000000000000000000000000000000
0000000000000000000000000000000000000000000000000000000000000000000000
0000000000000000000000000000000000000000000000000000000000000000000000
0000000000000000000000000000000000000000000000000000000000000000000000
0000000000000000000000000000000000000000000000000000000000000000000000
0000000000000000000000000000000000000000000000000000000000000000000000
0000000000000000000000000000000000000000000000000000000000000000000000
0000000000000000000000000000000000000000000000000000000000000000000000
0000000000000000000000000000000000000000000000000000000000000000000000
0000000000000000000000000000000000000000000000000000000000000000000000
0000000000000000000000000000000000000000000000000000000000000000000000
0000000000000000000000000000000000000000000000000000000000000000000000
0000000000000000000000000000000000000000000000000000000000000000000000
0000000000000000000000000000000000000000000000000000000000000000000000
0000000000000000000000000000000000000000000000000000000000000000000000
0000000000000000000000000000000000000000000000000000000000000000000000
0000000000000000000000000000000000000000000000000000000000000000000000
0000000000000000000000000000000000000000000000000000000000000000000000
0000000000000000000000000000000000000000000000000000000000000000000000
0000000000000000000000000000000000000000000000000000000000000000000000
0000000000000000000000000000000000000000000000000000000000000000000000
0000000000000000000000000000000000000000000000000000000000000000000000
0000000000000000000000000000000000000000000000000000000000000000000000
0000000000000000000000000000000000000000000000000000000000000000000000
0000000000000000000000000000000000000000000000000000000000000000000000
0000000000000000000000000000000000000000000000000000000000000000000000
0000000000000000000000000000000000000000000000000000000000000000000000
0000000000000000000000000000000000000000000000000000000000000000000000
0000000000000000000000000000000000000000000000000000000000000000000000
0000000000000000000000000000000000000000000000000000000000000000000000
0000000000000000000000000000000000000000000000000000000000000000000000
0000000000000000000000000000000000000000000000000000000000000000000000
0000000000000000000000000000000000000000000000000000000000000000000000
0000000000000000000000000000000000000000000000000000000000000000000000
0000000000000000000000000000000000000000000000000000000000000000000000
0000000000000000000000000000000000000000000000000000000000000000000000
0000000000000000000000000000000000000000000000000000000000000000000000
0000000000000000000000000000000000000000000000000000000000000000000000
0000000000000000000000000000000000000000000000000000000000000000000000
0000000000000000000000000000000000000000000000000000000000000000000000
0000000000000000000000000000000000000000000000000000000000000000000000
0000000000000000000000000000000000000000000000000000000000000000000000
0000000000000000000000000000000000000000000000000000000000000000000000
0000000000000000000000000000000000000000000000000000000000000000000000
0000000000000000000000000000000000000000000000000000000000000000000000
0000000000000000000000000000000000000000000000000000000000000000000000
0000000000000000000000000000000000000000000000000000000000000000000000
0000000000000000000000000000000000000000000000000000000000000000000000
0000000000000000000000000000000000000000000000000000000000000000000000
0000000000000000000000000000000000000000000000000000000000000000000000
0000000000000000000000000000000000000000000000000000000000000000000000
0000000000000000000000000000000000000000000000000000000000000000000000
0000000000000000000000000000000000000000000000000000000000000000000000
0000000000000000000000000000000000000000000000000000000000000000000000
0000000000000000000000000000000000000000000000000000000000000000000000
0000000000000000000000000000000000000000000000000000000000000000000000
0000000000000000000000000000000000000000000000000000000000000000000000
0000000000000000000000000000000000000000000000000000000000000000000000
0000000000000000000000000000000000000000000000000000000000000000000000
0000000000000000000000000000000000000000000000000000000000000000000000
0000000000000000000000000000000000000000000000000000000000000000000000
0000000000000000000000000000000000000000000000000000000000000000000000
0000000000000000000000000000000000000000000000000000000000000000000000
0000000000000000000000000000000000000000000000000000000000000000000000
0000000000000000000000000000000000000000000000000000000000000000000000
0000000000000000000000000000000000000000000000000000000000000000000000
0000000000000000000000000000000000000000000000000000000000000000000000
0000000000000000000000000000000000000000000000000000000000000000000000
0000000000000000000000000000000000000000000000000000000000000000000000
0000000000000000000000000000000000000000000000000000000000000000000000
0000000000000000000000000000000000000000000000000000000000000000000000
0000000000000000000000000000000000000000000000000000000000000000000000
0000000000000000000000000000000000000000000000000000000000000000000000
0000000000000000000000000000000000000000000000000000000000000000000000
0000000000000000000000000000000000000000000000000000000000000000000000
0000000000000000000000000000000000000000000000000000000000000000000000
0000000000000000000000000000000000000000000000000000000000000000000000
0000000000000000000000000000000000000000000000000000000000000000000000
0000000000000000000000000000000000000000000000000000000000000000000000
0000000000000000000000000000000000000000000000000000000000000000000000
0000000000000000000000000000000000000000000000000000000000000000000000
0000000000000000000000000000000000000000000000000000000000000000000000
0000000000000000000000000000000000000000000000000000000000000000000000
0000000000000000000000000000000000000000000000000000000000000000000000
0000000000000000000000000000000000000000000000000000000000000000000000
0000000000000000000000000000000000000000000000000000000000000000000000
0000000000000000000000000000000000000000000000000000000000000000000000
0000000000000000000000000000000000000000000000000000000000000000000000
0000000000000000000000000000000000000000000000000000000000000000000000
0000000000000000000000000000000000000000000000000000000000000000000000
0000000000000000000000000000000000000000000000000000000000000000000000
0000000000000000000000000000000000000000000000000000000000000000000000
0000000000000000000000000000000000000000000000000000000000000000000000
0000000000000000000000000000000000000000000000000000000000000000000000
0000000000000000000000000000000000000000000000000000000000000000000000
0000000000000000000000000000000000000000000000000000000000000000000000
0000000000000000000000000000000000000000000000000000000000000000000000
0000000000000000000000000000000000000000000000000000000000000000000000
0000000000000000000000000000000000000000000000000000000000000000000000
0000000000000000000000000000000000000000000000000000000000000000000000
0000000000000000000000000000000000000000000000000000000000000000000000
0000000000000000000000000000000000000000000000000000000000000000000000
0000000000000000000000000000000000000000000000000000000000000000000000
0000000000000000000000000000000000000000000000000000000000000000000000
0000000000000000000000000000000000000000000000000000000000000000000000
0000000000000000000000000000000000000000000000000000000000000000000000
0000000000000000000000000000000000000000000000000000000000000000000000
0000000000000000000000000000000000000000000000000000000000000000000000
0000000000000000000000000000000000000000000000000000000000000000000000
0000000000000000000000000000000000000000000000000000000000000000000000
0000000000000000000000000000000000000000000000000000000000000000000000
0000000000000000000000000000000000000000000000000000000000000000000000
0000000000000000000000000000000000000000000000000000000000000000000000
0000000000000000000000000000000000000000000000000000000000000000000000
0000000000000000000000000000000000000000000000000000000000000000000000
0000000000000000000000000000000000000000000000000000000000000000000000
0000000000000000000000000000000000000000000000000000000000000000000000
0000000000000000000000000000000000000000000000000000000000000000000000
0000000000000000000000000000000000000000000000000000000000000000000000
0000000000000000000000000000000000000000000000000000000000000000000000
0000000000000000000000000000000000000000000000000000000000000000000000
0000000000000000000000000000000000000000000000000000000000000000000000
0000000000000000000000000000000000000000000000000000000000000000000000
0000000000000000000000000000000000000000000000000000000000000000000000
0000000000000000000000000000000000000000000000000000000000000000000000
0000000000000000000000000000000000000000000000000000000000000000000000
0000000000000000000000000000000000000000000000000000000000000000000000
0000000000000000000000000000000000000000000000000000000000000000000000
0000000000000000000000000000000000000000000000000000000000000000000000
0000000000000000000000000000000000000000000000000000000000000000000000
0000000000000000000000000000000000000000000000000000000000000000000000
0000000000000000000000000000000000000000000000000000000000000000000000
0000000000000000000000000000000000000000000000000000000000000000000000
0000000000000000000000000000000000000000000000000000000000000000000000
0000000000000000000000000000000000000000000000000000000000000000000000
00000000000000000000000000000000000000000000000000003fff80000000080000
000200000000000003fff80000000040000000100001ffff00003fffc0000000020000
0000000000000000000000000000000000000000000000000000000000000000000000
0000000000000000000000000000000000000000000000000000000000000000000000
0000000000000000000000000000000000000000000000000000000000000000000000
0000000000000000000000000000000000000000000000000000000000000000000000
0000000000000000000000000000000000000000000000000000000000000000000000
0000000000000000000000000000000000000000000000000000000000000000000000
0000000000000000000000000000000000000000000000000000000000000000000000
0000000000000000000000000000000000000000000000000000000000000000000000
0000000000000000000000000000000000000000000000000000000000000000000000
0000000000000000000000000000000000000000000000000000000000000000000000
0000000000000000000000000000000000000000000000000000000000000000000000
0000000000000000000000000000000000000000000000000000000000000000000000
0000000000000000000000000000000000000000000000000000000000000000000000
0000000000000000000000000000000000000000000000000000000000000000000000
0000000000000000000000000000000000000000000000000000000000000000000000
0000000000000000000000000000000000000000000000000000000000000000000000
0000000000000000000000000000000000000000000000000000000000000000000000
0000000000000000000000000000000000000000000000000000000000000000000000
0000000000000000000000000000000000000000000000000000000000000000000000
0000000000000000000000000000000000000000000000000000000000000000000000
0000000000000000000000000000000000000000000000000000000000000000000000
0000000000000000000000000000000000000000000000000000000000000000000000
0000000000000000000000000000000000000000000000000000000000000000000000
0000000000000000000000000000000000000000000000000000000000000000000000
0000000000000000000000000000000000000000000000000000000000000000000000
0000000000000000000000000000000000000000000000000000000000000000000000
0000000000000000000000000000000000000000000000000000000000000000000000
0000000000000000000000000000000000000000000000000000000000000000000000
0000000000000000000000000000000000000000000000000000000000000000000000
0000000000000000000000000000000000000000000000000000000000000000000000
0000000000000000000000000000000000000000000000000000000000000000000000
0000000000000000000000000000000000000000000000000000000000000000000000
0000000000000000000000000000000000000000000000000000000000000000000000
0000000000000000000000000000000000000000000000000000000000000000000000
0000000000000000000000000000000000000000000000000000000000000000000000
0000000000000000000000000000000000000000000000000000000000000000000000
0000000000000000000000000000000000000000000000000000000000000000000000
0000000000000000000000000000000000000000000000000000000000000000000000
0000000000000000000000000000000000000000000000000000000000000000000000
0000000000000000000000000000000000000000000000000000000000000000000000
0000000000000000000000000000000000000000000000000000000000000000000000
0000000000000000000000000000000000000000000000000000000000000000000000
0000000000000000000000000000000000000000000000000000000000000000000000
0000000000000000000000000000000000000000000000000000000000000000000000
0000000000000000000000000000000000000000000000000000000000000000000000
0000000000000000000000000000000000000000000000000000000000000000000000
0000000000000000000000000000000000000000000000000000000000000000000000
0000000000000000000000000000000000000000000000000000000000000000000000
0000000000000000000000000000000000000000000000000000000000000000000000
0000000000000000000000000000000000000000000000000000000000000000000000
0000000000000000000000000000000000000000000000000000000000000000000000
0000000000000000000000000000000000000000000000000000000000000000000000
0000000000000000000000000000000000000000000000000000000000000000000000
0000000000000000000000000000000000000000000000000000000000000000000000
0000000000000000000000000000000000000000000000000000000000000000000000
0000000000000000000000000000000000000000000000000000000000000000000000
0000000000000000000000000000000000000000000000000000000000000000000000
0000000000000000000000000000000000000000000000000000000000000000000000
0000000000000000000000000000000000000000000000000000000000000000000000
0000000000000000000000000000000000000000000000000000000000000000000000
0000000000000000000000000000000000000000000000000000000000000000000000
0000000000000000000000000000000000000000000000000000000000000000000000
0000000000000000000000000000000000000000000000000000000000000000000000
0000000000000000000000000000000000000000000000000000000000000000000000
0000000000000000000000000000000000000000000000000000000000000000000000
0000000000000000000000000000000000000000000000000000000000000000000000
0000000000000000000000000000000000000000000000000000000000000000000000
0000000000000000000000000000000000000000000000000000000000000000000000
0000000000000000000000000000000000000000000000000000000000000000000000
0000000000000000000000000000000000000000000000000000000000000000000000
0000000000000000000000000000000000000000000000000000000000000000000000
0000000000000000000000000000000000000000000000000000000000000000000000
0000000000000000000000000000000000000000000000000000000000000000000000
0000000000000000000000000000000000000000000000000000000000000000000000
0000000000000000000000000000000000000000000000000000000000000000000000
0000000000000000000000000000000000000000000000000000000000000000000000
0000000000000000000000000000000000000000000000000000000000000000000000
0000000000000000000000000000000000000000000000000000000000000000000000
0000000000000000000000000000000000000000000000000000000000000000000000
0000000000000000000000000000000000000000000000000000000000000000000000
0000000000000000000000000000000000000000000000000000000000000000000000
0000000000000000000000000000000000000000000000000000000000000000000000
0000000000000000000000000000000000000000000000000000000000000000000000
0000000000000000000000000000000000000000000000000000000000000000000000
0000000000000000000000000000000000000000000000000000000000000000000000
0000000000000000000000000000000000000000000000000000000000000000000000
0000000000000000000000000000000000000000000000000000000000000000000000
0000000000000000000000000000000000000000000000000000000000000000000000
0000000000000000000000000000000000000000000000000000000000000000000000
0000000000000000000000000000000000000000000000000000000000000000000000
0000000000000000000000000000000000000000000000000000000000000000000000
0000000000000000000000000000000000000000000000000000000000000000000000
0000000000000000000000000000000000000000000000000000000000000000000000
0000000000000000000000000000000000000000000000000000000000000000000000
0000000000000000000000000000000000000000000000000000000000000000000000
0000000000000000000000000000000000000000000000000000000000000000000000
0000000000000000000000000000000000000000000000000000000000000000000000
0000000000000000000000000000000000000000000000000000000000000000000000
0000000000000000000000000000000000000000000000000000000000000000000000
0000000000000000000000000000000000000000000000000000000000000000000000
0000000000000000000000000000000000000000000000000000000000000000000000
0000000000000000000000000000000000000000000000000000000000000000000000
0000000000000000000000000000000000000000000000000000000000000000000000
0000000000000000000000000000000000000000000000000000000000000000000000
0000000000000000000000000000000000000000000000000000000000000000000000
0000000000000000000000000000000000000000000000000000000000000000000000
0000000000000000000000000000000000000000000000000000000000000000000000
0000000000000000000000000000000000000000000000000000000000000000000000
0000000000000000000000000000000000000000000000000000000000000000000000
0000000000000000000000000000000000000000000000000000000000000000000000
0000000000000000000000000000000000000000000000000000000000000000000000
0000000000000000000000000000000000000000000000000000000000000000000000
0000000000000000000000000000000000000000000000000000000000000000000000
0000000000000000000000000000000000000000000000000000000000000000000000
0000000000000000000000000000000000000000000000000000000000000000000000
0000000000000000000000000000000000000000000000000000000000000000000000
0000000000000000000000000000000000000000000000000000000000000000000000
0000000000000000000000000000000000000000000000000000000000000000000000
0000000000000000000000000000000000000000000000000000000000000000000000
0000000000000000000000000000000000000000000000000000000000000000000000
0000000000000000000000000000000000000000000000000000000000000000000000
0000000000000000000000000000000000000000000000000000000000000000000000
0000000000000000000000000000000000000000000000000000000000000000000000
0000000000000000000000000000000000000000000000000000000000000000000000
0000000000000000000000000000000000000000000000000000000000000000000000
0000000000000000000000000000000000000000000000000000000000000000000000
0000000000000000000000000000000000000000000000000000000000000000000000
0000000000000000000000000000000000000000000000000000000000000000000000
0000000000000000000000000000000000000000000000000000000000000000000000
0000000000000000000000000000000000000000000000000000000000000000000000
0000000000000000000000000000000000000000000000000000000000000000000000
0000000000000000000000000000000000000000000000000000000000000000000000
0000000000000000000000000000000000000000000000000000000000000000000000
0000000000000000000000000000000000000000000000000000000000000000000000
0000000000000000000000000000000000000000000000000000000000000000000000
0000000000000000000000000000000000000000000000000000000000000000000000
0000000000000000000000000000000000000000000000000000000000000000000000
0000000000000000000000000000000000000000000000000000000000000000000000
0000000000000000000000000000000000000000000000000000000000000000000000
0000000000000000000000000000000000000000000000000000000000000000000000
0000000000000000000000000000000000000000000000000000000000000000000000
0000000000000000000000000000000000000000000000000000000000000000000000
0000000000000000000000000000000000000000000000000000000000000000000000
0000000000000000000000000000000000000000000000000000000000000000000000
0000000000000000000000000000000000000000000000000000000000000000000000
0000000000000000000000000000000000000000000000000000000000000000000000
0000000000000000000000000000000000000000000000000000000000000000000000
0000000000000000000000000000000000000000000000000000000000000000000000
0000000000000000000000000000000000000000000000000000000000000000000000
0000000000000000000000000000000000000000000000000000000000000000000000
0000000000000000000000000000000000000000000000000000000000000000000000
0000000000000000000000000000000000000000000000000000000000000000000000
0000000000000000000000000000000000000000000000000000000000000000000000
0000000000000000000000000000000000000000000000000000000000000000000000
0000000000000000000000000000000000000000000000000000000000000000000000
0000000000000000000000000000000000000000000000000000000000000000000000
0000000000000000000000000000000000000000000000000000000000000000000000
0000000000000000000000000000000000000000000000000000000000000000000000
0000000000000000000000000000000000000000000000000000000000000000000000
0000000000000000000000000000000000000000000000000000000000000000000000
0000000000000000000000000000000000000000000000000000000000000000000000
0000000000000000000000000000000000000000000000000000000000000000000000
0000000000000000000000000000000000000000000000000000000000000000000000
0000000000000000000000000000000000000000000000000000000000000000000000
0000000000000000000000000000000000000000000000000000000000000000000000
0000000000000000000000000000000000000000000000000000000000000000000000
0000000000000000000000000000000000000000000000000000000000000000000000
0000000000000000000000000000000000000000000000000000000000000000000000
0000000000000000000000000000000000000000000000000000000000000000000000
0000000000000000000000000000000000000000000000000000000000000000000000
0000000000000000000000000000000000000000000000000000000000000000000000
0000000000000000000000000000000000000000000000000000000000000000000000
0000000000000000000000000000000000000000000000000000000000000000000000
0000000000000000000000000000000000000000000000000000000000000000000000
0000000000000000000000000000000000000000000000000000000000000000000000
0000000000000000000000000000000000000000000000000000000000000000000000
0000000000000000000000000000000000000000000000000000000000000000000000
0000000000000000000000000000000000000000000000000000000000000000000000
0000000000000000000000000000000000000000000000000000000000000000000000
0000000000000000000000000000000000000000000000000000000000000000000000
0000000000000000000000000000000000000000000000000000000000000000000000
0000000000000000000000000000000000000000000000000000000000000000000000
0000000000000000000000000000000000000000000000000000000000000000000000
0000000000000000000000000000000000000000000000000000000000000000000000
0000000000000000000000000000000000000000000000000000000000000000000000
0000000000000000000000000000000000000000000000000000000000000000000000
0000000000000000000000000000000000000000000000000000000000000000000000
0000000000000000000000000000000000000000000000000000000000000000000000
0000000000000000000000000000000000000000000000000000000000000000000000
0000000000000000000000000000000000000000000000000000000000000000000000
0000000000000000000000000000000000000000000000000000000000000000000000
0000000000000000000000000000000000000000000000000000000000000000000000
0000000000000000000000000000000000000000000000000000000000000000000000
0000000000000000000000000000000000000000000000000000000000000000000000
0000000000000000000000000000000000000000000000000000000000000000000000
0000000000000000000000000000000000000000000000000000000000000000000000
0000000000000000000000000000000000000000000000000000000000000000000000
0000000000000000000000000000000000000000000000000000000000000000000000
0000000000000000000000000000000000000000000000000000000000000000000000
0000000000000000000000000000000000000000000000000000000000000000000000
0000000000000000000000000000000000000000000000000000000000000000000000
0000000000000000000000000000000000000000000000000000000000000000000000
0000000000000000000000000000000000000000000000000000000000000000000000
0000000000000000000000000000000000000000000000000000000000000000000000
0000000000000000000000000000000000000000000000000000000000000000000000
0000000000000000000000000000000000000000000000000000000000000000000000
0000000000000000000000000000000000000000000000000000000000000000000000
0000000000000000000000000000000000000000000000000000000000000000000000
0000000000000000000000000000000000000000000000000000000000000000000000
0000000000000000000000000000000000000000000000000000000000000000000000
0000000000000000000000000000000000000000000000000000000000000000000000
0000000000000000000000000000000000000000000000000000000000000000000000
0000000000000000000000000000000000000000000000000000000000000000000000
0000000000000000000000000000000000000000000000000000000000000000000000
0000000000000000000000000000000000000000000000000000000000000000000000
0000000000000000000000000000000000000000000000000000000000000000000000
0000000000000000000000000000000000000000000000000000000000000000000000
0000000000000000000000000000000000000000000000000000000000000000000000
0000000000000000000000000000000000000000000000000000000000000000000000
0000000000000000000000000000000000000000000000000000000000000000000000
0000000000000000000000000000000000000000000000000000000000000000000000
0000000000000000000000000000000000000000000000000000000000000000000000
0000000000000000000000000000000000000000000000000000000000000000000000
0000000000000000000000000000000000000000000000000000000000000000000000
0000000000000000000000000000000000000000000000000000000000000000000000
0000000000000000000000000000000000000000000000000000000000000000000000
0000000000000000000000000000000000000000000000000000000000000000000000
0000000000000000000000000000000000000000000000000000000000000000000000
0000000000000000000000000000000000000000000000000000000000000000000000
0000000000000000000000000000000000000000000000000000000000000000000000
0000000000000000000000000000000000000000000000000000000000000000000000
0000000000000000000000000000000000000000000000000000000000000000000000
0000000000000000000000000000000000000000000000000000000000000000000000
0000000000000000000000000000000000000000000000000000000000000000000000
0000000000000000000000000000000000000000000000000000000000000000000000
0000000000000000000000000000000000000000000000000000000000000000000000
0000000000000000000000000000000000000000000000000000000000000000000000
0000000000000000000000000000000000000000000000000000000000000000000000
0000000000000000000000000000000000000000000000000000000000000000000000
0000000000000000000000000000000000000000000000000000000000000000000000
0000000000000000000000000000000000000000000000000000000000000000000000
0000000000000000000000000000000000000000000000000000000000000000000000
0000000000000000000000000000000000000000000000000000000000000000000000
0000000000000000000000000000000000000000000000000000000000000000000000
0000000000000000000000000000000000000000000000000000000000000000000000
0000000000000000000000000000000000000000000000000000000000000000000000
0000000000000000000000000000000000000000000000000000000000000000000000
0000000000000000000000000000000000000000000000000000000000000000000000
0000000000000000000000000000000000000000000000000000000000000000000000
0000000000000000000000000000000000000000000000000000000000000000000000
0000000000000000000000000000000000000000000000000000000000000000000000
0000000000000000000000000000000000000000000000000000000000000000000000
0000000000000000000000000000000000000000000000000000000000000000000000
0000000000000000000000000000000000000000000000000000000000000000000000
0000000000000000000000000000000000000000000000000000000000000000000000
000080001ffff00003fffe00007fffc0000000080000000100003fffe0000000040000
000080001ffff00003fffe00007fffc0000000080000000100003fffe0000000040000
000080001ffff00003fffe00007fffc0000000080000000100003fffe0000000040000
000080001ffff00003fffe00007fffc0000000080000000100003fffe0000000040000
000080001ffff00003fffe00007fffc0000000080000000100003fffe0000000040000
000080001ffff00003fffe00007fffc0000000080000000100003fffe0000000040000
000080001ffff00003fffe00007fffc0000000080000000100003fffe0000000040000
000080001ffff00003fffe00007fffc0000000080000000100003fffe0000000040000
000080001ffff00003fffe00007fffc0000000080000000100003fffe0000000040000
000080001ffff00003fffe00007fffc0000000080000000100003fffe0000000040000
000080001ffff00003fffe00007fffc0000000080000000100003fffe0000000040000
000080001ffff00003fffe00007fffc0000000080000000100003fffe0000000040000
000080001ffff00003fffe00007fffc0000000080000000100003fffe0000000040000
000080001ffff00003fffe00007fffc0000000080000000100003fffe0000000040000
000080001ffff00003fffe00007fffc0000000080000000100003fffe0000000040000
000080001ffff00003fffe00007fffc0000000080000000100003fffe0000000040000
000080001ffff00003fffe00007fffc0000000080000000100003fffe0000000040000
000080001ffff00003fffe00007fffc0000000080000000100003fffe0000000040000
000080001ffff00003fffe00007fffc0000000080000000100003fffe0000000040000
000080001ffff00003fffe00007fffc0000000080000000100003fffe0000000040000
000080001ffff00003fffe00007fffc0000000080000000100003fffe0000000040000
000080001ffff00003fffe00007fffc0000000080000000100003fffe0000000040000
000080001ffff00003fffe00007fffc0000000080000000100003fffe0000000040000
000080001ffff00003fffe00007fffc0000000080000000100003fffe0000000040000
000080001ffff00003fffe00007fffc0000000080000000100003fffe0000000040000
000080001ffff00003fffe00007fffc0000000080000000100003fffe0000000040000
000080001ffff00003fffe00007fffc0000000080000000100003fffe0000000040000
000080001ffff00003fffe00007fffc0000000080000000100003fffe0000000040000
000080001ffff00003fffe00007fffc0000000080000000100003fffe0000000040000
000080001ffff00003fffe00007fffc0000000080000000100003fffe0000000040000
000080001ffff00003fffe00007fffc0000000080000000100003fffe0000000040000
000080001ffff00003fffe00007fffc0000000080000000100003fffe0000000040000
000080001ffff00003fffe00007fffc0000000080000000100003fffe0000000040000
000080001ffff00003fffe00007fffc0000000080000000100003fffe0000000040000
000080001ffff00003fffe00007fffc0000000080000000100003fffe0000000040000
000080001ffff00003fffe00007fffc0000000080000000100003fffe0000000040000
000080001ffff00003fffe00007fffc0000000080000000100003fffe0000000040000
000080001ffff00003fffe00007fffc0000000080000000100003fffe0000000040000
000080001ffff00003fffe00007fffc0000000080000000100003fffe0000000040000
000080001ffff00003fffe00007fffc0000000080000000100003fffe0000000040000
000080001ffff00003fffe00007fffc0000000080000000100003fffe0000000040000
000080001ffff00003fffe00007fffc0000000080000000100003fffe0000000040000
000080001ffff00003fffe00007fffc0000000080000000100003fffe0000000040000
000080001ffff00003fffe00007fffc0000000080000000100003fffe0000000040000
000080001ffff00003fffe00007fffc0000000080000000100003fffe0000000040000
000080001ffff00003fffe00007fffc0000000080000000100003fffe0000000040000
000080001ffff00003fffe00007fffc0000000080000000100003fffe0000000040000
000080001ffff00003fffe00007fffc0000000080000000100003fffe0000000040000
000080001ffff00003fffe00007fffc0000000080000000100003fffe0000000040000
000080001ffff00003fffe00007fffc0000000080000000100003fffe0000000040000
000080001ffff00003fffe00007fffc0000000080000000100003fffe0000000040000
000080001ffff00003fffe00007fffc0000000080000000100003fffe0000000040000
000080001ffff00003fffe00007fffc0000000080000000100003fffe0000000040000
000080001ffff00003fffe00007fffc0000000080000000100003fffe0000000040000
000080001ffff00003fffe00007fffc0000000080000000100003fffe0000000040000
000080001ffff00003fffe00007fffc0000000080000000100003fffe0000000040000
000080001ffff00003fffe00007fffc0000000080000000100003fffe0000000040000
000080001ffff00003fffe00007fffc0000000080000000100003fffe0000000040000
000080001ffff00003fffe00007fffc0000000080000000100003fffe0000000040000
000080001ffff00003fffe00007fffc0000000080000000100003fffe0000000040000
000080001ffff00003fffe00007fffc0000000080000000100003fffe0000000040000
000080001ffff00003fffe00007fffc0000000080000000100003fffe0000000040000
000080001ffff00003fffe00007fffc0000000080000000100003fffe0000000040000
000080001ffff00003fffe00007fffc0000000080000000100003fffe0000000040000
000080001ffff00003fffe00007fffc0000000080000000100003fffe0000000040000
000080001ffff00003fffe00007fffc0000000080000000100003fffe0000000040000
000080001ffff00003fffe00007fffc0000000080000000100003fffe0000000040000
000080001ffff00003fffe00007fffc0000000080000000100003fffe0000000040000
000080001ffff00003fffe00007fffc0000000080000000100003fffe0000000040000
000080001ffff00003fffe00007fffc0000000080000000100003fffe0000000040000
000080001ffff00003fffe00007fffc0000000080000000100003fffe0000000040000
000080001ffff00003fffe00007fffc0000000080000000100003fffe0000000040000
000080001ffff00003fffe00007fffc0000000080000000100003fffe0000000040000
000080001ffff00003fffe00007fffc0000000080000000100003fffe0000000040000
000080001ffff00003fffe00007fffc0000000080000000100003fffe0000000040000
000080001ffff00003fffe00007fffc0000000080000000100003fffe0000000040000
000080001ffff00003fffe00007fffc0000000080000000100003fffe0000000040000
000080001ffff00003fffe00007fffc0000000080000000100003fffe0000000040000
000080001ffff00003fffe00007fffc0000000080000000100003fffe0000000040000
000080001ffff00003fffe00007fffc0000000080000000100003fffe0000000040000
000080001ffff00003fffe00007fffc0000000080000000100003fffe0000000040000
000080001ffff00003fffe00007fffc0000000080000000100003fffe0000000040000
000080001ffff00003fffe00007fffc0000000080000000100003fffe0000000040000
000080001ffff00003fffe00007fffc0000000080000000100003fffe0000000040000
000080001ffff00003fffe00007fffc0000000080000000100003fffe0000000040000
000080001ffff00003fffe00007fffc0000000080000000100003fffe0000000040000
000080001ffff00003fffe00007fffc0000000080000000100003fffe0000000040000
000080001ffff00003fffe00007fffc0000000080000000100003fffe0000000040000
000080001ffff00003fffe00007fffc0000000080000000100003fffe0000000040000
000080001ffff00003fffe00007fffc0000000080000000100003fffe0000000040000
000080001ffff00003fffe00007fffc0000000080000000100003fffe0000000040000
000080001ffff00003fffe00007fffc0000000080000000100003fffe0000000040000
000080001ffff00003fffe00007fffc0000000080000000100003fffe0000000040000
000080001ffff00003fffe00007fffc0000000080000000100003fffe0000000040000
000080001ffff00003fffe00007fffc0000000080000000100003fffe0000000040000
000080001ffff00003fffe00007fffc0000000080000000100003fffe0000000040000
000080001ffff00003fffe00007fffc0000000080000000100003fffe0000000040000
000080001ffff00003fffe00007fffc0000000080000000100003fffe0000000040000
000080001ffff00003fffe00007fffc0000000080000000100003fffe0000000040000
000080001ffff00003fffe00007fffc0000000080000000100003fffe0000000040000
000080001ffff00003fffe00007fffc0000000080000000100003fffe0000000040000
000080001ffff00003fffe00007fffc0000000080000000100003fffe0000000040000
000080001ffff00003fffe00007fffc0000000080000000100003fffe0000000040000
000080001ffff00003fffe00007fffc0000000080000000100003fffe0000000040000
000080001ffff00003fffe00007fffc0000000080000000100003fffe0000000040000
000080001ffff00003fffe00007fffc0000000080000000100003fffe0000000040000
000080001ffff00003fffe00007fffc0000000080000000100003fffe0000000040000
000080001ffff00003fffe00007fffc0000000080000000100003fffe0000000040000
000080001ffff00003fffe00007fffc0000000080000000100003fffe0000000040000
000080001ffff00003fffe00007fffc0000000080000000100003fffe0000000040000
000080001ffff00003fffe00007fffc0000000080000000100003fffe0000000040000
000080001ffff00003fffe00007fffc0000000080000000100003fffe0000000040000
000080001ffff00003fffe00007fffc0000000080000000100003fffe0000000040000
000080001ffff00003fffe00007fffc0000000080000000100003fffe0000000040000
000080001ffff00003fffe00007fffc0000000080000000100003fffe0000000040000
000080001ffff00003fffe00007fffc0000000080000000100003fffe0000000040000
000080001ffff00003fffe00007fffc0000000080000000100003fffe0000000040000
000080001ffff00003fffe00007fffc0000000080000000100003fffe0000000040000
000080001ffff00003fffe00007fffc0000000080000000100003fffe0000000040000
000080001ffff00003fffe00007fffc0000000080000000100003fffe0000000040000
000080001ffff00003fffe00007fffc0000000080000000100003fffe0000000040000
000080001ffff00003fffe00007fffc0000000080000000100003fffe0000000040000
000080001ffff00003fffe00007fffc0000000080000000100003fffe0000000040000
000080001ffff00003fffe00007fffc0000000080000000100003fffe0000000040000
000080001ffff00003fffe00007fffc0000000080000000100003fffe0000000040000
000080001ffff00003fffe00007fffc0000000080000000100003fffe0000000040000
000080001ffff00003fffe00007fffc0000000080000000100003fffe0000000040000
000080001ffff00003fffe00007fffc0000000080000000100003fffe0000000040000
000080001ffff00003fffe00007fffc0000000080000000100003fffe0000000040000
000080001ffff00003fffe00007fffc0000000080000000100003fffe0000000040000
000080001ffff00003fffe00007fffc0000000080000000100003fffe0000000040000
000080001ffff00003fffe00007fffc0000000080000000100003fffe0000000040000
000080001ffff00003fffe00007fffc0000000080000000100003fffe0000000040000
000080001ffff00003fffe00007fffc0000000080000000100003fffe0000000040000
000080001ffff00003fffe00007fffc0000000080000000100003fffe0000000040000
000080001ffff00003fffe00007fffc0000000080000000100003fffe0000000040000
000080001ffff00003fffe00007fffc0000000080000000100003fffe0000000040000
000080001ffff00003fffe00007fffc0000000080000000100003fffe0000000040000
000080001ffff00003fffe00007fffc0000000080000000100003fffe0000000040000
000080001ffff00003fffe00007fffc0000000080000000100003fffe0000000040000
000080001ffff00003fffe00007fffc0000000080000000100003fffe0000000040000
000080001ffff00003fffe00007fffc0000000080000000100003fffe0000000040000
000080001ffff00003fffe00007fffc0000000080000000100003fffe0000000040000
000080001ffff00003fffe00007fffc0000000080000000100003fffe0000000040000
000080001ffff00003fffe00007fffc0000000080000000100003fffe0000000040000
000080001ffff00003fffe00007fffc0000000080000000100003fffe0000000040000
000080001ffff00003fffe00007fffc0000000080000000100003fffe0000000040000
000080001ffff00003fffe00007fffc0000000080000000100003fffe0000000040000
000080001ffff00003fffe00007fffc0000000080000000100003fffe0000000040000
000080001ffff00003fffe00007fffc0000000080000000100003fffe0000000040000
000080001ffff00003fffe00007fffc0000000080000000100003fffe0000000040000
000080001ffff00003fffe00007fffc0000000080000000100003fffe0000000040000
000080001ffff00003fffe00007fffc0000000080000000100003fffe0000000040000
000080001ffff00003fffe00007fffc0000000080000000100003fffe0000000040000
000080001ffff00003fffe00007fffc0000000080000000100003fffe0000000040000
000080001ffff00003fffe00007fffc0000000080000000100003fffe0000000040000
000080001ffff00003fffe00007fffc0000000080000000100003fffe0000000040000
000080001ffff00003fffe00007fffc0000000080000000100003fffe0000000040000
000080001ffff00003fffe00007fffc0000000080000000100003fffe0000000040000
000080001ffff00003fffe00007fffc0000000080000000100003fffe0000000040000
000080001ffff00003fffe00007fffc0000000080000000100003fffe0000000040000
000080001ffff00003fffe00007fffc0000000080000000100003fffe0000000040000
000080001ffff00003fffe00007fffc0000000080000000100003fffe0000000040000
000080001ffff00003fffe00007fffc0000000080000000100003fffe0000000040000
000080001ffff00003fffe00007fffc0000000080000000100003fffe0000000040000
000080001ffff00003fffe00007fffc0000000080000000100003fffe0000000040000
000080001ffff00003fffe00007fffc0000000080000000100003fffe0000000040000
000080001ffff00003fffe00007fffc0000000080000000100003fffe0000000040000
000080001ffff00003fffe00007fffc0000000080000000100003fffe0000000040000
000080001ffff00003fffe00007fffc0000000080000000100003fffe0000000040000
000080001ffff00003fffe00007fffc0000000080000000100003fffe0000000040000
000080001ffff00003fffe00007fffc0000000080000000100003fffe0000000040000
000080001ffff00003fffe00007fffc0000000080000000100003fffe0000000040000
000080001ffff00003fffe00007fffc0000000080000000100003fffe0000000040000
000080001ffff00003fffe00007fffc0000000080000000100003fffe0000000040000
000080001ffff00003fffe00007fffc0000000080000000100003fffe0000000040000
000080001ffff00003fffe00007fffc0000000080000000100003fffe0000000040000
000080001ffff00003fffe00007fffc0000000080000000100003fffe0000000040000
000080001ffff00003fffe00007fffc0000000080000000100003fffe0000000040000
000080001ffff00003fffe00007fffc0000000080000000100003fffe0000000040000
000080001ffff00003fffe00007fffc0000000080000000100003fffe0000000040000
000080001ffff00003fffe00007fffc0000000080000000100003fffe0000000040000
000080001ffff00003fffe00007fffc0000000080000000100003fffe0000000040000
000080001ffff00003fffe00007fffc0000000080000000100003fffe0000000040000
000080001ffff00003fffe00007fffc0000000080000000100003fffe0000000040000
000080001ffff00003fffe00007fffc0000000080000000100003fffe0000000040000
000080001ffff00003fffe00007fffc0000000080000000100003fffe0000000040000
000080001ffff00003fffe00007fffc0000000080000000100003fffe0000000040000
000080001ffff00003fffe00007fffc0000000080000000100003fffe0000000040000
000080001ffff00003fffe00007fffc0000000080000000100003fffe0000000040000
000080001ffff00003fffe00007fffc0000000080000000100003fffe0000000040000
000080001ffff00003fffe00007fffc0000000080000000100003fffe0000000040000
000080001ffff00003fffe00007fffc0000000080000000100003fffe0000000040000
000080001ffff00003fffe00007fffc0000000080000000100003fffe0000000040000
000080001ffff00003fffe00007fffc0000000080000000100003fffe0000000040000
000080001ffff00003fffe00007fffc0000000080000000100003fffe0000000040000
000080001ffff00003fffe00007fffc0000000080000000100003fffe0000000040000
000080001ffff00003fffe00007fffc0000000080000000100003fffe0000000040000
000080001ffff00003fffe00007fffc0000000080000000100003fffe0000000040000
000080001ffff00003fffe00007fffc0000000080000000100003fffe0000000040000
000080001ffff00003fffe00007fffc0000000080000000100003fffe0000000040000
000080001ffff00003fffe00007fffc0000000080000000100003fffe0000000040000
000080001ffff00003fffe00007fffc0000000080000000100003fffe0000000040000
000080001ffff00003fffe00007fffc0000000080000000100003fffe0000000040000
000080001ffff00003fffe00007fffc0000000080000000100003fffe0000000040000
000080001ffff00003fffe00007fffc0000000080000000100003fffe0000000040000
000080001ffff00003fffe00007fffc0000000080000000100003fffe0000000040000
000080001ffff00003fffe00007fffc0000000080000000100003fffe0000000040000
000080001ffff00003fffe00007fffc0000000080000000100003fffe0000000040000
000080001ffff00003fffe00007fffc0000000080000000100003fffe0000000040000
000080001ffff00003fffe00007fffc0000000080000000100003fffe0000000040000
000080001ffff00003fffe00007fffc0000000080000000100003fffe0000000040000
000080001ffff00003fffe00007fffc0000000080000000100003fffe0000000040000
000080001ffff00003fffe00007fffc0000000080000000100003fffe0000000040000
000080001ffff00003fffe00007fffc0000000080000000100003fffe0000000040000
000080001ffff00003fffe00007fffc0000000080000000100003fffe0000000040000
000080001ffff00003fffe00007fffc0000000080000000100003fffe0000000040000
000080001ffff00003fffe00007fffc0000000080000000100003fffe0000000040000
000080001ffff00003fffe00007fffc0000000080000000100003fffe0000000040000
000080001ffff00003fffe00007fffc0000000080000000100003fffe0000000040000
000080001ffff00003fffe00007fffc0000000080000000100003fffe0000000040000
000080001ffff00003fffe00007fffc0000000080000000100003fffe0000000040000
000080001ffff00003fffe00007fffc0000000080000000100003fffe0000000040000
000080001ffff00003fffe00007fffc0000000080000000100003fffe0000000040000
000080001ffff00003fffe00007fffc0000000080000000100003fffe0000000040000
000080001ffff00003fffe00007fffc0000000080000000100003fffe0000000040000
000080001ffff00003fffe00007fffc0000000080000000100003fffe0000000040000
000080001ffff00003fffe00007fffc0000000080000000100003fffe0000000040000
000080001ffff00003fffe00007fffc0000000080000000100003fffe0000000040000
000080001ffff00003fffe00007fffc0000000080000000100003fffe0000000040000
000080001ffff00003fffe00007fffc0000000080000000100003fffe0000000040000
000080001ffff00003fffe00007fffc0000000080000000100003fffe0000000040000
000080001ffff00003fffe00007fffc0000000080000000100003fffe0000000040000
000080001ffff00003fffe00007fffc0000000080000000100003fffe0000000040000
000080001ffff00003fffe00007fffc0000000080000000100003fffe0000000040000
000080001ffff00003fffe00007fffc0000000080000000100003fffe0000000040000
000080001ffff00003fffe00007fffc0000000080000000100003fffe0000000040000
000080001ffff00003fffe00007fffc0000000080000000100003fffe0000000040000
000080001ffff00003fffe00007fffc0000000080000000100003fffe0000000040000
000080001ffff00003fffe00007fffc0000000080000000100003fffe0000000040000
000080001ffff00003fffe00007fffc0000000080000000100003fffe0000000040000
000080001ffff00003fffe00007fffc0000000080000000100003fffe0000000040000
000080001ffff00003fffe00007fffc0000000080000000100003fffe0000000040000
000080001ffff00003fffe00007fffc0000000080000000100003fffe0000000040000
000080001ffff00003fffe00007fffc0000000080000000100003fffe0000000040000
000080001ffff00003fffe00007fffc0000000080000000100003fffe0000000040000
000080001ffff00003fffe00007fffc0000000080000000100003fffe0000000040000
000080001ffff00003fffe00007fffc0000000080000000100003fffe0000000040000
000080001ffff00003fffe00007fffc0000000080000000100003fffe0000000040000
000080001ffff00003fffe00007fffc0000000080000000100003fffe0000000040000
000080001ffff00003fffe00007fffc0000000080000000100003fffe0000000040000
000080001ffff00003fffe00007fffc0000000080000000100003fffe0000000040000
000080001ffff00003fffe00007fffc0000000080000000100003fffe0000000040000
000080001ffff00003fffe00007fffc0000000080000000100003fffe0000000040000
000080001ffff00003fffe00007fffc0000000080000000100003fffe0000000040000
000080001ffff00003fffe00007fffc0000000080000000100003fffe0000000040000
ffff000000001ff003fffc020000007f800ffff010000001fd003fffc060000007f000
ffff020000001fb003fffc0a0000007e800ffff030000001f9003fffc0e0000007e000
ffff040000001f7003fffc120000007d800ffff050000001f5003fffc160000007d000
ffff060000001f3003fffc1a0000007c800ffff070000001f1003fffc1e0000007c000
ffff080000001ef003fffc220000007b800ffff090000001ed003fffc260000007b000
ffff0a0000001eb003fffc2a0000007a800ffff0b0000001e9003fffc2e0000007a000
ffff0c0000001e7003fffc3200000079800ffff0d0000001e5003fffc3600000079000
ffff0e0000001e3003fffc3a00000078800ffff0f0000001e1003fffc3e00000078000
ffff100000001df003fffc4200000077800ffff110000001dd003fffc4600000077000
ffff120000001db003fffc4a00000076800ffff130000001d9003fffc4e00000076000
ffff140000001d7003fffc5200000075800ffff150000001d5003fffc5600000075000
ffff160000001d3003fffc5a00000074800ffff170000001d1003fffc5e00000074000
ffff180000001cf003fffc6200000073800ffff190000001cd003fffc6600000073000
ffff1a0000001cb003fffc6a00000072800ffff1b0000001c9003fffc6e00000072000
ffff1c0000001c7003fffc7200000071800ffff1d0000001c5003fffc7600000071000
ffff1e0000001c3003fffc7a00000070800ffff1f0000001c1003fffc7e00000070000
ffff200000001bf003fffc820000006f800ffff210000001bd003fffc860000006f000
ffff220000001bb003fffc8a0000006e800ffff230000001b9003fffc8e0000006e000
ffff240000001b7003fffc920000006d800ffff250000001b5003fffc960000006d000
ffff260000001b3003fffc9a0000006c800ffff270000001b1003fffc9e0000006c000
ffff280000001af003fffca20000006b800ffff290000001ad003fffca60000006b000
ffff2a0000001ab003fffcaa0000006a800ffff2b0000001a9003fffcae0000006a000
ffff2c0000001a7003fffcb200000069800ffff2d0000001a5003fffcb600000069000
ffff2e0000001a3003fffcba00000068800ffff2f0000001a1003fffcbe00000068000
ffff3000000019f003fffcc200000067800ffff3100000019d003fffcc600000067000
ffff3200000019b003fffcca00000066800ffff33000000199003fffcce00000066000
ffff34000000197003fffcd200000065800ffff35000000195003fffcd600000065000
ffff36000000193003fffcda00000064800ffff37000000191003fffcde00000064000
ffff3800000018f003fffce200000063800ffff3900000018d003fffce600000063000
ffff3a00000018b003fffcea00000062800ffff3b000000189003fffcee00000062000
ffff3c000000187003fffcf200000061800ffff3d000000185003fffcf600000061000
ffff3e000000183003fffcfa00000060800ffff3f000000181003fffcfe00000060000
ffff4000000017f003fffd020000005f800ffff4100000017d003fffd060000005f000
ffff4200000017b003fffd0a0000005e800ffff43000000179003fffd0e0000005e000
ffff44000000177003fffd120000005d800ffff45000000175003fffd160000005d000
ffff46000000173003fffd1a0000005c800ffff47000000171003fffd1e0000005c000
ffff4800000016f003fffd220000005b800ffff4900000016d003fffd260000005b000
ffff4a00000016b003fffd2a0000005a800ffff4b000000169003fffd2e0000005a000
ffff4c000000167003fffd3200000059800ffff4d000000165003fffd3600000059000
ffff4e000000163003fffd3a00000058800ffff4f000000161003fffd3e00000058000
ffff5000000015f003fffd4200000057800ffff5100000015d003fffd4600000057000
ffff5200000015b003fffd4a00000056800ffff53000000159003fffd4e00000056000
ffff54000000157003fffd5200000055800ffff55000000155003fffd5600000055000
ffff56000000153003fffd5a00000054800ffff57000000151003fffd5e00000054000
ffff5800000014f003fffd6200000053800ffff5900000014d003fffd6600000053000
ffff5a00000014b003fffd6a00000052800ffff5b000000149003fffd6e00000052000
ffff5c000000147003fffd7200000051800ffff5d000000145003fffd7600000051000
ffff5e000000143003fffd7a00000050800ffff5f000000141003fffd7e00000050000
ffff6000000013f003fffd820000004f800ffff6100000013d003fffd860000004f000
ffff6200000013b003fffd8a0000004e800ffff63000000139003fffd8e0000004e000
ffff64000000137003fffd920000004d800ffff65000000135003fffd960000004d000
ffff66000000133003fffd9a0000004c800ffff67000000131003fffd9e0000004c000
ffff6800000012f003fffda20000004b800ffff6900000012d003fffda60000004b000
ffff6a00000012b003fffdaa0000004a800ffff6b000000129003fffdae0000004a000
ffff6c000000127003fffdb200000049800ffff6d000000125003fffdb600000049000
ffff6e000000123003fffdba00000048800ffff6f000000121003fffdbe00000048000
ffff7000000011f003fffdc200000047800ffff7100000011d003fffdc600000047000
ffff7200000011b003fffdca00000046800ffff73000000119003fffdce00000046000
ffff74000000117003fffdd200000045800ffff75000000115003fffdd600000045000
ffff76000000113003fffdda00000044800ffff77000000111003fffdde00000044000
ffff7800000010f003fffde200000043800ffff7900000010d003fffde600000043000
ffff7a00000010b003fffdea00000042800ffff7b000000109003fffdee00000042000
ffff7c000000107003fffdf200000041800ffff7d000000105003fffdf600000041000
ffff7e000000103003fffdfa00000040800ffff7f000000101003fffdfe00000040000
ffff800000000ff003fffe020000003f800ffff810000000fd003fffe060000003f000
ffff820000000fb003fffe0a0000003e800ffff830000000f9003fffe0e0000003e000
ffff840000000f7003fffe120000003d800ffff850000000f5003fffe160000003d000
ffff860000000f3003fffe1a0000003c800ffff870000000f1003fffe1e0000003c000
ffff880000000ef003fffe220000003b800ffff890000000ed003fffe260000003b000
ffff8a0000000eb003fffe2a0000003a800ffff8b0000000e9003fffe2e0000003a000
ffff8c0000000e7003fffe3200000039800ffff8d0000000e5003fffe3600000039000
ffff8e0000000e3003fffe3a00000038800ffff8f0000000e1003fffe3e00000038000
ffff900000000df003fffe4200000037800ffff910000000dd003fffe4600000037000
ffff920000000db003fffe4a00000036800ffff930000000d9003fffe4e00000036000
ffff940000000d7003fffe5200000035800ffff950000000d5003fffe5600000035000
ffff960000000d3003fffe5a00000034800ffff970000000d1003fffe5e00000034000
ffff980000000cf003fffe6200000033800ffff990000000cd003fffe6600000033000
ffff9a0000000cb003fffe6a00000032800ffff9b0000000c9003fffe6e00000032000
ffff9c0000000c7003fffe7200000031800ffff9d0000000c5003fffe7600000031000
ffff9e0000000c3003fffe7a00000030800ffff9f0000000c1003fffe7e00000030000
ffffa00000000bf003fffe820000002f800ffffa10000000bd003fffe860000002f000
ffffa20000000bb003fffe8a0000002e800ffffa30000000b9003fffe8e0000002e000
ffffa40000000b7003fffe920000002d800ffffa50000000b5003fffe960000002d000
ffffa60000000b3003fffe9a0000002c800ffffa70000000b1003fffe9e0000002c000
ffffa80000000af003fffea20000002b800ffffa90000000ad003fffea60000002b000
ffffaa0000000ab003fffeaa0000002a800ffffab0000000a9003fffeae0000002a000
ffffac0000000a7003fffeb200000029800ffffad0000000a5003fffeb600000029000
ffffae0000000a3003fffeba00000028800ffffaf0000000a1003fffebe00000028000
ffffb000000009f003fffec200000027800ffffb100000009d003fffec600000027000
ffffb200000009b003fffeca00000026800ffffb3000000099003fffece00000026000
ffffb4000000097003fffed200000025800ffffb5000000095003fffed600000025000
ffffb6000000093003fffeda00000024800ffffb7000000091003fffede00000024000
ffffb800000008f003fffee200000023800ffffb900000008d003fffee600000023000
ffffba00000008b003fffeea00000022800ffffbb000000089003fffeee00000022000
ffffbc000000087003fffef200000021800ffffbd000000085003fffef600000021000
ffffbe000000083003fffefa00000020800ffffbf000000081003fffefe00000020000
ffffc000000007f003ffff020000001f800ffffc100000007d003ffff060000001f000
ffffc200000007b003ffff0a0000001e800ffffc3000000079003ffff0e0000001e000
ffffc4000000077003ffff120000001d800ffffc5000000075003ffff160000001d000
ffffc6000000073003ffff1a0000001c800ffffc7000000071003ffff1e0000001c000
ffffc800000006f003ffff220000001b800ffffc900000006d003ffff260000001b000
ffffca00000006b003ffff2a0000001a800ffffcb000000069003ffff2e0000001a000
ffffcc000000067003ffff3200000019800ffffcd000000065003ffff3600000019000
ffffce000000063003ffff3a00000018800ffffcf000000061003ffff3e00000018000
ffffd000000005f003ffff4200000017800ffffd100000005d003ffff4600000017000
ffffd200000005b003ffff4a00000016800ffffd3000000059003ffff4e00000016000
ffffd4000000057003ffff5200000015800ffffd5000000055003ffff5600000015000
ffffd6000000053003ffff5a00000014800ffffd7000000051003ffff5e00000014000
ffffd800000004f003ffff6200000013800ffffd900000004d003ffff6600000013000
ffffda00000004b003ffff6a00000012800ffffdb000000049003ffff6e00000012000
ffffdc000000047003ffff7200000011800ffffdd000000045003ffff7600000011000
ffffde000000043003ffff7a00000010800ffffdf000000041003ffff7e00000010000
ffffe000000003f003ffff820000000f800ffffe100000003d003ffff860000000f000
ffffe200000003b003ffff8a0000000e800ffffe3000000039003ffff8e0000000e000
ffffe4000000037003ffff920000000d800ffffe5000000035003ffff960000000d000
ffffe6000000033003ffff9a0000000c800ffffe7000000031003ffff9e0000000c000
ffffe800000002f003ffffa20000000b800ffffe900000002d003ffffa60000000b000
ffffea00000002b003ffffaa0000000a800ffffeb000000029003ffffae0000000a000
ffffec000000027003ffffb200000009800ffffed000000025003ffffb600000009000
ffffee000000023003ffffba00000008800ffffef000000021003ffffbe00000008000
fffff000000001f003ffffc200000007800fffff100000001d003ffffc600000007000
fffff200000001b003ffffca00000006800fffff3000000019003ffffce00000006000
fffff4000000017003ffffd200000005800fffff5000000015003ffffd600000005000
fffff6000000013003ffffda00000004800fffff7000000011003ffffde00000004000
fffff800000000f003ffffe200000003800fffff900000000d003ffffe600000003000
fffffa00000000b003ffffea00000002800fffffb000000009003ffffee00000002000
fffffc000000007003fffff200000001800fffffd000000005003fffff600000001000
fffffe000000003003fffffa00000000800ffffff000000001003fffffe00000000000
000000001ffffff000000002007fffff800000001001fffffd000000006007fffff000
000002001fffffb00000000a007ffffe800000003001fffff900000000e007ffffe000
000004001fffff7000000012007ffffd800000005001fffff5000000016007ffffd000
000006001fffff300000001a007ffffc800000007001fffff100000001e007ffffc000
000008001ffffef000000022007ffffb800000009001ffffed000000026007ffffb000
00000a001ffffeb00000002a007ffffa80000000b001ffffe900000002e007ffffa000
00000c001ffffe7000000032007ffff980000000d001ffffe5000000036007ffff9000
00000e001ffffe300000003a007ffff880000000f001ffffe100000003e007ffff8000
000010001ffffdf000000042007ffff7800000011001ffffdd000000046007ffff7000
000012001ffffdb00000004a007ffff6800000013001ffffd900000004e007ffff6000
000014001ffffd7000000052007ffff5800000015001ffffd5000000056007ffff5000
000016001ffffd300000005a007ffff4800000017001ffffd100000005e007ffff4000
000018001ffffcf000000062007ffff3800000019001ffffcd000000066007ffff3000
00001a001ffffcb00000006a007ffff280000001b001ffffc900000006e007ffff2000
00001c001ffffc7000000072007ffff180000001d001ffffc5000000076007ffff1000
00001e001ffffc300000007a007ffff080000001f001ffffc100000007e007ffff0000
000020001ffffbf000000082007fffef800000021001ffffbd000000086007fffef000
000022001ffffbb00000008a007fffee800000023001ffffb900000008e007fffee000
000024001ffffb7000000092007fffed800000025001ffffb5000000096007fffed000
000026001ffffb300000009a007fffec800000027001ffffb100000009e007fffec000
000028001ffffaf0000000a2007fffeb800000029001ffffad0000000a6007fffeb000
00002a001ffffab0000000aa007fffea80000002b001ffffa90000000ae007fffea000
00002c001ffffa70000000b2007fffe980000002d001ffffa50000000b6007fffe9000
00002e001ffffa30000000ba007fffe880000002f001ffffa10000000be007fffe8000
000030001ffff9f0000000c2007fffe7800000031001ffff9d0000000c6007fffe7000
000032001ffff9b0000000ca007fffe6800000033001ffff990000000ce007fffe6000
000034001ffff970000000d2007fffe5800000035001ffff950000000d6007fffe5000
000036001ffff930000000da007fffe4800000037001ffff910000000de007fffe4000
000038001ffff8f0000000e2007fffe3800000039001ffff8d0000000e6007fffe3000
00003a001ffff8b0000000ea007fffe280000003b001ffff890000000ee007fffe2000
00003c001ffff870000000f2007fffe180000003d001ffff850000000f6007fffe1000
00003e001ffff830000000fa007fffe080000003f001ffff810000000fe007fffe0000
000040001ffff7f000000102007fffdf800000041001ffff7d000000106007fffdf000
000042001ffff7b00000010a007fffde800000043001ffff7900000010e007fffde000
000044001ffff77000000112007fffdd800000045001ffff75000000116007fffdd000
000046001ffff7300000011a007fffdc800000047001ffff7100000011e007fffdc000
000048001ffff6f000000122007fffdb800000049001ffff6d000000126007fffdb000
00004a001ffff6b00000012a007fffda80000004b001ffff6900000012e007fffda000
00004c001ffff67000000132007fffd980000004d001ffff65000000136007fffd9000
00004e001ffff6300000013a007fffd880000004f001ffff6100000013e007fffd8000
000050001ffff5f000000142007fffd7800000051001ffff5d000000146007fffd7000
000052001ffff5b00000014a007fffd6800000053001ffff5900000014e007fffd6000
000054001ffff57000000152007fffd5800000055001ffff55000000156007fffd5000
000056001ffff5300000015a007fffd4800000057001ffff5100000015e007fffd4000
000058001ffff4f000000162007fffd3800000059001ffff4d000000166007fffd3000
00005a001ffff4b00000016a007fffd280000005b001ffff4900000016e007fffd2000
00005c001ffff47000000172007fffd180000005d001ffff45000000176007fffd1000
00005e001ffff4300000017a007fffd080000005f001ffff4100000017e007fffd0000
000060001ffff3f000000182007fffcf800000061001ffff3d000000186007fffcf000
000062001ffff3b00000018a007fffce800000063001ffff3900000018e007fffce000
000064001ffff37000000192007fffcd800000065001ffff35000000196007fffcd000
000066001ffff3300000019a007fffcc800000067001ffff3100000019e007fffcc000
000068001ffff2f0000001a2007fffcb800000069001ffff2d0000001a6007fffcb000
00006a001ffff2b0000001aa007fffca80000006b001ffff290000001ae007fffca000
00006c001ffff270000001b2007fffc980000006d001ffff250000001b6007fffc9000
00006e001ffff230000001ba007fffc880000006f001ffff210000001be007fffc8000
000070001ffff1f0000001c2007fffc7800000071001ffff1d0000001c6007fffc7000
000072001ffff1b0000001ca007fffc6800000073001ffff190000001ce007fffc6000
000074001ffff170000001d2007fffc5800000075001ffff150000001d6007fffc5000
000076001ffff130000001da007fffc4800000077001ffff110000001de007fffc4000
000078001ffff0f0000001e2007fffc3800000079001ffff0d0000001e6007fffc3000
00007a001ffff0b0000001ea007fffc280000007b001ffff090000001ee007fffc2000
00007c001ffff070000001f2007fffc180000007d001ffff050000001f6007fffc1000
00007e001ffff030000001fa007fffc080000007f001ffff010000001fe007fffc0000
000080001fffeff000000202007fffbf800000081001fffefd000000206007fffbf000
000082001fffefb00000020a007fffbe800000083001fffef900000020e007fffbe000
000084001fffef7000000212007fffbd800000085001fffef5000000216007fffbd000
000086001fffef300000021a007fffbc800000087001fffef100000021e007fffbc000
000088001fffeef000000222007fffbb800000089001fffeed000000226007fffbb000
00008a001fffeeb00000022a007fffba80000008b001fffee900000022e007fffba000
00008c001fffee7000000232007fffb980000008d001fffee5000000236007fffb9000
00008e001fffee300000023a007fffb880000008f001fffee100000023e007fffb8000
000090001fffedf000000242007fffb7800000091001fffedd000000246007fffb7000
000092001fffedb00000024a007fffb6800000093001fffed900000024e007fffb6000
000094001fffed7000000252007fffb5800000095001fffed5000000256007fffb5000
000096001fffed300000025a007fffb4800000097001fffed100000025e007fffb4000
000098001fffecf000000262007fffb3800000099001fffecd000000266007fffb3000
00009a001fffecb00000026a007fffb280000009b001fffec900000026e007fffb2000
00009c001fffec7000000272007fffb180000009d001fffec5000000276007fffb1000
00009e001fffec300000027a007fffb080000009f001fffec100000027e007fffb0000
0000a0001fffebf000000282007fffaf8000000a1001fffebd000000286007fffaf000
0000a2001fffebb00000028a007fffae8000000a3001fffeb900000028e007fffae000
0000a4001fffeb7000000292007fffad8000000a5001fffeb5000000296007fffad000
0000a6001fffeb300000029a007fffac8000000a7001fffeb100000029e007fffac000
0000a8001fffeaf0000002a2007fffab8000000a9001fffead0000002a6007fffab000
0000aa001fffeab0000002aa007fffaa8000000ab001fffea90000002ae007fffaa000
0000ac001fffea70000002b2007fffa98000000ad001fffea50000002b6007fffa9000
0000ae001fffea30000002ba007fffa88000000af001fffea10000002be007fffa8000
0000b0001fffe9f0000002c2007fffa78000000b1001fffe9d0000002c6007fffa7000
0000b2001fffe9b0000002ca007fffa68000000b3001fffe990000002ce007fffa6000
0000b4001fffe970000002d2007fffa58000000b5001fffe950000002d6007fffa5000
0000b6001fffe930000002da007fffa48000000b7001fffe910000002de007fffa4000
0000b8001fffe8f0000002e2007fffa38000000b9001fffe8d0000002e6007fffa3000
0000ba001fffe8b0000002ea007fffa28000000bb001fffe890000002ee007fffa2000
0000bc001fffe870000002f2007fffa18000000bd001fffe850000002f6007fffa1000
0000be001fffe830000002fa007fffa08000000bf001fffe810000002fe007fffa0000
0000c0001fffe7f000000302007fff9f8000000c1001fffe7d000000306007fff9f000
0000c2001fffe7b00000030a007fff9e8000000c3001fffe7900000030e007fff9e000
0000c4001fffe77000000312007fff9d8000000c5001fffe75000000316007fff9d000
0000c6001fffe7300000031a007fff9c8000000c7001fffe7100000031e007fff9c000
0000c8001fffe6f000000322007fff9b8000000c9001fffe6d000000326007fff9b000
0000ca001fffe6b00000032a007fff9a8000000cb001fffe6900000032e007fff9a000
0000cc001fffe67000000332007fff998000000cd001fffe65000000336007fff99000
0000ce001fffe6300000033a007fff988000000cf001fffe6100000033e007fff98000
0000d0001fffe5f000000342007fff978000000d1001fffe5d000000346007fff97000
0000d2001fffe5b00000034a007fff968000000d3001fffe5900000034e007fff96000
0000d4001fffe57000000352007fff958000000d5001fffe55000000356007fff95000
0000d6001fffe5300000035a007fff948000000d7001fffe5100000035e007fff94000
0000d8001fffe4f000000362007fff938000000d9001fffe4d000000366007fff93000
0000da001fffe4b00000036a007fff928000000db001fffe4900000036e007fff92000
0000dc001fffe47000000372007fff918000000dd001fffe45000000376007fff91000
0000de001fffe4300000037a007fff908000000df001fffe4100000037e007fff90000
0000e0001fffe3f000000382007fff8f8000000e1001fffe3d000000386007fff8f000
0000e2001fffe3b00000038a007fff8e8000000e3001fffe3900000038e007fff8e000
0000e4001fffe37000000392007fff8d8000000e5001fffe35000000396007fff8d000
0000e6001fffe3300000039a007fff8c8000000e7001fffe3100000039e007fff8c000
0000e8001fffe2f0000003a2007fff8b8000000e9001fffe2d0000003a6007fff8b000
0000ea001fffe2b0000003aa007fff8a8000000eb001fffe290000003ae007fff8a000
0000ec001fffe270000003b2007fff898000000ed001fffe250000003b6007fff89000
0000ee001fffe230000003ba007fff888000000ef001fffe210000003be007fff88000
0000f0001fffe1f0000003c2007fff878000000f1001fffe1d0000003c6007fff87000
0000f2001fffe1b0000003ca007fff868000000f3001fffe190000003ce007fff86000
0000f4001fffe170000003d2007fff858000000f5001fffe150000003d6007fff85000
0000f6001fffe130000003da007fff848000000f7001fffe110000003de007fff84000
0000f8001fffe0f0000003e2007fff838000000f9001fffe0d0000003e6007fff83000
0000fa001fffe0b0000003ea007fff828000000fb001fffe090000003ee007fff82000
0000fc001fffe070000003f2007fff818000000fd001fffe050000003f6007fff81000
0000fe001fffe030000003fa007fff808000000ff001fffe010000003fe007fff80000
080000001f00000003e00000007c0000000080000000100000003e0000000040000000
080000001f00000003e00000007c0000000080000000100000003e0000000040000000
080000001f00000003e00000007c0000000080000000100000003e0000000040000000
080000001f00000003e00000007c0000000080000000100000003e0000000040000000
080000001f00000003e00000007c0000000080000000100000003e0000000040000000
080000001f00000003e00000007c0000000080000000100000003e0000000040000000
080000001f00000003e00000007c0000000080000000100000003e0000000040000000
080000001f00000003e00000007c0000000080000000100000003e0000000040000000
080000001f00000003e00000007c0000000080000000100000003e0000000040000000
080000001f00000003e00000007c0000000080000000100000003e0000000040000000
080000001f00000003e00000007c0000000080000000100000003e0000000040000000
080000001f00000003e00000007c0000000080000000100000003e0000000040000000
080000001f00000003e00000007c0000000080000000100000003e0000000040000000
080000001f00000003e00000007c0000000080000000100000003e0000000040000000
080000001f00000003e00000007c0000000080000000100000003e0000000040000000
080000001f00000003e00000007c0000000080000000100000003e0000000040000000
080000001f00000003e00000007c0000000080000000100000003e0000000040000000
080000001f00000003e00000007c0000000080000000100000003e0000000040000000
080000001f00000003e00000007c0000000080000000100000003e0000000040000000
080000001f00000003e00000007c0000000080000000100000003e0000000040000000
080000001f00000003e00000007c0000000080000000100000003e0000000040000000
080000001f00000003e00000007c0000000080000000100000003e0000000040000000
080000001f00000003e00000007c0000000080000000100000003e0000000040000000
080000001f00000003e00000007c0000000080000000100000003e0000000040000000
080000001f00000003e00000007c0000000080000000100000003e0000000040000000
080000001f00000003e00000007c0000000080000000100000003e0000000040000000
080000001f00000003e00000007c0000000080000000100000003e0000000040000000
080000001f00000003e00000007c0000000080000000100000003e0000000040000000
080000001f00000003e00000007c0000000080000000100000003e0000000040000000
080000001f00000003e00000007c0000000080000000100000003e0000000040000000
080000001f00000003e00000007c0000000080000000100000003e0000000040000000
080000001f00000003e00000007c0000000080000000100000003e0000000040000000
080000001f00000003e00000007c0000000080000000100000003e0000000040000000
080000001f00000003e00000007c0000000080000000100000003e0000000040000000
080000001f00000003e00000007c0000000080000000100000003e0000000040000000
080000001f00000003e00000007c0000000080000000100000003e0000000040000000
080000001f00000003e00000007c0000000080000000100000003e0000000040000000
080000001f00000003e00000007c0000000080000000100000003e0000000040000000
080000001f00000003e00000007c0000000080000000100000003e0000000040000000
080000001f00000003e00000007c0000000080000000100000003e0000000040000000
080000001f00000003e00000007c0000000080000000100000003e0000000040000000
080000001f00000003e00000007c0000000080000000100000003e0000000040000000
080000001f00000003e00000007c0000000080000000100000003e0000000040000000
080000001f00000003e00000007c0000000080000000100000003e0000000040000000
080000001f00000003e00000007c0000000080000000100000003e0000000040000000
080000001f00000003e00000007c0000000080000000100000003e0000000040000000
080000001f00000003e00000007c0000000080000000100000003e0000000040000000
080000001f00000003e00000007c0000000080000000100000003e0000000040000000
080000001f00000003e00000007c0000000080000000100000003e0000000040000000
080000001f00000003e00000007c0000000080000000100000003e0000000040000000
080000001f00000003e00000007c0000000080000000100000003e0000000040000000
080000001f00000003e00000007c0000000080000000100000003e0000000040000000
080000001f00000003e00000007c0000000080000000100000003e0000000040000000
080000001f00000003e00000007c0000000080000000100000003e0000000040000000
080000001f00000003e00000007c0000000080000000100000003e0000000040000000
080000001f00000003e00000007c0000000080000000100000003e0000000040000000
080000001f00000003e00000007c0000000080000000100000003e0000000040000000
080000001f00000003e00000007c0000000080000000100000003e0000000040000000
080000001f00000003e00000007c0000000080000000100000003e0000000040000000
080000001f00000003e00000007c0000000080000000100000003e0000000040000000
080000001f00000003e00000007c0000000080000000100000003e0000000040000000
080000001f00000003e00000007c0000000080000000100000003e0000000040000000
080000001f00000003e00000007c0000000080000000100000003e0000000040000000
080000001f00000003e00000007c0000000080000000100000003e0000000040000000
080000001f00000003e00000007c0000000080000000100000003e0000000040000000
080000001f00000003e00000007c0000000080000000100000003e0000000040000000
080000001f00000003e00000007c0000000080000000100000003e0000000040000000
080000001f00000003e00000007c0000000080000000100000003e0000000040000000
080000001f00000003e00000007c0000000080000000100000003e0000000040000000
080000001f00000003e00000007c0000000080000000100000003e0000000040000000
080000001f00000003e00000007c0000000080000000100000003e0000000040000000
080000001f00000003e00000007c0000000080000000100000003e0000000040000000
080000001f00000003e00000007c0000000080000000100000003e0000000040000000
080000001f00000003e00000007c0000000080000000100000003e0000000040000000
080000001f00000003e00000007c0000000080000000100000003e0000000040000000
080000001f00000003e00000007c0000000080000000100000003e0000000040000000
080000001f00000003e00000007c0000000080000000100000003e0000000040000000
080000001f00000003e00000007c0000000080000000100000003e0000000040000000
080000001f00000003e00000007c0000000080000000100000003e0000000040000000
080000001f00000003e00000007c0000000080000000100000003e0000000040000000
080000001f00000003e00000007c0000000080000000100000003e0000000040000000
080000001f00000003e00000007c0000000080000000100000003e0000000040000000
080000001f00000003e00000007c0000000080000000100000003e0000000040000000
080000001f00000003e00000007c0000000080000000100000003e0000000040000000
080000001f00000003e00000007c0000000080000000100000003e0000000040000000
080000001f00000003e00000007c0000000080000000100000003e0000000040000000
080000001f00000003e00000007c0000000080000000100000003e0000000040000000
080000001f00000003e00000007c0000000080000000100000003e0000000040000000
080000001f00000003e00000007c0000000080000000100000003e0000000040000000
080000001f00000003e00000007c0000000080000000100000003e0000000040000000
080000001f00000003e00000007c0000000080000000100000003e0000000040000000
080000001f00000003e00000007c0000000080000000100000003e0000000040000000
080000001f00000003e00000007c0000000080000000100000003e0000000040000000
080000001f00000003e00000007c0000000080000000100000003e0000000040000000
080000001f00000003e00000007c0000000080000000100000003e0000000040000000
080000001f00000003e00000007c0000000080000000100000003e0000000040000000
080000001f00000003e00000007c0000000080000000100000003e0000000040000000
080000001f00000003e00000007c0000000080000000100000003e0000000040000000
080000001f00000003e00000007c0000000080000000100000003e0000000040000000
080000001f00000003e00000007c0000000080000000100000003e0000000040000000
080000001f00000003e00000007c0000000080000000100000003e0000000040000000
080000001f00000003e00000007c0000000080000000100000003e0000000040000000
080000001f00000003e00000007c0000000080000000100000003e0000000040000000
080000001f00000003e00000007c0000000080000000100000003e0000000040000000
080000001f00000003e00000007c0000000080000000100000003e0000000040000000
080000001f00000003e00000007c0000000080000000100000003e0000000040000000
080000001f00000003e00000007c0000000080000000100000003e0000000040000000
080000001f00000003e00000007c0000000080000000100000003e0000000040000000
080000001f00000003e00000007c0000000080000000100000003e0000000040000000
080000001f00000003e00000007c0000000080000000100000003e0000000040000000
080000001f00000003e00000007c0000000080000000100000003e0000000040000000
080000001f00000003e00000007c0000000080000000100000003e0000000040000000
080000001f00000003e00000007c0000000080000000100000003e0000000040000000
080000001f00000003e00000007c0000000080000000100000003e0000000040000000
080000001f00000003e00000007c0000000080000000100000003e0000000040000000
080000001f00000003e00000007c0000000080000000100000003e0000000040000000
080000001f00000003e00000007c0000000080000000100000003e0000000040000000
080000001f00000003e00000007c0000000080000000100000003e0000000040000000
080000001f00000003e00000007c0000000080000000100000003e0000000040000000
080000001f00000003e00000007c0000000080000000100000003e0000000040000000
080000001f00000003e00000007c0000000080000000100000003e0000000040000000
080000001f00000003e00000007c0000000080000000100000003e0000000040000000
080000001f00000003e00000007c0000000080000000100000003e0000000040000000
080000001f00000003e00000007c0000000080000000100000003e0000000040000000
080000001f00000003e00000007c0000000080000000100000003e0000000040000000
080000001f00000003e00000007c0000000080000000100000003e0000000040000000
080000001f00000003e00000007c0000000080000000100000003e0000000040000000
080000001f00000003e00000007c0000000080000000100000003e0000000040000000
080000001f00000003e00000007c0000000080000000100000003e0000000040000000
080000001f00000003e00000007c0000000080000000100000003e0000000040000000
080000001f00000003e00000007c0000000080000000100000003e0000000040000000
080000001f00000003e00000007c0000000080000000100000003e0000000040000000
080000001f00000003e00000007c0000000080000000100000003e0000000040000000
080000001f00000003e00000007c0000000080000000100000003e0000000040000000
080000001f00000003e00000007c0000000080000000100000003e0000000040000000
080000001f00000003e00000007c0000000080000000100000003e0000000040000000
080000001f00000003e00000007c0000000080000000100000003e0000000040000000
080000001f00000003e00000007c0000000080000000100000003e0000000040000000
080000001f00000003e00000007c0000000080000000100000003e0000000040000000
080000001f00000003e00000007c0000000080000000100000003e0000000040000000
080000001f00000003e00000007c0000000080000000100000003e0000000040000000
080000001f00000003e00000007c0000000080000000100000003e0000000040000000
080000001f00000003e00000007c0000000080000000100000003e0000000040000000
080000001f00000003e00000007c0000000080000000100000003e0000000040000000
080000001f00000003e00000007c0000000080000000100000003e0000000040000000
080000001f00000003e00000007c0000000080000000100000003e0000000040000000
080000001f00000003e00000007c0000000080000000100000003e0000000040000000
080000001f00000003e00000007c0000000080000000100000003e0000000040000000
080000001f00000003e00000007c0000000080000000100000003e0000000040000000
080000001f00000003e00000007c0000000080000000100000003e0000000040000000
080000001f00000003e00000007c0000000080000000100000003e0000000040000000
080000001f00000003e00000007c0000000080000000100000003e0000000040000000
080000001f00000003e00000007c0000000080000000100000003e0000000040000000
080000001f00000003e00000007c0000000080000000100000003e0000000040000000
080000001f00000003e00000007c0000000080000000100000003e0000000040000000
080000001f00000003e00000007c0000000080000000100000003e0000000040000000
080000001f00000003e00000007c0000000080000000100000003e0000000040000000
080000001f00000003e00000007c0000000080000000100000003e0000000040000000
080000001f00000003e00000007c0000000080000000100000003e0000000040000000
080000001f00000003e00000007c0000000080000000100000003e0000000040000000
080000001f00000003e00000007c0000000080000000100000003e0000000040000000
080000001f00000003e00000007c0000000080000000100000003e0000000040000000
080000001f00000003e00000007c0000000080000000100000003e0000000040000000
080000001f00000003e00000007c0000000080000000100000003e0000000040000000
080000001f00000003e00000007c0000000080000000100000003e0000000040000000
080000001f00000003e00000007c0000000080000000100000003e0000000040000000
080000001f00000003e00000007c0000000080000000100000003e0000000040000000
080000001f00000003e00000007c0000000080000000100000003e0000000040000000
080000001f00000003e00000007c0000000080000000100000003e0000000040000000
080000001f00000003e00000007c0000000080000000100000003e0000000040000000
080000001f00000003e00000007c0000000080000000100000003e0000000040000000
080000001f00000003e00000007c0000000080000000100000003e0000000040000000
080000001f00000003e00000007c0000000080000000100000003e0000000040000000
080000001f00000003e00000007c0000000080000000100000003e0000000040000000
080000001f00000003e00000007c0000000080000000100000003e0000000040000000
080000001f00000003e00000007c0000000080000000100000003e0000000040000000
080000001f00000003e00000007c0000000080000000100000003e0000000040000000
080000001f00000003e00000007c0000000080000000100000003e0000000040000000
080000001f00000003e00000007c0000000080000000100000003e0000000040000000
080000001f00000003e00000007c0000000080000000100000003e0000000040000000
080000001f00000003e00000007c0000000080000000100000003e0000000040000000
080000001f00000003e00000007c0000000080000000100000003e0000000040000000
080000001f00000003e00000007c0000000080000000100000003e0000000040000000
080000001f00000003e00000007c0000000080000000100000003e0000000040000000
080000001f00000003e00000007c0000000080000000100000003e0000000040000000
080000001f00000003e00000007c0000000080000000100000003e0000000040000000
080000001f00000003e00000007c0000000080000000100000003e0000000040000000
080000001f00000003e00000007c0000000080000000100000003e0000000040000000
080000001f00000003e00000007c0000000080000000100000003e0000000040000000
080000001f00000003e00000007c0000000080000000100000003e0000000040000000
080000001f00000003e00000007c0000000080000000100000003e0000000040000000
080000001f00000003e00000007c0000000080000000100000003e0000000040000000
080000001f00000003e00000007c0000000080000000100000003e0000000040000000
080000001f00000003e00000007c0000000080000000100000003e0000000040000000
080000001f00000003e00000007c0000000080000000100000003e0000000040000000
080000001f00000003e00000007c0000000080000000100000003e0000000040000000
080000001f00000003e00000007c0000000080000000100000003e0000000040000000
080000001f00000003e00000007c0000000080000000100000003e0000000040000000
080000001f00000003e00000007c0000000080000000100000003e0000000040000000
080000001f00000003e00000007c0000000080000000100000003e0000000040000000
080000001f00000003e00000007c0000000080000000100000003e0000000040000000
080000001f00000003e00000007c0000000080000000100000003e0000000040000000
080000001f00000003e00000007c0000000080000000100000003e0000000040000000
080000001f00000003e00000007c0000000080000000100000003e0000000040000000
080000001f00000003e00000007c0000000080000000100000003e0000000040000000
080000001f00000003e00000007c0000000080000000100000003e0000000040000000
080000001f00000003e00000007c0000000080000000100000003e0000000040000000
080000001f00000003e00000007c0000000080000000100000003e0000000040000000
080000001f00000003e00000007c0000000080000000100000003e0000000040000000
080000001f00000003e00000007c0000000080000000100000003e0000000040000000
080000001f00000003e00000007c0000000080000000100000003e0000000040000000
080000001f00000003e00000007c0000000080000000100000003e0000000040000000
080000001f00000003e00000007c0000000080000000100000003e0000000040000000
080000001f00000003e00000007c0000000080000000100000003e0000000040000000
080000001f00000003e00000007c0000000080000000100000003e0000000040000000
080000001f00000003e00000007c0000000080000000100000003e0000000040000000
080000001f00000003e00000007c0000000080000000100000003e0000000040000000
080000001f00000003e00000007c0000000080000000100000003e0000000040000000
080000001f00000003e00000007c0000000080000000100000003e0000000040000000
080000001f00000003e00000007c0000000080000000100000003e0000000040000000
080000001f00000003e00000007c0000000080000000100000003e0000000040000000
080000001f00000003e00000007c0000000080000000100000003e0000000040000000
080000001f00000003e00000007c0000000080000000100000003e0000000040000000
080000001f00000003e00000007c0000000080000000100000003e0000000040000000
080000001f00000003e00000007c0000000080000000100000003e0000000040000000
080000001f00000003e00000007c0000000080000000100000003e0000000040000000
080000001f00000003e00000007c0000000080000000100000003e0000000040000000
080000001f00000003e00000007c0000000080000000100000003e0000000040000000
080000001f00000003e00000007c0000000080000000100000003e0000000040000000
080000001f00000003e00000007c0000000080000000100000003e0000000040000000
080000001f00000003e00000007c0000000080000000100000003e0000000040000000
080000001f00000003e00000007c0000000080000000100000003e0000000040000000
080000001f00000003e00000007c0000000080000000100000003e0000000040000000
080000001f00000003e00000007c0000000080000000100000003e0000000040000000
080000001f00000003e00000007c0000000080000000100000003e0000000040000000
080000001f00000003e00000007c0000000080000000100000003e0000000040000000
080000001f00000003e00000007c0000000080000000100000003e0000000040000000
080000001f00000003e00000007c0000000080000000100000003e0000000040000000
080000001f00000003e00000007c0000000080000000100000003e0000000040000000
080000001f00000003e00000007c0000000080000000100000003e0000000040000000
080000001f00000003e00000007c0000000080000000100000003e0000000040000000
080000001f00000003e00000007c0000000080000000100000003e0000000040000000
080000001f00000003e00000007c0000000080000000100000003e0000000040000000
080000001f00000003e00000007c0000000080000000100000003e0000000040000000
080000001f00000003e00000007c0000000080000000100000003e0000000040000000
080000001f00000003e00000007c0000000080000000100000003e0000000040000000
080000001f00000003e00000007c0000000080000000100000003e0000000040000000
080000001f00000003e00000007c0000000080000000100000003e0000000040000000
080000001f00000003e00000007c0000000080000000100000003e0000000040000000
080000001f00000003e00000007c0000000080000000100000003e0000000040000000
080000001f00000003e00000007c0000000080000000100000003e0000000040000000
080000001f00000003e00000007c0000000080000000100000003e0000000040000000
080000001f00000003e00000007c0000000080000000100000003e0000000040000000
080000001f00000003e00000007c0000000080000000100000003e0000000040000000
080000001f00000003e00000007c0000000080000000100000003e0000000040000000
080000001f00000003e00000007c0000000080000000100000003e0000000040000000
ffff7b1c000020b6f00004b76e00009d4180000369aa00037aa0ffff839bbffffd5505
00018f743fffe035bbfffd81d9fffff458b00011f6c7fffd811f00003cd10000025ba9
0001ee319fffc24713fffd812200001029cffff5c979fffd52a9ffffd2ee6000096d16
00015cbc3fffc3148bfffe04ae000055eebfffe08dac000089277fff9968180000f52d
0000d4a4c0001ce0340005c3300000e7adafffe63293fffe8770bfffe367e7fff722d9
fffe423340001bb2d40006fde97fff2f7c9ffff49ff1fffe6109c0002044a7fff14ec2
ffffa861ffffc25413ffffb76d8000820ecfffe242c1fffd7cda4000101ec800044b47
ffff6fcc7fffc78b47fffd2db80000aac0f00011629dfffeccc1ffff931c800003bfa7
fffe4aacc00033de4c0005459c0000b8adbfffede81dfffcf7b8800060abf7fff08645
00001fc49ffffc542c000765550000717ff00016b231fffce630bfffacbb67fff8a216
fffe3d9c40002b1bf0000508fdffff8f71800004626800039bdb80006182d0000be52c
ffff22947fffdbf84bfffbba637ffff24830001feab1fffd36cc3fffc1fc28000290ce
0001e92ec0001919400005163efffffc8f300006c4e7fffcf4c37fffe9bd3ffffa9afa
00016ba93fffd0d99800028e297fff9dbc9fffe273c0000139d740004540a7fff21785
00001afa200038ca70000046a20000fd41dffff488ddffff7a37bfff9d46c8000cd262
fffff5a740000cce240000b61600005baaefffef9369fffe8a24800061b2e8000c707e
ffff77a420002c387c0005947dffff36e1f000048af9fffd5a5640004e5ad8000e15ea
000152c19fffeda9280007f67080005206dffff837b40001304f3fffcc96b7fffd7163
fffff42ee00007bc8fffff3e5e7fff5a1c8fffefc89000038a883ffff9ca50000c7254
fffff181400022fe83fffa0ab47fff0626affff1e6dc0002c5c540002d26580004c19b
ffffe7f53fffd371100004c6cffffffe758000164cadfffff9ab8000185807fff120ad
00003a812000373cf00006d67d8000060d500010109c000063b4c0007e21500004efa4
00003d4abfffd7f4080002e6f97fff4dbe400001e191ffffb0df3fff9e7a3ffff94d89
fffe5224e0001f8feffffc76caffff02f850001dbace00015c827fffdd6c97fff7bd71
00012bb3000029bbb40003cddb80003bc4f0001eb0fc00030159c0005af02ffffe08db
0001a6cee00035a78000061da97fff7f13900009277bfffc6e5dc00070511800072826
0000b32d3fffe10e33fffe0852ffffea75affff585fdfffe50c880007d9cd7fffb8466
0000d00f3fffeece0000052cb20000e0f23fffe9480bfffe610600004a76e0000ef965
ffff14f19fffc36457fffe0331800023f42fffeb4d0bfffe718ac00055dd90000618fb
000013b3c0002bebb7fffac0947fffc079f0001d901000029ac70000185d17fffa6b11
fffe2e24a000281ec00000c37f7fff6ee420001c73c800019fa48000593388000e46c6
0001e7979fffc64bbbfffc4085000011a02fffff1155fffe862dffffc19b30000c92c3
ffffe5fbdfffcea5680006181900001e347000083a17fffe1aa280004557c0000af5a0
0000e86a00003a93f7fffcee857fff29937ffff983380000097c3fffe82d4ffffb17a4
ffff2419600034ce3ffffc0eea7fffd5472ffff4a93600019e6200007515280005485f
0001eda960003673840005558500009f84afffe41a75ffffe15c800061528000018fb7
0001572f1fffc2faa3fffa10287ffff4ea10001db7b9ffff29dbffff8f7027fff4530e
ffffdfe45ffff75be800032adcffff430c3ffff9372dfffc4bc98000539220000995aa
0001a8d5bfffd9e16ffff95ebf0000ca63efffe8b7cbffffbdbb3fffde202000082ad5
ffff37e07fffda1e5bfff9a71b0000429f000013b620000013a24000196568000057c3
ffff0568400024f24bfff8be93ffffc4f84fffe972b7fffc749a3fffec67d0000056dd
000198e8c00028aaf00002c4c88000cd0ac00002de3bfffc300ec000279e6000060fe3
ffff54d03ffffa5ff40004251affff750250000895c200029c1880007181f8000f29cb
00011ce780003b8218000535d18000573d8fffeb4f6e00001e4440000270c800065e78
00004af29fffd6f93c000069d67fffee41f0000ae6d9ffffb08980004e08000009c755
fffe1037dfffe4fc4c000040477fff3ec0100013babffffeaf823ffffc9278000e8cb6
ffffc66cdfffe50b1ffffd8601ffff1a1deffff03850000310be80000c4587fffcd719
ffff6ef300001610dc00009ff280007898300018ea1bffff542affffa8f38ffff6f1b1
fffe8f723fffcbcb6ffff8844a0000d4319ffff26e260002291c7ffff2f3e7fff9afab
0001333a1fffe99be80002a87c800054e7200009f82c0001b06ac000129d0fffff86fc
ffff63c6800015700400041a2d7fff2672f00009b1b3fffe1e060000641828000faf19
fffe01e53fffec8c1ffffd80c5fffff961efffe23f71fffe482d40005d4b2800087b30
00002f50a000395d17ffff82647fffe0a4000008804800014ca18000136a07fff91175
0001ab31fffff9b6fffff993788000c3efdfffe77906000366237fffcd232ffff5732c
fffe66f54000121c67fffbe83b7fffce3f2ffffdc8100003063c400078b6b80004817d
0001ddfdc000303b540007964d0000fa98e0001270fdffff0faf3fffb5bdf00000be94
00014a6fbfffd88958000656daffff632fa00019bb5dfffc5a0c400015e347fffc572b
000154e3dfffc16e14000426fc80003278d00010e6ebfffff5acc00067db7ffff4a6c8
ffff8e0e2000321863ffffddf900003fb72000193f1800001614bfff81dccffff47bae
fffe8a7f8000112e4ffffdb5efffffc6e05000183d9a00031fad00005ccb9000016d88
fffe10bd7fffe721effffcf8a0ffffa328c000191e51ffff795d800074c9c7fff0c701
0001dea8000005d6ec0004630affffd770c0000b565ffffdf32200002c6cc0000a3c39
0001bbab9fffda63b3fff8fc230000c9845ffff70c21fffe99c47fff82a40000028307
fffeabd31fffe4c3600005f4ebffffbc1edfffe151240001ef9580003b2e78000f5dec
ffff09e5c000101817fffbc57effff8c31cfffe23533fffc862e3fffd5cb800007aff8
fffed1c1bfffebf9fbfffac0160000f74e00001116cffffd153fbfffd539180001af88
0000556a9fffebe8a4000505c17fff9ed25ffffd4ac80003a113400037287ffffbe887
00005eb7bfffeb2adffffc02e6ffffae92bfffe4d4bc000009d5fffff090c7fff374a9
fffe69507fffd14cb40007120b7fffd03f60001e919bfffed231ffff8d14e8000fc08c
00000136c000391387ffff3ab1fffff1f0a0000928cbfffc1fe33fffa08a88000dcbba
000067a3dfffea9e7ffffc360c7fff56132fffe5d3d600008c91000041b0c000092950
ffffb04c40002e50a800012cc77fffb037b00016c00dfffd6df680001c3dc800032156
0001b5367fffe05a780000c8440000056dd00000872a0001e10c7fff9abda00008e6d0
fffe2c07e0002b5ec8000504968000861ba00006402ffffdcca400002fdc50000d0a03
fffe49167fffd860e3fffa5957000078cf8000125b6e0000454cc00053c758000d0692
0001558d7fffc979c400000cd4800089b00fffe8baf9fffeff2d800073e6b8000429e2
00004768e000143783fff96e540000933fc000115d7ffffef832bfffc80787fffcbd66
00012de09fffc911900005bc48ffff2ec2bffffa42720000b75d4000482c67ffff7a95
0001c5859ffffda4e00006664a000036e0b0000d40a60002bfbb7fff84d01800088f5e
fffec1446000069c2c00070a5d7fff56e250001331f3fffee85a7fffc57f280003d047
0001ca0e9ffff6ff4c00024614ffff80e6cfffe679e1fffc74f3c0000a1f18000ed579
0000515c7ffff2c9a000006b2a8000c7fc8fffee23920000110dc0002701cffffffdc0
fffe346d9ffff43a5c0006fdd4ffffd7479fffe7cc39fffe3f3f7fffbfa660000fa62d
ffffc674bfffee8773ffff597d0000a4fed00004d14dfffd4338c00049128ffff34024
00004127c00027fb03fff9821c7fff2baa600017cc0e00016c6cbfffb517e7fffc0f91
00010a88ffffcac5380007e91d7fffc073d0001f3a97fffd8d377fffb5002ffffde502
000075b23fffc810f7fff8e5aa7fffb53490001a809dfffd16367fffbf6f9ffffdcde8
000119ebffffdcea4400030f18ffffb641a00013618c0001d9573fffd7c990000480bb
0000aec4fffffb3ec7ffff14440000764d9000069361ffff41417fff90810ffff9a3da
fffee74ec00013d81000015b56ffff20d33fffed432ffffc59bc000052d288000dc3fe
fffe5442c000072cdc0000f12d0000cc90affffd983a0001e438800051fa97fffeaf7d
0001d2e5dfffdfddeffff89976ffffe5fd50001a3bc9fffe640580000b331000073ff4
0000eb7ea00023691ffffd259f0000daf70fffe013600001f4e3800007d1d80002553a
fffe52e0600039e3cbfffdf21effffc80790001e3a27fffd013e40002b35d0000d89a2
000167800000244a93fffd92e4800028e6dfffec588dfffc5184ffffc53ac8000c5ad2
fffe33633fffd4284bfffb685f7fffd1b5b0000805ac0000579fc00006a6b8000888b4
ffff6983ffffca99fc000042d1ffff7c21c0000cd783fffc3a72800061616800054fcb
00009d5b4000073190000149327fff72e120000696cdffffdd6940006da167fffd5d2e
fffe4c035fffe18e8fffff57ebffffc4bf4fffe108b40000468a800073839800093357
ffffd43de000011e2c0001def60000512f700012c3640003fe89c0005e955ffffce38d
00018ac2e00031b6f3fffdadd77fffb9404fffe8758c000069538000435807fffa81c3
000050273ffff00d800004bfd38000ecb8e000062c6fffff029b3fff86130ffff0d116
fffe5fe4e0002cc7580002748effffc73afffff5175dffff1ac9ffffe3a687fffd2a01
ffffee501fffddaa47fffbe5e7800004e0200016f33a000125ac3ffff1b017fffe4a0c
ffff430cc00027ff340000f8bf00009e95d0001e9115ffffe17280003b6a600008b451
000109ca3ffff0c9cffff8ceb2000037990fffed50cbfffdc58e7ffffbcddffffdc45a
fffe9aec5ffff7f2340007fa6300005b5b2fffe8be3ffffcf6e34000107aeffffd6e1d
fffee19d0000161b840001c7db7ffff034300008ca6c0000e3768000025f500005672a
0001f44fdfffd527abffff1f43ffff06a960001dc2cbfffc8255400077061ffffe4b41
fffe1bb3200030d0540003e040ffff336de0001107d1fffc0d97bfffbb219000039253
00008d111fffe8a7a3fffd37d6ffff198f500012b56a0000ae9700000463affffa1ed9
ffff9ffb600022cf84000750d37fffecdf3ffff63167ffff400a000037baf80006b25c
ffffd846a00018fe100002292d0000fae6d00012b6abfffed2043fffa06ff00006e29f
ffff4d27ffffcce877fff93ce57ffff038b000155839ffff7b74bfff89ba37fff8ad37
fffe44b23ffff2a403fffca1298000c37eb0001080fdffffaed14000480907fff82b5e
000057607fffc24ad7fff98b2bffffab750fffe6181dfffee8ab7fff94f9bffffe58ce
00004d29a0003d40e000036c718000dac01fffffe47e00028b58ffffa2599000000a88
ffffe95d3fffdcc263fffa5c558000c3d89ffff858680000b1cb40003b4cd7fffd6b3a
000057fe9ffffa613ffffa1176fffff3ee1fffe6be29ffff3d82bfffaeb2700001bf13
fffea7b2a0003a78d7fffacc638000d1874fffe089ac0002929a3fff8ec397fff6b73d
fffea79b20000e7b4c000744dc8000e009800007cbfdfffef2bd3fffb58e180009a8d2
fffff11c00002fa37bfffa1d027fff8768400001b2ca000363d9fffff28968000f5df4
00018430e0003ded17fff84dd500003ade2fffe9a82e00020d673fffb4f5effff74606
0001b8f01fffc402180001f9d7ffffa9dcc00004e052000253d040007d7680000050b6
fffe00e8000030bccffff98f6a000073e81ffff30db2000349bf7fff81e30800057cd0
000100f6c0001a8360000527d6ffffbaed60001ec530000206fac000100ae7fffc74d7
fffe456bbfffc73163fffba915ffff2e60f000180b1c00020e66bfffdcdd87fffab1a5
fffeaf03e00037aa4c0002719bffff8494d00019d927fffebbda00007d401ffff39461
0000834f000003bc67ffffc7c20000448e700013471bfffe4065ffff9d877800096b2e
ffff1ce19fffdefc7bfffad5d9ffff9368d00017680c00032f0ac0001210f7fffdc595
ffff621fdfffe04c940004e4890000e57abffffa1e10000084fd7fff9dbd58000dd4e6
0000cf1a0000131fa4000602aa7fffc82280000f3c160001c88a0000651b4ffff25e18
0000d7217fffc1b1040003389b8000eb47bffff5d50600021589bfffda6ad80007e3cd
fffe74b68000184533fffa2c958000a59ac0000cdaa00003de967fffa3e5dffffc5a31
0000f4ecc0003bbe5ffffdf81d800031e260001c295bfffed11b00005346a7fff0e53c
fffed24d3fffc686c80006921effff4bee80000ff64e000360e7c0001c0548000c2682
ffff8ee99fffc54d93fff8762a80005c4c10001da5e00003deb8ffffb6e610000de815
000129bf00000beab4000303c17fff7db1bfffe0aa020001ce10bfff8e54bffffd19f5
ffff88cfe0000e6593fffc5c5d8000bffa3000143403fffe3d4a7fffcc1aeffff8291b
fffe5d275ffff3ead3fffdf92fffff1519b0000c74e60001ab47bfff8b66e000009a7e
000065cfdffff695f7fffa78a2ffffaa202ffff8f829fffc03a780001ec9c000078d7b
fffeca32dfffdc4447fff8893b8000a0370ffffd808600012b3e3fff841c5ffffa1184
ffffa5a37fffc60aa400027bf57fff439f8ffff1efbdfffcca9b80007e53600004d88e
ffffce52e00032c97400044dec80002ce38ffffaa0f200011e19000078cc7000008b64
fffe697bfffff74ca00001c6b70000a052500009f8f5ffff7724ffffeeac200002bd5c
0000906ce0003111dffff857027fff3728afffebaa63ffff13db7fffb5bc67fff5ec0d
000108b1800035a4e00001cdab800016a6bffff5912ffffdc275c0005a3bbffffea6d0
0001d33d3fffceecc000000e3e80003bbe6000041d41fffcb678400058f560000e207b
fffe9ba180001da613fff8975affff35f3a0001b0671fffc36be000052c5d8000e765b
fffed08e3fffd28ec800041925ffff5e1b200019ff6c00021b4d7fff93db18000af578
0001acb3e00012b417fffeca53800090358fffed1a0400031967c000285b87fffed726
ffffc4a1ffffc2930ffffa28cdffff41f6500014468ffffc643f3fffe5c5e7fff25ad9
0000f32ec000023d540002256c8000c4e540000ad4be0003df4e4000254c77fffb2b86
00010d6c3ffffac773fffff9eb0000dcccc00013565000035f6abfffe0267800041fd9
00015b38a00038444c000562feffffbea5afffef0349fffee7c500003da2f80009f787
0001c8cf3ffff3da17fffe46bf7fff66f20ffffae525fffe554740000822400004d30d
ffff31e9e00010f92bfffc9a260000c3ada000139d5e00023525bfff8aa02ffffdcba6
0000924fc00008193c0002ca538000a5ecaffff1b46200027550ffffec624ffff20db0
000197fb5fffc58c7ffffd7f60ffffd27c8fffe25677fffc14fe7fffb70d8800062a2d
fffeb226e0002350680003c425ffff04b840001294c6000219da3fffeb2bb0000dd7a7
0000fedc000015c8b3fffd26a4fffff7af50000ac9d3ffff7f70ffffac2ff8000e3ddd
00009c0a6000143d3ffffd2b7400005885a0001348e5fffea8563fffd53607fff5d86a
fffebd6f60001a6bdbfffca2537fff21e8d0001826c5fffdf4bd40005111f0000050b8
ffffa86ba00024e7f3ffff0d33ffffc1840ffff778f4000312473fffba1757fff1f766
00013f0a1fffff8744000123fdffff6403dffff80443fffc18dc7ffffc8ebffffd1dd0
fffe5ce24000131d580007933b0000afa0cffff70461ffff8bd1800072bd07fff865f9
ffff04643fffe9ed5800039c9a80006e8cb0000936e9fffcb4b7bfffa4e9affff51d71
0000e1b760003616fbffff68f7ffff847d5ffff78427fffcb3be40007e93affff480ef
0001b291bfffd526dbffff01fb7ffffc2c7ffffe0b5400007b7d7fffce44e8000e9dcc
000154663fffc246affffa481c7fffab5d2ffff230d20000b63c7ffff22c400001f831
0001c98aa00008975800002fc5ffffff336000032bf20003dfbf400068995fffff0f40
fffe49327ffff0df580001d6267fffd05b40000a75d20001f7b28000292977fff7895d
ffff11bafffff812b3fff93405ffff5a0aaffff21f1fffffa08d00007b8e0fffff7012
0001e732a000070ee3fffab4e4ffff069080000629d000010461bfffc77687fff2d252
0000eda280003098affffbe9f0fffff75eaffffc33cffffd4ad70000753ab80009e9a8
fffe074d20001ffa8c00021eef8000b9bdcfffeed43dfffcc7a50000165cb0000e4b37
0000e4895fffd1be040001b6ccffffa7312ffff6bdc5fffc1f6e3fffa6659ffffee47f
ffff7d9f40000d99b7fffb6404000069961fffe0d5a000027e447fff848610000fce34
0001c08960002751a400064646800054d8900008ae29ffff3173400028add80006dfe2
0001ea467fffefd087fffbb8fa0000a6ec9ffff915fa0003a284bfffa12317fffc948e
fffe2b861fffe5a3380004f3c9ffffd910d00004e7f7fffda194800048f8100002d1ed
0001f502fffff1508c0004bfd37ffff9ec7000074bb2000307e2bfffaf31fffff72bd0
000189b3ffffc1049ffffc7b1b00005d171fffe40cc9fffd3020ffffb877c0000f7be9
fffede31fffff1997bffff36c2800063ea30000059d9fffe0e44000021bffffff8e7d3
00013bb6800002406ffffd2e2b0000e0eb600010b57a000352f740004bb9bffff2c6e9
ffff9c98bfffccab6bfffb6557800074ce700001f579fffd865440007fbab7ffff5b93
000040477fffefa7d7fff8a1dfffffedaf1fffeaec8ffffeb77000000e36b7fffa1262
fffef5713fffd271900002415180001f3790000e8f2c0002d0133fff825b3000085107
0001802cdfffcdd0780002bc4fffff0c4b8fffec30a40003085a8000347c7ffff5d82d
fffe43143fffd8c4140004f813ffff84d7a0000d5433fffe358f40006f109ffff1b51c
ffff0eed7fffcd347ffff9d0e600008e38b0001fcee9fffdfcdc000057bed800012f76
ffffd8aadfffeec9100004fb8f0000d1047fffe008a40002628c000025c87ffff60482
00019cd2bfffee58abfffad3a1ffffca5cbfffee3d4200015c663fffd158cffff23dfe
ffff0358a000103c980001aa8280007eab30001b6353fffc7d127fffa45ca000006d17
0001f4a1bfffd089cbfffb0a398000d392f0000e28e9fffd7812c000372927fff65be5
0001781ca0000a5a9800031df30000e863a00001b659fffd8d2300004425b8000b6464
000068f29ffffa22b3ffff3e5d8000c394400003c645fffc1856000009dc67fff447ba
00019434dfffc37e780002401a7fffe6b4dfffef713e00029979c000120fc8000d5c2d
000190a29fffdcc29ffff972d08000d587e0000e1d21fffe4e4bbfffba0fc7ffffbbf3
ffff7a2100003fc0a00003db68ffffc194c0001da3a3ffff5ef1ffff9c54b7fffe160f
fffec2e6e000027f000003344900006139700000a73ffffc7d587fffb70680000145aa
0000713e4000328d8ffffee0e07fff811c3fffe37ea3fffef3f3bfffeec16000031bab
00010ac8200015689ffffec6aaffff5c5f3fffe87f53fffcd005c00069ee18000f2050
000024f77fffc6c2e7fffc722b8000b011500002cf5dfffff95ebfffa5ecf8000de3d8
00016afba0002a7e5ffff83e9400007e2430000b6ee1fffef44340002506e7fff3174a
ffff9ba5a0003c34040002d9beffffa5ba2fffef9bb80002d328400032ffa8000cc2e1
00007e70dfffec8f37ffffebb3ffffacc4500004d5020001fcc600006e4be80001af47
ffffc6901fffd70aa00003c55c7fffbd8adfffe134ddfffce3c7c0002a2e9800047a53
fffe687820003c4680000479680000f0d71ffff587f5fffda465c0007800b000031aa2
ffff0bd7dfffe40574000031538000015c70001962e600034fa97fff98f1f7fff0b37b
00018d0adffff36bb40003e95980000b0330000daeddfffe96263fff90d1a0000af6f1
0001624ddfffca140bfffc30b08000f77af00002cb3ffffcf26effffb836b0000686ed
ffff7e671fffc9afe000062af07fff768eb000103777fffdb2d63fffada488000b380b
ffffb000000033f5fffffbb5a8ffff81c55000154757ffffe2980000244fdffff416c7
ffff8dda7fffda171400075c1a0000218c20001e3f6600012cf34000010d00000c6bf2
fffeafffa0002adf33fffd41d48000b76ac00000e579fffe26408000679f3ffff09043
fffef050bfffc3f617fff8bf0b80001215cffff927c2000020b4c000742187fffacfcd
fffe7b13bfffccb4fffffa3b5d7fff7d6a7000158cc3fffc57b000000f942000029457
0000b7333ffff2fe34000092ce7fff5a1ec00000e7afffff48963fffacbae80005e80c
ffffc59d20002724bbfff8ec277fff7e14b00011766400030c73c0006a2147fff7bd37
fffebbee5fffd4591c00049e5000006bdae0001ba145ffffbbe480006ab2a7fffa960b
fffe9a0dffffc1d33c00031406fffff46deffff01c17fffc90caffff946e57fff9d7dd
ffff5cd9c0003eef23fffaf2850000c16ac0001f40e200007d1cffffd8ae000008c882
0001185f9fffefe893ffffb301000093b1b00002c79400032013800073c63800087064
00002926ffffd3b46bffff8e9600001114d0001a5665fffd7489c0001d503ffff2853d
000054475fffe80ac80003192dffff9b37e00018fe8e0002873c3fffc29e07fff1fdd2
ffff6545ffffd25293fffbb08cffff0927800002caa80001a79d0000794357fff12500
00017ff4ffffc33cdc000505be0000f49240001c1ac5ffffb9b64000697767fffcd9c3
fffe311a8000195773fffa831b80004386b00018c4600001995c40006e35b800046f9e
0001ef84600039fef4000150c380007212600010cc7800014466bfff8fe288000edad0
0001f5723fffc9515c0002e9f07fff0bdd0fffe36701ffff29de7fffe48280000a4dfa
000079c75ffff5704bfffbb3b4ffff5c488000134421fffd91d4c000361540000932fe
fffe1f1a7fffc9dab7fff8838b000091532fffee9bc3ffff4ed23ffff647e00006144f
ffff28c05ffff8ad4800045fcdffffac3dfffff19091fffcc29100002b4457fff793d1
fffee3c3a000134c07ffff5448ffff26409ffff1104a0003adb8ffffa43d500000c7e5
00015b5ba0001d67afffffd59a800038fe1000059c400000747680006e1ae7fff82b6d
ffffb9558000160a4bfffa044a0000ea167fffedf10dfffecb223fffaa22b7fff40c1d
ffffd23440002727ac000056417fffd16a2000034c05fffe626b80002ee537fff74698
00010f5500000ee677fffbcddc7fff54cce000026e5400030c7f4000254597fff56909
00017e6ae0002ef733fffbc96c000011b07000039f7dffff23483fff8915cfffff3895
0001d9b25fffcd777ffff83ddd0000a925300000143bfffd1e6a0000310798000dd7cf
fffe749ae000064bcbfffdf30affff4ed27ffff8232a000397c080007eac00000d3516
ffffe76a7fffcf3e480004c4b27fff76aadffffc7fa60002f7c5800032543ffffb408d
00000a8a7fffe484e3fffbe9477fff3600d000009f81fffe71e24000197e0000056aaa
ffffd778ffffcef27c000249aa80004caa3fffedbb2200015608bfffda4787fff52a0e
00018a9fe000321db7fffaecaf00001b0b200013bd1a00019a777fffb82b580006cd9c
000083168000282987fffea1b780005cd670001d3469fffc5f933fff9dfee00008f909
0001e34420002e36a000038263800068be6fffe45c23fffec5c98000176d28000e625c
fffe7bd860000efaf800061a10ffffa47aafffeae3e5fffea7ecbfffceb847fff036c4
ffff9cb4600005d4300002ae7c7fff4511b0001f27720000e1dec0001c54a000023bb2
ffffa95ba0003a610800057a268000ac1e2ffffac0c20000ccbb3fffdd91a0000cbec4
fffe85a3a0002c9597fffd00a700003bab8ffff5085a0001391040003c415000030d45
0001510aa000224ee3fffdc7577fff2ba2d0001c6836000120fd40006b8967fffc1707
0000a6c71fffec89e80007ec3380001d61afffe8ab5a0002c408ffff919bb8000d972f
00017fe8c0002bba600001c2fd7fff0f7c4000002c11fffca2fec0004fbd57fffbc2fa
000011f05ffffbf57bfffbf2a80000468ca0000f965c000391477fffa290a8000ec74e
0000000000000000000000000000000000000000000000000000000000000000000000
0000000000000000000000000000000000000000000000000000000000000000000000
0000000000000000000000000000000000000000000000000000000000000000000000
0000000000000000000000000000000000000000000000000000000000000000000000
0000000000000000000000000000000000000000000000000000000000000000000000
0000000000000000000000000000000000000000000000000000000000000000000000
0000000000000000000000000000000000000000000000000000000000000000000000
0000000000000000000000000000000000000000000000000000000000000000000000
0000000000000000000000000000000000000000000000000000000000000000000000
0000000000000000000000000000000000000000000000000000000000000000000000
0000000000000000000000000000000000000000000000000000000000000000000000
0000000000000000000000000000000000000000000000000000000000000000000000
0000000000000000000000000000000000000000000000000000000000000000000000
0000000000000000000000000000000000000000000000000000000000000000000000
0000000000000000000000000000000000000000000000000000000000000000000000
0000000000000000000000000000000000000000000000000000000000000000000000
0000000000000000000000000000000000000000000000000000000000000000000000
0000000000000000000000000000000000000000000000000000000000000000000000
0000000000000000000000000000000000000000000000000000000000000000000000
0000000000000000000000000000000000000000000000000000000000000000000000
0000000000000000000000000000000000000000000000000000000000000000000000
0000000000000000000000000000000000000000000000000000000000000000000000
0000000000000000000000000000000000000000000000000000000000000000000000
0000000000000000000000000000000000000000000000000000000000000000000000
0000000000000000000000000000000000000000000000000000000000000000000000
0000000000000000000000000000000000000000000000000000000000000000000000
0000000000000000000000000000000000000000000000000000000000000000000000
0000000000000000000000000000000000000000000000000000000000000000000000
0000000000000000000000000000000000000000000000000000000000000000000000
0000000000000000000000000000000000000000000000000000000000000000000000
0000000000000000000000000000000000000000000000000000000000000000000000
0000000000000000000000000000000000000000000000000000000000000000000000
0000000000000000000000000000000000000000000000000000000000000000000000
0000000000000000000000000000000000000000000000000000000000000000000000
0000000000000000000000000000000000000000000000000000000000000000000000
0000000000000000000000000000000000000000000000000000000000000000000000
0000000000000000000000000000000000000000000000000000000000000000000000
0000000000000000000000000000000000000000000000000000000000000000000000
0000000000000000000000000000000000000000000000000000000000000000000000
0000000000000000000000000000000000000000000000000000000000000000000000
0000000000000000000000000000000000000000000000000000000000000000000000
0000000000000000000000000000000000000000000000000000000000000000000000
0000000000000000000000000000000000000000000000000000000000000000000000
0000000000000000000000000000000000000000000000000000000000000000000000
0000000000000000000000000000000000000000000000000000000000000000000000
0000000000000000000000000000000000000000000000000000000000000000000000
0000000000000000000000000000000000000000000000000000000000000000000000
0000000000000000000000000000000000000000000000000000000000000000000000
0000000000000000000000000000000000000000000000000000000000000000000000
0000000000000000000000000000000000000000000000000000000000000000000000
0000000000000000000000000000000000000000000000000000000000000000000000
0000000000000000000000000000000000000000000000000000000000000000000000
0000000000000000000000000000000000000000000000000000000000000000000000
0000000000000000000000000000000000000000000000000000000000000000000000
0000000000000000000000000000000000000000000000000000000000000000000000
0000000000000000000000000000000000000000000000000000000000000000000000
0000000000000000000000000000000000000000000000000000000000000000000000
0000000000000000000000000000000000000000000000000000000000000000000000
0000000000000000000000000000000000000000000000000000000000000000000000
0000000000000000000000000000000000000000000000000000000000000000000000
0000000000000000000000000000000000000000000000000000000000000000000000
0000000000000000000000000000000000000000000000000000000000000000000000
0000000000000000000000000000000000000000000000000000000000000000000000
0000000000000000000000000000000000000000000000000000000000000000000000
0000000000000000000000000000000000000000000000000000000000000000000000
0000000000000000000000000000000000000000000000000000000000000000000000
0000000000000000000000000000000000000000000000000000000000000000000000
0000000000000000000000000000000000000000000000000000000000000000000000
0000000000000000000000000000000000000000000000000000000000000000000000
0000000000000000000000000000000000000000000000000000000000000000000000
0000000000000000000000000000000000000000000000000000000000000000000000
0000000000000000000000000000000000000000000000000000000000000000000000
0000000000000000000000000000000000000000000000000000000000000000000000
0000000000000000000000000000000000000000000000000000000000000000000000
0000000000000000000000000000000000000000000000000000000000000000000000
0000000000000000000000000000000000000000000000000000000000000000000000
0000000000000000000000000000000000000000000000000000000000000000000000
0000000000000000000000000000000000000000000000000000000000000000000000
0000000000000000000000000000000000000000000000000000000000000000000000
0000000000000000000000000000000000000000000000000000000000000000000000
0000000000000000000000000000000000000000000000000000000000000000000000
0000000000000000000000000000000000000000000000000000000000000000000000
0000000000000000000000000000000000000000000000000000000000000000000000
0000000000000000000000000000000000000000000000000000000000000000000000
0000000000000000000000000000000000000000000000000000000000000000000000
0000000000000000000000000000000000000000000000000000000000000000000000
0000000000000000000000000000000000000000000000000000000000000000000000
0000000000000000000000000000000000000000000000000000000000000000000000
0000000000000000000000000000000000000000000000000000000000000000000000
0000000000000000000000000000000000000000000000000000000000000000000000
0000000000000000000000000000000000000000000000000000000000000000000000
0000000000000000000000000000000000000000000000000000000000000000000000
0000000000000000000000000000000000000000000000000000000000000000000000
0000000000000000000000000000000000000000000000000000000000000000000000
0000000000000000000000000000000000000000000000000000000000000000000000
0000000000000000000000000000000000000000000000000000000000000000000000
0000000000000000000000000000000000000000000000000000000000000000000000
0000000000000000000000000000000000000000000000000000000000000000000000
0000000000000000000000000000000000000000000000000000000000000000000000
0000000000000000000000000000000000000000000000000000000000000000000000
0000000000000000000000000000000000000000000000000000000000000000000000
0000000000000000000000000000000000000000000000000000000000000000000000
0000000000000000000000000000000000000000000000000000000000000000000000
0000000000000000000000000000000000000000000000000000000000000000000000
0000000000000000000000000000000000000000000000000000000000000000000000
0000000000000000000000000000000000000000000000000000000000000000000000
0000000000000000000000000000000000000000000000000000000000000000000000
0000000000000000000000000000000000000000000000000000000000000000000000
0000000000000000000000000000000000000000000000000000000000000000000000
0000000000000000000000000000000000000000000000000000000000000000000000
0000000000000000000000000000000000000000000000000000000000000000000000
0000000000000000000000000000000000000000000000000000000000000000000000
0000000000000000000000000000000000000000000000000000000000000000000000
0000000000000000000000000000000000000000000000000000000000000000000000
0000000000000000000000000000000000000000000000000000000000000000000000
0000000000000000000000000000000000000000000000000000000000000000000000
0000000000000000000000000000000000000000000000000000000000000000000000
0000000000000000000000000000000000000000000000000000000000000000000000
0000000000000000000000000000000000000000000000000000000000000000000000
0000000000000000000000000000000000000000000000000000000000000000000000
0000000000000000000000000000000000000000000000000000000000000000000000
0000000000000000000000000000000000000000000000000000000000000000000000
0000000000000000000000000000000000000000000000000000000000000000000000
0000000000000000000000000000000000000000000000000000000000000000000000
0000000000000000000000000000000000000000000000000000000000000000000000
0000000000000000000000000000000000000000000000000000000000000000000000
0000000000000000000000000000000000000000000000000000000000000000000000
0000000000000000000000000000000000000000000000000000000000000000000000
0000000000000000000000000000000000000000000000000000000000000000000000
0000000000000000000000000000000000000000000000000000000000000000000000
0000000000000000000000000000000000000000000000000000000000000000000000
0000000000000000000000000000000000000000000000000000000000000000000000
0000000000000000000000000000000000000000000000000000000000000000000000
0000000000000000000000000000000000000000000000000000000000000000000000
0000000000000000000000000000000000000000000000000000000000000000000000
0000000000000000000000000000000000000000000000000000000000000000000000
0000000000000000000000000000000000000000000000000000000000000000000000
0000000000000000000000000000000000000000000000000000000000000000000000
0000000000000000000000000000000000000000000000000000000000000000000000
0000000000000000000000000000000000000000000000000000000000000000000000
0000000000000000000000000000000000000000000000000000000000000000000000
0000000000000000000000000000000000000000000000000000000000000000000000
0000000000000000000000000000000000000000000000000000000000000000000000
0000000000000000000000000000000000000000000000000000000000000000000000
0000000000000000000000000000000000000000000000000000000000000000000000
0000000000000000000000000000000000000000000000000000000000000000000000
0000000000000000000000000000000000000000000000000000000000000000000000
0000000000000000000000000000000000000000000000000000000000000000000000
0000000000000000000000000000000000000000000000000000000000000000000000
0000000000000000000000000000000000000000000000000000000000000000000000
0000000000000000000000000000000000000000000000000000000000000000000000
0000000000000000000000000000000000000000000000000000000000000000000000
0000000000000000000000000000000000000000000000000000000000000000000000
0000000000000000000000000000000000000000000000000000000000000000000000
0000000000000000000000000000000000000000000000000000000000000000000000
0000000000000000000000000000000000000000000000000000000000000000000000
0000000000000000000000000000000000000000000000000000000000000000000000
0000000000000000000000000000000000000000000000000000000000000000000000
0000000000000000000000000000000000000000000000000000000000000000000000
0000000000000000000000000000000000000000000000000000000000000000000000
0000000000000000000000000000000000000000000000000000000000000000000000
0000000000000000000000000000000000000000000000000000000000000000000000
0000000000000000000000000000000000000000000000000000000000000000000000
0000000000000000000000000000000000000000000000000000000000000000000000
0000000000000000000000000000000000000000000000000000000000000000000000
0000000000000000000000000000000000000000000000000000000000000000000000
0000000000000000000000000000000000000000000000000000000000000000000000
0000000000000000000000000000000000000000000000000000000000000000000000
0000000000000000000000000000000000000000000000000000000000000000000000
0000000000000000000000000000000000000000000000000000000000000000000000
0000000000000000000000000000000000000000000000000000000000000000000000
0000000000000000000000000000000000000000000000000000000000000000000000
0000000000000000000000000000000000000000000000000000000000000000000000
0000000000000000000000000000000000000000000000000000000000000000000000
0000000000000000000000000000000000000000000000000000000000000000000000
0000000000000000000000000000000000000000000000000000000000000000000000
0000000000000000000000000000000000000000000000000000000000000000000000
0000000000000000000000000000000000000000000000000000000000000000000000
0000000000000000000000000000000000000000000000000000000000000000000000
0000000000000000000000000000000000000000000000000000000000000000000000
0000000000000000000000000000000000000000000000000000000000000000000000
0000000000000000000000000000000000000000000000000000000000000000000000
0000000000000000000000000000000000000000000000000000000000000000000000
0000000000000000000000000000000000000000000000000000000000000000000000
0000000000000000000000000000000000000000000000000000000000000000000000
0000000000000000000000000000000000000000000000000000000000000000000000
0000000000000000000000000000000000000000000000000000000000000000000000
0000000000000000000000000000000000000000000000000000000000000000000000
0000000000000000000000000000000000000000000000000000000000000000000000
0000000000000000000000000000000000000000000000000000000000000000000000
0000000000000000000000000000000000000000000000000000000000000000000000
0000000000000000000000000000000000000000000000000000000000000000000000
0000000000000000000000000000000000000000000000000000000000000000000000
0000000000000000000000000000000000000000000000000000000000000000000000
0000000000000000000000000000000000000000000000000000000000000000000000
0000000000000000000000000000000000000000000000000000000000000000000000
0000000000000000000000000000000000000000000000000000000000000000000000
0000000000000000000000000000000000000000000000000000000000000000000000
0000000000000000000000000000000000000000000000000000000000000000000000
0000000000000000000000000000000000000000000000000000000000000000000000
0000000000000000000000000000000000000000000000000000000000000000000000
0000000000000000000000000000000000000000000000000000000000000000000000
0000000000000000000000000000000000000000000000000000000000000000000000
0000000000000000000000000000000000000000000000000000000000000000000000
0000000000000000000000000000000000000000000000000000000000000000000000
0000000000000000000000000000000000000000000000000000000000000000000000
0000000000000000000000000000000000000000000000000000000000000000000000
0000000000000000000000000000000000000000000000000000000000000000000000
0000000000000000000000000000000000000000000000000000000000000000000000
0000000000000000000000000000000000000000000000000000000000000000000000
0000000000000000000000000000000000000000000000000000000000000000000000
0000000000000000000000000000000000000000000000000000000000000000000000
0000000000000000000000000000000000000000000000000000000000000000000000
0000000000000000000000000000000000000000000000000000000000000000000000
0000000000000000000000000000000000000000000000000000000000000000000000
0000000000000000000000000000000000000000000000000000000000000000000000
0000000000000000000000000000000000000000000000000000000000000000000000
0000000000000000000000000000000000000000000000000000000000000000000000
0000000000000000000000000000000000000000000000000000000000000000000000
0000000000000000000000000000000000000000000000000000000000000000000000
0000000000000000000000000000000000000000000000000000000000000000000000
0000000000000000000000000000000000000000000000000000000000000000000000
0000000000000000000000000000000000000000000000000000000000000000000000
0000000000000000000000000000000000000000000000000000000000000000000000
0000000000000000000000000000000000000000000000000000000000000000000000
0000000000000000000000000000000000000000000000000000000000000000000000
0000000000000000000000000000000000000000000000000000000000000000000000
0000000000000000000000000000000000000000000000000000000000000000000000
0000000000000000000000000000000000000000000000000000000000000000000000
0000000000000000000000000000000000000000000000000000000000000000000000
0000000000000000000000000000000000000000000000000000000000000000000000
0000000000000000000000000000000000000000000000000000000000000000000000
0000000000000000000000000000000000000000000000000000000000000000000000
0000000000000000000000000000000000000000000000000000000000000000000000
0000000000000000000000000000000000000000000000000000000000000000000000
0000000000000000000000000000000000000000000000000000000000000000000000
0000000000000000000000000000000000000000000000000000000000000000000000
0000000000000000000000000000000000000000000000000000000000000000000000
0000000000000000000000000000000000000000000000000000000000000000000000
0000000000000000000000000000000000000000000000000000000000000000000000
0000000000000000000000000000000000000000000000000000000000000000000000
0000000000000000000000000000000000000000000000000000000000000000000000
0000000000000000000000000000000000000000000000000000000000000000000000
0000000000000000000000000000000000000000000000000000000000000000000000
0000000000000000000000000000000000000000000000000000000000000000000000
0000000000000000000000000000000000000000000000000000000000000000000000
0000000000000000000000000000000000000000000000000000000000000000000000
0000000000000000000000000000000000000000000000000000000000000000000000
0000000000000000000000000000000000000000000000000000000000000000000000
0000000000000000000000000000000000000000000000000000000000000000000000
0000000000000000000000000000000000000000000000000000000000000000000000
0000000000000000000000000000000000000000000000000000000000000000000000
0000000000000000000000000000000000000000000000000000000000000000000000
0000000000000000000000000000000000000000000000000000000000000000000000
0000000000000000000000000000000000000000000000000000000000000000000000
0000000000000000000000000000000000000000000000000000000000000000000000
0000000000000000000000000000000000000000000000000000000000000000000000
0000000000000000000000000000000000000000000000000000000000000000000000
0000000000000000000000000000000000000000000000000000000000000000000000
0000000000000000000000000000000000000000000000000000000000000000000000
0000000000000000000000000000000000000000000000000000000000000000000000
0000000000000000000000000000000000000000000000000000000000000000000000
0000000000000000000000000000000000000000000000000000000000000000000000
0000000000000000000000000000000000000000000000000000000000000000000000
0000000000000000000000000000000000000000000000000000000000000000000000
0000000000000000000000000000000000000000000000000000000000000000000000
0000000000000000000000000000000000000000000000000000000000000000000000
0000000000000000000000000000000000000000000000000000000000000000000000
0000000000000000000000000000000000000000000000000000000000000000000000
0000000000000000000000000000000000000000000000000000000000000000000000
0000000000000000000000000000000000000000000000000000000000000000000000
0000000000000000000000000000000000000000000000000000000000000000000000
0000000000000000000000000000000000000000000000000000000000000000000000
0000000000000000000000000000000000000000000000000000000000000000000000
0000000000000000000000000000000000000000000000000000000000000000000000
0000000000000000000000000000000000000000000000000000000000000000000000
0000000000000000000000000000000000000000000000000000000000000000000000
0000000000000000000000000000000000000000000000000000000000000000000000
0000000000000000000000000000000000000000000000000000000000000000000000
0000000000000000000000000000000000000000000000000000000000000000000000
0000000000000000000000000000000000000000000000000000000000000000000000
0000000000000000000000000000000000000000000000000000000000000000000000
0000000000000000000000000000000000000000000000000000000000000000000000
0000000000000000000000000000000000000000000000000000000000000000000000
0000000000000000000000000000000000000000000000000000000000000000000000
0000000000000000000000000000000000000000000000000000000000000000000000
0000000000000000000000000000000000000000000000000000000000000000000000
0000000000000000000000000000000000000000000000000000000000000000000000
0000000000000000000000000000000000000000000000000000000000000000000000
0000000000000000000000000000000000000000000000000000000000000000000000
0000000000000000000000000000000000000000000000000000000000000000000000
0000000000000000000000000000000000000000000000000000000000000000000000
0000000000000000000000000000000000000000000000000000000000000000000000
0000000000000000000000000000000000000000000000000000000000000000000000
0000000000000000000000000000000000000000000000000000000000000000000000
0000000000000000000000000000000000000000000000000000000000000000000000
0000000000000000000000000000000000000000000000000000000000000000000000
0000000000000000000000000000000000000000000000000000000000000000000000
0000000000000000000000000000000000000000000000000000000000000000000000
0000000000000000000000000000000000000000000000000000000000000000000000
0000000000000000000000000000000000000000000000000000000000000000000000
0000000000000000000000000000000000000000000000000000000000000000000000
0000000000000000000000000000000000000000000000000000000000000000000000
0000000000000000000000000000000000000000000000000000000000000000000000
0000000000000000000000000000000000000000000000000000000000000000000000
0000000000000000000000000000000000000000000000000000000000000000000000
0000000000000000000000000000000000000000000000000000000000000000000000
0000000000000000000000000000000000000000000000000000000000000000000000
0000000000000000000000000000000000000000000000000000000000000000000000
0000000000000000000000000000000000000000000000000000000000000000000000
0000000000000000000000000000000000000000000000000000000000000000000000
0000000000000000000000000000000000000000000000000000000000000000000000
0000000000000000000000000000000000000000000000000000000000000000000000
0000000000000000000000000000000000000000000000000000000000000000000000
0000000000000000000000000000000000000000000000000000000000000000000000
0000000000000000000000000000000000000000000000000000000000000000000000
0000000000000000000000000000000000000000000000000000000000000000000000
0000000000000000000000000000000000000000000000000000000000000000000000
0000000000000000000000000000000000000000000000000000000000000000000000
0000000000000000000000000000000000000000000000000000000000000000000000
0000000000000000000000000000000000000000000000000000000000000000000000
0000000000000000000000000000000000000000000000000000000000000000000000
0000000000000000000000000000000000000000000000000000000000000000000000
0000000000000000000000000000000000000000000000000000000000000000000000
0000000000000000000000000000000000000000000000000000000000000000000000
0000000000000000000000000000000000000000000000000000000000000000000000
0000000000000000000000000000000000000000000000000000000000000000000000
0000000000000000000000000000000000000000000000000000000000000000000000
0000000000000000000000000000000000000000000000000000000000000000000000
0000000000000000000000000000000000000000000000000000000000000000000000
0000000000000000000000000000000000000000000000000000000000000000000000
0000000000000000000000000000000000000000000000000000000000000000000000
0000000000000000000000000000000000000000000000000000000000000000000000
0000000000000000000000000000000000000000000000000000000000000000000000
0000000000000000000000000000000000000000000000000000000000000000000000
0000000000000000000000000000000000000000000000000000000000000000000000
0000000000000000000000000000000000000000000000000000000000000000000000
0000000000000000000000000000000000000000000000000000000000000000000000
0000000000000000000000000000000000000000000000000000000000000000000000
0000000000000000000000000000000000000000000000000000000000000000000000
0000000000000000000000000000000000000000000000000000000000000000000000
0000000000000000000000000000000000000000000000000000000000000000000000
0000000000000000000000000000000000000000000000000000000000000000000000
0000000000000000000000000000000000000000000000000000000000000000000000
0000000000000000000000000000000000000000000000000000000000000000000000
0000000000000000000000000000000000000000000000000000000000000000000000
0000000000000000000000000000000000000000000000000000000000000000000000
0000000000000000000000000000000000000000000000000000000000000000000000
0000000000000000000000000000000000000000000000000000000000000000000000
0000000000000000000000000000000000000000000000000000000000000000000000
0000000000000000000000000000000000000000000000000000000000000000000000
0000000000000000000000000000000000000000000000000000000000000000000000
0000000000000000000000000000000000000000000000000000000000000000000000
0000000000000000000000000000000000000000000000000000000000000000000000
0000000000000000000000000000000000000000000000000000000000000000000000
0000000000000000000000000000000000000000000000000000000000000000000000
0000000000000000000000000000000000000000000000000000000000000000000000
0000000000000000000000000000000000000000000000000000000000000000000000
0000000000000000000000000000000000000000000000000000000000000000000000
0000000000000000000000000000000000000000000000000000000000000000000000
0000000000000000000000000000000000000000000000000000000000000000000000
0000000000000000000000000000000000000000000000000000000000000000000000
0000000000000000000000000000000000000000000000000000000000000000000000
0000000000000000000000000000000000000000000000000000000000000000000000
0000000000000000000000000000000000000000000000000000000000000000000000
0000000000000000000000000000000000000000000000000000000000000000000000
0000000000000000000000000000000000000000000000000000000000000000000000
0000000000000000000000000000000000000000000000000000000000000000000000
0000000000000000000000000000000000000000000000000000000000000000000000
0000000000000000000000000000000000000000000000000000000000000000000000
0000000000000000000000000000000000000000000000000000000000000000000000
0000000000000000000000000000000000000000000000000000000000000000000000
0000000000000000000000000000000000000000000000000000000000000000000000
0000000000000000000000000000000000000000000000000000000000000000000000
0000000000000000000000000000000000000000000000000000000000000000000000
0000000000000000000000000000000000000000000000000000000000000000000000
0000000000000000000000000000000000000000000000000000000000000000000000
0000000000000000000000000000000000000000000000000000000000000000000000
0000000000000000000000000000000000000000000000000000000000000000000000
0000000000000000000000000000000000000000000000000000000000000000000000
0000000000000000000000000000000000000000000000000000000000000000000000
0000000000000000000000000000000000000000000000000000000000000000000000
0000000000000000000000000000000000000000000000000000000000000000000000
0000000000000000000000000000000000000000000000000000000000000000000000
0000000000000000000000000000000000000000000000000000000000000000000000
0000000000000000000000000000000000000000000000000000000000000000000000
0000000000000000000000000000000000000000000000000000000000000000000000
0000000000000000000000000000000000000000000000000000000000000000000000
0000000000000000000000000000000000000000000000000000000000000000000000
0000000000000000000000000000000000000000000000000000000000000000000000
0000000000000000000000000000000000000000000000000000000000000000000000
0000000000000000000000000000000000000000000000000000000000000000000000
0000000000000000000000000000000000000000000000000000000000000000000000
0000000000000000000000000000000000000000000000000000000000000000000000
0000000000000000000000000000000000000000000000000000000000000000000000
0000000000000000000000000000000000000000000000000000000000000000000000
0000000000000000000000000000000000000000000000000000000000000000000000
0000000000000000000000000000000000000000000000000000000000000000000000
0000000000000000000000000000000000000000000000000000000000000000000000
0000000000000000000000000000000000000000000000000000000000000000000000
0000000000000000000000000000000000000000000000000000000000000000000000
0000000000000000000000000000000000000000000000000000000000000000000000
0000000000000000000000000000000000000000000000000000000000000000000000
0000000000000000000000000000000000000000000000000000000000000000000000
0000000000000000000000000000000000000000000000000000000000000000000000
0000000000000000000000000000000000000000000000000000000000000000000000
0000000000000000000000000000000000000000000000000000000000000000000000
0000000000000000000000000000000000000000000000000000000000000000000000
0000000000000000000000000000000000000000000000000000000000000000000000
0000000000000000000000000000000000000000000000000000000000000000000000
0000000000000000000000000000000000000000000000000000000000000000000000
0000000000000000000000000000000000000000000000000000000000000000000000
0000000000000000000000000000000000000000000000000000000000000000000000
0000000000000000000000000000000000000000000000000000000000000000000000
0000000000000000000000000000000000000000000000000000000000000000000000
0000000000000000000000000000000000000000000000000000000000000000000000
0000000000000000000000000000000000000000000000000000000000000000000000
0000000000000000000000000000000000000000000000000000000000000000000000
0000000000000000000000000000000000000000000000000000000000000000000000
0000000000000000000000000000000000000000000000000000000000000000000000
0000000000000000000000000000000000000000000000000000000000000000000000
0000000000000000000000000000000000000000000000000000000000000000000000
0000000000000000000000000000000000000000000000000000000000000000000000
0000000000000000000000000000000000000000000000000000000000000000000000
0000000000000000000000000000000000000000000000000000000000000000000000
0000000000000000000000000000000000000000000000000000000000000000000000
0000000000000000000000000000000000000000000000000000000000000000000000
0000000000000000000000000000000000000000000000000000000000000000000000
0000000000000000000000000000000000000000000000000000000000000000000000
0000000000000000000000000000000000000000000000000000000000000000000000
0000000000000000000000000000000000000000000000000000000000000000000000
0000000000000000000000000000000000000000000000000000000000000000000000
0000000000000000000000000000000000000000000000000000000000000000000000
0000000000000000000000000000000000000000000000000000000000000000000000
0000000000000000000000000000000000000000000000000000000000000000000000
0000000000000000000000000000000000000000000000000000000000000000000000
0000000000000000000000000000000000000000000000000000000000000000000000
0000000000000000000000000000000000000000000000000000000000000000000000
0000000000000000000000000000000000000000000000000000000000000000000000
0000000000000000000000000000000000000000000000000000000000000000000000
0000000000000000000000000000000000000000000000000000000000000000000000
0000000000000000000000000000000000000000000000000000000000000000000000
0000000000000000000000000000000000000000000000000000000000000000000000
0000000000000000000000000000000000000000000000000000000000000000000000
0000000000000000000000000000000000000000000000000000000000000000000000
0000000000000000000000000000000000000000000000000000000000000000000000
0000000000000000000000000000000000000000000000000000000000000000000000
0000000000000000000000000000000000000000000000000000000000000000000000
0000000000000000000000000000000000000000000000000000000000000000000000
0000000000000000000000000000000000000000000000000000000000000000000000
0000000000000000000000000000000000000000000000000000000000000000000000
0000000000000000000000000000000000000000000000000000000000000000000000
0000000000000000000000000000000000000000000000000000000000000000000000
0000000000000000000000000000000000000000000000000000000000000000000000
0000000000000000000000000000000000000000000000000000000000000000000000
0000000000000000000000000000000000000000000000000000000000000000000000
0000000000000000000000000000000000000000000000000000000000000000000000
0000000000000000000000000000000000000000000000000000000000000000000000
0000000000000000000000000000000000000000000000000000000000000000000000
0000000000000000000000000000000000000000000000000000000000000000000000
0000000000000000000000000000000000000000000000000000000000000000000000
0000000000000000000000000000000000000000000000000000000000000000000000
0000000000000000000000000000000000000000000000000000000000000000000000
0000000000000000000000000000000000000000000000000000000000000000000000
0000000000000000000000000000000000000000000000000000000000000000000000
0000000000000000000000000000000000000000000000000000000000000000000000
0000000000000000000000000000000000000000000000000000000000000000000000
0000000000000000000000000000000000000000000000000000000000000000000000
0000000000000000000000000000000000000000000000000000000000000000000000
0000000000000000000000000000000000000000000000000000000000000000000000
0000000000000000000000000000000000000000000000000000000000000000000000
0000000000000000000000000000000000000000000000000000000000000000000000
0000000000000000000000000000000000000000000000000000000000000000000000
0000000000000000000000000000000000000000000000000000000000000000000000
0000000000000000000000000000000000000000000000000000000000000000000000
0000000000000000000000000000000000000000000000000000000000000000000000
0000000000000000000000000000000000000000000000000000000000000000000000
0000000000000000000000000000000000000000000000000000000000000000000000
0000000000000000000000000000000000000000000000000000000000000000000000
0000000000000000000000000000000000000000000000000000000000000000000000
0000000000000000000000000000000000000000000000000000000000000000000000
0000000000000000000000000000000000000000000000000000000000000000000000
0000000000000000000000000000000000000000000000000000000000000000000000
0000000000000000000000000000000000000000000000000000000000000000000000
0000000000000000000000000000000000000000000000000000000000000000000000
0000000000000000000000000000000000000000000000000000000000000000000000
0000000000000000000000000000000000000000000000000000000000000000000000
0000000000000000000000000000000000000000000000000000000000000000000000
0000000000000000000000000000000000000000000000000000000000000000000000
0000000000000000000000000000000000000000000000000000000000000000000000
0000000000000000000000000000000000000000000000000000000000000000000000
0000000000000000000000000000000000000000000000000000000000000000000000
0000000000000000000000000000000000000000000000000000000000000000000000
0000000000000000000000000000000000000000000000000000000000000000000000
0000000000000000000000000000000000000000000000000000000000000000000000
0000000000000000000000000000000000000000000000000000000000000000000000
0000000000000000000000000000000000000000000000000000000000000000000000
0000000000000000000000000000000000000000000000000000000000000000000000
0000000000000000000000000000000000000000000000000000000000000000000000
0000000000000000000000000000000000000000000000000000000000000000000000
0000000000000000000000000000000000000000000000000000000000000000000000
0000000000000000000000000000000000000000000000000000000000000000000000
0000000000000000000000000000000000000000000000000000000000000000000000
0000000000000000000000000000000000000000000000000000000000000000000000
0000000000000000000000000000000000000000000000000000000000000000000000
0000000000000000000000000000000000000000000000000000000000000000000000
0000000000000000000000000000000000000000000000000000000000000000000000
0000000000000000000000000000000000000000000000000000000000000000000000
0000000000000000000000000000000000000000000000000000000000000000000000
0000000000000000000000000000000000000000000000000000000000000000000000
0000000000000000000000000000000000000000000000000000000000000000000000
0000000000000000000000000000000000000000000000000000000000000000000000
