0000000000000000000000000000000000000000000000000000000000000000000000
0000000000000000000000000000000000000000000000000000000000000000000000
0000000000000000000000000000000000000000000000000000000000000000000000
0000000000000000000000000000000000000000000000000000000000000000000000
0000000000000000000000000000000000000000000000000000000000000000000000
0000000000000000000000000000000000000000000000000000000000000000000000
0000000000000000000000000000000000000000000000000000000000000000000000
0000000000000000000000000000000000000000000000000000000000000000000000
0000000000000000000000000000000000000000000000000000000000000000000000
0000000000000000000000000000000000000000000000000000000000000000000000
0000000000000000000000000000000000000000000000000000000000000000000000
0000000000000000000000000000000000000000000000000000000000000000000000
0000000000000000000000000000000000000000000000000000000000000000000000
0000000000000000000000000000000000000000000000000000000000000000000000
0000000000000000000000000000000000000000000000000000000000000000000000
0000000000000000000000000000000000000000000000000000000000000000000000
0000000000000000000000000000000000000000000000000000000000000000000000
0000000000000000000000000000000000000000000000000000000000000000000000
0000000000000000000000000000000000000000000000000000000000000000000000
0000000000000000000000000000000000000000000000000000000000000000000000
0000000000000000000000000000000000000000000000000000000000000000000000
0000000000000000000000000000000000000000000000000000000000000000000000
0000000000000000000000000000000000000000000000000000000000000000000000
0000000000000000000000000000000000000000000000000000000000000000000000
0000000000000000000000000000000000000000000000000000000000000000000000
0000000000000000000000000000000000000000000000000000000000000000000000
0000000000000000000000000000000000000000000000000000000000000000000000
0000000000000000000000000000000000000000000000000000000000000000000000
0000000000000000000000000000000000000000000000000000000000000000000000
0000000000000000000000000000000000000000000000000000000000000000000000
0000000000000000000000000000000000000000000000000000000000000000000000
0000000000000000000000000000000000000000000000000000000000000000000000
0000000000000000000000000000000000000000000000000000000000000000000000
0000000000000000000000000000000000000000000000000000000000000000000000
0000000000000000000000000000000000000000000000000000000000000000000000
0000000000000000000000000000000000000000000000000000000000000000000000
0000000000000000000000000000000000000000000000000000000000000000000000
0000000000000000000000000000000000000000000000000000000000000000000000
0000000000000000000000000000000000000000000000000000000000000000000000
0000000000000000000000000000000000000000000000000000000000000000000000
0000000000000000000000000000000000000000000000000000000000000000000000
0000000000000000000000000000000000000000000000000000000000000000000000
0000000000000000000000000000000000000000000000000000000000000000000000
0000000000000000000000000000000000000000000000000000000000000000000000
0000000000000000000000000000000000000000000000000000000000000000000000
0000000000000000000000000000000000000000000000000000000000000000000000
0000000000000000000000000000000000000000000000000000000000000000000000
0000000000000000000000000000000000000000000000000000000000000000000000
0000000000000000000000000000000000000000000000000000000000000000000000
0000000000000000000000000000000000000000000000000000000000000000000000
0000000000000000000000000000000000000000000000000000000000000000000000
0000000000000000000000000000000000000000000000000000000000000000000000
0000000000000000000000000000000000000000000000000000000000000000000000
0000000000000000000000000000000000000000000000000000000000000000000000
0000000000000000000000000000000000000000000000000000000000000000000000
0000000000000000000000000000000000000000000000000000000000000000000000
0000000000000000000000000000000000000000000000000000000000000000000000
0000000000000000000000000000000000000000000000000000000000000000000000
0000000000000000000000000000000000000000000000000000000000000000000000
0000000000000000000000000000000000000000000000000000000000000000000000
0000000000000000000000000000000000000000000000000000000000000000000000
0000000000000000000000000000000000000000000000000000000000000000000000
0000000000000000000000000000000000000000000000000000000000000000000000
0000000000000000000000000000000000000000000000000000000000000000000000
0000000000000000000000000000000000000000000000000000000000000000000000
0000000000000000000000000000000000000000000000000000000000000000000000
0000000000000000000000000000000000000000000000000000000000000000000000
0000000000000000000000000000000000000000000000000000000000000000000000
0000000000000000000000000000000000000000000000000000000000000000000000
0000000000000000000000000000000000000000000000000000000000000000000000
0000000000000000000000000000000000000000000000000000000000000000000000
0000000000000000000000000000000000000000000000000000000000000000000000
0000000000000000000000000000000000000000000000000000000000000000000000
0000000000000000000000000000000000000000000000000000000000000000000000
0000000000000000000000000000000000000000000000000000000000000000000000
0000000000000000000000000000000000000000000000000000000000000000000000
0000000000000000000000000000000000000000000000000000000000000000000000
0000000000000000000000000000000000000000000000000000000000000000000000
0000000000000000000000000000000000000000000000000000000000000000000000
0000000000000000000000000000000000000000000000000000000000000000000000
0000000000000000000000000000000000000000000000000000000000000000000000
0000000000000000000000000000000000000000000000000000000000000000000000
0000000000000000000000000000000000000000000000000000000000000000000000
0000000000000000000000000000000000000000000000000000000000000000000000
0000000000000000000000000000000000000000000000000000000000000000000000
0000000000000000000000000000000000000000000000000000000000000000000000
0000000000000000000000000000000000000000000000000000000000000000000000
0000000000000000000000000000000000000000000000000000000000000000000000
0000000000000000000000000000000000000000000000000000000000000000000000
0000000000000000000000000000000000000000000000000000000000000000000000
0000000000000000000000000000000000000000000000000000000000000000000000
0000000000000000000000000000000000000000000000000000000000000000000000
0000000000000000000000000000000000000000000000000000000000000000000000
0000000000000000000000000000000000000000000000000000000000000000000000
0000000000000000000000000000000000000000000000000000000000000000000000
0000000000000000000000000000000000000000000000000000000000000000000000
0000000000000000000000000000000000000000000000000000000000000000000000
0000000000000000000000000000000000000000000000000000000000000000000000
0000000000000000000000000000000000000000000000000000000000000000000000
0000000000000000000000000000000000000000000000000000000000000000000000
0000000000000000000000000000000000000000000000000000000000000000000000
0000000000000000000000000000000000000000000000000000000000000000000000
0000000000000000000000000000000000000000000000000000000000000000000000
0000000000000000000000000000000000000000000000000000000000000000000000
0000000000000000000000000000000000000000000000000000000000000000000000
0000000000000000000000000000000000000000000000000000000000000000000000
0000000000000000000000000000000000000000000000000000000000000000000000
0000000000000000000000000000000000000000000000000000000000000000000000
0000000000000000000000000000000000000000000000000000000000000000000000
0000000000000000000000000000000000000000000000000000000000000000000000
0000000000000000000000000000000000000000000000000000000000000000000000
0000000000000000000000000000000000000000000000000000000000000000000000
0000000000000000000000000000000000000000000000000000000000000000000000
0000000000000000000000000000000000000000000000000000000000000000000000
0000000000000000000000000000000000000000000000000000000000000000000000
0000000000000000000000000000000000000000000000000000000000000000000000
0000000000000000000000000000000000000000000000000000000000000000000000
0000000000000000000000000000000000000000000000000000000000000000000000
0000000000000000000000000000000000000000000000000000000000000000000000
0000000000000000000000000000000000000000000000000000000000000000000000
0000000000000000000000000000000000000000000000000000000000000000000000
0000000000000000000000000000000000000000000000000000000000000000000000
0000000000000000000000000000000000000000000000000000000000000000000000
0000000000000000000000000000000000000000000000000000000000000000000000
0000000000000000000000000000000000000000000000000000000000000000000000
0000000000000000000000000000000000000000000000000000000000000000000000
0000000000000000000000000000000000000000000000000000000000000000000000
0000000000000000000000000000000000000000000000000000000000000000000000
0000000000000000000000000000000000000000000000000000000000000000000000
0000000000000000000000000000000000000000000000000000000000000000000000
0000000000000000000000000000000000000000000000000000000000000000000000
0000000000000000000000000000000000000000000000000000000000000000000000
0000000000000000000000000000000000000000000000000000000000000000000000
0000000000000000000000000000000000000000000000000000000000000000000000
0000000000000000000000000000000000000000000000000000000000000000000000
0000000000000000000000000000000000000000000000000000000000000000000000
0000000000000000000000000000000000000000000000000000000000000000000000
0000000000000000000000000000000000000000000000000000000000000000000000
0000000000000000000000000000000000000000000000000000000000000000000000
0000000000000000000000000000000000000000000000000000000000000000000000
0000000000000000000000000000000000000000000000000000000000000000000000
0000000000000000000000000000000000000000000000000000000000000000000000
0000000000000000000000000000000000000000000000000000000000000000000000
0000000000000000000000000000000000000000000000000000000000000000000000
0000000000000000000000000000000000000000000000000000000000000000000000
0000000000000000000000000000000000000000000000000000000000000000000000
0000000000000000000000000000000000000000000000000000000000000000000000
0000000000000000000000000000000000000000000000000000000000000000000000
0000000000000000000000000000000000000000000000000000000000000000000000
0000000000000000000000000000000000000000000000000000000000000000000000
0000000000000000000000000000000000000000000000000000000000000000000000
0000000000000000000000000000000000000000000000000000000000000000000000
0000000000000000000000000000000000000000000000000000000000000000000000
0000000000000000000000000000000000000000000000000000000000000000000000
0000000000000000000000000000000000000000000000000000000000000000000000
0000000000000000000000000000000000000000000000000000000000000000000000
0000000000000000000000000000000000000000000000000000000000000000000000
0000000000000000000000000000000000000000000000000000000000000000000000
0000000000000000000000000000000000000000000000000000000000000000000000
0000000000000000000000000000000000000000000000000000000000000000000000
0000000000000000000000000000000000000000000000000000000000000000000000
0000000000000000000000000000000000000000000000000000000000000000000000
0000000000000000000000000000000000000000000000000000000000000000000000
0000000000000000000000000000000000000000000000000000000000000000000000
0000000000000000000000000000000000000000000000000000000000000000000000
0000000000000000000000000000000000000000000000000000000000000000000000
0000000000000000000000000000000000000000000000000000000000000000000000
0000000000000000000000000000000000000000000000000000000000000000000000
0000000000000000000000000000000000000000000000000000000000000000000000
0000000000000000000000000000000000000000000000000000000000000000000000
0000000000000000000000000000000000000000000000000000000000000000000000
0000000000000000000000000000000000000000000000000000000000000000000000
0000000000000000000000000000000000000000000000000000000000000000000000
0000000000000000000000000000000000000000000000000000000000000000000000
0000000000000000000000000000000000000000000000000000000000000000000000
0000000000000000000000000000000000000000000000000000000000000000000000
0000000000000000000000000000000000000000000000000000000000000000000000
0000000000000000000000000000000000000000000000000000000000000000000000
0000000000000000000000000000000000000000000000000000000000000000000000
0000000000000000000000000000000000000000000000000000000000000000000000
0000000000000000000000000000000000000000000000000000000000000000000000
0000000000000000000000000000000000000000000000000000000000000000000000
0000000000000000000000000000000000000000000000000000000000000000000000
0000000000000000000000000000000000000000000000000000000000000000000000
0000000000000000000000000000000000000000000000000000000000000000000000
0000000000000000000000000000000000000000000000000000000000000000000000
0000000000000000000000000000000000000000000000000000000000000000000000
0000000000000000000000000000000000000000000000000000000000000000000000
0000000000000000000000000000000000000000000000000000000000000000000000
0000000000000000000000000000000000000000000000000000000000000000000000
0000000000000000000000000000000000000000000000000000000000000000000000
0000000000000000000000000000000000000000000000000000000000000000000000
0000000000000000000000000000000000000000000000000000000000000000000000
0000000000000000000000000000000000000000000000000000000000000000000000
0000000000000000000000000000000000000000000000000000000000000000000000
0000000000000000000000000000000000000000000000000000000000000000000000
0000000000000000000000000000000000000000000000000000000000000000000000
0000000000000000000000000000000000000000000000000000000000000000000000
0000000000000000000000000000000000000000000000000000000000000000000000
0000000000000000000000000000000000000000000000000000000000000000000000
0000000000000000000000000000000000000000000000000000000000000000000000
0000000000000000000000000000000000000000000000000000000000000000000000
0000000000000000000000000000000000000000000000000000000000000000000000
0000000000000000000000000000000000000000000000000000000000000000000000
0000000000000000000000000000000000000000000000000000000000000000000000
0000000000000000000000000000000000000000000000000000000000000000000000
0000000000000000000000000000000000000000000000000000000000000000000000
0000000000000000000000000000000000000000000000000000000000000000000000
0000000000000000000000000000000000000000000000000000000000000000000000
0000000000000000000000000000000000000000000000000000000000000000000000
0000000000000000000000000000000000000000000000000000000000000000000000
0000000000000000000000000000000000000000000000000000000000000000000000
0000000000000000000000000000000000000000000000000000000000000000000000
0000000000000000000000000000000000000000000000000000000000000000000000
0000000000000000000000000000000000000000000000000000000000000000000000
0000000000000000000000000000000000000000000000000000000000000000000000
0000000000000000000000000000000000000000000000000000000000000000000000
0000000000000000000000000000000000000000000000000000000000000000000000
0000000000000000000000000000000000000000000000000000000000000000000000
0000000000000000000000000000000000000000000000000000000000000000000000
0000000000000000000000000000000000000000000000000000000000000000000000
0000000000000000000000000000000000000000000000000000000000000000000000
0000000000000000000000000000000000000000000000000000000000000000000000
0000000000000000000000000000000000000000000000000000000000000000000000
0000000000000000000000000000000000000000000000000000000000000000000000
0000000000000000000000000000000000000000000000000000000000000000000000
0000000000000000000000000000000000000000000000000000000000000000000000
0000000000000000000000000000000000000000000000000000000000000000000000
0000000000000000000000000000000000000000000000000000000000000000000000
0000000000000000000000000000000000000000000000000000000000000000000000
0000000000000000000000000000000000000000000000000000000000000000000000
0000000000000000000000000000000000000000000000000000000000000000000000
0000000000000000000000000000000000000000000000000000000000000000000000
0000000000000000000000000000000000000000000000000000000000000000000000
0000000000000000000000000000000000000000000000000000000000000000000000
0000000000000000000000000000000000000000000000000000000000000000000000
0000000000000000000000000000000000000000000000000000000000000000000000
0000000000000000000000000000000000000000000000000000000000000000000000
0000000000000000000000000000000000000000000000000000000000000000000000
0000000000000000000000000000000000000000000000000000000000000000000000
0000000000000000000000000000000000000000000000000000000000000000000000
0000000000000000000000000000000000000000000000000000000000000000000000
0000000000000000000000000000000000000000000000000000000000000000000000
0000000000000000000000000000000000000000000000000000000000000000000000
0000000000000000000000000000000000000000000000000000000000000000000000
0000000000000000000000000000000000000000000000000000000000000000000000
0000000000000000000000000000000000000000000000000000000000000000000000
0000000000000000000000000000000000000000000000000000000000000000000000
0000000000000000000000000000000000000000000000000000000000000000000000
0000000000000000000000000000000000000000000000000000000000000000000000
0000000000000000000000000000000000000000000000000000000000000000000000
0000000000000000000000000000000000000000000000000000000000000000000000
0000000000000000000000000000000000000000000000000000000000000000000000
0000000000000000000000000000000000000000000000000000000000000000000000
0000000000000000000000000000000000000000000000000000000000000000000000
0000000000000000000000000000000000000000000000000000000000000000000000
000000801ffffff800000002007fffffe00000000801ffffff800000002007fffffe00
000000801ffffff800000002007fffffe00000000801ffffff800000002007fffffe00
000000801ffffff800000002007fffffe00000000801ffffff800000002007fffffe00
000000801ffffff800000002007fffffe00000000801ffffff800000002007fffffe00
000000801ffffff800000002007fffffe00000000801ffffff800000002007fffffe00
000000801ffffff800000002007fffffe00000000801ffffff800000002007fffffe00
000000801ffffff800000002007fffffe00000000801ffffff800000002007fffffe00
000000801ffffff800000002007fffffe00000000801ffffff800000002007fffffe00
000000801ffffff800000002007fffffe00000000801ffffff800000002007fffffe00
000000801ffffff800000002007fffffe00000000801ffffff800000002007fffffe00
000000801ffffff800000002007fffffe00000000801ffffff800000002007fffffe00
000000801ffffff800000002007fffffe00000000801ffffff800000002007fffffe00
000000801ffffff800000002007fffffe00000000801ffffff800000002007fffffe00
000000801ffffff800000002007fffffe00000000801ffffff800000002007fffffe00
000000801ffffff800000002007fffffe00000000801ffffff800000002007fffffe00
000000801ffffff800000002007fffffe00000000801ffffff800000002007fffffe00
000000801ffffff800000002007fffffe00000000801ffffff800000002007fffffe00
000000801ffffff800000002007fffffe00000000801ffffff800000002007fffffe00
000000801ffffff800000002007fffffe00000000801ffffff800000002007fffffe00
000000801ffffff800000002007fffffe00000000801ffffff800000002007fffffe00
000000801ffffff800000002007fffffe00000000801ffffff800000002007fffffe00
000000801ffffff800000002007fffffe00000000801ffffff800000002007fffffe00
000000801ffffff800000002007fffffe00000000801ffffff800000002007fffffe00
000000801ffffff800000002007fffffe00000000801ffffff800000002007fffffe00
000000801ffffff800000002007fffffe00000000801ffffff800000002007fffffe00
000000801ffffff800000002007fffffe00000000801ffffff800000002007fffffe00
000000801ffffff800000002007fffffe00000000801ffffff800000002007fffffe00
000000801ffffff800000002007fffffe00000000801ffffff800000002007fffffe00
000000801ffffff800000002007fffffe00000000801ffffff800000002007fffffe00
000000801ffffff800000002007fffffe00000000801ffffff800000002007fffffe00
000000801ffffff800000002007fffffe00000000801ffffff800000002007fffffe00
000000801ffffff800000002007fffffe00000000801ffffff800000002007fffffe00
000000801ffffff800000002007fffffe00000000801ffffff800000002007fffffe00
000000801ffffff800000002007fffffe00000000801ffffff800000002007fffffe00
000000801ffffff800000002007fffffe00000000801ffffff800000002007fffffe00
000000801ffffff800000002007fffffe00000000801ffffff800000002007fffffe00
000000801ffffff800000002007fffffe00000000801ffffff800000002007fffffe00
000000801ffffff800000002007fffffe00000000801ffffff800000002007fffffe00
000000801ffffff800000002007fffffe00000000801ffffff800000002007fffffe00
000000801ffffff800000002007fffffe00000000801ffffff800000002007fffffe00
000000801ffffff800000002007fffffe00000000801ffffff800000002007fffffe00
000000801ffffff800000002007fffffe00000000801ffffff800000002007fffffe00
000000801ffffff800000002007fffffe00000000801ffffff800000002007fffffe00
000000801ffffff800000002007fffffe00000000801ffffff800000002007fffffe00
000000801ffffff800000002007fffffe00000000801ffffff800000002007fffffe00
000000801ffffff800000002007fffffe00000000801ffffff800000002007fffffe00
000000801ffffff800000002007fffffe00000000801ffffff800000002007fffffe00
000000801ffffff800000002007fffffe00000000801ffffff800000002007fffffe00
000000801ffffff800000002007fffffe00000000801ffffff800000002007fffffe00
000000801ffffff800000002007fffffe00000000801ffffff800000002007fffffe00
000000801ffffff800000002007fffffe00000000801ffffff800000002007fffffe00
000000801ffffff800000002007fffffe00000000801ffffff800000002007fffffe00
000000801ffffff800000002007fffffe00000000801ffffff800000002007fffffe00
000000801ffffff800000002007fffffe00000000801ffffff800000002007fffffe00
000000801ffffff800000002007fffffe00000000801ffffff800000002007fffffe00
000000801ffffff800000002007fffffe00000000801ffffff800000002007fffffe00
000000801ffffff800000002007fffffe00000000801ffffff800000002007fffffe00
000000801ffffff800000002007fffffe00000000801ffffff800000002007fffffe00
000000801ffffff800000002007fffffe00000000801ffffff800000002007fffffe00
000000801ffffff800000002007fffffe00000000801ffffff800000002007fffffe00
000000801ffffff800000002007fffffe00000000801ffffff800000002007fffffe00
000000801ffffff800000002007fffffe00000000801ffffff800000002007fffffe00
000000801ffffff800000002007fffffe00000000801ffffff800000002007fffffe00
000000801ffffff800000002007fffffe00000000801ffffff800000002007fffffe00
000000801ffffff800000002007fffffe00000000801ffffff800000002007fffffe00
000000801ffffff800000002007fffffe00000000801ffffff800000002007fffffe00
000000801ffffff800000002007fffffe00000000801ffffff800000002007fffffe00
000000801ffffff800000002007fffffe00000000801ffffff800000002007fffffe00
000000801ffffff800000002007fffffe00000000801ffffff800000002007fffffe00
000000801ffffff800000002007fffffe00000000801ffffff800000002007fffffe00
000000801ffffff800000002007fffffe00000000801ffffff800000002007fffffe00
000000801ffffff800000002007fffffe00000000801ffffff800000002007fffffe00
000000801ffffff800000002007fffffe00000000801ffffff800000002007fffffe00
000000801ffffff800000002007fffffe00000000801ffffff800000002007fffffe00
000000801ffffff800000002007fffffe00000000801ffffff800000002007fffffe00
000000801ffffff800000002007fffffe00000000801ffffff800000002007fffffe00
000000801ffffff800000002007fffffe00000000801ffffff800000002007fffffe00
000000801ffffff800000002007fffffe00000000801ffffff800000002007fffffe00
000000801ffffff800000002007fffffe00000000801ffffff800000002007fffffe00
000000801ffffff800000002007fffffe00000000801ffffff800000002007fffffe00
000000801ffffff800000002007fffffe00000000801ffffff800000002007fffffe00
000000801ffffff800000002007fffffe00000000801ffffff800000002007fffffe00
000000801ffffff800000002007fffffe00000000801ffffff800000002007fffffe00
000000801ffffff800000002007fffffe00000000801ffffff800000002007fffffe00
000000801ffffff800000002007fffffe00000000801ffffff800000002007fffffe00
000000801ffffff800000002007fffffe00000000801ffffff800000002007fffffe00
000000801ffffff800000002007fffffe00000000801ffffff800000002007fffffe00
000000801ffffff800000002007fffffe00000000801ffffff800000002007fffffe00
000000801ffffff800000002007fffffe00000000801ffffff800000002007fffffe00
000000801ffffff800000002007fffffe00000000801ffffff800000002007fffffe00
000000801ffffff800000002007fffffe00000000801ffffff800000002007fffffe00
000000801ffffff800000002007fffffe00000000801ffffff800000002007fffffe00
000000801ffffff800000002007fffffe00000000801ffffff800000002007fffffe00
000000801ffffff800000002007fffffe00000000801ffffff800000002007fffffe00
000000801ffffff800000002007fffffe00000000801ffffff800000002007fffffe00
000000801ffffff800000002007fffffe00000000801ffffff800000002007fffffe00
000000801ffffff800000002007fffffe00000000801ffffff800000002007fffffe00
000000801ffffff800000002007fffffe00000000801ffffff800000002007fffffe00
000000801ffffff800000002007fffffe00000000801ffffff800000002007fffffe00
000000801ffffff800000002007fffffe00000000801ffffff800000002007fffffe00
000000801ffffff800000002007fffffe00000000801ffffff800000002007fffffe00
000000801ffffff800000002007fffffe00000000801ffffff800000002007fffffe00
000000801ffffff800000002007fffffe00000000801ffffff800000002007fffffe00
000000801ffffff800000002007fffffe00000000801ffffff800000002007fffffe00
000000801ffffff800000002007fffffe00000000801ffffff800000002007fffffe00
000000801ffffff800000002007fffffe00000000801ffffff800000002007fffffe00
000000801ffffff800000002007fffffe00000000801ffffff800000002007fffffe00
000000801ffffff800000002007fffffe00000000801ffffff800000002007fffffe00
000000801ffffff800000002007fffffe00000000801ffffff800000002007fffffe00
000000801ffffff800000002007fffffe00000000801ffffff800000002007fffffe00
000000801ffffff800000002007fffffe00000000801ffffff800000002007fffffe00
000000801ffffff800000002007fffffe00000000801ffffff800000002007fffffe00
000000801ffffff800000002007fffffe00000000801ffffff800000002007fffffe00
000000801ffffff800000002007fffffe00000000801ffffff800000002007fffffe00
000000801ffffff800000002007fffffe00000000801ffffff800000002007fffffe00
000000801ffffff800000002007fffffe00000000801ffffff800000002007fffffe00
000000801ffffff800000002007fffffe00000000801ffffff800000002007fffffe00
000000801ffffff800000002007fffffe00000000801ffffff800000002007fffffe00
000000801ffffff800000002007fffffe00000000801ffffff800000002007fffffe00
000000801ffffff800000002007fffffe00000000801ffffff800000002007fffffe00
000000801ffffff800000002007fffffe00000000801ffffff800000002007fffffe00
000000801ffffff800000002007fffffe00000000801ffffff800000002007fffffe00
000000801ffffff800000002007fffffe00000000801ffffff800000002007fffffe00
000000801ffffff800000002007fffffe00000000801ffffff800000002007fffffe00
000000801ffffff800000002007fffffe00000000801ffffff800000002007fffffe00
000000801ffffff800000002007fffffe00000000801ffffff800000002007fffffe00
000000801ffffff800000002007fffffe00000000801ffffff800000002007fffffe00
000000801ffffff800000002007fffffe00000000801ffffff800000002007fffffe00
000000801ffffff800000002007fffffe00000000801ffffff800000002007fffffe00
000000801ffffff800000002007fffffe00000000801ffffff800000002007fffffe00
000000801ffffff800000002007fffffe00000000801ffffff800000002007fffffe00
000000801ffffff800000002007fffffe00000000801ffffff800000002007fffffe00
000000801ffffff800000002007fffffe00000000801ffffff800000002007fffffe00
000000801ffffff800000002007fffffe00000000801ffffff800000002007fffffe00
000000801ffffff800000002007fffffe00000000801ffffff800000002007fffffe00
000000801ffffff800000002007fffffe00000000801ffffff800000002007fffffe00
000000801ffffff800000002007fffffe00000000801ffffff800000002007fffffe00
000000801ffffff800000002007fffffe00000000801ffffff800000002007fffffe00
000000801ffffff800000002007fffffe00000000801ffffff800000002007fffffe00
000000801ffffff800000002007fffffe00000000801ffffff800000002007fffffe00
000000801ffffff800000002007fffffe00000000801ffffff800000002007fffffe00
000000801ffffff800000002007fffffe00000000801ffffff800000002007fffffe00
000000801ffffff800000002007fffffe00000000801ffffff800000002007fffffe00
000000801ffffff800000002007fffffe00000000801ffffff800000002007fffffe00
000000801ffffff800000002007fffffe00000000801ffffff800000002007fffffe00
000000801ffffff800000002007fffffe00000000801ffffff800000002007fffffe00
000000801ffffff800000002007fffffe00000000801ffffff800000002007fffffe00
000000801ffffff800000002007fffffe00000000801ffffff800000002007fffffe00
000000801ffffff800000002007fffffe00000000801ffffff800000002007fffffe00
000000801ffffff800000002007fffffe00000000801ffffff800000002007fffffe00
000000801ffffff800000002007fffffe00000000801ffffff800000002007fffffe00
000000801ffffff800000002007fffffe00000000801ffffff800000002007fffffe00
000000801ffffff800000002007fffffe00000000801ffffff800000002007fffffe00
000000801ffffff800000002007fffffe00000000801ffffff800000002007fffffe00
000000801ffffff800000002007fffffe00000000801ffffff800000002007fffffe00
000000801ffffff800000002007fffffe00000000801ffffff800000002007fffffe00
000000801ffffff800000002007fffffe00000000801ffffff800000002007fffffe00
000000801ffffff800000002007fffffe00000000801ffffff800000002007fffffe00
000000801ffffff800000002007fffffe00000000801ffffff800000002007fffffe00
000000801ffffff800000002007fffffe00000000801ffffff800000002007fffffe00
000000801ffffff800000002007fffffe00000000801ffffff800000002007fffffe00
000000801ffffff800000002007fffffe00000000801ffffff800000002007fffffe00
000000801ffffff800000002007fffffe00000000801ffffff800000002007fffffe00
000000801ffffff800000002007fffffe00000000801ffffff800000002007fffffe00
000000801ffffff800000002007fffffe00000000801ffffff800000002007fffffe00
000000801ffffff800000002007fffffe00000000801ffffff800000002007fffffe00
000000801ffffff800000002007fffffe00000000801ffffff800000002007fffffe00
000000801ffffff800000002007fffffe00000000801ffffff800000002007fffffe00
000000801ffffff800000002007fffffe00000000801ffffff800000002007fffffe00
000000801ffffff800000002007fffffe00000000801ffffff800000002007fffffe00
000000801ffffff800000002007fffffe00000000801ffffff800000002007fffffe00
000000801ffffff800000002007fffffe00000000801ffffff800000002007fffffe00
000000801ffffff800000002007fffffe00000000801ffffff800000002007fffffe00
000000801ffffff800000002007fffffe00000000801ffffff800000002007fffffe00
000000801ffffff800000002007fffffe00000000801ffffff800000002007fffffe00
000000801ffffff800000002007fffffe00000000801ffffff800000002007fffffe00
000000801ffffff800000002007fffffe00000000801ffffff800000002007fffffe00
000000801ffffff800000002007fffffe00000000801ffffff800000002007fffffe00
000000801ffffff800000002007fffffe00000000801ffffff800000002007fffffe00
000000801ffffff800000002007fffffe00000000801ffffff800000002007fffffe00
000000801ffffff800000002007fffffe00000000801ffffff800000002007fffffe00
000000801ffffff800000002007fffffe00000000801ffffff800000002007fffffe00
000000801ffffff800000002007fffffe00000000801ffffff800000002007fffffe00
000000801ffffff800000002007fffffe00000000801ffffff800000002007fffffe00
000000801ffffff800000002007fffffe00000000801ffffff800000002007fffffe00
000000801ffffff800000002007fffffe00000000801ffffff800000002007fffffe00
000000801ffffff800000002007fffffe00000000801ffffff800000002007fffffe00
000000801ffffff800000002007fffffe00000000801ffffff800000002007fffffe00
000000801ffffff800000002007fffffe00000000801ffffff800000002007fffffe00
000000801ffffff800000002007fffffe00000000801ffffff800000002007fffffe00
000000801ffffff800000002007fffffe00000000801ffffff800000002007fffffe00
000000801ffffff800000002007fffffe00000000801ffffff800000002007fffffe00
000000801ffffff800000002007fffffe00000000801ffffff800000002007fffffe00
000000801ffffff800000002007fffffe00000000801ffffff800000002007fffffe00
000000801ffffff800000002007fffffe00000000801ffffff800000002007fffffe00
000000801ffffff800000002007fffffe00000000801ffffff800000002007fffffe00
000000801ffffff800000002007fffffe00000000801ffffff800000002007fffffe00
000000801ffffff800000002007fffffe00000000801ffffff800000002007fffffe00
000000801ffffff800000002007fffffe00000000801ffffff800000002007fffffe00
000000801ffffff800000002007fffffe00000000801ffffff800000002007fffffe00
000000801ffffff800000002007fffffe00000000801ffffff800000002007fffffe00
000000801ffffff800000002007fffffe00000000801ffffff800000002007fffffe00
000000801ffffff800000002007fffffe00000000801ffffff800000002007fffffe00
000000801ffffff800000002007fffffe00000000801ffffff800000002007fffffe00
000000801ffffff800000002007fffffe00000000801ffffff800000002007fffffe00
000000801ffffff800000002007fffffe00000000801ffffff800000002007fffffe00
000000801ffffff800000002007fffffe00000000801ffffff800000002007fffffe00
000000801ffffff800000002007fffffe00000000801ffffff800000002007fffffe00
000000801ffffff800000002007fffffe00000000801ffffff800000002007fffffe00
000000801ffffff800000002007fffffe00000000801ffffff800000002007fffffe00
000000801ffffff800000002007fffffe00000000801ffffff800000002007fffffe00
000000801ffffff800000002007fffffe00000000801ffffff800000002007fffffe00
000000801ffffff800000002007fffffe00000000801ffffff800000002007fffffe00
000000801ffffff800000002007fffffe00000000801ffffff800000002007fffffe00
000000801ffffff800000002007fffffe00000000801ffffff800000002007fffffe00
000000801ffffff800000002007fffffe00000000801ffffff800000002007fffffe00
000000801ffffff800000002007fffffe00000000801ffffff800000002007fffffe00
000000801ffffff800000002007fffffe00000000801ffffff800000002007fffffe00
000000801ffffff800000002007fffffe00000000801ffffff800000002007fffffe00
000000801ffffff800000002007fffffe00000000801ffffff800000002007fffffe00
000000801ffffff800000002007fffffe00000000801ffffff800000002007fffffe00
000000801ffffff800000002007fffffe00000000801ffffff800000002007fffffe00
000000801ffffff800000002007fffffe00000000801ffffff800000002007fffffe00
000000801ffffff800000002007fffffe00000000801ffffff800000002007fffffe00
000000801ffffff800000002007fffffe00000000801ffffff800000002007fffffe00
000000801ffffff800000002007fffffe00000000801ffffff800000002007fffffe00
000000801ffffff800000002007fffffe00000000801ffffff800000002007fffffe00
000000801ffffff800000002007fffffe00000000801ffffff800000002007fffffe00
000000801ffffff800000002007fffffe00000000801ffffff800000002007fffffe00
000000801ffffff800000002007fffffe00000000801ffffff800000002007fffffe00
000000801ffffff800000002007fffffe00000000801ffffff800000002007fffffe00
000000801ffffff800000002007fffffe00000000801ffffff800000002007fffffe00
000000801ffffff800000002007fffffe00000000801ffffff800000002007fffffe00
000000801ffffff800000002007fffffe00000000801ffffff800000002007fffffe00
000000801ffffff800000002007fffffe00000000801ffffff800000002007fffffe00
000000801ffffff800000002007fffffe00000000801ffffff800000002007fffffe00
000000801ffffff800000002007fffffe00000000801ffffff800000002007fffffe00
000000801ffffff800000002007fffffe00000000801ffffff800000002007fffffe00
000000801ffffff800000002007fffffe00000000801ffffff800000002007fffffe00
000000801ffffff800000002007fffffe00000000801ffffff800000002007fffffe00
000000801ffffff800000002007fffffe00000000801ffffff800000002007fffffe00
000000801ffffff800000002007fffffe00000000801ffffff800000002007fffffe00
000000801ffffff800000002007fffffe00000000801ffffff800000002007fffffe00
000000801ffffff800000002007fffffe00000000801ffffff800000002007fffffe00
000000801ffffff800000002007fffffe00000000801ffffff800000002007fffffe00
000000801ffffff800000002007fffffe00000000801ffffff800000002007fffffe00
000000801ffffff800000002007fffffe00000000801ffffff800000002007fffffe00
000000801ffffff800000002007fffffe00000000801ffffff800000002007fffffe00
000000801ffffff800000002007fffffe00000000801ffffff800000002007fffffe00
000000801ffffff800000002007fffffe00000000801ffffff800000002007fffffe00
000000801ffffff800000002007fffffe00000000801ffffff800000002007fffffe00
000000801ffffff800000002007fffffe00000000801ffffff800000002007fffffe00
000000801ffffff800000002007fffffe00000000801ffffff800000002007fffffe00
000000801ffffff800000002007fffffe00000000801ffffff800000002007fffffe00
000000801ffffff800000002007fffffe00000000801ffffff800000002007fffffe00
000000801ffffff800000002007fffffe00000000801ffffff800000002007fffffe00
ffffff800000000803ffffff007fffffc00000000801ffffff80000000100000000400
ffffff783ffffffa54000000b57fffffbc200000087c0000005abffffff4b00000043e
ffffff714000000147ffffffd7ffffffb8a0000008edffffffebc00000028800000476
ffffff93fffffff444000001777fffffc9f0000006c2000000bbbfffffe89000000361
ffffff75e0000004bbffffff68ffffffbaf0000008a1ffffffb4800000097000000450
ffffff83bffffff7240000011bffffffc1d0000007c60000008dffffffee48000003e2
ffffff71fffffffdc000000047ffffffb900000008e000000023fffffffb8800000470
ffffffa85ffffff1dc000001c47fffffd4200000057c000000e23fffffe3b8000002be
ffffff7a4000000667ffffff33ffffffbd200000085bffffff99c000000cc80000042d
ffffff7d5ffffff8b4000000e97fffffbea00000082a00000074fffffff16800000415
ffffff70ffffffff800000000fffffffb870000008f000000007ffffffff0800000478
ffffff9d9ffffff3000000019fffffffced000000626000000cfffffffe60000000313
ffffff72e000000303ffffff9fffffffb970000008d3ffffffcfc00000060000000468
ffffff8b3ffffff5a80000014affffffc5900000074c000000a5bfffffeb50000003a6
ffffff747ffffffc080000007effffffba30000008b80000003fbffffff8100000045c
ffffffb3dffffff0dc000001e4ffffffd9e0000004c4000000f27fffffe1b800000261
ffffff7d0000000737ffffff19ffffffbe8000000831ffffff8cc000000e6800000418
ffffff7a9ffffff984000000cfffffffbd500000085600000067fffffff3080000042b
ffffff70e000000067fffffff3ffffffb870000008f3fffffff9c0000000c800000478
ffffff98bffffff3a00000018c7fffffcc5000000676000000c63fffffe7400000033b
ffffff7440000003dfffffff847fffffba20000008bdffffffc200000007c00000045e
ffffff875ffffff66000000133ffffffc3a00000078a00000099ffffffecc8000003c5
ffffff731ffffffce4000000637fffffb980000008d000000031fffffff9c800000467
ffffffadfffffff158000001d57fffffd6f000000522000000eabfffffe2b000000290
ffffff77e000000593ffffff4e7fffffbc0000000881ffffffa70000000b2000000440
ffffff805ffffff7e800000102ffffffc020000007fa00000081bfffffefd0000003fd
ffffff715ffffffea00000002bffffffb8a0000008ec00000015fffffffd4000000475
ffffffa2dffffff26c000001b2ffffffd160000005d2000000d97fffffe4d8000002e9
ffffff71e000000227ffffffbbffffffb8f0000008e3ffffffddc00000044800000470
ffffff8f7ffffff4f400000161ffffffc7b00000070a000000b0ffffffe9e800000384
ffffff763ffffffb2c0000009a7fffffbb100000089e0000004d3ffffff6600000044e
ffffffb9dffffff068000001f2ffffffdce000000462000000f9bfffffe0d000000231
ffffff7e600000079bffffff0cffffffbf300000081bffffff864000000f300000040c
ffffff797ffffff9ec000000c27fffffbcb00000086a000000617ffffff3d800000435
ffffff7100000000d7ffffffe5ffffffb880000008f1fffffff2c0000001a800000477
ffffff963ffffff3f000000181ffffffcb200000069c000000c0ffffffe7e80000034e
ffffff75000000044fffffff767fffffba80000008afffffffbb400000089800000457
ffffff857ffffff6c000000127ffffffc2b0000007aa00000093ffffffed88000003d4
ffffff727ffffffd5400000055ffffffb940000008d80000002afffffffaa80000046c
ffffffab1ffffff198000001ccffffffd5800000054e000000e67fffffe330000002a7
ffffff7900000005fbffffff40ffffffbc900000086fffffffa04000000bf000000437
ffffff7edffffff84c000000f67fffffbf60000008140000007b3ffffff09800000409
ffffff711fffffff100000001dffffffb880000008ee0000000efffffffe2800000477
ffffffa03ffffff2b4000001a97fffffd010000005fc000000d4bfffffe568000002fe
ffffff724000000293ffffffadffffffb930000008dbffffffd6c0000005280000046d
ffffff8d5ffffff54c000001567fffffc6a00000072c000000ab3fffffea9800000396
ffffff755ffffffb980000008cffffffbaa0000008ac000000467ffffff73800000456
ffffffb6dffffff0a0000001ebffffffdb6000000494000000f5ffffffe14000000249
ffffff7b80000006cfffffff26ffffffbdd000000847ffffff934000000d9800000423
ffffff7bfffffff91c000000dcffffffbdf0000008420000006e7ffffff23800000420
ffffff70fffffffff000000001ffffffb870000008f200000000ffffffffe800000479
ffffff9b1ffffff35000000195ffffffcd800000064e000000cb3fffffe6a000000327
ffffff738000000373ffffff91ffffffb9c0000008c7ffffffc900000006e000000463
ffffff893ffffff6040000013f7fffffc4a00000076c0000009fffffffec08000003b6
ffffff73bffffffc74000000717fffffb9d0000008c400000038bffffff8e800000462
ffffffb0dffffff118000001dcffffffd860000004f2000000eebfffffe23000000279
ffffff76e000000527ffffff5b7fffffbb7000000893ffffffadc000000a4800000448
ffffff81fffffff7840000010f7fffffc0f0000007e000000087bfffffef08000003f0
ffffff719ffffffe3000000039ffffffb8d0000008e60000001cfffffffc6800000473
ffffffa59ffffff224000001bbffffffd2c0000005a8000000ddffffffe448000002d3
ffffff7180000001b7ffffffc9ffffffb8c0000008e9ffffffe4c00000036800000474
ffffff919ffffff49c0000016c7fffffc8d0000006e6000000b67fffffe93800000373
ffffff773ffffffac0000000a7ffffffbb900000088e00000053fffffff58800000446
ffffffbcfffffff030000001f9ffffffde7000000432000000fcffffffe06800000219
ffffff7f20000007cfffffff067fffffbf900000080dffffff834000000f9800000406
ffffff78dffffffa20000000bbffffffbc60000008740000005dfffffff44000000439
ffffff71000000010fffffffdeffffffb890000008efffffffef400000021800000477
ffffff951ffffff41c0000017c7fffffca80000006ae000000be7fffffe83800000357
ffffff756000000483ffffff6fffffffbac0000008a9ffffffb7c00000090800000454
ffffff849ffffff6f000000121ffffffc240000007b800000090ffffffede8000003db
ffffff725ffffffd8c0000004effffffb920000008dc000000277ffffffb180000046e
ffffffa9bffffff1b8000001c8ffffffd4d000000566000000e47fffffe378000002b2
ffffff79a000000633ffffff3a7fffffbcd000000865ffffff9d0000000c6000000432
ffffff7e1ffffff880000000efffffffbf000000081e000000783ffffff1000000040f
ffffff70ffffffff4800000016ffffffb880000008f00000000b7ffffffe9800000478
ffffff9efffffff2dc000001a4ffffffcf7000000612000000d27fffffe5b800000309
ffffff7280000002cbffffffa6ffffffb950000008d7ffffffd340000005980000046b
ffffff8c3ffffff57800000150ffffffc6200000073c000000a87fffffeaf80000039e
ffffff74dffffffbd000000085ffffffba70000008b200000042fffffff7a000000459
ffffffb55ffffff0bc000001e87fffffdaa0000004ac000000f43fffffe17800000256
ffffff7c4000000703ffffff207fffffbe200000083dffffff900000000e000000041d
ffffff7b5ffffff94c000000d67fffffbda00000084c0000006b3ffffff2a000000426
ffffff70e00000002ffffffffaffffffb870000008f3fffffffd400000005800000479
ffffff99dffffff378000001917fffffccf000000662000000c8bfffffe6f000000331
ffffff73e0000003abffffff8b7fffffb9f0000008c3ffffffc5800000075000000461
ffffff883ffffff63400000139ffffffc4200000077c0000009cffffffec68000003be
ffffff735ffffffcac0000006a7fffffb9b0000008ca000000353ffffff95800000465
ffffffaf5ffffff138000001d97fffffd7b00000050a000000ecbfffffe27000000285
ffffff77600000055bffffff54ffffffbbb000000889ffffffaa4000000ab000000444
ffffff813ffffff7b8000001097fffffc090000007ee00000084bfffffef70000003f7
ffffff717ffffffe6800000032ffffffb8b0000008e8000000197ffffffcd000000474
ffffffa43ffffff248000001b77fffffd210000005be000000dbbfffffe490000002df
ffffff71a0000001efffffffc2ffffffb8d0000008e5ffffffe140000003d800000472
ffffff909ffffff4c800000166ffffffc840000006f8000000b3bfffffe9900000037c
ffffff76bffffffaf8000000a17fffffbb500000089600000050bffffff5f00000044a
ffffffbb5ffffff04c000001f67fffffdda00000044a000000fb3fffffe09800000225
ffffff7da000000767ffffff137fffffbed000000825ffffff898000000ed000000412
ffffff79fffffff9b8000000c8ffffffbd000000086000000064bffffff37000000430
ffffff70e00000009fffffffecffffffb880000008f1fffffff6400000013800000478
ffffff977ffffff3c800000186ffffffcbb00000068a000000c37fffffe79000000344
ffffff74a000000417ffffff7d7fffffba50000008b7ffffffbec0000008280000045b
ffffff865ffffff6900000012dffffffc3300000079a00000096ffffffed28000003cd
ffffff72dffffffd1c0000005cffffffb960000008d40000002e7ffffffa380000046a
ffffffac7ffffff178000001d0ffffffd64000000538000000e8bfffffe2f00000029c
ffffff7880000005c7ffffff477fffffbc4000000879ffffffa3c000000b880000043c
ffffff7f9ffffff81c000000fcffffffbfc0000008060000007e7ffffff03800000403
ffffff713ffffffed800000024ffffffb890000008ec000000127ffffffdb800000476
ffffffa17ffffff290000001adffffffd0c0000005e8000000d73fffffe520000002f4
ffffff72200000025fffffffb4ffffffb910000008dfffffffda40000004b80000046f
ffffff8e5ffffff5200000015bffffffc7200000071a000000ae3fffffea400000038d
ffffff75bffffffb64000000937fffffbae0000008a400000049fffffff6c800000452
ffffffb85ffffff084000001efffffffdc200000047c000000f7ffffffe1080000023e
ffffff7ae00000069bffffff2d7fffffbd7000000851ffffff968000000d3000000428
ffffff7c9ffffff8e4000000e37fffffbe500000083600000071bffffff1d00000041b
ffffff70ffffffffbc00000008ffffffb870000008f2000000047fffffff7800000479
ffffff9c5ffffff3280000019affffffce300000063a000000cdbfffffe6500000031d
ffffff73200000033bffffff98ffffffb990000008cdffffffcc800000067000000466
ffffff8a3ffffff5d4000001457fffffc5100000075c000000a2bfffffebb0000003ae
ffffff741ffffffc3c000000787fffffba00000008be0000003c3ffffff8800000045f
ffffffb25ffffff0f8000001e0ffffffd920000004dc000000f07fffffe1f80000026d
ffffff7660000004efffffff627fffffbb300000089bffffffb100000009e00000044c
ffffff82dffffff754000001157fffffc160000007d20000008affffffeea8000003e9
ffffff71dffffffdf800000040ffffffb8e0000008e4000000207ffffffbf800000471
ffffffa6fffffff200000001bfffffffd37000000592000000e03fffffe400000002c9
ffffff71400000017fffffffd0ffffffb8b0000008ebffffffe840000002f800000475
ffffff92dffffff47000000171ffffffc960000006d4000000b93fffffe8e00000036a
ffffff77bffffffa8c000000ae7fffffbbd000000884000000573ffffff51800000442
ffffffbe7ffffff018000001fcffffffdf3000000418000000febfffffe0300000020c
ffffff7f80000007e7ffffff037fffffbfc000000807ffffff81c000000fc800000403
ffffff789ffffffa3c000000b87fffffbc40000008780000005c7ffffff4780000043c
ffffff71200000012bffffffdb7fffffb890000008edffffffed800000025000000476
ffffff947ffffff43000000179ffffffca30000006b8000000bcffffffe8600000035c
ffffff75a00000049fffffff6c7fffffbae0000008a5ffffffb6000000093800000452
ffffff841ffffff70c0000011effffffc210000007be0000008f7fffffee18000003df
ffffff721ffffffda40000004b7fffffb910000008de00000025bffffffb500000046f
ffffffa8fffffff1cc000001c6ffffffd48000000570000000e37fffffe398000002b8
ffffff7a000000064bffffff36ffffffbd0000000861ffffff9b4000000c9000000430
ffffff7dbffffff898000000ecffffffbed000000826000000767ffffff13000000412
ffffff70ffffffff64000000137fffffb870000008f000000009bffffffed000000478
ffffff9e5ffffff2ec000001a27fffffcf200000061c000000d13fffffe5e00000030e
ffffff72c0000002e7ffffffa37fffffb960000008d5ffffffd180000005c80000046a
ffffff8bbffffff5900000014dffffffc5e000000744000000a6ffffffeb20000003a2
ffffff74bffffffbec000000827fffffba50000008b6000000417ffffff7d80000045b
ffffffb49ffffff0cc000001e67fffffda40000004b8000000f37fffffe1980000025c
ffffff7ca00000071bffffff1cffffffbe5000000837ffffff8e4000000e300000041b
ffffff7afffffff968000000d2ffffffbd7000000850000000697ffffff2d000000428
ffffff70e00000004bfffffff77fffffb870000008f3fffffffb800000009000000478
ffffff993ffffff38c0000018e7fffffcca00000066c000000c77fffffe71800000336
ffffff7400000003c7ffffff87ffffffba00000008bfffffffc3c0000007880000045f
ffffff87dffffff64800000136ffffffc3e0000007840000009b7fffffec98000003c2
ffffff733ffffffcc800000066ffffffb990000008cc00000033bffffff99000000466
ffffffaebffffff148000001d77fffffd75000000516000000ebbfffffe2900000028b
ffffff77a000000577ffffff517fffffbbd000000885ffffffa88000000ae800000442
ffffff80bffffff7d000000105ffffffc060000007f4000000833fffffefa0000003fa
ffffff717ffffffe840000002f7fffffb8b0000008ea00000017bffffffd0800000475
ffffffa37ffffff258000001b4ffffffd1c0000005c8000000da7fffffe4b0000002e4
ffffff71c00000020bffffffbeffffffb8e0000008e5ffffffdf800000041000000471
ffffff8ffffffff4dc000001647fffffc80000000700000000b23fffffe9c000000380
ffffff767ffffffb140000009dffffffbb300000089a0000004efffffff6280000044c
ffffffba9ffffff058000001f4ffffffdd4000000456000000fa7fffffe0b80000022b
ffffff7e0000000783ffffff0fffffffbf000000081fffffff880000000f000000040f
ffffff79bffffff9d0000000c5ffffffbcd00000086400000062fffffff3a800000432
ffffff7100000000bbffffffe97fffffb880000008f1fffffff4800000017000000478
ffffff96dffffff3dc000001847fffffcb6000000692000000c23fffffe7b800000349
ffffff74c000000433ffffff79ffffffba70000008b3ffffffbd000000086000000459
ffffff85fffffff6a80000012affffffc2f0000007a2000000957fffffed58000003d1
ffffff729ffffffd38000000597fffffb950000008d60000002cbffffffa700000046b
ffffffabdffffff188000001ceffffffd5e000000544000000e77fffffe310000002a2
ffffff78c0000005e3ffffff447fffffbc6000000873ffffffa20000000bc000000439
ffffff7f3ffffff834000000f97fffffbf900000080e0000007cfffffff06800000406
ffffff711ffffffef4000000217fffffb890000008ee00000010bffffffde800000477
ffffffa0dffffff2a4000001abffffffd060000005f2000000d5ffffffe548000002f9
ffffff72200000027bffffffb17fffffb920000008ddffffffd880000004f00000046e
ffffff8ddffffff538000001597fffffc6e000000722000000acbfffffea7000000391
ffffff759ffffffb80000000907fffffbac0000008a8000000483ffffff70000000454
ffffffb79ffffff090000001edffffffdbc000000488000000f6ffffffe12000000244
ffffff7b40000006b3ffffff29ffffffbda00000084dffffff94c000000d6000000425
ffffff7c5ffffff900000000dfffffffbe200000083c0000006ffffffff2000000041e
ffffff70ffffffffd4000000057fffffb870000008f200000002bfffffffb000000479
ffffff9bbffffff33c000001987fffffcdd000000644000000cc3fffffe67800000322
ffffff736000000357ffffff957fffffb9b0000008cbffffffcac0000006a800000465
ffffff89bffffff5ec000001427fffffc4d000000764000000a13fffffebd8000003b2
ffffff73fffffffc5800000074ffffffb9f0000008c20000003a7ffffff8b000000461
ffffffb19ffffff108000001deffffffd8c0000004e8000000efbfffffe21000000273
ffffff76a00000050bffffff5effffffbb5000000897ffffffaf4000000a100000044a
ffffff827ffffff76c000001127fffffc130000007da000000897fffffeed8000003ed
ffffff71bffffffe140000003d7fffffb8e0000008e40000001ebffffffc3000000472
ffffffa63ffffff210000001bdffffffd3100000059c000000deffffffe420000002ce
ffffff71600000019bffffffcd7fffffb8b0000008e9ffffffe6800000033000000474
ffffff923ffffff4880000016f7fffffc910000006de000000b7bfffffe9100000036e
ffffff777ffffffaa8000000ab7fffffbbb00000088a00000055bffffff55000000444
ffffffbdbffffff024000001fb7fffffded000000426000000fdffffffe04800000212
ffffff7ec0000007b7ffffff09ffffffbf6000000813ffffff84c000000f6800000409
ffffff791ffffffa04000000bf7fffffbc800000086e0000005fbffffff41000000437
ffffff7100000000f3ffffffe27fffffb880000008effffffff100000001e000000477
ffffff95bffffff4080000017f7fffffcad0000006a6000000bfbfffffe81000000353
ffffff75400000046bffffff737fffffbaa0000008adffffffb980000008d000000456
ffffff851ffffff6d800000124ffffffc280000007b0000000927fffffedb8000003d8
ffffff727ffffffd70000000527fffffb930000008da000000293ffffffae00000046d
ffffffaa5ffffff1a8000001caffffffd5300000055a000000e57fffffe358000002ad
ffffff796000000617ffffff3d7fffffbcb00000086bffffff9ec000000c2800000435
ffffff7e7ffffff868000000f37fffffbf300000081a00000079bffffff0d00000040d
ffffff711fffffff2c0000001a7fffffb880000008f00000000d3ffffffe6000000478
ffffff9f9ffffff2c8000001a6ffffffcfc000000608000000d3bfffffe59000000303
ffffff7280000002afffffffaa7fffffb940000008d9ffffffd500000005600000046c
ffffff8cbffffff56400000153ffffffc66000000734000000a9ffffffeac80000039a
ffffff751ffffffbb4000000897fffffba80000008b000000044bffffff76800000457
ffffffb61ffffff0b0000001ea7fffffdb00000004a0000000f53fffffe16000000250
ffffff7be0000006e7ffffff237fffffbdf000000841ffffff918000000dc800000420
ffffff7b9ffffff934000000d97fffffbdd0000008460000006cfffffff26800000423
ffffff70e000000013fffffffe7fffffb870000008f3ffffffff000000002000000479
ffffff9a7ffffff36400000193ffffffcd3000000658000000c9ffffffe6c80000032c
ffffff73a00000038fffffff8effffffb9e0000008c5ffffffc7400000071800000462
ffffff88bffffff61c0000013c7fffffc460000007740000009e7fffffec38000003ba
ffffff739ffffffc900000006dffffffb9c0000008c800000036fffffff92000000463
ffffffb01ffffff128000001db7fffffd810000004fe000000edbfffffe2500000027f
ffffff772000000543ffffff587fffffbb900000088fffffffac0000000a8000000446
ffffff819ffffff79c0000010c7fffffc0c0000007e8000000863fffffef40000003f3
ffffff719ffffffe4c000000367fffffb8c0000008e80000001b3ffffffca000000473
ffffffa4dffffff234000001b97fffffd260000005b2000000dcffffffe468000002d9
ffffff7180000001d3ffffffc67fffffb8d0000008e7ffffffe300000003a000000473
ffffff911ffffff4b000000169ffffffc880000006ee000000b4ffffffe96800000377
ffffff76fffffffadc000000a47fffffbb7000000892000000523ffffff5b800000448
ffffffbc1ffffff040000001f87fffffde100000043e000000fc3fffffe0800000021f
ffffff7d400000074fffffff167fffffbeb00000082bffffff8b4000000e9800000415
ffffff7a5ffffff99c000000cc7fffffbd200000085c000000663ffffff3380000042d
ffffff70e000000083fffffff07fffffb870000008f1fffffff8000000010000000478
ffffff981ffffff3b4000001897fffffcc0000000680000000c4ffffffe76800000340
ffffff7460000003fbffffff80ffffffba30000008b9ffffffc040000007f00000045c
ffffff86dffffff67800000130ffffffc36000000792000000987fffffecf0000003c9
ffffff72fffffffd000000005fffffffb970000008d2000000303ffffffa0000000468
ffffffad3ffffff168000001d37fffffd6900000052c000000e9bfffffe2d000000296
ffffff7820000005abffffff4affffffbc200000087dffffffa54000000b580000043e
ffffff7ffffffff800000000ffffffffbff0000008000000007ffffffff00800000400
ffffff713ffffffebc000000287fffffb8a0000008ec000000143ffffffd8000000476
ffffffa23ffffff27c000001b07fffffd110000005de000000d83fffffe4f8000002ef
ffffff720000000243ffffffb87fffffb900000008e1ffffffdc000000048000000470
ffffff8edffffff5080000015effffffc77000000712000000af7fffffea1000000389
ffffff75fffffffb4800000096ffffffbaf0000008a00000004b7ffffff69000000450
ffffffb91ffffff074000001f17fffffdc8000000470000000f8bfffffe0e800000238
ffffff7aa00000067fffffff307fffffbd5000000857ffffff980000000cf80000042b
ffffff7cfffffff8cc000000e67fffffbe7000000830000000733ffffff19800000418
ffffff70ffffffff9c0000000c7fffffb870000008f2000000063fffffff4000000478
ffffff9cfffffff3140000019d7fffffce8000000630000000cebfffffe62800000318
ffffff73000000031fffffff9c7fffffb980000008cfffffffce000000063800000467
ffffff8abffffff5bc000001487fffffc55000000754000000a43fffffeb80000003aa
ffffff745ffffffc240000007bffffffba20000008bc0000003dfffffff8480000045e
ffffffb31ffffff0e8000001e2ffffffd980000004d0000000f17fffffe1d800000268
ffffff7620000004d7ffffff65ffffffbb100000089fffffffb2c0000009a80000044e
ffffff833ffffff73c00000118ffffffc1a0000007cc0000008c7fffffee78000003e6
ffffff71fffffffddc000000447fffffb8f0000008e2000000223ffffffbc000000471
ffffffa79ffffff1f0000001c27fffffd3c000000586000000e13fffffe3e0000002c3
ffffff714000000163ffffffd3ffffffb8a0000008edffffffea00000002c000000475
ffffff935ffffff45c000001747fffffc9a0000006ca000000ba7fffffe8b800000365
ffffff77fffffffa70000000b1ffffffbc000000088000000058fffffff4e000000440
ffffffbf3ffffff00c000001feffffffdf900000040c000000ff7fffffe01800000206
00000000000000020000000140000000300000001801ffffff600000000c07ffffff00
00000054a000000a60000003bc8000005e40000006b7fffffe59c000001437fffffe1c
00000022e000000978000001da8000005210000010a7fffffe58800000170fffffff1c
0000005da000000890000005b68000002f80000001a9ffffff1c400000068ffffffe71
0000000b200000066400000162800000408000001529fffffec1800000126fffffff58
0000005f4000000940000004d58000004ea00000034bfffffeb04000000daffffffe03
0000003e6000000abc000002ac8000005e1000000b77fffffe3680000017c7fffffe94
000000554000000954000006250000000560000001c1ffffff7ec000000167ffffff58
00000003a00000044c0000014800000037c0000016d7ffffff0bc000000f47ffffff42
0000005ba0000009d40000044c0000005870000004cbfffffe80400000112ffffffe00
00000030c000000a5800000239000000593000000e13fffffe3e80000017f7fffffedc
00000059c0000008b8000005ff0000001b6000000185ffffff508000000397fffffed8
00000015e0000008240000019280000049900000130ffffffe85000000151fffffff49
0000005fc0000008c80000055180000040d00000023ffffffee58000000a07fffffe29
0000004aa000000ab80000032f8000005ff0000008f9fffffe404000001677fffffe50
000000516000000a6c00000625ffffffee9000000247ffffffa4800000002fffffffe9
0000000140000003280000014180000033b00000177dffffff350000000d9fffffff26
000000588000000a20000004048000005be0000005b5fffffe6bc0000012c7fffffe0b
00000029c0000009f80000020700000055e000000f5ffffffe4940000017a7fffffefe
0000005bc000000898000005de80000025c000000189ffffff3700000004f7fffffea1
00000010200000075000000177800000451000001427fffffea140000013d7ffffff55
0000005fe000000900000005158000004830000002b5fffffeca8000000bd7fffffe12
00000044c000000ac4000002ec8000005f7000000a31fffffe394000001747fffffe71
0000005320000009d00000062a7ffffffa00000001fdffffff92c0000000a7ffffff9f
00000006e00000055c000001528000003c100000160ffffffee500000010e7ffffff52
0000005dc000000988000004920000005410000003fbfffffe974000000f77fffffdfe
00000037a000000a98000002708000005bf000000cc3fffffe3800000017fffffffeb8
0000005760000008f800000616800000109000000197ffffff68800000025fffffff16
0000001c20000008dc000001b38000004df0000011e1fffffe6c800000162fffffff36
0000005f00000008a0000005870000003890000001e5ffffff01000000083ffffffe49
0000004fe000000a94000003758000005f90000007cdfffffe4b4000001577fffffe33
000000504000000b2800000617ffffffe3300000029fffffffb3bffffffff000000034
0000000060000002940000014000000031d0000017c3ffffff4a4000000ccfffffff14
00000056a000000a40000003e08000005d3000000631fffffe624000001387fffffe13
0000002640000009bc000001f0000000541000001005fffffe50400000175fffffff0e
0000005cc000000890000005cb8000002ab000000195ffffff29c0000005bffffffe88
0000000d80000006dc0000016c00000042d0000014abfffffeb10000001327ffffff58
0000005fa000000920000004f68000004b90000002fbfffffebd4000000cc7fffffe0a
000000418000000ac4000002cc0000005ee000000ad3fffffe37400000178ffffffe82
00000054200000099000000628ffffffffb0000001ddffffff8940000000ffffffff7b
0000000520000004d40000014c80000039e000001677fffffef80000001017ffffff4b
0000005cc0000009b00000046f80000056600000045ffffffe8b8000001057fffffdfe
000000342000000a7c000002548000005ab000000d6bfffffe3ac000001807fffffeca
00000058a0000008d40000060b80000016000000018bffffff5cc0000002f7fffffef6
000000190000000884000001a28000004bc00000127bfffffe7800000015afffffff40
0000005f60000008b40000056d0000003cd00000020dfffffef3400000091ffffffe38
0000004d6000000aa8000003520000005fe000000861fffffe4540000015fffffffe41
00000050c000000ac80000061fffffffe8d000000271ffffffac80000000000000000e
0000000240000003bc0000014400000035b00000172fffffff200000000e6fffffff35
0000005a20000009fc000004288000005a500000053dfffffe75c000001207fffffe04
0000002d2000000a2c0000021f80000057a000000eb9fffffe4340000017d7fffffeed
0000005ac0000008a4000005ef80000020a000000183ffffff43c00000043ffffffebc
0000001300000007bc0000018480000047500000139ffffffe928000001487ffffff50
0000005fe0000008e00000053400000044a000000275fffffed80000000aeffffffe1d
00000047c000000ac00000030d8000005fd000000993fffffe3c40000016e7fffffe60
000000524000000a1c000006297ffffff44000000221ffffff9c000000005fffffffc3
00000008e0000005e0000001598000003e400000159ffffffed2c0000011a7ffffff56
0000005ea000000964000004b480000051800000039ffffffea38000000e97fffffe00
0000003b0000000aac0000028e0000005d2000000c1dfffffe36c0000017effffffea6
0000005640000009240000061f0000000b00000001a9ffffff7400000001dfffffff36
0000001f6000000930000001c6800000501000001145fffffe6200000016a7ffffff2a
0000005e60000008980000059f8000003420000001c3ffffff0ec00000075ffffffe5c
000000526000000a7c000003988000005f000000073ffffffe5240000014dffffffe27
000000500000000b900000060d7fffffdd90000002cfffffffba7ffffffff00000005a
0000000020000002480000014000000030e0000017e3ffffff550000000c6fffffff0a
00000055a000000a50000003ce8000005db000000673fffffe5e00000013dffffffe17
00000024800000099c000001e5000000531000001055fffffe544000001737ffffff15
0000005d2000000890000005c18000002d200000019fffffff230000000627fffffe7c
0000000c60000006a00000016700000041a0000014ebfffffeb900000012c7ffffff58
0000005f6000000930000004e60000004d2000000321fffffeb6c000000d37fffffe06
000000400000000ac0000002bc0000005e8000000b25fffffe36c0000017affffffe8b
00000054a000000970000006270000000290000001cdffffff84000000012fffffff6a
0000000440000004900000014a00000038d0000016a7ffffff01c000000fafffffff47
0000005c40000009c40000045d800000578000000495fffffe8600000010c7fffffdff
000000328000000a680000024680000059f000000dbffffffe3c40000017fffffffed3
0000005920000008c40000060580000018c000000187ffffff56800000033ffffffee7
0000001760000008540000019a8000004ab0000012c5fffffe7e4000001567ffffff45
0000005fa0000008bc0000055f0000003ed000000225fffffeec400000098ffffffe30
0000004c0000000ab0000003408000005ff0000008abfffffe42c00000163ffffffe49
000000512000000a9800000622ffffffebb00000025dffffffa88000000017fffffffc
00000001c0000003700000014280000034b000001757ffffff2a4000000e07ffffff2e
000000594000000a0c000004168000005b2000000577fffffe708000001267fffffe07
0000002b8000000a100000021300000056c000000f0dfffffe4600000017bffffffef6
0000005b400000089c000005e7800000233000000185ffffff3d400000049ffffffeae
0000001180000007880000017e0000004630000013e3fffffe99c00000142fffffff53
0000005fe0000008f000000525000000467000000293fffffed14000000b67fffffe17
000000464000000ac4000002fd0000005fa0000009e3fffffe3a8000001717fffffe68
00000052a0000009f400000629fffffff7200000020dffffff97800000007fffffffb1
00000007e0000005a0000001560000003d20000015d9fffffedbc000001147ffffff54
0000005e4000000978000004a300000052d0000003cdfffffe9d8000000f07fffffdff
000000396000000aa40000027f0000005c9000000c71fffffe3740000017f7fffffeaf
00000056e00000090c0000061b0000000dd0000001a1ffffff6e400000021fffffff26
0000001dc000000908000001bc8000004f0000001193fffffe67400000166fffffff30
0000005ea00000089c000005938000003660000001d3ffffff0800000007cffffffe52
000000512000000a88000003870000005f5000000785fffffe4e800000152ffffffe2d
000000502000000b5c00000612ffffffe050000002b7ffffffb73ffffffff000000047
00000000c0000002e00000014100000032c0000017a1ffffff3f8000000d37ffffff1e
00000057a000000a30000003f28000005c90000005f3fffffe670000001327fffffe0f
0000002800000009dc000001fb800000550000000fb3fffffe4cc000001787ffffff06
0000005c4000000890000005d580000028400000018fffffff30400000055ffffffe94
0000000ee0000007180000017200000043f00000146bfffffea90000001387ffffff57
0000005fc00000090c0000050600000049e0000002d7fffffec3c000000c4ffffffe0d
000000434000000ac8000002dc0000005f3000000a83fffffe384000001767fffffe7a
00000053a0000009b000000629fffffffcd0000001ebffffff8e00000000cfffffff8d
00000006000000051c0000014f8000003af000001643fffffeee800000107fffffff4f
0000005d400000099c0000048100000055400000042dfffffe914000000feffffffdfd
00000035e000000a8c000002628000005b6000000d17fffffe394000001807fffffec1
0000005800000008e400000611000000135000000191ffffff62c0000002a7ffffff06
0000001a80000008b0000001ab0000004ce00000122ffffffe7240000015f7ffffff3b
0000005f40000008a80000057a8000003ab0000001f9fffffefa00000008affffffe40
0000004ea000000aa0000003638000005fc000000817fffffe4840000015bffffffe3a
000000508000000af40000061c7fffffe60000000289ffffffb03ffffffff800000021
00000002e0000004040000014600000036c000001703ffffff15c000000edfffffff3c
0000005ae0000009e80000043a800000597000000503fffffe7b000000119ffffffe02
0000002f0000000a400000022c000000587000000e67fffffe4080000017e7fffffee5
0000005a40000008ac000005f78000001e0000000183ffffff4a40000003effffffeca
0000001460000007f00000018b800000487000001357fffffe8b80000014d7ffffff4d
0000005fe0000008d40000054280000042c000000259fffffedec000000a77fffffe23
000000492000000abc0000031e8000005ff000000945fffffe3e40000016b7fffffe58
00000051e000000a4400000627fffffff16000000233ffffffa08000000047ffffffd6
0000000a00000006240000015e0000003f6000001565fffffeca000000120fffffff57
0000005ee000000950000004c5000000501000000373fffffea9c000000e27fffffe01
0000003ca000000ab40000029d0000005da000000bc9fffffe3680000017dffffffe9d
00000055c00000093c000006220000000830000001b5ffffff79800000019fffffff47
000000212000000958000001d00000005110000010f7fffffe5d40000016d7ffffff23
0000005e0000000894000005ab80000031e0000001b5ffffff1580000006f7fffffe67
000000538000000a6c000003aa8000005ea0000006fbfffffe55c00000148ffffffe21
0000004fe000000bc400000606ffffffdac0000002e7ffffffbd3ffffffff00000006d
000000000000000224000001400000003070000017f3ffffff5a8000000c37ffffff05
000000552000000a58000003c58000005e0000000695fffffe5c000000140ffffffe1a
00000023a00000098c000001df80000052900000107dfffffe56800000171fffffff19
0000005d6000000890000005bb8000002e50000001a3ffffff1fc000000657fffffe77
0000000bc0000006800000016480000041100000150bfffffebd400000129fffffff58
0000005f6000000938000004de0000004de000000335fffffeb38000000d77fffffe05
0000003f2000000ac0000002b40000005e5000000b4dfffffe36c0000017b7fffffe90
0000005500000009640000062600000003f0000001c7ffffff818000000147ffffff61
00000003e00000046c000001488000003850000016bfffffff06c000000f77ffffff44
0000005be0000009cc000004550000005800000004affffffe8300000010fffffffe00
00000031a000000a600000024000000059a000000de9fffffe3d40000017fffffffed8
0000005960000008c0000006028000001a1000000185ffffff53800000036ffffffee0
00000016a00000083c000001968000004a10000012e9fffffe818000001547ffffff47
0000005fa0000008c4000005580000003fe000000231fffffee900000009c7fffffe2d
0000004b6000000ab4000003380000005ff0000008d3fffffe41800000165ffffffe4c
000000514000000a80000006247fffffed1000000251ffffffa6800000001ffffffff2
00000001800000034c0000014280000034300000176bffffff2f8000000dd7ffffff2a
00000058e000000a140000040d8000005b8000000595fffffe6e0000001297fffffe09
0000002aa000000a040000020d000000565000000f37fffffe4780000017affffffefa
0000005b8000000898000005e3000000248000000187ffffff3a00000004c7fffffea8
00000010e00000076c0000017a80000045a000001407fffffe9d8000001407ffffff54
0000005fe0000008f80000051d8000004750000002a5fffffecdc000000b9ffffffe14
000000458000000ac4000002f48000005f9000000a09fffffe3a000000172ffffffe6d
00000052e0000009e40000062a7ffffff89000000205ffffff954000000097ffffffa8
000000076000000580000001540000003c90000015f3fffffee08000001117ffffff53
0000005e00000009800000049a8000005370000003e3fffffe9a4000000f3ffffffdfe
000000388000000aa0000002780000005c5000000c9bfffffe37c0000017fffffffeb4
000000572000000900000006188000000f300000019bffffff6b800000023fffffff1e
0000001ce0000008f0000001b80000004e80000011bbfffffe69c00000164fffffff33
0000005ec0000008a00000058d8000003780000001dbffffff048000000807fffffe4e
000000508000000a8c0000037e0000005f70000007a9fffffe4cc00000154ffffffe30
000000504000000b40000006157fffffe1c0000002abffffffb57ffffffff00000003e
00000000a0000002b8000001408000003240000017b3ffffff44c000000d07ffffff19
000000572000000a38000003e98000005ce000000613fffffe648000001357fffffe10
0000002720000009cc000001f5800000548000000fdbfffffe4e800000176fffffff0a
0000005c8000000890000005d0800000298000000193ffffff2d000000058ffffffe8e
0000000e40000006f80000016f00000043500000148bfffffeacc000001357ffffff57
0000005fc000000918000004fe0000004ac0000002e9fffffec08000000c87fffffe0c
000000426000000ac4000002d40000005f1000000aabfffffe37c00000177ffffffe7e
00000053e0000009a0000006297ffffffe40000001e3ffffff8bc0000000e7ffffff84
0000000580000004f80000014d8000003a700000165dfffffef34000001047ffffff4d
0000005d00000009a80000047800000055e000000445fffffe8e800000101ffffffdfe
000000350000000a840000025b0000005b1000000d41fffffe3a0000001807fffffec6
0000005840000008dc0000060e80000014b00000018dffffff5fc0000002cffffffefe
00000019c00000089c000001a68000004c5000001255fffffe7540000015cfffffff3e
0000005f60000008b0000005738000003bc000000203fffffef6c0000008e7fffffe3c
0000004e0000000aa40000035b0000005fd00000083bfffffe46c0000015dffffffe3e
00000050a000000adc0000061e7fffffe7600000027dffffffae400000000000000017
0000000280000003dc00000145000000363000001719ffffff1ac000000ea7ffffff38
0000005a80000009f00000043100000059e00000051ffffffe7840000011cffffffe03
0000002e0000000a3800000225800000581000000e8ffffffe4200000017dffffffee9
0000005a80000008a8000005f38000001f5000000183ffffff470000000417fffffec3
00000013c0000007d80000018800000047e00000137bfffffe8f00000014afffffff4f
0000005fe0000008d80000053b80000043b000000267fffffedb4000000ab7fffffe1f
000000488000000ac0000003160000005fe00000096dfffffe3d40000016cffffffe5c
000000520000000a3000000628fffffff2d000000229ffffff9e4000000057ffffffcd
0000000980000006040000015c0000003ed000001583fffffece80000011dfffffff57
0000005ec00000095c000004bd00000050c000000389fffffea6c000000e5ffffffe00
0000003be000000ab0000002958000005d6000000bf3fffffe3680000017e7fffffea2
0000005600000009300000062080000009a0000001afffffff76c0000001bfffffff3f
000000204000000940000001cb00000050900000111ffffffe5f80000016bfffffff26
0000005e2000000894000005a58000003300000001bdffffff12400000072ffffffe61
000000530000000a74000003a18000005ed00000071dfffffe5400000014b7fffffe24
0000004fe000000ba80000060a7fffffdc20000002dbffffffbbbffffffff000000063
00000000400000026c000001400000003150000017d3ffffff4f8000000c9fffffff0f
000000562000000a48000003d78000005d7000000653fffffe6040000013b7fffffe14
0000002560000009ac000001ea80000053900000102dfffffe52400000174fffffff11
0000005d0000000890000005c68000002bf00000019bffffff2680000005f7fffffe82
0000000d00000006c0000001698000004230000014cbfffffeb500000012f7ffffff58
0000005fa000000928000004ee0000004c500000030ffffffeba0000000cfffffffe08
00000040c000000ac4000002c40000005eb000000afbfffffe37000000179ffffffe87
000000546000000980000006280000000120000001d5ffffff868000000117ffffff72
00000004a0000004b40000014b00000039600000168ffffffefd0000000fdfffffff49
0000005c80000009bc0000046680000056f00000047bfffffe88c00000108ffffffdfe
000000336000000a740000024d8000005a5000000d95fffffe3b8000001807fffffecf
00000058e0000008cc00000608800000176000000189ffffff598000000317fffffeef
00000018200000086c0000019e8000004b400000129ffffffe7b400000158fffffff43
0000005f80000008b8000005660000003dd000000219fffffeefc000000957fffffe34
0000004cc000000aac000003498000005ff000000887fffffe440000001627fffffe45
000000510000000ab0000006217fffffea4000000267ffffffaa800000000800000005
00000002000000039400000143800000353000001743ffffff250000000e3fffffff32
00000059a000000a040000041f8000005ac000000559fffffe734000001237fffffe06
0000002c4000000a2000000219000000573000000ee3fffffe44c0000017c7fffffef1
0000005b00000008a0000005eb80000021f000000185ffffff40c00000046ffffffeb5
0000001240000007a40000018100000046c0000013c1fffffe964000001457ffffff51
0000005fe0000008e80000052c800000459000000285fffffed48000000b27fffffe1a
000000470000000ac4000003050000005fc0000009bbfffffe3b80000016fffffffe64
000000528000000a0800000629fffffff5b000000217ffffff99c000000077ffffffbb
0000000860000005c0000001578000003db0000015bdfffffed74000001177ffffff55
0000005e6000000970000004ac0000005230000003b5fffffea08000000ecffffffdff
0000003a4000000aa8000002868000005ce000000c47fffffe3700000017f7fffffeab
00000056a0000009140000061d0000000c60000001a5ffffff7100000001ffffffff2e
0000001ea00000091c000001c18000004f800000116dfffffe648000001687ffffff2d
0000005e8000000898000005998000003540000001cbffffff0b4000000797fffffe57
00000051c000000a80000003900000005f3000000763fffffe504000001507fffffe2a
000000500000000b740000060fffffffdef0000002c3ffffffb8bfffffffe800000050
00000001000000030400000141800000334000001791ffffff3a4000000d6fffffff22
000000580000000a28000003fb8000005c30000005d3fffffe6940000012f7fffffe0c
00000028e0000009e800000201000000557000000f89fffffe4ac00000178fffffff02
0000005c0000000894000005da00000027000000018bffffff33c00000052ffffffe9b
0000000f800000073000000174800000448000001449fffffea500000013afffffff56
0000005fc0000009040000050e0000004910000002c5fffffec70000000c17fffffe10
000000440000000ac8000002e40000005f5000000a5bfffffe38c000001757fffffe75
0000005360000009c00000062a7ffffffb60000001f3ffffff9080000000bfffffff96
00000006600000053c000001508000003b8000001629fffffee9c0000010afffffff50
0000005da0000009940000048980000054b000000415fffffe948000000fb7fffffdfe
00000036c000000a94000002698000005bb000000cedfffffe38c000001807fffffebd
00000057c0000008ec0000061400000011f000000193ffffff658000000287ffffff0e
0000001b60000008c8000001af0000004d7000001209fffffe6f400000160fffffff39
0000005f20000008a40000058080000039b0000001effffffefd8000000877fffffe45
0000004f4000000a980000036c8000005fb0000007f1fffffe49c00000159ffffffe37
000000506000000b1000000619ffffffe49000000293ffffffb23ffffffff00000002b
000000034000000428000001470000003740000016edffffff10c000000f0fffffff3f
0000005b40000009e00000044300000058f0000004e7fffffe7dc000001167fffffe01
0000002fe000000a4c0000023280000058d000000e3dfffffe3f80000017effffffee0
0000005a00000008b0000005fb0000001cb000000183ffffff4d40000003bffffffed1
00000015200000080c0000018f000000490000001333fffffe8840000014f7ffffff4b
0000005fc0000008cc0000054a00000041d00000024bfffffee20000000a3ffffffe26
00000049e000000abc000003270000005ff00000091ffffffe3f4000001697fffffe54
00000051a000000a5800000626ffffffeff00000023dffffffa28000000037ffffffdf
0000000aa000000644000001600000003ff000001547fffffec5c00000123fffffff58
0000005f2000000948000004cd8000004f600000035ffffffead0000000deffffffe02
0000003d8000000abc000002a48000005de000000b9ffffffe3680000017cffffffe99
0000005580000009480000062380000006d0000001bbffffff7c000000017fffffff50
000000220000000968000001d58000005190000010cffffffe5b00000016f7ffffff20
0000005dc000000890000005b100000030b0000001afffffff18c0000006bffffffe6b
000000540000000a64000003b38000005e70000006d7fffffe57c000001467fffffe1f
0000004fe000000be000000603ffffffd960000002f5ffffffbebffffffff800000076
000000000000000003ffff00007fffe0000000080000000000000000100007fffe0000
0000000000000000000000000000000000000000000000000000000000000000000000
0000000000000000000000000000000000000000000000000000000000000000000000
0000000000000000000000000000000000000000000000000000000000000000000000
0000000000000000000000000000000000000000000000000000000000000000000000
0000000000000000000000000000000000000000000000000000000000000000000000
0000000000000000000000000000000000000000000000000000000000000000000000
0000000000000000000000000000000000000000000000000000000000000000000000
0000000000000000000000000000000000000000000000000000000000000000000000
0000000000000000000000000000000000000000000000000000000000000000000000
0000000000000000000000000000000000000000000000000000000000000000000000
0000000000000000000000000000000000000000000000000000000000000000000000
0000000000000000000000000000000000000000000000000000000000000000000000
0000000000000000000000000000000000000000000000000000000000000000000000
0000000000000000000000000000000000000000000000000000000000000000000000
0000000000000000000000000000000000000000000000000000000000000000000000
0000000000000000000000000000000000000000000000000000000000000000000000
0000000000000000000000000000000000000000000000000000000000000000000000
0000000000000000000000000000000000000000000000000000000000000000000000
0000000000000000000000000000000000000000000000000000000000000000000000
0000000000000000000000000000000000000000000000000000000000000000000000
0000000000000000000000000000000000000000000000000000000000000000000000
0000000000000000000000000000000000000000000000000000000000000000000000
0000000000000000000000000000000000000000000000000000000000000000000000
0000000000000000000000000000000000000000000000000000000000000000000000
0000000000000000000000000000000000000000000000000000000000000000000000
0000000000000000000000000000000000000000000000000000000000000000000000
0000000000000000000000000000000000000000000000000000000000000000000000
0000000000000000000000000000000000000000000000000000000000000000000000
0000000000000000000000000000000000000000000000000000000000000000000000
0000000000000000000000000000000000000000000000000000000000000000000000
0000000000000000000000000000000000000000000000000000000000000000000000
0000000000000000000000000000000000000000000000000000000000000000000000
0000000000000000000000000000000000000000000000000000000000000000000000
0000000000000000000000000000000000000000000000000000000000000000000000
0000000000000000000000000000000000000000000000000000000000000000000000
0000000000000000000000000000000000000000000000000000000000000000000000
0000000000000000000000000000000000000000000000000000000000000000000000
0000000000000000000000000000000000000000000000000000000000000000000000
0000000000000000000000000000000000000000000000000000000000000000000000
0000000000000000000000000000000000000000000000000000000000000000000000
0000000000000000000000000000000000000000000000000000000000000000000000
0000000000000000000000000000000000000000000000000000000000000000000000
0000000000000000000000000000000000000000000000000000000000000000000000
0000000000000000000000000000000000000000000000000000000000000000000000
0000000000000000000000000000000000000000000000000000000000000000000000
0000000000000000000000000000000000000000000000000000000000000000000000
0000000000000000000000000000000000000000000000000000000000000000000000
0000000000000000000000000000000000000000000000000000000000000000000000
0000000000000000000000000000000000000000000000000000000000000000000000
0000000000000000000000000000000000000000000000000000000000000000000000
0000000000000000000000000000000000000000000000000000000000000000000000
0000000000000000000000000000000000000000000000000000000000000000000000
0000000000000000000000000000000000000000000000000000000000000000000000
0000000000000000000000000000000000000000000000000000000000000000000000
0000000000000000000000000000000000000000000000000000000000000000000000
0000000000000000000000000000000000000000000000000000000000000000000000
0000000000000000000000000000000000000000000000000000000000000000000000
0000000000000000000000000000000000000000000000000000000000000000000000
0000000000000000000000000000000000000000000000000000000000000000000000
0000000000000000000000000000000000000000000000000000000000000000000000
0000000000000000000000000000000000000000000000000000000000000000000000
0000000000000000000000000000000000000000000000000000000000000000000000
0000000000000000000000000000000000000000000000000000000000000000000000
0000000000000000000000000000000000000000000000000000000000000000000000
0000000000000000000000000000000000000000000000000000000000000000000000
0000000000000000000000000000000000000000000000000000000000000000000000
0000000000000000000000000000000000000000000000000000000000000000000000
0000000000000000000000000000000000000000000000000000000000000000000000
0000000000000000000000000000000000000000000000000000000000000000000000
0000000000000000000000000000000000000000000000000000000000000000000000
0000000000000000000000000000000000000000000000000000000000000000000000
0000000000000000000000000000000000000000000000000000000000000000000000
0000000000000000000000000000000000000000000000000000000000000000000000
0000000000000000000000000000000000000000000000000000000000000000000000
0000000000000000000000000000000000000000000000000000000000000000000000
0000000000000000000000000000000000000000000000000000000000000000000000
0000000000000000000000000000000000000000000000000000000000000000000000
0000000000000000000000000000000000000000000000000000000000000000000000
0000000000000000000000000000000000000000000000000000000000000000000000
0000000000000000000000000000000000000000000000000000000000000000000000
0000000000000000000000000000000000000000000000000000000000000000000000
0000000000000000000000000000000000000000000000000000000000000000000000
0000000000000000000000000000000000000000000000000000000000000000000000
0000000000000000000000000000000000000000000000000000000000000000000000
0000000000000000000000000000000000000000000000000000000000000000000000
0000000000000000000000000000000000000000000000000000000000000000000000
0000000000000000000000000000000000000000000000000000000000000000000000
0000000000000000000000000000000000000000000000000000000000000000000000
0000000000000000000000000000000000000000000000000000000000000000000000
0000000000000000000000000000000000000000000000000000000000000000000000
0000000000000000000000000000000000000000000000000000000000000000000000
0000000000000000000000000000000000000000000000000000000000000000000000
0000000000000000000000000000000000000000000000000000000000000000000000
0000000000000000000000000000000000000000000000000000000000000000000000
0000000000000000000000000000000000000000000000000000000000000000000000
0000000000000000000000000000000000000000000000000000000000000000000000
0000000000000000000000000000000000000000000000000000000000000000000000
0000000000000000000000000000000000000000000000000000000000000000000000
0000000000000000000000000000000000000000000000000000000000000000000000
0000000000000000000000000000000000000000000000000000000000000000000000
0000000000000000000000000000000000000000000000000000000000000000000000
0000000000000000000000000000000000000000000000000000000000000000000000
0000000000000000000000000000000000000000000000000000000000000000000000
0000000000000000000000000000000000000000000000000000000000000000000000
0000000000000000000000000000000000000000000000000000000000000000000000
0000000000000000000000000000000000000000000000000000000000000000000000
0000000000000000000000000000000000000000000000000000000000000000000000
0000000000000000000000000000000000000000000000000000000000000000000000
0000000000000000000000000000000000000000000000000000000000000000000000
0000000000000000000000000000000000000000000000000000000000000000000000
0000000000000000000000000000000000000000000000000000000000000000000000
0000000000000000000000000000000000000000000000000000000000000000000000
0000000000000000000000000000000000000000000000000000000000000000000000
0000000000000000000000000000000000000000000000000000000000000000000000
0000000000000000000000000000000000000000000000000000000000000000000000
0000000000000000000000000000000000000000000000000000000000000000000000
0000000000000000000000000000000000000000000000000000000000000000000000
0000000000000000000000000000000000000000000000000000000000000000000000
0000000000000000000000000000000000000000000000000000000000000000000000
0000000000000000000000000000000000000000000000000000000000000000000000
0000000000000000000000000000000000000000000000000000000000000000000000
0000000000000000000000000000000000000000000000000000000000000000000000
0000000000000000000000000000000000000000000000000000000000000000000000
0000000000000000000000000000000000000000000000000000000000000000000000
0000000000000000000000000000000000000000000000000000000000000000000000
0000000000000000000000000000000000000000000000000000000000000000000000
0000000000000000000000000000000000000000000000000000000000000000000000
0000000000000000000000000000000000000000000000000000000000000000000000
0000000000000000000000000000000000000000000000000000000000000000000000
0000000000000000000000000000000000000000000000000000000000000000000000
0000000000000000000000000000000000000000000000000000000000000000000000
0000000000000000000000000000000000000000000000000000000000000000000000
0000000000000000000000000000000000000000000000000000000000000000000000
0000000000000000000000000000000000000000000000000000000000000000000000
0000000000000000000000000000000000000000000000000000000000000000000000
0000000000000000000000000000000000000000000000000000000000000000000000
0000000000000000000000000000000000000000000000000000000000000000000000
0000000000000000000000000000000000000000000000000000000000000000000000
0000000000000000000000000000000000000000000000000000000000000000000000
0000000000000000000000000000000000000000000000000000000000000000000000
0000000000000000000000000000000000000000000000000000000000000000000000
0000000000000000000000000000000000000000000000000000000000000000000000
0000000000000000000000000000000000000000000000000000000000000000000000
0000000000000000000000000000000000000000000000000000000000000000000000
0000000000000000000000000000000000000000000000000000000000000000000000
0000000000000000000000000000000000000000000000000000000000000000000000
0000000000000000000000000000000000000000000000000000000000000000000000
0000000000000000000000000000000000000000000000000000000000000000000000
0000000000000000000000000000000000000000000000000000000000000000000000
0000000000000000000000000000000000000000000000000000000000000000000000
0000000000000000000000000000000000000000000000000000000000000000000000
0000000000000000000000000000000000000000000000000000000000000000000000
0000000000000000000000000000000000000000000000000000000000000000000000
0000000000000000000000000000000000000000000000000000000000000000000000
0000000000000000000000000000000000000000000000000000000000000000000000
0000000000000000000000000000000000000000000000000000000000000000000000
0000000000000000000000000000000000000000000000000000000000000000000000
0000000000000000000000000000000000000000000000000000000000000000000000
0000000000000000000000000000000000000000000000000000000000000000000000
0000000000000000000000000000000000000000000000000000000000000000000000
0000000000000000000000000000000000000000000000000000000000000000000000
0000000000000000000000000000000000000000000000000000000000000000000000
0000000000000000000000000000000000000000000000000000000000000000000000
0000000000000000000000000000000000000000000000000000000000000000000000
0000000000000000000000000000000000000000000000000000000000000000000000
0000000000000000000000000000000000000000000000000000000000000000000000
0000000000000000000000000000000000000000000000000000000000000000000000
0000000000000000000000000000000000000000000000000000000000000000000000
0000000000000000000000000000000000000000000000000000000000000000000000
0000000000000000000000000000000000000000000000000000000000000000000000
0000000000000000000000000000000000000000000000000000000000000000000000
0000000000000000000000000000000000000000000000000000000000000000000000
0000000000000000000000000000000000000000000000000000000000000000000000
0000000000000000000000000000000000000000000000000000000000000000000000
0000000000000000000000000000000000000000000000000000000000000000000000
0000000000000000000000000000000000000000000000000000000000000000000000
0000000000000000000000000000000000000000000000000000000000000000000000
0000000000000000000000000000000000000000000000000000000000000000000000
0000000000000000000000000000000000000000000000000000000000000000000000
0000000000000000000000000000000000000000000000000000000000000000000000
0000000000000000000000000000000000000000000000000000000000000000000000
0000000000000000000000000000000000000000000000000000000000000000000000
0000000000000000000000000000000000000000000000000000000000000000000000
0000000000000000000000000000000000000000000000000000000000000000000000
0000000000000000000000000000000000000000000000000000000000000000000000
0000000000000000000000000000000000000000000000000000000000000000000000
0000000000000000000000000000000000000000000000000000000000000000000000
0000000000000000000000000000000000000000000000000000000000000000000000
0000000000000000000000000000000000000000000000000000000000000000000000
0000000000000000000000000000000000000000000000000000000000000000000000
0000000000000000000000000000000000000000000000000000000000000000000000
0000000000000000000000000000000000000000000000000000000000000000000000
0000000000000000000000000000000000000000000000000000000000000000000000
0000000000000000000000000000000000000000000000000000000000000000000000
0000000000000000000000000000000000000000000000000000000000000000000000
0000000000000000000000000000000000000000000000000000000000000000000000
0000000000000000000000000000000000000000000000000000000000000000000000
0000000000000000000000000000000000000000000000000000000000000000000000
0000000000000000000000000000000000000000000000000000000000000000000000
0000000000000000000000000000000000000000000000000000000000000000000000
0000000000000000000000000000000000000000000000000000000000000000000000
0000000000000000000000000000000000000000000000000000000000000000000000
0000000000000000000000000000000000000000000000000000000000000000000000
0000000000000000000000000000000000000000000000000000000000000000000000
0000000000000000000000000000000000000000000000000000000000000000000000
0000000000000000000000000000000000000000000000000000000000000000000000
0000000000000000000000000000000000000000000000000000000000000000000000
0000000000000000000000000000000000000000000000000000000000000000000000
0000000000000000000000000000000000000000000000000000000000000000000000
0000000000000000000000000000000000000000000000000000000000000000000000
0000000000000000000000000000000000000000000000000000000000000000000000
0000000000000000000000000000000000000000000000000000000000000000000000
0000000000000000000000000000000000000000000000000000000000000000000000
0000000000000000000000000000000000000000000000000000000000000000000000
0000000000000000000000000000000000000000000000000000000000000000000000
0000000000000000000000000000000000000000000000000000000000000000000000
0000000000000000000000000000000000000000000000000000000000000000000000
0000000000000000000000000000000000000000000000000000000000000000000000
0000000000000000000000000000000000000000000000000000000000000000000000
0000000000000000000000000000000000000000000000000000000000000000000000
0000000000000000000000000000000000000000000000000000000000000000000000
0000000000000000000000000000000000000000000000000000000000000000000000
0000000000000000000000000000000000000000000000000000000000000000000000
0000000000000000000000000000000000000000000000000000000000000000000000
0000000000000000000000000000000000000000000000000000000000000000000000
0000000000000000000000000000000000000000000000000000000000000000000000
0000000000000000000000000000000000000000000000000000000000000000000000
0000000000000000000000000000000000000000000000000000000000000000000000
0000000000000000000000000000000000000000000000000000000000000000000000
0000000000000000000000000000000000000000000000000000000000000000000000
0000000000000000000000000000000000000000000000000000000000000000000000
0000000000000000000000000000000000000000000000000000000000000000000000
0000000000000000000000000000000000000000000000000000000000000000000000
0000000000000000000000000000000000000000000000000000000000000000000000
0000000000000000000000000000000000000000000000000000000000000000000000
0000000000000000000000000000000000000000000000000000000000000000000000
0000000000000000000000000000000000000000000000000000000000000000000000
0000000000000000000000000000000000000000000000000000000000000000000000
0000000000000000000000000000000000000000000000000000000000000000000000
0000000000000000000000000000000000000000000000000000000000000000000000
0000000000000000000000000000000000000000000000000000000000000000000000
0000000000000000000000000000000000000000000000000000000000000000000000
0000000000000000000000000000000000000000000000000000000000000000000000
0000000000000000000000000000000000000000000000000000000000000000000000
0000000000000000000000000000000000000000000000000000000000000000000000
0000000000000000000000000000000000000000000000000000000000000000000000
0000000000000000000000000000000000000000000000000000000000000000000000
0000000000000000000000000000000000000000000000000000000000000000000000
0000000000000000000000000000000000000000000000000000000000000000000000
0000000000000000000000000000000000000000000000000000000000000000000000
0000000000000000000000000000000000000000000000000000000000000000000000
0000000000000000000000000000000000000000000000000000000000000000000000
0000000000000000000000000000000000000000000000000000000000000000000000
0000000000000000000000000000000000000000000000000000000000000000000000
0000000000000000000000000000000000000000000000000000000000000000000000
ffffffc01ffffff80000000000000000400ffffffc00000000803fffffe00000000000
0000005a8000001b53ffffff6a0000002d4ffffffa580000004b3fffffc967fffffd2c
00000101a000003037ffffffab000000356ffffffb3400000066bfffffd817ffffff01
0000001fc0000013fbffffff33000000266ffffff9540000002abfffff9f97fffff7f2
00000249a000005937ffffffd20000003a4ffffffb9a000000737fffffdc87ffffff90
00000037a0000016f7ffffff4d80000029bffffff9dc0000003bbfffffbb47fffffb68
00000092e00000225fffffff88800000312ffffffaca000000597fffffd217fffffe42
0000000de0000011bfffffff19000000232ffffff8b8000000173fffff4d97ffffedb0
000004d6800000aad3ffffffe80000003d0ffffffbce00000079bfffffde5fffffffcb
0000004740000018ebffffff5b8000002b7ffffffa1c00000043bfffffc34ffffffc69
000000bf60000027efffffff99800000332ffffffb000000005fffffffd557fffffea9
0000001620000012cbffffff2600000024cffffff908000000213fffff842ffffff483
0000016f4000003debffffffbd80000037bffffffb680000006d3fffffda77ffffff4d
0000002aa00000155bffffff40000000280ffffff99a000000337fffffb027fffffa03
00000072c000001e5bffffff790000002f2ffffffa92000000527fffffce37fffffdc5
0000000680000010d3ffffff0c800000219ffffff8600000000c3ffffeaa57ffffd949
000009eec000014ddbfffffff38000003e7ffffffbe60000007cffffffdf37ffffffe6
000000504000001a0bffffff628000002c5ffffffa3a000000477fffffc68ffffffcd0
000000dce000002ba3ffffffa1800000344ffffffb1a000000637fffffd6bffffffed7
0000001ac00000135bffffff2c000000259ffffff92e00000025ffffff93cffffff679
000001c6c0000048dbffffffc780000038fffffffb82000000707fffffdb87ffffff6f
00000030e00000161fffffff4680000028dffffff9bc00000037bfffffb637fffffac6
00000081a000002037ffffff80800000301ffffffaae00000055ffffffd03ffffffe06
0000000a0000001147ffffff12800000226ffffff88c00000011bfffff171fffffe6e2
000003236000007473ffffffdc8000003b9ffffffbb400000076bfffffdd77ffffffae
0000003f00000017e3ffffff548000002a9ffffff9fc0000003fbfffffbf97fffffbf2
000000a720000024ebffffff91000000322ffffffae40000005cbfffffd3c7fffffe77
00000011e00000123fffffff1f80000023fffffff8e00000001c3fffff6e4ffffff1c8
00000130a00000361bffffffb4000000368ffffffb4e00000069ffffffd94fffffff28
0000002500000014a3ffffff39800000273ffffff9780000002f3fffffa8c7fffff917
00000065c000001cbfffffff710000002e3ffffffa740000004ebfffffcbe7fffffd7c
000000032000001067ffffff0600000020dffffff832000000067ffffd643fffffb087
0000141ea0000293d7fffffff98000003f3ffffffbf40000007ebfffffdf9ffffffff3
000000552000001aa7ffffff660000002ccffffffa48000000493fffffc807fffffcff
000000ee2000002dcbffffffa680000034dffffffb2800000064ffffffd76ffffffeec
0000001d20000013abffffff2f80000025fffffff940000000287fffff9a17fffff741
00000200c00000501fffffffcc80000039affffffb8e00000071ffffffdc07ffffff80
00000034200000168bffffff4a000000294ffffff9cc00000039bfffffb8d7fffffb19
00000089e000002143ffffff8480000030affffffaba00000057bfffffd12ffffffe25
0000000c0000001183ffffff1600000022cffffff8a2000000147fffff3637ffffeac6
000003d18000008a33ffffffe28000003c5ffffffbc2000000783fffffddefffffffbd
000000430000001863ffffff580000002b0ffffffa0c00000041bfffffc187fffffc2f
000000b2c00000265fffffff9500000032affffffaf20000005e7fffffd48ffffffe91
000000140000001283ffffff22800000245ffffff8f40000001ebfffff7a37fffff346
0000014d80000039b7ffffffb9000000372ffffffb5c0000006b7fffffd9e7ffffff3b
00000027c0000014fbffffff3c80000027affffff988000000317fffffaca7fffff994
0000006c0000001d87ffffff750000002eaffffffa8200000050bfffffcd17fffffda1
00000004c00000109bffffff09000000213ffffff848000000093ffffe3d9fffffcbb3
00000689400000e12fffffffee0000003dbffffffbda0000007b7fffffdecfffffffd8
0000004ba000001977ffffff5f0000002beffffffa2a000000457fffffc4f7fffffc9e
000000cd40000029b3ffffff9d80000033bffffffb0c00000061bfffffd60ffffffec0
000000188000001313ffffff29000000252ffffff91c00000023bfffff8c97fffff591
0000019700000042e3ffffffc2800000385ffffffb760000006ebfffffdaffffffff5e
0000002da0000015bbffffff43000000287ffffff9aa00000035bfffffb34ffffffa69
00000079e000001f3fffffff7c8000002f9ffffffaa0000000543fffffcf3ffffffde6
00000008400000110bffffff0f80000021fffffff8760000000efffffeeb97ffffe171
000002a6e0000064e7ffffffd70000003afffffffba8000000753fffffdcffffffff9f
0000003b400000176bffffff510000002a2ffffff9ee0000003dbfffffbd87fffffbaf
0000009c8000002393ffffff8c800000319ffffffad60000005affffffd2f7fffffe5d
0000000fe0000011ffffffff1c000000238ffffff8cc00000019bfffff5fbfffffeff6
0000011780000032f7ffffffaf80000035fffffffb42000000683fffffd8b7ffffff15
00000022400000144bffffff3600000026cffffff9660000002cbfffffa477fffff88c
0000005fe000001c03ffffff6d8000002dcffffffa660000004cffffffcaaffffffd55
000000018000001033ffffff03000000206ffffff818000000037ffffad84fffff5f07
0000287e0000051fc3fffffffc8000003f9ffffffbfa0000007f7fffffdfcffffffff9
00000057c000001afbffffff680000002d0ffffffa500000004a3fffffc8b7fffffd16
000000f7a000002ef7ffffffa8800000351ffffffb2c00000065ffffffd7bffffffef7
0000001e60000013cfffffff31000000263ffffff94a000000297fffff9ceffffff79d
00000223000000546bffffffcf00000039fffffffb9400000072bfffffdc47ffffff88
00000035e0000016bfffffff4b800000298ffffff9d40000003abfffffba17fffffb42
0000008e20000021cfffffff8680000030effffffac2000000587fffffd1a7fffffe33
0000000ce00000119fffffff1780000022fffffff8ac00000015bfffff42a7ffffec53
0000044580000098b3ffffffe50000003caffffffbc800000078ffffffde27ffffffc3
0000004520000018a7ffffff5a0000002b3ffffffa1400000042bfffffc26ffffffc4c
000000b8e00000271fffffff9700000032effffffaf80000005f3fffffd4effffffe9d
0000001520000012a3ffffff24000000249ffffff9000000001fffffff7f67fffff3ec
0000015dc000003bbbffffffbb800000376ffffffb620000006c3fffffda2fffffff44
00000029200000152bffffff3e80000027dffffff992000000327fffffae77fffff9cd
0000006f4000001defffffff770000002eeffffffa8a000000517fffffcda7fffffdb3
00000005a0000010b7ffffff0b000000216ffffff8540000000abffffe7bbfffffd376
000007e50000010ca7fffffff08000003e1ffffffbe00000007c3fffffdeffffffffdf
0000004de0000019bfffffff608000002c2ffffffa32000000467fffffc5c7fffffcb8
000000d4e000002a9fffffff9f800000340ffffffb14000000627fffffd667fffffecc
00000019a000001337ffffff2a800000255ffffff92600000024ffffff9057fffff609
000001ada0000045bfffffffc500000038affffffb7a0000006fbfffffdb47ffffff67
0000002f40000015ebffffff4500000028affffff9b400000036bfffffb4cffffffa98
0000007da000001fbbffffff7e8000002feffffffaa600000054ffffffcfbffffffdf6
00000009400000112bffffff11000000222ffffff882000000107fffff034fffffe469
000002e06000006c13ffffffda0000003b4ffffffbae00000075ffffffdd3fffffffa7
0000003d00000017a7ffffff528000002a6ffffff9f40000003ebfffffbe8ffffffbd1
000000a1c00000243fffffff8e80000031effffffade0000005bffffffd35ffffffe6b
00000010e00000121fffffff1e00000023cffffff8d60000001affffff6767fffff0ec
00000123800000347bffffffb1800000364ffffffb48000000693fffffd907ffffff1f
000000238000001473ffffff3780000026fffffff96e0000002dffffffa6affffff8d4
00000062c000001c5fffffff6f0000002dfffffffa6c0000004dffffffcb4ffffffd69
00000002400000104bffffff04800000209ffffff82400000004bffffc8aefffff955b
00000d54000001ba87fffffff68000003edffffffbec0000007dbfffffdf6fffffffec
00000052a000001a5bffffff640000002c9ffffffa40000000487fffffc747fffffce8
000000e52000002cabffffffa4000000349ffffffb20000000643fffffd71ffffffee2
0000001c0000001383ffffff2e00000025cffffff938000000273fffff970ffffff6e0
000001e24000004c4fffffffca000000395ffffffb88000000713fffffdbc7ffffff78
000000328000001653ffffff48800000291ffffff9c400000038bfffffb78ffffffaf1
00000085a0000020bbffffff82800000305ffffffab400000056bfffffd0b7fffffe15
0000000b0000001163ffffff14000000229ffffff896000000133fffff27d7ffffe8fa
000003728000007e57ffffffdf8000003bfffffffbbc000000777fffffddb7ffffffb5
000000412000001823ffffff568000002acffffffa0400000040bfffffc08ffffffc11
000000acc00000259bffffff93000000326ffffffaea0000005d7fffffd42ffffffe85
00000012e00000125fffffff21000000242ffffff8ea0000001d7fffff748ffffff290
0000013e80000037d7ffffffb680000036dffffffb540000006abfffffd99fffffff32
0000002640000014cfffffff3b000000276ffffff980000000303fffffaac7fffff957
00000068e000001d1fffffff730000002e6ffffffa7c0000004fbfffffcc87fffffd8f
00000003e00000107fffffff07800000210ffffff83c00000007bffffde6a7ffffc0d3
00000590c00000c21fffffffeb0000003d6ffffffbd40000007abfffffde97ffffffd2
00000049600000192fffffff5d0000002baffffffa24000000447fffffc427fffffc83
000000c620000028cbffffff9b800000337ffffffb0600000060ffffffd5b7fffffeb5
0000001740000012ebffffff2780000024fffffff912000000227fffff888ffffff510
00000182200000404bffffffc0000000381ffffffb6e0000006dffffffdabfffffff56
0000002c2000001587ffffff41800000283ffffff9a2000000347fffffb1c7fffffa37
000000764000001ecbffffff7a8000002f6ffffffa98000000533fffffceb7fffffdd6
0000000760000010efffffff0e00000021cffffff86a0000000d7ffffece97ffffddd1
000002752000005ea7ffffffd48000003a9ffffffba2000000743fffffdcc7ffffff97
00000039600000172fffffff4f00000029effffff9e40000003cbfffffbc67fffffb8c
00000097a0000022fbffffff8a800000315ffffffad00000005a3fffffd27ffffffe4f
0000000ee0000011dfffffff1a800000235ffffff8c2000000187fffff5737ffffeee4
0000010c200000318bffffffad00000035bffffffb3a000000677fffffd867ffffff0b
00000020e000001423ffffff34800000269ffffff95c0000002bbfffffa217fffff841
0000005d2000001ba7ffffff6b8000002d8ffffffa600000004c3fffffca0ffffffd41
00000000a000001017ffffff01000000203ffffff80c00000001bffff5c077fffebc0c
0000513c40000a378bfffffffe8000003fdffffffbfc0000007fbfffffdfeffffffffd
000000590000001b27ffffff688000002d2ffffffa540000004abfffffc90ffffffd20
000000fc8000002f93ffffffaa000000353ffffffb30000000663fffffd7effffffefc
0000001f00000013e3ffffff32000000264ffffff94e00000029ffffff9e47fffff7c8
00000235c0000056bfffffffd08000003a2ffffffb98000000733fffffdc67ffffff8c
00000036c0000016dbffffff4c800000299ffffff9d80000003b3fffffbaaffffffb55
000000908000002217ffffff87800000310ffffffac600000058ffffffd1dffffffe3a
0000000d60000011afffffff18000000231ffffff8b2000000167fffff4847ffffed08
00000489a00000a13bffffffe68000003cdffffffbca000000797fffffde47ffffffc7
0000004620000018c7ffffff5a8000002b5ffffffa1800000042ffffffc2dffffffc5a
000000bc2000002787ffffff98000000330ffffffafc0000005fbfffffd527fffffea3
00000015a0000012b7ffffff2500000024affffff90400000020bfffff81d7fffff439
000001664000003cd3ffffffbc800000379ffffffb640000006cbfffffda4fffffff48
00000029e00000153fffffff3f00000027fffffff99600000032ffffffaf4ffffff9e9
000000710000001e27ffffff780000002f0ffffffa8e00000051ffffffcdeffffffdbc
0000000620000010c7ffffff0b800000217ffffff85a0000000b7ffffe9497ffffd690
000008cd00000129a3fffffff20000003e4ffffffbe40000007cbfffffdf1fffffffe2
0000004f20000019e3ffffff618000002c3ffffffa3600000046ffffffc627fffffcc4
000000d8c000002b1fffffffa0800000342ffffffb1600000062ffffffd697fffffed1
0000001a4000001347ffffff2b800000257ffffff92a000000257fffff921ffffff642
000001b9e000004747ffffffc680000038dffffffb7e0000006fffffffdb67ffffff6b
000000302000001603ffffff4600000028cffffff9b8000000373fffffb587fffffab0
0000007fa000001ff7ffffff7f800000300ffffffaaa000000557fffffcffffffffdff
00000009a000001137ffffff12000000224ffffff88800000010ffffff0da7ffffe5b3
000003008000007017ffffffdb8000003b7ffffffbb2000000763fffffdd5fffffffaa
0000003e00000017c7ffffff538000002a7ffffff9f80000003f3fffffbf17fffffbe1
000000a48000002493ffffff90000000320ffffffae20000005c7fffffd38ffffffe71
00000011600000122fffffff1e80000023dffffff8dc0000001bbfffff6af7fffff15c
0000012a0000003543ffffffb3000000366ffffffb4a000000697fffffd92fffffff24
00000024400000148bffffff38800000271ffffff9720000002e7fffffa7bffffff8f6
000000644000001c8bffffff700000002e1ffffffa700000004e3fffffcb9ffffffd73
00000002a000001057ffffff0500000020bffffff82a000000057ffffd071fffffa4e2
0000100b6000021173fffffff80000003f1ffffffbf00000007e3fffffdf87fffffff0
00000053e000001a83ffffff650000002cbffffffa4400000048ffffffc7a7fffffcf4
000000e9c000002d3bffffffa580000034bffffffb2400000064bfffffd747fffffee8
0000001c8000001393ffffff2e80000025dffffff93c00000027bfffff989ffffff711
000001f12000004e2bffffffcb000000397ffffffb8a000000717fffffdbe7ffffff7c
00000033600000166bffffff49800000292ffffff9c8000000393fffffb837fffffb06
00000087c0000020ffffffff83800000308ffffffab8000000573fffffd0effffffe1d
0000000b8000001173ffffff1500000022affffff89c00000013bfffff2f4fffffe9e8
0000039fc0000083fbffffffe08000003c1ffffffbbe00000077ffffffddcfffffffb9
000000420000001843ffffff570000002aeffffffa08000000413fffffc10ffffffc20
000000afa0000025fbffffff94000000328ffffffaee0000005dffffffd45ffffffe8a
000000138000001273ffffff21800000244ffffff8f00000001e3fffff776ffffff2ed
00000145e0000038c3ffffffb780000036fffffffb580000006b3fffffd9bfffffff36
0000002700000014e3ffffff3b800000278ffffff98400000030bfffffabb7fffff976
0000006a6000001d4fffffff740000002e8ffffffa800000004fffffffcccffffffd98
00000004600000108fffffff08800000211ffffff842000000087ffffe1617ffffc6c1
00000603600000d077ffffffec0000003d8ffffffbd60000007affffffdeafffffffd5
0000004a6000001953ffffff5e0000002bdffffffa2600000044ffffffc48ffffffc91
000000c9c00000293bffffff9c800000339ffffffb0a000000617fffffd5e7fffffebb
00000017e0000012ffffffff28000000251ffffff91600000022ffffff8a97fffff552
0000018c6000004193ffffffc1800000383ffffffb720000006e7fffffdadfffffff5a
0000002ce00000159fffffff42800000285ffffff9a600000034ffffffb28ffffffa50
000000780000001f0bffffff7b8000002f8ffffffa9c00000053bfffffcef7fffffdde
00000007c0000010fbffffff0e80000021effffff8700000000e3ffffeddd7ffffdfba
0000028d20000061afffffffd60000003acffffffba600000074bfffffdce7ffffff9b
0000003a400000174fffffff500000002a0ffffff9e80000003d3fffffbcf7fffffb9d
0000009a2000002347ffffff8c000000318ffffffad40000005abfffffd2bffffffe57
0000000f60000011efffffff1b800000237ffffff8c8000000193fffff5b9fffffef72
00000111c00000323fffffffae80000035dffffffb3e00000067ffffffd88fffffff10
00000021a000001437ffffff3500000026bffffff9620000002c7fffffa347fffff869
0000005e6000001bd3ffffff6c8000002daffffffa620000004c7fffffca5ffffffd4b
000000010000001023ffffff02000000205ffffff812000000027ffff925afffff28b3
00001ae90000036d27fffffffb0000003f6ffffffbf60000007effffffdfb7fffffff6
000000568000001ad3ffffff670000002cfffffffa4c00000049bfffffc857fffffd0b
000000f2e000002e5fffffffa780000034fffffffb2a000000657fffffd797fffffef2
0000001dc0000013bfffffff30800000261ffffff94600000028ffffff9b87fffff76f
000002118000005237ffffffce00000039cffffffb92000000723fffffdc27ffffff84
0000003500000016a3ffffff4b000000296ffffff9d00000003a3fffffb97ffffffb2e
0000008c0000002187ffffff8580000030bffffffabe00000057ffffffd167fffffe2c
0000000c8000001193ffffff1680000022effffff8a8000000153fffff3ca7ffffeb94
000004086000009113ffffffe38000003c7ffffffbc400000078bfffffde0fffffffc0
000000442000001887ffffff590000002b2ffffffa10000000423fffffc1f7fffffc3e
000000b5c0000026bfffffff9600000032dffffffaf60000005effffffd4c7fffffe97
000000148000001297ffffff23800000247ffffff8fa0000001f7fffff7cdffffff39a
000001558000003ab7ffffffba000000374ffffffb5e0000006bffffffda07ffffff40
000000288000001513ffffff3d80000027bffffff98e00000031ffffffad8ffffff9b1
0000006da000001dbbffffff760000002ecffffffa8600000050ffffffcd5ffffffdaa
0000000520000010a7ffffff0a000000214ffffff84e00000009fffffe5f17ffffcfe0
00000727800000f4f3ffffffef0000003deffffffbde0000007bffffffdee7ffffffdc
0000004cc00000199bffffff600000002c0ffffffa2e00000045ffffffc55ffffffcab
000000d12000002a27ffffff9e80000033dffffffb10000000623fffffd637fffffec6
000000190000001323ffffff2a000000254ffffff920000000243fffff8e7ffffff5cf
000001a20000004447ffffffc4000000388ffffffb780000006f3fffffdb27ffffff63
0000002e80000015d3ffffff44000000289ffffff9b000000035ffffffb40ffffffa81
0000007bc000001f7bffffff7d8000002fcffffffaa400000054bfffffcf7ffffffdef
00000008c00000111bffffff10000000221ffffff87c0000000fbffffef807ffffe2ff
000002c2a000006857ffffffd88000003b2ffffffbac000000757fffffdd1fffffffa3
0000003c2000001787ffffff518000002a4ffffff9f00000003e3fffffbe0ffffffbc1
0000009f00000023e7ffffff8d80000031cffffffada0000005b7fffffd32ffffffe64
00000010600000120fffffff1d00000023affffff8d20000001a3fffff63affffff074
0000011d80000033b7ffffffb0800000361ffffffb4400000068bfffffd8dfffffff1a
00000022e00000145fffffff3700000026effffff96a0000002d7fffffa597fffff8b1
000000616000001c2fffffff6e8000002ddffffffa6a0000004d7fffffcafffffffd5f
00000001e00000103fffffff04000000208ffffff81e00000003fffffbdd17ffff7fa1
00000b634000017c6ffffffff50000003eaffffffbea0000007d7fffffdf4fffffffe9
000000516000001a33ffffff638000002c7ffffffa3c00000047bfffffc6effffffcdc
000000e10000002c23ffffffa3000000346ffffffb1e00000063bfffffd6effffffedc
0000001b600000136fffffff2d00000025affffff93400000026bfffff9577fffff6ad
000001d40000004a8bffffffc9000000392ffffffb8400000070bfffffdba7ffffff73
00000031c00000163bffffff4780000028fffffff9c0000000383fffffb6e7fffffadb
00000083a00000207bffffff81800000304ffffffab2000000567fffffd077fffffe0e
0000000aa000001157ffffff13800000227ffffff892000000127fffff1fcfffffe7f9
00000349400000792bffffffde0000003bcffffffbb800000076ffffffdd97ffffffb2
000000400000001803ffffff558000002abffffffa00000000403fffffc017fffffc02
000000a9e000002543ffffff92000000324ffffffae80000005cffffffd3fffffffe7e
00000012600000124fffffff20000000241ffffff8e60000001cffffff717ffffff22f
0000013780000036f7ffffffb580000036bffffffb520000006a3fffffd977ffffff2d
00000025a0000014b7ffffff3a000000275ffffff97c0000002fbfffffa9c7fffff938
000000674000001cefffffff720000002e5ffffffa780000004f3fffffcc37fffffd86
000000038000001073ffffff0700000020effffff83600000006fffffdacb7ffffb994
0000052d600000b5b3ffffffe98000003d2ffffffbd00000007a3fffffde7fffffffce
00000048600000190bffffff5c8000002b9ffffffa20000000443fffffc3bffffffc77
000000c2c00000285bffffff9a800000335ffffffb02000000607fffffd587fffffeb0
00000016c0000012dbffffff2680000024effffff90e00000021bfffff8667fffff4cb
000001788000003f1bffffffbe80000037effffffb6a0000006dbfffffda97ffffff52
0000002b600000156fffffff41000000282ffffff99e00000033ffffffb0fffffffa1e
000000746000001e93ffffff798000002f4ffffffa9400000052bfffffce77fffffdcd
0000000700000010e3ffffff0d00000021bffffff8660000000cfffffebd87ffffdbaf
0000025ea000005bd7ffffffd30000003a7ffffffb9e00000073ffffffdca7ffffff94
000000388000001713ffffff4e80000029dffffff9e00000003c3fffffbbdffffffb7a
0000009540000022abffffff89800000313ffffffacc00000059bfffffd24ffffffe48
0000000e60000011cfffffff1a000000234ffffff8bc00000017bfffff5287ffffee50
00000106c0000030dfffffffac000000358ffffffb3800000066ffffffd83fffffff06
00000020400000140fffffff33800000267ffffff9580000002b3fffffa0dffffff81a
0000005bc000001b7bffffff6a8000002d6ffffffa5c0000004bbfffffc9b7fffffd36
00000000400000100bffffff00800000202ffffff80600000000ffffeb90dffffd7619
000000000000000003f00000007e0000000080000000000000000100000007e0000000
0000000000000000000000000000000000000000000000000000000000000000000000
0000000000000000000000000000000000000000000000000000000000000000000000
0000000000000000000000000000000000000000000000000000000000000000000000
0000000000000000000000000000000000000000000000000000000000000000000000
0000000000000000000000000000000000000000000000000000000000000000000000
0000000000000000000000000000000000000000000000000000000000000000000000
0000000000000000000000000000000000000000000000000000000000000000000000
0000000000000000000000000000000000000000000000000000000000000000000000
0000000000000000000000000000000000000000000000000000000000000000000000
0000000000000000000000000000000000000000000000000000000000000000000000
0000000000000000000000000000000000000000000000000000000000000000000000
0000000000000000000000000000000000000000000000000000000000000000000000
0000000000000000000000000000000000000000000000000000000000000000000000
0000000000000000000000000000000000000000000000000000000000000000000000
0000000000000000000000000000000000000000000000000000000000000000000000
0000000000000000000000000000000000000000000000000000000000000000000000
0000000000000000000000000000000000000000000000000000000000000000000000
0000000000000000000000000000000000000000000000000000000000000000000000
0000000000000000000000000000000000000000000000000000000000000000000000
0000000000000000000000000000000000000000000000000000000000000000000000
0000000000000000000000000000000000000000000000000000000000000000000000
0000000000000000000000000000000000000000000000000000000000000000000000
0000000000000000000000000000000000000000000000000000000000000000000000
0000000000000000000000000000000000000000000000000000000000000000000000
0000000000000000000000000000000000000000000000000000000000000000000000
0000000000000000000000000000000000000000000000000000000000000000000000
0000000000000000000000000000000000000000000000000000000000000000000000
0000000000000000000000000000000000000000000000000000000000000000000000
0000000000000000000000000000000000000000000000000000000000000000000000
0000000000000000000000000000000000000000000000000000000000000000000000
0000000000000000000000000000000000000000000000000000000000000000000000
0000000000000000000000000000000000000000000000000000000000000000000000
0000000000000000000000000000000000000000000000000000000000000000000000
0000000000000000000000000000000000000000000000000000000000000000000000
0000000000000000000000000000000000000000000000000000000000000000000000
0000000000000000000000000000000000000000000000000000000000000000000000
0000000000000000000000000000000000000000000000000000000000000000000000
0000000000000000000000000000000000000000000000000000000000000000000000
0000000000000000000000000000000000000000000000000000000000000000000000
0000000000000000000000000000000000000000000000000000000000000000000000
0000000000000000000000000000000000000000000000000000000000000000000000
0000000000000000000000000000000000000000000000000000000000000000000000
0000000000000000000000000000000000000000000000000000000000000000000000
0000000000000000000000000000000000000000000000000000000000000000000000
0000000000000000000000000000000000000000000000000000000000000000000000
0000000000000000000000000000000000000000000000000000000000000000000000
0000000000000000000000000000000000000000000000000000000000000000000000
0000000000000000000000000000000000000000000000000000000000000000000000
0000000000000000000000000000000000000000000000000000000000000000000000
0000000000000000000000000000000000000000000000000000000000000000000000
0000000000000000000000000000000000000000000000000000000000000000000000
0000000000000000000000000000000000000000000000000000000000000000000000
0000000000000000000000000000000000000000000000000000000000000000000000
0000000000000000000000000000000000000000000000000000000000000000000000
0000000000000000000000000000000000000000000000000000000000000000000000
0000000000000000000000000000000000000000000000000000000000000000000000
0000000000000000000000000000000000000000000000000000000000000000000000
0000000000000000000000000000000000000000000000000000000000000000000000
0000000000000000000000000000000000000000000000000000000000000000000000
0000000000000000000000000000000000000000000000000000000000000000000000
0000000000000000000000000000000000000000000000000000000000000000000000
0000000000000000000000000000000000000000000000000000000000000000000000
0000000000000000000000000000000000000000000000000000000000000000000000
0000000000000000000000000000000000000000000000000000000000000000000000
0000000000000000000000000000000000000000000000000000000000000000000000
0000000000000000000000000000000000000000000000000000000000000000000000
0000000000000000000000000000000000000000000000000000000000000000000000
0000000000000000000000000000000000000000000000000000000000000000000000
0000000000000000000000000000000000000000000000000000000000000000000000
0000000000000000000000000000000000000000000000000000000000000000000000
0000000000000000000000000000000000000000000000000000000000000000000000
0000000000000000000000000000000000000000000000000000000000000000000000
0000000000000000000000000000000000000000000000000000000000000000000000
0000000000000000000000000000000000000000000000000000000000000000000000
0000000000000000000000000000000000000000000000000000000000000000000000
0000000000000000000000000000000000000000000000000000000000000000000000
0000000000000000000000000000000000000000000000000000000000000000000000
0000000000000000000000000000000000000000000000000000000000000000000000
0000000000000000000000000000000000000000000000000000000000000000000000
0000000000000000000000000000000000000000000000000000000000000000000000
0000000000000000000000000000000000000000000000000000000000000000000000
0000000000000000000000000000000000000000000000000000000000000000000000
0000000000000000000000000000000000000000000000000000000000000000000000
0000000000000000000000000000000000000000000000000000000000000000000000
0000000000000000000000000000000000000000000000000000000000000000000000
0000000000000000000000000000000000000000000000000000000000000000000000
0000000000000000000000000000000000000000000000000000000000000000000000
0000000000000000000000000000000000000000000000000000000000000000000000
0000000000000000000000000000000000000000000000000000000000000000000000
0000000000000000000000000000000000000000000000000000000000000000000000
0000000000000000000000000000000000000000000000000000000000000000000000
0000000000000000000000000000000000000000000000000000000000000000000000
0000000000000000000000000000000000000000000000000000000000000000000000
0000000000000000000000000000000000000000000000000000000000000000000000
0000000000000000000000000000000000000000000000000000000000000000000000
0000000000000000000000000000000000000000000000000000000000000000000000
0000000000000000000000000000000000000000000000000000000000000000000000
0000000000000000000000000000000000000000000000000000000000000000000000
0000000000000000000000000000000000000000000000000000000000000000000000
0000000000000000000000000000000000000000000000000000000000000000000000
0000000000000000000000000000000000000000000000000000000000000000000000
0000000000000000000000000000000000000000000000000000000000000000000000
0000000000000000000000000000000000000000000000000000000000000000000000
0000000000000000000000000000000000000000000000000000000000000000000000
0000000000000000000000000000000000000000000000000000000000000000000000
0000000000000000000000000000000000000000000000000000000000000000000000
0000000000000000000000000000000000000000000000000000000000000000000000
0000000000000000000000000000000000000000000000000000000000000000000000
0000000000000000000000000000000000000000000000000000000000000000000000
0000000000000000000000000000000000000000000000000000000000000000000000
0000000000000000000000000000000000000000000000000000000000000000000000
0000000000000000000000000000000000000000000000000000000000000000000000
0000000000000000000000000000000000000000000000000000000000000000000000
0000000000000000000000000000000000000000000000000000000000000000000000
0000000000000000000000000000000000000000000000000000000000000000000000
0000000000000000000000000000000000000000000000000000000000000000000000
0000000000000000000000000000000000000000000000000000000000000000000000
0000000000000000000000000000000000000000000000000000000000000000000000
0000000000000000000000000000000000000000000000000000000000000000000000
0000000000000000000000000000000000000000000000000000000000000000000000
0000000000000000000000000000000000000000000000000000000000000000000000
0000000000000000000000000000000000000000000000000000000000000000000000
0000000000000000000000000000000000000000000000000000000000000000000000
0000000000000000000000000000000000000000000000000000000000000000000000
0000000000000000000000000000000000000000000000000000000000000000000000
0000000000000000000000000000000000000000000000000000000000000000000000
0000000000000000000000000000000000000000000000000000000000000000000000
0000000000000000000000000000000000000000000000000000000000000000000000
0000000000000000000000000000000000000000000000000000000000000000000000
0000000000000000000000000000000000000000000000000000000000000000000000
0000000000000000000000000000000000000000000000000000000000000000000000
0000000000000000000000000000000000000000000000000000000000000000000000
0000000000000000000000000000000000000000000000000000000000000000000000
0000000000000000000000000000000000000000000000000000000000000000000000
0000000000000000000000000000000000000000000000000000000000000000000000
0000000000000000000000000000000000000000000000000000000000000000000000
0000000000000000000000000000000000000000000000000000000000000000000000
0000000000000000000000000000000000000000000000000000000000000000000000
0000000000000000000000000000000000000000000000000000000000000000000000
0000000000000000000000000000000000000000000000000000000000000000000000
0000000000000000000000000000000000000000000000000000000000000000000000
0000000000000000000000000000000000000000000000000000000000000000000000
0000000000000000000000000000000000000000000000000000000000000000000000
0000000000000000000000000000000000000000000000000000000000000000000000
0000000000000000000000000000000000000000000000000000000000000000000000
0000000000000000000000000000000000000000000000000000000000000000000000
0000000000000000000000000000000000000000000000000000000000000000000000
0000000000000000000000000000000000000000000000000000000000000000000000
0000000000000000000000000000000000000000000000000000000000000000000000
0000000000000000000000000000000000000000000000000000000000000000000000
0000000000000000000000000000000000000000000000000000000000000000000000
0000000000000000000000000000000000000000000000000000000000000000000000
0000000000000000000000000000000000000000000000000000000000000000000000
0000000000000000000000000000000000000000000000000000000000000000000000
0000000000000000000000000000000000000000000000000000000000000000000000
0000000000000000000000000000000000000000000000000000000000000000000000
0000000000000000000000000000000000000000000000000000000000000000000000
0000000000000000000000000000000000000000000000000000000000000000000000
0000000000000000000000000000000000000000000000000000000000000000000000
0000000000000000000000000000000000000000000000000000000000000000000000
0000000000000000000000000000000000000000000000000000000000000000000000
0000000000000000000000000000000000000000000000000000000000000000000000
0000000000000000000000000000000000000000000000000000000000000000000000
0000000000000000000000000000000000000000000000000000000000000000000000
0000000000000000000000000000000000000000000000000000000000000000000000
0000000000000000000000000000000000000000000000000000000000000000000000
0000000000000000000000000000000000000000000000000000000000000000000000
0000000000000000000000000000000000000000000000000000000000000000000000
0000000000000000000000000000000000000000000000000000000000000000000000
0000000000000000000000000000000000000000000000000000000000000000000000
0000000000000000000000000000000000000000000000000000000000000000000000
0000000000000000000000000000000000000000000000000000000000000000000000
0000000000000000000000000000000000000000000000000000000000000000000000
0000000000000000000000000000000000000000000000000000000000000000000000
0000000000000000000000000000000000000000000000000000000000000000000000
0000000000000000000000000000000000000000000000000000000000000000000000
0000000000000000000000000000000000000000000000000000000000000000000000
0000000000000000000000000000000000000000000000000000000000000000000000
0000000000000000000000000000000000000000000000000000000000000000000000
0000000000000000000000000000000000000000000000000000000000000000000000
0000000000000000000000000000000000000000000000000000000000000000000000
0000000000000000000000000000000000000000000000000000000000000000000000
0000000000000000000000000000000000000000000000000000000000000000000000
0000000000000000000000000000000000000000000000000000000000000000000000
0000000000000000000000000000000000000000000000000000000000000000000000
0000000000000000000000000000000000000000000000000000000000000000000000
0000000000000000000000000000000000000000000000000000000000000000000000
0000000000000000000000000000000000000000000000000000000000000000000000
0000000000000000000000000000000000000000000000000000000000000000000000
0000000000000000000000000000000000000000000000000000000000000000000000
0000000000000000000000000000000000000000000000000000000000000000000000
0000000000000000000000000000000000000000000000000000000000000000000000
0000000000000000000000000000000000000000000000000000000000000000000000
0000000000000000000000000000000000000000000000000000000000000000000000
0000000000000000000000000000000000000000000000000000000000000000000000
0000000000000000000000000000000000000000000000000000000000000000000000
0000000000000000000000000000000000000000000000000000000000000000000000
0000000000000000000000000000000000000000000000000000000000000000000000
0000000000000000000000000000000000000000000000000000000000000000000000
0000000000000000000000000000000000000000000000000000000000000000000000
0000000000000000000000000000000000000000000000000000000000000000000000
0000000000000000000000000000000000000000000000000000000000000000000000
0000000000000000000000000000000000000000000000000000000000000000000000
0000000000000000000000000000000000000000000000000000000000000000000000
0000000000000000000000000000000000000000000000000000000000000000000000
0000000000000000000000000000000000000000000000000000000000000000000000
0000000000000000000000000000000000000000000000000000000000000000000000
0000000000000000000000000000000000000000000000000000000000000000000000
0000000000000000000000000000000000000000000000000000000000000000000000
0000000000000000000000000000000000000000000000000000000000000000000000
0000000000000000000000000000000000000000000000000000000000000000000000
0000000000000000000000000000000000000000000000000000000000000000000000
0000000000000000000000000000000000000000000000000000000000000000000000
0000000000000000000000000000000000000000000000000000000000000000000000
0000000000000000000000000000000000000000000000000000000000000000000000
0000000000000000000000000000000000000000000000000000000000000000000000
0000000000000000000000000000000000000000000000000000000000000000000000
0000000000000000000000000000000000000000000000000000000000000000000000
0000000000000000000000000000000000000000000000000000000000000000000000
0000000000000000000000000000000000000000000000000000000000000000000000
0000000000000000000000000000000000000000000000000000000000000000000000
0000000000000000000000000000000000000000000000000000000000000000000000
0000000000000000000000000000000000000000000000000000000000000000000000
0000000000000000000000000000000000000000000000000000000000000000000000
0000000000000000000000000000000000000000000000000000000000000000000000
0000000000000000000000000000000000000000000000000000000000000000000000
0000000000000000000000000000000000000000000000000000000000000000000000
0000000000000000000000000000000000000000000000000000000000000000000000
0000000000000000000000000000000000000000000000000000000000000000000000
0000000000000000000000000000000000000000000000000000000000000000000000
0000000000000000000000000000000000000000000000000000000000000000000000
0000000000000000000000000000000000000000000000000000000000000000000000
0000000000000000000000000000000000000000000000000000000000000000000000
0000000000000000000000000000000000000000000000000000000000000000000000
0000000000000000000000000000000000000000000000000000000000000000000000
0000000000000000000000000000000000000000000000000000000000000000000000
0000000000000000000000000000000000000000000000000000000000000000000000
0000000000000000000000000000000000000000000000000000000000000000000000
0000000000000000000000000000000000000000000000000000000000000000000000
0000000000000000000000000000000000000000000000000000000000000000000000
0000000000000000000000000000000000000000000000000000000000000000000000
0000000000000000000000000000000000000000000000000000000000000000000000
0000000000000000000000000000000000000000000000000000000000000000000000
0000000000000000000000000000000000000000000000000000000000000000000000
0000000000000000000000000000000000000000000000000000000000000000000000
0000000000000000000000000000000000000000000000000000000000000000000000
0000000000000000000000000000000000000000000000000000000000000000000000
0000000000000000000000000000000000000000000000000000000000000000000000
0000000000000000000000000000000000000000000000000000000000000000000000
0000000000000000000000000000000000000000000000000000000000000000000000
0000000000000000000000000000000000000000000000000000000000000000000000
0000000000000000000000000000000000000000000000000000000000000000000000
0000000000000000000000000000000000000000000000000000000000000000000000
0000000000000000000000000000000000000000000000000000000000000000000000
0000000000000000000000000000000000000000000000000000000000000000000000
00000e141fffffb98bffffd4720000052ac00000ab49ffffd3038000009ff7ffffd9a6
fffffa572000006c5c00003ae4fffffe78afffffa6b5fffffc5f7fffff395fffffb24f
fffff9ac60000018f7fffffc0d80000183f000004273ffffdb814000006c1000003151
000002d9400000c1c3ffffd62c7ffffe9deffffea937ffffe6cd80000307e800004d87
fffffdbba000002643ffffef347ffffe761fffffd9fbfffff8f97ffffd7f680000475f
000007087fffffe6980000133b0000050d700000ca92000011a680000308d8000002f4
00000b41c000007d50000007b97ffff50a7ffffebe65ffffe6f5bffffd026fffffa432
fffff68d6000002d8000001b6bfffff71d30000022ca000023a1bffffd1a4000001d85
fffffde1bfffffec8fffffc3347ffffa70afffff3495fffff0e7000003913fffffea9d
ffffeae2bfffff5ec000001f608000045d100000595e00001a1b8000009dfffffff23c
fffffa04a0000053680000344c800006400fffff6eb3ffffeb8a800004ece800000c2b
ffffff753fffff7627fffffce180000220800000bec60000026cfffffff3500000193d
fffffa2e6000023a03ffffe91d000000b55fffffaedfffffd8e97fffff83d000004087
0000004ce00000e0dbffffc853fffffa94700000824dfffffe8d800001194fffffbe4e
000006afdffffec4800000239600000127dfffff963dffffebc280000277a800001cf6
0000050bc000011e180000093d0000021350000032ebfffff1e6800000cc77fffff3c4
000001c640000076a8000014b47ffffe09dfffffd52600000e30ffffff0cafffff9eeb
fffff9fba00001d707fffff9817ffffa301fffffc5e9ffffe662bffffeafbfffffd50e
0000116900000012d000000b2bfffffab33fffff62d0000017bc400000b71fffffb454
0000063b5ffffed70fffffed1b7ffffcf23000002721ffffffc83ffffe74d000002064
fffffb505ffffeba2bfffff1cf800005c0300000cb8bfffff4c64000005287ffffd911
00000c6c6000017ab7ffffe624000004e88fffffc65c0000090a800001da980000987b
ffffff789fffff2764000007cb0000065d70000019040000162c400000a1f800000dcb
fffff344800000e96800000826000001116000000695fffff37f4000009ef000003f7b
fffff8d1fffffe4e17ffffe5f7fffff9b6500001561ffffff790c0000036e80000083a
fffff8b0bffffe60cbfffff36d000000816fffff95f7fffff86f3ffffdde37ffffec4d
fffffbfc6000015b5c00001f417ffff6e6bffffffc74000001b9800005e78800003b8f
fffff3869fffffc5e400000d5500000232c00000aaeffffffdf0c000009d57ffffb292
fffff5bce00001015bfffffe76fffffd63a00000065200001a85000003755800002b59
fffff8009ffffda973ffffee2f00000b4defffff9f03ffffdbfc8000025a60000055e9
fffffee6200001218ffffffeda0000034da000001281fffffbcbc0000279bfffff7400
fffffc948000000a8c000031c07ffffdc75fffff048bfffff90bc000029777ffffd783
fffff43e7fffffe1c40000130c7ffffc4ecfffff845dfffffc96800000f68000001e08
0000034bbfffffefd800001b98fffffe1f200000401dfffffb3d0000038e8800004912
fffffc823fffff55b00000007a7fffff3220000012f9fffff75e400000d6e800000f29
00000c21e000003a63ffffcfb70000074a1000004a5a000026ca3fffffa53000001851
000004fd0000005a37ffffdab3000000e37fffffcd4200000c5ebffffecb9000003039
00000895ffffff0c0bfffffbe2800000ced0000073a1fffff1130000027defffffda7c
fffff06c400000c11bfffff0257fffff8420000088f40000015a7ffffe95b7ffffe1d6
000008f0c0000102f0000041bc800008548fffffaa5400000a1340000028c7ffffd801
00000709a00000d9f400003656fffff6e86fffff2fc2000001aa0000020877ffff6f1a
fffffe3fffffff1f6fffffe7c0000004a0000000738c000025a70000011de000004647
000001f6c000010ef0000002ab0000019c70000003f800002f8c000001fa90000053d4
00000d84c00002d41800001d2480000b38dfffffa5efffffef413ffffb1c17ffffe87c
ffffed7c2000003be800001f0400000aae4fffff66b200000c757ffffe1b67ffffa4fa
000006f500000135a8000023ca80000422f00000178bffffe548000001202fffffb744
00001055a00001e760000032880000011a400000d102000002307ffffed267ffff6afb
fffffc8d9fffff70fc0000234600000602700000048bfffff2e1400001b49fffff75de
000006cedfffff0293ffffe9e4800000a6ffffff7ac5fffff7ccffffff569800001436
000009717fffff2ddfffff9ae6fffffdf0b0000014b7ffffe853800001c5cfffffad3c
000002a8bfffffd113fffffb96000004dcffffff0f76000017f6ffffff81a7ffffbf4c
fffff3143ffffeb1b8000008b2800004564fffffe58800000b143ffffcb70800006db9
fffffd40600000d250000005117ffffede4000006da3fffffe487ffffd608fffffc238
0000097b800000fdec00002973800001bd700000499600000d82bffffd4290000004c9
00000ae7400001e423ffffec137ffffcec5fffff7f39ffffda64ffffff914800005cb2
00000b3aa000020cf400003b28fffff88f6fffff98580000050e3ffffd0ddfffffd0b5
fffffb40600001ab38000014e58000048ebffffec0dfffffdeeac00000ca40000062d9
fffffe3ddffffe196c000001f58000012bd00000c25e00000d51ffffff0d77ffff5809
fffff8b4c00001ea94000019c2800002101fffffe9f5fffff7350000014808000010b9
000002509fffff195fffffbf90800000a84fffff62effffff3c0800000426000002fb9
fffffc2ea00000a863ffffe24afffff97f9fffff20b2000018f2bffffef880000059f1
fffffcc8bffffed24bffffe412000002300000006a9a00001090bfffff1317ffffe902
fffffb9f200001c2a4000006a5000004378000000cd3ffffeacc0000012b60000023bd
00000e92bffffd080c00002de2fffffe149fffff21a000000c713ffffe772000007364
fffffdffe000009f97fffff713fffffb02e000007ef40000274f3fffff924fffffdad1
fffffbe58000018b2c000007277ffff9751fffff2a8e0000081980000020680000546b
0000039ac00000994fffffc862000007ef1fffff3497fffff4634000005a9ffffffca5
00000126a000001f6000001fb47ffffc0c9000000be1ffffebd9fffffddbf8000056fc
000001a8dffffe2c5fffffda47fffffd231fffffc805ffffe973fffffdc547ffff94b6
000007219ffffec97bffffe932000000656fffff032600000519000000309000008ff2
fffff6131ffffecf63ffffeb09800006f9000000ecd7ffffeca13ffffdc46800003519
ffffff473fffff193c000032a9ffffffe9600000715200001abe000003b30000003a09
00000d2c6000009617fffffd75000000710000007955ffffff243ffffea82fffffa649
fffffd08bffffe9407ffffd529800000a79fffff9620000019e0fffffe1f57ffffb3db
00001364e00001619fffffb955fffffdf61000000b87ffffe664fffffe35f0000036ed
fffffa80200000bdc8000015dd000006950000000fd60000169600000163e000001855
000007596000004ea7fffffc16800005087fffff773c000016aa3ffffdb9a800002e2d
000009a45ffffec2f800004317fffffe0d0fffff2daa000000120000028d07ffffb8fc
fffffa74600000fd9400000c4d80000466d000001f15fffff1ebbfffff6f90000001b3
0000009e600001dc940000182c7fffff44700001476ffffff71440000273f800004531
ffffff608000018447ffffd97afffff98a1fffffa81a000002590000027a18000050fd
fffff3511fffff9bb0000010197ffffd8fa00000016000001a933ffffe5e7000000505
0000161f7fffffaefbffffd642fffffe02a00000e551ffffd8b5bffffd852ffffff8d3
000001dc2000023f2fffffd1e07ffffcdabfffff58b1ffffdbc83fffff4c2800004cf7
00000d6cfffffd422c00000d91fffff8a68fffff3e2e00001e1cbffffcc97fffffdfbc
000011e21fffffebb40000308b7ffff7299000006cb800000fd0400001159000004574
00000e330000009c13ffffe5587ffffa4bf000009623fffffb63000003c74000009ef6
fffff526a00000e32800004346fffffe366ffffed54400000b828000002cdffffface4
00000ba13fffff18c7ffffe026000001c47000005cc800000091400000ebdfffffc611
fffff99c7fffffc7a3ffffbca87ffffb10f00000aceffffff45dc000014557ffffeb31
fffff3f47fffff5a27ffffe9f77ffffa5d800000901a0000107ec0000060b800000b62
000003494000017a7c000019b4fffffcb89000003e8400000757fffffedd37fffffe49
fffff925c00000478800002a577ffffd0bf0000011a80000066a000002ebe7ffffc198
00000352dffffec4dffffff24d7fffffb78000009cb600000eff3ffffe7d5000003ad9
0000074f9fffff06a80000067b0000054faffffe57de000007af0000002f07ffffe051
000000c25fffff184c00000ecf7ffffbb1b00000bec3ffffe964800000fa4800003f6f
fffff1e160000056dbffffe0067ffffd4f3000000f06000009d7bffffd7640000082c2
000008d9200000dd6c000009d600000086c000007aa40000043a4000010bf00000057d
fffff4136000005553fffff694000002054000008547ffffff617ffffb85c7ffffe528
000012fe800001341bffffde41800000e88fffffb1be00000acf000000dd47ffff3810
fffffd739fffffd56bfffffbd87fffffca8fffff1cc7ffffe9d5fffffdd2c7ffffd83f
fffff9fa800000ad7c00002375fffffeeadfffff702200001413c0000024f800000b37
fffffb79a00001a54000000439800000a12fffff656fffffdde2c000025258000013bf
fffffec2bfffff1a77fffff73b000003a20fffff536e00000dc17ffffece27ffffb3fc
fffffa3e9fffffde6fffffe4fd7ffff91adffffff7460000023440000123780000427c
000008febfffff85a800000ade7ffffb705fffff84c8000024243ffffcfc27ffffc039
00000478dfffff52dfffffca977ffff9367000007523fffffa5bfffffda1bffffff86e
fffff64e3fffff70d400005d078000035d8000003bc20000002b8000011ccfffffe870
0000022d600000204c00000a618000050f500000d21400000347bffffaf30000005142
00000211400001187c0000105000000373dfffff5b9800001b027ffffc6d0800003c14
fffffa19a00000d59bffffed24800003288fffffdcf600001326c000003157ffffe3be
000008b05fffffb02400000313000003cc8000005c3dffffe59580000646280000710e
fffffe76bffffe59fbffffe10d800002beb00000345e00000d133ffffcf28800003405
000017eb9ffffecca3fffffa817ffffde4ffffff8381ffffd24f80000218c7ffffe84d
fffffbc9800000493fffffedf9fffffc91500000af740000067f0000010e50000000d6
000000c63fffff77140000399c7ffffd1f6fffffae3bfffff939c000057f4000001495
fffffcc44000008ab800000b4a0000024a30000014f3fffff4647ffffdfb780000118a
00000e88600000508400001c757fffff25b00000b41e00001c4fc00000aa0000001449
fffffbfadfffff48f0000000ee7fffffcc1fffffdfca000003cebffffeb097ffff972d
fffff99bdffffee96400002d9afffffc0c3000004e6ffffff7164000018f0fffff846e
000005560000016f1bffffd1588000050f0000006c40000016fa3fffff451000000957
fffff6da7ffffed057ffffdaf6fffffcfecfffff325000000ab37fffff6eb000009e69
fffff0a84000016953ffffff43fffffb787fffff1631fffff6a9c00000f297ffffbde9
fffffafb8000002fd7ffffd646800002450fffff9021ffffedf2bffffe0407fffffe82
00001595e00000d71400001d4ffffffc789000008e05fffff7b6ffffffc160000014dc
0000019d600000067ffffff3937ffffd1a7fffffa142000002ad3fffff337800001753
00000d134000003e23fffffaeeffffffae1fffff017e00000b37bfffff83a800003ee8
fffffba2c000002f07ffffeee30000065c7fffffe29a00001f7dbffffdc068000074f1
000011305fffff88a8000011ca80000800afffff556400000d1d00000335f7ffffe592
fffffe753fffff3ac3ffffd0d9800005839000005a41fffffa1bfffffe3470000031b0
ffffe2a81ffffea2680000169ffffffa41300000928a000003acc00000c7ffffffd502
00000121800000ae6bfffff136ffffef540fffff7b18000001b1400002ce7000001d26
fffff4637fffff267fffffda5b00000340b00000e1ac000002a24000020d7800000d5b
fffffbd9c000031d5bfffff22bfffffcc2300001695600000d103ffffc6017fffff35c
fffff75e200001421bffffedf8800000e74fffffffa0000025c700000076efffffe088
fffffbc8c0000083abffffbd2cfffff961a000001a1ffffffbe0c00001b638000023ca
00000657a0000200bbffffff217ffffed90000007d95ffffed2a3ffffe69d7ffff73a8
fffffc2e3fffff404bffffd8a9800000b42fffff57d8000000557ffffe44f800006b7b
fffffd163fffff00bffffff7e8800003cc5fffffa10c0000063e3fffffcdb000004d8a
000002b83fffffb357fffffd137ffffa88d000002d7a00000d253ffffee01000004420
fffffed04000008533ffffe8fa7ffffa41f0000031d2000004d67ffffe0e2000005314
00000801dfffff1f2800000e8b7ffffd6c2fffff78a1ffffe93afffffedffffffff71e
000003c69ffffeba280000256b80000598e000013a6e000018347fffff89e000006e71
00000bcc9fffff80b4000003228000098dc000005cdfffffe29a3ffffda62000003fd3
0000087620000107c0000036f5fffffe29ffffffc87dfffffc1fc000005dc7ffffb310
fffff872bfffffe653ffffea98800003dfa00000d6abfffffa2c8000018b980000b60d
000000e540000196fc0000193b7ffffe9ccfffff9087ffffee9c80000298ffffffc696
fffff8b0200000dcb7ffffc56a0000071f20000078b200004300400000b26000006c2c
fffff71440000162cbfffff800fffff8280fffffd8ae000003e88000041ef000003bb3
00000711fffffe0937fffff8937ffff6d83fffff5be7fffff299800000adc7ffff727b
fffff4029ffffffacbffffc2d1fffffd529fffffcf2dfffff2de800000da1ffffff60c
0000056d9ffffedf0ffffff2f100000a345fffffed0000000e6ac0000274b000002112
00000069600000f024000030888000030f0fffffdf76000008d1fffffdcd8ffffffb18
00000080600000c9d7ffffe876800002cdefffffa628000016a7400001ab68000001c9
00001237000000bbac000031fb7ffffb9c600000038ffffff19e4000040620000028ef
000007e0000001159fffffdf2a800004bd0fffffc8dbffffd3223ffffdc69800000a03
fffff3cba000003d93fffff1a4800001b65fffff5ab2000008edbffffca6efffffd143
fffff9cb600000042fffffceb88000076c1fffffa1b7ffffda547fffffae0000002168
fffff0d29ffffeaabbffffdf12fffffe0410000048140000220d000000a3a800000d7e
0000054aa000011df4000010697ffffaed6fffffdf8ffffff123bffffff6c7ffffc18f
fffffc734000003f07fffff8ba0000045de000002696000001efc0000178b80000a874
ffffeda27fffff2e0c00002f2280000036e00000daea00002dfa400002470800006a17
fffff00adffffff0ebffffeaa50000009940000073700000221e800000b6b8000023e4
000004f5e00000feec000000230000005a50000039f1fffffbbc8000030ce8000010ae
00000043bfffffaef400004e638000008bcffffea5c40000047ebfffffba4800001c47
000000315fffff71ffffffd3687fffffdb9fffffb3e3ffffefcd7ffffa9bd7ffffa34b
fffffd51e0000158d7fffff9f97fffff2f2fffff784c0000097bfffffdbf200000020d
ffffffa6dffffdee9c0000102e000005bd0ffffefa31ffffe1bec00001f3f000000598
00000657c000007b17fffff95f80000037f000000beffffff11480000158bfffffaf57
0000166b600002a7bc000051c1800000f7300000120dffffe6dac00001b78800002d91
0000100280000097b7ffffcee20000018f7fffffa61c00000d693ffffbbdcfffff257d
00000206e00000e107ffffd66c00000e107fffffa757ffffdfc0000000147000004796
fffffe22e00000f4d8000012190000029e90000026b4000016ddc00000bd10000067bf
00000d2d1fffff9abc00003b51800003065ffffef360000008097ffffbfd9000008769
0000079ee000003b7000000844fffffb159000001671fffff6e740000228dfffffa1f0
fffff3090000009db3ffffeec07ffffbb9700000d357ffffef04bffffe472ffffffb7e
ffffef3460000221f8000025207ffffe40b000009666000006414000027b6800002011
fffffea3e0000115bc00000588800001a06fffff7447fffff9de8000015587ffffb768
fffffbfddfffff0dcfffffca1cfffff5b570000068a00000157cfffffe816000000a50
fffff9e70000019b6c000033867ffffb1a80000007a0000012ca400004dd780000546f
0000070ddfffffeef3fffff04ffffffef2b0000025a5ffffdb80bfffffd370000011c0
fffff7bc7fffffe284000023e1ffffffc12000003fec000015d5bffffefb2fffffc919
0000033adffffdd8e800000006fffffd04700000aad200001524800003a39fffffcb4f
fffff95d9ffffffa200000048dfffffd22100000d49c00000a2c4000008a90000026aa
00000502200000d3c3fffff4850000016e8000002885ffffef5b7fffffd058000000b2
fffffcc09fffffa22fffffce777ffffdc00000007233ffffe1c0bfffffd3cffffff6ac
00000f87c000014d8bffffd0867ffffc008fffff96c3ffffeb77400000b4afffffd26c
fffff3efdffffe4d9bffffebc4fffffbf70000005453ffffecea3ffffd91d7ffffc7e2
ffffff28fffffee16400000ae7ffffff4b80000018b2000035fa0000008d20000039cf
00000ad8200000aa680000103c7fffffaadfffff85360000046cbffffc4bd000008213
000002ffc00000ddd0000019c0000002759fffffffa8000016ab80000002d000002db6
00000505400000dea000000b097ffffa8b10000099da000016b00000008517ffffeb9b
000001381fffff360000002e16fffffb713fffff7ac2000008bb000004a2c000007350
000003e4c00000f533fffff7317ffffd53f0000078c000000c26800003d0dffffff3e3
fffffa451fffffcbf3ffffca587ffff8e86000016e160000048e4000038a6fffffc5fa
fffffa022000004e3c00001bb900000556900000e9b1fffffd48800003ac7fffffdcd9
000006fda000004d63fffff8a2800003a25fffffe50c0000050c3ffffdd650000078c7
fffffe14dfffffeb7400000b0200000a756fffffd4d7fffffb5f8000050fb00000053a
fffffd5edffffff890000020427ffff9705000007da20000119f0000021b180000258d
000007b59fffff9bdc00002b007ffff6a24000019e020000169afffffea18800002cc3
fffffb400000003a1bffffccb30000090d6fffffcf8c00000236800004f7b7ffffd04e
fffff954dfffffe39800000bccffffffaa5000006b56000010c9c00000c86000002395
000000225fffffd87000001c237ffffb68300000fcc3fffffdbe400000502fffff6128
ffffead97ffffdf9f3ffffef79800004876fffff61e800000fa6fffffbff37ffffe323
fffff1587ffffef7abffffdf24fffffdc63ffffec426000003f13ffffd8b07ffff9230
fffff8aebfffffd15c00001b6a000008777fffffb3a5ffffee0c7ffffcb3f800003078
000000d37ffffeebf000002a5f0000041b2fffffb695ffffe73dc0000435b000000b23
00000b115fffffd600000016df7fffff2af000001eae000001a3bffffff357fffff423
ffffeb454000006820000013de7ffffb05cfffffe0c400000f823ffffe3d48000010e4
000001b47ffffe5497fffffe157ffffe52f0000108860000017e3ffffee900000005a0
00000b008000026fac000018a4fffff90a8fffffcabc000007168000009db8000030c7
fffffe13dffffd98b3fffff1668000020b300000225fffffef27bffffa2b6800009530
fffffccc3fffff3f43ffffefd1fffffd2a2fffffb383fffff2ed3ffffb76b800002a7e
fffff52effffffbacfffffdccdfffffe85cffffee4d2000002e77ffffedc78000089a2
ffffe7e0c000018893ffffcc5bfffffffb400000d95fffffdbc77ffffdc22fffffae5b
fffffccf200000ab600000293e800000e9e000005b55ffffeab1400001c56fffffbb27
fffffa403ffffef513fffffd2c7ffffce03000012d53fffff3e07ffffda737ffffd8e6
ffffeeda8000008dabffffe326fffffe6e5fffffd98c000036c5fffffe784800002970
fffff72a200000fde7ffffc7927ffffe0f8ffffe7a53ffffec4c7ffffdfe77ffffe437
000005fc7ffffff507ffffdf7e800003b6bfffff511000000b30ffffff9f4800005e45
0000041fc0000072cbffffe80cfffffbff600000b96fffffe7597ffffe2590000047b5
fffff9d7c0000032c3fffffb538000026c50000016cffffffd1bbffffd2cd800006b47
000002eb000000f4e3ffffec3b7ffffc91dfffffbc7400000c1440000038b80000966f
0000073200000080abffffde5efffffc312fffff72d6000005780000006b4ffffffd4c
fffffbe3ffffffc3ffffffdea1fffff9726fffff9c09ffffd5a240000054f800001ecf
00000f827ffffe76a400002d6380000181e00000a0ae00000334bffffe24a80000aab2
0000020160000093ebfffff9d580000557000000931dfffff69c800003da2000000b6c
00000152bffffd2a63ffffd8e800000099ffffffe2d1fffffb5f8000046277fffffc40
fffffd82e00001c3f400002d54fffff75a0000003ab5fffff4b43fffff930ffffffe88
00000cf1c000022ddbffffbc5a7fffffca6fffffb059fffffbf5bffffd619fffffb838
fffff6eb200000751fffffb1bb7ffff92be00000c350000016283ffffda14ffffff346
fffffff0400002623800000ac900000344ffffff6c57fffffe8d7fffffb18000007be1
0000072f0000006880000000d47ffff4af6000007c13fffff7e8c00001c8d800007fcb
000009f6bffffe3c47fffff4bd000002539ffffefd23ffffffeebfffff1f8800008603
00000a10e00001a56400000c35fffffd9c5fffff6f13ffffe94f7ffffef647ffffede8
fffff8263ffffec4e400001bbffffff961e00000326bfffffdfe000001fd8fffff8e56
000000e04000007f0bffffc2767fffffc5f0000044ce000002147ffffc5497ffffb83a
000000395ffffe78ec000002c4fffffb9fcfffff91b5ffffdc44000000d6ffffffb83d
ffffe3fa80000005dc0000272f7fffff823fffff80fdffffedce7ffffed7f80000478e
fffffb9da00001972c00003b35800000d48fffffef2600001e57ffffff664fffff6373
fffff5394000003fc8000025197ffffb441000005a0000000ac4c00001f0e7ffff88aa
fffffee5200000d593fffff10f000005da5fffff73fe00000524fffffed44800005cc6
000017fcffffff606fffffe5927ffffc0a50000051fbffffed39400001ccdfffffb8b7
000000f67fffff3838000040268000037d8ffffff0300000080fc00000edd000002b6c
00000c48bfffff6b0bfffff8b7000005985ffffffe59fffffeadc000007c07ffff5e80
fffff4f9fffffdce23ffffeb7cfffff6416fffffdce000000ac8bffffbf0c7ffff6165
fffff54d6000013b7000002bc8ffffff3b800000573fffffed02000001b010000076d6
00000ab9bffffe356400003a937ffffc30000000734c00000e2dc00003ba280000160b
fffff986c00000010400001574000002e59fffff717c000009fafffffda6f000001f09
fffff4ab5ffffea4440000138b800000c02fffff46dbfffff626bffffb665ffffff565
fffff84f0000005aec000015fb000000c32fffffb39a0000315e000003a60000001217
000007bd7ffffeaec8000030a1000000b5ffffffe3a3fffffd7d0000006d2ffffff38a
fffff11edffffef11c0000256480000360c000007b2c00000ef5ffffff49e8000096f2
000005fcc000008da7ffffbfdffffffe362fffff4999fffff5b240000032c0000074d3
fffff37b1fffffbb1fffffb1fefffff51f9000006ce1fffffd16000000b91fffffc96a
000001cc5ffffeda97ffffe4c5fffffbb5f00000243600000e48000001630800000774
